concept	layer	label	k	n	K	N	fold	p	fdr	log10_p	log10_fdr	tested	status	representative	group	display	merged	genes	symbols
w:response	word	response	20	39	5289	21633	2.0975318876623468	0.0002682597542941201	1.0	-3.57144447752942	0.0	True	trend	True	response	response		AT1G20510, AT1G53885, AT1G64060, AT1G66350, AT1G70700, AT1G77120, AT1G78170, AT2G18670, AT2G21220, AT2G26530, AT2G31180, AT2G34140, AT3G02170, AT4G25620, AT5G17640, AT5G59010, AT5G59820, AT5G62090, AT5G64120, AT5G65970	OPCL1, FLZ17, RBOHF, RGL1, TIFY7, ADH1, CLG4, ATL56, SAUR12, AR781, MYB14, CDF4, LNG2, BIL9, ASG1, BSK5, RHL41, SLK2, PER71, MLO10
p:respiratory burst	phrase	respiratory burst	2	39	15	21633	73.95897435897436	0.00032763209153568947	1.0	-3.4846135657203163	0.0	True	trend	True	respiratory burst	respiratory burst	burst	AT1G64060, AT5G64120	RBOHF, PER71
w:repressor	word	repressor	5	39	353	21633	7.8568315537154065	0.0004104304725419925	1.0	-3.3867604023661686	0.0	True	trend	True	repressor	repressor		AT1G66350, AT1G70700, AT1G78170, AT2G34140, AT5G59820	RGL1, TIFY7, CLG4, CDF4, RHL41
w:linoleate	word	linoleate	2	39	18	21633	61.63247863247863	0.00047577788038140947	1.0	-3.3225957528233443	0.0	True	trend	True	linoleate	linoleate		AT1G53885, AT2G47240	FLZ17, LACS1
p:zinc finger	phrase	zinc finger	6	39	657	21633	5.065683175272216	0.0010648225296579553	1.0	-2.9727227685752506	0.0	True	trend	True	zinc finger	zinc finger	finger, zinc	AT1G53885, AT1G78170, AT2G18670, AT2G34140, AT3G19360, AT5G59820	FLZ17, CLG4, ATL56, CDF4, AtC3H39, RHL41
w:cold	word	cold	8	39	1196	21633	3.710316439413429	0.0011300411729637443	1.0	-2.9469057327420636	0.0	True	trend	True	cold	cold	hypoxia	AT1G77120, AT2G18670, AT2G26530, AT2G31180, AT3G02170, AT5G17640, AT5G59010, AT5G59820	ADH1, ATL56, AR781, MYB14, LNG2, ASG1, BSK5, RHL41
w:canonical	word	canonical	2	39	31	21633	35.78660049627791	0.0014247522227603872	1.0	-2.8462606568094273	0.0	True	trend	True	canonical	canonical		AT1G78170, AT2G43290	CLG4, MSS3
w:oxidant	word	oxidant	3	39	129	21633	12.899821109123437	0.0016183310237435102	1.0	-2.7909326402755346	0.0	True	trend	True	oxidant	oxidant	hydrogen peroxide, peroxide	AT1G64060, AT1G77120, AT5G64120	RBOHF, ADH1, PER71
w:finger	word	finger	6	39	730	21633	4.559114857744995	0.0018241200973404784	1.0	-2.7389465717667947	0.0	True	trend	False	zinc finger	finger		AT1G53885, AT1G78170, AT2G18670, AT2G34140, AT3G19360, AT5G59820	FLZ17, CLG4, ATL56, CDF4, AtC3H39, RHL41
w:cbf	word	cbf	2	39	37	21633	29.983367983367984	0.0020267382750365293	1.0	-2.6932023307575417	0.0	True	trend	True	cbf	cbf		AT2G31180, AT5G59820	MYB14, RHL41
w:removal	word	removal	3	39	140	21633	11.886263736263738	0.0020443581401919236	1.0	-2.6894430201398976	0.0	True	trend	True	removal	removal		AT1G53530, AT5G56870, AT5G64120	IMP1A, BGAL4, PER71
w:regulate	word	regulate	9	39	1654	21633	3.018277369547019	0.0022647966841267816	1.0	-2.644970779490046	0.0	True	trend	True	regulate	regulate		AT1G66350, AT1G70700, AT1G78170, AT2G21220, AT2G31180, AT2G34140, AT3G02170, AT4G25620, AT5G59820	RGL1, TIFY7, CLG4, SAUR12, MYB14, CDF4, LNG2, BIL9, RHL41
w:stress	word	stress	12	39	2734	21633	2.434640706769456	0.002354362794606424	1.0	-2.6281266138989303	0.0	True	trend	True	stress	stress	salt stress, osmotic stress	AT1G64060, AT1G66350, AT1G77120, AT2G18670, AT2G26530, AT3G02170, AT4G25620, AT5G17640, AT5G59010, AT5G59820, AT5G62090, AT5G64120	RBOHF, RGL1, ADH1, ATL56, AR781, LNG2, BIL9, ASG1, BSK5, RHL41, SLK2, PER71
k:Flowering	keyword	Flowering	3	39	151	21633	11.020376974019358	0.0025343348745091084	1.0	-2.596136000130345	0.0	True	trend	True	Flowering	Flowering		AT1G66350, AT2G34140, AT5G62090	RGL1, CDF4, SLK2
w:salt	word	salt	8	39	1374	21633	3.2296495353263914	0.0027228954748566864	1.0	-2.5649690298184065	0.0	True	trend	True	salt	salt	osmotic	AT1G53885, AT1G77120, AT2G18670, AT2G26530, AT3G02170, AT5G17640, AT5G59010, AT5G62090	FLZ17, ADH1, ATL56, AR781, LNG2, ASG1, BSK5, SLK2
k:Jasmonic acid signaling pathway	keyword	Jasmonic acid signaling pathway	2	39	44	21633	25.213286713286713	0.0028560136601755125	1.0	-2.5442397196813467	0.0	True	trend	True	Jasmonic acid signaling pathway	Jasmonic acid signaling pathway		AT1G20510, AT1G70700	OPCL1, TIFY7
w:overlapping	word	overlapping	2	39	48	21633	23.112179487179485	0.003390045772111553	1.0	-2.469794437949935	0.0	True	trend	True	overlapping	overlapping		AT1G66350, AT5G65970	RGL1, MLO10
w:atrbohd	word	atrbohd	1	39	2	21633	277.3461538461538	0.003602435648528425	1.0	-2.44340376838729	0.0	False		False		atrbohd		AT1G64060	RBOHF
w:atrbohf	word	atrbohf	1	39	2	21633	277.3461538461538	0.003602435648528425	1.0	-2.44340376838729	0.0	False		False		atrbohf		AT1G64060	RBOHF
w:butanol	word	butanol	1	39	2	21633	277.3461538461538	0.003602435648528425	1.0	-2.44340376838729	0.0	False		False		butanol		AT1G77120	ADH1
w:cml	word	cml	1	39	2	21633	277.3461538461538	0.003602435648528425	1.0	-2.44340376838729	0.0	False		False		cml		AT2G43290	MSS3
w:collection	word	collection	1	39	2	21633	277.3461538461538	0.003602435648528425	1.0	-2.44340376838729	0.0	False		False		collection		AT5G59820	RHL41
w:cyclopentane	word	cyclopentane	1	39	2	21633	277.3461538461538	0.003602435648528425	1.0	-2.44340376838729	0.0	False		False		cyclopentane		AT1G20510	OPCL1
w:diminution	word	diminution	1	39	2	21633	277.3461538461538	0.003602435648528425	1.0	-2.44340376838729	0.0	False		False		diminution		AT1G64060	RBOHF
w:electrophilic	word	electrophilic	1	39	2	21633	277.3461538461538	0.003602435648528425	1.0	-2.44340376838729	0.0	False		False		electrophilic		AT5G16440	IPP1
w:eth	word	eth	1	39	2	21633	277.3461538461538	0.003602435648528425	1.0	-2.44340376838729	0.0	False		False		eth		AT5G01180	PTR5
w:etoh	word	etoh	1	39	2	21633	277.3461538461538	0.003602435648528425	1.0	-2.44340376838729	0.0	False		False		etoh		AT1G77120	ADH1
w:glycol	word	glycol	1	39	2	21633	277.3461538461538	0.003602435648528425	1.0	-2.44340376838729	0.0	False		False		glycol		AT1G77120	ADH1
w:gsno	word	gsno	1	39	2	21633	277.3461538461538	0.003602435648528425	1.0	-2.44340376838729	0.0	False		False		gsno		AT1G77120	ADH1
w:homoallylic	word	homoallylic	1	39	2	21633	277.3461538461538	0.003602435648528425	1.0	-2.44340376838729	0.0	False		False		homoallylic		AT5G16440	IPP1
w:mpks	word	mpks	1	39	2	21633	277.3461538461538	0.003602435648528425	1.0	-2.44340376838729	0.0	False		False		mpks		AT2G26530	AR781
w:nitrosoglutathione	word	nitrosoglutathione	1	39	2	21633	277.3461538461538	0.003602435648528425	1.0	-2.44340376838729	0.0	False		False		nitrosoglutathione		AT1G77120	ADH1
w:nitrosothiol	word	nitrosothiol	1	39	2	21633	277.3461538461538	0.003602435648528425	1.0	-2.44340376838729	0.0	False		False		nitrosothiol		AT5G59820	RHL41
w:octanol	word	octanol	1	39	2	21633	277.3461538461538	0.003602435648528425	1.0	-2.44340376838729	0.0	False		False		octanol		AT1G77120	ADH1
w:pentenyl	word	pentenyl	1	39	2	21633	277.3461538461538	0.003602435648528425	1.0	-2.44340376838729	0.0	False		False		pentenyl		AT1G20510	OPCL1
w:propyl	word	propyl	1	39	2	21633	277.3461538461538	0.003602435648528425	1.0	-2.44340376838729	0.0	False		False		propyl		AT1G77120	ADH1
w:pro‑ala	word	pro-ala	1	39	2	21633	277.3461538461538	0.003602435648528425	1.0	-2.44340376838729	0.0	False		False		pro-ala		AT5G01180	PTR5
w:visualization	word	visualization	1	39	2	21633	277.3461538461538	0.003602435648528425	1.0	-2.44340376838729	0.0	False		False		visualization		AT1G64060	RBOHF
w:weakened	word	weakened	1	39	2	21633	277.3461538461538	0.003602435648528425	1.0	-2.44340376838729	0.0	False		False		weakened		AT1G64060	RBOHF
w:undergoe	word	undergoe	2	39	50	21633	22.18769230769231	0.003673216604590908	1.0	-2.4349534611442416	0.0	True	trend	True	undergoe	undergoe		AT1G20510, AT1G77120	OPCL1, ADH1
w:superoxide	word	superoxide	2	39	51	21633	21.752639517345397	0.003818807009249655	1.0	-2.4180722889782844	0.0	True	trend	True	superoxide	superoxide		AT1G64060, AT1G66350	RBOHF, RGL1
w:toxic	word	toxic	3	39	178	21633	9.348746758859118	0.004027035188384611	1.0	-2.3950145754945065	0.0	True	trend	True	toxic	toxic		AT1G77120, AT5G01180, AT5G64120	ADH1, PTR5, PER71
w:burst	word	burst	2	39	54	21633	20.544159544159545	0.004271483346595322	1.0	-2.369421282499159	0.0	True	trend	False	respiratory burst	burst		AT1G64060, AT5G64120	RBOHF, PER71
w:ros	word	ros	3	39	193	21633	8.622160223196493	0.005045545609653834	1.0	-2.297091863629317	0.0	True	trend	True	ros	ros		AT1G64060, AT1G66350, AT2G26530	RBOHF, RGL1, AR781
w:brassinosteroid	word	brassinosteroid	3	39	197	21633	8.447090980085905	0.005341017911303799	1.0	-2.272375965605594	0.0	True	trend	True	brassinosteroid	brassinosteroid		AT2G21220, AT4G25620, AT5G59010	SAUR12, BIL9, BSK5
p:inter‑membrane space	phrase	inter-membrane space	1	39	3	21633	184.89743589743588	0.005398908535112834	1.0	-2.267694030008339	0.0	False		False		inter-membrane space		AT1G53530	IMP1A
p:oxidant tert	phrase	oxidant tert	1	39	3	21633	184.89743589743588	0.005398908535112834	1.0	-2.267694030008339	0.0	False		False		oxidant tert		AT1G77120	ADH1
p:tert butylhydroperoxide	phrase	tert butylhydroperoxide	1	39	3	21633	184.89743589743588	0.005398908535112834	1.0	-2.267694030008339	0.0	False		False		tert butylhydroperoxide		AT1G77120	ADH1
p:thiolation following	phrase	thiolation following	1	39	3	21633	184.89743589743588	0.005398908535112834	1.0	-2.267694030008339	0.0	False		False		thiolation following		AT1G77120	ADH1
w:butylhydroperoxide	word	butylhydroperoxide	1	39	3	21633	184.89743589743588	0.005398908535112834	1.0	-2.267694030008339	0.0	False		False		butylhydroperoxide		AT1G77120	ADH1
w:decanoate	word	decanoate	1	39	3	21633	184.89743589743588	0.005398908535112834	1.0	-2.267694030008339	0.0	False		False		decanoate		AT1G20510	OPCL1
w:distinguish	word	distinguish	1	39	3	21633	184.89743589743588	0.005398908535112834	1.0	-2.267694030008339	0.0	False		False		distinguish		AT2G43290	MSS3
w:eicosenoate	word	eicosenoate	1	39	3	21633	184.89743589743588	0.005398908535112834	1.0	-2.267694030008339	0.0	False		False		eicosenoate		AT2G47240	LACS1
w:hypo	word	hypo	1	39	3	21633	184.89743589743588	0.005398908535112834	1.0	-2.267694030008339	0.0	False		False		hypo		AT5G64120	PER71
w:inter‑membrane	word	inter-membrane	1	39	3	21633	184.89743589743588	0.005398908535112834	1.0	-2.267694030008339	0.0	False		False		inter-membrane		AT1G53530	IMP1A
w:octanoic	word	octanoic	1	39	3	21633	184.89743589743588	0.005398908535112834	1.0	-2.267694030008339	0.0	False		False		octanoic		AT1G20510	OPCL1
w:osmolarity	word	osmolarity	1	39	3	21633	184.89743589743588	0.005398908535112834	1.0	-2.267694030008339	0.0	False		False		osmolarity		AT5G64120	PER71
w:pheromone	word	pheromone	1	39	3	21633	184.89743589743588	0.005398908535112834	1.0	-2.267694030008339	0.0	False		False		pheromone		AT2G26530	AR781
w:drive	word	drive	2	39	61	21633	18.186633039092055	0.005419290077112453	1.0	-2.2660576019830727	0.0	True	trend	True	drive	drive		AT1G66350, AT2G21220	RGL1, SAUR12
w:oxidative	word	oxidative	7	39	1213	21633	3.2010273321072993	0.00543560831173631	1.0	-2.264751845938875	0.0	True	trend	True	oxidative	oxidative		AT1G20510, AT2G18670, AT2G26530, AT3G02170, AT5G17640, AT5G59820, AT5G64120	OPCL1, ATL56, AR781, LNG2, ASG1, RHL41, PER71
p:salt stress	phrase	salt stress	7	39	1217	21633	3.1905062891094116	0.005533335150380716	1.0	-2.2570130240651154	0.0	True	trend	False	stress	salt stress		AT1G77120, AT2G18670, AT2G26530, AT3G02170, AT5G17640, AT5G59010, AT5G62090	ADH1, ATL56, AR781, LNG2, ASG1, BSK5, SLK2
w:hypoxia	word	hypoxia	6	39	924	21633	3.601898101898102	0.005834043169292329	1.0	-2.2340303616187973	0.0	True	trend	False	cold	hypoxia		AT1G77120, AT2G18670, AT2G26530, AT3G02170, AT5G17640, AT5G59820	ADH1, ATL56, AR781, LNG2, ASG1, RHL41
w:ethylene	word	ethylene	4	39	407	21633	5.451521451521452	0.006037824589414473	1.0	-2.219119508231758	0.0	True	trend	True	ethylene	ethylene		AT1G64060, AT1G66350, AT1G77120, AT1G78170	RBOHF, RGL1, ADH1, CLG4
w:cuticle	word	cuticle	2	39	65	21633	17.067455621301775	0.0061317677619187674	1.0	-2.212414302223917	0.0	True	trend	True	cuticle	cuticle		AT1G78170, AT2G47240	CLG4, LACS1
p:abiotic stress	phrase	abiotic stress	3	39	211	21633	7.886620488516224	0.0064564969895994865	1.0	-2.190003047131516	0.0	True	trend	True	abiotic stress	abiotic stress	abiotic	AT5G17640, AT5G59010, AT5G62090	ASG1, BSK5, SLK2
p:hydrogen peroxide	phrase	hydrogen peroxide	3	39	211	21633	7.886620488516224	0.0064564969895994865	1.0	-2.190003047131516	0.0	True	trend	False	oxidant	hydrogen peroxide		AT1G64060, AT1G77120, AT5G64120	RBOHF, ADH1, PER71
w:zinc	word	zinc	7	39	1254	21633	3.096368543736965	0.0065017420650493015	1.0	-2.1869702636845174	0.0	True	trend	False	zinc finger	zinc		AT1G53885, AT1G77120, AT1G78170, AT2G18670, AT2G34140, AT3G19360, AT5G59820	FLZ17, ADH1, CLG4, ATL56, CDF4, AtC3H39, RHL41
w:peroxide	word	peroxide	3	39	216	21633	7.70405982905983	0.006886066531878789	1.0	-2.1620287855395297	0.0	True	trend	False	oxidant	peroxide		AT1G64060, AT1G77120, AT5G64120	RBOHF, ADH1, PER71
w:amphiphilic	word	amphiphilic	1	39	4	21633	138.6730769230769	0.007192225343579347	1.0	-2.1431367139416952	0.0	False		False		amphiphilic		AT1G78170	CLG4
w:butyl	word	butyl	1	39	4	21633	138.6730769230769	0.007192225343579347	1.0	-2.1431367139416952	0.0	False		False		butyl		AT1G77120	ADH1
w:dab	word	dab	1	39	4	21633	138.6730769230769	0.007192225343579347	1.0	-2.1431367139416952	0.0	False		False		dab		AT1G64060	RBOHF
w:geraniol	word	geraniol	1	39	4	21633	138.6730769230769	0.007192225343579347	1.0	-2.1431367139416952	0.0	False		False		geraniol		AT1G77120	ADH1
w:longifolia	word	longifolia	1	39	4	21633	138.6730769230769	0.007192225343579347	1.0	-2.1431367139416952	0.0	False		False		longifolia		AT3G02170	LNG2
w:minute	word	minute	1	39	4	21633	138.6730769230769	0.007192225343579347	1.0	-2.1431367139416952	0.0	False		False		minute		AT2G26530	AR781
w:reproducible	word	reproducible	1	39	4	21633	138.6730769230769	0.007192225343579347	1.0	-2.1431367139416952	0.0	False		False		reproducible		AT5G59820	RHL41
w:roi	word	roi	1	39	4	21633	138.6730769230769	0.007192225343579347	1.0	-2.1431367139416952	0.0	False		False		roi		AT1G64060	RBOHF
p:osmotic stress	phrase	osmotic stress	6	39	974	21633	3.4169957352708895	0.007499292852283825	1.0	-2.124979686585646	0.0	True	trend	False	stress	osmotic stress		AT1G77120, AT2G18670, AT2G26530, AT3G02170, AT5G17640, AT5G62090	ADH1, ATL56, AR781, LNG2, ASG1, SLK2
w:reductant	word	reductant	2	39	73	21633	15.197049525816649	0.007677370242253212	1.0	-2.114787514976021	0.0	True	trend	True	reductant	reductant		AT1G77120, AT5G64120	ADH1, PER71
w:osmotic	word	osmotic	6	39	997	21633	3.338168351207469	0.008371815173016045	1.0	-2.0771803682723498	0.0	True	trend	False	salt	osmotic		AT1G77120, AT2G18670, AT2G26530, AT3G02170, AT5G17640, AT5G62090	ADH1, ATL56, AR781, LNG2, ASG1, SLK2
w:ovule	word	ovule	3	39	232	21633	7.172745358090187	0.008373560880853457	1.0	-2.0770898177488966	0.0	True	trend	True	ovule	ovule		AT1G66350, AT5G01180, AT5G62090	RGL1, PTR5, SLK2
w:abiotic	word	abiotic	3	39	234	21633	7.111439842209073	0.008571756427394647	1.0	-2.066930178243995	0.0	True	trend	False	abiotic stress	abiotic		AT5G17640, AT5G59010, AT5G62090	ASG1, BSK5, SLK2
p:calcium elevation	phrase	calcium elevation	1	39	5	21633	110.93846153846154	0.008982391472924225	1.0	-2.0466080213256372	0.0	False		False		calcium elevation		AT1G64060	RBOHF
p:cuticle permeability	phrase	cuticle permeability	1	39	5	21633	110.93846153846154	0.008982391472924225	1.0	-2.0466080213256372	0.0	False		False		cuticle permeability		AT2G47240	LACS1
p:cyclic dof	phrase	cyclic dof	1	39	5	21633	110.93846153846154	0.008982391472924225	1.0	-2.0466080213256372	0.0	False		False		cyclic dof		AT2G34140	CDF4
p:dihydrouridine synthase	phrase	dihydrouridine synthase	1	39	5	21633	110.93846153846154	0.008982391472924225	1.0	-2.0466080213256372	0.0	False		False		dihydrouridine synthase		AT3G49640	AT3G49640
p:endosperm facing	phrase	endosperm facing	1	39	5	21633	110.93846153846154	0.008982391472924225	1.0	-2.0466080213256372	0.0	False		False		endosperm facing		AT5G64120	PER71
p:isopentenyl pyrophosphate	phrase	isopentenyl pyrophosphate	1	39	5	21633	110.93846153846154	0.008982391472924225	1.0	-2.0466080213256372	0.0	False		False		isopentenyl pyrophosphate		AT5G16440	IPP1
p:trna dihydrouridine	phrase	trna dihydrouridine	1	39	5	21633	110.93846153846154	0.008982391472924225	1.0	-2.0466080213256372	0.0	False		False		trna dihydrouridine		AT3G49640	AT3G49640
w:dihydrouridine	word	dihydrouridine	1	39	5	21633	110.93846153846154	0.008982391472924225	1.0	-2.0466080213256372	0.0	False		False		dihydrouridine		AT3G49640	AT3G49640
w:dus	word	dus	1	39	5	21633	110.93846153846154	0.008982391472924225	1.0	-2.0466080213256372	0.0	False		False		dus		AT3G49640	AT3G49640
w:ethionine	word	ethionine	1	39	5	21633	110.93846153846154	0.008982391472924225	1.0	-2.0466080213256372	0.0	False		False		ethionine		AT5G01180	PTR5
w:fucoside	word	fucoside	1	39	5	21633	110.93846153846154	0.008982391472924225	1.0	-2.0466080213256372	0.0	False		False		fucoside		AT5G56870	BGAL4
w:parasite	word	parasite	1	39	5	21633	110.93846153846154	0.008982391472924225	1.0	-2.0466080213256372	0.0	False		False		parasite		AT1G64060	RBOHF
w:rbohf	word	rbohf	1	39	5	21633	110.93846153846154	0.008982391472924225	1.0	-2.0466080213256372	0.0	False		False		rbohf		AT1G64060	RBOHF
w:seu	word	seu	1	39	5	21633	110.93846153846154	0.008982391472924225	1.0	-2.0466080213256372	0.0	False		False		seu		AT5G62090	SLK2
w:sustaining	word	sustaining	1	39	5	21633	110.93846153846154	0.008982391472924225	1.0	-2.0466080213256372	0.0	False		False		sustaining		AT5G62090	SLK2
w:significant	word	significant	3	39	243	21633	6.848053181386516	0.00949783809315835	1.0	-2.022375237980704	0.0	True	trend	True	significant	significant		AT1G64060, AT1G66350, AT5G64120	RBOHF, RGL1, PER71
p:broad substrate	phrase	broad substrate	2	39	84	21633	13.206959706959706	0.010057947147607915	1.0	-1.9974906508350505	0.0	True		False		broad substrate		AT1G54020, AT1G77120	AtGELP24, ADH1
p:constitutive short‑root	phrase	constitutive short-root	1	39	6	21633	92.44871794871794	0.01076941231315706	1.0	-1.9678079955058045	0.0	False		False		constitutive short-root		AT1G70700	TIFY7
p:cpxc zinc	phrase	cpxc zinc	1	39	6	21633	92.44871794871794	0.01076941231315706	1.0	-1.9678079955058045	0.0	False		False		cpxc zinc		AT1G78170	CLG4
p:cycling dof	phrase	cycling dof	1	39	6	21633	92.44871794871794	0.01076941231315706	1.0	-1.9678079955058045	0.0	False		False		cycling dof		AT2G34140	CDF4
p:multicopy suppressor	phrase	multicopy suppressor	1	39	6	21633	92.44871794871794	0.01076941231315706	1.0	-1.9678079955058045	0.0	False		False		multicopy suppressor		AT2G43290	MSS3
p:oxo phytodienoic	phrase	oxo phytodienoic	1	39	6	21633	92.44871794871794	0.01076941231315706	1.0	-1.9678079955058045	0.0	False		False		oxo phytodienoic		AT1G20510	OPCL1
p:total peroxidase	phrase	total peroxidase	1	39	6	21633	92.44871794871794	0.01076941231315706	1.0	-1.9678079955058045	0.0	False		False		total peroxidase		AT5G64120	PER71
w:cpxc	word	cpxc	1	39	6	21633	92.44871794871794	0.01076941231315706	1.0	-1.9678079955058045	0.0	False		False		cpxc		AT1G78170	CLG4
w:cytokine	word	cytokine	1	39	6	21633	92.44871794871794	0.01076941231315706	1.0	-1.9678079955058045	0.0	False		False		cytokine		AT1G53885	FLZ17
w:estradiol	word	estradiol	1	39	6	21633	92.44871794871794	0.01076941231315706	1.0	-1.9678079955058045	0.0	False		False		estradiol		AT1G77120	ADH1
w:ethanol	word	ethanol	1	39	6	21633	92.44871794871794	0.01076941231315706	1.0	-1.9678079955058045	0.0	False		False		ethanol		AT1G77120	ADH1
w:exceed	word	exceed	1	39	6	21633	92.44871794871794	0.01076941231315706	1.0	-1.9678079955058045	0.0	False		False		exceed		AT5G01180	PTR5
w:fermentation	word	fermentation	1	39	6	21633	92.44871794871794	0.01076941231315706	1.0	-1.9678079955058045	0.0	False		False		fermentation		AT1G77120	ADH1
w:freeze	word	freeze	1	39	6	21633	92.44871794871794	0.01076941231315706	1.0	-1.9678079955058045	0.0	False		False		freeze		AT5G59820	RHL41
w:opc	word	opc	1	39	6	21633	92.44871794871794	0.01076941231315706	1.0	-1.9678079955058045	0.0	False		False		opc		AT1G20510	OPCL1
w:seuss	word	seuss	1	39	6	21633	92.44871794871794	0.01076941231315706	1.0	-1.9678079955058045	0.0	False		False		seuss		AT5G62090	SLK2
w:yoda	word	yoda	1	39	6	21633	92.44871794871794	0.01076941231315706	1.0	-1.9678079955058045	0.0	False		False		yoda		AT4G25620	BIL9
p:abscisic acid	phrase	abscisic acid	5	39	762	21633	3.639713305067635	0.011435367357123716	1.0	-1.941749879276814	0.0	True		False		abscisic acid		AT1G53885, AT1G64060, AT1G77120, AT5G17640, AT5G59010	FLZ17, RBOHF, ADH1, ASG1, BSK5
w:abscisic	word	abscisic	5	39	762	21633	3.639713305067635	0.011435367357123716	1.0	-1.941749879276814	0.0	True		False		abscisic		AT1G53885, AT1G64060, AT1G77120, AT5G17640, AT5G59010	FLZ17, RBOHF, ADH1, ASG1, BSK5
w:calmodulin	word	calmodulin	3	39	261	21633	6.375773651635721	0.011520173809351643	1.0	-1.9385409684932853	0.0	True		False		calmodulin		AT2G43290, AT4G31000, AT5G65970	MSS3, CBP60F, MLO10
w:stem	word	stem	4	39	494	21633	4.491435689816256	0.011750464190880966	1.0	-1.9299449766640593	0.0	True		False		stem		AT1G66350, AT2G34140, AT2G47240, AT3G02170	RGL1, CDF4, LACS1, LNG2
p:brz insensitive	phrase	brz insensitive	1	39	7	21633	79.24175824175823	0.012553293245315334	1.0	-1.901242325924264	0.0	False		False		brz insensitive		AT4G25620	BIL9
p:electrolyte leakage	phrase	electrolyte leakage	1	39	7	21633	79.24175824175823	0.012553293245315334	1.0	-1.901242325924264	0.0	False		False		electrolyte leakage		AT1G64060	RBOHF
p:gfp tagged	phrase	gfp tagged	1	39	7	21633	79.24175824175823	0.012553293245315334	1.0	-1.901242325924264	0.0	False		False		gfp tagged		AT5G01180	PTR5
p:jasmonoyl isoleucine	phrase	jasmonoyl isoleucine	1	39	7	21633	79.24175824175823	0.012553293245315334	1.0	-1.901242325924264	0.0	False		False		jasmonoyl isoleucine		AT1G70700	TIFY7
p:longitudinal direction	phrase	longitudinal direction	1	39	7	21633	79.24175824175823	0.012553293245315334	1.0	-1.901242325924264	0.0	False		False		longitudinal direction		AT3G02170	LNG2
w:adh	word	adh	1	39	7	21633	79.24175824175823	0.012553293245315334	1.0	-1.901242325924264	0.0	False		False		adh		AT1G77120	ADH1
w:alanyl	word	alanyl	1	39	7	21633	79.24175824175823	0.012553293245315334	1.0	-1.901242325924264	0.0	False		False		alanyl		AT5G01180	PTR5
w:allyl	word	allyl	1	39	7	21633	79.24175824175823	0.012553293245315334	1.0	-1.901242325924264	0.0	False		False		allyl		AT1G77120	ADH1
w:allylic	word	allylic	1	39	7	21633	79.24175824175823	0.012553293245315334	1.0	-1.901242325924264	0.0	False		False		allylic		AT5G16440	IPP1
w:caffeine	word	caffeine	1	39	7	21633	79.24175824175823	0.012553293245315334	1.0	-1.901242325924264	0.0	False		False		caffeine		AT1G77120	ADH1
w:easily	word	easily	1	39	7	21633	79.24175824175823	0.012553293245315334	1.0	-1.901242325924264	0.0	False		False		easily		AT1G64060	RBOHF
w:jas	word	jas	1	39	7	21633	79.24175824175823	0.012553293245315334	1.0	-1.901242325924264	0.0	False		False		jas		AT1G70700	TIFY7
w:multicopy	word	multicopy	1	39	7	21633	79.24175824175823	0.012553293245315334	1.0	-1.901242325924264	0.0	False		False		multicopy		AT2G43290	MSS3
w:osmosensory	word	osmosensory	1	39	7	21633	79.24175824175823	0.012553293245315334	1.0	-1.901242325924264	0.0	False		False		osmosensory		AT1G64060	RBOHF
w:phabulosa	word	phabulosa	1	39	7	21633	79.24175824175823	0.012553293245315334	1.0	-1.901242325924264	0.0	False		False		phabulosa		AT5G62090	SLK2
w:phytodienoic	word	phytodienoic	1	39	7	21633	79.24175824175823	0.012553293245315334	1.0	-1.901242325924264	0.0	False		False		phytodienoic		AT1G20510	OPCL1
w:restrain	word	restrain	1	39	7	21633	79.24175824175823	0.012553293245315334	1.0	-1.901242325924264	0.0	False		False		restrain		AT1G66350	RGL1
w:sno	word	sno	1	39	7	21633	79.24175824175823	0.012553293245315334	1.0	-1.901242325924264	0.0	False		False		sno		AT5G59820	RHL41
w:thiolation	word	thiolation	1	39	7	21633	79.24175824175823	0.012553293245315334	1.0	-1.901242325924264	0.0	False		False		thiolation		AT1G77120	ADH1
w:activation	word	activation	4	39	509	21633	4.359075109566268	0.012996487323418038	1.0	-1.8861740124776099	0.0	True		False		activation		AT1G64060, AT1G66350, AT2G26530, AT2G47240	RBOHF, RGL1, AR781, LACS1
p:oxidative stress	phrase	oxidative stress	6	39	1100	21633	3.025594405594406	0.01320153161242895	1.0	-1.8793756799881658	0.0	True		False		oxidative stress		AT2G18670, AT2G26530, AT3G02170, AT5G17640, AT5G59820, AT5G64120	ATL56, AR781, LNG2, ASG1, RHL41, PER71
w:hydrogen	word	hydrogen	3	39	279	21633	5.964433416046319	0.013773468876184101	1.0	-1.8609566680175897	0.0	True		False		hydrogen		AT1G64060, AT1G77120, AT5G64120	RBOHF, ADH1, PER71
w:germination	word	germination	5	39	806	21633	3.4410192784882607	0.014305241583716285	1.0	-1.8445048035288356	0.0	True		False		germination		AT1G64060, AT1G66350, AT1G70700, AT5G01180, AT5G64120	RBOHF, RGL1, TIFY7, PTR5, PER71
p:completely abolished	phrase	completely abolished	1	39	8	21633	69.33653846153845	0.014334039641478875	1.0	-1.8436313988024542	0.0	False		False		completely abolished		AT1G64060	RBOHF
p:meristematic region	phrase	meristematic region	1	39	8	21633	69.33653846153845	0.014334039641478875	1.0	-1.8436313988024542	0.0	False		False		meristematic region		AT5G62090	SLK2
p:rapidly degraded	phrase	rapidly degraded	1	39	8	21633	69.33653846153845	0.014334039641478875	1.0	-1.8436313988024542	0.0	False		False		rapidly degraded		AT1G66350	RGL1
w:boi	word	boi	1	39	8	21633	69.33653846153845	0.014334039641478875	1.0	-1.8436313988024542	0.0	False		False		boi		AT1G66350	RGL1
w:circuit	word	circuit	1	39	8	21633	69.33653846153845	0.014334039641478875	1.0	-1.8436313988024542	0.0	False		False		circuit		AT5G59820	RHL41
w:electrolyte	word	electrolyte	1	39	8	21633	69.33653846153845	0.014334039641478875	1.0	-1.8436313988024542	0.0	False		False		electrolyte		AT1G64060	RBOHF
w:gaaattttgg	word	gaaattttgg	1	39	8	21633	69.33653846153845	0.014334039641478875	1.0	-1.8436313988024542	0.0	False		False		gaaattttgg		AT4G31000	CBP60F
w:galactosyl	word	galactosyl	1	39	8	21633	69.33653846153845	0.014334039641478875	1.0	-1.8436313988024542	0.0	False		False		galactosyl		AT5G56870	BGAL4
w:methanol	word	methanol	1	39	8	21633	69.33653846153845	0.014334039641478875	1.0	-1.8436313988024542	0.0	False		False		methanol		AT1G77120	ADH1
w:pac	word	pac	1	39	8	21633	69.33653846153845	0.014334039641478875	1.0	-1.8436313988024542	0.0	False		False		pac		AT1G66350	RGL1
w:setting	word	setting	1	39	8	21633	69.33653846153845	0.014334039641478875	1.0	-1.8436313988024542	0.0	False		False		setting		AT1G64060	RBOHF
w:repress	word	repress	3	39	284	21633	5.859425785482124	0.014440923615942413	1.0	-1.8404050291708527	0.0	True		False		repress		AT1G66350, AT2G34140, AT5G59820	RGL1, CDF4, RHL41
w:expansion	word	expansion	3	39	289	21633	5.75805163694437	0.01512657506757275	1.0	-1.8202593930364228	0.0	True		False		expansion		AT1G66350, AT2G21220, AT3G02170	RGL1, SAUR12, LNG2
w:wounding	word	wounding	3	39	294	21633	5.660125588697017	0.015830485957779864	1.0	-1.8005057531387272	0.0	True		False		wounding		AT1G20510, AT5G59820, AT5G64120	OPCL1, RHL41, PER71
p:mechanistic link	phrase	mechanistic link	1	39	9	21633	61.63247863247863	0.016111656864784413	1.0	-1.792859796003314	0.0	False		False		mechanistic link		AT2G21220	SAUR12
p:micropylar endosperm	phrase	micropylar endosperm	1	39	9	21633	61.63247863247863	0.016111656864784413	1.0	-1.792859796003314	0.0	False		False		micropylar endosperm		AT5G64120	PER71
p:preferentially uses	phrase	preferentially uses	1	39	9	21633	61.63247863247863	0.016111656864784413	1.0	-1.792859796003314	0.0	False		False		preferentially uses		AT2G47240	LACS1
p:terminal autoinhibitory	phrase	terminal autoinhibitory	1	39	9	21633	61.63247863247863	0.016111656864784413	1.0	-1.792859796003314	0.0	False		False		terminal autoinhibitory		AT2G21220	SAUR12
p:uses palmitate	phrase	uses palmitate	1	39	9	21633	61.63247863247863	0.016111656864784413	1.0	-1.792859796003314	0.0	False		False		uses palmitate		AT2G47240	LACS1
w:duf	word	duf	1	39	9	21633	61.63247863247863	0.016111656864784413	1.0	-1.792859796003314	0.0	False		False		duf		AT5G50560	MFB16.5
w:mep	word	mep	1	39	9	21633	61.63247863247863	0.016111656864784413	1.0	-1.792859796003314	0.0	False		False		mep		AT5G16440	IPP1
w:palmitoleate	word	palmitoleate	1	39	9	21633	61.63247863247863	0.016111656864784413	1.0	-1.792859796003314	0.0	False		False		palmitoleate		AT2G47240	LACS1
w:presumed	word	presumed	1	39	9	21633	61.63247863247863	0.016111656864784413	1.0	-1.792859796003314	0.0	False		False		presumed		AT1G70700	TIFY7
p:generate superoxide	phrase	generate superoxide	1	39	10	21633	55.46923076923077	0.017886150269440047	1.0	-1.7474831248688387	0.0	False		False		generate superoxide		AT1G64060	RBOHF
p:non canonical	phrase	non canonical	1	39	10	21633	55.46923076923077	0.017886150269440047	1.0	-1.7474831248688387	0.0	False		False		non canonical		AT1G78170	CLG4
p:poor reproductive	phrase	poor reproductive	1	39	10	21633	55.46923076923077	0.017886150269440047	1.0	-1.7474831248688387	0.0	False		False		poor reproductive		AT1G70700	TIFY7
p:reproductive performance	phrase	reproductive performance	1	39	10	21633	55.46923076923077	0.017886150269440047	1.0	-1.7474831248688387	0.0	False		False		reproductive performance		AT1G70700	TIFY7
p:robust resistance	phrase	robust resistance	1	39	10	21633	55.46923076923077	0.017886150269440047	1.0	-1.7474831248688387	0.0	False		False		robust resistance		AT1G70700	TIFY7
w:acetaldehyde	word	acetaldehyde	1	39	10	21633	55.46923076923077	0.017886150269440047	1.0	-1.7474831248688387	0.0	False		False		acetaldehyde		AT1G77120	ADH1
w:anaerobic	word	anaerobic	1	39	10	21633	55.46923076923077	0.017886150269440047	1.0	-1.7474831248688387	0.0	False		False		anaerobic		AT1G77120	ADH1
w:antagonism	word	antagonism	1	39	10	21633	55.46923076923077	0.017886150269440047	1.0	-1.7474831248688387	0.0	False		False		antagonism		AT1G70700	TIFY7
w:mechanistic	word	mechanistic	1	39	10	21633	55.46923076923077	0.017886150269440047	1.0	-1.7474831248688387	0.0	False		False		mechanistic		AT2G21220	SAUR12
w:monopolar	word	monopolar	1	39	10	21633	55.46923076923077	0.017886150269440047	1.0	-1.7474831248688387	0.0	False		False		monopolar		AT3G02170	LNG2
w:rboh	word	rboh	1	39	10	21633	55.46923076923077	0.017886150269440047	1.0	-1.7474831248688387	0.0	False		False		rboh		AT1G64060	RBOHF
w:tert	word	tert	1	39	10	21633	55.46923076923077	0.017886150269440047	1.0	-1.7474831248688387	0.0	False		False		tert		AT1G77120	ADH1
k:Peroxidase	keyword	Peroxidase	2	39	114	21633	9.73144399460189	0.01796504457372364	1.0	-1.745571700914205	0.0	True		False		Peroxidase		AT1G64060, AT5G64120	RBOHF, PER71
p:branch angle	phrase	branch angle	1	39	11	21633	50.42657342657343	0.019657525200739677	1.0	-1.706471158900404	0.0	False		False		branch angle		AT2G21220	SAUR12
p:hybrid assay	phrase	hybrid assay	1	39	11	21633	50.42657342657343	0.019657525200739677	1.0	-1.706471158900404	0.0	False		False		hybrid assay		AT1G70700	TIFY7
w:brz	word	brz	1	39	11	21633	50.42657342657343	0.019657525200739677	1.0	-1.706471158900404	0.0	False		False		brz		AT4G25620	BIL9
w:ear	word	ear	1	39	11	21633	50.42657342657343	0.019657525200739677	1.0	-1.706471158900404	0.0	False		False		ear		AT1G78170	CLG4
w:facilitation	word	facilitation	1	39	11	21633	50.42657342657343	0.019657525200739677	1.0	-1.706471158900404	0.0	False		False		facilitation		AT2G21220	SAUR12
w:facing	word	facing	1	39	11	21633	50.42657342657343	0.019657525200739677	1.0	-1.706471158900404	0.0	False		False		facing		AT5G64120	PER71
w:lipoxygenase	word	lipoxygenase	1	39	11	21633	50.42657342657343	0.019657525200739677	1.0	-1.706471158900404	0.0	False		False		lipoxygenase		AT1G53885	FLZ17
w:meristemoid	word	meristemoid	1	39	11	21633	50.42657342657343	0.019657525200739677	1.0	-1.706471158900404	0.0	False		False		meristemoid		AT4G25620	BIL9
w:rbohd	word	rbohd	1	39	11	21633	50.42657342657343	0.019657525200739677	1.0	-1.706471158900404	0.0	False		False		rbohd		AT1G64060	RBOHF
w:col	word	col	5	39	884	21633	3.137399930386356	0.020527227136242377	1.0	-1.6876697121374948	0.0	True		False		col		AT1G70700, AT2G18670, AT2G26530, AT3G02170, AT5G17640	TIFY7, ATL56, AR781, LNG2, ASG1
p:oxidant detoxification	phrase	oxidant detoxification	2	39	123	21633	9.019387116948092	0.020716087777504673	1.0	-1.6836922574723927	0.0	True		False		oxidant detoxification		AT1G64060, AT5G64120	RBOHF, PER71
k:Peptide transport	keyword	Peptide transport	1	39	12	21633	46.22435897435897	0.021425786995077436	1.0	-1.6690632169500523	0.0	False		False		Peptide transport		AT5G01180	PTR5
p:jasmonate zim	phrase	jasmonate zim	1	39	12	21633	46.22435897435897	0.021425786995077436	1.0	-1.6690632169500523	0.0	False		False		jasmonate zim		AT1G70700	TIFY7
p:morphologically normal	phrase	morphologically normal	1	39	12	21633	46.22435897435897	0.021425786995077436	1.0	-1.6690632169500523	0.0	False		False		morphologically normal		AT1G64060	RBOHF
w:cycling	word	cycling	1	39	12	21633	46.22435897435897	0.021425786995077436	1.0	-1.6690632169500523	0.0	False		False		cycling		AT2G34140	CDF4
w:elevation	word	elevation	1	39	12	21633	46.22435897435897	0.021425786995077436	1.0	-1.6690632169500523	0.0	False		False		elevation		AT1G64060	RBOHF
w:palmitate	word	palmitate	1	39	12	21633	46.22435897435897	0.021425786995077436	1.0	-1.6690632169500523	0.0	False		False		palmitate		AT2G47240	LACS1
w:peroxidase	word	peroxidase	2	39	129	21633	8.599880739415623	0.022641762495664627	1.0	-1.6450897695178335	0.0	True		False		peroxidase		AT1G64060, AT5G64120	RBOHF, PER71
p:fine tune	phrase	fine tune	1	39	13	21633	42.66863905325444	0.023190940979962126	1.0	-1.6346816293648494	0.0	False		False		fine tune		AT1G64060	RBOHF
p:para nitrophenyl	phrase	para nitrophenyl	1	39	13	21633	42.66863905325444	0.023190940979962126	1.0	-1.6346816293648494	0.0	False		False		para nitrophenyl		AT5G56870	BGAL4
w:author	word	author	1	39	13	21633	42.66863905325444	0.023190940979962126	1.0	-1.6346816293648494	0.0	False		False		author		AT5G59820	RHL41
w:autoinhibitory	word	autoinhibitory	1	39	13	21633	42.66863905325444	0.023190940979962126	1.0	-1.6346816293648494	0.0	False		False		autoinhibitory		AT2G21220	SAUR12
w:incompatible	word	incompatible	1	39	13	21633	42.66863905325444	0.023190940979962126	1.0	-1.6346816293648494	0.0	False		False		incompatible		AT1G64060	RBOHF
w:jasmonoyl	word	jasmonoyl	1	39	13	21633	42.66863905325444	0.023190940979962126	1.0	-1.6346816293648494	0.0	False		False		jasmonoyl		AT1G70700	TIFY7
w:opda	word	opda	1	39	13	21633	42.66863905325444	0.023190940979962126	1.0	-1.6346816293648494	0.0	False		False		opda		AT1G20510	OPCL1
w:rearrangement	word	rearrangement	1	39	13	21633	42.66863905325444	0.023190940979962126	1.0	-1.6346816293648494	0.0	False		False		rearrangement		AT5G16440	IPP1
w:tertiary	word	tertiary	1	39	13	21633	42.66863905325444	0.023190940979962126	1.0	-1.6346816293648494	0.0	False		False		tertiary		AT1G77120	ADH1
w:tune	word	tune	1	39	13	21633	42.66863905325444	0.023190940979962126	1.0	-1.6346816293648494	0.0	False		False		tune		AT1G64060	RBOHF
k:Differentiation	keyword	Differentiation	2	39	134	21633	8.278989667049368	0.024301048550785475	1.0	-1.6143749868956987	0.0	True		False		Differentiation		AT1G66350, AT5G62090	RGL1, SLK2
k:Calmodulin-binding	keyword	Calmodulin-binding	2	39	135	21633	8.217663817663817	0.02463876391952689	1.0	-1.6083810836989325	0.0	True		False		Calmodulin-binding		AT4G31000, AT5G65970	CBP60F, MLO10
p:insect herbivore	phrase	insect herbivore	1	39	14	21633	39.62087912087912	0.02495299247403157	1.0	-1.6028773643881573	0.0	False		False		insect herbivore		AT1G70700	TIFY7
p:undergoe adenylation	phrase	undergoe adenylation	1	39	14	21633	39.62087912087912	0.02495299247403157	1.0	-1.6028773643881573	0.0	False		False		undergoe adenylation		AT1G20510	OPCL1
w:cdf	word	cdf	1	39	14	21633	39.62087912087912	0.02495299247403157	1.0	-1.6028773643881573	0.0	False		False		cdf		AT2G34140	CDF4
w:gai	word	gai	1	39	14	21633	39.62087912087912	0.02495299247403157	1.0	-1.6028773643881573	0.0	False		False		gai		AT1G66350	RGL1
w:thioesterification	word	thioesterification	1	39	14	21633	39.62087912087912	0.02495299247403157	1.0	-1.6028773643881573	0.0	False		False		thioesterification		AT1G20510	OPCL1
w:wherein	word	wherein	1	39	14	21633	39.62087912087912	0.02495299247403157	1.0	-1.6028773643881573	0.0	False		False		wherein		AT1G20510	OPCL1
w:amp	word	amp	2	39	136	21633	8.157239819004525	0.02497841397595539	1.0	-1.6024351409562096	0.0	True		False		amp		AT1G20510, AT2G47240	OPCL1, LACS1
p:analogous responsiveness	phrase	analogous responsiveness	1	39	15	21633	36.97948717948718	0.026711946787067	1.0	-1.5732944591118987	0.0	False		False		analogous responsiveness		AT5G65970	MLO10
p:barley mildew	phrase	barley mildew	1	39	15	21633	36.97948717948718	0.026711946787067	1.0	-1.5732944591118987	0.0	False		False		barley mildew		AT5G65970	MLO10
p:low humidity	phrase	low humidity	1	39	15	21633	36.97948717948718	0.026711946787067	1.0	-1.5732944591118987	0.0	False		False		low humidity		AT2G47240	LACS1
p:phylogenetically closely	phrase	phylogenetically closely	1	39	15	21633	36.97948717948718	0.026711946787067	1.0	-1.5732944591118987	0.0	False		False		phylogenetically closely		AT5G65970	MLO10
p:substrate selectivity	phrase	substrate selectivity	1	39	15	21633	36.97948717948718	0.026711946787067	1.0	-1.5732944591118987	0.0	False		False		substrate selectivity		AT1G77120	ADH1
w:atmlo	word	atmlo	1	39	15	21633	36.97948717948718	0.026711946787067	1.0	-1.5732944591118987	0.0	False		False		atmlo		AT5G65970	MLO10
w:co‑function	word	co-function	1	39	15	21633	36.97948717948718	0.026711946787067	1.0	-1.5732944591118987	0.0	False		False		co-function		AT5G65970	MLO10
w:vii	word	vii	1	39	15	21633	36.97948717948718	0.026711946787067	1.0	-1.5732944591118987	0.0	False		False		vii		AT2G43290	MSS3
w:zim	word	zim	1	39	15	21633	36.97948717948718	0.026711946787067	1.0	-1.5732944591118987	0.0	False		False		zim		AT1G70700	TIFY7
w:weight	word	weight	2	39	144	21633	7.704059829059829	0.027764344932512557	1.0	-1.5565125687446715	0.0	True		False		weight		AT1G70700, AT5G01180	TIFY7, PTR5
w:seed	word	seed	7	39	1671	21633	2.323666160290936	0.028047902945376554	1.0	-1.5520996040440742	0.0	True		False		seed		AT1G64060, AT1G66350, AT1G70700, AT3G02170, AT5G01180, AT5G62090, AT5G64120	RBOHF, RGL1, TIFY7, LNG2, PTR5, SLK2, PER71
w:pathogen	word	pathogen	4	39	644	21633	3.4452938365981844	0.028093477719975685	1.0	-1.551394495718072	0.0	True		False		pathogen		AT1G64060, AT1G70700, AT5G64120, AT5G65970	RBOHF, TIFY7, PER71, MLO10
k:Nonsense-mediated mRNA decay	keyword	Nonsense-mediated mRNA decay	1	39	16	21633	34.668269230769226	0.02846780922000735	1.0	-1.5456459533051268	0.0	False		False		Nonsense-mediated mRNA decay		AT5G63120	RH30
p:conferring tissue	phrase	conferring tissue	1	39	16	21633	34.668269230769226	0.02846780922000735	1.0	-1.5456459533051268	0.0	False		False		conferring tissue		AT1G53885	FLZ17
p:dimethylallyl diphosphate	phrase	dimethylallyl diphosphate	1	39	16	21633	34.668269230769226	0.02846780922000735	1.0	-1.5456459533051268	0.0	False		False		dimethylallyl diphosphate		AT5G16440	IPP1
p:external stimuli	phrase	external stimuli	1	39	16	21633	34.668269230769226	0.02846780922000735	1.0	-1.5456459533051268	0.0	False		False		external stimuli		AT5G65970	MLO10
p:large multiprotein	phrase	large multiprotein	1	39	16	21633	34.668269230769226	0.02846780922000735	1.0	-1.5456459533051268	0.0	False		False		large multiprotein		AT1G66350	RGL1
p:tify jaz	phrase	tify jaz	1	39	16	21633	34.668269230769226	0.02846780922000735	1.0	-1.5456459533051268	0.0	False		False		tify jaz		AT1G70700	TIFY7
w:coronatine	word	coronatine	1	39	16	21633	34.668269230769226	0.02846780922000735	1.0	-1.5456459533051268	0.0	False		False		coronatine		AT1G70700	TIFY7
w:fcs	word	fcs	1	39	16	21633	34.668269230769226	0.02846780922000735	1.0	-1.5456459533051268	0.0	False		False		fcs		AT1G53885	FLZ17
w:flooding	word	flooding	1	39	16	21633	34.668269230769226	0.02846780922000735	1.0	-1.5456459533051268	0.0	False		False		flooding		AT1G77120	ADH1
w:flz	word	flz	1	39	16	21633	34.668269230769226	0.02846780922000735	1.0	-1.5456459533051268	0.0	False		False		flz		AT1G53885	FLZ17
w:initiating	word	initiating	1	39	16	21633	34.668269230769226	0.02846780922000735	1.0	-1.5456459533051268	0.0	False		False		initiating		AT1G20510	OPCL1
w:lactase	word	lactase	1	39	16	21633	34.668269230769226	0.02846780922000735	1.0	-1.5456459533051268	0.0	False		False		lactase		AT5G56870	BGAL4
w:mevalonate	word	mevalonate	1	39	16	21633	34.668269230769226	0.02846780922000735	1.0	-1.5456459533051268	0.0	False		False		mevalonate		AT5G16440	IPP1
w:stop	word	stop	1	39	16	21633	34.668269230769226	0.02846780922000735	1.0	-1.5456459533051268	0.0	False		False		stop		AT1G64060	RBOHF
w:ligase	word	ligase	5	39	978	21633	2.8358502438257034	0.03012997066417166	1.0	-1.5210012911741229	0.0	True		False		ligase		AT1G20510, AT1G70700, AT1G78170, AT2G18670, AT2G47240	OPCL1, TIFY7, CLG4, ATL56, LACS1
p:acyl coenzyme	phrase	acyl coenzyme	1	39	17	21633	32.6289592760181	0.030220585064963616	1.0	-1.5196971320543837	0.0	False		False		acyl coenzyme		AT2G47240	LACS1
p:coumarate coa	phrase	coumarate coa	1	39	17	21633	32.6289592760181	0.030220585064963616	1.0	-1.5196971320543837	0.0	False		False		coumarate coa		AT1G20510	OPCL1
p:dry weight	phrase	dry weight	1	39	17	21633	32.6289592760181	0.030220585064963616	1.0	-1.5196971320543837	0.0	False		False		dry weight		AT5G01180	PTR5
p:necrotic lesion	phrase	necrotic lesion	1	39	17	21633	32.6289592760181	0.030220585064963616	1.0	-1.5196971320543837	0.0	False		False		necrotic lesion		AT1G64060	RBOHF
p:stomatal closing	phrase	stomatal closing	1	39	17	21633	32.6289592760181	0.030220585064963616	1.0	-1.5196971320543837	0.0	False		False		stomatal closing		AT1G64060	RBOHF
w:analogous	word	analogous	1	39	17	21633	32.6289592760181	0.030220585064963616	1.0	-1.5196971320543837	0.0	False		False		analogous		AT5G65970	MLO10
w:divergent	word	divergent	1	39	17	21633	32.6289592760181	0.030220585064963616	1.0	-1.5196971320543837	0.0	False		False		divergent		AT1G70700	TIFY7
w:micropylar	word	micropylar	1	39	17	21633	32.6289592760181	0.030220585064963616	1.0	-1.5196971320543837	0.0	False		False		micropylar		AT5G64120	PER71
w:phylogenetically	word	phylogenetically	1	39	17	21633	32.6289592760181	0.030220585064963616	1.0	-1.5196971320543837	0.0	False		False		phylogenetically		AT5G65970	MLO10
w:following	word	following	2	39	152	21633	7.298582995951417	0.030669720908308624	1.0	-1.5132901760401098	0.0	True		False		following		AT1G64060, AT1G77120	RBOHF, ADH1
w:preferentially	word	preferentially	2	39	152	21633	7.298582995951417	0.030669720908308624	1.0	-1.5132901760401098	0.0	True		False		preferentially		AT2G47240, AT5G56870	LACS1, BGAL4
w:mlo	word	mlo	1	39	18	21633	30.816239316239315	0.03197027960523315	1.0	-1.4952535654649757	0.0	False		False		mlo		AT5G65970	MLO10
w:short‑root	word	short-root	1	39	18	21633	30.816239316239315	0.03197027960523315	1.0	-1.4952535654649757	0.0	False		False		short-root		AT1G70700	TIFY7
w:transcription	word	transcription	9	39	2521	21633	1.9802581393220031	0.03234816220222905	1.0	-1.490150387888724	0.0	True		False		transcription		AT1G66350, AT1G70700, AT1G78170, AT2G31180, AT2G34140, AT3G19360, AT4G31000, AT5G59820, AT5G62090	RGL1, TIFY7, CLG4, MYB14, CDF4, AtC3H39, CBP60F, RHL41, SLK2
p:coa thioester	phrase	coa thioester	1	39	19	21633	29.194331983805668	0.03371689811531394	1.0	-1.4721523864010142	0.0	False		False		coa thioester		AT1G20510	OPCL1
p:peronospora parasitica	phrase	peronospora parasitica	1	39	19	21633	29.194331983805668	0.03371689811531394	1.0	-1.4721523864010142	0.0	False		False		peronospora parasitica		AT1G64060	RBOHF
p:tim barrel	phrase	tim barrel	1	39	19	21633	29.194331983805668	0.03371689811531394	1.0	-1.4721523864010142	0.0	False		False		tim barrel		AT3G49640	AT3G49640
w:hypoxic	word	hypoxic	1	39	19	21633	29.194331983805668	0.03371689811531394	1.0	-1.4721523864010142	0.0	False		False		hypoxic		AT1G77120	ADH1
w:peronospora	word	peronospora	1	39	19	21633	29.194331983805668	0.03371689811531394	1.0	-1.4721523864010142	0.0	False		False		peronospora		AT1G64060	RBOHF
w:radicle	word	radicle	1	39	19	21633	29.194331983805668	0.03371689811531394	1.0	-1.4721523864010142	0.0	False		False		radicle		AT5G64120	PER71
w:robust	word	robust	1	39	19	21633	29.194331983805668	0.03371689811531394	1.0	-1.4721523864010142	0.0	False		False		robust		AT1G70700	TIFY7
w:similarly	word	similarly	1	39	19	21633	29.194331983805668	0.03371689811531394	1.0	-1.4721523864010142	0.0	False		False		similarly		AT5G62090	SLK2
w:tify	word	tify	1	39	19	21633	29.194331983805668	0.03371689811531394	1.0	-1.4721523864010142	0.0	False		False		tify		AT1G70700	TIFY7
w:change	word	change	5	39	1011	21633	2.743285399071749	0.03408266050781906	1.0	-1.467466511359373	0.0	True		False		change		AT1G64060, AT2G18670, AT2G26530, AT3G02170, AT5G17640	RBOHF, ATL56, AR781, LNG2, ASG1
p:seed germination	phrase	seed germination	3	39	396	21633	4.202214452214452	0.0342255370603927	1.0	-1.465649728276953	0.0	True		False		seed germination		AT1G64060, AT1G66350, AT5G64120	RBOHF, RGL1, PER71
w:fungal	word	fungal	2	39	163	21633	6.806040585181689	0.03485266186527661	1.0	-1.4577640471426099	0.0	True		False		fungal		AT1G64060, AT1G70700	RBOHF, TIFY7
w:adapter	word	adapter	2	39	164	21633	6.764540337711069	0.035243434787046	1.0	-1.4529217723267305	0.0	True		False		adapter		AT1G53885, AT5G62090	FLZ17, SLK2
w:adenylation	word	adenylation	1	39	20	21633	27.734615384615385	0.03546044586091878	1.0	-1.4502558081113168	0.0	False		False		adenylation		AT1G20510	OPCL1
w:closing	word	closing	1	39	20	21633	27.734615384615385	0.03546044586091878	1.0	-1.4502558081113168	0.0	False		False		closing		AT1G64060	RBOHF
w:follow	word	follow	1	39	20	21633	27.734615384615385	0.03546044586091878	1.0	-1.4502558081113168	0.0	False		False		follow		AT1G20510	OPCL1
w:galactoside	word	galactoside	1	39	20	21633	27.734615384615385	0.03546044586091878	1.0	-1.4502558081113168	0.0	False		False		galactoside		AT5G56870	BGAL4
w:staining	word	staining	1	39	20	21633	27.734615384615385	0.03546044586091878	1.0	-1.4502558081113168	0.0	False		False		staining		AT1G64060	RBOHF
w:tripeptide	word	tripeptide	1	39	20	21633	27.734615384615385	0.03546044586091878	1.0	-1.4502558081113168	0.0	False		False		tripeptide		AT5G01180	PTR5
w:seem	word	seem	3	39	403	21633	4.129223134185914	0.03577015109050304	1.0	-1.446479225419016	0.0	True		False		seem		AT1G78170, AT2G47240, AT5G65970	CLG4, LACS1, MLO10
w:broad	word	broad	2	39	167	21633	6.643021649009673	0.036426043795998	1.0	-1.438587994579326	0.0	True		False		broad		AT1G54020, AT1G77120	AtGELP24, ADH1
w:respiratory	word	respiratory	2	39	168	21633	6.603479853479853	0.03682365320931114	1.0	-1.4338731281095127	0.0	True		False		respiratory		AT1G64060, AT5G64120	RBOHF, PER71
w:acid	word	acid	10	39	3009	21633	1.8434440268936778	0.03708109838163938	1.0	-1.4308474100717692	0.0	True		False		acid		AT1G20510, AT1G53885, AT1G64060, AT1G66350, AT1G70700, AT1G77120, AT2G47240, AT5G17640, AT5G59010, AT5G63120	OPCL1, FLZ17, RBOHF, RGL1, TIFY7, ADH1, LACS1, ASG1, BSK5, RH30
k:Glutathionylation	keyword	Glutathionylation	1	39	21	21633	26.413919413919412	0.03720092809898952	1.0	-1.4294462250847197	0.0	False		False		Glutathionylation		AT1G77120	ADH1
w:leakage	word	leakage	1	39	21	21633	26.413919413919412	0.03720092809898952	1.0	-1.4294462250847197	0.0	False		False		leakage		AT1G64060	RBOHF
w:para	word	para	1	39	21	21633	26.413919413919412	0.03720092809898952	1.0	-1.4294462250847197	0.0	False		False		para		AT5G56870	BGAL4
w:acclimation	word	acclimation	2	39	169	21633	6.56440600819299	0.0372229540394953	1.0	-1.429189163925726	0.0	True		False		acclimation		AT1G77120, AT5G59820	ADH1, RHL41
w:stimulus	word	stimulus	3	39	412	21633	4.039021657953697	0.037808746712000185	1.0	-1.42240771843444	0.0	True		False		stimulus		AT1G53885, AT1G70700, AT5G59820	FLZ17, TIFY7, RHL41
w:apoplast	word	apoplast	3	39	414	21633	4.0195094760312156	0.038269787325686554	1.0	-1.4171439512465593	0.0	True		False		apoplast		AT2G21220, AT5G56870, AT5G64120	SAUR12, BGAL4, PER71
w:aba	word	aba	6	39	1409	21633	2.3620680242397776	0.038913812737132104	1.0	-1.4098962153649683	0.0	True		False		aba		AT1G64060, AT1G78170, AT2G18670, AT2G26530, AT3G02170, AT5G17640	RBOHF, CLG4, ATL56, AR781, LNG2, ASG1
p:photoperiodic flowering	phrase	photoperiodic flowering	1	39	22	21633	25.213286713286713	0.03893835007771152	1.0	-1.409622454647686	0.0	False		False		photoperiodic flowering		AT2G34140	CDF4
w:abolished	word	abolished	1	39	22	21633	25.213286713286713	0.03893835007771152	1.0	-1.409622454647686	0.0	False		False		abolished		AT1G64060	RBOHF
w:dimethylallyl	word	dimethylallyl	1	39	22	21633	25.213286713286713	0.03893835007771152	1.0	-1.409622454647686	0.0	False		False		dimethylallyl		AT5G16440	IPP1
w:dmapp	word	dmapp	1	39	22	21633	25.213286713286713	0.03893835007771152	1.0	-1.409622454647686	0.0	False		False		dmapp		AT5G16440	IPP1
w:drastically	word	drastically	1	39	22	21633	25.213286713286713	0.03893835007771152	1.0	-1.409622454647686	0.0	False		False		drastically		AT2G47240	LACS1
p:cinnamyl alcohol	phrase	cinnamyl alcohol	1	39	23	21633	24.117056856187293	0.04067271703652738	1.0	-1.3906968146975305	0.0	False		False		cinnamyl alcohol		AT1G77120	ADH1
p:superoxide dismutase	phrase	superoxide dismutase	1	39	23	21633	24.117056856187293	0.04067271703652738	1.0	-1.3906968146975305	0.0	False		False		superoxide dismutase		AT1G66350	RGL1
w:cinnamyl	word	cinnamyl	1	39	23	21633	24.117056856187293	0.04067271703652738	1.0	-1.3906968146975305	0.0	False		False		cinnamyl		AT1G77120	ADH1
w:dismutase	word	dismutase	1	39	23	21633	24.117056856187293	0.04067271703652738	1.0	-1.3906968146975305	0.0	False		False		dismutase		AT1G66350	RGL1
w:nonsense	word	nonsense	1	39	23	21633	24.117056856187293	0.04067271703652738	1.0	-1.3906968146975305	0.0	False		False		nonsense		AT5G63120	RH30
w:sensitivity	word	sensitivity	3	39	425	21633	3.915475113122172	0.04085740562486138	1.0	-1.3887292137823382	0.0	True		False		sensitivity		AT1G64060, AT1G70700, AT1G78170	RBOHF, TIFY7, CLG4
w:clear	word	clear	1	39	24	21633	23.112179487179485	0.042404034206151416	1.0	-1.3725928238288265	0.0	False		False		clear		AT5G64120	PER71
w:fine	word	fine	1	39	24	21633	23.112179487179485	0.042404034206151416	1.0	-1.3725928238288265	0.0	False		False		fine		AT1G64060	RBOHF
w:rga	word	rga	1	39	24	21633	23.112179487179485	0.042404034206151416	1.0	-1.3725928238288265	0.0	False		False		rga		AT1G66350	RGL1
w:synergistic	word	synergistic	1	39	24	21633	23.112179487179485	0.042404034206151416	1.0	-1.3725928238288265	0.0	False		False		synergistic		AT2G47240	LACS1
p:high throughput	phrase	high throughput	4	39	741	21633	2.9942904598775044	0.043571087716704204	1.0	-1.360801598121027	0.0	True		False		high throughput		AT2G18670, AT2G26530, AT3G02170, AT5G17640	ATL56, AR781, LNG2, ASG1
p:seedling screened	phrase	seedling screened	4	39	741	21633	2.9942904598775044	0.043571087716704204	1.0	-1.360801598121027	0.0	True		False		seedling screened		AT2G18670, AT2G26530, AT3G02170, AT5G17640	ATL56, AR781, LNG2, ASG1
p:throughput method	phrase	throughput method	4	39	741	21633	2.9942904598775044	0.043571087716704204	1.0	-1.360801598121027	0.0	True		False		throughput method		AT2G18670, AT2G26530, AT3G02170, AT5G17640	ATL56, AR781, LNG2, ASG1
w:screened	word	screened	4	39	741	21633	2.9942904598775044	0.043571087716704204	1.0	-1.360801598121027	0.0	True		False		screened		AT2G18670, AT2G26530, AT3G02170, AT5G17640	ATL56, AR781, LNG2, ASG1
w:throughput	word	throughput	4	39	741	21633	2.9942904598775044	0.043571087716704204	1.0	-1.360801598121027	0.0	True		False		throughput		AT2G18670, AT2G26530, AT3G02170, AT5G17640	ATL56, AR781, LNG2, ASG1
w:method	word	method	4	39	742	21633	2.9902550279908766	0.043751565643189425	1.0	-1.3590064012009435	0.0	True		False		method		AT2G18670, AT2G26530, AT3G02170, AT5G17640	ATL56, AR781, LNG2, ASG1
p:week old	phrase	week old	1	39	25	21633	22.18769230769231	0.044132306808583745	1.0	-1.3552433712599186	0.0	False		False		week old		AT1G64060	RBOHF
w:barley	word	barley	1	39	25	21633	22.18769230769231	0.044132306808583745	1.0	-1.3552433712599186	0.0	False		False		barley		AT5G65970	MLO10
w:eceriferum	word	eceriferum	1	39	25	21633	22.18769230769231	0.044132306808583745	1.0	-1.3552433712599186	0.0	False		False		eceriferum		AT2G47240	LACS1
w:performance	word	performance	1	39	25	21633	22.18769230769231	0.044132306808583745	1.0	-1.3552433712599186	0.0	False		False		performance		AT1G70700	TIFY7
w:tested	word	tested	1	39	25	21633	22.18769230769231	0.044132306808583745	1.0	-1.3552433712599186	0.0	False		False		tested		AT1G77120	ADH1
w:bulk	word	bulk	4	39	746	21633	2.9742214889667973	0.0444777681250906	1.0	-1.3518570135859886	0.0	True		False		bulk		AT2G18670, AT2G26530, AT3G02170, AT5G17640	ATL56, AR781, LNG2, ASG1
k:Calcium	keyword	Calcium	3	39	440	21633	3.781993006993007	0.04452661667689912	1.0	-1.3513803031705034	0.0	True		False		Calcium		AT1G64060, AT2G43290, AT5G64120	RBOHF, MSS3, PER71
w:stressor	word	stressor	4	39	753	21633	2.9465726836244763	0.04576514327437154	1.0	-1.3394651736783663	0.0	True		False		stressor		AT2G18670, AT2G26530, AT3G02170, AT5G17640	ATL56, AR781, LNG2, ASG1
p:beta galactosidase	phrase	beta galactosidase	1	39	26	21633	21.33431952662722	0.04585754005712435	1.0	-1.3385892459050492	0.0	False		False		beta galactosidase		AT5G56870	BGAL4
p:bright green	phrase	bright green	1	39	26	21633	21.33431952662722	0.04585754005712435	1.0	-1.3385892459050492	0.0	False		False		bright green		AT2G47240	LACS1
p:epicuticular wax	phrase	epicuticular wax	1	39	26	21633	21.33431952662722	0.04585754005712435	1.0	-1.3385892459050492	0.0	False		False		epicuticular wax		AT2G47240	LACS1
p:isopentenyl diphosphate	phrase	isopentenyl diphosphate	1	39	26	21633	21.33431952662722	0.04585754005712435	1.0	-1.3385892459050492	0.0	False		False		isopentenyl diphosphate		AT5G16440	IPP1
p:ros production	phrase	ros production	1	39	26	21633	21.33431952662722	0.04585754005712435	1.0	-1.3385892459050492	0.0	False		False		ros production		AT1G64060	RBOHF
p:wax layer	phrase	wax layer	1	39	26	21633	21.33431952662722	0.04585754005712435	1.0	-1.3385892459050492	0.0	False		False		wax layer		AT2G47240	LACS1
w:coumarate	word	coumarate	1	39	26	21633	21.33431952662722	0.04585754005712435	1.0	-1.3385892459050492	0.0	False		False		coumarate		AT1G20510	OPCL1
w:epicuticular	word	epicuticular	1	39	26	21633	21.33431952662722	0.04585754005712435	1.0	-1.3385892459050492	0.0	False		False		epicuticular		AT2G47240	LACS1
w:inoculation	word	inoculation	1	39	26	21633	21.33431952662722	0.04585754005712435	1.0	-1.3385892459050492	0.0	False		False		inoculation		AT1G64060	RBOHF
w:ipp	word	ipp	1	39	27	21633	20.544159544159545	0.04757973915638714	1.0	-1.3225779431993878	0.0	False		False		ipp		AT5G16440	IPP1
w:spatial	word	spatial	1	39	27	21633	20.544159544159545	0.04757973915638714	1.0	-1.3225779431993878	0.0	False		False		spatial		AT1G64060	RBOHF
w:tim	word	tim	1	39	27	21633	20.544159544159545	0.04757973915638714	1.0	-1.3225779431993878	0.0	False		False		tim		AT3G49640	AT3G49640
k:Transcription regulation	keyword	Transcription regulation	7	39	1880	21633	2.065343698854337	0.04857670513878994	1.0	-1.313571945862094	0.0	True		False		Transcription regulation		AT1G66350, AT1G70700, AT2G31180, AT2G34140, AT4G31000, AT5G59820, AT5G62090	RGL1, TIFY7, MYB14, CDF4, CBP60F, RHL41, SLK2
w:reaction	word	reaction	3	39	458	21633	3.6333557272421904	0.04914149258224648	1.0	-1.308551656761329	0.0	True		False		reaction		AT1G20510, AT1G54020, AT1G77120	OPCL1, AtGELP24, ADH1
p:stomatal lineage	phrase	stomatal lineage	1	39	28	21633	19.81043956043956	0.04929890930231428	1.0	-1.3071626890235049	0.0	False		False		stomatal lineage		AT4G25620	BIL9
w:paclobutrazol	word	paclobutrazol	1	39	28	21633	19.81043956043956	0.04929890930231428	1.0	-1.3071626890235049	0.0	False		False		paclobutrazol		AT1G66350	RGL1
w:high	word	high	6	39	1493	21633	2.2291720335926635	0.04933991023208927	1.0	-1.3068016449910689	0.0	True		False		high		AT2G18670, AT2G26530, AT3G02170, AT5G01180, AT5G17640, AT5G59820	ATL56, AR781, LNG2, PTR5, ASG1, RHL41
w:medium	word	medium	2	39	198	21633	5.602952602952603	0.04950736085513027	1.0	-1.30533022447852	0.0	True		False		medium		AT1G20510, AT5G01180	OPCL1, PTR5
p:mildew resistance	phrase	mildew resistance	1	39	29	21633	19.127320954907162	0.05101505568218976	1.0	-1.2923016349852405	0.0	False		False		mildew resistance		AT5G65970	MLO10
w:jaz	word	jaz	1	39	29	21633	19.127320954907162	0.05101505568218976	1.0	-1.2923016349852405	0.0	False		False		jaz		AT1G70700	TIFY7
w:necrotic	word	necrotic	1	39	29	21633	19.127320954907162	0.05101505568218976	1.0	-1.2923016349852405	0.0	False		False		necrotic		AT1G64060	RBOHF
w:nitric	word	nitric	1	39	29	21633	19.127320954907162	0.05101505568218976	1.0	-1.2923016349852405	0.0	False		False		nitric		AT1G64060	RBOHF
w:trait	word	trait	1	39	29	21633	19.127320954907162	0.05101505568218976	1.0	-1.2923016349852405	0.0	False		False		trait		AT1G70700	TIFY7
k:Zinc-finger	keyword	Zinc-finger	5	39	1140	21633	2.4328609986504723	0.052589501220825244	1.0	-1.2791009481838904	0.0	True		False		Zinc-finger		AT1G53885, AT2G18670, AT2G34140, AT3G19360, AT5G59820	FLZ17, ATL56, CDF4, AtC3H39, RHL41
w:accompanied	word	accompanied	1	39	30	21633	18.48974358974359	0.05272818347465388	1.0	-1.2779571901804478	0.0	False		False		accompanied		AT1G70700	TIFY7
w:expected	word	expected	1	39	30	21633	18.48974358974359	0.05272818347465388	1.0	-1.2779571901804478	0.0	False		False		expected		AT1G77120	ADH1
w:heterotrimeric	word	heterotrimeric	1	39	30	21633	18.48974358974359	0.05272818347465388	1.0	-1.2779571901804478	0.0	False		False		heterotrimeric		AT5G65970	MLO10
k:Zinc	keyword	Zinc	6	39	1527	21633	2.179537554783135	0.0540164800589052	1.0	-1.2674737196820922	0.0	True		False		Zinc		AT1G53885, AT1G77120, AT2G18670, AT2G34140, AT3G19360, AT5G59820	FLZ17, ADH1, ATL56, CDF4, AtC3H39, RHL41
w:cell	word	cell	11	39	3660	21633	1.6671080285834383	0.05415339041180221	1.0	-1.2663743480683327	0.0	True		False		cell		AT1G64060, AT1G66350, AT1G78170, AT2G21220, AT2G34140, AT3G02170, AT4G25620, AT5G56870, AT5G62090, AT5G64120, AT5G65970	RBOHF, RGL1, CLG4, SAUR12, CDF4, LNG2, BIL9, BGAL4, SLK2, PER71, MLO10
w:galactosidase	word	galactosidase	1	39	31	21633	17.893300248138956	0.05443829784971701	1.0	-1.2640954625655465	0.0	False		False		galactosidase		AT5G56870	BGAL4
w:morphologically	word	morphologically	1	39	31	21633	17.893300248138956	0.05443829784971701	1.0	-1.2640954625655465	0.0	False		False		morphologically		AT1G64060	RBOHF
w:permeability	word	permeability	1	39	31	21633	17.893300248138956	0.05443829784971701	1.0	-1.2640954625655465	0.0	False		False		permeability		AT2G47240	LACS1
k:Transcription	keyword	Transcription	7	39	1936	21633	2.0056023521932613	0.05540430750417063	1.0	-1.2564564689797146	0.0	True		False		Transcription		AT1G66350, AT1G70700, AT2G31180, AT2G34140, AT4G31000, AT5G59820, AT5G62090	RGL1, TIFY7, MYB14, CDF4, CBP60F, RHL41, SLK2
k:Chlorophyll biosynthesis	keyword	Chlorophyll biosynthesis	1	39	32	21633	17.334134615384613	0.05614540396877359	1.0	-1.2506857890498082	0.0	False		False		Chlorophyll biosynthesis		AT5G16440	IPP1
p:dof zinc	phrase	dof zinc	1	39	32	21633	17.334134615384613	0.05614540396877359	1.0	-1.2506857890498082	0.0	False		False		dof zinc		AT2G34140	CDF4
p:phylogenetic analysis	phrase	phylogenetic analysis	1	39	32	21633	17.334134615384613	0.05614540396877359	1.0	-1.2506857890498082	0.0	False		False		phylogenetic analysis		AT5G65970	MLO10
p:seed longevity	phrase	seed longevity	1	39	32	21633	17.334134615384613	0.05614540396877359	1.0	-1.2506857890498082	0.0	False		False		seed longevity		AT1G64060	RBOHF
w:atgras	word	atgras	1	39	32	21633	17.334134615384613	0.05614540396877359	1.0	-1.2506857890498082	0.0	False		False		atgras		AT1G66350	RGL1
w:dipeptide	word	dipeptide	1	39	32	21633	17.334134615384613	0.05614540396877359	1.0	-1.2506857890498082	0.0	False		False		dipeptide		AT5G01180	PTR5
w:selectivity	word	selectivity	1	39	32	21633	17.334134615384613	0.05614540396877359	1.0	-1.2506857890498082	0.0	False		False		selectivity		AT1G77120	ADH1
w:heat	word	heat	5	39	1165	21633	2.3806536810828653	0.05675190377096382	1.0	-1.2460195652651203	0.0	True		False		heat		AT2G18670, AT2G26530, AT3G02170, AT5G17640, AT5G59820	ATL56, AR781, LNG2, ASG1, RHL41
w:dependent	word	dependent	9	39	2801	21633	1.7823030236454016	0.057598991937446144	1.0	-1.2395851172683774	0.0	True		False		dependent		AT1G20510, AT1G64060, AT1G70700, AT1G77120, AT2G47240, AT5G01180, AT5G63120, AT5G64120, AT5G65970	OPCL1, RBOHF, TIFY7, ADH1, LACS1, PTR5, RH30, PER71, MLO10
k:Alternative initiation	keyword	Alternative initiation	1	39	33	21633	16.80885780885781	0.05784950698461631	1.0	-1.2377003379183338	0.0	False		False		Alternative initiation		AT5G16440	IPP1
k:Isoprene biosynthesis	keyword	Isoprene biosynthesis	1	39	33	21633	16.80885780885781	0.05784950698461631	1.0	-1.2377003379183338	0.0	False		False		Isoprene biosynthesis		AT5G16440	IPP1
w:acetylglucosamine	word	acetylglucosamine	1	39	33	21633	16.80885780885781	0.05784950698461631	1.0	-1.2377003379183338	0.0	False		False		acetylglucosamine		AT1G67880	AT1G67880
w:acidification	word	acidification	1	39	33	21633	16.80885780885781	0.05784950698461631	1.0	-1.2377003379183338	0.0	False		False		acidification		AT2G21220	SAUR12
w:conferring	word	conferring	1	39	33	21633	16.80885780885781	0.05784950698461631	1.0	-1.2377003379183338	0.0	False		False		conferring		AT1G53885	FLZ17
w:participating	word	participating	1	39	33	21633	16.80885780885781	0.05784950698461631	1.0	-1.2377003379183338	0.0	False		False		participating		AT1G66350	RGL1
w:localized	word	localized	4	39	817	21633	2.7157518124470386	0.05850869876313535	1.0	-1.2327795605164236	0.0	True		False		localized		AT1G64060, AT2G43290, AT4G25620, AT5G64120	RBOHF, MSS3, BIL9, PER71
w:catalyze	word	catalyze	6	39	1558	21633	2.1361706329613903	0.05851364077166948	1.0	-1.2327428788529788	0.0	True		False		catalyze		AT1G53530, AT1G54020, AT1G77120, AT3G49640, AT5G16440, AT5G56870	IMP1A, AtGELP24, ADH1, AT3G49640, IPP1, BGAL4
k:Ligase	keyword	Ligase	2	39	219	21633	5.065683175272216	0.05919382935415948	1.0	-1.2277235638364559	0.0	True		False		Ligase		AT1G20510, AT2G47240	OPCL1, LACS1
p:consensus core	phrase	consensus core	1	39	34	21633	16.31447963800905	0.059550612041449597	1.0	-1.2251137706235493	0.0	False		False		consensus core		AT2G34140	CDF4
w:angle	word	angle	1	39	34	21633	16.31447963800905	0.059550612041449597	1.0	-1.2251137706235493	0.0	False		False		angle		AT2G21220	SAUR12
w:cct	word	cct	1	39	34	21633	16.31447963800905	0.059550612041449597	1.0	-1.2251137706235493	0.0	False		False		cct		AT1G70700	TIFY7
w:gras	word	gras	1	39	34	21633	16.31447963800905	0.059550612041449597	1.0	-1.2251137706235493	0.0	False		False		gras		AT1G66350	RGL1
w:humidity	word	humidity	1	39	34	21633	16.31447963800905	0.059550612041449597	1.0	-1.2251137706235493	0.0	False		False		humidity		AT2G47240	LACS1
w:isomer	word	isomer	1	39	34	21633	16.31447963800905	0.059550612041449597	1.0	-1.2251137706235493	0.0	False		False		isomer		AT5G16440	IPP1
w:redundancy	word	redundancy	1	39	34	21633	16.31447963800905	0.059550612041449597	1.0	-1.2251137706235493	0.0	False		False		redundancy		AT5G65970	MLO10
w:vlcfa	word	vlcfa	1	39	34	21633	16.31447963800905	0.059550612041449597	1.0	-1.2251137706235493	0.0	False		False		vlcfa		AT2G47240	LACS1
w:repression	word	repression	2	39	222	21633	4.997227997227998	0.0606277447431378	1.0	-1.2173285865370478	0.0	True		False		repression		AT1G78170, AT5G59820	CLG4, RHL41
p:greatly reduced	phrase	greatly reduced	1	39	35	21633	15.848351648351649	0.06124872427490408	1.0	-1.2129029526146868	0.0	False		False		greatly reduced		AT1G64060	RBOHF
w:isoleucine	word	isoleucine	1	39	35	21633	15.848351648351649	0.06124872427490408	1.0	-1.2129029526146868	0.0	False		False		isoleucine		AT1G70700	TIFY7
w:lignification	word	lignification	1	39	35	21633	15.848351648351649	0.06124872427490408	1.0	-1.2129029526146868	0.0	False		False		lignification		AT5G64120	PER71
p:plasma membrane	phrase	plasma membrane	9	39	2837	21633	1.7596865594750686	0.0615976693917864	1.0	-1.2104357194822406	0.0	True		False		plasma membrane		AT1G53530, AT1G64060, AT1G77120, AT2G21220, AT2G26530, AT4G25620, AT5G01180, AT5G59010, AT5G65970	IMP1A, RBOHF, ADH1, SAUR12, AR781, BIL9, PTR5, BSK5, MLO10
w:beta	word	beta	5	39	1193	21633	2.324779160487459	0.06163826639092387	1.0	-1.2101495845454946	0.0	True		False		beta		AT1G20510, AT1G64060, AT1G67880, AT2G47240, AT5G56870	OPCL1, RBOHF, AT1G67880, LACS1, BGAL4
w:plasma	word	plasma	9	39	2838	21633	1.7590665148804683	0.061711310056817965	1.0	-1.2096352339387506	0.0	True		False		plasma		AT1G53530, AT1G64060, AT1G77120, AT2G21220, AT2G26530, AT4G25620, AT5G01180, AT5G59010, AT5G65970	IMP1A, RBOHF, ADH1, SAUR12, AR781, BIL9, PTR5, BSK5, MLO10
w:uptake	word	uptake	2	39	226	21633	4.9087814840027235	0.06255831899286386	1.0	-1.203714929736121	0.0	True		False		uptake		AT2G21220, AT5G01180	SAUR12, PTR5
p:histone lysine	phrase	histone lysine	1	39	36	21633	15.408119658119658	0.06294384881205004	1.0	-1.2010467049129443	0.0	False		False		histone lysine		AT4G26240	AT4G26240
w:direction	word	direction	1	39	36	21633	15.408119658119658	0.06294384881205004	1.0	-1.2010467049129443	0.0	False		False		direction		AT3G02170	LNG2
w:dof	word	dof	1	39	36	21633	15.408119658119658	0.06294384881205004	1.0	-1.2010467049129443	0.0	False		False		dof		AT2G34140	CDF4
w:photoperiodic	word	photoperiodic	1	39	36	21633	15.408119658119658	0.06294384881205004	1.0	-1.2010467049129443	0.0	False		False		photoperiodic		AT2G34140	CDF4
k:Repressor	keyword	Repressor	2	39	227	21633	4.887156895967469	0.06304425903772494	1.0	-1.2003544551932777	0.0	True		False		Repressor		AT1G66350, AT5G59820	RGL1, RHL41
k:Metal-binding	keyword	Metal-binding	10	39	3296	21633	1.6829256908140402	0.06305929415319192	1.0	-1.2002508947852193	0.0	True		False		Metal-binding		AT1G53885, AT1G64060, AT1G77120, AT2G18670, AT2G34140, AT2G43290, AT3G19360, AT5G16440, AT5G59820, AT5G64120	FLZ17, RBOHF, ADH1, ATL56, CDF4, MSS3, AtC3H39, IPP1, RHL41, PER71
w:convert	word	convert	2	39	228	21633	4.865721997300945	0.06353150560200603	1.0	-1.197010852410761	0.0	True		False		convert		AT1G20510, AT1G77120	OPCL1, ADH1
k:Flavoprotein	keyword	Flavoprotein	2	39	230	21633	4.823411371237458	0.06450989427343345	1.0	-1.1903736698793508	0.0	True		False		Flavoprotein		AT1G64060, AT3G49640	RBOHF, AT3G49640
k:Ubl conjugation	keyword	Ubl conjugation	2	39	230	21633	4.823411371237458	0.06450989427343345	1.0	-1.1903736698793508	0.0	True		False		Ubl conjugation		AT1G66350, AT1G70700	RGL1, TIFY7
w:potential	word	potential	2	39	230	21633	4.823411371237458	0.06450989427343345	1.0	-1.1903736698793508	0.0	True		False		potential		AT2G43290, AT5G62090	MSS3, SLK2
w:promote	word	promote	4	39	845	21633	2.625762403277196	0.06463238407544389	1.0	-1.1895498240910451	0.0	True		False		promote		AT1G70700, AT4G25620, AT4G31000, AT5G62090	TIFY7, BIL9, CBP60F, SLK2
w:die	word	die	1	39	37	21633	14.991683991683992	0.06463599077141154	1.0	-1.1895255897311885	0.0	False		False		die		AT1G64060	RBOHF
w:elongation	word	elongation	4	39	847	21633	2.619562255925892	0.06508244436843263	1.0	-1.1865361441834512	0.0	True		False		elongation		AT1G64060, AT1G66350, AT2G21220, AT3G02170	RBOHF, RGL1, SAUR12, LNG2
w:seedling	word	seedling	6	39	1614	21633	2.0620531884472406	0.06720657183904623	1.0	-1.1725882570967179	0.0	True		False		seedling		AT1G66350, AT1G78170, AT2G18670, AT2G26530, AT3G02170, AT5G17640	RGL1, CLG4, ATL56, AR781, LNG2, ASG1
w:longitudinal	word	longitudinal	1	39	39	21633	14.222879684418146	0.06801134738822874	1.0	-1.167418621162109	0.0	False		False		longitudinal		AT3G02170	LNG2
w:nitrophenyl	word	nitrophenyl	1	39	39	21633	14.222879684418146	0.06801134738822874	1.0	-1.167418621162109	0.0	False		False		nitrophenyl		AT5G56870	BGAL4
w:shortening	word	shortening	1	39	39	21633	14.222879684418146	0.06801134738822874	1.0	-1.167418621162109	0.0	False		False		shortening		AT1G20510	OPCL1
w:comparable	word	comparable	1	39	40	21633	13.867307692307692	0.06969457224012544	1.0	-1.1568010431064453	0.0	False		False		comparable		AT1G66350	RGL1
k:Biological rhythms	keyword	Biological rhythms	1	39	41	21633	13.529080675422138	0.0713748349031476	1.0	-1.146454883309807	0.0	False		False		Biological rhythms		AT5G64120	PER71
k:FMN	keyword	FMN	1	39	41	21633	13.529080675422138	0.0713748349031476	1.0	-1.146454883309807	0.0	False		False		FMN		AT3G49640	AT3G49640
p:mrna decay	phrase	mrna decay	1	39	41	21633	13.529080675422138	0.0713748349031476	1.0	-1.146454883309807	0.0	False		False		mrna decay		AT5G63120	RH30
w:stimuli	word	stimuli	1	39	41	21633	13.529080675422138	0.0713748349031476	1.0	-1.146454883309807	0.0	False		False		stimuli		AT5G65970	MLO10
w:signaling	word	signaling	6	39	1648	21633	2.0195108289768484	0.07284374714318405	1.0	-1.137607721831668	0.0	True		False		signaling		AT1G64060, AT1G66350, AT1G70700, AT2G26530, AT4G25620, AT5G59010	RBOHF, RGL1, TIFY7, AR781, BIL9, BSK5
w:independent	word	independent	2	39	247	21633	4.491435689816256	0.07302953590797304	1.0	-1.1365014592277383	0.0	True		False		independent		AT1G53530, AT1G66350	IMP1A, RGL1
p:cuticular wax	phrase	cuticular wax	1	39	42	21633	13.206959706959706	0.0730521404532947	1.0	-1.1363670545628684	0.0	False		False		cuticular wax		AT2G47240	LACS1
w:della	word	della	1	39	42	21633	13.206959706959706	0.0730521404532947	1.0	-1.1363670545628684	0.0	False		False		della		AT1G66350	RGL1
w:phytohormone	word	phytohormone	1	39	42	21633	13.206959706959706	0.0730521404532947	1.0	-1.1363670545628684	0.0	False		False		phytohormone		AT1G66350	RGL1
w:pathway	word	pathway	7	39	2064	21633	1.8812239117471676	0.07323710786938968	1.0	-1.1352688143043266	0.0	True		False		pathway		AT1G53885, AT1G64060, AT1G66350, AT2G47240, AT5G16440, AT5G59010, AT5G59820	FLZ17, RBOHF, RGL1, LACS1, IPP1, BSK5, RHL41
w:aluminum	word	aluminum	1	39	43	21633	12.899821109123433	0.07472649395810325	1.0	-1.12652539363529	0.0	False		False		aluminum		AT5G62090	SLK2
w:antagonistic	word	antagonistic	1	39	43	21633	12.899821109123433	0.07472649395810325	1.0	-1.12652539363529	0.0	False		False		antagonistic		AT5G65970	MLO10
w:barrel	word	barrel	1	39	43	21633	12.899821109123433	0.07472649395810325	1.0	-1.12652539363529	0.0	False		False		barrel		AT3G49640	AT3G49640
w:bending	word	bending	1	39	43	21633	12.899821109123433	0.07472649395810325	1.0	-1.12652539363529	0.0	False		False		bending		AT2G21220	SAUR12
w:constan	word	constan	1	39	43	21633	12.899821109123433	0.07472649395810325	1.0	-1.12652539363529	0.0	False		False		constan		AT2G34140	CDF4
w:auxin	word	auxin	4	39	893	21633	2.484623998621759	0.07589425881985323	1.0	-1.1197910759775473	0.0	True		False		auxin		AT1G66350, AT2G21220, AT5G62090, AT5G64120	RGL1, SAUR12, SLK2, PER71
k:Cyclin	keyword	Cyclin	1	39	44	21633	12.606643356643357	0.07639790047665967	1.0	-1.1169185762925058	0.0	False		False		Cyclin		AT1G34460	CYCB1;5
w:bright	word	bright	1	39	44	21633	12.606643356643357	0.07639790047665967	1.0	-1.1169185762925058	0.0	False		False		bright		AT2G47240	LACS1
w:columella	word	columella	1	39	44	21633	12.606643356643357	0.07639790047665967	1.0	-1.1169185762925058	0.0	False		False		columella		AT2G34140	CDF4
w:degraded	word	degraded	1	39	44	21633	12.606643356643357	0.07639790047665967	1.0	-1.1169185762925058	0.0	False		False		degraded		AT1G66350	RGL1
w:flux	word	flux	1	39	44	21633	12.606643356643357	0.07639790047665967	1.0	-1.1169185762925058	0.0	False		False		flux		AT2G26530	AR781
w:longevity	word	longevity	1	39	44	21633	12.606643356643357	0.07639790047665967	1.0	-1.1169185762925058	0.0	False		False		longevity		AT1G64060	RBOHF
w:rise	word	rise	1	39	44	21633	12.606643356643357	0.07639790047665967	1.0	-1.1169185762925058	0.0	False		False		rise		AT1G70700	TIFY7
w:root	word	root	7	39	2087	21633	1.860491688474439	0.07677511490268733	1.0	-1.1147795249133439	0.0	True		False		root		AT1G64060, AT1G70700, AT1G77120, AT2G34140, AT5G01180, AT5G62090, AT5G65970	RBOHF, TIFY7, ADH1, CDF4, PTR5, SLK2, MLO10
w:acetylglucosaminyltransferase	word	acetylglucosaminyltransferase	1	39	45	21633	12.326495726495727	0.07806636505961442	1.0	-1.107536041863739	0.0	False		False		acetylglucosaminyltransferase		AT1G67880	AT1G67880
w:elongate	word	elongate	1	39	45	21633	12.326495726495727	0.07806636505961442	1.0	-1.107536041863739	0.0	False		False		elongate		AT5G01180	PTR5
w:ile	word	ile	1	39	45	21633	12.326495726495727	0.07806636505961442	1.0	-1.107536041863739	0.0	False		False		ile		AT1G70700	TIFY7
w:isopentenyl	word	isopentenyl	1	39	45	21633	12.326495726495727	0.07806636505961442	1.0	-1.107536041863739	0.0	False		False		isopentenyl		AT5G16440	IPP1
w:aldolase	word	aldolase	1	39	46	21633	12.058528428093647	0.07973189274919547	1.0	-1.098367926101371	0.0	False		False		aldolase		AT3G49640	AT3G49640
w:dry	word	dry	1	39	46	21633	12.058528428093647	0.07973189274919547	1.0	-1.098367926101371	0.0	False		False		dry		AT5G01180	PTR5
w:poor	word	poor	1	39	46	21633	12.058528428093647	0.07973189274919547	1.0	-1.098367926101371	0.0	False		False		poor		AT1G70700	TIFY7
w:long	word	long	3	39	565	21633	2.945268890401634	0.0811226760897822	1.0	-1.090857731188061	0.0	True		False		long		AT1G20510, AT2G47240, AT4G25620	OPCL1, LACS1, BIL9
p:potential calcium	phrase	potential calcium	1	39	47	21633	11.801963993453354	0.08139448857922192	1.0	-1.0894050012615004	0.0	False		False		potential calcium		AT2G43290	MSS3
w:symptom	word	symptom	1	39	48	21633	11.556089743589743	0.08305415757511796	1.0	-1.0806386224932867	0.0	False		False		symptom		AT1G64060	RBOHF
w:meristematic	word	meristematic	1	39	49	21633	11.320251177394034	0.08471090475392581	1.0	-1.072060679756411	0.0	False		False		meristematic		AT5G62090	SLK2
w:tagged	word	tagged	1	39	49	21633	11.320251177394034	0.08471090475392581	1.0	-1.072060679756411	0.0	False		False		tagged		AT5G01180	PTR5
k:Developmental protein	keyword	Developmental protein	3	39	577	21633	2.88401546460472	0.08516741960782617	1.0	-1.0697265107568137	0.0	True		False		Developmental protein		AT1G66350, AT2G21220, AT5G62090	RGL1, SAUR12, SLK2
w:water	word	water	3	39	579	21633	2.8740534077321644	0.08584999050380604	1.0	-1.0662597485420264	0.0	True		False		water		AT1G77120, AT2G21220, AT4G25620	ADH1, SAUR12, BIL9
k:Pathogenesis-related protein	keyword	Pathogenesis-related protein	1	39	50	21633	11.093846153846155	0.08636473512432055	1.0	-1.0636635545963955	0.0	False		False		Pathogenesis-related protein		AT5G65970	MLO10
p:hyperosmotic salinity	phrase	hyperosmotic salinity	1	39	50	21633	11.093846153846155	0.08636473512432055	1.0	-1.0636635545963955	0.0	False		False		hyperosmotic salinity		AT5G59820	RHL41
p:pot ptr	phrase	pot ptr	1	39	50	21633	11.093846153846155	0.08636473512432055	1.0	-1.0636635545963955	0.0	False		False		pot ptr		AT5G01180	PTR5
w:cuticular	word	cuticular	1	39	50	21633	11.093846153846155	0.08636473512432055	1.0	-1.0636635545963955	0.0	False		False		cuticular		AT2G47240	LACS1
w:greatly	word	greatly	1	39	50	21633	11.093846153846155	0.08636473512432055	1.0	-1.0636635545963955	0.0	False		False		greatly		AT1G64060	RBOHF
w:ptr	word	ptr	1	39	50	21633	11.093846153846155	0.08636473512432055	1.0	-1.0636635545963955	0.0	False		False		ptr		AT5G01180	PTR5
w:thioester	word	thioester	1	39	50	21633	11.093846153846155	0.08636473512432055	1.0	-1.0636635545963955	0.0	False		False		thioester		AT1G20510	OPCL1
w:transcriptional	word	transcriptional	4	39	937	21633	2.3679500861998193	0.08704742417098713	1.0	-1.0602440756078535	0.0	True		False		transcriptional		AT1G66350, AT2G34140, AT5G59820, AT5G62090	RGL1, CDF4, RHL41, SLK2
w:belong	word	belong	2	39	274	21633	4.04884896125772	0.08725641215654122	1.0	-1.0592026484733172	0.0	True		False		belong		AT1G66350, AT5G65970	RGL1, MLO10
w:sucrose	word	sucrose	2	39	274	21633	4.04884896125772	0.08725641215654122	1.0	-1.0592026484733172	0.0	True		False		sucrose		AT1G53885, AT1G77120	FLZ17, ADH1
k:Brassinosteroid signaling pathway	keyword	Brassinosteroid signaling pathway	1	39	51	21633	10.876319758672699	0.08801565368662191	1.0	-1.0554400812004923	0.0	False		False		Brassinosteroid signaling pathway		AT5G59010	BSK5
w:herbivore	word	herbivore	1	39	51	21633	10.876319758672699	0.08801565368662191	1.0	-1.0554400812004923	0.0	False		False		herbivore		AT1G70700	TIFY7
w:pot	word	pot	1	39	51	21633	10.876319758672699	0.08801565368662191	1.0	-1.0554400812004923	0.0	False		False		pot		AT5G01180	PTR5
w:showed	word	showed	2	39	277	21633	4.004998611496807	0.0888859732351699	1.0	-1.0511667680196324	0.0	True		False		showed		AT5G64120, AT5G65970	PER71, MLO10
w:substrate	word	substrate	4	39	946	21633	2.3454220198406244	0.08942433361532572	1.0	-1.0485442875028976	0.0	True		False		substrate		AT1G20510, AT1G54020, AT1G77120, AT5G16440	OPCL1, AtGELP24, ADH1, IPP1
k:Gibberellin signaling pathway	keyword	Gibberellin signaling pathway	1	39	52	21633	10.66715976331361	0.0896636654328096	1.0	-1.0473835112352867	0.0	False		False		Gibberellin signaling pathway		AT1G66350	RGL1
p:transit peptide	phrase	transit peptide	1	39	52	21633	10.66715976331361	0.0896636654328096	1.0	-1.0473835112352867	0.0	False		False		transit peptide		AT1G53530	IMP1A
w:unique	word	unique	1	39	52	21633	10.66715976331361	0.0896636654328096	1.0	-1.0473835112352867	0.0	False		False		unique		AT2G43290	MSS3
p:auxin upregulated	phrase	auxin upregulated	1	39	53	21633	10.46589259796807	0.0913087753465356	1.0	-1.039487482033754	0.0	False		False		auxin upregulated		AT2G21220	SAUR12
w:parasitica	word	parasitica	1	39	53	21633	10.46589259796807	0.0913087753465356	1.0	-1.039487482033754	0.0	False		False		parasitica		AT1G64060	RBOHF
p:significant reduction	phrase	significant reduction	1	39	54	21633	10.272079772079772	0.09295098840313823	1.0	-1.031745987756025	0.0	False		False		significant reduction		AT5G64120	PER71
w:decay	word	decay	1	39	54	21633	10.272079772079772	0.09295098840313823	1.0	-1.031745987756025	0.0	False		False		decay		AT5G63120	RH30
w:phylogenetic	word	phylogenetic	1	39	54	21633	10.272079772079772	0.09295098840313823	1.0	-1.031745987756025	0.0	False		False		phylogenetic		AT5G65970	MLO10
w:reverse	word	reverse	1	39	54	21633	10.272079772079772	0.09295098840313823	1.0	-1.031745987756025	0.0	False		False		reverse		AT1G77120	ADH1
p:jasmonic acid	phrase	jasmonic acid	2	39	286	21633	3.8789671866594944	0.09382947255826968	1.0	-1.0276607249582423	0.0	True		False		jasmonic acid		AT1G20510, AT1G70700	OPCL1, TIFY7
w:jasmonic	word	jasmonic	2	39	286	21633	3.8789671866594944	0.09382947255826968	1.0	-1.0276607249582423	0.0	True		False		jasmonic		AT1G20510, AT1G70700	OPCL1, TIFY7
p:fresh weight	phrase	fresh weight	1	39	55	21633	10.085314685314684	0.09459030956965554	1.0	-1.024153353196423	0.0	False		False		fresh weight		AT1G70700	TIFY7
w:cam	word	cam	1	39	55	21633	10.085314685314684	0.09459030956965554	1.0	-1.024153353196423	0.0	False		False		cam		AT2G43290	MSS3
w:junction	word	junction	1	39	55	21633	10.085314685314684	0.09459030956965554	1.0	-1.024153353196423	0.0	False		False		junction		AT5G65970	MLO10
w:lineage	word	lineage	1	39	55	21633	10.085314685314684	0.09459030956965554	1.0	-1.024153353196423	0.0	False		False		lineage		AT4G25620	BIL9
w:responsiveness	word	responsiveness	1	39	55	21633	10.085314685314684	0.09459030956965554	1.0	-1.024153353196423	0.0	False		False		responsiveness		AT5G65970	MLO10
w:trnas	word	trnas	1	39	55	21633	10.085314685314684	0.09459030956965554	1.0	-1.024153353196423	0.0	False		False		trnas		AT3G49640	AT3G49640
w:tolerance	word	tolerance	3	39	606	21633	2.7460015232292463	0.09529537944011619	1.0	-1.0209281563638646	0.0	True		False		tolerance		AT2G31180, AT5G59010, AT5G59820	MYB14, BSK5, RHL41
w:dimer	word	dimer	1	39	56	21633	9.90521978021978	0.09622674380483867	1.0	-1.0167042099506294	0.0	False		False		dimer		AT1G77120	ADH1
w:isoprenoid	word	isoprenoid	1	39	56	21633	9.90521978021978	0.09622674380483867	1.0	-1.0167042099506294	0.0	False		False		isoprenoid		AT5G16440	IPP1
w:non	word	non	1	39	56	21633	9.90521978021978	0.09622674380483867	1.0	-1.0167042099506294	0.0	False		False		non		AT1G78170	CLG4
w:genetic	word	genetic	1	39	57	21633	9.73144399460189	0.09786029605916566	1.0	-1.0093934746922928	0.0	False		False		genetic		AT5G16440	IPP1
w:treated	word	treated	1	39	57	21633	9.73144399460189	0.09786029605916566	1.0	-1.0093934746922928	0.0	False		False		treated		AT1G66350	RGL1
w:multiprotein	word	multiprotein	1	39	58	21633	9.563660477453581	0.09949097127485401	1.0	-1.0022163293389341	0.0	False		False		multiprotein		AT1G66350	RGL1
w:saur	word	saur	1	39	58	21633	9.563660477453581	0.09949097127485401	1.0	-1.0022163293389341	0.0	False		False		saur		AT2G21220	SAUR12
w:solute	word	solute	1	39	58	21633	9.563660477453581	0.09949097127485401	1.0	-1.0022163293389341	0.0	False		False		solute		AT2G21220	SAUR12
w:utr	word	utr	1	39	58	21633	9.563660477453581	0.09949097127485401	1.0	-1.0022163293389341	0.0	False		False		utr		AT1G22330	AT1G22330
w:specificity	word	specificity	2	39	301	21633	3.685663174035267	0.10224304778396347	1.0	-0.9903662130195081	0.0	True		False		specificity		AT1G54020, AT5G65970	AtGELP24, MLO10
p:alcohol dehydrogenase	phrase	alcohol dehydrogenase	1	39	60	21633	9.244871794871795	0.10274371031796702	1.0	-0.9882447549293414	0.0	False		False		alcohol dehydrogenase		AT1G77120	ADH1
p:oligopeptide transporter	phrase	oligopeptide transporter	1	39	60	21633	9.244871794871795	0.10274371031796702	1.0	-0.9882447549293414	0.0	False		False		oligopeptide transporter		AT5G01180	PTR5
w:mrna	word	mrna	5	39	1400	21633	1.981043956043956	0.1050495903530118	1.0	-0.9786056368113212	0.0	True		False		mrna		AT1G22330, AT1G33680, AT1G77120, AT3G19360, AT5G63120	AT1G22330, AtKH3, ADH1, AtC3H39, RH30
w:drought	word	drought	2	39	306	21633	3.6254399195575666	0.10509359573164968	1.0	-0.9784237485117105	0.0	True		False		drought		AT4G25620, AT5G59010	BIL9, BSK5
w:support	word	support	1	39	62	21633	8.946650124069478	0.10598500030722957	1.0	-0.9747555945913693	0.0	False		False		support		AT5G62090	SLK2
w:increased	word	increased	5	39	1405	21633	1.9739939775526962	0.10625310746585867	1.0	-0.9736583597666818	0.0	True		False		increased		AT1G64060, AT1G70700, AT1G78170, AT2G47240, AT5G17640	RBOHF, TIFY7, CLG4, LACS1, ASG1
p:male sterile	phrase	male sterile	1	39	63	21633	8.804639804639804	0.1076013641748305	1.0	-0.968182222630172	0.0	False		False		male sterile		AT2G47240	LACS1
w:detectable	word	detectable	1	39	63	21633	8.804639804639804	0.1076013641748305	1.0	-0.968182222630172	0.0	False		False		detectable		AT1G77120	ADH1
w:gynoecium	word	gynoecium	1	39	63	21633	8.804639804639804	0.1076013641748305	1.0	-0.968182222630172	0.0	False		False		gynoecium		AT5G62090	SLK2
w:reduced	word	reduced	6	39	1835	21633	1.813707818067491	0.10868289208218142	1.0	-0.9638388134026471	0.0	True		False		reduced		AT1G20510, AT1G64060, AT1G70700, AT1G78170, AT2G47240, AT3G02170	OPCL1, RBOHF, TIFY7, CLG4, LACS1, LNG2
w:followed	word	followed	1	39	64	21633	8.667067307692307	0.10921488048438914	1.0	-0.9617181851479402	0.0	False		False		followed		AT1G20510	OPCL1
w:toxico	word	toxico	1	39	64	21633	8.667067307692307	0.10921488048438914	1.0	-0.9617181851479402	0.0	False		False		toxico		AT2G18670	ATL56
w:transit	word	transit	1	39	64	21633	8.667067307692307	0.10921488048438914	1.0	-0.9617181851479402	0.0	False		False		transit		AT1G53530	IMP1A
w:coa	word	coa	2	39	315	21633	3.521855921855922	0.11027959739112181	1.0	-0.9575048280861527	0.0	True		False		coa		AT1G20510, AT2G47240	OPCL1, LACS1
p:acyltransferase lipase	phrase	acyltransferase lipase	1	39	65	21633	8.533727810650888	0.11082555412067771	1.0	-0.9553600885785849	0.0	False		False		acyltransferase lipase		AT1G54020	AtGELP24
p:callose deposition	phrase	callose deposition	1	39	65	21633	8.533727810650888	0.11082555412067771	1.0	-0.9553600885785849	0.0	False		False		callose deposition		AT1G64060	RBOHF
p:catalyze acyltransfer	phrase	catalyze acyltransfer	1	39	65	21633	8.533727810650888	0.11082555412067771	1.0	-0.9553600885785849	0.0	False		False		catalyze acyltransfer		AT1G54020	AtGELP24
p:esterase acyltransferase	phrase	esterase acyltransferase	1	39	65	21633	8.533727810650888	0.11082555412067771	1.0	-0.9553600885785849	0.0	False		False		esterase acyltransferase		AT1G54020	AtGELP24
p:non‑lipid substrate	phrase	non-lipid substrate	1	39	65	21633	8.533727810650888	0.11082555412067771	1.0	-0.9553600885785849	0.0	False		False		non-lipid substrate		AT1G54020	AtGELP24
w:acyltransfer	word	acyltransfer	1	39	65	21633	8.533727810650888	0.11082555412067771	1.0	-0.9553600885785849	0.0	False		False		acyltransfer		AT1G54020	AtGELP24
w:chitin	word	chitin	1	39	65	21633	8.533727810650888	0.11082555412067771	1.0	-0.9553600885785849	0.0	False		False		chitin		AT5G59820	RHL41
w:corepressor	word	corepressor	1	39	65	21633	8.533727810650888	0.11082555412067771	1.0	-0.9553600885785849	0.0	False		False		corepressor		AT5G62090	SLK2
w:gus	word	gus	1	39	65	21633	8.533727810650888	0.11082555412067771	1.0	-0.9553600885785849	0.0	False		False		gus		AT5G65970	MLO10
w:modified	word	modified	1	39	65	21633	8.533727810650888	0.11082555412067771	1.0	-0.9553600885785849	0.0	False		False		modified		AT3G49640	AT3G49640
w:non‑lipid	word	non-lipid	1	39	65	21633	8.533727810650888	0.11082555412067771	1.0	-0.9553600885785849	0.0	False		False		non-lipid		AT1G54020	AtGELP24
w:rapidly	word	rapidly	1	39	65	21633	8.533727810650888	0.11082555412067771	1.0	-0.9553600885785849	0.0	False		False		rapidly		AT1G66350	RGL1
w:oxidation	word	oxidation	2	39	316	21633	3.5107108081791623	0.11086006661377046	1.0	-0.9552248647839306	0.0	True		False		oxidation		AT2G47240, AT5G64120	LACS1, PER71
w:promoting	word	promoting	2	39	316	21633	3.5107108081791623	0.11086006661377046	1.0	-0.9552248647839306	0.0	True		False		promoting		AT2G21220, AT3G02170	SAUR12, LNG2
p:toxic reductant	phrase	toxic reductant	1	39	66	21633	8.404428904428904	0.11243338996031482	1.0	-0.9491046947983585	0.0	False		False		toxic reductant		AT5G64120	PER71
w:ala	word	ala	1	39	66	21633	8.404428904428904	0.11243338996031482	1.0	-0.9491046947983585	0.0	False		False		ala		AT5G01180	PTR5
w:atperox	word	atperox	1	39	66	21633	8.404428904428904	0.11243338996031482	1.0	-0.9491046947983585	0.0	False		False		atperox		AT5G64120	PER71
w:hybrid	word	hybrid	1	39	66	21633	8.404428904428904	0.11243338996031482	1.0	-0.9491046947983585	0.0	False		False		hybrid		AT1G70700	TIFY7
w:levadura	word	levadura	1	39	66	21633	8.404428904428904	0.11243338996031482	1.0	-0.9491046947983585	0.0	False		False		levadura		AT2G18670	ATL56
p:finger ccch	phrase	finger ccch	1	39	67	21633	8.278989667049368	0.11403839287177904	1.0	-0.9429489117750314	0.0	False		False		finger ccch		AT3G19360	AtC3H39
w:cutin	word	cutin	1	39	67	21633	8.278989667049368	0.11403839287177904	1.0	-0.9429489117750314	0.0	False		False		cutin		AT2G47240	LACS1
w:extension	word	extension	1	39	67	21633	8.278989667049368	0.11403839287177904	1.0	-0.9429489117750314	0.0	False		False		extension		AT2G43290	MSS3
w:hyperosmotic	word	hyperosmotic	1	39	67	21633	8.278989667049368	0.11403839287177904	1.0	-0.9429489117750314	0.0	False		False		hyperosmotic		AT5G59820	RHL41
w:recruiting	word	recruiting	1	39	67	21633	8.278989667049368	0.11403839287177904	1.0	-0.9429489117750314	0.0	False		False		recruiting		AT3G02170	LNG2
w:secreted	word	secreted	1	39	67	21633	8.278989667049368	0.11403839287177904	1.0	-0.9429489117750314	0.0	False		False		secreted		AT5G56870	BGAL4
w:uses	word	uses	1	39	67	21633	8.278989667049368	0.11403839287177904	1.0	-0.9429489117750314	0.0	False		False		uses		AT2G47240	LACS1
p:transcription cis‑regulatory	phrase	transcription cis-regulatory	3	39	660	21633	2.5213286713286713	0.11540979028251548	1.0	-0.9377573481532209	0.0	True		False		transcription cis-regulatory		AT2G31180, AT2G34140, AT5G59820	MYB14, CDF4, RHL41
p:auxin catabolism	phrase	auxin catabolism	1	39	68	21633	8.157239819004525	0.11564056771542186	1.0	-0.9368897849098042	0.0	False		False		auxin catabolism		AT5G64120	PER71
p:calcium sensor	phrase	calcium sensor	1	39	68	21633	8.157239819004525	0.11564056771542186	1.0	-0.9368897849098042	0.0	False		False		calcium sensor		AT2G43290	MSS3
p:dead box	phrase	dead box	1	39	68	21633	8.157239819004525	0.11564056771542186	1.0	-0.9368897849098042	0.0	False		False		dead box		AT5G63120	RH30
p:freezing tolerance	phrase	freezing tolerance	1	39	68	21633	8.157239819004525	0.11564056771542186	1.0	-0.9368897849098042	0.0	False		False		freezing tolerance		AT2G31180	MYB14
w:lactoperoxidase	word	lactoperoxidase	1	39	68	21633	8.157239819004525	0.11564056771542186	1.0	-0.9368897849098042	0.0	False		False		lactoperoxidase		AT5G64120	PER71
w:suberization	word	suberization	1	39	68	21633	8.157239819004525	0.11564056771542186	1.0	-0.9368897849098042	0.0	False		False		suberization		AT5G64120	PER71
w:survival	word	survival	1	39	68	21633	8.157239819004525	0.11564056771542186	1.0	-0.9368897849098042	0.0	False		False		survival		AT1G77120	ADH1
w:effect	word	effect	2	39	326	21633	3.4030202925908446	0.1167097523901137	1.0	-0.9328928523329573	0.0	True		False		effect		AT1G64060, AT1G66350	RBOHF, RGL1
w:ccch	word	ccch	1	39	69	21633	8.03901895206243	0.11723991934348113	1.0	-0.9309244890112643	0.0	False		False		ccch		AT3G19360	AtC3H39
p:calcium ion	phrase	calcium ion	2	39	328	21633	3.3822701688555346	0.11788926600783947	1.0	-0.9285257362601749	0.0	True		False		calcium ion		AT1G64060, AT2G43290	RBOHF, MSS3
w:oxo	word	oxo	1	39	70	21633	7.9241758241758244	0.11883645260009411	1.0	-0.9250503208468198	0.0	False		False		oxo		AT1G20510	OPCL1
w:premature	word	premature	1	39	70	21633	7.9241758241758244	0.11883645260009411	1.0	-0.9250503208468198	0.0	False		False		premature		AT2G34140	CDF4
w:detoxification	word	detoxification	2	39	330	21633	3.361771561771562	0.11907188643786393	1.0	-0.9241907658569657	0.0	True		False		detoxification		AT1G64060, AT5G64120	RBOHF, PER71
p:lipase acylhydrolase	phrase	lipase acylhydrolase	1	39	71	21633	7.812567713976164	0.12043017232131095	1.0	-0.9192646922224533	0.0	False		False		lipase acylhydrolase		AT1G54020	AtGELP24
w:mildew	word	mildew	1	39	71	21633	7.812567713976164	0.12043017232131095	1.0	-0.9192646922224533	0.0	False		False		mildew		AT5G65970	MLO10
p:dark grown	phrase	dark grown	1	39	72	21633	7.704059829059829	0.12202108333510692	1.0	-0.9135651235464634	0.0	False		False		dark grown		AT1G66350	RGL1
w:stimulated	word	stimulated	1	39	72	21633	7.704059829059829	0.12202108333510692	1.0	-0.9135651235464634	0.0	False		False		stimulated		AT1G70700	TIFY7
w:iii	word	iii	2	39	339	21633	3.272520989335148	0.12443116060634461	1.0	-0.9050708480634899	0.0	True		False		iii		AT5G64120, AT5G65970	PER71, MLO10
k:Hydrogen peroxide	keyword	Hydrogen peroxide	1	39	74	21633	7.495841995841996	0.12519449851204617	1.0	-0.902414755138019	0.0	False		False		Hydrogen peroxide		AT5G64120	PER71
p:peroxide catabolic	phrase	peroxide catabolic	1	39	74	21633	7.495841995841996	0.12519449851204617	1.0	-0.902414755138019	0.0	False		False		peroxide catabolic		AT5G64120	PER71
w:facilitating	word	facilitating	1	39	74	21633	7.495841995841996	0.12519449851204617	1.0	-0.902414755138019	0.0	False		False		facilitating		AT5G62090	SLK2
w:germinate	word	germinate	1	39	74	21633	7.495841995841996	0.12519449851204617	1.0	-0.902414755138019	0.0	False		False		germinate		AT5G01180	PTR5
w:yield	word	yield	1	39	74	21633	7.495841995841996	0.12519449851204617	1.0	-0.902414755138019	0.0	False		False		yield		AT1G20510	OPCL1
w:hand	word	hand	1	39	75	21633	7.395897435897435	0.12677701229088698	1.0	-0.8969594873082503	0.0	False		False		hand		AT2G43290	MSS3
k:Magnesium	keyword	Magnesium	3	39	691	21633	2.4082155182010467	0.12763935966435488	1.0	-0.894015383222924	0.0	True		False		Magnesium		AT1G20510, AT2G47240, AT5G16440	OPCL1, LACS1, IPP1
w:coenzyme	word	coenzyme	1	39	76	21633	7.298582995951417	0.12835673659372832	1.0	-0.8915813331576543	0.0	False		False		coenzyme		AT2G47240	LACS1
p:cell death	phrase	cell death	2	39	347	21633	3.1970738195522057	0.1292445430726584	1.0	-0.8885877845083937	0.0	True		False		cell death		AT1G64060, AT5G65970	RBOHF, MLO10
k:tRNA processing	keyword	tRNA processing	1	39	77	21633	7.203796203796204	0.12993367620837074	1.0	-0.8862782739000383	0.0	False		False		tRNA processing		AT3G49640	AT3G49640
w:external	word	external	1	39	77	21633	7.203796203796204	0.12993367620837074	1.0	-0.8862782739000383	0.0	False		False		external		AT5G65970	MLO10
p:cold acclimation	phrase	cold acclimation	1	39	78	21633	7.111439842209073	0.13150783591461843	1.0	-0.881048368899771	0.0	False		False		cold acclimation		AT5G59820	RHL41
k:RNA-binding	keyword	RNA-binding	3	39	704	21633	2.3637456293706296	0.1329053270846474	1.0	-0.8764576114041357	0.0	True		False		RNA-binding		AT1G22330, AT1G33680, AT5G63120	AT1G22330, AtKH3, RH30
k:Ribosome biogenesis	keyword	Ribosome biogenesis	1	39	79	21633	7.0214216163583245	0.13307922048429266	1.0	-0.8758897516893118	0.0	False		False		Ribosome biogenesis		AT5G63120	RH30
w:atl	word	atl	1	39	79	21633	7.0214216163583245	0.13307922048429266	1.0	-0.8758897516893118	0.0	False		False		atl		AT2G18670	ATL56
w:corresponding	word	corresponding	1	39	79	21633	7.0214216163583245	0.13307922048429266	1.0	-0.8758897516893118	0.0	False		False		corresponding		AT1G77120	ADH1
w:fresh	word	fresh	1	39	79	21633	7.0214216163583245	0.13307922048429266	1.0	-0.8758897516893118	0.0	False		False		fresh		AT1G70700	TIFY7
w:seven	word	seven	1	39	79	21633	7.0214216163583245	0.13307922048429266	1.0	-0.8758897516893118	0.0	False		False		seven		AT5G65970	MLO10
k:Nucleotide-binding	keyword	Nucleotide-binding	7	39	2395	21633	1.62123012686687	0.1339481558352192	1.0	-0.8730632612726544	0.0	True		False		Nucleotide-binding		AT1G20510, AT1G77120, AT2G47240, AT3G49640, AT4G30490, AT5G59010, AT5G63120	OPCL1, ADH1, LACS1, AT3G49640, AT4G30490, BSK5, RH30
w:cis‑regulatory	word	cis-regulatory	3	39	707	21633	2.3537155913393537	0.13413164620343523	1.0	-0.8724687452648312	0.0	True		False		cis-regulatory		AT2G31180, AT2G34140, AT5G59820	MYB14, CDF4, RHL41
p:fatty acid	phrase	fatty acid	2	39	356	21633	3.116248919619706	0.13471250173667343	1.0	-0.8705920985360381	0.0	True		False		fatty acid		AT1G20510, AT2G47240	OPCL1, LACS1
w:acylhydrolase	word	acylhydrolase	1	39	81	21633	6.848053181386515	0.13621368326137007	1.0	-0.8657792634480566	0.0	False		False		acylhydrolase		AT1G54020	AtGELP24
w:metabolic	word	metabolic	5	39	1524	21633	1.8198566525338176	0.13692218709482057	1.0	-0.8635261723765073	0.0	True		False		metabolic		AT1G64060, AT1G67880, AT2G47240, AT5G56870, AT5G64120	RBOHF, AT1G67880, LACS1, BGAL4, PER71
w:time	word	time	2	39	361	21633	3.0730875772427013	0.13777337152227428	1.0	-0.8608347136218162	0.0	True		False		time		AT1G70700, AT5G56870	TIFY7, BGAL4
w:bolting	word	bolting	1	39	82	21633	6.764540337711069	0.1377767709726176	1.0	-0.8608239978768537	0.0	False		False		bolting		AT1G70700	TIFY7
w:somewhat	word	somewhat	1	39	82	21633	6.764540337711069	0.1377767709726176	1.0	-0.8608239978768537	0.0	False		False		somewhat		AT2G47240	LACS1
p:cell population	phrase	cell population	1	39	83	21633	6.6830398517145495	0.13933710255500673	1.0	-0.8559332246429554	0.0	False		False		cell population		AT2G34140	CDF4
p:ethylene activated	phrase	ethylene activated	1	39	83	21633	6.6830398517145495	0.13933710255500673	1.0	-0.8559332246429554	0.0	False		False		ethylene activated		AT1G64060	RBOHF
w:content	word	content	2	39	365	21633	3.0394099051633297	0.14023350537041815	1.0	-0.8531482099141413	0.0	True		False		content		AT2G47240, AT5G01180	LACS1, PTR5
w:death	word	death	2	39	365	21633	3.0394099051633297	0.14023350537041815	1.0	-0.8531482099141413	0.0	True		False		death		AT1G64060, AT5G65970	RBOHF, MLO10
k:Photosynthesis	keyword	Photosynthesis	1	39	84	21633	6.603479853479853	0.140894682740638	1.0	-0.8511053965285004	0.0	False		False		Photosynthesis		AT5G16440	IPP1
w:week	word	week	1	39	84	21633	6.603479853479853	0.140894682740638	1.0	-0.8511053965285004	0.0	False		False		week		AT1G64060	RBOHF
w:independently	word	independently	1	39	85	21633	6.52579185520362	0.14244951625370647	1.0	-0.8463390212486717	0.0	False		False		independently		AT3G02170	LNG2
w:tissue	word	tissue	3	39	730	21633	2.2795574288724976	0.1436671087496094	1.0	-0.8426426481745654	0.0	True		False		tissue		AT1G53885, AT5G64120, AT5G65970	FLZ17, PER71, MLO10
w:absent	word	absent	1	39	86	21633	6.449910554561717	0.14400160781051485	1.0	-0.8416326588815809	0.0	False		False		absent		AT2G47240	LACS1
w:clade	word	clade	1	39	86	21633	6.449910554561717	0.14400160781051485	1.0	-0.8416326588815809	0.0	False		False		clade		AT5G65970	MLO10
w:green	word	green	2	39	374	21633	2.9662690250925543	0.14580454728224	1.0	-0.8362289312389724	0.0	True		False		green		AT1G78170, AT2G47240	CLG4, LACS1
w:final	word	final	1	39	88	21633	6.303321678321678	0.14709758388117383	1.0	-0.8323944606218333	0.0	False		False		final		AT1G20510	OPCL1
w:link	word	link	1	39	88	21633	6.303321678321678	0.14709758388117383	1.0	-0.8323944606218333	0.0	False		False		link		AT2G21220	SAUR12
w:recruit	word	recruit	1	39	88	21633	6.303321678321678	0.14709758388117383	1.0	-0.8323944606218333	0.0	False		False		recruit		AT3G02170	LNG2
w:old	word	old	1	39	89	21633	6.232497839239412	0.1486414777882816	1.0	-0.8278599855886886	0.0	False		False		old		AT1G64060	RBOHF
w:affecting	word	affecting	1	39	90	21633	6.163247863247864	0.15018264852566823	1.0	-0.8233802409993412	0.0	False		False		affecting		AT2G31180	MYB14
w:classical	word	classical	1	39	90	21633	6.163247863247864	0.15018264852566823	1.0	-0.8233802409993412	0.0	False		False		classical		AT5G64120	PER71
w:lower	word	lower	2	39	382	21633	2.904148207813129	0.15079622308013382	1.0	-0.8216095358932881	0.0	True		False		lower		AT1G70700, AT5G01180	TIFY7, PTR5
w:visible	word	visible	3	39	748	21633	2.2247017688194157	0.15128826191407427	1.0	-0.8201947665154974	0.0	True		False		visible		AT1G66350, AT2G43290, AT5G62090	RGL1, MSS3, SLK2
w:ion	word	ion	6	39	2019	21633	1.6484169619385074	0.1516208806675258	1.0	-0.8192409851536631	0.0	True		False		ion		AT1G64060, AT1G77120, AT2G26530, AT2G43290, AT3G19360, AT5G62090	RBOHF, ADH1, AR781, MSS3, AtC3H39, SLK2
w:terminal	word	terminal	3	39	749	21633	2.221731539488549	0.15171558632285112	1.0	-0.8189698001869671	0.0	True		False		terminal		AT2G21220, AT2G43290, AT5G56870	SAUR12, MSS3, BGAL4
w:epidermis	word	epidermis	1	39	91	21633	6.095519864750633	0.15172110077036471	1.0	-0.8189540150546608	0.0	False		False		epidermis		AT4G25620	BIL9
w:reducing	word	reducing	1	39	91	21633	6.095519864750633	0.15172110077036471	1.0	-0.8189540150546608	0.0	False		False		reducing		AT1G66350	RGL1
w:population	word	population	1	39	92	21633	6.029264214046823	0.15325683919158634	1.0	-0.8145801356879061	0.0	False		False		population		AT2G34140	CDF4
w:fatty	word	fatty	2	39	388	21633	2.8592386994448846	0.15456319849627803	1.0	-0.8108939036426664	0.0	True		False		fatty		AT1G20510, AT2G47240	OPCL1, LACS1
w:dead	word	dead	1	39	93	21633	5.964433416046319	0.1547898684507447	1.0	-0.8102574688464848	0.0	False		False		dead		AT5G63120	RH30
w:homolog	word	homolog	1	39	93	21633	5.964433416046319	0.1547898684507447	1.0	-0.8102574688464848	0.0	False		False		homolog		AT5G65970	MLO10
w:media	word	media	1	39	93	21633	5.964433416046319	0.1547898684507447	1.0	-0.8102574688464848	0.0	False		False		media		AT5G01180	PTR5
k:Oxidoreductase	keyword	Oxidoreductase	4	39	1164	21633	1.9061591329632566	0.15607520349959048	1.0	-0.806666090138838	0.0	True		False		Oxidoreductase		AT1G64060, AT1G77120, AT3G49640, AT5G64120	RBOHF, ADH1, AT3G49640, PER71
p:environmental stress	phrase	environmental stress	1	39	95	21633	5.838866396761134	0.15784781808957718	1.0	-0.8017614169279617	0.0	False		False		environmental stress		AT5G64120	PER71
w:catalyzing	word	catalyzing	1	39	95	21633	5.838866396761134	0.15784781808957718	1.0	-0.8017614169279617	0.0	False		False		catalyzing		AT1G77120	ADH1
w:yeast	word	yeast	2	39	395	21633	2.80856864654333	0.15898193382318018	1.0	-0.7986522246524039	0.0	True		False		yeast		AT1G70700, AT2G43290	TIFY7, MSS3
p:fungal pathogen	phrase	fungal pathogen	1	39	96	21633	5.778044871794871	0.15937274775317206	1.0	-0.7975859396041232	0.0	False		False		fungal pathogen		AT1G70700	TIFY7
p:gdsl esterase	phrase	gdsl esterase	1	39	96	21633	5.778044871794871	0.15937274775317206	1.0	-0.7975859396041232	0.0	False		False		gdsl esterase		AT1G54020	AtGELP24
p:gibberellic acid	phrase	gibberellic acid	1	39	96	21633	5.778044871794871	0.15937274775317206	1.0	-0.7975859396041232	0.0	False		False		gibberellic acid		AT1G66350	RGL1
p:pathogen attack	phrase	pathogen attack	1	39	96	21633	5.778044871794871	0.15937274775317206	1.0	-0.7975859396041232	0.0	False		False		pathogen attack		AT5G64120	PER71
w:aldehyde	word	aldehyde	1	39	96	21633	5.778044871794871	0.15937274775317206	1.0	-0.7975859396041232	0.0	False		False		aldehyde		AT1G77120	ADH1
w:delta	word	delta	1	39	96	21633	5.778044871794871	0.15937274775317206	1.0	-0.7975859396041232	0.0	False		False		delta		AT5G16440	IPP1
w:freezing	word	freezing	1	39	96	21633	5.778044871794871	0.15937274775317206	1.0	-0.7975859396041232	0.0	False		False		freezing		AT2G31180	MYB14
w:gibberellic	word	gibberellic	1	39	96	21633	5.778044871794871	0.15937274775317206	1.0	-0.7975859396041232	0.0	False		False		gibberellic		AT1G66350	RGL1
w:insect	word	insect	1	39	96	21633	5.778044871794871	0.15937274775317206	1.0	-0.7975859396041232	0.0	False		False		insect		AT1G70700	TIFY7
w:total	word	total	1	39	96	21633	5.778044871794871	0.15937274775317206	1.0	-0.7975859396041232	0.0	False		False		total		AT5G64120	PER71
w:responsive	word	responsive	3	39	767	21633	2.169591816267175	0.15947562574498858	1.0	-0.7973056851043716	0.0	True		False		responsive		AT1G78170, AT2G21220, AT5G59820	CLG4, SAUR12, RHL41
p:templated transcription	phrase	templated transcription	5	39	1604	21633	1.729090734701707	0.159600013728649	1.0	-0.7969670756276688	0.0	True		False		templated transcription		AT1G66350, AT2G31180, AT2G34140, AT3G19360, AT5G59820	RGL1, MYB14, CDF4, AtC3H39, RHL41
p:gdsl lipolytic	phrase	gdsl lipolytic	1	39	97	21633	5.718477398889769	0.16089498682257017	1.0	-0.7934574874684833	0.0	False		False		gdsl lipolytic		AT1G54020	AtGELP24
w:closely	word	closely	1	39	97	21633	5.718477398889769	0.16089498682257017	1.0	-0.7934574874684833	0.0	False		False		closely		AT5G65970	MLO10
w:defense	word	defense	4	39	1181	21633	1.8787207711847846	0.16193259292859016	1.0	-0.7906657299716053	0.0	True		False		defense		AT1G64060, AT1G70700, AT5G64120, AT5G65970	RBOHF, TIFY7, PER71, MLO10
p:dna templated	phrase	dna templated	5	39	1613	21633	1.7194429872669177	0.16224765187446027	1.0	-0.7898215797993592	0.0	True		False		dna templated		AT1G66350, AT2G31180, AT2G34140, AT3G19360, AT5G59820	RGL1, MYB14, CDF4, AtC3H39, RHL41
w:consensus	word	consensus	1	39	98	21633	5.660125588697017	0.16241453992035615	1.0	-0.7893750937862435	0.0	False		False		consensus		AT2G34140	CDF4
w:residue	word	residue	2	39	402	21633	2.7596632223497894	0.16342521243390712	1.0	-0.7866809418289945	0.0	True		False		residue		AT1G70700, AT5G56870	TIFY7, BGAL4
w:carpel	word	carpel	1	39	99	21633	5.602952602952603	0.16393141166138733	1.0	-0.7853378212670277	0.0	False		False		carpel		AT5G62090	SLK2
w:ectopic	word	ectopic	1	39	99	21633	5.602952602952603	0.16393141166138733	1.0	-0.7853378212670277	0.0	False		False		ectopic		AT2G34140	CDF4
w:templated	word	templated	5	39	1619	21633	1.7130707464246684	0.16402316209934698	1.0	-0.7850948198689942	0.0	True		False		templated		AT1G66350, AT2G31180, AT2G34140, AT3G19360, AT5G59820	RGL1, MYB14, CDF4, AtC3H39, RHL41
p:water deprivation	phrase	water deprivation	2	39	405	21633	2.739221272554606	0.16533667381842973	1.0	-0.7816308035948569	0.0	True		False		water deprivation		AT1G77120, AT4G25620	ADH1, BIL9
w:fruit	word	fruit	1	39	100	21633	5.546923076923077	0.1654456066528058	1.0	-0.7813447608811394	0.0	False		False		fruit		AT1G66350	RGL1
p:esterase lipase	phrase	esterase lipase	1	39	101	21633	5.492003046458492	0.1669571294940513	1.0	-0.7773950307347116	0.0	False		False		esterase lipase		AT1G54020	AtGELP24
w:callose	word	callose	1	39	101	21633	5.492003046458492	0.1669571294940513	1.0	-0.7773950307347116	0.0	False		False		callose		AT1G64060	RBOHF
w:primordia	word	primordia	1	39	101	21633	5.492003046458492	0.1669571294940513	1.0	-0.7773950307347116	0.0	False		False		primordia		AT5G65970	MLO10
w:atp	word	atp	6	39	2081	21633	1.5993050678298155	0.1676697095383068	1.0	-0.7755453880114226	0.0	True		False		atp		AT1G20510, AT1G53530, AT2G47240, AT4G30490, AT5G59010, AT5G63120	OPCL1, IMP1A, LACS1, AT4G30490, BSK5, RH30
w:stomatal	word	stomatal	2	39	409	21633	2.7124318224562725	0.16789177051414694	1.0	-0.7749705909845637	0.0	True		False		stomatal		AT1G64060, AT4G25620	RBOHF, BIL9
w:cytosol	word	cytosol	6	39	2082	21633	1.598536909776103	0.1679346587655315	1.0	-0.774859663854403	0.0	True		False		cytosol		AT1G34460, AT1G53885, AT1G54020, AT1G77120, AT3G02170, AT5G16440	CYCB1;5, FLZ17, AtGELP24, ADH1, LNG2, IPP1
w:gdsl	word	gdsl	1	39	102	21633	5.438159879336349	0.16846598477687386	1.0	-0.7734877750002715	0.0	False		False		gdsl		AT1G54020	AtGELP24
w:space	word	space	1	39	102	21633	5.438159879336349	0.16846598477687386	1.0	-0.7734877750002715	0.0	False		False		space		AT1G53530	IMP1A
w:stomata	word	stomata	1	39	102	21633	5.438159879336349	0.16846598477687386	1.0	-0.7734877750002715	0.0	False		False		stomata		AT4G25620	BIL9
w:leaf	word	leaf	4	39	1200	21633	1.8489743589743588	0.1685775459757773	1.0	-0.7732002725833612	0.0	True		False		leaf		AT1G66350, AT3G02170, AT4G25620, AT5G65970	RGL1, LNG2, BIL9, MLO10
w:isozyme	word	isozyme	1	39	103	21633	5.385362210604929	0.1699721770853453	1.0	-0.7696221628994783	0.0	False		False		isozyme		AT5G64120	PER71
k:rRNA processing	keyword	rRNA processing	1	39	104	21633	5.333579881656805	0.17147571099587364	1.0	-0.7657973877349986	0.0	False		False		rRNA processing		AT5G63120	RH30
w:pyrophosphate	word	pyrophosphate	1	39	104	21633	5.333579881656805	0.17147571099587364	1.0	-0.7657973877349986	0.0	False		False		pyrophosphate		AT5G16440	IPP1
w:carboxylate	word	carboxylate	1	39	105	21633	5.282783882783882	0.17297659107721292	1.0	-0.7620126659687183	0.0	False		False		carboxylate		AT1G20510	OPCL1
w:provide	word	provide	1	39	105	21633	5.282783882783882	0.17297659107721292	1.0	-0.7620126659687183	0.0	False		False		provide		AT2G21220	SAUR12
w:modulation	word	modulation	1	39	106	21633	5.232946298984035	0.17447482189047905	1.0	-0.7582672363436266	0.0	False		False		modulation		AT5G65970	MLO10
w:regulation	word	regulation	10	39	4024	21633	1.3784600091757149	0.17542948644632758	1.0	-0.7558974079787482	0.0	True		False		regulation		AT1G53885, AT1G64060, AT1G66350, AT1G77120, AT2G31180, AT2G34140, AT3G02170, AT3G19360, AT5G59820, AT5G62090	FLZ17, RBOHF, RGL1, ADH1, MYB14, CDF4, LNG2, AtC3H39, RHL41, SLK2
w:gfp	word	gfp	1	39	107	21633	5.184040258806614	0.1759704079891585	1.0	-0.7545603590469467	0.0	False		False		gfp		AT5G01180	PTR5
w:greater	word	greater	1	39	108	21633	5.136039886039886	0.17746335391912316	1.0	-0.7508913149121771	0.0	False		False		greater		AT1G64060	RBOHF
w:salinity	word	salinity	1	39	108	21633	5.136039886039886	0.17746335391912316	1.0	-0.7508913149121771	0.0	False		False		salinity		AT5G59820	RHL41
w:increase	word	increase	2	39	426	21633	2.604189237992055	0.1788284959802746	1.0	-0.747563276027129	0.0	True		False		increase		AT5G59820, AT5G64120	RHL41, PER71
w:lesion	word	lesion	1	39	109	21633	5.088920254057869	0.17895366421864273	1.0	-0.7472594046579119	0.0	False		False		lesion		AT1G64060	RBOHF
w:margin	word	margin	1	39	109	21633	5.088920254057869	0.17895366421864273	1.0	-0.7472594046579119	0.0	False		False		margin		AT5G62090	SLK2
w:appear	word	appear	2	39	427	21633	2.598090434156008	0.17947551343715215	1.0	-0.7459947955789104	0.0	True		False		appear		AT1G70700, AT2G34140	TIFY7, CDF4
w:loop	word	loop	2	39	428	21633	2.592020129403307	0.1801229181552515	1.0	-0.7444310256861368	0.0	True		False		loop		AT3G49640, AT5G63120	AT3G49640, RH30
p:rrna processing	phrase	rrna processing	1	39	110	21633	5.042657342657342	0.18044134341839507	1.0	-0.7436639481614256	0.0	False		False		rrna processing		AT5G63120	RH30
w:terminus	word	terminus	1	39	110	21633	5.042657342657342	0.18044134341839507	1.0	-0.7436639481614256	0.0	False		False		terminus		AT3G02170	LNG2
w:wax	word	wax	1	39	110	21633	5.042657342657342	0.18044134341839507	1.0	-0.7436639481614256	0.0	False		False		wax		AT2G47240	LACS1
w:tube	word	tube	2	39	430	21633	2.5799642218246865	0.1814188758875032	1.0	-0.741317528371289	0.0	True		False		tube		AT2G47240, AT5G01180	LACS1, PTR5
w:deprivation	word	deprivation	2	39	432	21633	2.568019943019943	0.18271634230476516	1.0	-0.7382226072431157	0.0	True		False		deprivation		AT1G77120, AT4G25620	ADH1, BIL9
p:rnp motif	phrase	rnp motif	1	39	112	21633	4.95260989010989	0.1834088266034356	1.0	-0.7365797676140668	0.0	False		False		rnp motif		AT1G22330	AT1G22330
w:cascade	word	cascade	1	39	112	21633	4.95260989010989	0.1834088266034356	1.0	-0.7365797676140668	0.0	False		False		cascade		AT4G25620	BIL9
w:soil	word	soil	1	39	112	21633	4.95260989010989	0.1834088266034356	1.0	-0.7365797676140668	0.0	False		False		soil		AT5G01180	PTR5
w:oomycete	word	oomycete	1	39	113	21633	4.9087814840027235	0.18488863961223947	1.0	-0.7330897730230311	0.0	False		False		oomycete		AT1G64060	RBOHF
w:upstream	word	upstream	1	39	113	21633	4.9087814840027235	0.18488863961223947	1.0	-0.7330897730230311	0.0	False		False		upstream		AT4G25620	BIL9
p:acyl coa	phrase	acyl coa	1	39	114	21633	4.865721997300945	0.18636583956833244	1.0	-0.7296336898713256	0.0	False		False		acyl coa		AT2G47240	LACS1
p:rbd rnp	phrase	rbd rnp	1	39	114	21633	4.865721997300945	0.18636583956833244	1.0	-0.7296336898713256	0.0	False		False		rbd rnp		AT1G22330	AT1G22330
p:rrm rbd	phrase	rrm rbd	1	39	114	21633	4.865721997300945	0.18636583956833244	1.0	-0.7296336898713256	0.0	False		False		rrm rbd		AT1G22330	AT1G22330
w:efficiency	word	efficiency	1	39	115	21633	4.823411371237458	0.18784043096462555	1.0	-0.7262109240241317	0.0	False		False		efficiency		AT5G56870	BGAL4
w:elicitor	word	elicitor	1	39	115	21633	4.823411371237458	0.18784043096462555	1.0	-0.7262109240241317	0.0	False		False		elicitor		AT2G26530	AR781
w:rbd	word	rbd	1	39	115	21633	4.823411371237458	0.18784043096462555	1.0	-0.7262109240241317	0.0	False		False		rbd		AT1G22330	AT1G22330
w:shaped	word	shaped	1	39	115	21633	4.823411371237458	0.18784043096462555	1.0	-0.7262109240241317	0.0	False		False		shaped		AT2G47240	LACS1
p:hydroxyproline rich	phrase	hydroxyproline rich	1	39	116	21633	4.781830238726791	0.18931241828651338	1.0	-0.7228208967788577	0.0	False		False		hydroxyproline rich		AT4G25620	BIL9
p:lipolytic enzyme	phrase	lipolytic enzyme	1	39	116	21633	4.781830238726791	0.18931241828651338	1.0	-0.7228208967788577	0.0	False		False		lipolytic enzyme		AT1G54020	AtGELP24
w:pmid	word	pmid	1	39	116	21633	4.781830238726791	0.18931241828651338	1.0	-0.7228208967788577	0.0	False		False		pmid		AT4G25620	BIL9
p:substrate specificity	phrase	substrate specificity	1	39	117	21633	4.740959894806048	0.19078180601188538	1.0	-0.7194630443352638	0.0	False		False		substrate specificity		AT1G54020	AtGELP24
w:completely	word	completely	1	39	117	21633	4.740959894806048	0.19078180601188538	1.0	-0.7194630443352638	0.0	False		False		completely		AT1G64060	RBOHF
p:atp hydrolysis	phrase	atp hydrolysis	2	39	445	21633	2.4929991356957646	0.1911848191389587	1.0	-0.7185465954591241	0.0	True		False		atp hydrolysis		AT4G30490, AT5G63120	AT4G30490, RH30
w:transcript	word	transcript	2	39	446	21633	2.487409451535012	0.1918386274195299	1.0	-0.7170639415547378	0.0	True		False		transcript		AT1G70700, AT5G59820	TIFY7, RHL41
p:rich glycoprotein	phrase	rich glycoprotein	1	39	118	21633	4.7007822685788785	0.1922485986111388	1.0	-0.7161368172881316	0.0	False		False		rich glycoprotein		AT4G25620	BIL9
w:oligopeptide	word	oligopeptide	1	39	118	21633	4.7007822685788785	0.1922485986111388	1.0	-0.7161368172881316	0.0	False		False		oligopeptide		AT5G01180	PTR5
w:pattern	word	pattern	2	39	448	21633	2.476304945054945	0.19314721545490957	1.0	-0.7141115485664531	0.0	True		False		pattern		AT1G64060, AT5G65970	RBOHF, MLO10
p:flavin adenine	phrase	flavin adenine	1	39	119	21633	4.6612798965740145	0.19371280054719092	1.0	-0.7128416801413433	0.0	False		False		flavin adenine		AT3G49640	AT3G49640
w:peroxisomal	word	peroxisomal	1	39	119	21633	4.6612798965740145	0.19371280054719092	1.0	-0.7128416801413433	0.0	False		False		peroxisomal		AT1G20510	OPCL1
w:maintenance	word	maintenance	2	39	449	21633	2.4707897892753126	0.1938019888541214	1.0	-0.7126417704021875	0.0	True		False		maintenance		AT2G34140, AT5G62090	CDF4, SLK2
w:attack	word	attack	1	39	122	21633	4.546658259773014	0.19808990689336856	1.0	-0.7031376521352779	0.0	False		False		attack		AT5G64120	PER71
w:rnp	word	rnp	1	39	122	21633	4.546658259773014	0.19808990689336856	1.0	-0.7031376521352779	0.0	False		False		rnp		AT1G22330	AT1G22330
p:stomatal movement	phrase	stomatal movement	1	39	123	21633	4.509693558474046	0.1995437906566135	1.0	-0.6999617819141641	0.0	False		False		stomatal movement		AT1G64060	RBOHF
k:Fatty acid metabolism	keyword	Fatty acid metabolism	1	39	124	21633	4.473325062034739	0.20099510595946765	1.0	-0.6968145171102256	0.0	False		False		Fatty acid metabolism		AT2G47240	LACS1
w:lipolytic	word	lipolytic	1	39	125	21633	4.437538461538462	0.2024438572202228	1.0	-0.693695396548493	0.0	False		False		lipolytic		AT1G54020	AtGELP24
p:adenine dinucleotide	phrase	adenine dinucleotide	1	39	126	21633	4.402319902319902	0.20389004884977494	1.0	-0.6906039700781316	0.0	False		False		adenine dinucleotide		AT3G49640	AT3G49640
w:hydroxyproline	word	hydroxyproline	1	39	126	21633	4.402319902319902	0.20389004884977494	1.0	-0.6906039700781316	0.0	False		False		hydroxyproline		AT4G25620	BIL9
w:atpase	word	atpase	2	39	465	21633	2.3857733664185274	0.204319132090769	1.0	-0.6896909648779895	0.0	True		False		atpase		AT2G21220, AT4G30490	SAUR12, AT4G30490
w:production	word	production	2	39	465	21633	2.3857733664185274	0.204319132090769	1.0	-0.6896909648779895	0.0	True		False		production		AT1G64060, AT1G70700	RBOHF, TIFY7
w:regulator	word	regulator	4	39	1300	21633	1.7067455621301775	0.20511558451727074	1.0	-0.6880013410322995	0.0	True		False		regulator		AT1G66350, AT4G25620, AT5G59010, AT5G62090	RGL1, BIL9, BSK5, SLK2
p:high affinity	phrase	high affinity	1	39	127	21633	4.367655966081163	0.20533368525163762	1.0	-0.6875397982238409	0.0	False		False		high affinity		AT5G01180	PTR5
p:secretory vesicle	phrase	secretory vesicle	1	39	127	21633	4.367655966081163	0.20533368525163762	1.0	-0.6875397982238409	0.0	False		False		secretory vesicle		AT5G64120	PER71
w:mannose	word	mannose	1	39	127	21633	4.367655966081163	0.20533368525163762	1.0	-0.6875397982238409	0.0	False		False		mannose		AT1G53885	FLZ17
w:grow	word	grow	1	39	128	21633	4.333533653846153	0.20677477082195195	1.0	-0.684502451850933	0.0	False		False		grow		AT5G01180	PTR5
w:double	word	double	3	39	872	21633	1.908345095271701	0.2070050334446719	1.0	-0.6840190942983051	0.0	True		False		double		AT1G64060, AT2G47240, AT5G01180	RBOHF, LACS1, PTR5
k:Cell membrane	keyword	Cell membrane	4	39	1308	21633	1.6963067513526229	0.20814195404254457	1.0	-0.6816403725862932	0.0	True		False		Cell membrane		AT1G64060, AT2G21220, AT5G01180, AT5G59010	RBOHF, SAUR12, PTR5, BSK5
k:Activator	keyword	Activator	2	39	472	21633	2.3503911342894392	0.2089425391325791	1.0	-0.6799731319211726	0.0	True		False		Activator		AT2G31180, AT4G31000	MYB14, CBP60F
w:fail	word	fail	1	39	130	21633	4.266863905325444	0.20964930701572013	1.0	-0.6785065687946186	0.0	False		False		fail		AT1G64060	RBOHF
k:Lipid metabolism	keyword	Lipid metabolism	2	39	474	21633	2.340473872119442	0.21026576440587263	1.0	-0.6772314336378993	0.0	True		False		Lipid metabolism		AT1G54020, AT2G47240	AtGELP24, LACS1
w:dna	word	dna	7	39	2713	21633	1.4312002041452834	0.2107203409808449	1.0	-0.6762935396204294	0.0	True		False		dna		AT1G66350, AT2G31180, AT2G34140, AT3G19360, AT4G31000, AT5G59820, AT5G62090	RGL1, MYB14, CDF4, AtC3H39, CBP60F, RHL41, SLK2
k:Myristate	keyword	Myristate	1	39	131	21633	4.23429242513212	0.2110827663947083	1.0	-0.675547222709412	0.0	False		False		Myristate		AT5G59010	BSK5
p:ethylene responsive	phrase	ethylene responsive	1	39	131	21633	4.23429242513212	0.2110827663947083	1.0	-0.675547222709412	0.0	False		False		ethylene responsive		AT1G78170	CLG4
w:dinucleotide	word	dinucleotide	1	39	131	21633	4.23429242513212	0.2110827663947083	1.0	-0.675547222709412	0.0	False		False		dinucleotide		AT3G49640	AT3G49640
p:stress granule	phrase	stress granule	1	39	133	21633	4.170618854829381	0.21394208955078806	1.0	-0.6697037668007729	0.0	False		False		stress granule		AT5G64120	PER71
w:event	word	event	1	39	133	21633	4.170618854829381	0.21394208955078806	1.0	-0.6697037668007729	0.0	False		False		event		AT2G26530	AR781
w:slow	word	slow	1	39	133	21633	4.170618854829381	0.21394208955078806	1.0	-0.6697037668007729	0.0	False		False		slow		AT1G70700	TIFY7
p:endomembrane system	phrase	endomembrane system	1	39	134	21633	4.139494833524684	0.21536796203951009	1.0	-0.6668189015223072	0.0	False		False		endomembrane system		AT2G43290	MSS3
w:genome	word	genome	1	39	134	21633	4.139494833524684	0.21536796203951009	1.0	-0.6668189015223072	0.0	False		False		genome		AT5G65970	MLO10
w:degradation	word	degradation	3	39	892	21633	1.8655570886512591	0.21642721275090046	1.0	-0.6646881335630428	0.0	True		False		degradation		AT1G77120, AT2G47240, AT5G64120	ADH1, LACS1, PER71
p:ester bond	phrase	ester bond	1	39	135	21633	4.108831908831909	0.21679131426428608	1.0	-0.6639581217769011	0.0	False		False		ester bond		AT1G54020	AtGELP24
w:silique	word	silique	2	39	485	21633	2.287390959555908	0.21756000093987948	1.0	-0.6624209479806739	0.0	True		False		silique		AT2G47240, AT5G65970	LACS1, MLO10
p:mitochondrial matrix	phrase	mitochondrial matrix	1	39	136	21633	4.078619909502263	0.2182121505627182	1.0	-0.6611210705422593	0.0	False		False		mitochondrial matrix		AT1G53530	IMP1A
w:catabolism	word	catabolism	1	39	136	21633	4.078619909502263	0.2182121505627182	1.0	-0.6611210705422593	0.0	False		False		catabolism		AT5G64120	PER71
w:biosynthesis	word	biosynthesis	4	39	1338	21633	1.6582729676900079	0.21961221463483488	1.0	-0.6583435084797697	0.0	True		False		biosynthesis		AT1G20510, AT1G66350, AT2G47240, AT5G64120	OPCL1, RGL1, LACS1, PER71
w:distinct	word	distinct	1	39	137	21633	4.04884896125772	0.21963047526514431	1.0	-0.6583073986426962	0.0	False		False		distinct		AT1G66350	RGL1
w:exogenous	word	exogenous	1	39	137	21633	4.04884896125772	0.21963047526514431	1.0	-0.6583073986426962	0.0	False		False		exogenous		AT1G70700	TIFY7
w:large	word	large	2	39	490	21633	2.264050235478807	0.22088410524851473	1.0	-0.6558355346999742	0.0	True		False		large		AT1G66350, AT5G65970	RGL1, MLO10
w:constitutive	word	constitutive	1	39	138	21633	4.019509476031215	0.22104629269465015	1.0	-0.6555167645208657	0.0	False		False		constitutive		AT1G70700	TIFY7
w:grown	word	grown	2	39	491	21633	2.2594391352028826	0.2215495188368875	1.0	-0.6545291888357616	0.0	True		False		grown		AT1G66350, AT5G01180	RGL1, PTR5
w:rosette	word	rosette	2	39	493	21633	2.2502730535184896	0.2228809165196416	1.0	-0.6519271150326185	0.0	True		False		rosette		AT1G64060, AT1G70700	RBOHF, TIFY7
p:increased sensitivity	phrase	increased sensitivity	1	39	141	21633	3.933987997817785	0.22527874446797044	1.0	-0.6472797829576895	0.0	False		False		increased sensitivity		AT1G70700	TIFY7
p:unidimensional cell	phrase	unidimensional cell	1	39	141	21633	3.933987997817785	0.22527874446797044	1.0	-0.6472797829576895	0.0	False		False		unidimensional cell		AT3G02170	LNG2
w:growing	word	growing	1	39	141	21633	3.933987997817785	0.22527874446797044	1.0	-0.6472797829576895	0.0	False		False		growing		AT1G64060	RBOHF
w:tomato	word	tomato	1	39	141	21633	3.933987997817785	0.22527874446797044	1.0	-0.6472797829576895	0.0	False		False		tomato		AT1G64060	RBOHF
w:unidimensional	word	unidimensional	1	39	141	21633	3.933987997817785	0.22527874446797044	1.0	-0.6472797829576895	0.0	False		False		unidimensional		AT3G02170	LNG2
p:auxin responsive	phrase	auxin responsive	1	39	142	21633	3.906283856988082	0.2266845758920234	1.0	-0.6445780292024245	0.0	False		False		auxin responsive		AT2G21220	SAUR12
w:deficiency	word	deficiency	1	39	142	21633	3.906283856988082	0.2266845758920234	1.0	-0.6445780292024245	0.0	False		False		deficiency		AT2G43290	MSS3
w:rrm	word	rrm	1	39	143	21633	3.8789671866594944	0.22808792155021587	1.0	-0.6418977122813516	0.0	False		False		rrm		AT1G22330	AT1G22330
w:length	word	length	2	39	501	21633	2.214340549669891	0.228213711803918	1.0	-0.6416582653434024	0.0	True		False		length		AT1G66350, AT3G02170	RGL1, LNG2
k:Nucleus	keyword	Nucleus	9	39	3769	21633	1.324550482682613	0.22879641027234537	1.0	-0.6405507937388994	0.0	True		False		Nucleus		AT1G53885, AT1G66350, AT1G70700, AT2G31180, AT2G34140, AT4G31000, AT5G59820, AT5G62090, AT5G63120	FLZ17, RGL1, TIFY7, MYB14, CDF4, CBP60F, RHL41, SLK2, RH30
p:guard cell	phrase	guard cell	1	39	145	21633	3.8254641909814326	0.23088717268112913	1.0	-0.6366001943610775	0.0	False		False		guard cell		AT1G64060	RBOHF
w:generate	word	generate	1	39	145	21633	3.8254641909814326	0.23088717268112913	1.0	-0.6366001943610775	0.0	False		False		generate		AT1G64060	RBOHF
w:analysis	word	analysis	1	39	146	21633	3.799262381454162	0.23228308669199302	1.0	-0.6339824114815193	0.0	False		False		analysis		AT5G65970	MLO10
w:cyclin	word	cyclin	1	39	147	21633	3.7734170591313445	0.23367653201330407	1.0	-0.6313849013386041	0.0	False		False		cyclin		AT1G34460	CYCB1;5
w:environmental	word	environmental	1	39	147	21633	3.7734170591313445	0.23367653201330407	1.0	-0.6313849013386041	0.0	False		False		environmental		AT5G64120	PER71
w:jasmonate	word	jasmonate	1	39	147	21633	3.7734170591313445	0.23367653201330407	1.0	-0.6313849013386041	0.0	False		False		jasmonate		AT1G70700	TIFY7
w:nadh	word	nadh	1	39	147	21633	3.7734170591313445	0.23367653201330407	1.0	-0.6313849013386041	0.0	False		False		nadh		AT1G77120	ADH1
w:layer	word	layer	1	39	150	21633	3.6979487179487176	0.2378420983164251	1.0	-0.6237112723062095	0.0	False		False		layer		AT2G47240	LACS1
w:difference	word	difference	1	39	153	21633	3.6254399195575666	0.24198559903039005	1.0	-0.6162104788449108	0.0	False		False		difference		AT1G53885	FLZ17
w:upregulated	word	upregulated	1	39	153	21633	3.6254399195575666	0.24198559903039005	1.0	-0.6162104788449108	0.0	False		False		upregulated		AT2G21220	SAUR12
w:assay	word	assay	1	39	154	21633	3.601898101898102	0.24336188216064217	1.0	-0.6137474444448408	0.0	False		False		assay		AT1G70700	TIFY7
w:using	word	using	1	39	154	21633	3.601898101898102	0.24336188216064217	1.0	-0.6137474444448408	0.0	False		False		using		AT1G77120	ADH1
w:flavin	word	flavin	1	39	155	21633	3.5786600496277914	0.2447357304122245	1.0	-0.6113026208073326	0.0	False		False		flavin		AT3G49640	AT3G49640
w:hydrolyze	word	hydrolyze	1	39	155	21633	3.5786600496277914	0.2447357304122245	1.0	-0.6113026208073326	0.0	False		False		hydrolyze		AT5G56870	BGAL4
k:Lipid degradation	keyword	Lipid degradation	1	39	156	21633	3.5557199211045365	0.24610714797968536	1.0	-0.6088757723880047	0.0	False		False		Lipid degradation		AT1G54020	AtGELP24
w:anther	word	anther	1	39	156	21633	3.5557199211045365	0.24610714797968536	1.0	-0.6088757723880047	0.0	False		False		anther		AT1G66350	RGL1
w:occur	word	occur	1	39	156	21633	3.5557199211045365	0.24610714797968536	1.0	-0.6088757723880047	0.0	False		False		occur		AT2G26530	AR781
w:peptide	word	peptide	2	39	528	21633	2.101107226107226	0.246281498497075	1.0	-0.6085682126125075	0.0	True		False		peptide		AT1G53530, AT5G01180	IMP1A, PTR5
w:localize	word	localize	1	39	157	21633	3.5330720235178834	0.24747613905054183	1.0	-0.6064666681576314	0.0	False		False		localize		AT5G01180	PTR5
k:Growth regulation	keyword	Growth regulation	1	39	158	21633	3.5107108081791623	0.248842707805293	1.0	-0.6040750814874676	0.0	False		False		Growth regulation		AT2G21220	SAUR12
w:cyclic	word	cyclic	1	39	158	21633	3.5107108081791623	0.248842707805293	1.0	-0.6040750814874676	0.0	False		False		cyclic		AT2G34140	CDF4
k:Peroxisome	keyword	Peroxisome	1	39	159	21633	3.4886308659893563	0.25020685841742746	1.0	-0.6017007900382018	0.0	False		False		Peroxisome		AT1G20510	OPCL1
w:nadph	word	nadph	1	39	159	21633	3.4886308659893563	0.25020685841742746	1.0	-0.6017007900382018	0.0	False		False		nadph		AT1G64060	RBOHF
w:petiole	word	petiole	1	39	159	21633	3.4886308659893563	0.25020685841742746	1.0	-0.6017007900382018	0.0	False		False		petiole		AT3G02170	LNG2
w:elevated	word	elevated	1	39	160	21633	3.466826923076923	0.2515685950534395	1.0	-0.5993435756523751	0.0	False		False		elevated		AT1G70700	TIFY7
w:sensor	word	sensor	1	39	161	21633	3.4452938365981844	0.25292792187283675	1.0	-0.5970032242501662	0.0	False		False		sensor		AT2G43290	MSS3
w:region	word	region	1	39	162	21633	3.4240265906932574	0.25428484302815335	1.0	-0.5946795257283937	0.0	False		False		region		AT5G62090	SLK2
w:scf	word	scf	1	39	162	21633	3.4240265906932574	0.25428484302815335	1.0	-0.5946795257283937	0.0	False		False		scf		AT1G70700	TIFY7
w:base	word	base	1	39	163	21633	3.4030202925908446	0.25563936266496107	1.0	-0.5923722738626289	0.0	False		False		base		AT3G49640	AT3G49640
w:branch	word	branch	1	39	166	21633	3.3415199258572748	0.2596885538158509	1.0	-0.5855471921657142	0.0	False		False		branch		AT2G21220	SAUR12
w:guard	word	guard	1	39	166	21633	3.3415199258572748	0.2596885538158509	1.0	-0.5855471921657142	0.0	False		False		guard		AT1G64060	RBOHF
w:height	word	height	1	39	167	21633	3.3215108245048364	0.26103350869548864	1.0	-0.5833037389933278	0.0	False		False		height		AT2G47240	LACS1
w:novel	word	novel	1	39	167	21633	3.3215108245048364	0.26103350869548864	1.0	-0.5833037389933278	0.0	False		False		novel		AT4G25620	BIL9
p:defense response	phrase	defense response	3	39	991	21633	1.679189629744625	0.264314127648836	1.0	-0.5778796231113645	0.0	True		False		defense response		AT1G64060, AT5G64120, AT5G65970	RBOHF, PER71, MLO10
k:Secreted	keyword	Secreted	3	39	992	21633	1.6774968982630274	0.26480628470093215	1.0	-0.577071711911544	0.0	True		False		Secreted		AT1G54020, AT5G56870, AT5G64120	AtGELP24, BGAL4, PER71
w:resistance	word	resistance	3	39	992	21633	1.6774968982630274	0.26480628470093215	1.0	-0.577071711911544	0.0	True		False		resistance		AT1G70700, AT4G25620, AT5G65970	TIFY7, BIL9, MLO10
w:induce	word	induce	1	39	171	21633	3.2438146648672963	0.2663895602730748	1.0	-0.5744827990386601	0.0	False		False		induce		AT1G64060	RBOHF
w:synthetase	word	synthetase	1	39	171	21633	3.2438146648672963	0.2663895602730748	1.0	-0.5744827990386601	0.0	False		False		synthetase		AT2G47240	LACS1
w:endomembrane	word	endomembrane	1	39	172	21633	3.2249552772808583	0.26772265165082837	1.0	-0.5723148821908006	0.0	False		False		endomembrane		AT2G43290	MSS3
w:lignin	word	lignin	1	39	172	21633	3.2249552772808583	0.26772265165082837	1.0	-0.5723148821908006	0.0	False		False		lignin		AT5G64120	PER71
p:pseudomonas syringae	phrase	pseudomonas syringae	1	39	173	21633	3.2063139172965767	0.26905338258534306	1.0	-0.5701615435583365	0.0	False		False		pseudomonas syringae		AT1G64060	RBOHF
w:alcohol	word	alcohol	1	39	173	21633	3.2063139172965767	0.26905338258534306	1.0	-0.5701615435583365	0.0	False		False		alcohol		AT1G77120	ADH1
w:endosperm	word	endosperm	1	39	173	21633	3.2063139172965767	0.26905338258534306	1.0	-0.5701615435583365	0.0	False		False		endosperm		AT5G64120	PER71
w:granule	word	granule	1	39	173	21633	3.2063139172965767	0.26905338258534306	1.0	-0.5701615435583365	0.0	False		False		granule		AT5G64120	PER71
w:hypocotyl	word	hypocotyl	2	39	563	21633	1.9704877715534908	0.2697989959808901	1.0	-0.568959670827089	0.0	True		False		hypocotyl		AT1G66350, AT4G25620	RGL1, BIL9
p:triphosphate hydrolase	phrase	triphosphate hydrolase	1	39	177	21633	3.1338548457192523	0.2743527831832599	1.0	-0.5616906297270565	0.0	False		False		triphosphate hydrolase		AT5G63120	RH30
w:isomerase	word	isomerase	1	39	177	21633	3.1338548457192523	0.2743527831832599	1.0	-0.5616906297270565	0.0	False		False		isomerase		AT5G16440	IPP1
w:developing	word	developing	1	39	178	21633	3.116248919619706	0.27567177281114247	1.0	-0.5596077008509175	0.0	False		False		developing		AT5G65970	MLO10
w:pseudomonas	word	pseudomonas	1	39	178	21633	3.116248919619706	0.27567177281114247	1.0	-0.5596077008509175	0.0	False		False		pseudomonas		AT1G64060	RBOHF
w:growth	word	growth	6	39	2452	21633	1.3573221232275066	0.2771314614406951	1.0	-0.5573141679944594	0.0	True		False		growth		AT1G66350, AT1G70700, AT2G21220, AT3G02170, AT4G25620, AT5G01180	RGL1, TIFY7, SAUR12, LNG2, BIL9, PTR5
w:system	word	system	2	39	574	21633	1.9327258107745913	0.27719821268433814	1.0	-0.5572095742905043	0.0	True		False		system		AT2G43290, AT5G65970	MSS3, MLO10
k:Helicase	keyword	Helicase	1	39	180	21633	3.081623931623932	0.27830274771468966	1.0	-0.5554825058059618	0.0	False		False		Helicase		AT5G63120	RH30
w:suppress	word	suppress	1	39	180	21633	3.081623931623932	0.27830274771468966	1.0	-0.5554825058059618	0.0	False		False		suppress		AT1G70700	TIFY7
w:calcium	word	calcium	2	39	577	21633	1.9226769764031462	0.2792160902216465	1.0	-0.5540595584946997	0.0	True		False		calcium		AT1G64060, AT2G43290	RBOHF, MSS3
w:sterile	word	sterile	1	39	182	21633	3.0477599323753166	0.2809244103076962	1.0	-0.5514105220966276	0.0	False		False		sterile		AT2G47240	LACS1
w:esterase	word	esterase	1	39	183	21633	3.0311055065153423	0.2822317595220921	1.0	-0.5493941167010845	0.0	False		False		esterase		AT1G54020	AtGELP24
w:lipase	word	lipase	1	39	183	21633	3.0311055065153423	0.2822317595220921	1.0	-0.5493941167010845	0.0	False		False		lipase		AT1G54020	AtGELP24
w:nitrogen	word	nitrogen	1	39	183	21633	3.0311055065153423	0.2822317595220921	1.0	-0.5493941167010845	0.0	False		False		nitrogen		AT5G01180	PTR5
w:mitotic	word	mitotic	1	39	184	21633	3.0146321070234117	0.2835367926865973	1.0	-0.5473905776035846	0.0	False		False		mitotic		AT1G34460	CYCB1;5
p:signaling pathway	phrase	signaling pathway	3	39	1030	21633	1.6156086631814788	0.28359855414899304	1.0	-0.5472959876170198	0.0	True		False		signaling pathway		AT1G64060, AT1G66350, AT5G59010	RBOHF, RGL1, BSK5
p:oxygen species	phrase	oxygen species	1	39	185	21633	2.9983367983367986	0.2848395137964495	1.0	-0.5453997642156051	0.0	False		False		oxygen species		AT1G64060	RBOHF
w:able	word	able	1	39	185	21633	2.9983367983367986	0.2848395137964495	1.0	-0.5453997642156051	0.0	False		False		able		AT1G77120	ADH1
k:Mitochondrion inner membrane	keyword	Mitochondrion inner membrane	1	39	186	21633	2.9822167080231594	0.28613992684018075	1.0	-0.5434215382222246	0.0	False		False		Mitochondrion inner membrane		AT1G53530	IMP1A
p:epidermal cell	phrase	epidermal cell	1	39	186	21633	2.9822167080231594	0.28613992684018075	1.0	-0.5434215382222246	0.0	False		False		epidermal cell		AT1G78170	CLG4
w:diphosphate	word	diphosphate	1	39	188	21633	2.9504909983633385	0.2887338446499393	1.0	-0.5395023062363081	0.0	False		False		diphosphate		AT5G16440	IPP1
p:red light	phrase	red light	1	39	189	21633	2.9348799348799353	0.29002735735959906	1.0	-0.5375610345495263	0.0	False		False		red light		AT1G66350	RGL1
w:identity	word	identity	1	39	189	21633	2.9348799348799353	0.29002735735959906	1.0	-0.5375610345495263	0.0	False		False		identity		AT2G34140	CDF4
w:longer	word	longer	1	39	189	21633	2.9348799348799353	0.29002735735959906	1.0	-0.5375610345495263	0.0	False		False		longer		AT2G47240	LACS1
w:insensitive	word	insensitive	1	39	190	21633	2.919433198380567	0.2913185778904222	1.0	-0.5356318187776662	0.0	False		False		insensitive		AT4G25620	BIL9
p:programmed cell	phrase	programmed cell	1	39	191	21633	2.904148207813129	0.29260751019757497	1.0	-0.5337145312677581	0.0	False		False		programmed cell		AT1G64060	RBOHF
p:light stimulus	phrase	light stimulus	1	39	192	21633	2.8890224358974357	0.293894158229582	1.0	-0.5318090463665557	0.0	False		False		light stimulus		AT5G59820	RHL41
p:nucleoside triphosphate	phrase	nucleoside triphosphate	1	39	192	21633	2.8890224358974357	0.293894158229582	1.0	-0.5318090463665557	0.0	False		False		nucleoside triphosphate		AT5G63120	RH30
k:Cell division	keyword	Cell division	1	39	193	21633	2.874053407732164	0.295178525928339	1.0	-0.5299152403789803	0.0	False		False		Cell division		AT1G34460	CYCB1;5
p:reactive oxygen	phrase	reactive oxygen	1	39	194	21633	2.8592386994448846	0.29646061722912204	1.0	-0.5280329915276455	0.0	False		False		reactive oxygen		AT1G64060	RBOHF
w:trigger	word	trigger	1	39	194	21633	2.8592386994448846	0.29646061722912204	1.0	-0.5280329915276455	0.0	False		False		trigger		AT2G21220	SAUR12
w:plate	word	plate	1	39	195	21633	2.844575936883629	0.29774043606060036	1.0	-0.5261621799134155	0.0	False		False		plate		AT1G78170	CLG4
w:gibberellin	word	gibberellin	1	39	196	21633	2.8300627943485086	0.29901798634484517	1.0	-0.5243026874769791	0.0	False		False		gibberellin		AT1G66350	RGL1
k:Apoplast	keyword	Apoplast	1	39	197	21633	2.8156969933619678	0.30029327199734074	1.0	-0.522454397961397	0.0	False		False		Apoplast		AT5G56870	BGAL4
w:hydrolysis	word	hydrolysis	2	39	610	21633	1.8186633039092055	0.30139108643683116	1.0	-0.5208695959780603	0.0	True		False		hydrolysis		AT4G30490, AT5G63120	AT4G30490, RH30
k:FAD	keyword	FAD	1	39	198	21633	2.8014763014763013	0.3015662969269967	1.0	-0.5206171968755973	0.0	False		False		FAD		AT1G64060	RBOHF
w:programmed	word	programmed	1	39	198	21633	2.8014763014763013	0.3015662969269967	1.0	-0.5206171968755973	0.0	False		False		programmed		AT1G64060	RBOHF
p:glycosyl compound	phrase	glycosyl compound	1	39	199	21633	2.7873985311171237	0.30283706503615704	1.0	-0.5187909714587933	0.0	False		False		glycosyl compound		AT5G56870	BGAL4
p:mitochondrial inner	phrase	mitochondrial inner	1	39	200	21633	2.7734615384615386	0.3041055802206111	1.0	-0.5169756106457912	0.0	False		False		mitochondrial inner		AT1G53530	IMP1A
w:targeted	word	targeted	1	39	201	21633	2.7596632223497894	0.30537184636960546	1.0	-0.5151710050331622	0.0	False		False		targeted		AT5G64120	PER71
w:deposition	word	deposition	1	39	202	21633	2.746001523229246	0.3066358673658536	1.0	-0.5133770468462554	0.0	False		False		deposition		AT1G64060	RBOHF
w:facilitator	word	facilitator	1	39	203	21633	2.7324744221295942	0.3078976470855462	1.0	-0.5115936299070264	0.0	False		False		facilitator		AT5G01180	PTR5
k:ATP-binding	keyword	ATP-binding	5	39	2052	21633	1.3515894436947067	0.30944359981668357	1.0	-0.5094184953367901	0.0	True		False		ATP-binding		AT1G20510, AT2G47240, AT4G30490, AT5G59010, AT5G63120	OPCL1, LACS1, AT4G30490, BSK5, RH30
w:bound	word	bound	1	39	205	21633	2.705816135084428	0.3104144981674824	1.0	-0.5080580028549188	0.0	False		False		bound		AT5G64120	PER71
w:direct	word	direct	1	39	205	21633	2.705816135084428	0.3104144981674824	1.0	-0.5080580028549188	0.0	False		False		direct		AT2G34140	CDF4
w:helicase	word	helicase	1	39	207	21633	2.6796729840208102	0.3129224304949033	1.0	-0.504563305211052	0.0	False		False		helicase		AT5G63120	RH30
w:photosynthetic	word	photosynthetic	1	39	207	21633	2.6796729840208102	0.3129224304949033	1.0	-0.504563305211052	0.0	False		False		photosynthetic		AT5G59820	RHL41
w:dwarf	word	dwarf	1	39	208	21633	2.6667899408284024	0.314173061747153	1.0	-0.5028310555662898	0.0	False		False		dwarf		AT1G64060	RBOHF
w:effector	word	effector	1	39	209	21633	2.6540301803459694	0.3154214748436225	1.0	-0.5011087419247036	0.0	False		False		effector		AT1G53885	FLZ17
w:deficient	word	deficient	1	39	210	21633	2.641391941391941	0.3166676736151451	1.0	-0.49939626844721746	0.0	False		False		deficient		AT1G77120	ADH1
w:red	word	red	1	39	211	21633	2.6288734961720746	0.31791166188611597	1.0	-0.49769354066058386	0.0	False		False		red		AT1G66350	RGL1
w:carbohydrate	word	carbohydrate	2	39	635	21633	1.747062386432465	0.31813548159964583	1.0	-0.4973878913968936	0.0	True		False		carbohydrate		AT1G64060, AT5G56870	RBOHF, BGAL4
w:activator	word	activator	2	39	636	21633	1.7443154329946782	0.3188038076281772	1.0	-0.49647650025575146	0.0	True		False		activator		AT2G31180, AT4G31000	MYB14, CBP60F
w:facilitate	word	facilitate	1	39	212	21633	2.6164731494920175	0.31915344347450375	1.0	-0.49600046543155074	0.0	False		False		facilitate		AT1G53885	FLZ17
w:processing	word	processing	2	39	643	21633	1.7253259959325278	0.32347843807782894	1.0	-0.4901546625560354	0.0	True		False		processing		AT3G49640, AT5G63120	AT3G49640, RH30
w:severe	word	severe	1	39	216	21633	2.568019943019943	0.32409857913723616	1.0	-0.48932287293017973	0.0	False		False		severe		AT2G47240	LACS1
p:reduced fertility	phrase	reduced fertility	1	39	218	21633	2.5444601270289344	0.3265580056696636	1.0	-0.48603966491029577	0.0	False		False		reduced fertility		AT2G47240	LACS1
p:tube growth	phrase	tube growth	1	39	218	21633	2.5444601270289344	0.3265580056696636	1.0	-0.48603966491029577	0.0	False		False		tube growth		AT5G01180	PTR5
w:inducible	word	inducible	1	39	220	21633	2.521328671328671	0.32900871165223244	1.0	-0.4827926024378594	0.0	False		False		inducible		AT1G66350	RGL1
w:myb	word	myb	1	39	221	21633	2.5099199443090847	0.33023080385068976	1.0	-0.4811824182979045	0.0	False		False		myb		AT2G31180	MYB14
w:reactive	word	reactive	1	39	223	21633	2.487409451535012	0.3326684854333284	1.0	-0.4779883390490273	0.0	False		False		reactive		AT1G64060	RBOHF
p:cell wall	phrase	cell wall	3	39	1141	21633	1.4584372682532192	0.33910666636743764	1.0	-0.4696636725099266	0.0	True		False		cell wall		AT5G56870, AT5G62090, AT5G64120	BGAL4, SLK2, PER71
w:forming	word	forming	1	39	231	21633	2.401265401265401	0.3423330551996181	1.0	-0.4655511639714207	0.0	False		False		forming		AT1G64060	RBOHF
w:lysine	word	lysine	1	39	231	21633	2.401265401265401	0.3423330551996181	1.0	-0.4655511639714207	0.0	False		False		lysine		AT4G26240	AT4G26240
w:polar	word	polar	1	39	231	21633	2.401265401265401	0.3423330551996181	1.0	-0.4655511639714207	0.0	False		False		polar		AT3G02170	LNG2
w:induced	word	induced	3	39	1149	21633	1.4482827877083753	0.34312024638317073	1.0	-0.464553654916532	0.0	True		False		induced		AT1G64060, AT5G17640, AT5G64120	RBOHF, ASG1, PER71
w:suggesting	word	suggesting	1	39	232	21633	2.3909151193633953	0.3435314951046368	1.0	-0.46403344048762596	0.0	False		False		suggesting		AT5G65970	MLO10
w:small	word	small	3	39	1152	21633	1.444511217948718	0.3446252215808845	1.0	-0.46265294165127835	0.0	True		False		small		AT1G64060, AT2G21220, AT5G59820	RBOHF, SAUR12, RHL41
w:starvation	word	starvation	1	39	233	21633	2.380653681082866	0.3447278070382342	1.0	-0.46252368335682037	0.0	False		False		starvation		AT1G53885	FLZ17
w:ubiquitin	word	ubiquitin	3	39	1157	21633	1.438268732132172	0.34713328570310187	1.0	-0.45950374096962243	0.0	True		False		ubiquitin		AT1G70700, AT1G78170, AT2G18670	TIFY7, CLG4, ATL56
w:locus	word	locus	1	39	238	21633	2.3306399482870073	0.35067757569057834	1.0	-0.45509200447838116	0.0	False		False		locus		AT5G65970	MLO10
w:strong	word	strong	1	39	238	21633	2.3306399482870073	0.35067757569057834	1.0	-0.45509200447838116	0.0	False		False		strong		AT1G64060	RBOHF
w:homodimerization	word	homodimerization	1	39	239	21633	2.3208883167042162	0.3518611968426264	1.0	-0.45362862440183715	0.0	False		False		homodimerization		AT1G77120	ADH1
w:hydrolyzing	word	hydrolyzing	1	39	239	21633	2.3208883167042162	0.3518611968426264	1.0	-0.45362862440183715	0.0	False		False		hydrolyzing		AT5G56870	BGAL4
w:endopeptidase	word	endopeptidase	1	39	241	21633	2.3016278327481645	0.3542221357429236	1.0	-0.4507243027432868	0.0	False		False		endopeptidase		AT1G53530	IMP1A
w:intermediate	word	intermediate	1	39	241	21633	2.3016278327481645	0.3542221357429236	1.0	-0.4507243027432868	0.0	False		False		intermediate		AT1G64060	RBOHF
w:cytokinin	word	cytokinin	1	39	242	21633	2.2921169739351557	0.35539946075722945	1.0	-0.449283235479331	0.0	False		False		cytokinin		AT1G53885	FLZ17
w:motif	word	motif	1	39	242	21633	2.2921169739351557	0.35539946075722945	1.0	-0.449283235479331	0.0	False		False		motif		AT1G22330	AT1G22330
k:DNA-binding	keyword	DNA-binding	4	39	1675	21633	1.324638346727899	0.3572286194018355	1.0	-0.4470537548495772	0.0	True		False		DNA-binding		AT2G31180, AT2G34140, AT3G19360, AT4G31000	MYB14, CDF4, AtC3H39, CBP60F
w:targeting	word	targeting	1	39	245	21633	2.264050235478807	0.3589189015248225	1.0	-0.44500367008197905	0.0	False		False		targeting		AT1G53530	IMP1A
w:mechanism	word	mechanism	1	39	249	21633	2.227679950571517	0.3635823772383233	1.0	-0.43939717510251813	0.0	False		False		mechanism		AT1G20510	OPCL1
w:glycoprotein	word	glycoprotein	1	39	252	21633	2.201159951159951	0.36705827570677285	1.0	-0.43526497986587454	0.0	False		False		glycoprotein		AT4G25620	BIL9
w:species	word	species	1	39	252	21633	2.201159951159951	0.36705827570677285	1.0	-0.43526497986587454	0.0	False		False		species		AT1G64060	RBOHF
w:epidermal	word	epidermal	1	39	253	21633	2.192459714198845	0.3682127926726509	1.0	-0.43390112704702666	0.0	False		False		epidermal		AT1G78170	CLG4
w:syringae	word	syringae	1	39	255	21633	2.17526395173454	0.37051567417191084	1.0	-0.431193415046644	0.0	False		False		syringae		AT1G64060	RBOHF
w:morphology	word	morphology	1	39	256	21633	2.1667668269230766	0.37166404580196505	1.0	-0.42984944984066037	0.0	False		False		morphology		AT3G02170	LNG2
k:Isomerase	keyword	Isomerase	1	39	259	21633	2.1416691416691416	0.3750969266684723	1.0	-0.42585649419742855	0.0	False		False		Isomerase		AT5G16440	IPP1
k:Cell cycle	keyword	Cell cycle	1	39	260	21633	2.133431952662722	0.37623715404097763	1.0	-0.4245383193698171	0.0	False		False		Cell cycle		AT1G34460	CYCB1;5
w:proliferation	word	proliferation	1	39	260	21633	2.133431952662722	0.37623715404097763	1.0	-0.4245383193698171	0.0	False		False		proliferation		AT1G66350	RGL1
w:affinity	word	affinity	1	39	262	21633	2.11714621256606	0.37851153051394815	1.0	-0.421920886144603	0.0	False		False		affinity		AT5G01180	PTR5
w:adenine	word	adenine	1	39	264	21633	2.101107226107226	0.38077782599243964	1.0	-0.41932835001843305	0.0	False		False		adenine		AT3G49640	AT3G49640
w:carbon	word	carbon	1	39	264	21633	2.101107226107226	0.38077782599243964	1.0	-0.41932835001843305	0.0	False		False		carbon		AT2G47240	LACS1
w:suppressor	word	suppressor	1	39	264	21633	2.101107226107226	0.38077782599243964	1.0	-0.41932835001843305	0.0	False		False		suppressor		AT2G43290	MSS3
w:triphosphate	word	triphosphate	1	39	264	21633	2.101107226107226	0.38077782599243964	1.0	-0.41932835001843305	0.0	False		False		triphosphate		AT5G63120	RH30
w:resistant	word	resistant	1	39	265	21633	2.093178519593614	0.38190795209971123	1.0	-0.4180412986388087	0.0	False		False		resistant		AT1G77120	ADH1
p:development ending	phrase	development ending	1	39	268	21633	2.069747416762342	0.38528628570898077	1.0	-0.4142164494529073	0.0	False		False		development ending		AT5G62090	SLK2
w:trna	word	trna	1	39	268	21633	2.069747416762342	0.38528628570898077	1.0	-0.4142164494529073	0.0	False		False		trna		AT3G49640	AT3G49640
w:biosynthetic	word	biosynthetic	4	39	1744	21633	1.2722300635144672	0.38628136111479167	1.0	-0.4130962469685277	0.0	True		False		biosynthetic		AT1G20510, AT1G64060, AT2G47240, AT5G16440	OPCL1, RBOHF, LACS1, IPP1
w:reduction	word	reduction	2	39	741	21633	1.4971452299387522	0.3879751573352194	1.0	-0.41119608208012787	0.0	True		False		reduction		AT1G77120, AT5G64120	ADH1, PER71
w:ester	word	ester	1	39	271	21633	2.0468350837354525	0.388646625149222	1.0	-0.410445099180503	0.0	False		False		ester		AT1G54020	AtGELP24
w:nucleoside	word	nucleoside	1	39	271	21633	2.0468350837354525	0.388646625149222	1.0	-0.410445099180503	0.0	False		False		nucleoside		AT5G63120	RH30
w:ending	word	ending	1	39	272	21633	2.0393099547511313	0.38976275573714336	1.0	-0.4091996627828576	0.0	False		False		ending		AT5G62090	SLK2
w:wall	word	wall	3	39	1244	21633	1.3376824140489736	0.3906306636768316	1.0	-0.4082336685162943	0.0	True		False		wall		AT5G56870, AT5G62090, AT5G64120	BGAL4, SLK2, PER71
w:mitochondrion	word	mitochondrion	5	39	2272	21633	1.2207137053087755	0.39077523732045	1.0	-0.4080729644922053	0.0	True		False		mitochondrion		AT1G53530, AT1G53885, AT2G21220, AT4G30490, AT5G65970	IMP1A, FLZ17, SAUR12, AT4G30490, MLO10
w:flowering	word	flowering	2	39	749	21633	1.4811543596590324	0.3931402252880375	1.0	-0.40545251780069536	0.0	True		False		flowering		AT1G66350, AT2G34140	RGL1, CDF4
w:synthase	word	synthase	2	39	750	21633	1.4791794871794872	0.39378460205019156	1.0	-0.40474126985198033	0.0	True		False		synthase		AT2G47240, AT3G49640	LACS1, AT3G49640
k:Cytoskeleton	keyword	Cytoskeleton	1	39	276	21633	2.0097547380156073	0.39420745712722244	1.0	-0.40427516453508505	0.0	False		False		Cytoskeleton		AT3G02170	LNG2
w:cytoskeleton	word	cytoskeleton	1	39	276	21633	2.0097547380156073	0.39420745712722244	1.0	-0.40427516453508505	0.0	False		False		cytoskeleton		AT3G02170	LNG2
w:infection	word	infection	1	39	276	21633	2.0097547380156073	0.39420745712722244	1.0	-0.40427516453508505	0.0	False		False		infection		AT1G64060	RBOHF
w:peroxisome	word	peroxisome	1	39	278	21633	1.995296070835639	0.3964179632544778	1.0	-0.40184667415260655	0.0	False		False		peroxisome		AT1G20510	OPCL1
w:rrna	word	rrna	1	39	280	21633	1.9810439560439561	0.398620609443052	1.0	-0.39944025120500454	0.0	False		False		rrna		AT5G63120	RH30
w:vascular	word	vascular	1	39	280	21633	1.9810439560439561	0.398620609443052	1.0	-0.39944025120500454	0.0	False		False		vascular		AT5G65970	MLO10
w:synthesis	word	synthesis	2	39	765	21633	1.4501759678230266	0.403415711764679	1.0	-0.39424719139885617	0.0	True		False		synthesis		AT2G47240, AT3G49640	LACS1, AT3G49640
w:stability	word	stability	1	39	285	21633	1.9462887989203779	0.4040930160543986	1.0	-0.3935186554104747	0.0	False		False		stability		AT1G66350	RGL1
p:tetratricopeptide repeat	phrase	tetratricopeptide repeat	1	39	290	21633	1.9127320954907163	0.40951689062126373	1.0	-0.3877281809552565	0.0	False		False		tetratricopeptide repeat		AT5G59010	BSK5
w:channel	word	channel	1	39	290	21633	1.9127320954907163	0.40951689062126373	1.0	-0.3877281809552565	0.0	False		False		channel		AT1G64060	RBOHF
w:downstream	word	downstream	1	39	290	21633	1.9127320954907163	0.40951689062126373	1.0	-0.3877281809552565	0.0	False		False		downstream		AT5G59010	BSK5
w:tetratricopeptide	word	tetratricopeptide	1	39	292	21633	1.899631190727081	0.4116729454901055	1.0	-0.3854476732270291	0.0	False		False		tetratricopeptide		AT5G59010	BSK5
k:Plant defense	keyword	Plant defense	2	39	785	21633	1.4132288094071535	0.4161521507071441	1.0	-0.38074785655709004	0.0	True		False		Plant defense		AT1G70700, AT5G65970	TIFY7, MLO10
k:NADP	keyword	NADP	1	39	297	21633	1.8676508676508676	0.41702957862335555	1.0	-0.37983314076404306	0.0	False		False		NADP		AT1G64060	RBOHF
w:transmembrane	word	transmembrane	4	39	1825	21633	1.2157639620653318	0.4202759191150471	1.0	-0.37646549339942725	0.0	True		False		transmembrane		AT5G01180, AT5G45460, AT5G50560, AT5G65970	PTR5, MFC19.13, MFB16.5, MLO10
w:heme	word	heme	1	39	302	21633	1.836729495669893	0.422338679826136	1.0	-0.37433914195707846	0.0	False		False		heme		AT5G64120	PER71
w:box	word	box	3	39	1309	21633	1.2712581536110947	0.42276780670992725	1.0	-0.3738980911388594	0.0	True		False		box		AT1G70700, AT2G18670, AT5G63120	TIFY7, ATL56, RH30
w:accumulation	word	accumulation	2	39	796	21633	1.3936992655585618	0.42310348327974523	1.0	-0.3735533992422218	0.0	True		False		accumulation		AT1G64060, AT1G66350	RBOHF, RGL1
w:target	word	target	2	39	798	21633	1.390206284943127	0.4243631352253715	1.0	-0.37226235065096525	0.0	True		False		target		AT2G34140, AT4G31000	CDF4, CBP60F
p:ubiquitin transferase	phrase	ubiquitin transferase	1	39	304	21633	1.8246457489878543	0.42444910349556175	1.0	-0.3721743793805549	0.0	False		False		ubiquitin transferase		AT2G18670	ATL56
w:acyltransferase	word	acyltransferase	1	39	306	21633	1.8127199597787833	0.42655201395211434	1.0	-0.3700280031950515	0.0	False		False		acyltransferase		AT1G54020	AtGELP24
w:development	word	development	6	39	2903	21633	1.146453271151859	0.4277153765922775	1.0	-0.3688451363479659	0.0	True		False		development		AT1G66350, AT1G70700, AT1G78170, AT4G25620, AT5G01180, AT5G62090	RGL1, TIFY7, CLG4, BIL9, PTR5, SLK2
w:secretory	word	secretory	1	39	309	21633	1.7951207368683095	0.42969234931433536	1.0	-0.36684237887403653	0.0	False		False		secretory		AT5G64120	PER71
p:root hair	phrase	root hair	1	39	312	21633	1.7778599605522682	0.43281592606522906	1.0	-0.36369676713671606	0.0	False		False		root hair		AT1G70700	TIFY7
w:lipid	word	lipid	2	39	812	21633	1.3662372110647971	0.4331434050915941	1.0	-0.36336829364898493	0.0	True		False		lipid		AT1G54020, AT2G47240	AtGELP24, LACS1
w:chlorophyll	word	chlorophyll	1	39	313	21633	1.7721798967805358	0.43385340924535476	1.0	-0.36265698548743674	0.0	False		False		chlorophyll		AT5G16440	IPP1
w:reproductive	word	reproductive	1	39	316	21633	1.7553554040895811	0.4369547765816867	1.0	-0.35956350879009136	0.0	False		False		reproductive		AT1G70700	TIFY7
w:matrix	word	matrix	1	39	317	21633	1.7498180053385102	0.43798488230544314	1.0	-0.358540879552141	0.0	False		False		matrix		AT1G53530	IMP1A
w:condition	word	condition	2	39	821	21633	1.3512601892626253	0.4387526795617056	1.0	-0.3577802181835346	0.0	True		False		condition		AT1G77120, AT2G47240	ADH1, LACS1
w:movement	word	movement	1	39	319	21633	1.7388473595370146	0.4400395878370378	1.0	-0.3565082507733922	0.0	False		False		movement		AT1G64060	RBOHF
w:polypeptide	word	polypeptide	1	39	319	21633	1.7388473595370146	0.4400395878370378	1.0	-0.3565082507733922	0.0	False		False		polypeptide		AT1G77120	ADH1
w:hair	word	hair	1	39	321	21633	1.7280134196022046	0.4420869733717631	1.0	-0.3544922819186255	0.0	False		False		hair		AT1G70700	TIFY7
w:hypersensitive	word	hypersensitive	1	39	322	21633	1.7226469182990922	0.44310792907927504	1.0	-0.35349047852951276	0.0	False		False		hypersensitive		AT1G64060	RBOHF
k:NAD	keyword	NAD	1	39	324	21633	1.7120132953466287	0.4451443822056403	1.0	-0.3514991031201109	0.0	False		False		NAD		AT1G77120	ADH1
w:inhibition	word	inhibition	1	39	326	21633	1.7015101462954223	0.4471735786594866	1.0	-0.3495238647400892	0.0	False		False		inhibition		AT2G21220	SAUR12
w:proton	word	proton	1	39	326	21633	1.7015101462954223	0.4471735786594866	1.0	-0.3495238647400892	0.0	False		False		proton		AT5G01180	PTR5
p:metal ion	phrase	metal ion	1	39	327	21633	1.6963067513526229	0.4481854635063577	1.0	-0.3485422335246393	0.0	False		False		metal ion		AT3G19360	AtC3H39
p:carbohydrate metabolic	phrase	carbohydrate metabolic	1	39	332	21633	1.6707599629286374	0.4532178793632723	1.0	-0.3436929656320186	0.0	False		False		carbohydrate metabolic		AT5G56870	BGAL4
w:participate	word	participate	1	39	332	21633	1.6707599629286374	0.4532178793632723	1.0	-0.3436929656320186	0.0	False		False		participate		AT1G66350	RGL1
p:lateral root	phrase	lateral root	1	39	338	21633	1.6411015020482476	0.459197771416078	1.0	-0.33800022832795834	0.0	False		False		lateral root		AT5G65970	MLO10
w:bacterial	word	bacterial	1	39	338	21633	1.6411015020482476	0.459197771416078	1.0	-0.33800022832795834	0.0	False		False		bacterial		AT1G64060	RBOHF
k:Glycosidase	keyword	Glycosidase	1	39	339	21633	1.636260494667574	0.46018820517586956	1.0	-0.33706451668145476	0.0	False		False		Glycosidase		AT5G56870	BGAL4
w:acceptor	word	acceptor	1	39	340	21633	1.631447963800905	0.46117687146675657	1.0	-0.3361324811826979	0.0	False		False		acceptor		AT1G64060	RBOHF
w:fungus	word	fungus	1	39	340	21633	1.631447963800905	0.46117687146675657	1.0	-0.3361324811826979	0.0	False		False		fungus		AT5G64120	PER71
p:seed dormancy	phrase	seed dormancy	1	39	344	21633	1.6124776386404291	0.4651139232886172	1.0	-0.3324406595920973	0.0	False		False		seed dormancy		AT5G62090	SLK2
w:microtubule	word	microtubule	1	39	345	21633	1.607803790412486	0.46609379820015606	1.0	-0.33152667571012867	0.0	False		False		microtubule		AT3G02170	LNG2
w:enzyme	word	enzyme	3	39	1399	21633	1.1894759993401882	0.4664012086361762	1.0	-0.3312403328130607	0.0	True		False		enzyme		AT1G20510, AT1G54020, AT2G47240	OPCL1, AtGELP24, LACS1
w:methyltransferase	word	methyltransferase	1	39	348	21633	1.5939434129089303	0.4690229403761705	1.0	-0.3288059149925233	0.0	False		False		methyltransferase		AT4G26240	AT4G26240
w:treatment	word	treatment	1	39	349	21633	1.5893762398060391	0.4699958370322817	1.0	-0.3279059887917619	0.0	False		False		treatment		AT1G77120	ADH1
k:Heme	keyword	Heme	1	39	351	21633	1.5803199649353497	0.47193642239735173	1.0	-0.32611650403916304	0.0	False		False		Heme		AT5G64120	PER71
w:hydrolase	word	hydrolase	3	39	1417	21633	1.174366212474893	0.4749769307429464	1.0	-0.32332748320532273	0.0	True		False		hydrolase		AT1G54020, AT5G56870, AT5G63120	AtGELP24, BGAL4, RH30
w:dark	word	dark	1	39	355	21633	1.562513542795233	0.47579684571229464	1.0	-0.3225784414376462	0.0	False		False		dark		AT1G66350	RGL1
w:glucose	word	glucose	1	39	355	21633	1.562513542795233	0.47579684571229464	1.0	-0.3225784414376462	0.0	False		False		glucose		AT1G53885	FLZ17
w:proteolysis	word	proteolysis	1	39	355	21633	1.562513542795233	0.47579684571229464	1.0	-0.3225784414376462	0.0	False		False		proteolysis		AT1G53530	IMP1A
w:inner	word	inner	1	39	357	21633	1.5537599655246714	0.47771673169225837	1.0	-0.3208295475917403	0.0	False		False		inner		AT1G53530	IMP1A
w:male	word	male	1	39	359	21633	1.5451039211484892	0.4796297657720005	1.0	-0.31909387246769777	0.0	False		False		male		AT2G47240	LACS1
w:floral	word	floral	1	39	361	21633	1.5365437886213507	0.48153597176405194	1.0	-0.31737126460360754	0.0	False		False		floral		AT1G66350	RGL1
w:dormancy	word	dormancy	1	39	367	21633	1.5114231817229091	0.4872138581330495	1.0	-0.31228036728585856	0.0	False		False		dormancy		AT5G62090	SLK2
w:slightly	word	slightly	1	39	368	21633	1.5073160535117058	0.48815426345294094	1.0	-0.31144291328527074	0.0	False		False		slightly		AT1G64060	RBOHF
w:smaller	word	smaller	1	39	369	21633	1.5032311861580152	0.48909298829307013	1.0	-0.31060856324180514	0.0	False		False		smaller		AT1G64060	RBOHF
w:cytochrome	word	cytochrome	1	39	375	21633	1.4791794871794872	0.49469021066150926	1.0	-0.3056666837287102	0.0	False		False		cytochrome		AT1G64060	RBOHF
w:localization	word	localization	1	39	375	21633	1.4791794871794872	0.49469021066150926	1.0	-0.3056666837287102	0.0	False		False		localization		AT5G65970	MLO10
p:glycosyl hydrolase	phrase	glycosyl hydrolase	1	39	376	21633	1.4752454991816693	0.4956172537410182	1.0	-0.304853583098868	0.0	False		False		glycosyl hydrolase		AT5G56870	BGAL4
w:secondary	word	secondary	1	39	378	21633	1.4674399674399676	0.49746637110900965	1.0	-0.3032362723763956	0.0	False		False		secondary		AT1G77120	ADH1
w:enhanced	word	enhanced	1	39	380	21633	1.4597165991902834	0.49930888262925943	1.0	-0.3016307078432315	0.0	False		False		enhanced		AT1G64060	RBOHF
w:senescence	word	senescence	1	39	381	21633	1.4558853220270542	0.5002276683807979	1.0	-0.3008322904288281	0.0	False		False		senescence		AT1G53885	FLZ17
w:higher	word	higher	1	39	386	21633	1.437026703866082	0.5047970115157029	1.0	-0.2968832248536236	0.0	False		False		higher		AT4G25620	BIL9
w:acyl	word	acyl	1	39	389	21633	1.425944235712873	0.507519051436072	1.0	-0.29454765040339675	0.0	False		False		acyl		AT2G47240	LACS1
w:endosome	word	endosome	1	39	389	21633	1.425944235712873	0.507519051436072	1.0	-0.29454765040339675	0.0	False		False		endosome		AT2G43290	MSS3
w:vegetative	word	vegetative	1	39	389	21633	1.425944235712873	0.507519051436072	1.0	-0.29454765040339675	0.0	False		False		vegetative		AT1G70700	TIFY7
w:bond	word	bond	1	39	390	21633	1.4222879684418146	0.5084231541000712	1.0	-0.2937746794616219	0.0	False		False		bond		AT1G54020	AtGELP24
w:early	word	early	2	39	939	21633	1.181453264520357	0.5095008069663065	1.0	-0.2928551238052752	0.0	True		False		early		AT2G26530, AT5G01180	AR781, PTR5
w:shorter	word	shorter	1	39	393	21633	1.411430808377373	0.5111257696691542	1.0	-0.2914722224629147	0.0	False		False		shorter		AT1G70700	TIFY7
w:fertility	word	fertility	1	39	394	21633	1.4078484966809839	0.5120234200920777	1.0	-0.29071017382078185	0.0	False		False		fertility		AT2G47240	LACS1
w:core	word	core	1	39	395	21633	1.404284323271665	0.5129194644734711	1.0	-0.2899508198404177	0.0	False		False		core		AT2G34140	CDF4
k:Cytoplasm	keyword	Cytoplasm	4	39	2053	21633	1.0807448761662108	0.5135106700576336	1.0	-0.28945052792063103	0.0	True		False		Cytoplasm		AT1G53885, AT1G77120, AT3G02170, AT5G16440	FLZ17, ADH1, LNG2, IPP1
w:oxidoreductase	word	oxidoreductase	2	39	946	21633	1.1727110099203122	0.5135231428322079	1.0	-0.2894399793737304	0.0	True		False		oxidoreductase		AT1G64060, AT1G77120	RBOHF, ADH1
w:structure	word	structure	1	39	396	21633	1.4007381507381507	0.5138139056113155	1.0	-0.2891941463745753	0.0	False		False		structure		AT2G47240	LACS1
w:delayed	word	delayed	1	39	397	21633	1.3972098430536717	0.5147067462988494	1.0	-0.28844013938308793	0.0	False		False		delayed		AT1G70700	TIFY7
p:pollen tube	phrase	pollen tube	1	39	398	21633	1.3936992655585618	0.5155979893245767	1.0	-0.2876887849317919	0.0	False		False		pollen tube		AT5G01180	PTR5
w:phosphorylation	word	phosphorylation	1	39	403	21633	1.3764077113953044	0.5200303367932564	1.0	-0.2839713203698024	0.0	False		False		phosphorylation		AT2G21220	SAUR12
w:oxidase	word	oxidase	1	39	410	21633	1.352908067542214	0.5261692965981285	1.0	-0.27887449776884043	0.0	False		False		oxidase		AT1G64060	RBOHF
p:ubiquitin ligase	phrase	ubiquitin ligase	1	39	418	21633	1.3270150901729847	0.5330915935551015	1.0	-0.27319816591138457	0.0	False		False		ubiquitin ligase		AT1G70700	TIFY7
w:metal	word	metal	1	39	422	21633	1.3144367480860373	0.5365156911689628	1.0	-0.2704175719488353	0.0	False		False		metal		AT3G19360	AtC3H39
w:contribute	word	contribute	1	39	426	21633	1.3020946189960274	0.5399153172433746	1.0	-0.2676743515435487	0.0	False		False		contribute		AT1G20510	OPCL1
p:activated signaling	phrase	activated signaling	1	39	429	21633	1.2929890622198315	0.5424490798555056	1.0	-0.26564102314889787	0.0	False		False		activated signaling		AT1G64060	RBOHF
k:Repeat	keyword	Repeat	6	39	3264	21633	1.0196549773755657	0.5476133783399266	1.0	-0.2615259504791817	0.0	True		False		Repeat		AT1G33680, AT1G64060, AT2G31180, AT2G43290, AT3G19360, AT5G59820	AtKH3, RBOHF, MYB14, MSS3, AtC3H39, RHL41
w:differentiation	word	differentiation	1	39	446	21633	1.243704725767506	0.5565522956514968	1.0	-0.2544940215434649	0.0	False		False		differentiation		AT2G34140	CDF4
w:glycosyltransferase	word	glycosyltransferase	1	39	448	21633	1.2381524725274724	0.5581833855155487	1.0	-0.25322309455162045	0.0	False		False		glycosyltransferase		AT1G67880	AT1G67880
w:light	word	light	2	39	1029	21633	1.0781191597518127	0.5596171443205934	1.0	-0.2521089890162066	0.0	True		False		light		AT1G66350, AT5G59820	RGL1, RHL41
w:precursor	word	precursor	1	39	450	21633	1.2326495726495725	0.559808629184191	1.0	-0.2519604113750483	0.0	False		False		precursor		AT1G20510	OPCL1
w:glycosyl	word	glycosyl	1	39	455	21633	1.2191039729501267	0.563846294985515	1.0	-0.24883926895513656	0.0	False		False		glycosyl		AT5G56870	BGAL4
w:manner	word	manner	1	39	457	21633	1.2137687258037366	0.5654512372021588	1.0	-0.24760484136122488	0.0	False		False		manner		AT4G31000	CBP60F
w:plastid	word	plastid	2	39	1042	21633	1.0646685368374427	0.5665635186953167	1.0	-0.24675139335140084	0.0	True		False		plastid		AT5G16440, AT5G56870	IPP1, BGAL4
w:nad	word	nad	1	39	460	21633	1.2058528428093644	0.5678478663362468	1.0	-0.24576800171942934	0.0	False		False		nad		AT1G64060	RBOHF
w:histone	word	histone	1	39	461	21633	1.203237109961622	0.5686438769730435	1.0	-0.24515963287616516	0.0	False		False		histone		AT4G26240	AT4G26240
w:inhibitor	word	inhibitor	1	39	463	21633	1.1980395414520684	0.5702316146480978	1.0	-0.24394870830575985	0.0	False		False		inhibitor		AT1G66350	RGL1
w:initiation	word	initiation	1	39	463	21633	1.1980395414520684	0.5702316146480978	1.0	-0.24394870830575985	0.0	False		False		initiation		AT5G62090	SLK2
w:protease	word	protease	1	39	472	21633	1.1751955671447196	0.5773062470996804	1.0	-0.23859374292361088	0.0	False		False		protease		AT1G53530	IMP1A
w:lateral	word	lateral	1	39	477	21633	1.1628769553297855	0.5811874319975543	1.0	-0.23568378575929894	0.0	False		False		lateral		AT5G65970	MLO10
w:phosphatase	word	phosphatase	1	39	478	21633	1.1604441583521081	0.58195949146778	1.0	-0.2351072442921824	0.0	False		False		phosphatase		AT2G21220	SAUR12
k:Hydrolase	keyword	Hydrolase	4	39	2236	21633	0.9922939314710334	0.5837015757775076	1.0	-0.23380913425442373	0.0	True		False		Hydrolase		AT1G53530, AT1G54020, AT5G56870, AT5G63120	IMP1A, AtGELP24, BGAL4, RH30
w:bacterium	word	bacterium	1	39	484	21633	1.1460584869675778	0.5865628097408502	1.0	-0.23168547636459005	0.0	False		False		bacterium		AT1G20510	OPCL1
w:receptor	word	receptor	2	39	1091	21633	1.0168511598392442	0.5920667237280268	1.0	-0.22762934713858307	0.0	True		False		receptor		AT2G26530, AT5G59010	AR781, BSK5
w:compound	word	compound	1	39	492	21633	1.1274233896185115	0.592623805602463	1.0	-0.2272209069664394	0.0	False		False		compound		AT5G56870	BGAL4
w:size	word	size	1	39	495	21633	1.1205905205905204	0.5948742851704097	1.0	-0.22557480406203764	0.0	False		False		size		AT3G02170	LNG2
w:dehydrogenase	word	dehydrogenase	1	39	498	21633	1.1138399752857584	0.5971126494141816	1.0	-0.22394372849567912	0.0	False		False		dehydrogenase		AT1G77120	ADH1
w:active	word	active	1	39	499	21633	1.1116078310467088	0.5978560895217218	1.0	-0.22340334284797628	0.0	False		False		active		AT1G77120	ADH1
w:cytoplasmic	word	cytoplasmic	1	39	500	21633	1.1093846153846154	0.5985981928863777	1.0	-0.22286459858947757	0.0	False		False		cytoplasmic		AT5G64120	PER71
k:Lipoprotein	keyword	Lipoprotein	1	39	503	21633	1.102768007340572	0.6008165059070338	1.0	-0.22125814470249724	0.0	False		False		Lipoprotein		AT5G59010	BSK5
k:Transmembrane helix	keyword	Transmembrane helix	8	39	4612	21633	0.9621722596570819	0.6116171234133778	1.0	-0.21352036416907122	0.0	True		False		Transmembrane helix		AT1G64060, AT1G67880, AT2G18670, AT4G26240, AT5G01180, AT5G45460, AT5G50560, AT5G65970	RBOHF, AT1G67880, ATL56, AT4G26240, PTR5, MFC19.13, MFB16.5, MLO10
w:biogenesis	word	biogenesis	1	39	524	21633	1.05857310628303	0.6160136766160792	1.0	-0.21040964560674658	0.0	False		False		biogenesis		AT5G63120	RH30
w:ribosome	word	ribosome	1	39	527	21633	1.0525470734199387	0.6181381527948168	1.0	-0.20891445000646966	0.0	False		False		ribosome		AT5G63120	RH30
w:peptidase	word	peptidase	1	39	528	21633	1.050553613053613	0.6188437631445275	1.0	-0.20841898162404274	0.0	False		False		peptidase		AT1G53530	IMP1A
w:primary	word	primary	1	39	531	21633	1.0446182819064174	0.6209529803011238	1.0	-0.2069412841533362	0.0	False		False		primary		AT1G77120	ADH1
p:nucleic acid	phrase	nucleic acid	1	39	532	21633	1.0426547137073452	0.621653522134517	1.0	-0.2064516014030504	0.0	False		False		nucleic acid		AT5G63120	RH30
w:nucleic	word	nucleic	1	39	532	21633	1.0426547137073452	0.621653522134517	1.0	-0.2064516014030504	0.0	False		False		nucleic		AT5G63120	RH30
w:site	word	site	1	39	534	21633	1.0387496398732352	0.6230508232749605	1.0	-0.20547652578447784	0.0	False		False		site		AT1G64060	RBOHF
w:cytosolic	word	cytosolic	1	39	537	21633	1.0329465692594184	0.6251373517969139	1.0	-0.20402455133770447	0.0	False		False		cytosolic		AT1G64060	RBOHF
k:Stress response	keyword	Stress response	1	39	549	21633	1.0103685021717808	0.6333715053319002	1.0	-0.1983414789424548	0.0	False		False		Stress response		AT5G59010	BSK5
w:regulatory	word	regulatory	1	39	549	21633	1.0103685021717808	0.6333715053319002	1.0	-0.1983414789424548	0.0	False		False		regulatory		AT5G59820	RHL41
k:Transmembrane	keyword	Transmembrane	8	39	4696	21633	0.9449613418949023	0.6339619270238658	1.0	-0.1979368231591839	0.0	True		False		Transmembrane		AT1G64060, AT1G67880, AT2G18670, AT4G26240, AT5G01180, AT5G45460, AT5G50560, AT5G65970	RBOHF, AT1G67880, ATL56, AT4G26240, PTR5, MFC19.13, MFB16.5, MLO10
w:homeostasis	word	homeostasis	1	39	551	21633	1.0067011028898505	0.6347266206300795	1.0	-0.19741328685966114	0.0	False		False		homeostasis		AT1G64060	RBOHF
w:step	word	step	1	39	552	21633	1.0048773690078037	0.6354023469271779	1.0	-0.19695118539234568	0.0	False		False		step		AT1G20510	OPCL1
k:Protein transport	keyword	Protein transport	1	39	563	21633	0.9852438857767454	0.6427554137912044	1.0	-0.1919542567002796	0.0	False		False		Protein transport		AT5G01180	PTR5
w:cotyledon	word	cotyledon	1	39	572	21633	0.9697417966648736	0.6486639052146977	1.0	-0.18798026763507583	0.0	False		False		cotyledon		AT5G65970	MLO10
w:organ	word	organ	1	39	577	21633	0.9613384882015731	0.6519051442815784	1.0	-0.185815591863191	0.0	False		False		organ		AT5G62090	SLK2
p:zinc ion	phrase	zinc ion	1	39	581	21633	0.9547199788163643	0.6544771409270088	1.0	-0.18410551755116386	0.0	False		False		zinc ion		AT1G77120	ADH1
w:extracellular	word	extracellular	3	39	1854	21633	0.8975603684341549	0.6611313605344245	1.0	-0.17971224174385778	0.0	True		False		extracellular		AT1G54020, AT5G56870, AT5G64120	AtGELP24, BGAL4, PER71
w:oxygen	word	oxygen	1	39	596	21633	0.9306917914300464	0.6639582403845916	1.0	-0.17785923469953782	0.0	False		False		oxygen		AT1G64060	RBOHF
w:ubiquitination	word	ubiquitination	1	39	603	21633	0.9198877407832631	0.6682955362804959	1.0	-0.17503143963228976	0.0	False		False		ubiquitination		AT2G18670	ATL56
k:Endoplasmic reticulum	keyword	Endoplasmic reticulum	1	39	604	21633	0.9183647478349465	0.6689106800791199	1.0	-0.17463186988321738	0.0	False		False		Endoplasmic reticulum		AT2G47240	LACS1
w:regulating	word	regulating	1	39	616	21633	0.9004745254745254	0.6762062592412492	1.0	-0.16992081354458538	0.0	False		False		regulating		AT1G66350	RGL1
w:shoot	word	shoot	1	39	619	21633	0.8961103516838573	0.6780055364120907	1.0	-0.16876675978573377	0.0	False		False		shoot		AT5G65970	MLO10
w:vesicle	word	vesicle	1	39	635	21633	0.8735311932162325	0.68743837494431	1.0	-0.1627662278557998	0.0	False		False		vesicle		AT5G64120	PER71
p:serine kinase	phrase	serine kinase	1	39	637	21633	0.8707885521072334	0.6885983780723399	1.0	-0.16203400456928077	0.0	False		False		serine kinase		AT5G59010	BSK5
w:normal	word	normal	1	39	639	21633	0.8680630793306849	0.6897541860938392	1.0	-0.16130565512287856	0.0	False		False		normal		AT1G64060	RBOHF
w:catalytic	word	catalytic	1	39	646	21633	0.8586568230531079	0.693766690542629	1.0	-0.15878655554729257	0.0	False		False		catalytic		AT1G20510	OPCL1
w:meristem	word	meristem	1	39	654	21633	0.8481533756763114	0.698290510171094	1.0	-0.15596386001874704	0.0	False		False		meristem		AT5G62090	SLK2
w:cytoplasm	word	cytoplasm	6	39	3781	21633	0.8802311150896182	0.6990507799326139	1.0	-0.1554912754080937	0.0	True		False		cytoplasm		AT1G33680, AT1G53885, AT1G77120, AT3G49640, AT4G30490, AT5G16440	AtKH3, FLZ17, ADH1, AT3G49640, AT4G30490, IPP1
w:rna	word	rna	3	39	1966	21633	0.8464277329994522	0.700843481680577	1.0	-0.15437896153727734	0.0	True		False		rna		AT1G22330, AT2G21220, AT5G63120	AT1G22330, SAUR12, RH30
w:ring	word	ring	1	39	664	21633	0.8353799814643187	0.7038537901637537	1.0	-0.15251754642575807	0.0	False		False		ring		AT2G18670	ATL56
k:Glycoprotein	keyword	Glycoprotein	3	39	2012	21633	0.827076005505429	0.7161504003256198	1.0	-0.1449957609711654	0.0	True		False		Glycoprotein		AT1G54020, AT5G56870, AT5G64120	AtGELP24, BGAL4, PER71
w:flower	word	flower	1	39	692	21633	0.8015784793241442	0.7189045472849864	1.0	-0.14332876933806651	0.0	False		False		flower		AT1G66350	RGL1
p:transmembrane transporter	phrase	transmembrane transporter	1	39	694	21633	0.7992684548880514	0.7199506077006155	1.0	-0.14269729737272024	0.0	False		False		transmembrane transporter		AT5G01180	PTR5
w:plasmodesma	word	plasmodesma	1	39	700	21633	0.7924175824175824	0.7230660825260451	1.0	-0.1408220098079199	0.0	False		False		plasmodesma		AT5G59010	BSK5
w:low	word	low	1	39	721	21633	0.7693374586578471	0.7337065606038016	1.0	-0.1344775975651464	0.0	False		False		low		AT2G47240	LACS1
w:serine	word	serine	2	39	1425	21633	0.7785155195681511	0.7373033640209344	1.0	-0.13235378458002114	0.0	True		False		serine		AT1G53530, AT5G59010	IMP1A, BSK5
k:Ubl conjugation pathway	keyword	Ubl conjugation pathway	1	39	739	21633	0.7505985219111064	0.7425090447123401	1.0	-0.1292982517148104	0.0	False		False		Ubl conjugation pathway		AT2G18670	ATL56
w:activated	word	activated	1	39	749	21633	0.7405771798295162	0.7472761279412358	1.0	-0.126518891247094	0.0	False		False		activated		AT1G64060	RBOHF
k:Iron	keyword	Iron	1	39	750	21633	0.7395897435897436	0.7477480792441611	1.0	-0.1262446938763611	0.0	False		False		Iron		AT5G64120	PER71
p:threonine kinase	phrase	threonine kinase	1	39	761	21633	0.7288992216718893	0.7528831967864357	1.0	-0.12327239554676235	0.0	False		False		threonine kinase		AT5G59010	BSK5
k:Serine/threonine-protein kinase	keyword	Serine/threonine-protein kinase	1	39	835	21633	0.6643021649009674	0.7848753614064147	1.0	-0.10519930395681432	0.0	False		False		Serine/threonine-protein kinase		AT5G59010	BSK5
k:Mitochondrion	keyword	Mitochondrion	1	39	836	21633	0.6635075450864923	0.7852787588919974	1.0	-0.10497614967712678	0.0	False		False		Mitochondrion		AT1G53530	IMP1A
p:ser thr	phrase	ser thr	1	39	898	21633	0.6176974473188281	0.8089006323554762	1.0	-0.09210482507526543	0.0	False		False		ser thr		AT5G59010	BSK5
w:control	word	control	1	39	901	21633	0.6156407410569452	0.8099769609243622	1.0	-0.09152733406668177	0.0	False		False		control		AT1G64060	RBOHF
w:decreased	word	decreased	1	39	909	21633	0.6102225607176102	0.8128183744535267	1.0	-0.0900064873515223	0.0	False		False		decreased		AT1G64060	RBOHF
w:thr	word	thr	1	39	927	21633	0.5983735789561032	0.8190610294846322	1.0	-0.08668373709070568	0.0	False		False		thr		AT5G59010	BSK5
w:vacuole	word	vacuole	1	39	944	21633	0.5875977835723598	0.8247703329376089	1.0	-0.08366696905481581	0.0	False		False		vacuole		AT1G54020	AtGELP24
w:kinase	word	kinase	2	39	1718	21633	0.645741918151697	0.8271147500669565	1.0	-0.08243423426395077	0.0	True		False		kinase		AT4G25620, AT5G59010	BIL9, BSK5
w:ser	word	ser	1	39	961	21633	0.5772032338109341	0.8303039631588668	1.0	-0.08076288912249287	0.0	False		False		ser		AT5G59010	BSK5
w:chloroplast	word	chloroplast	5	39	3776	21633	0.7344972294654497	0.834965558469724	1.0	-0.07833143837872092	0.0	True		False		chloroplast		AT1G20510, AT2G43290, AT3G49640, AT4G30490, AT5G16440	OPCL1, MSS3, AT3G49640, AT4G30490, IPP1
w:transferase	word	transferase	1	39	997	21633	0.5563613918679114	0.841466006199497	1.0	-0.07496342409478828	0.0	False		False		transferase		AT2G18670	ATL56
w:embryo	word	embryo	1	39	1008	21633	0.5502899877899877	0.8447315720862638	1.0	-0.07328127363243002	0.0	False		False		embryo		AT5G62090	SLK2
w:pollen	word	pollen	1	39	1010	21633	0.5492003046458492	0.8453182280908214	1.0	-0.07297976597773094	0.0	False		False		pollen		AT5G01180	PTR5
p:transmembrane transport	phrase	transmembrane transport	1	39	1014	21633	0.5470338340160825	0.8464850679751156	1.0	-0.07238069845664961	0.0	False		False		transmembrane transport		AT5G01180	PTR5
w:mitochondrial	word	mitochondrial	1	39	1014	21633	0.5470338340160825	0.8464850679751156	1.0	-0.07238069845664961	0.0	False		False		mitochondrial		AT1G53530	IMP1A
w:nuclear	word	nuclear	1	39	1015	21633	0.5464948844259189	0.8467754352261447	1.0	-0.0722317492597067	0.0	False		False		nuclear		AT5G17640	ASG1
p:serine threonine	phrase	serine threonine	1	39	1028	21633	0.539583956899132	0.8505018577314503	1.0	-0.0703247334310282	0.0	False		False		serine threonine		AT5G59010	BSK5
p:endoplasmic reticulum	phrase	endoplasmic reticulum	1	39	1038	21633	0.5343856528827626	0.8533081036714449	1.0	-0.0688941299526416	0.0	False		False		endoplasmic reticulum		AT2G47240	LACS1
w:rich	word	rich	1	39	1038	21633	0.5343856528827626	0.8533081036714449	1.0	-0.0688941299526416	0.0	False		False		rich		AT4G25620	BIL9
w:catabolic	word	catabolic	1	39	1039	21633	0.5338713259791219	0.8535858887628173	1.0	-0.06875277315610029	0.0	False		False		catabolic		AT5G64120	PER71
w:reticulum	word	reticulum	1	39	1039	21633	0.5338713259791219	0.8535858887628173	1.0	-0.06875277315610029	0.0	False		False		reticulum		AT2G47240	LACS1
w:endoplasmic	word	endoplasmic	1	39	1040	21633	0.5333579881656805	0.8538631612857973	1.0	-0.06861172305827314	0.0	False		False		endoplasmic		AT2G47240	LACS1
k:Transit peptide	keyword	Transit peptide	2	39	1836	21633	0.6042399865929278	0.8549737104479395	1.0	-0.068047239169987	0.0	True		False		Transit peptide		AT1G53530, AT5G16440	IMP1A, IPP1
w:transporter	word	transporter	1	39	1050	21633	0.5282783882783882	0.8566078970672174	1.0	-0.06721792616066506	0.0	False		False		transporter		AT5G01180	PTR5
k:Disulfide bond	keyword	Disulfide bond	1	39	1060	21633	0.5232946298984035	0.8593023789333172	1.0	-0.06585398588448989	0.0	False		False		Disulfide bond		AT5G64120	PER71
w:threonine	word	threonine	1	39	1066	21633	0.5203492567470054	0.8608953196965999	1.0	-0.06504965324087757	0.0	False		False		threonine		AT5G59010	BSK5
k:Kinase	keyword	Kinase	1	39	1155	21633	0.4802530802530803	0.8825587441594156	1.0	-0.05425637782093747	0.0	False		False		Kinase		AT5G59010	BSK5
w:chloroplastic	word	chloroplastic	1	39	1315	21633	0.4218192453933899	0.9135350581126888	1.0	-0.03927478136811253	0.0	False		False		chloroplastic		AT5G16440	IPP1
k:Chloroplast	keyword	Chloroplast	1	39	1413	21633	0.3925635581686537	0.9284069595898441	1.0	-0.032261612614938526	0.0	False		False		Chloroplast		AT5G16440	IPP1
k:Plastid	keyword	Plastid	1	39	1425	21633	0.38925775978407556	0.9300469846498415	1.0	-0.03149511095280526	0.0	False		False		Plastid		AT5G16440	IPP1
w:element	word	element	1	39	1480	21633	0.3747920997920998	0.9371071292460741	1.0	-0.028210758118695205	0.0	False		False		element		AT1G78170	CLG4
k:Coiled coil	keyword	Coiled coil	1	39	1494	21633	0.37127999176191945	0.9387903371780077	1.0	-0.027431389175562402	0.0	False		False		Coiled coil		AT1G64060	RBOHF
w:repeat	word	repeat	1	39	1684	21633	0.3293897314087338	0.9577220903077491	1.0	-0.018760495259213424	0.0	False		False		repeat		AT5G59010	BSK5
k:Transport	keyword	Transport	1	39	1904	21633	0.2913299935358759	0.9725774937776864	1.0	-0.0120757845737753	0.0	False		False		Transport		AT5G01180	PTR5
k:Transferase	keyword	Transferase	2	39	2977	21633	0.3726518694607375	0.977638808298049	1.0	-0.00982156702872231	0.0	True		False		Transferase		AT2G18670, AT5G59010	ATL56, BSK5
w:transport	word	transport	1	39	2165	21633	0.25620891810268254	0.9836949363397219	1.0	-0.007139564176060338	0.0	False		False		transport		AT5G01180	PTR5
w:complex	word	complex	2	39	3160	21633	0.35107108081791627	0.9838374968607031	1.0	-0.007076629256500198	0.0	True		False		complex		AT1G53885, AT1G66350	FLZ17, RGL1
