concept	layer	label	k	n	K	N	fold	p	genes	tested	fdr	status	representative	group	display	merged	symbols
w:ethylene	word	ethylene	24	155	352	21521	9.466715542521994	8.026623330688244e-17	AT1G05010, AT1G06160, AT1G09530, AT1G25560, AT1G28370, AT1G43160, AT1G53170, AT1G77330, AT2G19590, AT2G26070, AT2G40940, AT2G41230, AT3G14230, AT3G23150, AT3G25730, AT3G59900, AT4G23750, AT4G26080, AT5G03730, AT5G13330, AT5G20820, AT5G25350, AT5G39610, AT5G47220	True	5.225331788278047e-14	significant	True	ethylene	ethylene	ethylene activated, Ethylene signaling pathway, ethylene responsive, Ethylene biosynthesis	EFE, ORA59, PIF3, TEM1, ERF11, RAP2.6, ERF8, AT1G77330, ACO1, RTE1, ERS1, ORS1, RAP2.2, ETR2, EDF3, ARGOS, CRF2, ABI1, CTR1, Rap2.6L, SAUR76, EBF2, NAC6, ERF2
p:ethylene activated	phrase	ethylene activated	13	155	83	21521	21.746832491255347	2.886704181994239e-14	AT1G06160, AT1G28370, AT1G43160, AT1G53170, AT2G26070, AT2G40940, AT2G41230, AT3G14230, AT3G23150, AT5G03730, AT5G13330, AT5G25350, AT5G47220	True	9.396222112391248e-12	significant	False	ethylene	ethylene activated		ORA59, ERF11, RAP2.6, ERF8, RTE1, ERS1, ORS1, RAP2.2, ETR2, CTR1, Rap2.6L, EBF2, ERF2
k:Ethylene signaling pathway	keyword	Ethylene signaling pathway	15	155	162	21521	12.856033452807646	8.0338259370445e-13	AT1G06160, AT1G25560, AT1G28370, AT1G43160, AT1G53170, AT2G40940, AT3G14230, AT3G23150, AT3G25730, AT4G23750, AT5G03730, AT5G13330, AT5G20820, AT5G25350, AT5G47220	True	1.7433402283386564e-10	significant	False	ethylene	Ethylene signaling pathway		ORA59, TEM1, ERF11, RAP2.6, ERF8, ERS1, RAP2.2, ETR2, EDF3, CRF2, CTR1, Rap2.6L, SAUR76, EBF2, ERF2
p:activated signaling	phrase	activated signaling	21	155	429	21521	6.7966162869388675	4.875565354061907e-12	AT1G03430, AT1G06160, AT1G15670, AT1G28370, AT1G43160, AT1G53170, AT2G26070, AT2G40940, AT2G41230, AT3G14230, AT3G21510, AT3G23150, AT3G59220, AT4G26080, AT5G03730, AT5G05440, AT5G12050, AT5G13330, AT5G23580, AT5G25350, AT5G47220	True	7.934982613735754e-10	significant	True	activated signaling	activated signaling	activated, signaling, signal	AHP5, ORA59, AT1G15670, ERF11, RAP2.6, ERF8, RTE1, ERS1, ORS1, RAP2.2, AHP1, ETR2, PRN, ABI1, CTR1, PYL5, AT5G12050, Rap2.6L, CDPK9, EBF2, ERF2
w:response	word	response	68	155	4315	21521	2.1880581617014916	1.3433645251809291e-11	AT1G03430, AT1G05010, AT1G06080, AT1G06160, AT1G08930, AT1G09530, AT1G18100, AT1G25560, AT1G26270, AT1G43160, AT1G49570, AT1G53170, AT1G62630, AT1G77380, AT1G80840, AT2G04050, AT2G16060, AT2G19590, AT2G25690, AT2G26070, AT2G29370, AT2G31180, AT2G33460, AT2G34140, AT2G36080, AT2G39040, AT2G39350, AT2G40940, AT2G41230, AT2G42530, AT2G43140, AT2G44080, AT2G47270, AT3G01970, AT3G14230, AT3G21510, AT3G23030, AT3G23150, AT3G23550, AT3G25730, AT3G44260, AT3G59220, AT3G59900, AT3G60530, AT4G11650, AT4G20830, AT4G21410, AT4G23750, AT4G24480, AT4G26080, AT4G26270, AT4G38410, AT5G03730, AT5G04340, AT5G05190, AT5G05440, AT5G13330, AT5G19890, AT5G20820, AT5G22630, AT5G25350, AT5G39610, AT5G43170, AT5G44910, AT5G53980, AT5G63650, AT5G64100, AT5G67060	True	1.7490606117855696e-09	significant	True	response	response		AHP5, EFE, ADS1, ORA59, ERD6, PIF3, E12A11, TEM1, PI4KG5, RAP2.6, PER10, ERF8, AT1G62630, AAP3, WRKY40, DTX3, HB1, ACO1, FLZ11, RTE1, AT2G29370, MYB14, RIC1, CDF4, ABS2, PER24, ABCG1, ERS1, ORS1, COR15B, BHLH129, ARL, UPB1, WRKY45, RAP2.2, AHP1, IAA2, ETR2, DTX18, EDF3, CAF1a, PRN, ARGOS, GATA4, OSM34, AT4G20830, CRK29, CRF2, AT4G24480, ABI1, PFK3, AT4G38410, CTR1, ZAT6, EDR4, PYL5, Rap2.6L, PER59, SAUR76, ADT5, EBF2, NAC6, ZF3, AT5G44910, HB52, SNRK2.5, PER69, HEC1
p:signaling pathway	phrase	signaling pathway	30	155	984	21521	4.233084185680567	1.652599578195182e-11	AT1G03430, AT1G06160, AT1G09530, AT1G15670, AT1G18100, AT1G28370, AT1G43160, AT1G53170, AT2G26070, AT2G33460, AT2G40940, AT2G41230, AT2G44080, AT3G14230, AT3G21510, AT3G23150, AT3G59220, AT3G59900, AT4G23750, AT4G24480, AT4G26080, AT5G03730, AT5G05190, AT5G05440, AT5G12050, AT5G13330, AT5G23580, AT5G25350, AT5G39610, AT5G47220	True	1.7930705423417725e-09	significant	True	signaling pathway	signaling pathway	pathway, Cytokinin signaling pathway	AHP5, ORA59, PIF3, AT1G15670, E12A11, ERF11, RAP2.6, ERF8, RTE1, RIC1, ERS1, ORS1, ARL, RAP2.2, AHP1, ETR2, PRN, ARGOS, CRF2, AT4G24480, ABI1, CTR1, EDR4, PYL5, AT5G12050, Rap2.6L, CDPK9, EBF2, NAC6, ERF2
w:cis‑regulatory	word	cis-regulatory	23	155	706	21521	4.52328429132779	1.4558676182020152e-09	AT1G09530, AT1G25560, AT1G28370, AT1G53170, AT1G75390, AT1G80840, AT2G31180, AT2G34140, AT2G36080, AT2G47270, AT3G01970, AT3G14230, AT3G23030, AT3G25730, AT3G60530, AT4G23750, AT5G04340, AT5G13330, AT5G28300, AT5G39610, AT5G43170, AT5G47220, AT5G53980	True	1.3539568849278742e-07	significant	True	cis-regulatory	transcription cis-regulatory	transcription cis-regulatory, templated transcription, dna templated, templated, Transcription regulation, Transcription, transcription	PIF3, TEM1, ERF11, ERF8, bZIP44, WRKY40, MYB14, CDF4, ABS2, UPB1, WRKY45, RAP2.2, IAA2, EDF3, GATA4, CRF2, ZAT6, Rap2.6L, AT5G28300, NAC6, ZF3, ERF2, HB52
w:activated	word	activated	22	155	653	21521	4.677784913303364	1.8559549785342627e-09	AT1G03430, AT1G06160, AT1G15670, AT1G28370, AT1G43160, AT1G53170, AT2G26070, AT2G33460, AT2G40940, AT2G41230, AT3G14230, AT3G21510, AT3G23150, AT3G59220, AT4G26080, AT5G03730, AT5G05440, AT5G12050, AT5G13330, AT5G23580, AT5G25350, AT5G47220	True	1.5102833637822562e-07	significant	False	activated signaling	activated		AHP5, ORA59, AT1G15670, ERF11, RAP2.6, ERF8, RTE1, RIC1, ERS1, ORS1, RAP2.2, AHP1, ETR2, PRN, ABI1, CTR1, PYL5, AT5G12050, Rap2.6L, CDPK9, EBF2, ERF2
p:transcription cis‑regulatory	phrase	transcription cis-regulatory	22	155	660	21521	4.628172043010753	2.257903990400353e-09	AT1G09530, AT1G25560, AT1G28370, AT1G53170, AT1G75390, AT1G80840, AT2G31180, AT2G34140, AT2G36080, AT2G47270, AT3G01970, AT3G14230, AT3G23030, AT3G25730, AT3G60530, AT4G23750, AT5G04340, AT5G13330, AT5G39610, AT5G43170, AT5G47220, AT5G53980	True	1.6332172197229218e-07	significant	False	cis-regulatory	transcription cis-regulatory		PIF3, TEM1, ERF11, ERF8, bZIP44, WRKY40, MYB14, CDF4, ABS2, UPB1, WRKY45, RAP2.2, IAA2, EDF3, GATA4, CRF2, ZAT6, Rap2.6L, NAC6, ZF3, ERF2, HB52
w:signaling	word	signaling	33	155	1466	21521	3.1254367821150377	3.6168523857627955e-09	AT1G03430, AT1G06160, AT1G09530, AT1G15670, AT1G18100, AT1G28370, AT1G43160, AT1G53170, AT1G73830, AT2G26070, AT2G33460, AT2G40940, AT2G41230, AT2G44080, AT2G47270, AT3G14230, AT3G21510, AT3G23150, AT3G59220, AT3G59900, AT4G23750, AT4G24480, AT4G26080, AT5G03730, AT5G05190, AT5G05440, AT5G12050, AT5G13330, AT5G20820, AT5G23580, AT5G25350, AT5G39610, AT5G47220	True	2.3545709031315798e-07	significant	False	activated signaling	signaling		AHP5, ORA59, PIF3, AT1G15670, E12A11, ERF11, RAP2.6, ERF8, BEE3, RTE1, RIC1, ERS1, ORS1, ARL, UPB1, RAP2.2, AHP1, ETR2, PRN, ARGOS, CRF2, AT4G24480, ABI1, CTR1, EDR4, PYL5, AT5G12050, Rap2.6L, SAUR76, CDPK9, EBF2, NAC6, ERF2
p:ethylene responsive	phrase	ethylene responsive	10	155	126	21521	11.019457245263697	2.6434602088746445e-08	AT1G06160, AT1G25560, AT1G28370, AT1G43160, AT1G53170, AT3G14230, AT3G25730, AT4G23750, AT5G13330, AT5G47220	True	1.5644478145249034e-06	significant	False	ethylene	ethylene responsive		ORA59, TEM1, ERF11, RAP2.6, ERF8, RAP2.2, EDF3, CRF2, Rap2.6L, ERF2
p:erf transcription	phrase	erf transcription	10	155	130	21521	10.680397022332507	3.5666498367823074e-08	AT1G06160, AT1G25560, AT1G28370, AT1G43160, AT1G53170, AT3G14230, AT3G25730, AT4G23750, AT5G13330, AT5G47220	True	1.9349075364544015e-06	significant	True	erf transcription	erf transcription	erf, box pathogenesis, gcc box, gcc	ORA59, TEM1, ERF11, RAP2.6, ERF8, RAP2.2, EDF3, CRF2, Rap2.6L, ERF2
w:erf	word	erf	10	155	137	21521	10.134683305862962	5.880855342556799e-08	AT1G06160, AT1G25560, AT1G28370, AT1G43160, AT1G53170, AT3G14230, AT3G25730, AT4G23750, AT5G13330, AT5G47220	True	2.883345598665469e-06	significant	False	erf transcription	erf		ORA59, TEM1, ERF11, RAP2.6, ERF8, RAP2.2, EDF3, CRF2, Rap2.6L, ERF2
w:responsive	word	responsive	19	155	596	21521	4.426271920329075	6.200743222936493e-08	AT1G06160, AT1G08930, AT1G25560, AT1G28370, AT1G43160, AT1G53170, AT1G64160, AT1G80840, AT2G36080, AT3G01970, AT3G14230, AT3G23030, AT3G25730, AT3G60530, AT4G23750, AT4G33560, AT5G13330, AT5G20820, AT5G47220	True	2.883345598665469e-06	significant	True	responsive	responsive		ORA59, ERD6, TEM1, ERF11, RAP2.6, ERF8, DIR5, WRKY40, ABS2, WRKY45, RAP2.2, IAA2, EDF3, GATA4, CRF2, WIP5, Rap2.6L, SAUR76, ERF2
w:pathway	word	pathway	33	155	1757	21521	2.6077918739787393	2.730382728410384e-07	AT1G03430, AT1G06160, AT1G09530, AT1G15670, AT1G18100, AT1G28370, AT1G43160, AT1G53170, AT2G25690, AT2G26070, AT2G33460, AT2G40940, AT2G41230, AT2G44080, AT3G14230, AT3G21510, AT3G23150, AT3G25730, AT3G59220, AT3G59900, AT4G23750, AT4G24480, AT4G26080, AT5G03730, AT5G05190, AT5G05440, AT5G12050, AT5G13330, AT5G22630, AT5G23580, AT5G25350, AT5G39610, AT5G47220	True	1.1849861041301065e-05	significant	False	signaling pathway	pathway		AHP5, ORA59, PIF3, AT1G15670, E12A11, ERF11, RAP2.6, ERF8, FLZ11, RTE1, RIC1, ERS1, ORS1, ARL, RAP2.2, AHP1, ETR2, EDF3, PRN, ARGOS, CRF2, AT4G24480, ABI1, CTR1, EDR4, PYL5, AT5G12050, Rap2.6L, ADT5, CDPK9, EBF2, NAC6, ERF2
w:osr	word	osr	3	155	3	21521	138.84516129032258	3.6645196074434684e-07	AT2G41230, AT2G44080, AT3G59900	True	1.4910014152785612e-05	significant	True	osr	osr		ORS1, ARL, ARGOS
p:box pathogenesis	phrase	box pathogenesis	8	155	104	21521	10.680397022332507	8.668063487039663e-07	AT1G06160, AT1G28370, AT1G43160, AT1G53170, AT3G25730, AT4G23750, AT5G13330, AT5G47220	True	3.319358429448718e-05	significant	False	erf transcription	box pathogenesis		ORA59, ERF11, RAP2.6, ERF8, EDF3, CRF2, Rap2.6L, ERF2
p:gcc box	phrase	gcc box	8	155	106	21521	10.478880097382836	1.002646022459925e-06	AT1G06160, AT1G28370, AT1G43160, AT1G53170, AT3G25730, AT4G23750, AT5G13330, AT5G47220	True	3.6262364478967284e-05	significant	False	erf transcription	gcc box		ORA59, ERF11, RAP2.6, ERF8, EDF3, CRF2, Rap2.6L, ERF2
w:gcc	word	gcc	8	155	107	21521	10.38094663852879	1.0771110736729487e-06	AT1G06160, AT1G28370, AT1G43160, AT1G53170, AT3G25730, AT4G23750, AT5G13330, AT5G47220	True	3.6905226787425766e-05	significant	False	erf transcription	gcc		ORA59, ERF11, RAP2.6, ERF8, EDF3, CRF2, Rap2.6L, ERF2
p:templated transcription	phrase	templated transcription	29	155	1604	21521	2.5102928163462312	3.543210878170073e-06	AT1G06160, AT1G09530, AT1G25560, AT1G28370, AT1G43160, AT1G53170, AT1G73830, AT1G75390, AT1G80840, AT2G31180, AT2G34140, AT2G36080, AT2G43140, AT2G47270, AT3G01970, AT3G14230, AT3G23030, AT3G25730, AT3G60530, AT4G23750, AT5G04340, AT5G13330, AT5G28300, AT5G39610, AT5G43170, AT5G47220, AT5G53980, AT5G65640, AT5G67060	True	0.00011533151408443588	significant	False	cis-regulatory	templated transcription		ORA59, PIF3, TEM1, ERF11, RAP2.6, ERF8, BEE3, bZIP44, WRKY40, MYB14, CDF4, ABS2, BHLH129, UPB1, WRKY45, RAP2.2, IAA2, EDF3, GATA4, CRF2, ZAT6, Rap2.6L, AT5G28300, NAC6, ZF3, ERF2, HB52, bHLH093, HEC1
p:dna templated	phrase	dna templated	29	155	1613	21521	2.4962862228266305	3.953236683362511e-06	AT1G06160, AT1G09530, AT1G25560, AT1G28370, AT1G43160, AT1G53170, AT1G73830, AT1G75390, AT1G80840, AT2G31180, AT2G34140, AT2G36080, AT2G43140, AT2G47270, AT3G01970, AT3G14230, AT3G23030, AT3G25730, AT3G60530, AT4G23750, AT5G04340, AT5G13330, AT5G28300, AT5G39610, AT5G43170, AT5G47220, AT5G53980, AT5G65640, AT5G67060	True	0.00012008455240049808	significant	False	cis-regulatory	dna templated		ORA59, PIF3, TEM1, ERF11, RAP2.6, ERF8, BEE3, bZIP44, WRKY40, MYB14, CDF4, ABS2, BHLH129, UPB1, WRKY45, RAP2.2, IAA2, EDF3, GATA4, CRF2, ZAT6, Rap2.6L, AT5G28300, NAC6, ZF3, ERF2, HB52, bHLH093, HEC1
w:pathogenesis	word	pathogenesis	9	155	170	21521	7.350626185958254	4.058156916760304e-06	AT1G06160, AT1G28370, AT1G43160, AT1G50060, AT1G53170, AT3G25730, AT4G23750, AT5G13330, AT5G47220	True	0.00012008455240049808	significant	True	pathogenesis	box pathogenesis	promoter element	ORA59, ERF11, RAP2.6, AT1G50060, ERF8, EDF3, CRF2, Rap2.6L, ERF2
w:templated	word	templated	29	155	1619	21521	2.487035007671004	4.25041068260064e-06	AT1G06160, AT1G09530, AT1G25560, AT1G28370, AT1G43160, AT1G53170, AT1G73830, AT1G75390, AT1G80840, AT2G31180, AT2G34140, AT2G36080, AT2G43140, AT2G47270, AT3G01970, AT3G14230, AT3G23030, AT3G25730, AT3G60530, AT4G23750, AT5G04340, AT5G13330, AT5G28300, AT5G39610, AT5G43170, AT5G47220, AT5G53980, AT5G65640, AT5G67060	True	0.00012030510236404421	significant	False	cis-regulatory	templated		ORA59, PIF3, TEM1, ERF11, RAP2.6, ERF8, BEE3, bZIP44, WRKY40, MYB14, CDF4, ABS2, BHLH129, UPB1, WRKY45, RAP2.2, IAA2, EDF3, GATA4, CRF2, ZAT6, Rap2.6L, AT5G28300, NAC6, ZF3, ERF2, HB52, bHLH093, HEC1
p:promoter element	phrase	promoter element	9	155	173	21521	7.2231586798433725	4.681700345800151e-06	AT1G06160, AT1G28370, AT1G43160, AT1G53170, AT3G23030, AT3G25730, AT4G23750, AT5G13330, AT5G47220	True	0.00012699112187982908	significant	False	pathogenesis	promoter element		ORA59, ERF11, RAP2.6, ERF8, IAA2, EDF3, CRF2, Rap2.6L, ERF2
w:auxin	word	auxin	19	155	804	21521	3.2811667469106083	5.515069878748446e-06	AT1G09530, AT1G25530, AT1G49570, AT1G77380, AT2G33460, AT2G36080, AT2G39040, AT2G47270, AT3G23030, AT3G25730, AT3G27580, AT3G59900, AT5G12050, AT5G13330, AT5G19890, AT5G20820, AT5G39610, AT5G64100, AT5G67060	True	0.00014361241964260955	significant	True	auxin	auxin	auxin catabolism	PIF3, AT1G25530, PER10, AAP3, RIC1, ABS2, PER24, UPB1, IAA2, EDF3, ATPK7, ARGOS, AT5G12050, Rap2.6L, PER59, SAUR76, NAC6, PER69, HEC1
w:regulation	word	regulation	51	155	3900	21521	1.815667493796526	6.6935576315009e-06	AT1G06160, AT1G07260, AT1G09530, AT1G15670, AT1G18100, AT1G25560, AT1G28370, AT1G43160, AT1G53170, AT1G73830, AT1G75390, AT1G79470, AT1G80840, AT2G25690, AT2G26070, AT2G29370, AT2G31180, AT2G34140, AT2G36080, AT2G40940, AT2G41230, AT2G42530, AT2G43140, AT2G44080, AT2G47270, AT3G01970, AT3G14230, AT3G23030, AT3G23150, AT3G25730, AT3G59900, AT3G60530, AT4G12770, AT4G23700, AT4G23750, AT4G26080, AT5G02760, AT5G03730, AT5G04340, AT5G05190, AT5G12050, AT5G13330, AT5G20820, AT5G25350, AT5G28300, AT5G39610, AT5G43170, AT5G47220, AT5G53980, AT5G65640, AT5G67060	True	0.000167596385311811	significant	True	regulation	regulation		ORA59, UGT71C3, PIF3, AT1G15670, E12A11, TEM1, ERF11, RAP2.6, ERF8, BEE3, bZIP44, IMPDH, WRKY40, FLZ11, RTE1, AT2G29370, MYB14, CDF4, ABS2, ERS1, ORS1, COR15B, BHLH129, ARL, UPB1, WRKY45, RAP2.2, IAA2, ETR2, EDF3, ARGOS, GATA4, AT4G12770, CHX17, CRF2, ABI1, PP2C67, CTR1, ZAT6, EDR4, AT5G12050, Rap2.6L, SAUR76, EBF2, AT5G28300, NAC6, ZF3, ERF2, HB52, bHLH093, HEC1
p:carboxylate oxidase	phrase	carboxylate oxidase	4	155	19	21521	29.23056027164686	9.221836353570425e-06	AT1G05010, AT1G77330, AT2G19590, AT5G59540	True	0.00022234872096942024	significant	True	carboxylate oxidase	carboxylate oxidase	Vitamin C, aminocyclopropane, acc, carboxylate, iron ascorbate, ascorbate dependent	EFE, AT1G77330, ACO1, AT5G59540
k:Transcription regulation	keyword	Transcription regulation	30	155	1880	21521	2.215614275909403	2.6931581521910914e-05	AT1G06160, AT1G09530, AT1G25560, AT1G28370, AT1G43160, AT1G53170, AT1G73830, AT1G75390, AT1G80840, AT2G31180, AT2G34140, AT2G36080, AT2G43140, AT2G47270, AT3G01970, AT3G14230, AT3G23030, AT3G25730, AT3G44260, AT3G60530, AT4G23750, AT5G04340, AT5G13330, AT5G28300, AT5G39610, AT5G43170, AT5G47220, AT5G53980, AT5G65640, AT5G67060	True	0.0006261592703844288	significant	False	cis-regulatory	Transcription regulation		ORA59, PIF3, TEM1, ERF11, RAP2.6, ERF8, BEE3, bZIP44, WRKY40, MYB14, CDF4, ABS2, BHLH129, UPB1, WRKY45, RAP2.2, IAA2, EDF3, CAF1a, GATA4, CRF2, ZAT6, Rap2.6L, AT5G28300, NAC6, ZF3, ERF2, HB52, bHLH093, HEC1
w:bhlh	word	bhlh	7	155	122	21521	7.966525647805393	2.940930252510926e-05	AT1G09530, AT1G73830, AT2G43140, AT2G47270, AT5G57760, AT5G65640, AT5G67060	True	0.000660188135994694	significant	True	bhlh	bhlh transcription	loop helix, basic helix, helix loop, bhlh transcription, helix, dimerization	PIF3, BEE3, BHLH129, UPB1, MRI1.12, bHLH093, HEC1
k:Vitamin C	keyword	Vitamin C	3	155	10	21521	41.65354838709678	4.237064289187574e-05	AT1G05010, AT1G77330, AT2G19590	True	0.0009139064180900754	significant	False	carboxylate oxidase	Vitamin C		EFE, AT1G77330, ACO1
w:promote	word	promote	16	155	695	21521	3.196435367834764	4.351935324238454e-05	AT1G05010, AT1G09530, AT1G18100, AT1G43160, AT2G19590, AT2G33460, AT2G41230, AT2G44080, AT3G27580, AT3G59900, AT4G12770, AT4G26080, AT5G02760, AT5G20820, AT5G39610, AT5G60990	True	0.0009139064180900754	significant	True	promote	promote		EFE, PIF3, E12A11, RAP2.6, ACO1, RIC1, ORS1, ARL, ATPK7, ARGOS, AT4G12770, ABI1, PP2C67, SAUR76, NAC6, RH10
k:Transcription	keyword	Transcription	30	155	1936	21521	2.15152625966409	4.6615752238133905e-05	AT1G06160, AT1G09530, AT1G25560, AT1G28370, AT1G43160, AT1G53170, AT1G73830, AT1G75390, AT1G80840, AT2G31180, AT2G34140, AT2G36080, AT2G43140, AT2G47270, AT3G01970, AT3G14230, AT3G23030, AT3G25730, AT3G44260, AT3G60530, AT4G23750, AT5G04340, AT5G13330, AT5G28300, AT5G39610, AT5G43170, AT5G47220, AT5G53980, AT5G65640, AT5G67060	True	0.0009483392095945366	significant	False	cis-regulatory	Transcription		ORA59, PIF3, TEM1, ERF11, RAP2.6, ERF8, BEE3, bZIP44, WRKY40, MYB14, CDF4, ABS2, BHLH129, UPB1, WRKY45, RAP2.2, IAA2, EDF3, CAF1a, GATA4, CRF2, ZAT6, Rap2.6L, AT5G28300, NAC6, ZF3, ERF2, HB52, bHLH093, HEC1
w:argo	word	argo	2	155	2	21521	138.84516129032258	5.154039047880785e-05	AT2G41230, AT2G44080	True	0.001016751339445573	significant	True	argo	argo		ORS1, ARL
w:promoter	word	promoter	14	155	560	21521	3.471129032258064	5.5820739271423975e-05	AT1G06160, AT1G09530, AT1G28370, AT1G43160, AT1G53170, AT1G75390, AT3G14230, AT3G23030, AT3G25730, AT3G60530, AT4G23750, AT5G13330, AT5G39610, AT5G47220	True	0.0010688029784028533	significant	True	promoter	promoter		ORA59, PIF3, ERF11, RAP2.6, ERF8, bZIP44, RAP2.2, IAA2, EDF3, GATA4, CRF2, Rap2.6L, NAC6, ERF2
k:DNA-binding	keyword	DNA-binding	27	155	1675	21521	2.238101107366394	6.143310100091489e-05	AT1G06160, AT1G09530, AT1G25560, AT1G28370, AT1G43160, AT1G53170, AT1G73830, AT1G75390, AT1G80840, AT2G31180, AT2G34140, AT2G36080, AT2G43140, AT2G47270, AT3G01970, AT3G14230, AT3G25730, AT3G60530, AT4G23750, AT5G13330, AT5G28300, AT5G39610, AT5G43170, AT5G47220, AT5G53980, AT5G65640, AT5G67060	True	0.001142655678617017	significant	True	DNA-binding	DNA-binding	dna	ORA59, PIF3, TEM1, ERF11, RAP2.6, ERF8, BEE3, bZIP44, WRKY40, MYB14, CDF4, ABS2, BHLH129, UPB1, WRKY45, RAP2.2, EDF3, GATA4, CRF2, Rap2.6L, AT5G28300, NAC6, ZF3, ERF2, HB52, bHLH093, HEC1
w:hypoxia	word	hypoxia	8	155	193	21521	5.755239846230988	8.09096381879519e-05	AT1G25560, AT1G26270, AT2G16060, AT3G14230, AT3G23150, AT4G26270, AT5G03730, AT5G04340	True	0.0014631159572321302	significant	True	hypoxia	hypoxia		TEM1, PI4KG5, HB1, RAP2.2, ETR2, PFK3, CTR1, ZAT6
w:erebp	word	erebp	3	155	14	21521	29.752534562211984	0.000125829508072431	AT1G28370, AT1G53170, AT5G47220	True	0.0022139191825716912	significant	True	erebp	erebp		ERF11, ERF8, ERF2
w:element	word	element	12	155	463	21521	3.5985786943496136	0.0001379016461184787	AT1G06160, AT1G28370, AT1G43160, AT1G53170, AT1G80840, AT3G01970, AT3G14230, AT3G23030, AT3G25730, AT4G23750, AT5G13330, AT5G47220	True	0.0023624729374507798	significant	True	element	promoter element		ORA59, ERF11, RAP2.6, ERF8, WRKY40, WRKY45, RAP2.2, IAA2, EDF3, CRF2, Rap2.6L, ERF2
w:stress	word	stress	25	155	1587	21521	2.187226863426632	0.0001710960335568343	AT1G05010, AT1G06160, AT1G08930, AT1G09530, AT1G28370, AT1G43160, AT1G49570, AT1G53170, AT1G78090, AT2G39040, AT2G42530, AT3G25730, AT4G20830, AT4G23750, AT4G24480, AT4G26080, AT4G27730, AT5G03730, AT5G13330, AT5G19890, AT5G39610, AT5G43170, AT5G47220, AT5G63650, AT5G64100	True	0.0027964866871194095	significant	True	stress	stress		EFE, ORA59, ERD6, PIF3, ERF11, RAP2.6, PER10, ERF8, TPPB, PER24, COR15B, EDF3, AT4G20830, CRF2, AT4G24480, ABI1, OPT6, CTR1, Rap2.6L, PER59, NAC6, ZF3, ERF2, SNRK2.5, PER69
p:signal transduction	phrase	signal transduction	16	155	787	21521	2.822773291798172	0.0001840099850551969	AT1G03430, AT1G06160, AT1G09530, AT1G28370, AT1G53170, AT2G40940, AT3G21510, AT3G23150, AT3G25730, AT3G59220, AT4G23750, AT4G24480, AT5G13330, AT5G23580, AT5G44910, AT5G47220	True	0.0027964866871194095	significant	True	signal transduction	signal transduction	transduction	AHP5, ORA59, PIF3, ERF11, ERF8, ERS1, AHP1, ETR2, EDF3, PRN, CRF2, AT4G24480, Rap2.6L, CDPK9, AT5G44910, ERF2
p:abscisic acid	phrase	abscisic acid	15	155	707	21521	2.945795501209107	0.00018667126448491947	AT1G08930, AT1G09530, AT1G18100, AT1G43160, AT2G41230, AT2G42530, AT2G43140, AT3G59220, AT4G21410, AT4G26080, AT4G38410, AT5G05440, AT5G13330, AT5G23580, AT5G39610	True	0.0027964866871194095	significant	True	abscisic acid	abscisic acid	abscisic, acid	ERD6, PIF3, E12A11, RAP2.6, ORS1, COR15B, BHLH129, PRN, CRK29, ABI1, AT4G38410, PYL5, Rap2.6L, CDPK9, NAC6
w:abscisic	word	abscisic	15	155	708	21521	2.9416347731000547	0.00018953854441960567	AT1G08930, AT1G09530, AT1G18100, AT1G43160, AT2G41230, AT2G42530, AT2G43140, AT3G59220, AT4G21410, AT4G26080, AT4G38410, AT5G05440, AT5G13330, AT5G23580, AT5G39610	True	0.0027964866871194095	significant	False	abscisic acid	abscisic		ERD6, PIF3, E12A11, RAP2.6, ORS1, COR15B, BHLH129, PRN, CRK29, ABI1, AT4G38410, PYL5, Rap2.6L, CDPK9, NAC6
k:Ethylene biosynthesis	keyword	Ethylene biosynthesis	3	155	16	21521	26.033467741935485	0.00019154564011072172	AT1G05010, AT1G77330, AT2G19590	True	0.0027964866871194095	significant	False	ethylene	Ethylene biosynthesis		EFE, AT1G77330, ACO1
w:vlcfas	word	vlcfas	3	155	16	21521	26.033467741935485	0.00019154564011072172	AT1G05010, AT1G06080, AT2G19590	True	0.0027964866871194095	significant	True	vlcfas	vlcfas		EFE, ADS1, ACO1
w:aminocyclopropane	word	aminocyclopropane	4	155	40	21521	13.884516129032258	0.00019330553136770112	AT1G05010, AT1G77330, AT2G19590, AT5G59540	True	0.0027964866871194095	significant	False	carboxylate oxidase	aminocyclopropane		EFE, AT1G77330, ACO1, AT5G59540
p:loop helix	phrase	loop helix	6	155	118	21521	7.059923455440131	0.0002149370111779412	AT1G09530, AT1G73830, AT2G43140, AT2G47270, AT5G65640, AT5G67060	True	0.002858327577294258	significant	False	bhlh	loop helix		PIF3, BEE3, BHLH129, UPB1, bHLH093, HEC1
p:basic helix	phrase	basic helix	6	155	118	21521	7.059923455440131	0.0002149370111779412	AT1G09530, AT1G73830, AT2G43140, AT2G47270, AT5G65640, AT5G67060	True	0.002858327577294258	significant	False	bhlh	basic helix		PIF3, BEE3, BHLH129, UPB1, bHLH093, HEC1
p:helix loop	phrase	helix loop	6	155	118	21521	7.059923455440131	0.0002149370111779412	AT1G09530, AT1G73830, AT2G43140, AT2G47270, AT5G65640, AT5G67060	True	0.002858327577294258	significant	False	bhlh	helix loop		PIF3, BEE3, BHLH129, UPB1, bHLH093, HEC1
w:transduction	word	transduction	16	155	798	21521	2.7838628830139864	0.00021514293592537426	AT1G03430, AT1G06160, AT1G09530, AT1G28370, AT1G53170, AT2G40940, AT3G21510, AT3G23150, AT3G25730, AT3G59220, AT4G23750, AT4G24480, AT5G13330, AT5G23580, AT5G44910, AT5G47220	True	0.002858327577294258	significant	False	signal transduction	transduction		AHP5, ORA59, PIF3, ERF11, ERF8, ERS1, AHP1, ETR2, EDF3, PRN, CRF2, AT4G24480, Rap2.6L, CDPK9, AT5G44910, ERF2
k:Two-component regulatory system	keyword	Two-component regulatory system	4	155	42	21521	13.223348694316437	0.0002341198314383803	AT1G03430, AT2G40940, AT3G21510, AT3G23150	True	0.00300572987708612	significant	True	Two-component regulatory system	Two-component regulatory system	phosphorelay signal, phosphorelay	AHP5, ERS1, AHP1, ETR2
p:bhlh transcription	phrase	bhlh transcription	6	155	120	21521	6.942258064516129	0.000235471925854673	AT1G09530, AT1G73830, AT2G43140, AT2G47270, AT5G65640, AT5G67060	True	0.00300572987708612	significant	False	bhlh	bhlh transcription		PIF3, BEE3, BHLH129, UPB1, bHLH093, HEC1
k:Nucleus	keyword	Nucleus	45	155	3769	21521	1.657742705774613	0.0002682274950317525	AT1G03430, AT1G06160, AT1G09530, AT1G25560, AT1G28370, AT1G43160, AT1G53170, AT1G73830, AT1G75390, AT1G77380, AT1G80840, AT2G16060, AT2G25690, AT2G31180, AT2G34140, AT2G36080, AT2G41230, AT2G43140, AT2G44080, AT2G47270, AT3G01970, AT3G14230, AT3G21510, AT3G23030, AT3G25730, AT3G44260, AT3G59220, AT3G59900, AT3G60530, AT4G23750, AT4G26080, AT4G38580, AT5G04340, AT5G05440, AT5G13330, AT5G20820, AT5G25350, AT5G28300, AT5G39610, AT5G43170, AT5G47220, AT5G53980, AT5G60990, AT5G65640, AT5G67060	True	0.0033580019089552095	significant	True	Nucleus	Nucleus		AHP5, ORA59, PIF3, TEM1, ERF11, RAP2.6, ERF8, BEE3, bZIP44, AAP3, WRKY40, HB1, FLZ11, MYB14, CDF4, ABS2, ORS1, BHLH129, ARL, UPB1, WRKY45, RAP2.2, AHP1, IAA2, EDF3, CAF1a, PRN, ARGOS, GATA4, CRF2, ABI1, FP6, ZAT6, PYL5, Rap2.6L, SAUR76, EBF2, AT5G28300, NAC6, ZF3, ERF2, HB52, RH10, bHLH093, HEC1
w:maximizing	word	maximizing	2	155	4	21521	69.42258064516129	0.00030631849287580856	AT1G05010, AT2G19590	True	0.003762515827587762	significant	True	maximizing	maximizing	extensibility	EFE, ACO1
w:stresse	word	stresse	7	155	178	21521	5.460202972091337	0.0003130813784912637	AT1G43160, AT1G49570, AT2G39040, AT2G42530, AT5G13330, AT5G19890, AT5G64100	True	0.003774369951811346	significant	True	stresse	stresse	environmental stresse	RAP2.6, PER10, PER24, COR15B, Rap2.6L, PER59, PER69
w:basic	word	basic	8	155	237	21521	4.686756499251395	0.0003297338533337155	AT1G09530, AT1G73830, AT1G75390, AT1G77380, AT2G43140, AT2G47270, AT5G65640, AT5G67060	True	0.003902849791277251	significant	True	basic	basic helix		PIF3, BEE3, bZIP44, AAP3, BHLH129, UPB1, bHLH093, HEC1
w:signal	word	signal	18	155	1016	21521	2.4598552197104393	0.00038871448508559844	AT1G03430, AT1G06160, AT1G09530, AT1G28370, AT1G53170, AT2G33460, AT2G40940, AT3G21510, AT3G23150, AT3G25730, AT3G59220, AT4G23750, AT4G24480, AT5G09970, AT5G13330, AT5G23580, AT5G44910, AT5G47220	True	0.004518805889120082	significant	False	activated signaling	signal		AHP5, ORA59, PIF3, ERF11, ERF8, RIC1, ERS1, AHP1, ETR2, EDF3, PRN, CRF2, AT4G24480, CYP78A7, Rap2.6L, CDPK9, AT5G44910, ERF2
w:multistep	word	multistep	2	155	5	21521	55.53806451612903	0.0005081136213546673	AT1G03430, AT3G21510	True	0.00551303279169814	significant	True	multistep	multistep	propagating cytokinin, phosphorelay mediator, arrs, propagating, histidine phosphotransfer, phosphotransfer	AHP5, AHP1
w:extensibility	word	extensibility	2	155	5	21521	55.53806451612903	0.0005081136213546673	AT1G05010, AT2G19590	True	0.00551303279169814	significant	False	maximizing	extensibility		EFE, ACO1
w:rav	word	rav	2	155	5	21521	55.53806451612903	0.0005081136213546673	AT1G25560, AT3G25730	True	0.00551303279169814	significant	True	rav	rav		TEM1, EDF3
p:premature senescence	phrase	premature senescence	2	155	5	21521	55.53806451612903	0.0005081136213546673	AT5G13330, AT5G39610	True	0.00551303279169814	significant	True	premature senescence	premature senescence	premature	Rap2.6L, NAC6
p:phosphorelay signal	phrase	phosphorelay signal	4	155	53	21521	10.478880097382836	0.0005760234645108892	AT1G03430, AT2G40940, AT3G21510, AT3G23150	True	0.0061265879755046	significant	False	Two-component regulatory system	phosphorelay signal		AHP5, ERS1, AHP1, ETR2
w:acc	word	acc	3	155	23	21521	18.11023842917251	0.0005837641293860013	AT1G05010, AT1G77330, AT2G19590	True	0.0061265879755046	significant	False	carboxylate oxidase	acc		EFE, AT1G77330, ACO1
w:transcriptional	word	transcriptional	15	155	789	21521	2.6396418496259044	0.0005928956105327032	AT1G06160, AT1G25560, AT1G28370, AT1G43160, AT1G53170, AT2G34140, AT2G36080, AT3G23030, AT3G25730, AT3G60530, AT4G23750, AT5G13330, AT5G39610, AT5G43170, AT5G47220	True	0.0061265879755046	significant	True	transcriptional	transcriptional	transcriptional activator, transcriptional repressor	ORA59, TEM1, ERF11, RAP2.6, ERF8, CDF4, ABS2, IAA2, EDF3, GATA4, CRF2, Rap2.6L, NAC6, ZF3, ERF2
w:phosphorelay	word	phosphorelay	4	155	54	21521	10.284826762246118	0.0006186477462533177	AT1G03430, AT2G40940, AT3G21510, AT3G23150	True	0.006292807543920465	significant	False	Two-component regulatory system	phosphorelay		AHP5, ERS1, AHP1, ETR2
w:wounding	word	wounding	8	155	262	21521	4.23954690962817	0.0006399966775227368	AT1G43160, AT1G49570, AT1G80840, AT2G39040, AT3G44260, AT4G26220, AT5G19890, AT5G64100	True	0.006409812877958487	significant	True	wounding	wounding		RAP2.6, PER10, WRKY40, PER24, CAF1a, AT4G26220, PER59, PER69
w:histidine	word	histidine	7	155	204	21521	4.764294750158127	0.0007070856737061462	AT1G03430, AT1G25530, AT1G26270, AT2G40940, AT3G21510, AT3G23150, AT5G40590	True	0.006955282429720831	significant	True	histidine	histidine		AHP5, AT1G25530, PI4KG5, ERS1, AHP1, ETR2, MNF13.11
p:propagating cytokinin	phrase	propagating cytokinin	2	155	6	21521	46.28172043010753	0.0007585638287406744	AT1G03430, AT3G21510	True	0.006955282429720831	significant	False	multistep	propagating cytokinin		AHP5, AHP1
p:phosphorelay mediator	phrase	phosphorelay mediator	2	155	6	21521	46.28172043010753	0.0007585638287406744	AT1G03430, AT3G21510	True	0.006955282429720831	significant	False	multistep	phosphorelay mediator		AHP5, AHP1
w:arrs	word	arrs	2	155	6	21521	46.28172043010753	0.0007585638287406744	AT1G03430, AT3G21510	True	0.006955282429720831	significant	False	multistep	arrs		AHP5, AHP1
w:propagating	word	propagating	2	155	6	21521	46.28172043010753	0.0007585638287406744	AT1G03430, AT3G21510	True	0.006955282429720831	significant	False	multistep	propagating		AHP5, AHP1
w:aterf	word	aterf	2	155	6	21521	46.28172043010753	0.0007585638287406744	AT1G28370, AT1G53170	True	0.006955282429720831	significant	True	aterf	aterf		ERF11, ERF8
w:cold	word	cold	10	155	422	21521	3.29016969882281	0.0009944042082365276	AT1G06080, AT1G08930, AT1G09530, AT1G43160, AT2G31180, AT2G42530, AT4G26080, AT4G38410, AT5G04340, AT5G43170	True	0.00899107138280527	significant	True	cold	cold		ADS1, ERD6, PIF3, RAP2.6, MYB14, COR15B, ABI1, AT4G38410, ZAT6, ZF3
w:submergence	word	submergence	2	155	7	21521	39.67004608294931	0.001056966840416987	AT1G09530, AT5G03730	True	0.009425827576869295	significant	True	submergence	submergence		PIF3, CTR1
w:helix	word	helix	6	155	163	21521	5.110864832772611	0.001188339272319673	AT1G09530, AT1G73830, AT2G43140, AT2G47270, AT5G65640, AT5G67060	True	0.010454173868650095	significant	False	bhlh	helix		PIF3, BEE3, BHLH129, UPB1, bHLH093, HEC1
w:toxic	word	toxic	6	155	164	21521	5.07970102281668	0.0012262558843345918	AT1G49570, AT2G04050, AT2G39040, AT3G23550, AT5G19890, AT5G64100	True	0.010643901076024255	significant	True	toxic	toxic reductant	toxic reductant, detoxification	PER10, DTX3, PER24, DTX18, PER59, PER69
w:atperox	word	atperox	4	155	66	21521	8.414858260019551	0.0013187823710193235	AT1G49570, AT2G39040, AT5G19890, AT5G64100	True	0.011006760558122814	significant	True	atperox	atperox	suberization, lactoperoxidase, reductant, peroxidase, peroxide catabolic, Hydrogen peroxide, classical, pathogen attack, isozyme, attack, catabolism, environmental, Peroxidase	PER10, PER24, PER59, PER69
p:toxic reductant	phrase	toxic reductant	4	155	66	21521	8.414858260019551	0.0013187823710193235	AT1G49570, AT2G39040, AT5G19890, AT5G64100	True	0.011006760558122814	significant	False	toxic	toxic reductant		PER10, PER24, PER59, PER69
w:suberization	word	suberization	4	155	66	21521	8.414858260019551	0.0013187823710193235	AT1G49570, AT2G39040, AT5G19890, AT5G64100	True	0.011006760558122814	significant	False	atperox	suberization		PER10, PER24, PER59, PER69
w:transcription	word	transcription	30	155	2362	21521	1.7634863838736992	0.001413910732055635	AT1G06160, AT1G09530, AT1G25560, AT1G28370, AT1G43160, AT1G53170, AT1G73830, AT1G75390, AT1G80840, AT2G31180, AT2G34140, AT2G36080, AT2G43140, AT2G47270, AT3G01970, AT3G14230, AT3G23030, AT3G25730, AT3G44260, AT3G60530, AT4G23750, AT5G04340, AT5G13330, AT5G28300, AT5G39610, AT5G43170, AT5G47220, AT5G53980, AT5G65640, AT5G67060	True	0.011651340336306562	significant	False	cis-regulatory	transcription		ORA59, PIF3, TEM1, ERF11, RAP2.6, ERF8, BEE3, bZIP44, WRKY40, MYB14, CDF4, ABS2, BHLH129, UPB1, WRKY45, RAP2.2, IAA2, EDF3, CAF1a, GATA4, CRF2, ZAT6, Rap2.6L, AT5G28300, NAC6, ZF3, ERF2, HB52, bHLH093, HEC1
p:auxin catabolism	phrase	auxin catabolism	4	155	68	21521	8.167362428842504	0.0014737016748162714	AT1G49570, AT2G39040, AT5G19890, AT5G64100	True	0.011844194942041884	significant	False	auxin	auxin catabolism		PER10, PER24, PER59, PER69
w:lactoperoxidase	word	lactoperoxidase	4	155	68	21521	8.167362428842504	0.0014737016748162714	AT1G49570, AT2G39040, AT5G19890, AT5G64100	True	0.011844194942041884	significant	False	atperox	lactoperoxidase		PER10, PER24, PER59, PER69
w:dna	word	dna	32	155	2592	21521	1.714137793707686	0.0015257627055928016	AT1G06160, AT1G09530, AT1G19530, AT1G25560, AT1G28370, AT1G43160, AT1G53170, AT1G73830, AT1G75390, AT1G80840, AT2G31180, AT2G34140, AT2G36080, AT2G43140, AT2G47270, AT3G01970, AT3G14230, AT3G23030, AT3G25730, AT3G56170, AT3G60530, AT4G23750, AT4G37630, AT5G04340, AT5G13330, AT5G28300, AT5G39610, AT5G43170, AT5G47220, AT5G53980, AT5G65640, AT5G67060	True	0.012113067333425778	significant	False	DNA-binding	dna		ORA59, PIF3, AT1G19530, TEM1, ERF11, RAP2.6, ERF8, BEE3, bZIP44, WRKY40, MYB14, CDF4, ABS2, BHLH129, UPB1, WRKY45, RAP2.2, IAA2, EDF3, CAN, GATA4, CRF2, CYCD5;1, ZAT6, Rap2.6L, AT5G28300, NAC6, ZF3, ERF2, HB52, bHLH093, HEC1
w:carboxylate	word	carboxylate	4	155	69	21521	8.048994857410005	0.0015557246673304332	AT1G05010, AT1G77330, AT2G19590, AT5G59540	True	0.012202129619663998	significant	False	carboxylate oxidase	carboxylate		EFE, AT1G77330, ACO1, AT5G59540
p:environmental stresse	phrase	environmental stresse	4	155	70	21521	7.934009216589861	0.0016408723767228923	AT1G49570, AT2G39040, AT5G19890, AT5G64100	True	0.012716760919602414	significant	False	stresse	environmental stresse		PER10, PER24, PER59, PER69
w:ant	word	ant	2	155	9	21521	30.85448028673835	0.0017948595020855192	AT2G41230, AT3G59900	True	0.01358666902160085	significant	True	ant	ant		ORS1, ARGOS
p:feruloyl coa	phrase	feruloyl coa	2	155	9	21521	30.85448028673835	0.0017948595020855192	AT4G26220, AT5G61160	True	0.01358666902160085	significant	True	feruloyl coa	feruloyl coa	feruloyl	AT4G26220, AACT1
w:reductant	word	reductant	4	155	72	21521	7.713620071684588	0.0018207883458694085	AT1G49570, AT2G39040, AT5G19890, AT5G64100	True	0.013624519691505573	significant	False	atperox	reductant		PER10, PER24, PER59, PER69
w:peroxidase	word	peroxidase	5	155	121	21521	5.737403359104239	0.0018468235574982778	AT1G49570, AT2G39040, AT2G47270, AT5G19890, AT5G64100	True	0.013662296999220214	significant	False	atperox	peroxidase		PER10, PER24, UPB1, PER59, PER69
p:peroxide catabolic	phrase	peroxide catabolic	4	155	74	21521	7.50514385353095	0.0020139403126843845	AT1G49570, AT2G39040, AT5G19890, AT5G64100	True	0.014567501595083715	significant	False	atperox	peroxide catabolic		PER10, PER24, PER59, PER69
k:Hydrogen peroxide	keyword	Hydrogen peroxide	4	155	74	21521	7.50514385353095	0.0020139403126843845	AT1G49570, AT2G39040, AT5G19890, AT5G64100	True	0.014567501595083715	significant	False	atperox	Hydrogen peroxide		PER10, PER24, PER59, PER69
w:antagoniz	word	antagoniz	2	155	10	21521	27.769032258064517	0.002232981716883931	AT2G33460, AT5G39610	True	0.015969178988092896	significant	True	antagoniz	antagoniz		RIC1, NAC6
k:Activator	keyword	Activator	10	155	472	21521	2.9416347731000543	0.002273424119862272	AT1G06160, AT1G43160, AT2G31180, AT3G14230, AT3G25730, AT3G60530, AT4G23750, AT5G13330, AT5G39610, AT5G47220	True	0.015969178988092896	significant	True	Activator	Activator		ORA59, RAP2.6, MYB14, RAP2.2, EDF3, GATA4, CRF2, Rap2.6L, NAC6, ERF2
w:detoxification	word	detoxification	8	155	320	21521	3.4711290322580646	0.002281311284013271	AT1G49570, AT2G04050, AT2G29440, AT2G39040, AT3G23550, AT4G38580, AT5G19890, AT5G64100	True	0.015969178988092896	significant	False	toxic	detoxification		PER10, DTX3, GSTU6, PER24, DTX18, FP6, PER59, PER69
w:cacgtg	word	cacgtg	2	155	11	21521	25.244574780058652	0.0027163217270939244	AT1G09530, AT1G75390	True	0.018613952045664683	significant	True	cacgtg	cacgtg		PIF3, bZIP44
w:feruloyl	word	feruloyl	2	155	11	21521	25.244574780058652	0.0027163217270939244	AT4G26220, AT5G61160	True	0.018613952045664683	significant	False	feruloyl coa	feruloyl		AT4G26220, AACT1
w:classical	word	classical	4	155	84	21521	6.6116743471582184	0.0031951283713153025	AT1G49570, AT2G39040, AT5G19890, AT5G64100	True	0.020910725601806446	significant	False	atperox	classical		PER10, PER24, PER59, PER69
p:histidine phosphotransfer	phrase	histidine phosphotransfer	2	155	12	21521	23.140860215053763	0.0032442139566550704	AT1G03430, AT3G21510	True	0.020910725601806446	significant	False	multistep	histidine phosphotransfer		AHP5, AHP1
w:phosphotransfer	word	phosphotransfer	2	155	12	21521	23.140860215053763	0.0032442139566550704	AT1G03430, AT3G21510	True	0.020910725601806446	significant	False	multistep	phosphotransfer		AHP5, AHP1
w:tkl	word	tkl	2	155	12	21521	23.140860215053763	0.0032442139566550704	AT4G24480, AT5G03730	True	0.020910725601806446	significant	True	tkl	tkl ser	tkl ser, raf	AT4G24480, CTR1
p:tkl ser	phrase	tkl ser	2	155	12	21521	23.140860215053763	0.0032442139566550704	AT4G24480, AT5G03730	True	0.020910725601806446	significant	False	tkl	tkl ser		AT4G24480, CTR1
k:Peptide transport	keyword	Peptide transport	2	155	12	21521	23.140860215053763	0.0032442139566550704	AT4G27730, AT5G01180	True	0.020910725601806446	significant	True	Peptide transport	Peptide transport		OPT6, PTR5
w:dependent	word	dependent	30	155	2501	21521	1.6654757451857964	0.0033827926637394795	AT1G05010, AT1G06160, AT1G09530, AT1G49570, AT1G77330, AT2G16740, AT2G19590, AT2G39040, AT2G41230, AT2G42530, AT2G44080, AT3G27580, AT3G56170, AT3G59900, AT4G12770, AT4G20830, AT4G26080, AT4G26220, AT4G26270, AT4G27730, AT4G35150, AT5G01180, AT5G13330, AT5G19890, AT5G23580, AT5G25350, AT5G39610, AT5G59540, AT5G60990, AT5G64100	True	0.021590176706807854	significant	True	dependent	dependent		EFE, ORA59, PIF3, PER10, AT1G77330, UBC29, ACO1, PER24, ORS1, COR15B, ARL, ATPK7, CAN, ARGOS, AT4G12770, AT4G20830, ABI1, AT4G26220, PFK3, OPT6, AT4G35150, PTR5, Rap2.6L, PER59, CDPK9, EBF2, NAC6, AT5G59540, RH10, PER69
p:pathogen attack	phrase	pathogen attack	4	155	86	21521	6.457914478619655	0.0034777594613091163	AT1G49570, AT2G39040, AT5G19890, AT5G64100	True	0.021828131657155934	significant	False	atperox	pathogen attack		PER10, PER24, PER59, PER69
p:transcriptional activator	phrase	transcriptional activator	7	155	270	21521	3.5996893667861407	0.003487136240160088	AT1G06160, AT1G43160, AT3G25730, AT3G60530, AT4G23750, AT5G13330, AT5G47220	True	0.021828131657155934	significant	False	transcriptional	transcriptional activator		ORA59, RAP2.6, EDF3, GATA4, CRF2, Rap2.6L, ERF2
w:stem	word	stem	5	155	145	21521	4.787764182424917	0.004034520386721315	AT1G05010, AT2G19590, AT2G34140, AT5G03730, AT5G13330	True	0.025014026397672157	significant	True	stem	stem		EFE, ACO1, CDF4, CTR1, Rap2.6L
p:iron ascorbate	phrase	iron ascorbate	4	155	90	21521	6.1708960573476705	0.004093089805005877	AT1G05010, AT1G77330, AT2G19590, AT5G59540	True	0.02513774965149836	significant	False	carboxylate oxidase	iron ascorbate		EFE, AT1G77330, ACO1, AT5G59540
w:pathogen	word	pathogen	9	155	432	21521	2.892607526881721	0.004169663158237912	AT1G49570, AT1G50060, AT2G39040, AT3G14230, AT4G26080, AT4G26220, AT5G19890, AT5G61160, AT5G64100	True	0.025368698280494213	significant	True	pathogen	pathogen		PER10, AT1G50060, PER24, RAP2.2, ABI1, AT4G26220, PER59, AACT1, PER69
k:Oxidoreductase	keyword	Oxidoreductase	17	155	1164	21521	2.027807338432546	0.004392548830611666	AT1G05010, AT1G06080, AT1G19900, AT1G22440, AT1G49570, AT1G77330, AT1G79470, AT2G16060, AT2G19590, AT2G29370, AT2G39040, AT2G44040, AT4G20830, AT5G09970, AT5G19890, AT5G59540, AT5G64100	True	0.026434611958130867	significant	True	Oxidoreductase	Oxidoreductase		EFE, ADS1, RUBY, AT1G22440, PER10, AT1G77330, IMPDH, HB1, ACO1, AT2G29370, PER24, DAPB1, AT4G20830, CYP78A7, PER59, AT5G59540, PER69
w:acid	word	acid	31	155	2660	21521	1.6181203007518798	0.0044260717410695306	AT1G05010, AT1G06080, AT1G06160, AT1G08930, AT1G09530, AT1G18100, AT1G25530, AT1G43160, AT1G77380, AT1G80840, AT2G19590, AT2G41230, AT2G42530, AT2G43140, AT3G23030, AT3G44260, AT3G56170, AT3G59220, AT4G21410, AT4G22840, AT4G26080, AT4G26220, AT4G38410, AT5G05190, AT5G05440, AT5G13330, AT5G23580, AT5G39610, AT5G47220, AT5G60990, AT5G61160	True	0.026434611958130867	significant	False	abscisic acid	acid		EFE, ADS1, ORA59, ERD6, PIF3, E12A11, AT1G25530, RAP2.6, AAP3, WRKY40, ACO1, ORS1, COR15B, BHLH129, IAA2, CAF1a, CAN, PRN, CRK29, BASS6, ABI1, AT4G26220, AT4G38410, EDR4, PYL5, Rap2.6L, CDPK9, NAC6, ERF2, RH10, AACT1
w:resistance	word	resistance	12	155	699	21521	2.3836079191471686	0.004771627950517228	AT1G06160, AT1G07260, AT1G43160, AT1G62630, AT1G64160, AT3G14230, AT4G26080, AT4G27730, AT5G05190, AT5G39610, AT5G44910, AT5G47220	True	0.028023072964851934	significant	True	resistance	resistance		ORA59, UGT71C3, RAP2.6, AT1G62630, DIR5, RAP2.2, ABI1, OPT6, EDR4, NAC6, AT5G44910, ERF2
p:ascorbate dependent	phrase	ascorbate dependent	4	155	94	21521	5.908304735758407	0.004778127648384892	AT1G05010, AT1G77330, AT2G19590, AT5G59540	True	0.028023072964851934	significant	False	carboxylate oxidase	ascorbate dependent		EFE, AT1G77330, ACO1, AT5G59540
p:phosphorelay sensor	phrase	phosphorelay sensor	2	155	15	21521	18.51268817204301	0.0050886548097293155	AT2G40940, AT3G23150	True	0.02931605558525473	significant	True	phosphorelay sensor	phosphorelay sensor		ERS1, ETR2
w:raf	word	raf	2	155	15	21521	18.51268817204301	0.0050886548097293155	AT4G24480, AT5G03730	True	0.02931605558525473	significant	False	tkl	raf		AT4G24480, CTR1
w:redundant	word	redundant	4	155	97	21521	5.725573661456601	0.005339722168689298	AT1G25560, AT2G40940, AT3G14230, AT3G23150	True	0.030492623963304672	significant	True	redundant	redundant		TEM1, ERS1, RAP2.2, ETR2
w:dimerization	word	dimerization	6	155	223	21521	3.7357442499638367	0.005628269814232502	AT1G09530, AT1G73830, AT2G43140, AT2G47270, AT5G65640, AT5G67060	True	0.03186090129622051	significant	False	bhlh	dimerization		PIF3, BEE3, BHLH129, UPB1, bHLH093, HEC1
w:isozyme	word	isozyme	4	155	99	21521	5.6099055066797	0.005737670505358555	AT1G49570, AT2G39040, AT5G19890, AT5G64100	True	0.03220020257748637	significant	False	atperox	isozyme		PER10, PER24, PER59, PER69
k:Cytokinin signaling pathway	keyword	Cytokinin signaling pathway	3	155	51	21521	8.167362428842505	0.005925389392055698	AT1G03430, AT3G21510, AT4G23750	True	0.03296947430964325	significant	False	signaling pathway	Cytokinin signaling pathway		AHP5, AHP1, CRF2
w:loop	word	loop	8	155	376	21521	2.9541523678792037	0.006007342766458135	AT1G09530, AT1G73830, AT2G43140, AT2G47270, AT4G26080, AT5G61450, AT5G65640, AT5G67060	True	0.03314220458444276	significant	True	loop	loop helix		PIF3, BEE3, BHLH129, UPB1, ABI1, MCI2.1, bHLH093, HEC1
k:Repressor	keyword	Repressor	6	155	227	21521	3.6699161574534607	0.006125123313495985	AT1G25560, AT1G28370, AT1G53170, AT3G23030, AT5G43170, AT5G60990	True	0.03350802753853686	significant	True	Repressor	Repressor		TEM1, ERF11, ERF8, IAA2, ZF3, RH10
w:attack	word	attack	4	155	102	21521	5.444908285895003	0.0063709326350354645	AT1G49570, AT2G39040, AT5G19890, AT5G64100	True	0.0345623095450674	significant	False	atperox	attack		PER10, PER24, PER59, PER69
p:stomatal closure	phrase	stomatal closure	4	155	104	21521	5.340198511166253	0.006817907968067258	AT4G24480, AT4G26080, AT5G05440, AT5G13330	True	0.03668147179513872	significant	True	stomatal closure	stomatal closure	closure	AT4G24480, ABI1, PYL5, Rap2.6L
p:high affinity	phrase	high affinity	4	155	111	21521	5.0034292356873005	0.008544515057553532	AT1G77380, AT2G16060, AT2G30070, AT5G01180	True	0.045594092643174995	significant	True	high affinity	high affinity		AAP3, HB1, KT1, PTR5
w:premature	word	premature	2	155	20	21521	13.884516129032258	0.008993686055374374	AT5G13330, AT5G39610	True	0.0473181313543027	significant	False	premature senescence	premature		Rap2.6L, NAC6
w:catabolism	word	catabolism	4	155	113	21521	4.914872966029118	0.009085662702439075	AT1G49570, AT2G39040, AT5G19890, AT5G64100	True	0.0473181313543027	significant	False	atperox	catabolism		PER10, PER24, PER59, PER69
w:closure	word	closure	4	155	113	21521	4.914872966029118	0.009085662702439075	AT4G24480, AT4G26080, AT5G05440, AT5G13330	True	0.0473181313543027	significant	False	stomatal closure	closure		AT4G24480, ABI1, PYL5, Rap2.6L
p:transcriptional repressor	phrase	transcriptional repressor	3	155	60	21521	6.942258064516129	0.009289810314346903	AT1G25560, AT2G34140, AT5G43170	True	0.04762688117515084	significant	False	transcriptional	transcriptional repressor		TEM1, CDF4, ZF3
w:environmental	word	environmental	4	155	114	21521	4.871760045274477	0.009364425177295403	AT1G49570, AT2G39040, AT5G19890, AT5G64100	True	0.04762688117515084	significant	False	atperox	environmental		PER10, PER24, PER59, PER69
k:Peroxidase	keyword	Peroxidase	4	155	114	21521	4.871760045274477	0.009364425177295403	AT1G49570, AT2G39040, AT5G19890, AT5G64100	True	0.04762688117515084	significant	False	atperox	Peroxidase		PER10, PER24, PER59, PER69
w:represse	word	represse	4	155	115	21521	4.8293969144460025	0.009648702303482647	AT1G09530, AT2G33460, AT4G26080, AT5G02760	True	0.04846360633789808	significant	True	represse	represse		PIF3, RIC1, ABI1, PP2C67
k:Disulfide bond	keyword	Disulfide bond	15	155	1060	21521	1.9647900182592817	0.009677832294818356	AT1G49570, AT1G50060, AT1G60260, AT1G64160, AT2G39040, AT2G40940, AT2G47550, AT3G04010, AT3G23150, AT3G43270, AT4G11650, AT4G20830, AT5G19890, AT5G57920, AT5G64100	True	0.04846360633789808	significant	True	Disulfide bond	Disulfide bond		PER10, AT1G50060, BGLU5, DIR5, PER24, ERS1, PME20, AT3G04010, ETR2, PME32, OSM34, AT4G20830, PER59, ENODL10, PER69
w:germination	word	germination	8	155	412	21521	2.6960225493266523	0.010138693278422142	AT1G18100, AT1G28220, AT1G75390, AT3G59220, AT4G26080, AT5G01180, AT5G05440, AT5G39610	True	0.05011061373203104		False		germination		E12A11, PUP3, bZIP44, PRN, ABI1, PTR5, PYL5, NAC6
w:enhanced	word	enhanced	3	155	62	21521	6.718314255983351	0.010160677438752838	AT1G73830, AT5G05190, AT5G05440	True	0.05011061373203104		False		enhanced		BEE3, EDR4, PYL5
w:nitric	word	nitric	2	155	22	21521	12.622287390029326	0.010832097027943926	AT2G16060, AT2G19590	True	0.05262459078501116		False		nitric		HB1, ACO1
p:nitric oxide	phrase	nitric oxide	2	155	22	21521	12.622287390029326	0.010832097027943926	AT2G16060, AT2G19590	True	0.05262459078501116		False		nitric oxide		HB1, ACO1
w:fungus	word	fungus	7	155	335	21521	2.9012421762156957	0.010919809968897999	AT1G05010, AT1G80840, AT2G04050, AT2G42530, AT4G11650, AT4G20830, AT5G05190	True	0.052657750294463686		False		fungus		EFE, WRKY40, DTX3, COR15B, OSM34, AT4G20830, EDR4
w:freezing	word	freezing	3	155	64	21521	6.508366935483871	0.011077445035250136	AT2G31180, AT2G42530, AT5G13330	True	0.05268212239529877		False		freezing		MYB14, COR15B, Rap2.6L
w:tissue	word	tissue	7	155	336	21521	2.8926075268817204	0.011086713929579004	AT1G49570, AT2G25690, AT2G39040, AT5G13330, AT5G19890, AT5G64100, AT5G67060	True	0.05268212239529877		False		tissue		PER10, FLZ11, PER24, Rap2.6L, PER59, PER69, HEC1
w:aba	word	aba	7	155	338	21521	2.875491506012598	0.011426075279461193	AT1G18100, AT1G43160, AT2G33460, AT2G42530, AT4G26080, AT5G05440, AT5G13330	True	0.05381514078150287		False		aba		E12A11, RAP2.6, RIC1, COR15B, ABI1, PYL5, Rap2.6L
p:cytokinin activated	phrase	cytokinin activated	3	155	65	21521	6.408238213399504	0.011553171636419477	AT1G03430, AT1G15670, AT3G21510	True	0.05381514078150287		False		cytokinin activated		AHP5, AT1G15670, AHP1
p:transmembrane transporter	phrase	transmembrane transporter	11	155	691	21521	2.2102702955044116	0.011573148555161906	AT1G08930, AT1G25530, AT1G28220, AT1G77380, AT2G04050, AT2G30070, AT3G23550, AT4G22840, AT4G27730, AT4G30420, AT5G01180	True	0.05381514078150287		False		transmembrane transporter		ERD6, AT1G25530, PUP3, AAP3, DTX3, KT1, DTX18, BASS6, OPT6, UMAMIT34, PTR5
p:oxidant detoxification	phrase	oxidant detoxification	4	155	123	21521	4.515289798059271	0.012126219961094246	AT1G49570, AT2G39040, AT5G19890, AT5G64100	True	0.05581764526061898		False		oxidant detoxification		PER10, PER24, PER59, PER69
w:plant	word	plant	33	155	3092	21521	1.4818532737971037	0.01217527746084162	AT1G09530, AT1G19900, AT1G25560, AT1G43160, AT1G49570, AT1G50060, AT1G64160, AT1G78090, AT2G16060, AT2G33460, AT2G39040, AT2G41230, AT2G42530, AT2G44040, AT2G44080, AT2G47550, AT3G43270, AT3G59900, AT4G20830, AT4G26220, AT4G30420, AT4G38410, AT4G38580, AT5G02760, AT5G05190, AT5G09970, AT5G12050, AT5G13330, AT5G19890, AT5G20820, AT5G61160, AT5G61560, AT5G64100	True	0.05581764526061898		False		plant		PIF3, RUBY, TEM1, RAP2.6, PER10, AT1G50060, DIR5, TPPB, HB1, RIC1, PER24, ORS1, COR15B, DAPB1, ARL, PME20, PME32, ARGOS, AT4G20830, AT4G26220, UMAMIT34, AT4G38410, FP6, PP2C67, EDR4, CYP78A7, AT5G12050, Rap2.6L, PER59, SAUR76, AACT1, PUB51, PER69
w:cytokinin	word	cytokinin	5	155	190	21521	3.6538200339558573	0.012268444402336817	AT1G03430, AT1G15670, AT2G47270, AT3G21510, AT4G23750	True	0.055851449691757114		False		cytokinin		AHP5, AT1G15670, UPB1, AHP1, CRF2
p:cold acclimation	phrase	cold acclimation	3	155	67	21521	6.216947520462206	0.0125395445343759	AT1G06080, AT2G42530, AT4G38410	True	0.05668919091582439		False		cold acclimation		ADS1, COR15B, AT4G38410
w:oxidant	word	oxidant	4	155	125	21521	4.443045161290323	0.012803460218287988	AT1G49570, AT2G39040, AT5G19890, AT5G64100	True	0.05677988081955863		False		oxidant		PER10, PER24, PER59, PER69
w:antioxidant	word	antioxidant	2	155	24	21521	11.570430107526882	0.012821263410868079	AT2G26740, AT5G13330	True	0.05677988081955863		False		antioxidant		SEH, Rap2.6L
w:cbf	word	cbf	2	155	24	21521	11.570430107526882	0.012821263410868079	AT2G31180, AT2G42530	True	0.05677988081955863		False		cbf		MYB14, COR15B
p:asp phosphorelay	phrase	asp phosphorelay	2	155	25	21521	11.107612903225807	0.013870923156650672	AT1G03430, AT3G21510	True	0.06101331739851072		False		asp phosphorelay		AHP5, AHP1
p:root development	phrase	root development	7	155	353	21521	2.753303481677785	0.014215783883043466	AT2G33460, AT2G47270, AT4G23750, AT5G03730, AT5G04340, AT5G39610, AT5G65450	True	0.06211057253598186		False		root development		RIC1, UPB1, CRF2, CTR1, ZAT6, NAC6, UBP17
p:plasma membrane	phrase	plasma membrane	30	155	2775	21521	1.50102877070619	0.014359247733902781	AT1G25530, AT1G60260, AT1G62630, AT1G77380, AT2G04050, AT2G16060, AT2G30070, AT2G33460, AT2G39350, AT2G42530, AT3G04010, AT3G23550, AT3G27580, AT3G56170, AT4G12770, AT4G16442, AT4G20830, AT4G21410, AT4G26080, AT4G30420, AT4G38580, AT5G01180, AT5G02760, AT5G05190, AT5G05440, AT5G12050, AT5G20820, AT5G23580, AT5G57920, AT5G64100	True	0.06219675328665862		False		plasma membrane		AT1G25530, BGLU5, AT1G62630, AAP3, DTX3, HB1, KT1, RIC1, ABCG1, COR15B, AT3G04010, DTX18, ATPK7, CAN, AT4G12770, AT4G16442, AT4G20830, CRK29, ABI1, UMAMIT34, FP6, PTR5, PP2C67, EDR4, PYL5, AT5G12050, SAUR76, CDPK9, ENODL10, PER69
w:plasma	word	plasma	30	155	2776	21521	1.5004880542902295	0.014426589472020662	AT1G25530, AT1G60260, AT1G62630, AT1G77380, AT2G04050, AT2G16060, AT2G30070, AT2G33460, AT2G39350, AT2G42530, AT3G04010, AT3G23550, AT3G27580, AT3G56170, AT4G12770, AT4G16442, AT4G20830, AT4G21410, AT4G26080, AT4G30420, AT4G38580, AT5G01180, AT5G02760, AT5G05190, AT5G05440, AT5G12050, AT5G20820, AT5G23580, AT5G57920, AT5G64100	True	0.06219675328665862		False		plasma		AT1G25530, BGLU5, AT1G62630, AAP3, DTX3, HB1, KT1, RIC1, ABCG1, COR15B, AT3G04010, DTX18, ATPK7, CAN, AT4G12770, AT4G16442, AT4G20830, CRK29, ABI1, UMAMIT34, FP6, PTR5, PP2C67, EDR4, PYL5, AT5G12050, SAUR76, CDPK9, ENODL10, PER69
w:defense	word	defense	15	155	1114	21521	1.8695488504082933	0.014698775425830686	AT1G50060, AT1G62630, AT1G77380, AT1G80840, AT2G26740, AT2G29370, AT2G42530, AT3G23550, AT3G44260, AT4G11650, AT4G20830, AT5G05190, AT5G22630, AT5G44910, AT5G61160	True	0.06295330790931432		False		defense		AT1G50060, AT1G62630, AAP3, WRKY40, SEH, AT2G29370, COR15B, DTX18, CAF1a, OSM34, AT4G20830, EDR4, ADT5, AT5G44910, AACT1
w:iii	word	iii	6	155	275	21521	3.0293489736070383	0.014829975883499212	AT1G22440, AT1G49570, AT1G80840, AT2G39040, AT5G19890, AT5G64100	True	0.06310009346508488		False		iii		AT1G22440, PER10, WRKY40, PER24, PER59, PER69
p:hydrogen peroxide	phrase	hydrogen peroxide	5	155	200	21521	3.471129032258064	0.015022756012156828	AT1G49570, AT2G39040, AT5G19890, AT5G39610, AT5G64100	True	0.06350528677866295		False		hydrogen peroxide		PER10, PER24, PER59, NAC6, PER69
w:peroxide	word	peroxide	5	155	202	21521	3.4367614180772916	0.015619371501165536	AT1G49570, AT2G39040, AT5G19890, AT5G39610, AT5G64100	True	0.06560136030489526		False		peroxide		PER10, PER24, PER59, NAC6, PER69
w:transporter	word	transporter	14	155	1021	21521	1.9038513791033458	0.015785345161452354	AT1G08930, AT1G25530, AT1G28220, AT1G77380, AT2G04050, AT2G30070, AT2G39350, AT3G23550, AT4G22840, AT4G23700, AT4G27730, AT4G30420, AT5G01180, AT5G57920	True	0.06587345961606078		False		transporter		ERD6, AT1G25530, PUP3, AAP3, DTX3, KT1, ABCG1, DTX18, BASS6, CHX17, OPT6, UMAMIT34, PTR5, ENODL10
w:stereospecific	word	stereospecific	2	155	27	21521	10.284826762246118	0.016077537693864254	AT1G64160, AT1G77380	True	0.0664578002039755		False		stereospecific		DIR5, AAP3
w:removal	word	removal	4	155	134	21521	4.144631680308137	0.016148311325328284	AT1G49570, AT2G39040, AT5G19890, AT5G64100	True	0.0664578002039755		False		removal		PER10, PER24, PER59, PER69
w:bacterial	word	bacterial	5	155	204	21521	3.4030676786843768	0.01623162862124747	AT1G80840, AT2G40940, AT2G44040, AT3G23150, AT4G26080	True	0.0664578002039755		False		bacterial		WRKY40, ERS1, DAPB1, ETR2, ABI1
p:udp glucosyltransferase	phrase	udp glucosyltransferase	3	155	74	21521	5.628857890148213	0.01636252517266896	AT1G07260, AT4G15550, AT5G05880	True	0.06657502429629683		False		udp glucosyltransferase		UGT71C3, IAGLU, UGT76C4
w:box	word	box	16	155	1234	21521	1.8002614105714434	0.01646480928930833	AT1G06160, AT1G09530, AT1G15670, AT1G28370, AT1G43160, AT1G53170, AT1G75390, AT1G80840, AT3G01970, AT3G25730, AT4G23750, AT5G13330, AT5G25350, AT5G47220, AT5G60990, AT5G61560	True	0.06657509843068152		False		box		ORA59, PIF3, AT1G15670, ERF11, RAP2.6, ERF8, bZIP44, WRKY40, WRKY45, EDF3, CRF2, Rap2.6L, EBF2, ERF2, RH10, PUB51
w:antigen	word	antigen	2	155	28	21521	9.917511520737328	0.01723336796174974	AT1G50060, AT1G53450	True	0.06882774566318453		False		antigen		AT1G50060, AT1G53450
w:acquisition	word	acquisition	2	155	28	21521	9.917511520737328	0.01723336796174974	AT4G23700, AT5G04340	True	0.06882774566318453		False		acquisition		CHX17, ZAT6
w:inactivation	word	inactivation	2	155	29	21521	9.575528364849832	0.01842347413183257	AT2G42530, AT4G26080	True	0.07268897975650306		False		inactivation		COR15B, ABI1
w:balance	word	balance	2	155	29	21521	9.575528364849832	0.01842347413183257	AT2G47270, AT5G39610	True	0.07268897975650306		False		balance		UPB1, NAC6
w:xenobiotic	word	xenobiotic	3	155	79	21521	5.272601061657819	0.01945019958748076	AT2G04050, AT3G23550, AT4G15550	True	0.07572874145737434		False		xenobiotic		DTX3, DTX18, IAGLU
w:sensor	word	sensor	4	155	142	21521	3.9111313039527484	0.019542901021257893	AT1G03430, AT2G40940, AT3G21510, AT3G23150	True	0.07572874145737434		False		sensor		AHP5, ERS1, AHP1, ETR2
w:abiotic	word	abiotic	4	155	142	21521	3.9111313039527484	0.019542901021257893	AT1G43160, AT1G78090, AT5G13330, AT5G43170	True	0.07572874145737434		False		abiotic		RAP2.6, TPPB, Rap2.6L, ZF3
k:Iron	keyword	Iron	11	155	750	21521	2.036395698924731	0.020052101028003408	AT1G05010, AT1G06080, AT1G49570, AT1G77330, AT2G16060, AT2G19590, AT2G39040, AT5G09970, AT5G19890, AT5G59540, AT5G64100	True	0.0772421169776936		False		Iron		EFE, ADS1, PER10, AT1G77330, HB1, ACO1, PER24, CYP78A7, PER59, AT5G59540, PER69
w:repressor	word	repressor	6	155	295	21521	2.8239693821760525	0.020209818120573972	AT1G25560, AT2G34140, AT3G23030, AT4G26080, AT5G04340, AT5G43170	True	0.07739171527349209		False		repressor		TEM1, CDF4, IAA2, ABI1, ZAT6, ZF3
w:oxidase	word	oxidase	7	155	382	21521	2.544283060293869	0.02093729671883556	AT1G05010, AT1G15670, AT1G19900, AT1G77330, AT2G19590, AT4G20830, AT5G59540	True	0.07970865592960205		False		oxidase		EFE, AT1G15670, RUBY, AT1G77330, ACO1, AT4G20830, AT5G59540
w:heme	word	heme	6	155	298	21521	2.795540160207837	0.021117581082315588	AT1G49570, AT2G16060, AT2G39040, AT5G09970, AT5G19890, AT5G64100	True	0.0799275888638805		False		heme		PER10, HB1, PER24, CYP78A7, PER59, PER69
w:acclimation	word	acclimation	4	155	146	21521	3.8039770216526736	0.021393365443755526	AT1G06080, AT2G42530, AT4G38410, AT4G38580	True	0.08050335782592398		False		acclimation		ADS1, COR15B, AT4G38410, FP6
w:high	word	high	7	155	386	21521	2.517917432726057	0.022012552201168142	AT1G77380, AT2G16060, AT2G26740, AT2G30070, AT4G26080, AT5G01180, AT5G60990	True	0.08235730737333598		False		high		AAP3, HB1, SEH, KT1, ABI1, PTR5, RH10
w:ascorbate	word	ascorbate	4	155	149	21521	3.727386880277116	0.022849408023946978	AT1G05010, AT1G77330, AT2G19590, AT5G59540	True	0.08499979784908276		False		ascorbate		EFE, AT1G77330, ACO1, AT5G59540
w:wound	word	wound	2	155	33	21521	8.414858260019551	0.02351580822246105	AT4G33560, AT5G13330	True	0.08662052393590197		False		wound		WIP5, Rap2.6L
w:endocytosis	word	endocytosis	3	155	85	21521	4.900417457305503	0.02355120236045261	AT2G33460, AT4G12770, AT5G05190	True	0.08662052393590197		False		endocytosis		RIC1, AT4G12770, EDR4
w:induced	word	induced	8	155	483	21521	2.2997128164028586	0.02397262591188338	AT1G09530, AT2G42530, AT3G23030, AT4G26080, AT5G04340, AT5G13330, AT5G39610, AT5G47220	True	0.08767516555413528		False		induced		PIF3, COR15B, IAA2, ABI1, ZAT6, Rap2.6L, NAC6, ERF2
w:lignin	word	lignin	4	155	152	21521	3.6538200339558573	0.02436449088810136	AT1G49570, AT2G39040, AT5G19890, AT5G64100	True	0.08861052272711724		False		lignin		PER10, PER24, PER59, PER69
w:committed	word	committed	2	155	35	21521	7.934009216589861	0.026253692270793123	AT1G26270, AT1G79470	True	0.0949508537127018		False		committed		PI4KG5, IMPDH
w:absence	word	absence	3	155	89	21521	4.680173976078289	0.026525402731705748	AT2G47270, AT5G03730, AT5G53980	True	0.09534906936394531		False		absence		UPB1, CTR1, HB52
k:Cell membrane	keyword	Cell membrane	16	155	1308	21521	1.6984117589030285	0.026656729069490088	AT1G25530, AT1G77380, AT2G30070, AT3G04010, AT3G27580, AT3G56170, AT4G16442, AT4G26080, AT4G38580, AT5G01180, AT5G02760, AT5G05190, AT5G05440, AT5G12050, AT5G20820, AT5G57920	True	0.09534906936394531		False		Cell membrane		AT1G25530, AAP3, KT1, AT3G04010, ATPK7, CAN, AT4G16442, ABI1, FP6, PTR5, PP2C67, EDR4, PYL5, AT5G12050, SAUR76, ENODL10
w:expansion	word	expansion	4	155	157	21521	3.537456338606945	0.02702209040477071	AT2G33460, AT2G41230, AT2G44080, AT5G20820	True	0.09612776422680729		False		expansion		RIC1, ORS1, ARL, SAUR76
w:restrict	word	restrict	2	155	36	21521	7.713620071684588	0.027668747195845875	AT2G33460, AT4G26080	True	0.09789323056791123		False		restrict		RIC1, ABI1
w:hormone	word	hormone	4	155	160	21521	3.4711290322580646	0.02869678557255469	AT2G41230, AT2G44080, AT3G59900, AT5G13330	True	0.10098166166342218		False		hormone		ORS1, ARL, ARGOS, Rap2.6L
w:cell	word	cell	30	155	2935	21521	1.4192009671923942	0.0288877495307092	AT1G03430, AT1G05010, AT1G09530, AT1G19900, AT1G28370, AT1G79470, AT2G16060, AT2G19590, AT2G33460, AT2G34140, AT2G41230, AT2G44080, AT2G47550, AT3G21510, AT3G43270, AT3G56170, AT3G59900, AT4G12770, AT4G20830, AT4G26080, AT4G26220, AT4G26270, AT5G03730, AT5G13330, AT5G20820, AT5G39610, AT5G47220, AT5G64100, AT5G65450, AT5G65640	True	0.1011071233574822		False		cell		AHP5, EFE, PIF3, RUBY, ERF11, IMPDH, HB1, ACO1, RIC1, CDF4, ORS1, ARL, PME20, AHP1, PME32, CAN, ARGOS, AT4G12770, AT4G20830, ABI1, AT4G26220, PFK3, CTR1, Rap2.6L, SAUR76, NAC6, ERF2, PER69, UBP17, bHLH093
w:coupling	word	coupling	2	155	37	21521	7.50514385353095	0.029113867392400395	AT1G43160, AT1G64160	True	0.10135362391685912		False		coupling		RAP2.6, DIR5
w:post‑embryonic	word	post-embryonic	3	155	93	21521	4.4788761706555675	0.029691271513784156	AT2G41230, AT5G03730, AT5G09970	True	0.10281392423124196		False		post-embryonic		ORS1, CTR1, CYP78A7
w:growth	word	growth	16	155	1328	21521	1.6728332685581033	0.03009086334767708	AT1G09530, AT1G18100, AT1G79470, AT2G33460, AT2G41230, AT2G44080, AT2G47270, AT3G21510, AT3G59900, AT4G12770, AT4G26080, AT5G01180, AT5G02760, AT5G04340, AT5G09970, AT5G20820	True	0.10364630708644328		False		growth		PIF3, E12A11, IMPDH, RIC1, ORS1, ARL, UPB1, AHP1, ARGOS, AT4G12770, ABI1, PTR5, PP2C67, ZAT6, CYP78A7, SAUR76
w:oxide	word	oxide	2	155	38	21521	7.307640067911715	0.030588552403170797	AT2G16060, AT2G19590	True	0.10371030659060963		False		oxide		HB1, ACO1
p:multidimensional cell	phrase	multidimensional cell	2	155	38	21521	7.307640067911715	0.030588552403170797	AT2G44080, AT3G21510	True	0.10371030659060963		False		multidimensional cell		ARL, AHP1
w:multidimensional	word	multidimensional	2	155	38	21521	7.307640067911715	0.030588552403170797	AT2G44080, AT3G21510	True	0.10371030659060963		False		multidimensional		ARL, AHP1
w:water	word	water	8	155	507	21521	2.1908506712476936	0.03074668075574141	AT1G06080, AT1G08930, AT1G09530, AT1G43160, AT2G41230, AT4G26080, AT4G38410, AT5G13330	True	0.10371030659060963		False		water		ADS1, ERD6, PIF3, RAP2.6, ORS1, ABI1, AT4G38410, Rap2.6L
w:activator	word	activator	9	155	604	21521	2.068884853663747	0.03108334687495949	AT1G06160, AT1G43160, AT2G31180, AT3G25730, AT3G60530, AT4G23750, AT5G13330, AT5G39610, AT5G47220	True	0.10430545781236407		False		activator		ORA59, RAP2.6, MYB14, EDF3, GATA4, CRF2, Rap2.6L, NAC6, ERF2
p:transmembrane transport	phrase	transmembrane transport	13	155	1014	21521	1.7800661703887513	0.031769068160466686	AT1G08930, AT1G25530, AT1G28220, AT1G77380, AT2G04050, AT2G30070, AT2G39350, AT3G23550, AT4G22840, AT4G23700, AT4G27730, AT4G30420, AT5G01180	True	0.1060598121664811		False		transmembrane transport		ERD6, AT1G25530, PUP3, AAP3, DTX3, KT1, ABCG1, DTX18, BASS6, CHX17, OPT6, UMAMIT34, PTR5
p:freezing tolerance	phrase	freezing tolerance	2	155	39	21521	7.120264681555004	0.03209230733778262	AT2G31180, AT2G42530	True	0.10659230651477798		False		freezing tolerance		MYB14, COR15B
p:disease resistance	phrase	disease resistance	5	155	246	21521	2.8220561237870445	0.03295323199674019	AT1G62630, AT1G64160, AT5G05190, AT5G44910, AT5G47220	True	0.10840697818390445		False		disease resistance		AT1G62630, DIR5, EDR4, AT5G44910, ERF2
w:modulate	word	modulate	6	155	331	21521	2.5168307182535816	0.032971707650404115	AT1G09530, AT2G42530, AT2G47270, AT3G23030, AT4G26080, AT5G05190	True	0.10840697818390445		False		modulate		PIF3, COR15B, UPB1, IAA2, ABI1, EDR4
w:enzyme	word	enzyme	13	155	1024	21521	1.7626827116935486	0.033983988283712505	AT1G05010, AT1G49660, AT1G77330, AT2G16740, AT2G19590, AT2G42530, AT2G47550, AT3G11210, AT3G43270, AT3G56170, AT4G20830, AT5G13330, AT5G65450	True	0.11117375061656705		False		enzyme		EFE, CXE5, AT1G77330, UBC29, ACO1, COR15B, PME20, CPRD49, PME32, CAN, AT4G20830, Rap2.6L, UBP17
w:disease	word	disease	5	155	250	21521	2.7769032258064517	0.034952106414490154	AT1G62630, AT1G64160, AT5G05190, AT5G44910, AT5G47220	True	0.11339348406249158		False		disease		AT1G62630, DIR5, EDR4, AT5G44910, ERF2
p:auxin permease	phrase	auxin permease	2	155	41	21521	6.772934697088906	0.035185074931833024	AT1G25530, AT1G77380	True	0.11339348406249158		False		auxin permease		AT1G25530, AAP3
w:aaap	word	aaap	2	155	41	21521	6.772934697088906	0.035185074931833024	AT1G25530, AT1G77380	True	0.11339348406249158		False		aaap		AT1G25530, AAP3
w:salt	word	salt	8	155	525	21521	2.11573579109063	0.03662086346719518	AT1G08930, AT1G09530, AT1G43160, AT2G25690, AT2G36080, AT5G13330, AT5G39610, AT5G63650	True	0.1174393207741087		False		salt		ERD6, PIF3, RAP2.6, FLZ11, ABS2, Rap2.6L, NAC6, SNRK2.5
k:Abscisic acid signaling pathway	keyword	Abscisic acid signaling pathway	4	155	174	21521	3.1918427882832776	0.037316377569586626	AT1G18100, AT3G59220, AT4G26080, AT5G05440	True	0.11908314606765143		False		Abscisic acid signaling pathway		E12A11, PRN, ABI1, PYL5
k:Cytoplasm	keyword	Cytoplasm	22	155	2053	21521	1.4878682651666326	0.038213688180531634	AT1G03430, AT1G18100, AT1G22440, AT1G23730, AT1G79470, AT2G16060, AT2G25690, AT2G29440, AT2G33460, AT2G41230, AT2G44080, AT3G21510, AT3G44260, AT3G59900, AT4G12770, AT4G23750, AT4G26080, AT4G26270, AT5G05440, AT5G07000, AT5G18670, AT5G20820	True	0.12135176100256631		False		Cytoplasm		AHP5, E12A11, AT1G22440, BCA3, IMPDH, HB1, FLZ11, GSTU6, RIC1, ORS1, ARL, AHP1, CAF1a, ARGOS, AT4G12770, CRF2, ABI1, PFK3, PYL5, ST2B, BMY3, SAUR76
w:brassinosteroid	word	brassinosteroid	4	155	178	21521	3.120115984052193	0.040024251606694414	AT1G18100, AT1G73830, AT2G41230, AT2G44080	True	0.12589205531503533		False		brassinosteroid		E12A11, BEE3, ORS1, ARL
k:Cyclin	keyword	Cyclin	2	155	44	21521	6.311143695014663	0.040030192703859165	AT3G60550, AT4G37630	True	0.12589205531503533		False		Cyclin		CYCP3;2, CYCD5;1
p:oxidative stress	phrase	oxidative stress	6	155	348	21521	2.393882091212458	0.04048968753687134	AT1G49570, AT2G39040, AT4G20830, AT5G19890, AT5G39610, AT5G64100	True	0.12672493551203481		False		oxidative stress		PER10, PER24, AT4G20830, PER59, NAC6, PER69
w:size	word	size	3	155	106	21521	3.929580036518564	0.04128946039229322	AT2G41230, AT2G44080, AT3G59900	True	0.12860975461905688		False		size		ORS1, ARL, ARGOS
k:Heme	keyword	Heme	6	155	351	21521	2.373421560518335	0.04192030904145203	AT1G49570, AT2G16060, AT2G39040, AT5G09970, AT5G19890, AT5G64100	True	0.12945950382126337		False		Heme		PER10, HB1, PER24, CYP78A7, PER59, PER69
w:hydrogen	word	hydrogen	5	155	263	21521	2.6396418496259044	0.04195999278999473	AT1G49570, AT2G39040, AT5G19890, AT5G39610, AT5G64100	True	0.12945950382126337		False		hydrogen		PER10, PER24, PER59, NAC6, PER69
p:cell expansion	phrase	cell expansion	3	155	107	21521	3.8928549894482964	0.04226339113789575	AT2G41230, AT2G44080, AT5G20820	True	0.12978050769231195		False		cell expansion		ORS1, ARL, SAUR76
w:asp	word	asp	2	155	46	21521	6.036746143057504	0.043392123566733165	AT1G03430, AT3G21510	True	0.13077903908307079		False		asp		AHP5, AHP1
w:fertility	word	fertility	2	155	46	21521	6.036746143057504	0.043392123566733165	AT1G18100, AT5G67060	True	0.13077903908307079		False		fertility		E12A11, HEC1
p:polyamine transporter	phrase	polyamine transporter	2	155	46	21521	6.036746143057504	0.043392123566733165	AT1G25530, AT1G77380	True	0.13077903908307079		False		polyamine transporter		AT1G25530, AAP3
p:xenobiotic detoxification	phrase	xenobiotic detoxification	2	155	46	21521	6.036746143057504	0.043392123566733165	AT2G04050, AT3G23550	True	0.13077903908307079		False		xenobiotic detoxification		DTX3, DTX18
w:transport	word	transport	22	155	2086	21521	1.4643305601088672	0.04431584110093963	AT1G08930, AT1G25530, AT1G28220, AT1G77380, AT2G04050, AT2G16060, AT2G30070, AT2G39350, AT3G01970, AT3G11780, AT3G23550, AT3G27580, AT4G22840, AT4G23700, AT4G27730, AT4G30420, AT4G38580, AT5G01180, AT5G05440, AT5G12050, AT5G57240, AT5G67060	True	0.1329475233028189		False		transport		ERD6, AT1G25530, PUP3, AAP3, DTX3, HB1, KT1, ABCG1, WRKY45, AT3G11780, DTX18, ATPK7, BASS6, CHX17, OPT6, UMAMIT34, FP6, PTR5, PYL5, AT5G12050, ORP4C, HEC1
w:toward	word	toward	4	155	185	21521	3.00205754141238	0.04502616974257419	AT2G42530, AT3G56170, AT5G39610, AT5G61160	True	0.13300682127177704		False		toward		COR15B, CAN, NAC6, AACT1
p:abiotic stresse	phrase	abiotic stresse	2	155	47	21521	5.908304735758407	0.04511127247165354	AT1G43160, AT5G13330	True	0.13300682127177704		False		abiotic stresse		RAP2.6, Rap2.6L
p:metabolite transporter	phrase	metabolite transporter	2	155	47	21521	5.908304735758407	0.04511127247165354	AT4G22840, AT4G30420	True	0.13300682127177704		False		metabolite transporter		BASS6, UMAMIT34
w:oxidative	word	oxidative	7	155	451	21521	2.15502467634647	0.04515285330424382	AT1G49570, AT1G64160, AT2G39040, AT4G20830, AT5G19890, AT5G39610, AT5G64100	True	0.13300682127177704		False		oxidative		PER10, DIR5, PER24, AT4G20830, PER59, NAC6, PER69
w:permease	word	permease	3	155	111	21521	3.752571926765475	0.04627376841548233	AT1G25530, AT1G28220, AT1G77380	True	0.13508620286313452		False		permease		AT1G25530, PUP3, AAP3
k:Potassium	keyword	Potassium	3	155	111	21521	3.752571926765475	0.04627376841548233	AT1G79470, AT2G30070, AT4G23700	True	0.13508620286313452		False		Potassium		IMPDH, KT1, CHX17
p:defense response	phrase	defense response	12	155	966	21521	1.724784612302144	0.0467805953726407	AT1G62630, AT1G77380, AT1G80840, AT2G29370, AT2G42530, AT3G23550, AT3G44260, AT4G11650, AT4G20830, AT5G05190, AT5G22630, AT5G44910	True	0.13595610530173702		False		defense response		AT1G62630, AAP3, WRKY40, AT2G29370, COR15B, DTX18, CAF1a, OSM34, AT4G20830, EDR4, ADT5, AT5G44910
w:biosynthesis	word	biosynthesis	12	155	968	21521	1.7212210077312717	0.04738590943377897	AT1G05010, AT1G09530, AT1G49570, AT1G64160, AT1G77330, AT2G19590, AT2G26740, AT2G39040, AT3G14230, AT5G19890, AT5G61160, AT5G64100	True	0.13710323129506713		False		biosynthesis		EFE, PIF3, PER10, DIR5, AT1G77330, ACO1, SEH, PER24, RAP2.2, PER59, AACT1, PER69
w:acyl	word	acyl	6	155	363	21521	2.2949613436416954	0.04796025938043927	AT1G06080, AT1G49660, AT2G39980, AT5G01210, AT5G04520, AT5G61160	True	0.1381510126401149		False		acyl		ADS1, CXE5, AT2G39980, AT5G01210, AT5G04520, AACT1
p:systemic resistance	phrase	systemic resistance	2	155	50	21521	5.553806451612903	0.050416102486174376	AT1G06160, AT5G47220	True	0.14346314619993897		False		systemic resistance		ORA59, ERF2
p:mate efflux	phrase	mate efflux	2	155	50	21521	5.553806451612903	0.050416102486174376	AT2G04050, AT3G23550	True	0.14346314619993897		False		mate efflux		DTX3, DTX18
w:temperature	word	temperature	3	155	115	21521	3.6220476858345023	0.050465530690915555	AT2G42530, AT5G60990, AT5G67060	True	0.14346314619993897		False		temperature		COR15B, RH10, HEC1
w:desaturase	word	desaturase	2	155	51	21521	5.444908285895003	0.052232049959403684	AT1G06080, AT3G14230	True	0.1478394109720513		False		desaturase		ADS1, RAP2.2
w:glucosyltransferase	word	glucosyltransferase	3	155	117	21521	3.560132340777502	0.052628508241638346	AT1G07260, AT4G15550, AT5G05880	True	0.14831670504461716		False		glucosyltransferase		UGT71C3, IAGLU, UGT76C4
p:seed germination	phrase	seed germination	5	155	282	21521	2.4617936398993367	0.053630743394227826	AT1G18100, AT1G75390, AT3G59220, AT4G26080, AT5G39610	True	0.1491538007804718		False		seed germination		E12A11, bZIP44, PRN, ABI1, NAC6
p:compound extrusion	phrase	compound extrusion	2	155	52	21521	5.340198511166253	0.054071116719187934	AT2G04050, AT3G23550	True	0.1491538007804718		False		compound extrusion		DTX3, DTX18
p:multi antimicrobial	phrase	multi antimicrobial	2	155	52	21521	5.340198511166253	0.054071116719187934	AT2G04050, AT3G23550	True	0.1491538007804718		False		multi antimicrobial		DTX3, DTX18
w:multi	word	multi	2	155	52	21521	5.340198511166253	0.054071116719187934	AT2G04050, AT3G23550	True	0.1491538007804718		False		multi		DTX3, DTX18
p:antimicrobial extrusion	phrase	antimicrobial extrusion	2	155	52	21521	5.340198511166253	0.054071116719187934	AT2G04050, AT3G23550	True	0.1491538007804718		False		antimicrobial extrusion		DTX3, DTX18
w:stomatal	word	stomatal	5	155	284	21521	2.444457064970468	0.0549587213525175	AT4G24480, AT4G26080, AT5G05440, AT5G13330, AT5G65640	True	0.1498448771675986		False		stomatal		AT4G24480, ABI1, PYL5, Rap2.6L, bHLH093
w:facilitator	word	facilitator	4	155	198	21521	2.80495275333985	0.05520167438277426	AT1G08930, AT2G16990, AT3G27580, AT5G01180	True	0.1498448771675986		False		facilitator		ERD6, AT2G16990, ATPK7, PTR5
p:xylem histogenesis	phrase	xylem histogenesis	2	155	53	21521	5.239440048691418	0.05593288041739855	AT1G28370, AT5G47220	True	0.1498448771675986		False		xylem histogenesis		ERF11, ERF2
w:thioesterase	word	thioesterase	2	155	53	21521	5.239440048691418	0.05593288041739855	AT1G48320, AT5G65450	True	0.1498448771675986		False		thioesterase		DHNAT1, UBP17
p:xenobiotic transmembrane	phrase	xenobiotic transmembrane	2	155	53	21521	5.239440048691418	0.05593288041739855	AT2G04050, AT3G23550	True	0.1498448771675986		False		xenobiotic transmembrane		DTX3, DTX18
p:toxic compound	phrase	toxic compound	2	155	53	21521	5.239440048691418	0.05593288041739855	AT2G04050, AT3G23550	True	0.1498448771675986		False		toxic compound		DTX3, DTX18
p:adenosylmethionine dependent	phrase	adenosylmethionine dependent	2	155	53	21521	5.239440048691418	0.05593288041739855	AT4G26220, AT4G35150	True	0.1498448771675986		False		adenosylmethionine dependent		AT4G26220, AT4G35150
k:Developmental protein	keyword	Developmental protein	8	155	577	21521	1.9250628948398278	0.057708657501948896	AT2G33460, AT2G41230, AT2G44080, AT3G59900, AT5G09970, AT5G20820, AT5G65640, AT5G67060	True	0.15238387535043532		False		Developmental protein		RIC1, ORS1, ARL, ARGOS, CYP78A7, SAUR76, bHLH093, HEC1
k:Amino-acid transport	keyword	Amino-acid transport	2	155	54	21521	5.142413381123059	0.05781692352005764	AT1G25530, AT1G77380	True	0.15238387535043532		False		Amino-acid transport		AT1G25530, AAP3
w:mate	word	mate	2	155	54	21521	5.142413381123059	0.05781692352005764	AT2G04050, AT3G23550	True	0.15238387535043532		False		mate		DTX3, DTX18
w:hxxxd	word	hxxxd	2	155	54	21521	5.142413381123059	0.05781692352005764	AT2G39980, AT5G01210	True	0.15238387535043532		False		hxxxd		AT2G39980, AT5G01210
w:aromatic	word	aromatic	2	155	55	21521	5.04891495601173	0.059722833260645994	AT2G26740, AT5G61160	True	0.15677243730919574		False		aromatic		SEH, AACT1
w:histogenesis	word	histogenesis	2	155	57	21521	4.871760045274477	0.06359862514958488	AT1G28370, AT5G47220	True	0.16627592358385446		False		histogenesis		ERF11, ERF2
w:organ	word	organ	6	155	391	21521	2.1306162857850013	0.06405996714138916	AT1G09530, AT2G41230, AT2G44080, AT3G59900, AT5G09970, AT5G39610	True	0.16681215443617736		False		organ		PIF3, ORS1, ARL, ARGOS, CYP78A7, NAC6
p:cell division	phrase	cell division	5	155	299	21521	2.321825439637501	0.06552301207095758	AT1G28370, AT2G41230, AT5G03730, AT5G47220, AT5G65450	True	0.16994215481351946		False		cell division		ERF11, ORS1, CTR1, ERF2, UBP17
w:division	word	division	6	155	394	21521	2.114393319141968	0.06595307463554996	AT1G28370, AT2G41230, AT5G03730, AT5G13330, AT5G47220, AT5G65450	True	0.1703787761418374		False		division		ERF11, ORS1, CTR1, Rap2.6L, ERF2, UBP17
w:oxidation	word	oxidation	5	155	301	21521	2.306398028078448	0.0670119652599496	AT1G06080, AT1G49570, AT2G39040, AT5G19890, AT5G64100	True	0.17242999756611535		False		oxidation		ADS1, PER10, PER24, PER59, PER69
p:oligopeptide transporter	phrase	oligopeptide transporter	2	155	59	21521	4.706615636960088	0.06755704755303978	AT4G27730, AT5G01180	True	0.17314818093318463		False		oligopeptide transporter		OPT6, PTR5
w:stimulus	word	stimulus	6	155	397	21521	2.098415535873893	0.06787879784289638	AT2G25690, AT2G41230, AT2G43140, AT3G59900, AT3G60530, AT5G67060	True	0.17329057802245312		False		stimulus		FLZ11, ORS1, BHLH129, ARGOS, GATA4, HEC1
w:apical	word	apical	4	155	213	21521	2.6074208693018326	0.06835661717002935	AT2G33460, AT5G02760, AT5G09970, AT5G60990	True	0.17382874131909806		False		apical		RIC1, PP2C67, CYP78A7, RH10
k:Metal-binding	keyword	Metal-binding	31	155	3296	21521	1.3058859223300974	0.06870089417008726	AT1G05010, AT1G06080, AT1G22440, AT1G49570, AT1G77330, AT1G79470, AT2G16060, AT2G19590, AT2G25690, AT2G34140, AT2G39040, AT2G40940, AT3G01970, AT3G14510, AT3G23150, AT3G44260, AT3G56170, AT3G60530, AT4G26080, AT4G26220, AT4G26270, AT4G38580, AT5G02760, AT5G04340, AT5G09970, AT5G19890, AT5G23580, AT5G43170, AT5G59540, AT5G64100, AT5G65450	True	0.17402444398726385		False		Metal-binding		EFE, ADS1, AT1G22440, PER10, AT1G77330, IMPDH, HB1, ACO1, FLZ11, CDF4, PER24, ERS1, WRKY45, AT3G14510, ETR2, CAF1a, CAN, GATA4, ABI1, AT4G26220, PFK3, FP6, PP2C67, ZAT6, CYP78A7, PER59, CDPK9, ZF3, AT5G59540, PER69, UBP17
p:udp glycosyltransferase	phrase	udp glycosyltransferase	3	155	131	21521	3.1796601822211277	0.06898274364181113	AT1G07260, AT4G15550, AT5G05880	True	0.17406110895666296		False		udp glycosyltransferase		UGT71C3, IAGLU, UGT76C4
w:long	word	long	5	155	307	21521	2.26132184511926	0.07159167161955951	AT1G05010, AT1G06080, AT1G25560, AT2G19590, AT2G33460	True	0.17926277850143368		False		long		EFE, ADS1, TEM1, ACO1, RIC1
w:demethylesterification	word	demethylesterification	2	155	61	21521	4.55230037017451	0.07159496530011177	AT2G47550, AT3G43270	True	0.17926277850143368		False		demethylesterification		PME20, PME32
w:catabolic	word	catabolic	12	155	1039	21521	1.6036014778478067	0.07249755764248605	AT1G22440, AT1G49570, AT2G16740, AT2G29440, AT2G39040, AT2G47550, AT3G43270, AT5G18670, AT5G19890, AT5G25350, AT5G64100, AT5G65640	True	0.1808272414760859		False		catabolic		AT1G22440, PER10, UBC29, GSTU6, PER24, PME20, PME32, BMY3, PER59, EBF2, PER69, bHLH093
p:occurring elicitor	phrase	occurring elicitor	2	155	62	21521	4.478876170655567	0.07364277489549034	AT1G80840, AT3G01970	True	0.1815963880945614		False		occurring elicitor		WRKY40, WRKY45
w:rho	word	rho	2	155	62	21521	4.478876170655567	0.07364277489549034	AT2G33460, AT5G12050	True	0.1815963880945614		False		rho		RIC1, AT5G12050
p:pectinesterase inhibitor	phrase	pectinesterase inhibitor	2	155	62	21521	4.478876170655567	0.07364277489549034	AT2G47550, AT3G43270	True	0.1815963880945614		False		pectinesterase inhibitor		PME20, PME32
w:osmotic	word	osmotic	4	155	220	21521	2.524457478005865	0.07500312942479122	AT1G43160, AT2G42530, AT4G26080, AT5G63650	True	0.18319261547575716		False		osmotic		RAP2.6, COR15B, ABI1, SNRK2.5
p:responsive cis‑acting	phrase	responsive cis-acting	2	155	63	21521	4.407782898105479	0.07570931515780258	AT1G80840, AT3G01970	True	0.18319261547575716		False		responsive cis-acting		WRKY40, WRKY45
w:frequently	word	frequently	2	155	63	21521	4.407782898105479	0.07570931515780258	AT1G80840, AT3G01970	True	0.18319261547575716		False		frequently		WRKY40, WRKY45
p:frequently occurring	phrase	frequently occurring	2	155	63	21521	4.407782898105479	0.07570931515780258	AT1G80840, AT3G01970	True	0.18319261547575716		False		frequently occurring		WRKY40, WRKY45
k:Aspartyl esterase	keyword	Aspartyl esterase	2	155	63	21521	4.407782898105479	0.07570931515780258	AT2G47550, AT3G43270	True	0.18319261547575716		False		Aspartyl esterase		PME20, PME32
w:affinity	word	affinity	4	155	221	21521	2.5130345934900014	0.07597850411436932	AT1G77380, AT2G16060, AT2G30070, AT5G01180	True	0.18319261547575716		False		affinity		AAP3, HB1, KT1, PTR5
p:auxin responsive	phrase	auxin responsive	3	155	137	21521	3.040404991758889	0.07661617609499836	AT2G36080, AT3G23030, AT5G20820	True	0.18404845253816948		False		auxin responsive		ABS2, IAA2, SAUR76
w:regulate	word	regulate	13	155	1163	21521	1.552009541508335	0.07713384618216813	AT1G18100, AT1G28370, AT1G53170, AT2G26070, AT2G31180, AT2G33460, AT2G34140, AT2G41230, AT3G27580, AT4G26080, AT5G03730, AT5G04340, AT5G39610	True	0.18416012160110218		False		regulate		E12A11, ERF11, ERF8, RTE1, MYB14, RIC1, CDF4, ORS1, ATPK7, ABI1, CTR1, ZAT6, NAC6
p:wrky dna	phrase	wrky dna	2	155	64	21521	4.338911290322581	0.07779421419401397	AT1G80840, AT3G01970	True	0.18416012160110218		False		wrky dna		WRKY40, WRKY45
p:elicitor responsive	phrase	elicitor responsive	2	155	64	21521	4.338911290322581	0.07779421419401397	AT1G80840, AT3G01970	True	0.18416012160110218		False		elicitor responsive		WRKY40, WRKY45
w:tgac	word	tgac	2	155	64	21521	4.338911290322581	0.07779421419401397	AT1G80840, AT3G01970	True	0.18416012160110218		False		tgac		WRKY40, WRKY45
w:tolerance	word	tolerance	5	155	318	21521	2.183100020288091	0.08042426179901585	AT1G43160, AT1G78090, AT2G31180, AT2G42530, AT5G13330	True	0.18969635663463522		False		tolerance		RAP2.6, TPPB, MYB14, COR15B, Rap2.6L
w:antimicrobial	word	antimicrobial	2	155	66	21521	4.207429130009776	0.08201762258792943	AT2G04050, AT3G23550	True	0.19206285001705775		False		antimicrobial		DTX3, DTX18
k:Detoxification	keyword	Detoxification	2	155	66	21521	4.207429130009776	0.08201762258792943	AT2G29440, AT4G15550	True	0.19206285001705775		False		Detoxification		GSTU6, IAGLU
w:alter	word	alter	2	155	67	21521	4.144631680308137	0.08415540960496191	AT1G06080, AT3G23030	True	0.19496502367555235		False		alter		ADS1, IAA2
w:extrusion	word	extrusion	2	155	67	21521	4.144631680308137	0.08415540960496191	AT2G04050, AT3G23550	True	0.19496502367555235		False		extrusion		DTX3, DTX18
p:primary root	phrase	primary root	2	155	67	21521	4.144631680308137	0.08415540960496191	AT2G33460, AT5G04340	True	0.19496502367555235		False		primary root		RIC1, ZAT6
w:glutathione	word	glutathione	3	155	144	21521	2.8926075268817204	0.08596942715061738	AT1G22440, AT2G29440, AT4G27730	True	0.19846133714557415		False		glutathione		AT1G22440, GSTU6, OPT6
w:occurring	word	occurring	2	155	68	21521	4.083681214421252	0.0863101106310735	AT1G80840, AT3G01970	True	0.19854375272377683		False		occurring		WRKY40, WRKY45
w:elongation	word	elongation	7	155	527	21521	1.8442431290934687	0.08718121295099923	AT1G05010, AT1G09530, AT1G28220, AT2G19590, AT2G33460, AT2G47270, AT5G20820	True	0.19984144236302992		False		elongation		EFE, PIF3, PUP3, ACO1, RIC1, UPB1, SAUR76
w:adenosylmethionine	word	adenosylmethionine	2	155	70	21521	3.9670046082949306	0.09066885603331998	AT4G26220, AT4G35150	True	0.20710675536032036		False		adenosylmethionine		AT4G26220, AT4G35150
w:manner	word	manner	5	155	332	21521	2.091041585697629	0.0924697716601103	AT2G41230, AT2G42530, AT4G27730, AT5G05440, AT5G43170	True	0.2104818928347266		False		manner		ORS1, COR15B, OPT6, PYL5, ZF3
p:guard cell	phrase	guard cell	2	155	73	21521	3.8039770216526736	0.09732519464627022	AT4G26080, AT5G65640	True	0.21999549206500665		False		guard cell		ABI1, bHLH093
w:tomato	word	tomato	2	155	73	21521	3.8039770216526736	0.09732519464627022	AT4G26080, AT5G39610	True	0.21999549206500665		False		tomato		ABI1, NAC6
w:senescence	word	senescence	4	155	242	21521	2.294961343641696	0.09791023207840842	AT2G42530, AT5G02760, AT5G13330, AT5G39610	True	0.22055211447420028		False		senescence		COR15B, PP2C67, Rap2.6L, NAC6
w:cation	word	cation	5	155	339	21521	2.047863735845466	0.09882312008181166	AT4G23700, AT4G26080, AT4G26220, AT4G35150, AT5G02760	True	0.22155237030351038		False		cation		CHX17, ABI1, AT4G26220, AT4G35150, PP2C67
k:Calcium	keyword	Calcium	6	155	440	21521	1.893343108504399	0.09903493050433414	AT1G49570, AT2G39040, AT3G56170, AT5G19890, AT5G23580, AT5G64100	True	0.22155237030351038		False		Calcium		PER10, PER24, CAN, PER59, CDPK9, PER69
w:purine	word	purine	2	155	75	21521	3.702537634408602	0.10183766486452	AT1G28220, AT1G79470	True	0.22704219118767985		False		purine		PUP3, IMPDH
k:Stress response	keyword	Stress response	7	155	549	21521	1.770339032845643	0.10248297223847831	AT1G06080, AT1G08930, AT1G43160, AT1G78090, AT3G21510, AT5G13330, AT5G60990	True	0.2277010748370286		False		Stress response		ADS1, ERD6, RAP2.6, TPPB, AHP1, Rap2.6L, RH10
k:Potassium transport	keyword	Potassium transport	2	155	76	21521	3.6538200339558573	0.10411539344900678	AT2G30070, AT4G23700	True	0.23054122835137214		False		Potassium transport		KT1, CHX17
k:Growth regulation	keyword	Growth regulation	3	155	158	21521	2.6363005308289096	0.10603029856460068	AT2G33460, AT5G09970, AT5G20820	True	0.23090324327556142		False		Growth regulation		RIC1, CYP78A7, SAUR76
p:wrky transcription	phrase	wrky transcription	2	155	77	21521	3.6063678257226646	0.10640702455094996	AT1G80840, AT3G01970	True	0.23090324327556142		False		wrky transcription		WRKY40, WRKY45
w:lower	word	lower	2	155	77	21521	3.6063678257226646	0.10640702455094996	AT2G42530, AT5G61160	True	0.23090324327556142		False		lower		COR15B, AACT1
p:invertase pectin	phrase	invertase pectin	2	155	77	21521	3.6063678257226646	0.10640702455094996	AT2G47550, AT3G43270	True	0.23090324327556142		False		invertase pectin		PME20, PME32
p:plant invertase	phrase	plant invertase	2	155	77	21521	3.6063678257226646	0.10640702455094996	AT2G47550, AT3G43270	True	0.23090324327556142		False		plant invertase		PME20, PME32
p:cadmium ion	phrase	cadmium ion	2	155	77	21521	3.6063678257226646	0.10640702455094996	AT3G01970, AT4G38580	True	0.23090324327556142		False		cadmium ion		WRKY45, FP6
w:dark	word	dark	2	155	78	21521	3.560132340777502	0.10871224308216917	AT1G09530, AT5G39610	True	0.2334920313372102		False		dark		PIF3, NAC6
w:phenylpropanoid	word	phenylpropanoid	2	155	78	21521	3.560132340777502	0.10871224308216917	AT1G15670, AT4G26220	True	0.2334920313372102		False		phenylpropanoid		AT1G15670, AT4G26220
w:symporter	word	symporter	2	155	78	21521	3.560132340777502	0.10871224308216917	AT1G77380, AT4G22840	True	0.2334920313372102		False		symporter		AAP3, BASS6
w:effector	word	effector	3	155	160	21521	2.6033467741935485	0.1090346813003255	AT1G18100, AT2G25690, AT2G33460	True	0.2334920313372102		False		effector		E12A11, FLZ11, RIC1
p:cis‑acting element	phrase	cis-acting element	2	155	79	21521	3.515067374438546	0.11103073771839471	AT1G80840, AT3G01970	True	0.23621245181266326		False		cis-acting element		WRKY40, WRKY45
k:Copper	keyword	Copper	2	155	79	21521	3.515067374438546	0.11103073771839471	AT2G40940, AT3G23150	True	0.23621245181266326		False		Copper		ERS1, ETR2
w:wrky	word	wrky	2	155	80	21521	3.4711290322580646	0.11336220086198426	AT1G80840, AT3G01970	True	0.2391264124502807		False		wrky		WRKY40, WRKY45
w:clathrin	word	clathrin	2	155	80	21521	3.4711290322580646	0.11336220086198426	AT2G33460, AT4G12770	True	0.2391264124502807		False		clathrin		RIC1, AT4G12770
w:systemic	word	systemic	3	155	163	21521	2.5554324163863056	0.1136026646573057	AT1G06160, AT1G07260, AT5G47220	True	0.2391264124502807		False		systemic		ORA59, UGT71C3, ERF2
k:Plant defense	keyword	Plant defense	9	155	785	21521	1.5918553523731251	0.1143963066634088	AT1G05010, AT1G43160, AT1G50060, AT1G62630, AT1G77330, AT2G19590, AT3G04010, AT5G05190, AT5G47220	True	0.2391264124502807		False		Plant defense		EFE, RAP2.6, AT1G50060, AT1G62630, AT1G77330, ACO1, AT3G04010, EDR4, ERF2
p:leaf senescence	phrase	leaf senescence	3	155	164	21521	2.53985051140834	0.11514139920928476	AT2G42530, AT5G02760, AT5G39610	True	0.2391264124502807		False		leaf senescence		COR15B, PP2C67, NAC6
w:gibberellic	word	gibberellic	2	155	81	21521	3.428275587415372	0.11570632860497454	AT1G09530, AT1G18100	True	0.2391264124502807		False		gibberellic		PIF3, E12A11
p:gibberellic acid	phrase	gibberellic acid	2	155	81	21521	3.428275587415372	0.11570632860497454	AT1G09530, AT1G18100	True	0.2391264124502807		False		gibberellic acid		PIF3, E12A11
w:sensitivity	word	sensitivity	2	155	81	21521	3.428275587415372	0.11570632860497454	AT2G26070, AT5G05440	True	0.2391264124502807		False		sensitivity		RTE1, PYL5
w:sterol	word	sterol	2	155	81	21521	3.428275587415372	0.11570632860497454	AT3G11780, AT5G57240	True	0.2391264124502807		False		sterol		AT3G11780, ORP4C
w:messenger	word	messenger	2	155	82	21521	3.386467348544453	0.11806282069246722	AT1G26270, AT5G23580	True	0.24169464236099422		False		messenger		PI4KG5, CDPK9
w:population	word	population	2	155	82	21521	3.386467348544453	0.11806282069246722	AT2G34140, AT3G59900	True	0.24169464236099422		False		population		CDF4, ARGOS
p:cell population	phrase	cell population	2	155	82	21521	3.386467348544453	0.11806282069246722	AT2G34140, AT3G59900	True	0.24169464236099422		False		cell population		CDF4, ARGOS
w:transferring	word	transferring	3	155	167	21521	2.494224454317172	0.11980475916568176	AT2G40940, AT5G01210, AT5G61160	True	0.24272702382851788		False		transferring		ERS1, AT5G01210, AACT1
w:jasmonic	word	jasmonic	4	155	261	21521	2.1278951921888516	0.12001084860486427	AT1G06160, AT1G43160, AT5G13330, AT5G47220	True	0.24272702382851788		False		jasmonic		ORA59, RAP2.6, Rap2.6L, ERF2
p:jasmonic acid	phrase	jasmonic acid	4	155	261	21521	2.1278951921888516	0.12001084860486427	AT1G06160, AT1G43160, AT5G13330, AT5G47220	True	0.24272702382851788		False		jasmonic acid		ORA59, RAP2.6, Rap2.6L, ERF2
w:mediator	word	mediator	2	155	83	21521	3.3456665371162067	0.12043138048634604	AT1G03430, AT3G21510	True	0.24272702382851788		False		mediator		AHP5, AHP1
w:anthocyanin	word	anthocyanin	2	155	83	21521	3.3456665371162067	0.12043138048634604	AT1G09530, AT5G61160	True	0.24272702382851788		False		anthocyanin		PIF3, AACT1
w:regulator	word	regulator	11	155	1024	21521	1.491500756048387	0.12118727858818232	AT1G03430, AT1G09530, AT1G73830, AT2G40940, AT3G14230, AT3G21510, AT3G23150, AT5G03730, AT5G12050, AT5G13330, AT5G25350	True	0.24312281429063187		False		regulator		AHP5, PIF3, BEE3, ERS1, RAP2.2, AHP1, ETR2, CTR1, AT5G12050, Rap2.6L, EBF2
k:Auxin signaling pathway	keyword	Auxin signaling pathway	3	155	168	21521	2.479377880184332	0.12137467687320332	AT3G23030, AT3G27580, AT5G12050	True	0.24312281429063187		False		Auxin signaling pathway		IAA2, ATPK7, AT5G12050
w:polyamine	word	polyamine	2	155	84	21521	3.3058371735791092	0.12281171492932011	AT1G25530, AT1G77380	True	0.24328839425591228		False		polyamine		AT1G25530, AAP3
w:pmei	word	pmei	2	155	84	21521	3.3058371735791092	0.12281171492932011	AT2G47550, AT3G43270	True	0.24328839425591228		False		pmei		PME20, PME32
p:tyrosine kinase	phrase	tyrosine kinase	2	155	84	21521	3.3058371735791092	0.12281171492932011	AT4G24480, AT5G03730	True	0.24328839425591228		False		tyrosine kinase		AT4G24480, CTR1
w:efflux	word	efflux	3	155	169	21521	2.4647070051536555	0.12295219924761158	AT2G04050, AT3G23550, AT3G27580	True	0.24328839425591228		False		efflux		DTX3, DTX18, ATPK7
w:heat	word	heat	5	155	365	21521	1.9019885108263366	0.12427186801945864	AT1G09530, AT1G43160, AT2G42530, AT4G26080, AT4G38580	True	0.24441385522860296		False		heat		PIF3, RAP2.6, COR15B, ABI1, FP6
w:inhibitor	word	inhibitor	5	155	365	21521	1.9019885108263366	0.12427186801945864	AT1G28370, AT1G53170, AT2G47550, AT3G43270, AT5G05440	True	0.24441385522860296		False		inhibitor		ERF11, ERF8, PME20, PME32, PYL5
p:pseudomonas syringae	phrase	pseudomonas syringae	2	155	86	21521	3.2289572393098274	0.1276065532240535	AT4G26080, AT5G39610	True	0.2502164643037917		False		pseudomonas syringae		ABI1, NAC6
p:galactose oxidase	phrase	galactose oxidase	2	155	88	21521	3.1555718475073316	0.13244506138890574	AT1G15670, AT1G19900	True	0.2566123064410049		False		galactose oxidase		AT1G15670, RUBY
w:multidrug	word	multidrug	2	155	88	21521	3.1555718475073316	0.13244506138890574	AT2G04050, AT3G23550	True	0.2566123064410049		False		multidrug		DTX3, DTX18
p:methylesterase inhibitor	phrase	methylesterase inhibitor	2	155	88	21521	3.1555718475073316	0.13244506138890574	AT2G47550, AT3G43270	True	0.2566123064410049		False		methylesterase inhibitor		PME20, PME32
w:metabolite	word	metabolite	2	155	88	21521	3.1555718475073316	0.13244506138890574	AT4G22840, AT4G30420	True	0.2566123064410049		False		metabolite		BASS6, UMAMIT34
w:pseudomonas	word	pseudomonas	2	155	89	21521	3.120115984052193	0.13487999607068044	AT4G26080, AT5G39610	True	0.25901733758705886		False		pseudomonas		ABI1, NAC6
p:transferring group	phrase	transferring group	2	155	89	21521	3.120115984052193	0.13487999607068044	AT5G01210, AT5G61160	True	0.25901733758705886		False		transferring group		AT5G01210, AACT1
p:amino acyl	phrase	amino acyl	2	155	89	21521	3.120115984052193	0.13487999607068044	AT5G01210, AT5G61160	True	0.25901733758705886		False		amino acyl		AT5G01210, AACT1
w:antiporter	word	antiporter	3	155	177	21521	2.3533078184800442	0.1358369238480202	AT2G04050, AT3G23550, AT4G23700	True	0.2600877571325328		False		antiporter		DTX3, DTX18, CHX17
w:pectinesterase	word	pectinesterase	2	155	90	21521	3.0854480286738353	0.13732502028220372	AT2G47550, AT3G43270	True	0.26216594781147984		False		pectinesterase		PME20, PME32
w:preventing	word	preventing	2	155	91	21521	3.051542006380716	0.13977986505214524	AT2G42530, AT5G03730	True	0.2652964785683573		False		preventing		COR15B, CTR1
p:pectin catabolic	phrase	pectin catabolic	2	155	91	21521	3.051542006380716	0.13977986505214524	AT2G47550, AT3G43270	True	0.2652964785683573		False		pectin catabolic		PME20, PME32
w:oxidoreductase	word	oxidoreductase	10	155	941	21521	1.475506496177711	0.14213955783108562	AT1G05010, AT1G06080, AT1G22440, AT1G77330, AT1G79470, AT2G19590, AT2G29370, AT4G20830, AT5G09970, AT5G59540	True	0.26763299516964634		False		oxidoreductase		EFE, ADS1, AT1G22440, AT1G77330, IMPDH, ACO1, AT2G29370, AT4G20830, CYP78A7, AT5G59540
p:abiotic stress	phrase	abiotic stress	2	155	92	21521	3.018373071528752	0.14224426471382123	AT1G78090, AT5G43170	True	0.26763299516964634		False		abiotic stress		TPPB, ZF3
w:cis‑acting	word	cis-acting	2	155	92	21521	3.018373071528752	0.14224426471382123	AT1G80840, AT3G01970	True	0.26763299516964634		False		cis-acting		WRKY40, WRKY45
k:Lipid-binding	keyword	Lipid-binding	2	155	93	21521	2.9859174471037115	0.14471795687206399	AT2G42530, AT5G57240	True	0.2707223848382576		False		Lipid-binding		COR15B, ORP4C
w:fructose	word	fructose	2	155	93	21521	2.9859174471037115	0.14471795687206399	AT4G26270, AT5G03730	True	0.2707223848382576		False		fructose		PFK3, CTR1
p:salicylic acid	phrase	salicylic acid	4	155	281	21521	1.9764435770864424	0.14537077782113633	AT1G43160, AT1G80840, AT5G05190, AT5G13330	True	0.2711644021821196		False		salicylic acid		RAP2.6, WRKY40, EDR4, Rap2.6L
k:Endoplasmic reticulum	keyword	Endoplasmic reticulum	7	155	604	21521	1.609132663960692	0.14663413004045983	AT1G06080, AT2G26070, AT2G40940, AT2G41230, AT2G44080, AT3G23150, AT3G59900	True	0.2720675119203235		False		Endoplasmic reticulum		ADS1, RTE1, ERS1, ORS1, ARL, ETR2, ARGOS
w:salicylic	word	salicylic	4	155	282	21521	1.9694349119194694	0.1466907783164878	AT1G43160, AT1G80840, AT5G05190, AT5G13330	True	0.2720675119203235		False		salicylic		RAP2.6, WRKY40, EDR4, Rap2.6L
w:elicitor	word	elicitor	2	155	94	21521	2.9541523678792037	0.1472006823703934	AT1G80840, AT3G01970	True	0.272237625633881		False		elicitor		WRKY40, WRKY45
k:Serine/threonine-protein kinase	keyword	Serine/threonine-protein kinase	9	155	835	21521	1.4965346725903035	0.14932790815718494	AT2G40940, AT3G23150, AT3G27580, AT4G21410, AT4G24480, AT5G03730, AT5G23580, AT5G61560, AT5G63650	True	0.27528139153467673		False		Serine/threonine-protein kinase		ERS1, ETR2, ATPK7, CRK29, AT4G24480, CTR1, CDPK9, PUB51, SNRK2.5
w:guard	word	guard	2	155	95	21521	2.923056027164686	0.1496921852584878	AT4G26080, AT5G65640	True	0.27528139153467673		False		guard		ABI1, bHLH093
w:nodulin	word	nodulin	2	155	96	21521	2.8926075268817204	0.1521922127599479	AT4G30420, AT5G57920	True	0.2766482172620886		False		nodulin		UMAMIT34, ENODL10
w:activating	word	activating	3	155	187	21521	2.2274624805934105	0.1525602304102762	AT1G05010, AT2G19590, AT5G12050	True	0.2766482172620886		False		activating		EFE, ACO1, AT5G12050
w:galactose	word	galactose	3	155	187	21521	2.2274624805934105	0.1525602304102762	AT1G15670, AT1G19900, AT2G42530	True	0.2766482172620886		False		galactose		AT1G15670, RUBY, COR15B
w:downstream	word	downstream	3	155	187	21521	2.2274624805934105	0.1525602304102762	AT2G33460, AT2G44080, AT3G14230	True	0.2766482172620886		False		downstream		RIC1, ARL, RAP2.2
w:group	word	group	3	155	187	21521	2.2274624805934105	0.1525602304102762	AT2G40940, AT5G01210, AT5G61160	True	0.2766482172620886		False		group		ERS1, AT5G01210, AACT1
w:derivative	word	derivative	2	155	97	21521	2.8627868307283006	0.1547005152403567	AT1G28220, AT4G27730	True	0.27897516737249917		False		derivative		PUP3, OPT6
w:invertase	word	invertase	2	155	97	21521	2.8627868307283006	0.1547005152403567	AT2G47550, AT3G43270	True	0.27897516737249917		False		invertase		PME20, PME32
w:low	word	low	5	155	397	21521	1.748679613228244	0.15929691401206675	AT1G07260, AT2G16060, AT2G30070, AT3G23030, AT4G26080	True	0.2856905668696097		False		low		UGT71C3, HB1, KT1, IAA2, ABI1
w:nematode	word	nematode	2	155	99	21521	2.80495275333985	0.15974096212064198	AT1G43160, AT2G39350	True	0.2856905668696097		False		nematode		RAP2.6, ABCG1
w:asymmetric	word	asymmetric	2	155	99	21521	2.80495275333985	0.15974096212064198	AT2G33460, AT5G60990	True	0.2856905668696097		False		asymmetric		RIC1, RH10
w:repress	word	repress	2	155	100	21521	2.7769032258064517	0.16227262267817355	AT5G43170, AT5G60990	True	0.2889378463754851		False		repress		ZF3, RH10
w:molecule	word	molecule	4	155	294	21521	1.8890498134737765	0.16288815609800772	AT1G06080, AT1G64160, AT1G80840, AT3G14510	True	0.2889378463754851		False		molecule		ADS1, DIR5, WRKY40, AT3G14510
w:sugar	word	sugar	4	155	294	21521	1.8890498134737765	0.16288815609800772	AT1G08930, AT2G26740, AT4G24480, AT5G03730	True	0.2889378463754851		False		sugar		ERD6, SEH, AT4G24480, CTR1
w:cadmium	word	cadmium	2	155	101	21521	2.7494091344618337	0.1648115904680925	AT3G01970, AT4G38580	True	0.29155528639871797		False		cadmium		WRKY45, FP6
w:iron	word	iron	6	155	513	21521	1.6239200150914923	0.16621267946305354	AT1G05010, AT1G77330, AT2G16060, AT2G19590, AT5G09970, AT5G59540	True	0.29255772680135317		False		iron		EFE, AT1G77330, HB1, ACO1, CYP78A7, AT5G59540
p:water deprivation	phrase	water deprivation	5	155	403	21521	1.722644681021372	0.16627704902688276	AT1G08930, AT1G43160, AT2G41230, AT4G38410, AT5G13330	True	0.29255772680135317		False		water deprivation		ERD6, RAP2.6, ORS1, AT4G38410, Rap2.6L
p:potassium ion	phrase	potassium ion	2	155	103	21521	2.6960225493266523	0.1699105131272668	AT2G19590, AT2G30070	True	0.29814486265727946		False		potassium ion		ACO1, KT1
w:cytoplasm	word	cytoplasm	32	155	3753	21521	1.1838649510499126	0.17043438443558423	AT1G03430, AT1G05010, AT1G18100, AT1G22440, AT1G77330, AT1G79470, AT2G16060, AT2G19590, AT2G25690, AT2G29440, AT2G33460, AT2G41230, AT2G44080, AT3G11210, AT3G14510, AT3G21510, AT3G44260, AT3G59900, AT4G12770, AT4G23750, AT4G26080, AT4G26270, AT4G27730, AT5G01210, AT5G02760, AT5G05440, AT5G07000, AT5G18670, AT5G19890, AT5G20820, AT5G59540, AT5G61160	True	0.2982601727622724		False		cytoplasm		AHP5, EFE, E12A11, AT1G22440, AT1G77330, IMPDH, HB1, ACO1, FLZ11, GSTU6, RIC1, ORS1, ARL, CPRD49, AT3G14510, AHP1, CAF1a, ARGOS, AT4G12770, CRF2, ABI1, PFK3, OPT6, AT5G01210, PP2C67, PYL5, ST2B, BMY3, PER59, SAUR76, AT5G59540, AACT1
w:reduced	word	reduced	2	155	104	21521	2.6700992555831267	0.17247000804852655	AT2G29440, AT4G26080	True	0.2994079339722421		False		reduced		GSTU6, ABI1
p:blue light	phrase	blue light	2	155	104	21521	2.6700992555831267	0.17247000804852655	AT3G59220, AT5G53980	True	0.2994079339722421		False		blue light		PRN, HB52
p:shoot apical	phrase	shoot apical	2	155	104	21521	2.6700992555831267	0.17247000804852655	AT5G09970, AT5G60990	True	0.2994079339722421		False		shoot apical		CYP78A7, RH10
w:deprivation	word	deprivation	5	155	411	21521	1.6891138843104938	0.17577021015239128	AT1G08930, AT1G43160, AT2G41230, AT4G38410, AT5G13330	True	0.30432555002448597		False		deprivation		ERD6, RAP2.6, ORS1, AT4G38410, Rap2.6L
p:threonine phosphatase	phrase	threonine phosphatase	2	155	106	21521	2.619720024345709	0.17760793697450583	AT4G26080, AT5G02760	True	0.30669168957666654		False		threonine phosphatase		ABI1, PP2C67
k:Secreted	keyword	Secreted	10	155	992	21521	1.3996488033298646	0.17906462880082835	AT1G19900, AT1G49570, AT1G64160, AT2G39040, AT2G47550, AT3G11210, AT3G43270, AT4G20830, AT5G19890, AT5G64100	True	0.3083890829347599		False		Secreted		RUBY, PER10, DIR5, PER24, PME20, CPRD49, PME32, AT4G20830, PER59, PER69
w:inducible	word	inducible	2	155	109	21521	2.547617638354543	0.1853588792693634	AT3G23030, AT5G13330	True	0.31585235119829225		False		inducible		IAA2, Rap2.6L
w:conversion	word	conversion	3	155	206	21521	2.022016911994989	0.1859629548580442	AT1G79470, AT2G26740, AT2G44040	True	0.31585235119829225		False		conversion		IMPDH, SEH, DAPB1
w:root	word	root	10	155	1003	21521	1.3842987167529668	0.1875749667232029	AT1G43160, AT2G33460, AT2G47270, AT4G23750, AT4G26080, AT4G26270, AT5G03730, AT5G04340, AT5G39610, AT5G65450	True	0.31585235119829225		False		root		RAP2.6, RIC1, UPB1, CRF2, ABI1, PFK3, CTR1, ZAT6, NAC6, UBP17
w:dehydratase	word	dehydratase	2	155	110	21521	2.524457478005865	0.18795341298055043	AT1G23730, AT5G22630	True	0.31585235119829225		False		dehydratase		BCA3, ADT5
p:leucine zipper	phrase	leucine zipper	2	155	110	21521	2.524457478005865	0.18795341298055043	AT1G75390, AT5G53980	True	0.31585235119829225		False		leucine zipper		bZIP44, HB52
w:concentration	word	concentration	2	155	110	21521	2.524457478005865	0.18795341298055043	AT2G30070, AT3G23030	True	0.31585235119829225		False		concentration		KT1, IAA2
w:blue	word	blue	2	155	110	21521	2.524457478005865	0.18795341298055043	AT3G59220, AT5G53980	True	0.31585235119829225		False		blue		PRN, HB52
p:acyl group	phrase	acyl group	2	155	110	21521	2.524457478005865	0.18795341298055043	AT5G01210, AT5G61160	True	0.31585235119829225		False		acyl group		AT5G01210, AACT1
w:homeobox	word	homeobox	2	155	110	21521	2.524457478005865	0.18795341298055043	AT5G53980, AT5G60990	True	0.31585235119829225		False		homeobox		HB52, RH10
w:kinase	word	kinase	15	155	1617	21521	1.2879885091866659	0.1882499420352341	AT1G03430, AT1G18100, AT1G26270, AT2G40940, AT3G21510, AT3G23150, AT3G27580, AT3G60550, AT4G21410, AT4G24480, AT4G26080, AT5G03730, AT5G23580, AT5G61560, AT5G63650	True	0.31585235119829225		False		kinase		AHP5, E12A11, PI4KG5, ERS1, AHP1, ETR2, ATPK7, CYCP3;2, CRK29, AT4G24480, ABI1, CTR1, CDPK9, PUB51, SNRK2.5
w:zipper	word	zipper	2	155	112	21521	2.479377880184332	0.1931575526408922	AT1G75390, AT5G53980	True	0.32159991501079493		False		zipper		bZIP44, HB52
w:exhibit	word	exhibit	2	155	112	21521	2.479377880184332	0.1931575526408922	AT2G26740, AT2G42530	True	0.32159991501079493		False		exhibit		SEH, COR15B
p:pectin methylesterase	phrase	pectin methylesterase	2	155	112	21521	2.479377880184332	0.1931575526408922	AT2G47550, AT3G43270	True	0.32159991501079493		False		pectin methylesterase		PME20, PME32
w:proliferation	word	proliferation	3	155	211	21521	1.974101819293686	0.19505609592849027	AT2G41230, AT2G47270, AT3G59900	True	0.3239324450240999		False		proliferation		ORS1, UPB1, ARGOS
p:embryo sac	phrase	embryo sac	2	155	113	21521	2.457436483014559	0.19576674896722226	AT1G03430, AT3G21510	True	0.32428537806020785		False		embryo sac		AHP5, AHP1
w:acquired	word	acquired	2	155	114	21521	2.4358800226372384	0.1983804276297903	AT1G07260, AT4G26080	True	0.3277808588502373		False		acquired		UGT71C3, ABI1
p:lipolytic enzyme	phrase	lipolytic enzyme	2	155	116	21521	2.393882091212458	0.20362044166671311	AT1G49660, AT3G11210	True	0.33558710765830435		False		lipolytic enzyme		CXE5, CPRD49
p:salt stress	phrase	salt stress	5	155	434	21521	1.5995986323769884	0.20415828702496613	AT1G08930, AT1G43160, AT5G13330, AT5G39610, AT5G63650	True	0.33562385063952765		False		salt stress		ERD6, RAP2.6, Rap2.6L, NAC6, SNRK2.5
k:NAD	keyword	NAD	4	155	324	21521	1.714137793707686	0.2059487684383713	AT1G22440, AT1G79470, AT2G44040, AT5G44910	True	0.3365072651781174		False		NAD		AT1G22440, IMPDH, DAPB1, AT5G44910
w:glucosidase	word	glucosidase	2	155	117	21521	2.373421560518335	0.2062463883349752	AT1G60260, AT3G04010	True	0.3365072651781174		False		glucosidase		BGLU5, AT3G04010
w:oligopeptide	word	oligopeptide	2	155	117	21521	2.373421560518335	0.2062463883349752	AT4G27730, AT5G01180	True	0.3365072651781174		False		oligopeptide		OPT6, PTR5
k:Kinase	keyword	Kinase	11	155	1155	21521	1.3223348694316437	0.2112408267968171	AT1G26270, AT2G40940, AT3G23150, AT3G27580, AT4G21410, AT4G24480, AT4G26270, AT5G03730, AT5G23580, AT5G61560, AT5G63650	True	0.3437944456118198		False		Kinase		PI4KG5, ERS1, ETR2, ATPK7, CRK29, AT4G24480, PFK3, CTR1, CDPK9, PUB51, SNRK2.5
w:hydrolase	word	hydrolase	13	155	1404	21521	1.2856033452807647	0.21219377643651888	AT1G29130, AT1G48320, AT1G49660, AT1G60260, AT1G74290, AT2G18360, AT2G26740, AT3G04010, AT3G11210, AT3G44070, AT5G18670, AT5G61450, AT5G65450	True	0.3444841607485631		False		hydrolase		UP9, DHNAT1, CXE5, BGLU5, AT1G74290, AT2G18360, SEH, AT3G04010, CPRD49, AT3G44070, BMY3, MCI2.1, UBP17
w:identical	word	identical	3	155	221	21521	1.884775945117501	0.21355793577436022	AT1G09530, AT3G23030, AT4G23750	True	0.3458363586793744		False		identical		PIF3, IAA2, CRF2
w:seedling	word	seedling	3	155	222	21521	1.8762859633827376	0.2154291363793803	AT3G59220, AT4G26080, AT5G02760	True	0.3480009126128451		False		seedling		PRN, ABI1, PP2C67
w:compound	word	compound	5	155	444	21521	1.5635716361522811	0.2169596737516431	AT1G60260, AT2G04050, AT2G26740, AT3G23550, AT4G15550	True	0.3496058109215833		False		compound		BGLU5, DTX3, SEH, DTX18, IAGLU
w:sac	word	sac	2	155	123	21521	2.2576448990296356	0.22207337597207658	AT1G03430, AT3G21510	True	0.3569623895254861		False		sac		AHP5, AHP1
w:potassium	word	potassium	2	155	124	21521	2.2394380853277833	0.22472139412685416	AT2G19590, AT2G30070	True	0.36032913196202476		False		potassium		ACO1, KT1
w:cytosol	word	cytosol	18	155	2059	21521	1.2137993701922323	0.22688766817724063	AT1G03430, AT1G05010, AT1G15670, AT1G22440, AT1G23730, AT1G49660, AT2G16060, AT2G19590, AT2G29370, AT2G29440, AT2G42530, AT2G44040, AT3G21510, AT4G12770, AT4G20830, AT4G26220, AT4G26270, AT5G05880	True	0.3627918524020335		False		cytosol		AHP5, EFE, AT1G15670, AT1G22440, BCA3, CXE5, HB1, ACO1, AT2G29370, GSTU6, COR15B, DAPB1, AHP1, AT4G12770, AT4G20830, AT4G26220, PFK3, UGT76C4
w:lipolytic	word	lipolytic	2	155	125	21521	2.2215225806451615	0.22737185219666614	AT1G49660, AT3G11210	True	0.3627918524020335		False		lipolytic		CXE5, CPRD49
w:inhibit	word	inhibit	2	155	128	21521	2.1694556451612903	0.2353361656150064	AT1G43160, AT5G05440	True	0.37366791174480285		False		inhibit		RAP2.6, PYL5
k:Protein phosphatase	keyword	Protein phosphatase	2	155	128	21521	2.1694556451612903	0.2353361656150064	AT4G26080, AT5G02760	True	0.37366791174480285		False		Protein phosphatase		ABI1, PP2C67
p:cysteine rich	phrase	cysteine rich	2	155	131	21521	2.119773454814085	0.24331641300227866	AT1G50060, AT4G21410	True	0.3853989899379158		False		cysteine rich		AT1G50060, CRK29
w:drought	word	drought	2	155	132	21521	2.103714565004888	0.2459792850389663	AT2G42530, AT4G26080	True	0.3886711518455511		False		drought		COR15B, ABI1
p:dependent manner	phrase	dependent manner	3	155	240	21521	1.7355645161290323	0.24964811678433702	AT2G41230, AT2G42530, AT4G27730	True	0.3921580160173259		False		dependent manner		ORS1, COR15B, OPT6
w:reproductive	word	reproductive	3	155	240	21521	1.7355645161290323	0.24964811678433702	AT5G03730, AT5G09970, AT5G67060	True	0.3921580160173259		False		reproductive		CTR1, CYP78A7, HEC1
w:system	word	system	5	155	469	21521	1.480225600110049	0.24999320529522315	AT1G03430, AT1G77380, AT2G40940, AT3G21510, AT3G23150	True	0.3921580160173259		False		system		AHP5, AAP3, ERS1, AHP1, ETR2
w:methylesterase	word	methylesterase	2	155	134	21521	2.0723158401540687	0.2513082770807093	AT2G47550, AT3G43270	True	0.39327328937389844		False		methylesterase		PME20, PME32
w:inhibition	word	inhibition	2	155	135	21521	2.0569653524492235	0.2539740924622323	AT4G26080, AT5G05440	True	0.3964919285201756		False		inhibition		ABI1, PYL5
w:early	word	early	5	155	473	21521	1.4677078360499214	0.2553982517175192	AT1G08930, AT2G26070, AT3G23030, AT3G59220, AT5G57920	True	0.3977613920289593		False		early		ERD6, RTE1, IAA2, PRN, ENODL10
w:organism	word	organism	2	155	136	21521	2.041840607210626	0.25664058785028915	AT1G62630, AT3G23550	True	0.3987422975907834		False		organism		AT1G62630, DTX18
w:activate	word	activate	3	155	244	21521	1.7071126388154416	0.2573677205268736	AT1G06160, AT1G09530, AT4G26080	True	0.39891996681665415		False		activate		ORA59, PIF3, ABI1
w:cyclin	word	cyclin	2	155	137	21521	2.0269366611725923	0.25930761617258963	AT3G60550, AT4G37630	True	0.40097210956854124		False		cyclin		CYCP3;2, CYCD5;1
w:step	word	step	5	155	477	21521	1.455400013525394	0.26083236005091953	AT1G26270, AT1G48320, AT1G79470, AT2G26070, AT4G26270	True	0.4023740909790252		False		step		PI4KG5, DHNAT1, IMPDH, RTE1, PFK3
k:Amino-acid biosynthesis	keyword	Amino-acid biosynthesis	2	155	138	21521	2.012248714352501	0.26197503241307674	AT2G44040, AT5G22630	True	0.4031814328626784		False		Amino-acid biosynthesis		DAPB1, ADT5
w:bisphosphate	word	bisphosphate	2	155	139	21521	1.9977721048967279	0.26464269359026754	AT1G26270, AT4G26270	True	0.4063263998284532		False		bisphosphate		PI4KG5, PFK3
w:biosynthetic	word	biosynthetic	15	155	1734	21521	1.201082710123898	0.26696077529981604	AT1G05010, AT1G06080, AT1G09530, AT1G48320, AT1G64160, AT1G77330, AT1G78090, AT1G79470, AT2G19590, AT3G14510, AT4G26220, AT4G35150, AT5G03730, AT5G22630, AT5G65640	True	0.40892109345924765		False		biosynthetic		EFE, ADS1, PIF3, DHNAT1, DIR5, AT1G77330, TPPB, IMPDH, ACO1, AT3G14510, AT4G26220, AT4G35150, CTR1, ADT5, bHLH093
w:indole	word	indole	2	155	141	21521	1.9694349119194694	0.2699781888731531	AT3G23030, AT4G15550	True	0.41160609123284003		False		indole		IAA2, IAGLU
w:syringae	word	syringae	2	155	141	21521	1.9694349119194694	0.2699781888731531	AT4G26080, AT5G39610	True	0.41160609123284003		False		syringae		ABI1, NAC6
w:oxoglutarate	word	oxoglutarate	2	155	143	21521	1.9418903676968193	0.2753129980505009	AT1G77330, AT5G59540	True	0.41875878909083203		False		oxoglutarate		AT1G77330, AT5G59540
w:degradation	word	degradation	7	155	734	21521	1.3241364155752835	0.2784346618236165	AT1G49570, AT2G39040, AT3G56170, AT4G26080, AT5G19890, AT5G25350, AT5G64100	True	0.42251973157849493		False		degradation		PER10, PER24, CAN, ABI1, PER59, EBF2, PER69
p:glycosyl hydrolase	phrase	glycosyl hydrolase	4	155	372	21521	1.4929587235518558	0.2804409035356813	AT1G60260, AT3G04010, AT3G44070, AT5G18670	True	0.4245744841900664		False		glycosyl hydrolase		BGLU5, AT3G04010, AT3G44070, BMY3
p:apical meristem	phrase	apical meristem	2	155	146	21521	1.9019885108263368	0.2833115870531969	AT5G09970, AT5G60990	True	0.42792539018939957		False		apical meristem		CYP78A7, RH10
w:bond	word	bond	4	155	376	21521	1.4770761839396018	0.2868572366698617	AT1G48320, AT3G11210, AT3G56170, AT5G65450	True	0.4322779191483332		False		bond		DHNAT1, CPRD49, CAN, UBP17
w:differentiation	word	differentiation	4	155	382	21521	1.4538760344536397	0.29652175052249363	AT1G03430, AT2G47270, AT4G26270, AT5G65640	True	0.44493655886151473		False		differentiation		AHP5, UPB1, PFK3, bHLH093
w:direct	word	direct	2	155	151	21521	1.8390087588122195	0.29662437257434315	AT1G18100, AT3G27580	True	0.44493655886151473		False		direct		E12A11, ATPK7
w:oxygenase	word	oxygenase	2	155	152	21521	1.8269100169779287	0.299283094154762	AT1G77330, AT5G59540	True	0.44789263056264383		False		oxygenase		AT1G77330, AT5G59540
w:immunity	word	immunity	2	155	154	21521	1.8031839128613323	0.30459575788942306	AT2G26740, AT5G05190	True	0.4547977944633358		False		immunity		SEH, EDR4
w:alcohol	word	alcohol	2	155	155	21521	1.7915504682622267	0.30724947190075835	AT1G22440, AT1G64160	True	0.4577103116873998		False		alcohol		AT1G22440, DIR5
p:serine kinase	phrase	serine kinase	6	155	636	21521	1.3098600121728545	0.3095137571005144	AT3G27580, AT4G21410, AT5G03730, AT5G23580, AT5G61560, AT5G63650	True	0.4595574959300836		False		serine kinase		ATPK7, CRK29, CTR1, CDPK9, PUB51, SNRK2.5
k:Nuclease	keyword	Nuclease	2	155	156	21521	1.780066170388751	0.30990129141828987	AT3G44260, AT3G56170	True	0.4595574959300836		False		Nuclease		CAF1a, CAN
w:modulating	word	modulating	2	155	157	21521	1.7687281693034724	0.31255110660125107	AT5G05190, AT5G25350	True	0.4624335690850328		False		modulating		EDR4, EBF2
w:hypocotyl	word	hypocotyl	2	155	159	21521	1.7464800162304728	0.317844292880018	AT1G09530, AT3G27580	True	0.4683792521079972		False		hypocotyl		PIF3, ATPK7
w:peroxisome	word	peroxisome	3	155	275	21521	1.5146744868035191	0.31800864736057566	AT1G48320, AT2G29370, AT2G29440	True	0.4683792521079972		False		peroxisome		DHNAT1, AT2G29370, GSTU6
w:leave	word	leave	2	155	160	21521	1.7355645161290323	0.3204874525202669	AT4G23750, AT5G60990	True	0.46884793615886233		False		leave		CRF2, RH10
w:tyrosine	word	tyrosine	2	155	160	21521	1.7355645161290323	0.3204874525202669	AT4G24480, AT5G03730	True	0.46884793615886233		False		tyrosine		AT4G24480, CTR1
w:independent	word	independent	2	155	160	21521	1.7355645161290323	0.3204874525202669	AT4G35150, AT5G05440	True	0.46884793615886233		False		independent		AT4G35150, PYL5
w:reticulum	word	reticulum	9	155	1029	21521	1.214389165804571	0.323523909435254	AT1G06080, AT1G08930, AT2G26070, AT2G40940, AT2G41230, AT2G44080, AT3G23150, AT3G59900, AT5G03730	True	0.4701368559025553		False		reticulum		ADS1, ERD6, RTE1, ERS1, ORS1, ARL, ETR2, ARGOS, CTR1
p:endoplasmic reticulum	phrase	endoplasmic reticulum	9	155	1029	21521	1.214389165804571	0.323523909435254	AT1G06080, AT1G08930, AT2G26070, AT2G40940, AT2G41230, AT2G44080, AT3G23150, AT3G59900, AT5G03730	True	0.4701368559025553		False		endoplasmic reticulum		ADS1, ERD6, RTE1, ERS1, ORS1, ARL, ETR2, ARGOS, CTR1
w:donor	word	donor	5	155	522	21521	1.3299344951180323	0.3235350406211133	AT1G06080, AT4G20830, AT5G07000, AT5G09970, AT5G61160	True	0.4701368559025553		False		donor		ADS1, AT4G20830, ST2B, CYP78A7, AACT1
w:endoplasmic	word	endoplasmic	9	155	1031	21521	1.2120334157254153	0.32553967514270443	AT1G06080, AT1G08930, AT2G26070, AT2G40940, AT2G41230, AT2G44080, AT3G23150, AT3G59900, AT5G03730	True	0.4719962773227184		False		endoplasmic		ADS1, ERD6, RTE1, ERS1, ORS1, ARL, ETR2, ARGOS, CTR1
w:thr	word	thr	8	155	908	21521	1.2233053858178202	0.33128247532528315	AT3G27580, AT4G21410, AT4G24480, AT4G26080, AT5G03730, AT5G23580, AT5G61560, AT5G63650	True	0.47925531430390966		False		thr		ATPK7, CRK29, AT4G24480, ABI1, CTR1, CDPK9, PUB51, SNRK2.5
w:xylem	word	xylem	2	155	166	21521	1.6728332685581033	0.3362919318735233	AT1G28370, AT5G47220	True	0.4854236089792986		False		xylem		ERF11, ERF2
w:coat	word	coat	2	155	168	21521	1.6529185867895546	0.3415369988388371	AT1G75390, AT4G12770	True	0.4919039518674401		False		coat		bZIP44, AT4G12770
w:repression	word	repression	2	155	171	21521	1.623920015091492	0.3493803939191415	AT1G18100, AT3G23030	True	0.5009837807078439		False		repression		E12A11, IAA2
p:tube growth	phrase	tube growth	2	155	171	21521	1.623920015091492	0.3493803939191415	AT2G33460, AT5G01180	True	0.5009837807078439		False		tube growth		RIC1, PTR5
p:paired donor	phrase	paired donor	2	155	172	21521	1.6144786196549137	0.35198805000156025	AT1G06080, AT5G09970	True	0.5036136715406939		False		paired donor		ADS1, CYP78A7
k:Cell wall	keyword	Cell wall	3	155	293	21521	1.4216228118463063	0.3534341714355655	AT2G47550, AT3G43270, AT4G20830	True	0.5045737842205112		False		Cell wall		PME20, PME32, AT4G20830
k:GPI-anchor	keyword	GPI-anchor	2	155	173	21521	1.6051463732985272	0.3545921581884338	AT3G04010, AT5G57920	True	0.5051192450342897		False		GPI-anchor		AT3G04010, ENODL10
w:uptake	word	uptake	2	155	174	21521	1.5959213941416388	0.3571926345231813	AT2G30070, AT5G01180	True	0.505745267298478		False		uptake		KT1, PTR5
p:programmed cell	phrase	programmed cell	2	155	174	21521	1.5959213941416388	0.3571926345231813	AT3G56170, AT5G39610	True	0.505745267298478		False		programmed cell		CAN, NAC6
w:coa	word	coa	3	155	295	21521	1.4119846910880263	0.3573622472462364	AT1G48320, AT4G26220, AT5G61160	True	0.505745267298478		False		coa		DHNAT1, AT4G26220, AACT1
w:programmed	word	programmed	2	155	175	21521	1.5868018433179722	0.35978939642588886	AT3G56170, AT5G39610	True	0.5062466053721538		False		programmed		CAN, NAC6
w:transmembrane	word	transmembrane	14	155	1726	21521	1.1262064067581206	0.3617096911139649	AT1G08930, AT1G25530, AT1G28220, AT1G77380, AT2G04050, AT2G30070, AT2G39350, AT3G23550, AT3G47510, AT4G22840, AT4G23700, AT4G27730, AT4G30420, AT5G01180	True	0.5062466053721538		False		transmembrane		ERD6, AT1G25530, PUP3, AAP3, DTX3, KT1, ABCG1, DTX18, AT3G47510, BASS6, CHX17, OPT6, UMAMIT34, PTR5
w:phloem	word	phloem	2	155	176	21521	1.5777859237536658	0.36238236267807017	AT1G28370, AT5G47220	True	0.5062466053721538		False		phloem		ERF11, ERF2
w:confer	word	confer	2	155	176	21521	1.5777859237536658	0.36238236267807017	AT2G42530, AT5G05440	True	0.5062466053721538		False		confer		COR15B, PYL5
w:trigger	word	trigger	2	155	176	21521	1.5777859237536658	0.36238236267807017	AT3G25545, AT5G39610	True	0.5062466053721538		False		trigger		AT3G25545, NAC6
w:gibberellin	word	gibberellin	2	155	176	21521	1.5777859237536658	0.36238236267807017	AT5G03730, AT5G65640	True	0.5062466053721538		False		gibberellin		CTR1, bHLH093
w:light	word	light	6	155	679	21521	1.2269086417407002	0.364387668345032	AT1G09530, AT2G47270, AT3G59220, AT3G60530, AT4G26080, AT5G53980	True	0.5079579702197341		False		light		PIF3, UPB1, PRN, GATA4, ABI1, HB52
w:homeodomain	word	homeodomain	2	155	178	21521	1.5600579920260964	0.36755659007354313	AT5G28300, AT5G53980	True	0.5112806413202491		False		homeodomain		AT5G28300, HB52
w:transferase	word	transferase	8	155	946	21521	1.1741662688399372	0.3727136453798329	AT1G07260, AT2G16740, AT2G29440, AT2G39980, AT2G40940, AT3G44260, AT5G01210, AT5G61560	True	0.5173487913481263		False		transferase		UGT71C3, UBC29, GSTU6, AT2G39980, ERS1, CAF1a, AT5G01210, PUB51
w:phosphorylation	word	phosphorylation	3	155	305	21521	1.3656901110523532	0.3769502072865977	AT1G26270, AT3G27580, AT4G26270	True	0.5221161381778194		False		phosphorylation		PI4KG5, ATPK7, PFK3
p:lateral root	phrase	lateral root	2	155	182	21521	1.525771003190358	0.3778560710584652	AT2G33460, AT5G39610	True	0.5222596650935475		False		lateral root		RIC1, NAC6
w:paired	word	paired	2	155	185	21521	1.50102877070619	0.38553550833706624	AT1G06080, AT5G09970	True	0.5317449489987927		False		paired		ADS1, CYP78A7
w:glycosyl	word	glycosyl	4	155	438	21521	1.267992340550891	0.38781643664305115	AT1G60260, AT3G04010, AT3G44070, AT5G18670	True	0.53376004282162		False		glycosyl		BGLU5, AT3G04010, AT3G44070, BMY3
k:Transferase	keyword	Transferase	23	155	2977	21521	1.0727036310639635	0.39236452050864673	AT1G07260, AT1G26270, AT2G16740, AT2G29440, AT2G39980, AT2G40940, AT3G14510, AT3G23150, AT3G27580, AT4G15550, AT4G21410, AT4G24480, AT4G26220, AT4G26270, AT4G35150, AT5G01210, AT5G03730, AT5G05880, AT5G07000, AT5G23580, AT5G61160, AT5G61560, AT5G63650	True	0.5382555922608384		False		Transferase		UGT71C3, PI4KG5, UBC29, GSTU6, AT2G39980, ERS1, AT3G14510, ETR2, ATPK7, IAGLU, CRK29, AT4G24480, AT4G26220, PFK3, AT4G35150, AT5G01210, CTR1, UGT76C4, ST2B, CDPK9, AACT1, PUB51, SNRK2.5
w:lipid	word	lipid	6	155	701	21521	1.1884036629699508	0.3927364152440833	AT1G06080, AT2G26740, AT2G42530, AT3G11780, AT5G05440, AT5G57240	True	0.5382555922608384		False		lipid		ADS1, SEH, COR15B, AT3G11780, PYL5, ORP4C
w:late	word	late	2	155	189	21521	1.4692609660351594	0.39571095144803425	AT4G23700, AT5G54370	True	0.5404010105900409		False		late		CHX17, MDK4.20
w:regulating	word	regulating	4	155	443	21521	1.2536809145853054	0.3959620308009977	AT2G26740, AT5G05190, AT5G09970, AT5G13330	True	0.5404010105900409		False		regulating		SEH, EDR4, CYP78A7, Rap2.6L
k:Transport	keyword	Transport	15	155	1904	21521	1.093843182434264	0.39752189709292585	AT1G08930, AT1G25530, AT1G28220, AT1G77380, AT2G04050, AT2G16990, AT2G30070, AT2G39350, AT3G23550, AT4G22840, AT4G23700, AT4G27730, AT5G01180, AT5G12050, AT5G57240	True	0.5413948849529179		False		Transport		ERD6, AT1G25530, PUP3, AAP3, DTX3, AT2G16990, KT1, ABCG1, DTX18, BASS6, CHX17, OPT6, PTR5, AT5G12050, ORP4C
w:proton	word	proton	3	155	317	21521	1.3139920626844408	0.4002949123946719	AT1G77380, AT4G23700, AT5G01180	True	0.5440333778057023		False		proton		AAP3, CHX17, PTR5
w:glucan	word	glucan	2	155	192	21521	1.4463037634408602	0.40329238819119523	AT3G04010, AT5G18670	True	0.5469653014843084		False		glucan		AT3G04010, BMY3
k:Cell division	keyword	Cell division	2	155	193	21521	1.438809961557747	0.40580965019708937	AT3G60550, AT4G37630	True	0.548482408353082		False		Cell division		CYCP3;2, CYCD5;1
p:fatty acid	phrase	fatty acid	3	155	320	21521	1.3016733870967743	0.40609603813546163	AT1G05010, AT1G06080, AT2G19590	True	0.548482408353082		False		fatty acid		EFE, ADS1, ACO1
w:tube	word	tube	3	155	322	21521	1.293588459226608	0.4099545799132265	AT1G28220, AT2G33460, AT5G01180	True	0.5525474772743487		False		tube		PUP3, RIC1, PTR5
w:leaf	word	leaf	5	155	586	21521	1.1846856765385885	0.4148828953257277	AT2G42530, AT5G02760, AT5G39610, AT5G60990, AT5G65450	True	0.5580346381343981		False		leaf		COR15B, PP2C67, NAC6, RH10, UBP17
p:alpha beta	phrase	alpha beta	2	155	198	21521	1.402476376669925	0.4183191954606248	AT1G74290, AT2G18360	True	0.5614964871028181		False		alpha beta		AT1G74290, AT2G18360
w:polar	word	polar	2	155	200	21521	1.3884516129032258	0.4232861512175498	AT5G13330, AT5G67060	True	0.5660069504593793		False		polar		Rap2.6L, HEC1
w:hydrolysis	word	hydrolysis	5	155	592	21521	1.172678727114211	0.4234184099442669	AT1G48320, AT2G26740, AT2G39350, AT3G56170, AT5G60990	True	0.5660069504593793		False		hydrolysis		DHNAT1, SEH, ABCG1, CAN, RH10
w:phosphate	word	phosphate	6	155	727	21521	1.1459022940054133	0.42620993261921963	AT1G78090, AT1G79470, AT3G01970, AT4G26270, AT5G04340, AT5G49410	True	0.5681175417536547		False		phosphate		TPPB, IMPDH, WRKY45, PFK3, ZAT6, AT5G49410
w:phosphatase	word	phosphatase	4	155	462	21521	1.2021226085742216	0.42674266961219226	AT1G78090, AT4G26080, AT5G02760, AT5G05440	True	0.5681175417536547		False		phosphatase		TPPB, ABI1, PP2C67, PYL5
w:starvation	word	starvation	2	155	202	21521	1.3747045672309168	0.4282314064394387	AT2G19590, AT2G25690	True	0.5689360114123971		False		starvation		ACO1, FLZ11
w:actin	word	actin	2	155	203	21521	1.367932623549976	0.4306957701682597	AT2G33460, AT4G26080	True	0.5710446973106662		False		actin		RIC1, ABI1
w:udp	word	udp	3	155	334	21521	1.247112227158586	0.43293965971010034	AT1G07260, AT4G15550, AT5G05880	True	0.5722323755847689		False		udp		UGT71C3, IAGLU, UGT76C4
p:zinc finger	phrase	zinc finger	5	155	599	21521	1.1589746351445958	0.43334955631841954	AT2G25690, AT2G34140, AT3G60530, AT5G04340, AT5G43170	True	0.5722323755847689		False		zinc finger		FLZ11, CDF4, GATA4, ZAT6, ZF3
p:osmotic stress	phrase	osmotic stress	2	155	205	21521	1.3545869394177814	0.43560772619538096	AT1G43160, AT5G63650	True	0.5740498577999859		False		osmotic stress		RAP2.6, SNRK2.5
w:amino	word	amino	4	155	472	21521	1.176653909240022	0.44279412036425375	AT1G25530, AT1G77380, AT5G01210, AT5G61160	True	0.5823413582972308		False		amino		AT1G25530, AAP3, AT5G01210, AACT1
k:Hydrolase	keyword	Hydrolase	17	155	2236	21521	1.0556206359282128	0.44486587932484817	AT1G48320, AT1G49660, AT1G60260, AT1G78090, AT2G26740, AT2G47550, AT3G04010, AT3G11210, AT3G43270, AT3G44070, AT3G44260, AT3G56170, AT4G26080, AT5G02760, AT5G60990, AT5G61450, AT5G65450	True	0.5832859634343392		False		Hydrolase		DHNAT1, CXE5, BGLU5, TPPB, SEH, PME20, AT3G04010, CPRD49, PME32, AT3G44070, CAF1a, CAN, ABI1, PP2C67, RH10, MCI2.1, UBP17
w:lysine	word	lysine	2	155	209	21521	1.3286618305294027	0.44536324902340496	AT1G25530, AT5G03670	True	0.5832859634343392		False		lysine		AT1G25530, TRM28
w:methyltransferase	word	methyltransferase	3	155	341	21521	1.2215116829060637	0.44620032225852674	AT4G26220, AT4G35150, AT5G03670	True	0.5832859634343392		False		methyltransferase		AT4G26220, AT4G35150, TRM28
p:serine threonine	phrase	serine threonine	8	155	1023	21521	1.0857881625831678	0.4574210384643037	AT3G23150, AT3G27580, AT4G24480, AT4G26080, AT5G02760, AT5G03730, AT5G23580, AT5G63650	True	0.5956258681166026		False		serine threonine		ETR2, ATPK7, AT4G24480, ABI1, PP2C67, CTR1, CDPK9, SNRK2.5
w:reaction	word	reaction	3	155	347	21521	1.2003904434321837	0.4574699447900173	AT1G09530, AT1G50060, AT1G64160	True	0.5956258681166026		False		reaction		PIF3, AT1G50060, DIR5
w:cysteine	word	cysteine	4	155	483	21521	1.1498564082014293	0.46029800033822316	AT1G50060, AT4G21410, AT5G40590, AT5G65450	True	0.5981117728945774		False		cysteine		AT1G50060, CRK29, MNF13.11, UBP17
p:ser thr	phrase	ser thr	7	155	892	21521	1.0895920729061188	0.4631797109129338	AT3G27580, AT4G21410, AT4G24480, AT5G03730, AT5G23580, AT5G61560, AT5G63650	True	0.5995426225327828		False		ser thr		ATPK7, CRK29, AT4G24480, CTR1, CDPK9, PUB51, SNRK2.5
p:threonine kinase	phrase	threonine kinase	6	155	756	21521	1.1019457245263697	0.4632410739385403	AT3G23150, AT3G27580, AT4G24480, AT5G03730, AT5G23580, AT5G63650	True	0.5995426225327828		False		threonine kinase		ETR2, ATPK7, AT4G24480, CTR1, CDPK9, SNRK2.5
p:cell differentiation	phrase	cell differentiation	2	155	220	21521	1.2622287390029325	0.4717009417849607	AT1G03430, AT4G26270	True	0.6087022215302293		False		cell differentiation		AHP5, PFK3
w:fatty	word	fatty	3	155	355	21521	1.1733393911858245	0.4723459614723694	AT1G05010, AT1G06080, AT2G19590	True	0.6087022215302293		False		fatty		EFE, ADS1, ACO1
p:molecular oxygen	phrase	molecular oxygen	2	155	221	21521	1.2565172967450007	0.4740584121594873	AT1G06080, AT5G09970	True	0.6087022215302293		False		molecular oxygen		ADS1, CYP78A7
w:condition	word	condition	2	155	221	21521	1.2565172967450007	0.4740584121594873	AT2G16060, AT5G03730	True	0.6087022215302293		False		condition		HB1, CTR1
w:translocation	word	translocation	2	155	226	21521	1.2287182415072795	0.4857507086154984	AT4G27730, AT5G03730	True	0.6217877364117834		False		translocation		OPT6, CTR1
w:threonine	word	threonine	8	155	1050	21521	1.057867895545315	0.48680457582245545	AT3G23150, AT3G27580, AT4G24480, AT4G26080, AT5G02760, AT5G03730, AT5G23580, AT5G63650	True	0.6217877364117834		False		threonine		ETR2, ATPK7, AT4G24480, ABI1, PP2C67, CTR1, CDPK9, SNRK2.5
k:S-adenosyl-L-methionine	keyword	S-adenosyl-L-methionine	2	155	227	21521	1.2233053858178202	0.48806994363505585	AT4G26220, AT4G35150	True	0.6217877364117834		False		S-adenosyl-L-methionine		AT4G26220, AT4G35150
w:sam	word	sam	2	155	227	21521	1.2233053858178202	0.48806994363505585	AT4G26220, AT4G35150	True	0.6217877364117834		False		sam		AT4G26220, AT4G35150
w:precursor	word	precursor	3	155	365	21521	1.141193106495802	0.4906805486778182	AT1G26270, AT2G39350, AT5G65450	True	0.6238797482468081		False		precursor		PI4KG5, ABCG1, UBP17
k:Lipoprotein	keyword	Lipoprotein	4	155	503	21521	1.1041364714936188	0.49162874170601006	AT3G04010, AT3G56170, AT4G38580, AT5G57920	True	0.6238797482468081		False		Lipoprotein		AT3G04010, CAN, FP6, ENODL10
w:polysaccharide	word	polysaccharide	2	155	229	21521	1.21262149598535	0.4926889593523131	AT4G26220, AT5G18670	True	0.6240087792575016		False		polysaccharide		AT4G26220, BMY3
k:Ubl conjugation	keyword	Ubl conjugation	2	155	230	21521	1.2073492286115006	0.4949886858534561	AT3G23150, AT5G39610	True	0.6257041446419416		False		Ubl conjugation		ETR2, NAC6
w:active	word	active	3	155	368	21521	1.131889901823282	0.49612114795423135	AT1G48320, AT1G64160, AT5G07000	True	0.6259202855003965		False		active		DHNAT1, DIR5, ST2B
w:finger	word	finger	5	155	648	21521	1.0713361210673038	0.5016162902673299	AT2G25690, AT2G34140, AT3G60530, AT5G04340, AT5G43170	True	0.6316290231412607		False		finger		FLZ11, CDF4, GATA4, ZAT6, ZF3
w:maintenance	word	maintenance	3	155	372	21521	1.1197190426638919	0.5033305612212283	AT2G34140, AT5G02760, AT5G39610	True	0.632564083696949		False		maintenance		CDF4, PP2C67, NAC6
w:development	word	development	17	155	2321	21521	1.016961543272505	0.5089837871178674	AT1G43160, AT2G33460, AT2G36080, AT2G41230, AT2G47270, AT3G21510, AT3G27580, AT3G59220, AT4G23750, AT5G03730, AT5G04340, AT5G09970, AT5G13330, AT5G39610, AT5G60990, AT5G65450, AT5G67060	True	0.6384363110091169		False		development		RAP2.6, RIC1, ABS2, ORS1, UPB1, AHP1, ATPK7, PRN, CRF2, CTR1, ZAT6, CYP78A7, Rap2.6L, NAC6, RH10, UBP17, HEC1
w:export	word	export	2	155	237	21521	1.1716891248128487	0.5109018386751625	AT2G04050, AT3G23550	True	0.6396098018798669		False		export		DTX3, DTX18
w:ser	word	ser	7	155	935	21521	1.0394824909435914	0.512878066554517	AT3G27580, AT4G21410, AT4G24480, AT5G03730, AT5G23580, AT5G61560, AT5G63650	True	0.6408514804740701		False		ser		ATPK7, CRK29, AT4G24480, CTR1, CDPK9, PUB51, SNRK2.5
w:phase	word	phase	2	155	242	21521	1.147480671820848	0.5220672966720563	AT2G42530, AT5G03730	True	0.6510839274588288		False		phase		COR15B, CTR1
w:vegetative	word	vegetative	2	155	243	21521	1.1427585291384574	0.5242800163076259	AT4G26080, AT5G03730	True	0.6525932898972552		False		vegetative		ABI1, CTR1
w:ester	word	ester	2	155	248	21521	1.1197190426638917	0.5352407921209397	AT1G49660, AT3G11210	True	0.6636985822299651		False		ester		CXE5, CPRD49
p:cell death	phrase	cell death	2	155	248	21521	1.1197190426638917	0.5352407921209397	AT3G56170, AT5G39610	True	0.6636985822299651		False		cell death		CAN, NAC6
w:acyltransferase	word	acyltransferase	2	155	250	21521	1.1107612903225808	0.5395768279379443	AT5G01210, AT5G61160	True	0.6678032604327029		False		acyltransferase		AT5G01210, AACT1
w:possesse	word	possesse	2	155	253	21521	1.097590207828637	0.5460288086827334	AT1G07260, AT3G56170	True	0.6732287016145065		False		possesse		UGT71C3, CAN
w:calmodulin	word	calmodulin	2	155	253	21521	1.097590207828637	0.5460288086827334	AT5G23580, AT5G28300	True	0.6732287016145065		False		calmodulin		CDPK9, AT5G28300
w:wall	word	wall	8	155	1107	21521	1.0033977329020602	0.5473401415586852	AT1G19900, AT2G16060, AT2G39350, AT2G47550, AT3G43270, AT4G20830, AT4G26220, AT5G64100	True	0.6735698150372478		False		wall		RUBY, HB1, ABCG1, PME20, PME32, AT4G20830, AT4G26220, PER69
w:oxygen	word	oxygen	4	155	543	21521	1.022800451494089	0.5518910397720895	AT1G06080, AT2G16060, AT4G20830, AT5G09970	True	0.6764581185614237		False		oxygen		ADS1, HB1, AT4G20830, CYP78A7
w:primary	word	primary	2	155	256	21521	1.0847278225806452	0.5524180083359036	AT2G33460, AT5G04340	True	0.6764581185614237		False		primary		RIC1, ZAT6
w:serine	word	serine	10	155	1395	21521	0.9953058157012371	0.5528044839856796	AT3G23150, AT3G27580, AT4G21410, AT4G24480, AT4G26080, AT5G02760, AT5G03730, AT5G23580, AT5G61560, AT5G63650	True	0.6764581185614237		False		serine		ETR2, ATPK7, CRK29, AT4G24480, ABI1, PP2C67, CTR1, CDPK9, PUB51, SNRK2.5
w:metal	word	metal	3	155	401	21521	1.0387418550398198	0.5539581070752168	AT1G79470, AT4G27730, AT4G38580	True	0.676597988191306		False		metal		IMPDH, OPT6, FP6
w:extracellular	word	extracellular	13	155	1822	21521	0.9906625119507101	0.5561730861145533	AT1G05010, AT1G49570, AT1G50060, AT1G64160, AT2G39040, AT2G47550, AT3G11210, AT3G23150, AT4G11650, AT4G20830, AT5G18670, AT5G19890, AT5G64100	True	0.6780312341958318		False		extracellular		EFE, PER10, AT1G50060, DIR5, PER24, PME20, CPRD49, ETR2, OSM34, AT4G20830, BMY3, PER59, PER69
w:lateral	word	lateral	2	155	259	21521	1.0721634076472786	0.5587441357336996	AT2G33460, AT5G39610	True	0.6786390352684079		False		lateral		RIC1, NAC6
w:beta	word	beta	8	155	1119	21521	0.9926374354982848	0.559741237649027	AT1G23730, AT1G60260, AT1G74290, AT2G18360, AT3G04010, AT4G15550, AT5G18670, AT5G65640	True	0.6786390352684079		False		beta		BCA3, BGLU5, AT1G74290, AT2G18360, AT3G04010, IAGLU, BMY3, bHLH093
k:Cell cycle	keyword	Cell cycle	2	155	260	21521	1.0680397022332506	0.5608387844280788	AT3G60550, AT4G37630	True	0.6786390352684079		False		Cell cycle		CYCP3;2, CYCD5;1
k:Receptor	keyword	Receptor	4	155	550	21521	1.0097829912023462	0.5620552184970776	AT2G40940, AT3G23150, AT4G21410, AT5G05440	True	0.6786390352684079		False		Receptor		ERS1, ETR2, CRK29, PYL5
w:nucleoside	word	nucleoside	2	155	261	21521	1.0639475960944258	0.5629263887019051	AT1G28220, AT5G61450	True	0.6786390352684079		False		nucleoside		PUP3, MCI2.1
w:death	word	death	2	155	261	21521	1.0639475960944258	0.5629263887019051	AT3G56170, AT5G39610	True	0.6786390352684079		False		death		CAN, NAC6
w:reductase	word	reductase	3	155	407	21521	1.023428707299675	0.5640497803622863	AT2G16060, AT2G29370, AT2G44040	True	0.6787364270163556		False		reductase		HB1, AT2G29370, DAPB1
w:nuclear	word	nuclear	5	155	704	21521	0.986116202346041	0.5755144107488199	AT1G53450, AT1G77380, AT2G36080, AT3G44260, AT4G38580	True	0.6912543937222911		False		nuclear		AT1G53450, AAP3, ABS2, CAF1a, FP6
w:pollen	word	pollen	5	155	709	21521	0.9791619272942352	0.5818383897364442	AT1G28220, AT2G33460, AT2G39350, AT3G27580, AT5G01180	True	0.6975631523359579		False		pollen		PUP3, RIC1, ABCG1, ATPK7, PTR5
p:zinc ion	phrase	zinc ion	4	155	571	21521	0.9726456132421898	0.5917889417735553	AT1G22440, AT1G23730, AT3G60520, AT3G60530	True	0.7081886049532804		False		zinc ion		AT1G22440, BCA3, AT3G60520, GATA4
k:Glycoprotein	keyword	Glycoprotein	14	155	2012	21521	0.9661194125569165	0.5945989315212119	AT1G49570, AT1G60260, AT1G64160, AT2G39040, AT2G42530, AT2G47550, AT3G04010, AT3G11210, AT3G43270, AT4G20830, AT4G21410, AT5G19890, AT5G57920, AT5G64100	True	0.7102456961840531		False		Glycoprotein		PER10, BGLU5, DIR5, PER24, COR15B, PME20, AT3G04010, CPRD49, PME32, AT4G20830, CRK29, PER59, ENODL10, PER69
w:secretory	word	secretory	2	155	279	21521	0.9953058157012372	0.5992919823628288	AT1G50060, AT4G11650	True	0.7132341508559443		False		secretory		AT1G50060, OSM34
w:carrier	word	carrier	2	155	279	21521	0.9953058157012372	0.5992919823628288	AT2G16740, AT5G04520	True	0.7132341508559443		False		carrier		UBC29, AT5G04520
w:embryo	word	embryo	4	155	587	21521	0.9461339781282629	0.61364051402788	AT1G03430, AT1G18100, AT3G21510, AT4G23750	True	0.7289780558980837		False		embryo		AHP5, E12A11, AHP1, CRF2
w:zinc	word	zinc	8	155	1176	21521	0.9445249067368883	0.6165728456042149	AT1G22440, AT1G23730, AT2G25690, AT2G34140, AT3G60520, AT3G60530, AT5G04340, AT5G43170	True	0.7311273633667467		False		zinc		AT1G22440, BCA3, FLZ11, CDF4, AT3G60520, GATA4, ZAT6, ZF3
p:cell wall	phrase	cell wall	7	155	1037	21521	0.9372383115065169	0.6232890345878679	AT1G19900, AT2G16060, AT2G47550, AT3G43270, AT4G20830, AT4G26220, AT5G64100	True	0.7369006498379514		False		cell wall		RUBY, HB1, PME20, PME32, AT4G20830, AT4G26220, PER69
w:glycosyltransferase	word	glycosyltransferase	3	155	445	21521	0.9360347952156579	0.624664524680238	AT1G07260, AT4G15550, AT5G05880	True	0.7369006498379514		False		glycosyltransferase		UGT71C3, IAGLU, UGT76C4
k:ATP-binding	keyword	ATP-binding	14	155	2052	21521	0.9472866754700371	0.6248374173741156	AT1G26270, AT1G62630, AT2G39350, AT2G40940, AT3G23150, AT3G27580, AT4G21410, AT4G24480, AT4G26270, AT5G03730, AT5G23580, AT5G60990, AT5G61560, AT5G63650	True	0.7369006498379514		False		ATP-binding		PI4KG5, AT1G62630, ABCG1, ERS1, ETR2, ATPK7, CRK29, AT4G24480, PFK3, CTR1, CDPK9, RH10, PUB51, SNRK2.5
w:transition	word	transition	2	155	293	21521	0.9477485412308709	0.6259839196725899	AT2G42530, AT5G03730	True	0.7369177788550743		False		transition		COR15B, CTR1
k:Lyase	keyword	Lyase	2	155	296	21521	0.9381429816913688	0.6315226619373508	AT1G23730, AT5G22630	True	0.742096124406526		False		Lyase		BCA3, ADT5
k:NADP	keyword	NADP	2	155	297	21521	0.9349842511132834	0.6333547660357237	AT2G29370, AT2G44040	True	0.7429080228635246		False		NADP		AT2G29370, DAPB1
k:Methyltransferase	keyword	Methyltransferase	2	155	299	21521	0.9287301758550005	0.6369977930619544	AT4G26220, AT4G35150	True	0.7458373440347703		False		Methyltransferase		AT4G26220, AT4G35150
k:Coiled coil	keyword	Coiled coil	10	155	1494	21521	0.929351815865613	0.6408276758888374	AT1G23730, AT1G62630, AT1G77330, AT2G19590, AT3G51410, AT4G12770, AT5G05190, AT5G28300, AT5G40590, AT5G61560	True	0.7489745368108315		False		Coiled coil		BCA3, AT1G62630, AT1G77330, ACO1, AT3G51410, AT4G12770, EDR4, AT5G28300, MNF13.11, PUB51
k:Glycosyltransferase	keyword	Glycosyltransferase	3	155	461	21521	0.9035476873556785	0.64841563059537	AT1G07260, AT4G15550, AT5G05880	True	0.7564849023612651		False		Glycosyltransferase		UGT71C3, IAGLU, UGT76C4
w:dehydrogenase	word	dehydrogenase	3	155	464	21521	0.8977057842046718	0.6527495465166478	AT1G22440, AT1G79470, AT2G29370	True	0.7591627739775866		False		dehydrogenase		AT1G22440, IMPDH, AT2G29370
w:shoot	word	shoot	2	155	308	21521	0.9015919564306661	0.6530432464323326	AT5G09970, AT5G60990	True	0.7591627739775866		False		shoot		CYP78A7, RH10
w:pectin	word	pectin	2	155	310	21521	0.8957752341311134	0.6565318937824379	AT2G47550, AT3G43270	True	0.7617792483146075		False		pectin		PME20, PME32
w:control	word	control	4	155	621	21521	0.894332761934445	0.6576343126771266	AT3G44260, AT4G23700, AT4G26080, AT5G04340	True	0.7617792483146075		False		control		CAF1a, CHX17, ABI1, ZAT6
p:pollen tube	phrase	pollen tube	2	155	317	21521	0.8759947084562939	0.6685233001141133	AT2G33460, AT5G01180	True	0.7730171729561062		False		pollen tube		RIC1, PTR5
w:mitochondrion	word	mitochondrion	15	155	2271	21521	0.9170750415477052	0.6773779684812988	AT1G06080, AT1G08930, AT1G79470, AT2G26070, AT2G29370, AT2G41230, AT2G44080, AT2G47270, AT3G02490, AT3G59900, AT4G20830, AT4G30420, AT5G02760, AT5G05880, AT5G57920	True	0.7818671231938397		False		mitochondrion		ADS1, ERD6, IMPDH, RTE1, AT2G29370, ORS1, ARL, UPB1, AT3G02490, ARGOS, AT4G20830, UMAMIT34, PP2C67, UGT76C4, ENODL10
p:metal ion	phrase	metal ion	2	155	326	21521	0.8518108054621017	0.6834450323317504	AT1G79470, AT4G38580	True	0.7874738337132203		False		metal ion		IMPDH, FP6
p:calcium ion	phrase	calcium ion	2	155	327	21521	0.8492058794515143	0.6850688925637	AT4G26080, AT5G23580	True	0.7879502633550683		False		calcium ion		ABI1, CDPK9
p:amino acid	phrase	amino acid	2	155	328	21521	0.8466168371361132	0.6866859753164475	AT1G25530, AT1G77380	True	0.7884172309188842		False		amino acid		AT1G25530, AAP3
w:ion	word	ion	13	155	1996	21521	0.9043021526924818	0.6891112611089922	AT1G22440, AT1G23730, AT1G79470, AT2G19590, AT2G30070, AT3G01970, AT3G60520, AT3G60530, AT4G26080, AT4G38580, AT5G04340, AT5G09970, AT5G23580	True	0.789808857362595		False		ion		AT1G22440, BCA3, IMPDH, ACO1, KT1, WRKY45, AT3G60520, GATA4, ABI1, FP6, ZAT6, CYP78A7, CDPK9
w:acceptor	word	acceptor	2	155	334	21521	0.8314081514390573	0.6962468662214601	AT4G20830, AT5G61160	True	0.7965847274343947		False		acceptor		AT4G20830, AACT1
w:meristem	word	meristem	3	155	497	21521	0.8380995651327319	0.6979207315725859	AT2G36080, AT5G09970, AT5G60990	True	0.7970989407960587		False		meristem		ABS2, CYP78A7, RH10
k:Glycosidase	keyword	Glycosidase	2	155	339	21521	0.8191454943381864	0.704030313982041	AT1G60260, AT3G04010	True	0.8026685366064951		False		Glycosidase		BGLU5, AT3G04010
w:reduction	word	reduction	2	155	344	21521	0.8072393098274568	0.7116483967029232	AT1G06080, AT5G09970	True	0.8099355004433619		False		reduction		ADS1, CYP78A7
w:flowering	word	flowering	2	155	345	21521	0.8048994857410006	0.7131523304791183	AT1G25560, AT2G34140	True	0.8102306581883176		False		flowering		TEM1, CDF4
p:nucleic acid	phrase	nucleic acid	3	155	519	21521	0.8025731866492635	0.7254996142393597	AT3G44260, AT3G56170, AT5G60990	True	0.8213917371649099		False		nucleic acid		CAF1a, CAN, RH10
w:nucleic	word	nucleic	3	155	519	21521	0.8025731866492635	0.7254996142393597	AT3G44260, AT3G56170, AT5G60990	True	0.8213917371649099		False		nucleic		CAF1a, CAN, RH10
k:Manganese	keyword	Manganese	2	155	355	21521	0.7822262607905497	0.7278353056058361	AT4G26080, AT5G02760	True	0.8226055276899293		False		Manganese		ABI1, PP2C67
w:catalyz	word	catalyz	8	155	1311	21521	0.8472626165694741	0.7343076552374449	AT1G48320, AT1G79470, AT2G16740, AT2G26740, AT2G44040, AT3G14510, AT3G56170, AT4G26270	True	0.8272497841395797		False		catalyz		DHNAT1, IMPDH, UBC29, SEH, DAPB1, AT3G14510, CAN, PFK3
k:Ion transport	keyword	Ion transport	2	155	360	21521	0.7713620071684588	0.7349369972444337	AT2G30070, AT4G23700	True	0.8272497841395797		False		Ion transport		KT1, CHX17
k:Magnesium	keyword	Magnesium	4	155	691	21521	0.8037346529106951	0.7372683791464456	AT3G14510, AT4G26080, AT4G26270, AT5G02760	True	0.8272497841395797		False		Magnesium		AT3G14510, ABI1, PFK3, PP2C67
w:gtpase	word	gtpase	2	155	362	21521	0.7671003386205667	0.7377335606284177	AT2G33460, AT5G12050	True	0.8272497841395797		False		gtpase		RIC1, AT5G12050
w:synthase	word	synthase	4	155	692	21521	0.8025731866492636	0.7382981944471518	AT3G14230, AT3G14510, AT5G04520, AT5G49410	True	0.8272497841395797		False		synthase		RAP2.2, AT3G14510, AT5G04520, AT5G49410
w:morphogenesis	word	morphogenesis	2	155	364	21521	0.762885501595179	0.7405051179583749	AT1G09530, AT2G33460	True	0.828296961840038		False		morphogenesis		PIF3, RIC1
p:ubiquitin ligase	phrase	ubiquitin ligase	2	155	365	21521	0.7607954043305347	0.7418815618662569	AT5G25350, AT5G61560	True	0.8284132020153229		False		ubiquitin ligase		EBF2, PUB51
w:plasmodesma	word	plasmodesma	4	155	700	21521	0.7934009216589861	0.7464283826484108	AT2G16060, AT4G20830, AT4G38580, AT5G64100	True	0.8320631457262251		False		plasmodesma		HB1, AT4G20830, FP6, PER69
w:calcium	word	calcium	3	155	538	21521	0.7742295239237319	0.7477160482243053	AT3G56170, AT4G26080, AT5G23580	True	0.8320737562290986		False		calcium		CAN, ABI1, CDPK9
k:Nucleotide-binding	keyword	Nucleotide-binding	15	155	2395	21521	0.8695939120479493	0.7542714508275943	AT1G26270, AT1G62630, AT2G39350, AT2G40940, AT3G23150, AT3G27580, AT4G20830, AT4G21410, AT4G24480, AT4G26270, AT5G03730, AT5G23580, AT5G60990, AT5G61560, AT5G63650	True	0.8379363728477199		False		Nucleotide-binding		PI4KG5, AT1G62630, ABCG1, ERS1, ETR2, ATPK7, AT4G20830, CRK29, AT4G24480, PFK3, CTR1, CDPK9, RH10, PUB51, SNRK2.5
w:activation	word	activation	2	155	377	21521	0.7365791049884487	0.757920238720923	AT1G75390, AT2G33460	True	0.8405554947313814		False		activation		bZIP44, RIC1
w:accumulation	word	accumulation	2	155	379	21521	0.7326921440122564	0.7605086731539534	AT1G78090, AT4G26080	True	0.8419917452775914		False		accumulation		TPPB, ABI1
w:endosome	word	endosome	2	155	387	21521	0.7175460531799617	0.770625740103369	AT4G23700, AT5G05190	True	0.8517442390616183		False		endosome		CHX17, EDR4
w:target	word	target	3	155	562	21521	0.741166341407416	0.773716279086321	AT2G33460, AT5G25350, AT5G39610	True	0.8537106740427033		False		target		RIC1, EBF2, NAC6
k:Zinc	keyword	Zinc	9	155	1527	21521	0.8183408327523926	0.7785660370606862	AT1G22440, AT1G23730, AT2G25690, AT2G34140, AT3G01970, AT3G60530, AT5G04340, AT5G43170, AT5G65450	True	0.8575892770564533		False		Zinc		AT1G22440, BCA3, FLZ11, CDF4, WRKY45, GATA4, ZAT6, ZF3, UBP17
w:modification	word	modification	3	155	568	21521	0.7333371194911404	0.779866132131214	AT1G19900, AT2G47550, AT3G43270	True	0.8575892770564533		False		modification		RUBY, PME20, PME32
k:Ubl conjugation pathway	keyword	Ubl conjugation pathway	4	155	739	21521	0.7515299663887555	0.7833440896744033	AT2G16740, AT5G25350, AT5G61560, AT5G65450	True	0.859961218175441		False		Ubl conjugation pathway		UBC29, EBF2, PUB51, UBP17
w:apoplast	word	apoplast	2	155	405	21521	0.6856551174830745	0.7920448308258641	AT1G64160, AT4G20830	True	0.8680491327738006		False		apoplast		DIR5, AT4G20830
w:ubiquitination	word	ubiquitination	3	155	585	21521	0.7120264681555004	0.7965526129140182	AT2G16740, AT5G25350, AT5G61560	True	0.8698268817349133		False		ubiquitination		UBC29, EBF2, PUB51
w:cytoplasmic	word	cytoplasmic	2	155	410	21521	0.6772934697088907	0.7976753431578236	AT1G05010, AT2G33460	True	0.8698268817349133		False		cytoplasmic		EFE, RIC1
k:Cell wall biogenesis/degradation	keyword	Cell wall biogenesis/degradation	2	155	410	21521	0.6772934697088907	0.7976753431578236	AT2G47550, AT3G43270	True	0.8698268817349133		False		Cell wall biogenesis/degradation		PME20, PME32
w:synthesis	word	synthesis	3	155	591	21521	0.7047977730473227	0.8021867598186565	AT1G64160, AT1G79470, AT4G26220	True	0.8732835796688051		False		synthesis		DIR5, IMPDH, AT4G26220
w:molecular	word	molecular	2	155	417	21521	0.665924034965576	0.8053328094116857	AT1G06080, AT5G09970	True	0.8749500863113094		False		molecular		ADS1, CYP78A7
w:histone	word	histone	2	155	418	21521	0.6643309152647013	0.806405609503511	AT1G09530, AT5G03670	True	0.8749500863113094		False		histone		PIF3, TRM28
w:polymerase	word	polymerase	3	155	602	21521	0.6919194084235345	0.8121790173581442	AT1G19530, AT5G04340, AT5G53980	True	0.8797479871882726		False		polymerase		AT1G19530, ZAT6, HB52
p:chloroplast stroma	phrase	chloroplast stroma	3	155	606	21521	0.6873522836154583	0.8157062367928505	AT2G42530, AT2G44040, AT5G22630	True	0.8821009304852917		False		chloroplast stroma		COR15B, DAPB1, ADT5
w:seed	word	seed	5	155	954	21521	0.727700006762697	0.8221325152466279	AT1G18100, AT1G75390, AT3G59220, AT4G26080, AT5G39610	True	0.8864999829835513		False		seed		E12A11, bZIP44, PRN, ABI1, NAC6
w:carbohydrate	word	carbohydrate	3	155	614	21521	0.6783965535357781	0.8225937751704762	AT1G08930, AT1G60260, AT5G57920	True	0.8864999829835513		False		carbohydrate		ERD6, BGLU5, ENODL10
w:cytosolic	word	cytosolic	2	155	435	21521	0.6383685576566555	0.8238594311905506	AT5G03730, AT5G07000	True	0.8864999829835513		False		cytosolic		CTR1, ST2B
w:stroma	word	stroma	3	155	619	21521	0.6729167752358122	0.8267871223648862	AT2G42530, AT2G44040, AT5G22630	True	0.8867218594513412		False		stroma		COR15B, DAPB1, ADT5
w:leucine	word	leucine	2	155	438	21521	0.6339961702754455	0.8267898136512506	AT1G75390, AT5G53980	True	0.8867218594513412		False		leucine		bZIP44, HB52
p:atp hydrolysis	phrase	atp hydrolysis	2	155	445	21521	0.6240231968104386	0.8334586619794631	AT2G39350, AT5G60990	True	0.8917619149192908		False		atp hydrolysis		ABCG1, RH10
w:peptide	word	peptide	2	155	447	21521	0.6212311467128527	0.835321339602683	AT5G01180, AT5G65450	True	0.8917619149192908		False		peptide		PTR5, UBP17
k:Zinc-finger	keyword	Zinc-finger	6	155	1140	21521	0.7307640067911715	0.8355987221209945	AT2G25690, AT2G34140, AT3G60530, AT5G04340, AT5G43170, AT5G65450	True	0.8917619149192908		False		Zinc-finger		FLZ11, CDF4, GATA4, ZAT6, ZF3, UBP17
w:nad	word	nad	2	155	450	21521	0.617089605734767	0.8380803266864478	AT1G22440, AT2G29370	True	0.8924558173531782		False		nad		AT1G22440, AT2G29370
p:chloroplast envelope	phrase	chloroplast envelope	2	155	451	21521	0.6157213360989915	0.8389907223043704	AT2G42530, AT4G22840	True	0.8924558173531782		False		chloroplast envelope		COR15B, BASS6
w:regulatory	word	regulatory	2	155	456	21521	0.6089700056593096	0.8434740339373492	AT5G05440, AT5G39610	True	0.8957611681781636		False		regulatory		PYL5, NAC6
w:alpha	word	alpha	4	155	828	21521	0.6707495714508337	0.8517101920232757	AT1G07260, AT1G74290, AT2G18360, AT5G18670	True	0.9030347475686523		False		alpha		UGT71C3, AT1G74290, AT2G18360, BMY3
w:receptor	word	receptor	5	155	1002	21521	0.6928401261992144	0.853131700874173	AT2G40940, AT3G23150, AT4G21410, AT5G05440, AT5G20820	True	0.9030711175107099		False		receptor		ERS1, ETR2, CRK29, PYL5, SAUR76
k:Lipid metabolism	keyword	Lipid metabolism	2	155	474	21521	0.5858445624064244	0.8586967397450048	AT1G06080, AT3G11210	True	0.9074863272305165		False		Lipid metabolism		ADS1, CPRD49
w:terminal	word	terminal	2	155	477	21521	0.5821600054101576	0.861099231868536	AT5G03730, AT5G65450	True	0.9085504050995412		False		terminal		CTR1, UBP17
w:bacterium	word	bacterium	2	155	479	21521	0.5797292746986329	0.8626802101995616	AT1G80840, AT3G44260	True	0.9087456583170139		False		bacterium		WRKY40, CAF1a
w:homeostasis	word	homeostasis	2	155	485	21521	0.5725573661456602	0.8673254177431611	AT4G23700, AT5G04340	True	0.9121629191450693		False		homeostasis		CHX17, ZAT6
p:rna polymerase	phrase	rna polymerase	2	155	520	21521	0.5340198511166253	0.8916772311200294	AT5G04340, AT5G53980	True	0.9362610926760309		False		rna polymerase		ZAT6, HB52
k:Transmembrane	keyword	Transmembrane	28	155	4696	21521	0.82786723086223	0.8934133361952226	AT1G06080, AT1G08930, AT1G25530, AT1G28220, AT1G74290, AT1G77380, AT2G04050, AT2G16990, AT2G26070, AT2G30070, AT2G39350, AT2G40940, AT2G41230, AT2G44080, AT3G23150, AT3G23550, AT3G44070, AT3G47510, AT3G59900, AT4G16442, AT4G21410, AT4G22840, AT4G23700, AT4G27730, AT4G30420, AT5G01180, AT5G09970, AT5G44910	True	0.9365734007457164		False		Transmembrane		ADS1, ERD6, AT1G25530, PUP3, AT1G74290, AAP3, DTX3, AT2G16990, RTE1, KT1, ABCG1, ERS1, ORS1, ARL, ETR2, DTX18, AT3G44070, AT3G47510, ARGOS, AT4G16442, CRK29, BASS6, CHX17, OPT6, UMAMIT34, PTR5, CYP78A7, AT5G44910
k:Leucine-rich repeat	keyword	Leucine-rich repeat	2	155	541	21521	0.5132907995945382	0.9042383266880847	AT1G62630, AT5G25350	True	0.9463973483503909		False		Leucine-rich repeat		AT1G62630, EBF2
w:catalytic	word	catalytic	2	155	548	21521	0.5067341652931481	0.9081158408444563	AT1G19530, AT1G79470	True	0.9484723158523678		False		catalytic		AT1G19530, IMPDH
k:Transmembrane helix	keyword	Transmembrane helix	27	155	4612	21521	0.8128402764177601	0.9091347543654033	AT1G06080, AT1G08930, AT1G25530, AT1G28220, AT1G74290, AT1G77380, AT2G04050, AT2G16990, AT2G26070, AT2G30070, AT2G39350, AT2G40940, AT2G41230, AT2G44080, AT3G23150, AT3G23550, AT3G44070, AT3G59900, AT4G16442, AT4G21410, AT4G22840, AT4G23700, AT4G27730, AT4G30420, AT5G01180, AT5G09970, AT5G44910	True	0.9484723158523678		False		Transmembrane helix		ADS1, ERD6, AT1G25530, PUP3, AT1G74290, AAP3, DTX3, AT2G16990, RTE1, KT1, ABCG1, ERS1, ORS1, ARL, ETR2, DTX18, AT3G44070, ARGOS, AT4G16442, CRK29, BASS6, CHX17, OPT6, UMAMIT34, PTR5, CYP78A7, AT5G44910
w:chloroplastic	word	chloroplastic	6	155	1307	21521	0.6373917121208381	0.9147843840459512	AT1G06080, AT2G42530, AT2G44040, AT3G14510, AT4G22840, AT5G22630	True	0.9525173441787892		False		chloroplastic		ADS1, COR15B, DAPB1, AT3G14510, BASS6, ADT5
k:Protein transport	keyword	Protein transport	2	155	563	21521	0.4932332550277889	0.915938337105871	AT4G27730, AT5G01180	True	0.9525173441787892		False		Protein transport		OPT6, PTR5
w:intracellular	word	intracellular	2	155	574	21521	0.4837810497920647	0.9212752168593487	AT4G12770, AT5G05440	True	0.9565393399927209		False		intracellular		AT4G12770, PYL5
w:metabolic	word	metabolic	7	155	1505	21521	0.6457914478619654	0.9228331689838298	AT1G06080, AT1G09530, AT1G15670, AT1G60260, AT2G29440, AT4G26270, AT5G13330	True	0.9566311990580784		False		metabolic		ADS1, PIF3, AT1G15670, BGLU5, GSTU6, PFK3, Rap2.6L
w:envelope	word	envelope	2	155	594	21521	0.4674921255566417	0.9301755776534335	AT2G42530, AT4G22840	True	0.9607735846983009		False		envelope		COR15B, BASS6
w:processing	word	processing	2	155	596	21521	0.4659233600346395	0.9310116966880655	AT5G60990, AT5G65450	True	0.9607735846983009		False		processing		RH10, UBP17
w:atp	word	atp	10	155	2044	21521	0.679281611009406	0.9312567310977387	AT2G39350, AT3G27580, AT4G21410, AT4G24480, AT4G26270, AT5G03730, AT5G23580, AT5G60990, AT5G61560, AT5G63650	True	0.9607735846983009		False		atp		ABCG1, ATPK7, CRK29, AT4G24480, PFK3, CTR1, CDPK9, RH10, PUB51, SNRK2.5
w:vesicle	word	vesicle	2	155	603	21521	0.4605146311453485	0.9338646305801427	AT4G11650, AT4G12770	True	0.9619396748539129		False		vesicle		OSM34, AT4G12770
w:nucleotide	word	nucleotide	2	155	614	21521	0.4522643690238521	0.9381245990987077	AT1G79470, AT4G24480	True	0.9648011279830312		False		nucleotide		IMPDH, AT4G24480
w:ring	word	ring	2	155	621	21521	0.4471663809672225	0.9406994231870739	AT1G48320, AT5G61560	True	0.9659232247551816		False		ring		DHNAT1, PUB51
k:Chloroplast	keyword	Chloroplast	6	155	1413	21521	0.5895760564344908	0.9458167035370367	AT1G06080, AT2G42530, AT2G44040, AT3G14510, AT4G22840, AT5G22630	True	0.9696483055159227		False		Chloroplast		ADS1, COR15B, DAPB1, AT3G14510, BASS6, ADT5
k:Plastid	keyword	Plastid	6	155	1425	21521	0.5846112054329372	0.9486063711039757	AT1G06080, AT2G42530, AT2G44040, AT3G14510, AT4G22840, AT5G22630	True	0.9709791628752958		False		Plastid		ADS1, COR15B, DAPB1, AT3G14510, BASS6, ADT5
w:assembly	word	assembly	2	155	686	21521	0.40479638860152356	0.9602245721288701	AT2G33460, AT2G39350	True	0.980087587656755		False		assembly		RIC1, ABCG1
w:rich	word	rich	3	155	914	21521	0.455728100515282	0.9628982717444434	AT1G50060, AT4G21410, AT5G40590	True	0.980087587656755		False		rich		AT1G50060, CRK29, MNF13.11
k:RNA-binding	keyword	RNA-binding	2	155	704	21521	0.39444648093841644	0.9644391520001683	AT3G44260, AT5G60990	True	0.980087587656755		False		RNA-binding		CAF1a, RH10
w:vacuole	word	vacuole	3	155	923	21521	0.4512843812253172	0.9647199271444533	AT4G20830, AT4G21410, AT4G23700	True	0.980087587656755		False		vacuole		AT4G20830, CRK29, CHX17
w:ubiquitin	word	ubiquitin	4	155	1128	21521	0.49235872797986735	0.9650324787833794	AT2G16740, AT5G25350, AT5G61560, AT5G65450	True	0.980087587656755		False		ubiquitin		UBC29, EBF2, PUB51, UBP17
w:substrate	word	substrate	2	155	762	21521	0.3644229955126577	0.9753064361814248	AT2G26740, AT2G42530	True	0.9889789563148093		False		substrate		SEH, COR15B
w:mrna	word	mrna	4	155	1225	21521	0.4533719552337064	0.9790294851857683	AT3G02490, AT3G44260, AT5G63650, AT5G64100	True	0.9912102563855912		False		mrna		AT3G02490, CAF1a, SNRK2.5, PER69
w:organization	word	organization	2	155	867	21521	0.3202887226997061	0.9874089183742882	AT1G43160, AT2G33460	True	0.9975938362825307		False		organization		RAP2.6, RIC1
w:ligase	word	ligase	2	155	934	21521	0.29731297920839955	0.9918726170037347	AT5G25350, AT5G61560	True	0.9975938362825307		False		ligase		EBF2, PUB51
w:rna	word	rna	6	155	1821	21521	0.45747993835361644	0.9923308485794285	AT3G02490, AT3G56170, AT5G04340, AT5G20820, AT5G53980, AT5G60990	True	0.9975938362825307		False		rna		AT3G02490, CAN, ZAT6, SAUR76, HB52, RH10
k:Transit peptide	keyword	Transit peptide	6	155	1836	21521	0.45374235715791694	0.9929024639086802	AT2G42530, AT2G44040, AT3G02490, AT3G14510, AT4G22840, AT5G22630	True	0.9975938362825307		False		Transit peptide		COR15B, DAPB1, AT3G02490, AT3G14510, BASS6, ADT5
w:chloroplast	word	chloroplast	16	155	3657	21521	0.6074713099932079	0.9929966296637173	AT1G06080, AT1G23730, AT1G28220, AT1G43160, AT1G48320, AT2G42530, AT2G44040, AT3G14510, AT3G27580, AT4G20830, AT4G22840, AT4G30420, AT5G22630, AT5G25350, AT5G39610, AT5G61560	True	0.9975938362825307		False		chloroplast		ADS1, BCA3, PUP3, RAP2.6, DHNAT1, COR15B, DAPB1, AT3G14510, ATPK7, AT4G20830, BASS6, UMAMIT34, ADT5, EBF2, NAC6, PUB51
k:Repeat	keyword	Repeat	13	155	3264	21521	0.5529984977862112	0.9959428265920786	AT1G15670, AT1G62630, AT2G31180, AT3G02490, AT3G11210, AT4G21410, AT4G30420, AT5G04340, AT5G23580, AT5G25350, AT5G28300, AT5G40590, AT5G43170	True	0.9990119878450587		False		Repeat		AT1G15670, AT1G62630, MYB14, AT3G02490, CPRD49, CRK29, UMAMIT34, ZAT6, CDPK9, EBF2, AT5G28300, MNF13.11, ZF3
w:complex	word	complex	8	155	2854	21521	0.38919456563510185	0.9997393879532157	AT1G18100, AT2G16740, AT2G25690, AT2G39350, AT3G44260, AT4G26080, AT4G27730, AT5G25350	True	0.9998401017884486		False		complex		E12A11, UBC29, FLZ11, ABCG1, CAF1a, ABI1, OPT6, EBF2
w:repeat	word	repeat	2	155	1506	21521	0.18438932442273914	0.9998401017884485	AT1G15670, AT3G02490	True	0.9998401017884486		False		repeat		AT1G15670, AT3G02490
w:efe	word	efe	1	155	1	21521	138.84516129032258	0.0072022675526230194	AT1G05010	False	1.0		False		efe		EFE
w:desaturate	word	desaturate	1	155	1	21521	138.84516129032258	0.0072022675526230194	AT1G06080	False	1.0		False		desaturate		ADS1
w:octadecanoid	word	octadecanoid	1	155	1	21521	138.84516129032258	0.0072022675526230194	AT1G06160	False	1.0		False		octadecanoid		ORA59
w:mft	word	mft	1	155	1	21521	138.84516129032258	0.0072022675526230194	AT1G18100	False	1.0		False		mft		E12A11
w:epstein	word	epstein	1	155	1	21521	138.84516129032258	0.0072022675526230194	AT1G53450	False	1.0		False		epstein		AT1G53450
w:barr	word	barr	1	155	1	21521	138.84516129032258	0.0072022675526230194	AT1G53450	False	1.0		False		barr		AT1G53450
w:attppb	word	attppb	1	155	1	21521	138.84516129032258	0.0072022675526230194	AT1G78090	False	1.0		False		attppb		TPPB
w:upbeat	word	upbeat	1	155	1	21521	138.84516129032258	0.0072022675526230194	AT2G47270	False	1.0		False		upbeat		UPB1
w:atcta	word	atcta	1	155	1	21521	138.84516129032258	0.0072022675526230194	AT3G14230	False	1.0		False		atcta		RAP2.2
w:atargo	word	atargo	1	155	1	21521	138.84516129032258	0.0072022675526230194	AT3G59900	False	1.0		False		atargo		ARGOS
w:osmotin	word	osmotin	1	155	1	21521	138.84516129032258	0.0072022675526230194	AT4G11650	False	1.0		False		osmotin		OSM34
w:reticuline	word	reticuline	1	155	1	21521	138.84516129032258	0.0072022675526230194	AT4G20830	False	1.0		False		reticuline		AT4G20830
w:rhizogenesis	word	rhizogenesis	1	155	1	21521	138.84516129032258	0.0072022675526230194	AT4G26080	False	1.0		False		rhizogenesis		ABI1
w:waterlogging	word	waterlogging	1	155	1	21521	138.84516129032258	0.0072022675526230194	AT5G13330	False	1.0		False		waterlogging		Rap2.6L
w:atpn	word	atpn	1	155	1	21521	138.84516129032258	0.0072022675526230194	AT5G19890	False	1.0		False		atpn		PER59
w:hydroxycinnamic	word	hydroxycinnamic	1	155	1	21521	138.84516129032258	0.0072022675526230194	AT5G61160	False	1.0		False		hydroxycinnamic		AACT1
w:hecate	word	hecate	1	155	1	21521	138.84516129032258	0.0072022675526230194	AT5G67060	False	1.0		False		hecate		HEC1
w:fluidity	word	fluidity	1	155	2	21521	69.42258064516129	0.01435299471476723	AT1G06080	False	1.0		False		fluidity		ADS1
w:immersion	word	immersion	1	155	2	21521	69.42258064516129	0.01435299471476723	AT1G09530	False	1.0		False		immersion		PIF3
w:restraint	word	restraint	1	155	2	21521	69.42258064516129	0.01435299471476723	AT1G09530	False	1.0		False		restraint		PIF3
w:underwater	word	underwater	1	155	2	21521	69.42258064516129	0.01435299471476723	AT1G09530	False	1.0		False		underwater		PIF3
w:tempranillo	word	tempranillo	1	155	2	21521	69.42258064516129	0.01435299471476723	AT1G25560	False	1.0		False		tempranillo		TEM1
w:heterodera	word	heterodera	1	155	2	21521	69.42258064516129	0.01435299471476723	AT1G43160	False	1.0		False		heterodera		RAP2.6
w:phenylacetyl	word	phenylacetyl	1	155	2	21521	69.42258064516129	0.01435299471476723	AT1G48320	False	1.0		False		phenylacetyl		DHNAT1
w:enantiocomplementary	word	enantiocomplementary	1	155	2	21521	69.42258064516129	0.01435299471476723	AT1G64160	False	1.0		False		enantiocomplementary		DIR5
w:enantioselective	word	enantioselective	1	155	2	21521	69.42258064516129	0.01435299471476723	AT1G64160	False	1.0		False		enantioselective		DIR5
w:impdh	word	impdh	1	155	2	21521	69.42258064516129	0.01435299471476723	AT1G79470	False	1.0		False		impdh		IMPDH
w:gmpr	word	gmpr	1	155	2	21521	69.42258064516129	0.01435299471476723	AT1G79470	False	1.0		False		gmpr		IMPDH
w:impd	word	impd	1	155	2	21521	69.42258064516129	0.01435299471476723	AT1G79470	False	1.0		False		impd		IMPDH
w:waterlogged	word	waterlogged	1	155	2	21521	69.42258064516129	0.01435299471476723	AT2G16060	False	1.0		False		waterlogged		HB1
w:globin	word	globin	1	155	2	21521	69.42258064516129	0.01435299471476723	AT2G16060	False	1.0		False		globin		HB1
w:hexacoordinate	word	hexacoordinate	1	155	2	21521	69.42258064516129	0.01435299471476723	AT2G16060	False	1.0		False		hexacoordinate		HB1
w:unusually	word	unusually	1	155	2	21521	69.42258064516129	0.01435299471476723	AT2G16060	False	1.0		False		unusually		HB1
w:anoxic	word	anoxic	1	155	2	21521	69.42258064516129	0.01435299471476723	AT2G16060	False	1.0		False		anoxic		HB1
w:non‑symbiotic	word	non-symbiotic	1	155	2	21521	69.42258064516129	0.01435299471476723	AT2G16060	False	1.0		False		non-symbiotic		HB1
w:phytoglobin	word	phytoglobin	1	155	2	21521	69.42258064516129	0.01435299471476723	AT2G16060	False	1.0		False		phytoglobin		HB1
w:reversion	word	reversion	1	155	2	21521	69.42258064516129	0.01435299471476723	AT2G26070	False	1.0		False		reversion		RTE1
w:rubidium	word	rubidium	1	155	2	21521	69.42258064516129	0.01435299471476723	AT2G30070	False	1.0		False		rubidium		KT1
w:narrow	word	narrow	1	155	2	21521	69.42258064516129	0.01435299471476723	AT2G33460	False	1.0		False		narrow		RIC1
w:arl	word	arl	1	155	2	21521	69.42258064516129	0.01435299471476723	AT2G41230	False	1.0		False		arl		ORS1
w:brought	word	brought	1	155	2	21521	69.42258064516129	0.01435299471476723	AT2G42530	False	1.0		False		brought		COR15B
w:curve	word	curve	1	155	2	21521	69.42258064516129	0.01435299471476723	AT2G42530	False	1.0		False		curve		COR15B
w:lamellar	word	lamellar	1	155	2	21521	69.42258064516129	0.01435299471476723	AT2G42530	False	1.0		False		lamellar		COR15B
w:cryoprotective	word	cryoprotective	1	155	2	21521	69.42258064516129	0.01435299471476723	AT2G42530	False	1.0		False		cryoprotective		COR15B
w:hexagonal	word	hexagonal	1	155	2	21521	69.42258064516129	0.01435299471476723	AT2G42530	False	1.0		False		hexagonal		COR15B
w:freeze	word	freeze	1	155	2	21521	69.42258064516129	0.01435299471476723	AT2G42530	False	1.0		False		freeze		COR15B
w:contraction	word	contraction	1	155	2	21521	69.42258064516129	0.01435299471476723	AT2G42530	False	1.0		False		contraction		COR15B
w:dapb	word	dapb	1	155	2	21521	69.42258064516129	0.01435299471476723	AT2G44040	False	1.0		False		dapb		DAPB1
w:psy	word	psy	1	155	2	21521	69.42258064516129	0.01435299471476723	AT3G14230	False	1.0		False		psy		RAP2.2
w:staphylococcal	word	staphylococcal	1	155	2	21521	69.42258064516129	0.01435299471476723	AT3G56170	False	1.0		False		staphylococcal		CAN
w:thermonuclease	word	thermonuclease	1	155	2	21521	69.42258064516129	0.01435299471476723	AT3G56170	False	1.0		False		thermonuclease		CAN
w:auxilin	word	auxilin	1	155	2	21521	69.42258064516129	0.01435299471476723	AT4G12770	False	1.0		False		auxilin		AT4G12770
w:pos	word	pos	1	155	2	21521	69.42258064516129	0.01435299471476723	AT4G26080	False	1.0		False		pos		ABI1
w:poststress	word	poststress	1	155	2	21521	69.42258064516129	0.01435299471476723	AT4G26080	False	1.0		False		poststress		ABI1
w:feruloylated	word	feruloylated	1	155	2	21521	69.42258064516129	0.01435299471476723	AT4G26220	False	1.0		False		feruloylated		AT4G26220
w:reinforcement	word	reinforcement	1	155	2	21521	69.42258064516129	0.01435299471476723	AT4G26220	False	1.0		False		reinforcement		AT4G26220
w:shifting	word	shifting	1	155	2	21521	69.42258064516129	0.01435299471476723	AT5G39610	False	1.0		False		shifting		NAC6
w:seen	word	seen	1	155	2	21521	69.42258064516129	0.01435299471476723	AT5G61160	False	1.0		False		seen		AACT1
w:coumaroyltransferase	word	coumaroyltransferase	1	155	2	21521	69.42258064516129	0.01435299471476723	AT5G61160	False	1.0		False		coumaroyltransferase		AACT1
w:hlh	word	hlh	1	155	2	21521	69.42258064516129	0.01435299471476723	AT5G65640	False	1.0		False		hlh		bHLH093
w:monogalactosyl	word	monogalactosyl	1	155	3	21521	46.28172043010753	0.021452547938393376	AT1G06080	False	1.0		False		monogalactosyl		ADS1
w:glucanotransferase	word	glucanotransferase	1	155	3	21521	46.28172043010753	0.021452547938393376	AT1G07260	False	1.0		False		glucanotransferase		UGT71C3
w:glox	word	glox	1	155	3	21521	46.28172043010753	0.021452547938393376	AT1G19900	False	1.0		False		glox		RUBY
w:cacctg	word	cacctg	1	155	3	21521	46.28172043010753	0.021452547938393376	AT1G25560	False	1.0		False		cacctg		TEM1
w:caaca	word	caaca	1	155	3	21521	46.28172043010753	0.021452547938393376	AT1G25560	False	1.0		False		caaca		TEM1
w:schachtii	word	schachtii	1	155	3	21521	46.28172043010753	0.021452547938393376	AT1G43160	False	1.0		False		schachtii		RAP2.6
w:syncytia	word	syncytia	1	155	3	21521	46.28172043010753	0.021452547938393376	AT1G43160	False	1.0		False		syncytia		RAP2.6
w:naphthoyl	word	naphthoyl	1	155	3	21521	46.28172043010753	0.021452547938393376	AT1G48320	False	1.0		False		naphthoyl		DHNAT1
w:xmp	word	xmp	1	155	3	21521	46.28172043010753	0.021452547938393376	AT1G79470	False	1.0		False		xmp		IMPDH
k:GMP biosynthesis	keyword	GMP biosynthesis	1	155	3	21521	46.28172043010753	0.021452547938393376	AT1G79470	False	1.0		False		GMP biosynthesis		IMPDH
w:hemoglobin	word	hemoglobin	1	155	3	21521	46.28172043010753	0.021452547938393376	AT2G16060	False	1.0		False		hemoglobin		HB1
w:attenuating	word	attenuating	1	155	3	21521	46.28172043010753	0.021452547938393376	AT2G42530	False	1.0		False		attenuating		COR15B
w:apposition	word	apposition	1	155	3	21521	46.28172043010753	0.021452547938393376	AT2G42530	False	1.0		False		apposition		COR15B
w:pds	word	pds	1	155	3	21521	46.28172043010753	0.021452547938393376	AT3G14230	False	1.0		False		pds		RAP2.2
w:pirin	word	pirin	1	155	3	21521	46.28172043010753	0.021452547938393376	AT3G59220	False	1.0		False		pirin		PRN
w:ccoaomt	word	ccoaomt	1	155	3	21521	46.28172043010753	0.021452547938393376	AT4G26220	False	1.0		False		ccoaomt		AT4G26220
w:challenge	word	challenge	1	155	3	21521	46.28172043010753	0.021452547938393376	AT4G26220	False	1.0		False		challenge		AT4G26220
w:agmatine	word	agmatine	1	155	3	21521	46.28172043010753	0.021452547938393376	AT5G61160	False	1.0		False		agmatine		AACT1
w:antipodal	word	antipodal	1	155	4	21521	34.711290322580645	0.02850129108689923	AT1G03430	False	1.0		False		antipodal		AHP5
w:bee	word	bee	1	155	4	21521	34.711290322580645	0.02850129108689923	AT1G73830	False	1.0		False		bee		BEE3
w:melting	word	melting	1	155	4	21521	34.711290322580645	0.02850129108689923	AT2G42530	False	1.0		False		melting		COR15B
w:dihydrodipicolinate	word	dihydrodipicolinate	1	155	4	21521	34.711290322580645	0.02850129108689923	AT2G44040	False	1.0		False		dihydrodipicolinate		DAPB1
p:hydroxy tetrahydrodipicolinate	phrase	hydroxy tetrahydrodipicolinate	1	155	4	21521	34.711290322580645	0.02850129108689923	AT2G44040	False	1.0		False		hydroxy tetrahydrodipicolinate		DAPB1
w:htpa	word	htpa	1	155	4	21521	34.711290322580645	0.02850129108689923	AT2G44040	False	1.0		False		htpa		DAPB1
w:phosphotransmitter	word	phosphotransmitter	1	155	4	21521	34.711290322580645	0.02850129108689923	AT3G21510	False	1.0		False		phosphotransmitter		AHP1
w:atgata	word	atgata	1	155	4	21521	34.711290322580645	0.02850129108689923	AT3G60530	False	1.0		False		atgata		GATA4
w:trans‑caffeoyl	word	trans-caffeoyl	1	155	4	21521	34.711290322580645	0.02850129108689923	AT4G26220	False	1.0		False		trans-caffeoyl		AT4G26220
w:ccoamt	word	ccoamt	1	155	4	21521	34.711290322580645	0.02850129108689923	AT4G26220	False	1.0		False		ccoamt		AT4G26220
w:reunion	word	reunion	1	155	4	21521	34.711290322580645	0.02850129108689923	AT5G13330	False	1.0		False		reunion		Rap2.6L
w:bipartite	word	bipartite	1	155	4	21521	34.711290322580645	0.02850129108689923	AT5G39610	False	1.0		False		bipartite		NAC6
p:phosphorylated ligand	phrase	phosphorylated ligand	1	155	5	21521	27.769032258064517	0.03549958545328536	AT1G18100	False	1.0		False		phosphorylated ligand		E12A11
w:beet	word	beet	1	155	5	21521	27.769032258064517	0.03549958545328536	AT1G43160	False	1.0		False		beet		RAP2.6
w:interfere	word	interfere	1	155	5	21521	27.769032258064517	0.03549958545328536	AT1G43160	False	1.0		False		interfere		RAP2.6
p:hydroxybenzoyl coa	phrase	hydroxybenzoyl coa	1	155	5	21521	27.769032258064517	0.03549958545328536	AT1G48320	False	1.0		False		hydroxybenzoyl coa		DHNAT1
w:dhna	word	dhna	1	155	5	21521	27.769032258064517	0.03549958545328536	AT1G48320	False	1.0		False		dhna		DHNAT1
w:constant	word	constant	1	155	5	21521	27.769032258064517	0.03549958545328536	AT2G16060	False	1.0		False		constant		HB1
w:siamenoside	word	siamenoside	1	155	5	21521	27.769032258064517	0.03549958545328536	AT2G26740	False	1.0		False		siamenoside		SEH
w:mogroside	word	mogroside	1	155	5	21521	27.769032258064517	0.03549958545328536	AT2G26740	False	1.0		False		mogroside		SEH
w:blood	word	blood	1	155	5	21521	27.769032258064517	0.03549958545328536	AT2G26740	False	1.0		False		blood		SEH
w:calorie	word	calorie	1	155	5	21521	27.769032258064517	0.03549958545328536	AT2G26740	False	1.0		False		calorie		SEH
p:antitumor agent	phrase	antitumor agent	1	155	5	21521	27.769032258064517	0.03549958545328536	AT2G26740	False	1.0		False		antitumor agent		SEH
p:aromatic epoxide	phrase	aromatic epoxide	1	155	5	21521	27.769032258064517	0.03549958545328536	AT2G26740	False	1.0		False		aromatic epoxide		SEH
p:pharmacological property	phrase	pharmacological property	1	155	5	21521	27.769032258064517	0.03549958545328536	AT2G26740	False	1.0		False		pharmacological property		SEH
p:exhibit deterrent	phrase	exhibit deterrent	1	155	5	21521	27.769032258064517	0.03549958545328536	AT2G26740	False	1.0		False		exhibit deterrent		SEH
p:intensity zero	phrase	intensity zero	1	155	5	21521	27.769032258064517	0.03549958545328536	AT2G26740	False	1.0		False		intensity zero		SEH
w:sweetener	word	sweetener	1	155	5	21521	27.769032258064517	0.03549958545328536	AT2G26740	False	1.0		False		sweetener		SEH
p:blood sugar	phrase	blood sugar	1	155	5	21521	27.769032258064517	0.03549958545328536	AT2G26740	False	1.0		False		blood sugar		SEH
w:nonsugar	word	nonsugar	1	155	5	21521	27.769032258064517	0.03549958545328536	AT2G26740	False	1.0		False		nonsugar		SEH
p:possess pharmacological	phrase	possess pharmacological	1	155	5	21521	27.769032258064517	0.03549958545328536	AT2G26740	False	1.0		False		possess pharmacological		SEH
p:deterrent taste	phrase	deterrent taste	1	155	5	21521	27.769032258064517	0.03549958545328536	AT2G26740	False	1.0		False		deterrent taste		SEH
w:antitumor	word	antitumor	1	155	5	21521	27.769032258064517	0.03549958545328536	AT2G26740	False	1.0		False		antitumor		SEH
w:dihydroxycucurbitadienol	word	dihydroxycucurbitadienol	1	155	5	21521	27.769032258064517	0.03549958545328536	AT2G26740	False	1.0		False		dihydroxycucurbitadienol		SEH
w:taste	word	taste	1	155	5	21521	27.769032258064517	0.03549958545328536	AT2G26740	False	1.0		False		taste		SEH
w:epoxycucurbitadienol	word	epoxycucurbitadienol	1	155	5	21521	27.769032258064517	0.03549958545328536	AT2G26740	False	1.0		False		epoxycucurbitadienol		SEH
p:lowering blood	phrase	lowering blood	1	155	5	21521	27.769032258064517	0.03549958545328536	AT2G26740	False	1.0		False		lowering blood		SEH
p:mogroside tetracyclic	phrase	mogroside tetracyclic	1	155	5	21521	27.769032258064517	0.03549958545328536	AT2G26740	False	1.0		False		mogroside tetracyclic		SEH
w:pharmacological	word	pharmacological	1	155	5	21521	27.769032258064517	0.03549958545328536	AT2G26740	False	1.0		False		pharmacological		SEH
p:tetracyclic triterpene	phrase	tetracyclic triterpene	1	155	5	21521	27.769032258064517	0.03549958545328536	AT2G26740	False	1.0		False		tetracyclic triterpene		SEH
w:cucurbitacin	word	cucurbitacin	1	155	5	21521	27.769032258064517	0.03549958545328536	AT2G26740	False	1.0		False		cucurbitacin		SEH
p:zero calorie	phrase	zero calorie	1	155	5	21521	27.769032258064517	0.03549958545328536	AT2G26740	False	1.0		False		zero calorie		SEH
p:calorie sweetener	phrase	calorie sweetener	1	155	5	21521	27.769032258064517	0.03549958545328536	AT2G26740	False	1.0		False		calorie sweetener		SEH
w:deterrent	word	deterrent	1	155	5	21521	27.769032258064517	0.03549958545328536	AT2G26740	False	1.0		False		deterrent		SEH
p:triterpene natural	phrase	triterpene natural	1	155	5	21521	27.769032258064517	0.03549958545328536	AT2G26740	False	1.0		False		triterpene natural		SEH
p:cytotoxic property	phrase	cytotoxic property	1	155	5	21521	27.769032258064517	0.03549958545328536	AT2G26740	False	1.0		False		cytotoxic property		SEH
p:soluble epoxide	phrase	soluble epoxide	1	155	5	21521	27.769032258064517	0.03549958545328536	AT2G26740	False	1.0		False		soluble epoxide		SEH
w:neck	word	neck	1	155	5	21521	27.769032258064517	0.03549958545328536	AT2G33460	False	1.0		False		neck		RIC1
w:propagation	word	propagation	1	155	5	21521	27.769032258064517	0.03549958545328536	AT2G33460	False	1.0		False		propagation		RIC1
p:cyclic dof	phrase	cyclic dof	1	155	5	21521	27.769032258064517	0.03549958545328536	AT2G34140	False	1.0		False		cyclic dof		CDF4
w:protectant	word	protectant	1	155	5	21521	27.769032258064517	0.03549958545328536	AT2G42530	False	1.0		False		protectant		COR15B
w:tetrahydrodipicolinate	word	tetrahydrodipicolinate	1	155	5	21521	27.769032258064517	0.03549958545328536	AT2G44040	False	1.0		False		tetrahydrodipicolinate		DAPB1
k:Diaminopimelate biosynthesis	keyword	Diaminopimelate biosynthesis	1	155	5	21521	27.769032258064517	0.03549958545328536	AT2G44040	False	1.0		False		Diaminopimelate biosynthesis		DAPB1
w:trichlorophenol	word	trichlorophenol	1	155	5	21521	27.769032258064517	0.03549958545328536	AT4G15550	False	1.0		False		trichlorophenol		IAGLU
w:phytotoxic	word	phytotoxic	1	155	5	21521	27.769032258064517	0.03549958545328536	AT4G15550	False	1.0		False		phytotoxic		IAGLU
p:metabolite cotransporter	phrase	metabolite cotransporter	1	155	5	21521	27.769032258064517	0.03549958545328536	AT4G22840	False	1.0		False		metabolite cotransporter		BASS6
p:sodium metabolite	phrase	sodium metabolite	1	155	5	21521	27.769032258064517	0.03549958545328536	AT4G22840	False	1.0		False		sodium metabolite		BASS6
p:sodium bile	phrase	sodium bile	1	155	5	21521	27.769032258064517	0.03549958545328536	AT4G22840	False	1.0		False		sodium bile		BASS6
w:hyponastic	word	hyponastic	1	155	5	21521	27.769032258064517	0.03549958545328536	AT4G26080	False	1.0		False		hyponastic		ABI1
p:hydroxyferuloyl coa	phrase	hydroxyferuloyl coa	1	155	5	21521	27.769032258064517	0.03549958545328536	AT4G26220	False	1.0		False		hydroxyferuloyl coa		AT4G26220
p:hypoxic condition	phrase	hypoxic condition	1	155	5	21521	27.769032258064517	0.03549958545328536	AT5G03730	False	1.0		False		hypoxic condition		CTR1
p:golovinomyce cichoracearum	phrase	golovinomyce cichoracearum	1	155	5	21521	27.769032258064517	0.03549958545328536	AT5G05190	False	1.0		False		golovinomyce cichoracearum		EDR4
w:pith	word	pith	1	155	5	21521	27.769032258064517	0.03549958545328536	AT5G13330	False	1.0		False		pith		Rap2.6L
w:wounded	word	wounded	1	155	5	21521	27.769032258064517	0.03549958545328536	AT5G13330	False	1.0		False		wounded		Rap2.6L
w:oresara	word	oresara	1	155	5	21521	27.769032258064517	0.03549958545328536	AT5G39610	False	1.0		False		oresara		NAC6
p:repress abaxial	phrase	repress abaxial	1	155	5	21521	27.769032258064517	0.03549958545328536	AT5G60990	False	1.0		False		repress abaxial		RH10
p:sac egg	phrase	sac egg	1	155	6	21521	23.140860215053763	0.042447789778194314	AT1G03430	False	1.0		False		sac egg		AHP5
w:prime	word	prime	1	155	6	21521	23.140860215053763	0.042447789778194314	AT1G06080	False	1.0		False		prime		ADS1
w:pebp	word	pebp	1	155	6	21521	23.140860215053763	0.042447789778194314	AT1G18100	False	1.0		False		pebp		E12A11
w:hydroxybenzoyl	word	hydroxybenzoyl	1	155	6	21521	23.140860215053763	0.042447789778194314	AT1G48320	False	1.0		False		hydroxybenzoyl		DHNAT1
w:carboxyesterase	word	carboxyesterase	1	155	6	21521	23.140860215053763	0.042447789778194314	AT1G49660	False	1.0		False		carboxyesterase		CXE5
w:guiding	word	guiding	1	155	6	21521	23.140860215053763	0.042447789778194314	AT1G64160	False	1.0		False		guiding		DIR5
w:pinoresinol	word	pinoresinol	1	155	6	21521	23.140860215053763	0.042447789778194314	AT1G64160	False	1.0		False		pinoresinol		DIR5
w:phenol	word	phenol	1	155	6	21521	23.140860215053763	0.042447789778194314	AT1G64160	False	1.0		False		phenol		DIR5
w:micropylar	word	micropylar	1	155	6	21521	23.140860215053763	0.042447789778194314	AT1G75390	False	1.0		False		micropylar		bZIP44
p:nitrite reductase	phrase	nitrite reductase	1	155	6	21521	23.140860215053763	0.042447789778194314	AT2G16060	False	1.0		False		nitrite reductase		HB1
w:oxygenated	word	oxygenated	1	155	6	21521	23.140860215053763	0.042447789778194314	AT2G26740	False	1.0		False		oxygenated		SEH
p:oxygenated compound	phrase	oxygenated compound	1	155	6	21521	23.140860215053763	0.042447789778194314	AT2G26740	False	1.0		False		oxygenated compound		SEH
w:liver	word	liver	1	155	6	21521	23.140860215053763	0.042447789778194314	AT2G26740	False	1.0		False		liver		SEH
p:interactive crib	phrase	interactive crib	1	155	6	21521	23.140860215053763	0.042447789778194314	AT2G33460	False	1.0		False		interactive crib		RIC1
p:rop gtpase	phrase	rop gtpase	1	155	6	21521	23.140860215053763	0.042447789778194314	AT2G33460	False	1.0		False		rop gtpase		RIC1
w:crib	word	crib	1	155	6	21521	23.140860215053763	0.042447789778194314	AT2G33460	False	1.0		False		crib		RIC1
w:protoplast	word	protoplast	1	155	6	21521	23.140860215053763	0.042447789778194314	AT2G42530	False	1.0		False		protoplast		COR15B
p:hypocotyl bending	phrase	hypocotyl bending	1	155	6	21521	23.140860215053763	0.042447789778194314	AT3G27580	False	1.0		False		hypocotyl bending		ATPK7
w:bile	word	bile	1	155	6	21521	23.140860215053763	0.042447789778194314	AT4G22840	False	1.0		False		bile		BASS6
w:bass	word	bass	1	155	6	21521	23.140860215053763	0.042447789778194314	AT4G22840	False	1.0		False		bass		BASS6
w:ferulic	word	ferulic	1	155	6	21521	23.140860215053763	0.042447789778194314	AT4G26220	False	1.0		False		ferulic		AT4G26220
p:big grain	phrase	big grain	1	155	6	21521	23.140860215053763	0.042447789778194314	AT5G12050	False	1.0		False		big grain		AT5G12050
p:prephenate dehydratase	phrase	prephenate dehydratase	1	155	6	21521	23.140860215053763	0.042447789778194314	AT5G22630	False	1.0		False		prephenate dehydratase		ADT5
k:Phenylalanine biosynthesis	keyword	Phenylalanine biosynthesis	1	155	6	21521	23.140860215053763	0.042447789778194314	AT5G22630	False	1.0		False		Phenylalanine biosynthesis		ADT5
p:arogenate dehydratase	phrase	arogenate dehydratase	1	155	6	21521	23.140860215053763	0.042447789778194314	AT5G22630	False	1.0		False		arogenate dehydratase		ADT5
p:prephenate produced	phrase	prephenate produced	1	155	6	21521	23.140860215053763	0.042447789778194314	AT5G22630	False	1.0		False		prephenate produced		ADT5
p:shikimate chorismate	phrase	shikimate chorismate	1	155	6	21521	23.140860215053763	0.042447789778194314	AT5G22630	False	1.0		False		shikimate chorismate		ADT5
p:glyoxal oxidase	phrase	glyoxal oxidase	1	155	7	21521	19.835023041474656	0.04934626026782388	AT1G19900	False	1.0		False		glyoxal oxidase		RUBY
w:glyoxal	word	glyoxal	1	155	7	21521	19.835023041474656	0.04934626026782388	AT1G19900	False	1.0		False		glyoxal		RUBY
w:naphthoquinone	word	naphthoquinone	1	155	7	21521	19.835023041474656	0.04934626026782388	AT1G48320	False	1.0		False		naphthoquinone		DHNAT1
p:benzoyl coa	phrase	benzoyl coa	1	155	7	21521	19.835023041474656	0.04934626026782388	AT1G48320	False	1.0		False		benzoyl coa		DHNAT1
w:xanthosine	word	xanthosine	1	155	7	21521	19.835023041474656	0.04934626026782388	AT1G79470	False	1.0		False		xanthosine		IMPDH
w:tetracyclic	word	tetracyclic	1	155	7	21521	19.835023041474656	0.04934626026782388	AT2G26740	False	1.0		False		tetracyclic		SEH
w:bundling	word	bundling	1	155	7	21521	19.835023041474656	0.04934626026782388	AT2G33460	False	1.0		False		bundling		RIC1
p:sodium symporter	phrase	sodium symporter	1	155	7	21521	19.835023041474656	0.04934626026782388	AT4G22840	False	1.0		False		sodium symporter		BASS6
w:hydroxyferuloyl	word	hydroxyferuloyl	1	155	7	21521	19.835023041474656	0.04934626026782388	AT4G26220	False	1.0		False		hydroxyferuloyl		AT4G26220
w:phosphohexokinase	word	phosphohexokinase	1	155	7	21521	19.835023041474656	0.04934626026782388	AT4G26270	False	1.0		False		phosphohexokinase		PFK3
w:golovinomyce	word	golovinomyce	1	155	7	21521	19.835023041474656	0.04934626026782388	AT5G05190	False	1.0		False		golovinomyce		EDR4
w:hydroxyjasmonate	word	hydroxyjasmonate	1	155	7	21521	19.835023041474656	0.04934626026782388	AT5G07000	False	1.0		False		hydroxyjasmonate		ST2B
p:non‑cell autonomous	phrase	non-cell autonomous	1	155	7	21521	19.835023041474656	0.04934626026782388	AT5G09970	False	1.0		False		non-cell autonomous		CYP78A7
w:transported	word	transported	1	155	7	21521	19.835023041474656	0.04934626026782388	AT5G13330	False	1.0		False		transported		Rap2.6L
w:aging	word	aging	1	155	7	21521	19.835023041474656	0.04934626026782388	AT5G39610	False	1.0		False		aging		NAC6
w:deterioration	word	deterioration	1	155	7	21521	19.835023041474656	0.04934626026782388	AT5G39610	False	1.0		False		deterioration		NAC6
w:promoted	word	promoted	1	155	8	21521	17.355645161290322	0.056195350611715614	AT1G18100	False	1.0		False		promoted		E12A11
w:cis‑element	word	cis-element	1	155	8	21521	17.355645161290322	0.056195350611715614	AT1G43160	False	1.0		False		cis-element		RAP2.6
p:cyst nematode	phrase	cyst nematode	1	155	8	21521	17.355645161290322	0.056195350611715614	AT1G43160	False	1.0		False		cyst nematode		RAP2.6
w:cyst	word	cyst	1	155	8	21521	17.355645161290322	0.056195350611715614	AT1G43160	False	1.0		False		cyst		RAP2.6
w:benzoyl	word	benzoyl	1	155	8	21521	17.355645161290322	0.056195350611715614	AT1G48320	False	1.0		False		benzoyl		DHNAT1
w:rupture	word	rupture	1	155	8	21521	17.355645161290322	0.056195350611715614	AT1G75390	False	1.0		False		rupture		bZIP44
w:lowering	word	lowering	1	155	8	21521	17.355645161290322	0.056195350611715614	AT2G26740	False	1.0		False		lowering		SEH
w:cytotoxic	word	cytotoxic	1	155	8	21521	17.355645161290322	0.056195350611715614	AT2G26740	False	1.0		False		cytotoxic		SEH
w:internalization	word	internalization	1	155	8	21521	17.355645161290322	0.056195350611715614	AT2G33460	False	1.0		False		internalization		RIC1
w:shift	word	shift	1	155	8	21521	17.355645161290322	0.056195350611715614	AT2G42530	False	1.0		False		shift		COR15B
w:curvature	word	curvature	1	155	8	21521	17.355645161290322	0.056195350611715614	AT2G42530	False	1.0		False		curvature		COR15B
w:phytoene	word	phytoene	1	155	8	21521	17.355645161290322	0.056195350611715614	AT3G14230	False	1.0		False		phytoene		RAP2.2
p:phosphodiester bond	phrase	phosphodiester bond	1	155	8	21521	17.355645161290322	0.056195350611715614	AT3G56170	False	1.0		False		phosphodiester bond		CAN
w:bounded	word	bounded	1	155	8	21521	17.355645161290322	0.056195350611715614	AT4G12770	False	1.0		False		bounded		AT4G12770
p:bounded organelle	phrase	bounded organelle	1	155	8	21521	17.355645161290322	0.056195350611715614	AT4G12770	False	1.0		False		bounded organelle		AT4G12770
p:stomata closure	phrase	stomata closure	1	155	8	21521	17.355645161290322	0.056195350611715614	AT4G26080	False	1.0		False		stomata closure		ABI1
w:farnesylated	word	farnesylated	1	155	8	21521	17.355645161290322	0.056195350611715614	AT4G38580	False	1.0		False		farnesylated		FP6
w:non‑cell	word	non-cell	1	155	8	21521	17.355645161290322	0.056195350611715614	AT5G09970	False	1.0		False		non-cell		CYP78A7
w:maltohydrolase	word	maltohydrolase	1	155	8	21521	17.355645161290322	0.056195350611715614	AT5G18670	False	1.0		False		maltohydrolase		BMY3
p:glucan maltohydrolase	phrase	glucan maltohydrolase	1	155	8	21521	17.355645161290322	0.056195350611715614	AT5G18670	False	1.0		False		glucan maltohydrolase		BMY3
w:acg	word	acg	1	155	8	21521	17.355645161290322	0.056195350611715614	AT5G39610	False	1.0		False		acg		NAC6
w:age	word	age	1	155	8	21521	17.355645161290322	0.056195350611715614	AT5G39610	False	1.0		False		age		NAC6
k:Fruit ripening	keyword	Fruit ripening	1	155	9	21521	15.427240143369175	0.06299541200041937	AT1G05010	False	1.0		False		Fruit ripening		EFE
p:formaldehyde catabolic	phrase	formaldehyde catabolic	1	155	9	21521	15.427240143369175	0.06299541200041937	AT1G22440	False	1.0		False		formaldehyde catabolic		AT1G22440
w:formaldehyde	word	formaldehyde	1	155	9	21521	15.427240143369175	0.06299541200041937	AT1G22440	False	1.0		False		formaldehyde		AT1G22440
w:homotetramerization	word	homotetramerization	1	155	9	21521	15.427240143369175	0.06299541200041937	AT1G48320	False	1.0		False		homotetramerization		DHNAT1
p:succinyl coa	phrase	succinyl coa	1	155	9	21521	15.427240143369175	0.06299541200041937	AT1G48320	False	1.0		False		succinyl coa		DHNAT1
w:anaerobic	word	anaerobic	1	155	9	21521	15.427240143369175	0.06299541200041937	AT2G16060	False	1.0		False		anaerobic		HB1
w:zero	word	zero	1	155	9	21521	15.427240143369175	0.06299541200041937	AT2G26740	False	1.0		False		zero		SEH
w:epoxide	word	epoxide	1	155	9	21521	15.427240143369175	0.06299541200041937	AT2G26740	False	1.0		False		epoxide		SEH
w:transverse	word	transverse	1	155	9	21521	15.427240143369175	0.06299541200041937	AT2G33460	False	1.0		False		transverse		RIC1
k:Lysine biosynthesis	keyword	Lysine biosynthesis	1	155	9	21521	15.427240143369175	0.06299541200041937	AT2G44040	False	1.0		False		Lysine biosynthesis		DAPB1
p:onto dmapp	phrase	onto dmapp	1	155	9	21521	15.427240143369175	0.06299541200041937	AT3G14510	False	1.0		False		onto dmapp		AT3G14510
p:ipp onto	phrase	ipp onto	1	155	9	21521	15.427240143369175	0.06299541200041937	AT3G14510	False	1.0		False		ipp onto		AT3G14510
w:ubiquitous	word	ubiquitous	1	155	9	21521	15.427240143369175	0.06299541200041937	AT3G44260	False	1.0		False		ubiquitous		CAF1a
p:diverse set	phrase	diverse set	1	155	9	21521	15.427240143369175	0.06299541200041937	AT3G44260	False	1.0		False		diverse set		CAF1a
p:acquired thermotolerance	phrase	acquired thermotolerance	1	155	9	21521	15.427240143369175	0.06299541200041937	AT4G26080	False	1.0		False		acquired thermotolerance		ABI1
p:committing step	phrase	committing step	1	155	9	21521	15.427240143369175	0.06299541200041937	AT4G26270	False	1.0		False		committing step		PFK3
w:committing	word	committing	1	155	9	21521	15.427240143369175	0.06299541200041937	AT4G26270	False	1.0		False		committing		PFK3
p:oligopeptide opt	phrase	oligopeptide opt	1	155	9	21521	15.427240143369175	0.06299541200041937	AT4G27730	False	1.0		False		oligopeptide opt		OPT6
w:opt	word	opt	1	155	9	21521	15.427240143369175	0.06299541200041937	AT4G27730	False	1.0		False		opt		OPT6
p:opt transporter	phrase	opt transporter	1	155	9	21521	15.427240143369175	0.06299541200041937	AT4G27730	False	1.0		False		opt transporter		OPT6
w:cichoracearum	word	cichoracearum	1	155	9	21521	15.427240143369175	0.06299541200041937	AT5G05190	False	1.0		False		cichoracearum		EDR4
w:arogenate	word	arogenate	1	155	9	21521	15.427240143369175	0.06299541200041937	AT5G22630	False	1.0		False		arogenate		ADT5
w:transactivation	word	transactivation	1	155	9	21521	15.427240143369175	0.06299541200041937	AT5G43170	False	1.0		False		transactivation		ZF3
p:carbon utilization	phrase	carbon utilization	1	155	10	21521	13.884516129032258	0.06974679314303442	AT1G23730	False	1.0		False		carbon utilization		BCA3
p:messenger inositol	phrase	messenger inositol	1	155	10	21521	13.884516129032258	0.06974679314303442	AT1G26270	False	1.0		False		messenger inositol		PI4KG5
p:coa thioesterase	phrase	coa thioesterase	1	155	10	21521	13.884516129032258	0.06974679314303442	AT1G48320	False	1.0		False		coa thioesterase		DHNAT1
w:crisp	word	crisp	1	155	10	21521	13.884516129032258	0.06974679314303442	AT1G50060	False	1.0		False		crisp		AT1G50060
p:cationic amino	phrase	cationic amino	1	155	10	21521	13.884516129032258	0.06974679314303442	AT1G77380	False	1.0		False		cationic amino		AAP3
p:improve abiotic	phrase	improve abiotic	1	155	10	21521	13.884516129032258	0.06974679314303442	AT1G78090	False	1.0		False		improve abiotic		TPPB
p:free trehalose	phrase	free trehalose	1	155	10	21521	13.884516129032258	0.06974679314303442	AT1G78090	False	1.0		False		free trehalose		TPPB
p:trehalose accumulation	phrase	trehalose accumulation	1	155	10	21521	13.884516129032258	0.06974679314303442	AT1G78090	False	1.0		False		trehalose accumulation		TPPB
w:trans‑addition	word	trans-addition	1	155	10	21521	13.884516129032258	0.06974679314303442	AT3G14510	False	1.0		False		trans-addition		AT3G14510
w:farnesyltranstransferase	word	farnesyltranstransferase	1	155	10	21521	13.884516129032258	0.06974679314303442	AT3G14510	False	1.0		False		farnesyltranstransferase		AT3G14510
w:prerequisite	word	prerequisite	1	155	10	21521	13.884516129032258	0.06974679314303442	AT3G27580	False	1.0		False		prerequisite		ATPK7
w:uncoating	word	uncoating	1	155	10	21521	13.884516129032258	0.06974679314303442	AT4G12770	False	1.0		False		uncoating		AT4G12770
w:kaempferol	word	kaempferol	1	155	10	21521	13.884516129032258	0.06974679314303442	AT4G15550	False	1.0		False		kaempferol		IAGLU
w:sinapoyl	word	sinapoyl	1	155	10	21521	13.884516129032258	0.06974679314303442	AT4G26220	False	1.0		False		sinapoyl		AT4G26220
w:dehydrin	word	dehydrin	1	155	10	21521	13.884516129032258	0.06974679314303442	AT4G38410	False	1.0		False		dehydrin		AT4G38410
w:triple	word	triple	1	155	10	21521	13.884516129032258	0.06974679314303442	AT5G03730	False	1.0		False		triple		CTR1
w:nicotinate	word	nicotinate	1	155	10	21521	13.884516129032258	0.06974679314303442	AT5G05880	False	1.0		False		nicotinate		UGT76C4
w:big	word	big	1	155	10	21521	13.884516129032258	0.06974679314303442	AT5G12050	False	1.0		False		big		AT5G12050
w:osbp	word	osbp	1	155	10	21521	13.884516129032258	0.06974679314303442	AT5G57240	False	1.0		False		osbp		ORP4C
p:polarity establishment	phrase	polarity establishment	1	155	10	21521	13.884516129032258	0.06974679314303442	AT5G60990	False	1.0		False		polarity establishment		RH10
w:transmitting	word	transmitting	1	155	10	21521	13.884516129032258	0.06974679314303442	AT5G67060	False	1.0		False		transmitting		HEC1
w:integrator	word	integrator	1	155	11	21521	12.622287390029326	0.0764498402846285	AT1G06160	False	1.0		False		integrator		ORA59
w:barely	word	barely	1	155	11	21521	12.622287390029326	0.0764498402846285	AT1G09530	False	1.0		False		barely		PIF3
w:inosine	word	inosine	1	155	11	21521	12.622287390029326	0.0764498402846285	AT1G79470	False	1.0		False		inosine		IMPDH
p:rop interactive	phrase	rop interactive	1	155	11	21521	12.622287390029326	0.0764498402846285	AT2G33460	False	1.0		False		rop interactive		RIC1
p:downstream effector	phrase	downstream effector	1	155	11	21521	12.622287390029326	0.0764498402846285	AT2G33460	False	1.0		False		downstream effector		RIC1
p:geranylgeranyl pyrophosphate	phrase	geranylgeranyl pyrophosphate	1	155	11	21521	12.622287390029326	0.0764498402846285	AT3G14510	False	1.0		False		geranylgeranyl pyrophosphate		AT3G14510
w:phosphodiester	word	phosphodiester	1	155	11	21521	12.622287390029326	0.0764498402846285	AT3G56170	False	1.0		False		phosphodiester		CAN
w:responding	word	responding	1	155	11	21521	12.622287390029326	0.0764498402846285	AT4G26220	False	1.0		False		responding		AT4G26220
w:phosphofructokinase	word	phosphofructokinase	1	155	11	21521	12.622287390029326	0.0764498402846285	AT4G26270	False	1.0		False		phosphofructokinase		PFK3
w:pfka	word	pfka	1	155	11	21521	12.622287390029326	0.0764498402846285	AT4G26270	False	1.0		False		pfka		PFK3
p:wound responsive	phrase	wound responsive	1	155	11	21521	12.622287390029326	0.0764498402846285	AT4G33560	False	1.0		False		wound responsive		WIP5
p:coumaroyl coa	phrase	coumaroyl coa	1	155	11	21521	12.622287390029326	0.0764498402846285	AT5G61160	False	1.0		False		coumaroyl coa		AACT1
p:purine permease	phrase	purine permease	1	155	12	21521	11.570430107526882	0.08310489722353515	AT1G28220	False	1.0		False		purine permease		PUP3
w:succinyl	word	succinyl	1	155	12	21521	11.570430107526882	0.08310489722353515	AT1G48320	False	1.0		False		succinyl		DHNAT1
w:cationic	word	cationic	1	155	12	21521	11.570430107526882	0.08310489722353515	AT1G77380	False	1.0		False		cationic		AAP3
w:arath	word	arath	1	155	12	21521	11.570430107526882	0.08310489722353515	AT2G16060	False	1.0		False		arath		HB1
p:trans‑farnesyl diphosphate	phrase	trans-farnesyl diphosphate	1	155	12	21521	11.570430107526882	0.08310489722353515	AT3G14510	False	1.0		False		trans-farnesyl diphosphate		AT3G14510
w:geranyltranstransferase	word	geranyltranstransferase	1	155	12	21521	11.570430107526882	0.08310489722353515	AT3G14510	False	1.0		False		geranyltranstransferase		AT3G14510
w:trans‑farnesyl	word	trans-farnesyl	1	155	12	21521	11.570430107526882	0.08310489722353515	AT3G14510	False	1.0		False		trans-farnesyl		AT3G14510
p:tail shortening	phrase	tail shortening	1	155	12	21521	11.570430107526882	0.08310489722353515	AT3G44260	False	1.0		False		tail shortening		CAF1a
w:glycolate	word	glycolate	1	155	12	21521	11.570430107526882	0.08310489722353515	AT4G22840	False	1.0		False		glycolate		BASS6
p:caffeoyl coa	phrase	caffeoyl coa	1	155	12	21521	11.570430107526882	0.08310489722353515	AT4G26220	False	1.0		False		caffeoyl coa		AT4G26220
w:caffeoyl	word	caffeoyl	1	155	12	21521	11.570430107526882	0.08310489722353515	AT4G26220	False	1.0		False		caffeoyl		AT4G26220
w:clade	word	clade	1	155	12	21521	11.570430107526882	0.08310489722353515	AT4G26270	False	1.0		False		clade		PFK3
w:pfk	word	pfk	1	155	12	21521	11.570430107526882	0.08310489722353515	AT4G26270	False	1.0		False		pfk		PFK3
w:tetra	word	tetra	1	155	12	21521	11.570430107526882	0.08310489722353515	AT4G27730	False	1.0		False		tetra		OPT6
w:relocation	word	relocation	1	155	12	21521	11.570430107526882	0.08310489722353515	AT5G05190	False	1.0		False		relocation		EDR4
w:prephenate	word	prephenate	1	155	12	21521	11.570430107526882	0.08310489722353515	AT5G22630	False	1.0		False		prephenate		ADT5
w:cross‑talk	word	cross-talk	1	155	12	21521	11.570430107526882	0.08310489722353515	AT5G39610	False	1.0		False		cross-talk		NAC6
w:oxysterol	word	oxysterol	1	155	12	21521	11.570430107526882	0.08310489722353515	AT5G57240	False	1.0		False		oxysterol		ORP4C
p:palmitoyl coa	phrase	palmitoyl coa	1	155	13	21521	10.680397022332507	0.08971230532853083	AT1G48320	False	1.0		False		palmitoyl coa		DHNAT1
w:germinating	word	germinating	1	155	13	21521	10.680397022332507	0.08971230532853083	AT1G75390	False	1.0		False		germinating		bZIP44
p:kup transporter	phrase	kup transporter	1	155	13	21521	10.680397022332507	0.08971230532853083	AT2G30070	False	1.0		False		kup transporter		KT1
p:hak kup	phrase	hak kup	1	155	13	21521	10.680397022332507	0.08971230532853083	AT2G30070	False	1.0		False		hak kup		KT1
w:kup	word	kup	1	155	13	21521	10.680397022332507	0.08971230532853083	AT2G30070	False	1.0		False		kup		KT1
w:hak	word	hak	1	155	13	21521	10.680397022332507	0.08971230532853083	AT2G30070	False	1.0		False		hak		KT1
w:microfilament	word	microfilament	1	155	13	21521	10.680397022332507	0.08971230532853083	AT2G33460	False	1.0		False		microfilament		RIC1
w:rops	word	rops	1	155	13	21521	10.680397022332507	0.08971230532853083	AT2G33460	False	1.0		False		rops		RIC1
w:polyprenyl	word	polyprenyl	1	155	13	21521	10.680397022332507	0.08971230532853083	AT3G14510	False	1.0		False		polyprenyl		AT3G14510
w:aperture	word	aperture	1	155	13	21521	10.680397022332507	0.08971230532853083	AT3G27580	False	1.0		False		aperture		ATPK7
w:pentapeptide	word	pentapeptide	1	155	13	21521	10.680397022332507	0.08971230532853083	AT4G27730	False	1.0		False		pentapeptide		OPT6
p:etiolated seedling	phrase	etiolated seedling	1	155	13	21521	10.680397022332507	0.08971230532853083	AT5G02760	False	1.0		False		etiolated seedling		PP2C67
w:oxoacyl	word	oxoacyl	1	155	13	21521	10.680397022332507	0.08971230532853083	AT5G04520	False	1.0		False		oxoacyl		AT5G04520
p:enhanced disease	phrase	enhanced disease	1	155	13	21521	10.680397022332507	0.08971230532853083	AT5G05190	False	1.0		False		enhanced disease		EDR4
p:beta amylase	phrase	beta amylase	1	155	13	21521	10.680397022332507	0.08971230532853083	AT5G18670	False	1.0		False		beta amylase		BMY3
w:trihelix	word	trihelix	1	155	13	21521	10.680397022332507	0.08971230532853083	AT5G28300	False	1.0		False		trihelix		AT5G28300
w:phylloquinone	word	phylloquinone	1	155	14	21521	9.917511520737328	0.09627240355589169	AT1G48320	False	1.0		False		phylloquinone		DHNAT1
p:varying acyl	phrase	varying acyl	1	155	14	21521	9.917511520737328	0.09627240355589169	AT1G49660	False	1.0		False		varying acyl		CXE5
w:gaba	word	gaba	1	155	14	21521	9.917511520737328	0.09627240355589169	AT1G77380	False	1.0		False		gaba		AAP3
w:gmp	word	gmp	1	155	14	21521	9.917511520737328	0.09627240355589169	AT1G79470	False	1.0		False		gmp		IMPDH
w:flooding	word	flooding	1	155	14	21521	9.917511520737328	0.09627240355589169	AT2G16060	False	1.0		False		flooding		HB1
w:ordered	word	ordered	1	155	14	21521	9.917511520737328	0.09627240355589169	AT2G33460	False	1.0		False		ordered		RIC1
p:sgnh hydrolase	phrase	sgnh hydrolase	1	155	14	21521	9.917511520737328	0.09627240355589169	AT3G11210	False	1.0		False		sgnh hydrolase		CPRD49
w:dimethylallyltranstransferase	word	dimethylallyltranstransferase	1	155	14	21521	9.917511520737328	0.09627240355589169	AT3G14510	False	1.0		False		dimethylallyltranstransferase		AT3G14510
w:hypoxic	word	hypoxic	1	155	14	21521	9.917511520737328	0.09627240355589169	AT5G03730	False	1.0		False		hypoxic		CTR1
k:Protein phosphatase inhibitor	keyword	Protein phosphatase inhibitor	1	155	14	21521	9.917511520737328	0.09627240355589169	AT5G05440	False	1.0		False		Protein phosphatase inhibitor		PYL5
w:egg	word	egg	1	155	15	21521	9.256344086021505	0.1027855284663319	AT1G03430	False	1.0		False		egg		AHP5
w:varying	word	varying	1	155	15	21521	9.256344086021505	0.1027855284663319	AT1G49660	False	1.0		False		varying		CXE5
k:Purine biosynthesis	keyword	Purine biosynthesis	1	155	15	21521	9.256344086021505	0.1027855284663319	AT1G79470	False	1.0		False		Purine biosynthesis		IMPDH
w:fibrillin	word	fibrillin	1	155	15	21521	9.256344086021505	0.1027855284663319	AT4G26080	False	1.0		False		fibrillin		ABI1
k:Cadmium	keyword	Cadmium	1	155	15	21521	9.256344086021505	0.1027855284663319	AT4G38580	False	1.0		False		Cadmium		FP6
w:etiolated	word	etiolated	1	155	15	21521	9.256344086021505	0.1027855284663319	AT5G02760	False	1.0		False		etiolated		PP2C67
p:knox homeobox	phrase	knox homeobox	1	155	15	21521	9.256344086021505	0.1027855284663319	AT5G60990	False	1.0		False		knox homeobox		RH10
w:desaturation	word	desaturation	1	155	16	21521	8.677822580645161	0.10925201424182328	AT1G06080	False	1.0		False		desaturation		ADS1
p:low quercetin	phrase	low quercetin	1	155	16	21521	8.677822580645161	0.10925201424182328	AT1G07260	False	1.0		False		low quercetin		UGT71C3
w:repressed	word	repressed	1	155	16	21521	8.677822580645161	0.10925201424182328	AT1G18100	False	1.0		False		repressed		E12A11
p:reversible hydration	phrase	reversible hydration	1	155	16	21521	8.677822580645161	0.10925201424182328	AT1G23730	False	1.0		False		reversible hydration		BCA3
w:fcs	word	fcs	1	155	16	21521	8.677822580645161	0.10925201424182328	AT2G25690	False	1.0		False		fcs		FLZ11
p:conferring tissue	phrase	conferring tissue	1	155	16	21521	8.677822580645161	0.10925201424182328	AT2G25690	False	1.0		False		conferring tissue		FLZ11
w:flz	word	flz	1	155	16	21521	8.677822580645161	0.10925201424182328	AT2G25690	False	1.0		False		flz		FLZ11
w:tropinone	word	tropinone	1	155	16	21521	8.677822580645161	0.10925201424182328	AT2G29370	False	1.0		False		tropinone		AT2G29370
p:tropinone reductase	phrase	tropinone reductase	1	155	16	21521	8.677822580645161	0.10925201424182328	AT2G29370	False	1.0		False		tropinone reductase		AT2G29370
p:microtubule array	phrase	microtubule array	1	155	16	21521	8.677822580645161	0.10925201424182328	AT2G33460	False	1.0		False		microtubule array		RIC1
p:ggpp synthase	phrase	ggpp synthase	1	155	16	21521	8.677822580645161	0.10925201424182328	AT3G14510	False	1.0		False		ggpp synthase		AT3G14510
p:fpp ggpp	phrase	fpp ggpp	1	155	16	21521	8.677822580645161	0.10925201424182328	AT3G14510	False	1.0		False		fpp ggpp		AT3G14510
w:take	word	take	1	155	16	21521	8.677822580645161	0.10925201424182328	AT3G59900	False	1.0		False		take		ARGOS
w:glucosylate	word	glucosylate	1	155	16	21521	8.677822580645161	0.10925201424182328	AT4G15550	False	1.0		False		glucosylate		IAGLU
p:cytosolic sulfotransferase	phrase	cytosolic sulfotransferase	1	155	16	21521	8.677822580645161	0.10925201424182328	AT5G07000	False	1.0		False		cytosolic sulfotransferase		ST2B
p:sulfonate donor	phrase	sulfonate donor	1	155	16	21521	8.677822580645161	0.10925201424182328	AT5G07000	False	1.0		False		sulfonate donor		ST2B
w:clamp	word	clamp	1	155	16	21521	8.677822580645161	0.10925201424182328	AT5G25360	False	1.0		False		clamp		AT5G25360
w:amide	word	amide	1	155	16	21521	8.677822580645161	0.10925201424182328	AT5G61160	False	1.0		False		amide		AACT1
w:coumaroyl	word	coumaroyl	1	155	16	21521	8.677822580645161	0.10925201424182328	AT5G61160	False	1.0		False		coumaroyl		AACT1
w:tract	word	tract	1	155	16	21521	8.677822580645161	0.10925201424182328	AT5G67060	False	1.0		False		tract		HEC1
p:carbonate dehydratase	phrase	carbonate dehydratase	1	155	17	21521	8.167362428842504	0.11567219270229832	AT1G23730	False	1.0		False		carbonate dehydratase		BCA3
p:purine nucleoside	phrase	purine nucleoside	1	155	17	21521	8.167362428842504	0.11567219270229832	AT1G28220	False	1.0		False		purine nucleoside		PUP3
p:sexual reproduction	phrase	sexual reproduction	1	155	17	21521	8.167362428842504	0.11567219270229832	AT1G50060	False	1.0		False		sexual reproduction		AT1G50060
w:sexual	word	sexual	1	155	17	21521	8.167362428842504	0.11567219270229832	AT1G50060	False	1.0		False		sexual		AT1G50060
w:improve	word	improve	1	155	17	21521	8.167362428842504	0.11567219270229832	AT1G78090	False	1.0		False		improve		TPPB
w:sgnh	word	sgnh	1	155	17	21521	8.167362428842504	0.11567219270229832	AT3G11210	False	1.0		False		sgnh		CPRD49
w:ggpp	word	ggpp	1	155	17	21521	8.167362428842504	0.11567219270229832	AT3G14510	False	1.0		False		ggpp		AT3G14510
p:basipetal auxin	phrase	basipetal auxin	1	155	17	21521	8.167362428842504	0.11567219270229832	AT3G27580	False	1.0		False		basipetal auxin		ATPK7
w:ppi	word	ppi	1	155	17	21521	8.167362428842504	0.11567219270229832	AT4G26270	False	1.0		False		ppi		PFK3
p:duplicated homeodomain	phrase	duplicated homeodomain	1	155	17	21521	8.167362428842504	0.11567219270229832	AT5G28300	False	1.0		False		duplicated homeodomain		AT5G28300
p:interleukin resistance	phrase	interleukin resistance	1	155	17	21521	8.167362428842504	0.11567219270229832	AT5G44910	False	1.0		False		interleukin resistance		AT5G44910
w:carbonic	word	carbonic	1	155	18	21521	7.713620071684588	0.12204639332223617	AT1G23730	False	1.0		False		carbonic		BCA3
p:carbonic anhydrase	phrase	carbonic anhydrase	1	155	18	21521	7.713620071684588	0.12204639332223617	AT1G23730	False	1.0		False		carbonic anhydrase		BCA3
w:anhydrase	word	anhydrase	1	155	18	21521	7.713620071684588	0.12204639332223617	AT1G23730	False	1.0		False		anhydrase		BCA3
w:carbonate	word	carbonate	1	155	18	21521	7.713620071684588	0.12204639332223617	AT1G23730	False	1.0		False		carbonate		BCA3
w:laccase	word	laccase	1	155	18	21521	7.713620071684588	0.12204639332223617	AT1G64160	False	1.0		False		laccase		DIR5
w:imp	word	imp	1	155	18	21521	7.713620071684588	0.12204639332223617	AT1G79470	False	1.0		False		imp		IMPDH
w:nitrite	word	nitrite	1	155	18	21521	7.713620071684588	0.12204639332223617	AT2G16060	False	1.0		False		nitrite		HB1
w:barrier	word	barrier	1	155	18	21521	7.713620071684588	0.12204639332223617	AT2G26740	False	1.0		False		barrier		SEH
w:triterpene	word	triterpene	1	155	18	21521	7.713620071684588	0.12204639332223617	AT2G26740	False	1.0		False		triterpene		SEH
w:rhizosphere	word	rhizosphere	1	155	18	21521	7.713620071684588	0.12204639332223617	AT2G30070	False	1.0		False		rhizosphere		KT1
w:close	word	close	1	155	18	21521	7.713620071684588	0.12204639332223617	AT2G42530	False	1.0		False		close		COR15B
p:geranyl diphosphate	phrase	geranyl diphosphate	1	155	18	21521	7.713620071684588	0.12204639332223617	AT3G14510	False	1.0		False		geranyl diphosphate		AT3G14510
w:tripeptide	word	tripeptide	1	155	18	21521	7.713620071684588	0.12204639332223617	AT5G01180	False	1.0		False		tripeptide		PTR5
w:pyl	word	pyl	1	155	18	21521	7.713620071684588	0.12204639332223617	AT5G05440	False	1.0		False		pyl		PYL5
w:pyr	word	pyr	1	155	18	21521	7.713620071684588	0.12204639332223617	AT5G05440	False	1.0		False		pyr		PYL5
p:pyl rcar	phrase	pyl rcar	1	155	18	21521	7.713620071684588	0.12204639332223617	AT5G05440	False	1.0		False		pyl rcar		PYL5
p:pyr pyl	phrase	pyr pyl	1	155	18	21521	7.713620071684588	0.12204639332223617	AT5G05440	False	1.0		False		pyr pyl		PYL5
w:rcar	word	rcar	1	155	18	21521	7.713620071684588	0.12204639332223617	AT5G05440	False	1.0		False		rcar		PYL5
p:rcar abscisic	phrase	rcar abscisic	1	155	18	21521	7.713620071684588	0.12204639332223617	AT5G05440	False	1.0		False		rcar abscisic		PYL5
p:hyaloperonospora arabidopsidis	phrase	hyaloperonospora arabidopsidis	1	155	18	21521	7.713620071684588	0.12204639332223617	AT5G39610	False	1.0		False		hyaloperonospora arabidopsidis		NAC6
p:toll interleukin	phrase	toll interleukin	1	155	18	21521	7.713620071684588	0.12204639332223617	AT5G44910	False	1.0		False		toll interleukin		AT5G44910
w:toll	word	toll	1	155	18	21521	7.713620071684588	0.12204639332223617	AT5G44910	False	1.0		False		toll		AT5G44910
w:enodl	word	enodl	1	155	18	21521	7.713620071684588	0.12204639332223617	AT5G57920	False	1.0		False		enodl		ENODL10
p:histone deacetylation	phrase	histone deacetylation	1	155	19	21521	7.307640067911715	0.12837494324713292	AT1G09530	False	1.0		False		histone deacetylation		PIF3
p:coa thioester	phrase	coa thioester	1	155	19	21521	7.307640067911715	0.12837494324713292	AT1G48320	False	1.0		False		coa thioester		DHNAT1
w:gdxg	word	gdxg	1	155	19	21521	7.307640067911715	0.12837494324713292	AT1G49660	False	1.0		False		gdxg		CXE5
p:gdxg lipolytic	phrase	gdxg lipolytic	1	155	19	21521	7.307640067911715	0.12837494324713292	AT1G49660	False	1.0		False		gdxg lipolytic		CXE5
k:Serine esterase	keyword	Serine esterase	1	155	19	21521	7.307640067911715	0.12837494324713292	AT1G49660	False	1.0		False		Serine esterase		CXE5
p:tim barrel	phrase	tim barrel	1	155	19	21521	7.307640067911715	0.12837494324713292	AT1G79470	False	1.0		False		tim barrel		IMPDH
p:photoperiodic flowering	phrase	photoperiodic flowering	1	155	19	21521	7.307640067911715	0.12837494324713292	AT2G34140	False	1.0		False		photoperiodic flowering		CDF4
w:aggregation	word	aggregation	1	155	19	21521	7.307640067911715	0.12837494324713292	AT2G42530	False	1.0		False		aggregation		COR15B
w:genomic	word	genomic	1	155	19	21521	7.307640067911715	0.12837494324713292	AT3G56170	False	1.0		False		genomic		CAN
p:pathogen pseudomonas	phrase	pathogen pseudomonas	1	155	19	21521	7.307640067911715	0.12837494324713292	AT4G26080	False	1.0		False		pathogen pseudomonas		ABI1
k:Lignin biosynthesis	keyword	Lignin biosynthesis	1	155	19	21521	7.307640067911715	0.12837494324713292	AT4G26220	False	1.0		False		Lignin biosynthesis		AT4G26220
w:fitness	word	fitness	1	155	19	21521	7.307640067911715	0.12837494324713292	AT5G02760	False	1.0		False		fitness		PP2C67
p:powdery mildew	phrase	powdery mildew	1	155	19	21521	7.307640067911715	0.12837494324713292	AT5G05190	False	1.0		False		powdery mildew		EDR4
w:powdery	word	powdery	1	155	19	21521	7.307640067911715	0.12837494324713292	AT5G05190	False	1.0		False		powdery		EDR4
w:amylase	word	amylase	1	155	19	21521	7.307640067911715	0.12837494324713292	AT5G18670	False	1.0		False		amylase		BMY3
w:shikimate	word	shikimate	1	155	19	21521	7.307640067911715	0.12837494324713292	AT5G22630	False	1.0		False		shikimate		ADT5
w:duplicated	word	duplicated	1	155	19	21521	7.307640067911715	0.12837494324713292	AT5G28300	False	1.0		False		duplicated		AT5G28300
w:onset	word	onset	1	155	19	21521	7.307640067911715	0.12837494324713292	AT5G39610	False	1.0		False		onset		NAC6
p:early nodulin	phrase	early nodulin	1	155	19	21521	7.307640067911715	0.12837494324713292	AT5G57920	False	1.0		False		early nodulin		ENODL10
w:dea	word	dea	1	155	19	21521	7.307640067911715	0.12837494324713292	AT5G60990	False	1.0		False		dea		RH10
w:preferred	word	preferred	1	155	19	21521	7.307640067911715	0.12837494324713292	AT5G61160	False	1.0		False		preferred		AACT1
p:broad specificity	phrase	broad specificity	1	155	20	21521	6.942258064516129	0.1346581673098571	AT1G77380	False	1.0		False		broad specificity		AAP3
p:necrotrophic pathogen	phrase	necrotrophic pathogen	1	155	20	21521	6.942258064516129	0.1346581673098571	AT3G14230	False	1.0		False		necrotrophic pathogen		RAP2.2
w:inward	word	inward	1	155	20	21521	6.942258064516129	0.1346581673098571	AT4G26080	False	1.0		False		inward		ABI1
w:reorganization	word	reorganization	1	155	20	21521	6.942258064516129	0.1346581673098571	AT4G26080	False	1.0		False		reorganization		ABI1
w:treatment	word	treatment	1	155	20	21521	6.942258064516129	0.1346581673098571	AT4G26080	False	1.0		False		treatment		ABI1
w:stimuli	word	stimuli	1	155	20	21521	6.942258064516129	0.1346581673098571	AT4G26080	False	1.0		False		stimuli		ABI1
w:delay	word	delay	1	155	20	21521	6.942258064516129	0.1346581673098571	AT5G13330	False	1.0		False		delay		Rap2.6L
p:inflorescence stem	phrase	inflorescence stem	1	155	20	21521	6.942258064516129	0.1346581673098571	AT5G13330	False	1.0		False		inflorescence stem		Rap2.6L
w:interleukin	word	interleukin	1	155	20	21521	6.942258064516129	0.1346581673098571	AT5G44910	False	1.0		False		interleukin		AT5G44910
w:hydroxymethyl	word	hydroxymethyl	1	155	21	21521	6.6116743471582184	0.14089638804689125	AT1G22440	False	1.0		False		hydroxymethyl		AT1G22440
p:active lignan	phrase	active lignan	1	155	21	21521	6.6116743471582184	0.14089638804689125	AT1G64160	False	1.0		False		active lignan		DIR5
w:phenoxy	word	phenoxy	1	155	21	21521	6.6116743471582184	0.14089638804689125	AT1G64160	False	1.0		False		phenoxy		DIR5
p:phenoxy radical	phrase	phenoxy radical	1	155	21	21521	6.6116743471582184	0.14089638804689125	AT1G64160	False	1.0		False		phenoxy radical		DIR5
w:impart	word	impart	1	155	21	21521	6.6116743471582184	0.14089638804689125	AT1G64160	False	1.0		False		impart		DIR5
p:impart stereoselectivity	phrase	impart stereoselectivity	1	155	21	21521	6.6116743471582184	0.14089638804689125	AT1G64160	False	1.0		False		impart stereoselectivity		DIR5
p:coupling reaction	phrase	coupling reaction	1	155	21	21521	6.6116743471582184	0.14089638804689125	AT1G64160	False	1.0		False		coupling reaction		DIR5
w:catalyzed	word	catalyzed	1	155	21	21521	6.6116743471582184	0.14089638804689125	AT1G64160	False	1.0		False		catalyzed		DIR5
w:optically	word	optically	1	155	21	21521	6.6116743471582184	0.14089638804689125	AT1G64160	False	1.0		False		optically		DIR5
p:radical coupling	phrase	radical coupling	1	155	21	21521	6.6116743471582184	0.14089638804689125	AT1G64160	False	1.0		False		radical coupling		DIR5
w:dirigent	word	dirigent	1	155	21	21521	6.6116743471582184	0.14089638804689125	AT1G64160	False	1.0		False		dirigent		DIR5
p:yielding optically	phrase	yielding optically	1	155	21	21521	6.6116743471582184	0.14089638804689125	AT1G64160	False	1.0		False		yielding optically		DIR5
w:flavonolignan	word	flavonolignan	1	155	21	21521	6.6116743471582184	0.14089638804689125	AT1G64160	False	1.0		False		flavonolignan		DIR5
p:optically active	phrase	optically active	1	155	21	21521	6.6116743471582184	0.14089638804689125	AT1G64160	False	1.0		False		optically active		DIR5
p:trehalose phosphatase	phrase	trehalose phosphatase	1	155	21	21521	6.6116743471582184	0.14089638804689125	AT1G78090	False	1.0		False		trehalose phosphatase		TPPB
p:trehalose phosphate	phrase	trehalose phosphate	1	155	21	21521	6.6116743471582184	0.14089638804689125	AT1G78090	False	1.0		False		trehalose phosphate		TPPB
w:interactive	word	interactive	1	155	21	21521	6.6116743471582184	0.14089638804689125	AT2G33460	False	1.0		False		interactive		RIC1
w:dmapp	word	dmapp	1	155	21	21521	6.6116743471582184	0.14089638804689125	AT3G14510	False	1.0		False		dmapp		AT3G14510
w:sulfonate	word	sulfonate	1	155	21	21521	6.6116743471582184	0.14089638804689125	AT5G07000	False	1.0		False		sulfonate		ST2B
w:phytocyanin	word	phytocyanin	1	155	21	21521	6.6116743471582184	0.14089638804689125	AT5G57920	False	1.0		False		phytocyanin		ENODL10
w:putrescine	word	putrescine	1	155	21	21521	6.6116743471582184	0.14089638804689125	AT5G61160	False	1.0		False		putrescine		AACT1
w:mgdg	word	mgdg	1	155	22	21521	6.311143695014663	0.14708992571446017	AT1G06080	False	1.0		False		mgdg		ADS1
w:hydration	word	hydration	1	155	22	21521	6.311143695014663	0.14708992571446017	AT1G23730	False	1.0		False		hydration		BCA3
w:dihydroxy	word	dihydroxy	1	155	22	21521	6.311143695014663	0.14708992571446017	AT1G48320	False	1.0		False		dihydroxy		DHNAT1
w:stereoselectivity	word	stereoselectivity	1	155	22	21521	6.311143695014663	0.14708992571446017	AT1G64160	False	1.0		False		stereoselectivity		DIR5
p:trehalose biosynthetic	phrase	trehalose biosynthetic	1	155	22	21521	6.311143695014663	0.14708992571446017	AT1G78090	False	1.0		False		trehalose biosynthetic		TPPB
p:transferring phosphorus	phrase	transferring phosphorus	1	155	22	21521	6.311143695014663	0.14708992571446017	AT2G40940	False	1.0		False		transferring phosphorus		ERS1
w:zone	word	zone	1	155	22	21521	6.311143695014663	0.14708992571446017	AT2G47270	False	1.0		False		zone		UPB1
w:geranyl	word	geranyl	1	155	22	21521	6.311143695014663	0.14708992571446017	AT3G14510	False	1.0		False		geranyl		AT3G14510
k:Carotenoid biosynthesis	keyword	Carotenoid biosynthesis	1	155	22	21521	6.311143695014663	0.14708992571446017	AT3G14510	False	1.0		False		Carotenoid biosynthesis		AT3G14510
w:photoprotection	word	photoprotection	1	155	22	21521	6.311143695014663	0.14708992571446017	AT4G26080	False	1.0		False		photoprotection		ABI1
p:phosphoprotein phosphatase	phrase	phosphoprotein phosphatase	1	155	22	21521	6.311143695014663	0.14708992571446017	AT4G26080	False	1.0		False		phosphoprotein phosphatase		ABI1
w:permeability	word	permeability	1	155	22	21521	6.311143695014663	0.14708992571446017	AT4G26080	False	1.0		False		permeability		ABI1
w:autonomous	word	autonomous	1	155	22	21521	6.311143695014663	0.14708992571446017	AT5G09970	False	1.0		False		autonomous		CYP78A7
w:chorismate	word	chorismate	1	155	22	21521	6.311143695014663	0.14708992571446017	AT5G22630	False	1.0		False		chorismate		ADT5
w:stm	word	stm	1	155	22	21521	6.311143695014663	0.14708992571446017	AT5G60990	False	1.0		False		stm		RH10
w:etiolation	word	etiolation	1	155	23	21521	6.036746143057504	0.15323909830454616	AT1G09530	False	1.0		False		etiolation		PIF3
w:deacetylation	word	deacetylation	1	155	23	21521	6.036746143057504	0.15323909830454616	AT1G09530	False	1.0		False		deacetylation		PIF3
w:soil	word	soil	1	155	23	21521	6.036746143057504	0.15323909830454616	AT2G16060	False	1.0		False		soil		HB1
w:difference	word	difference	1	155	23	21521	6.036746143057504	0.15323909830454616	AT2G25690	False	1.0		False		difference		FLZ11
w:shortening	word	shortening	1	155	23	21521	6.036746143057504	0.15323909830454616	AT3G44260	False	1.0		False		shortening		CAF1a
w:pro	word	pro	1	155	23	21521	6.036746143057504	0.15323909830454616	AT4G26080	False	1.0		False		pro		ABI1
w:sulfotransferase	word	sulfotransferase	1	155	23	21521	6.036746143057504	0.15323909830454616	AT5G07000	False	1.0		False		sulfotransferase		ST2B
w:pavement	word	pavement	1	155	24	21521	5.785215053763441	0.15934422156079292	AT2G33460	False	1.0		False		pavement		RIC1
w:ipp	word	ipp	1	155	24	21521	5.785215053763441	0.15934422156079292	AT3G14510	False	1.0		False		ipp		AT3G14510
w:thaumatin	word	thaumatin	1	155	24	21521	5.785215053763441	0.15934422156079292	AT4G11650	False	1.0		False		thaumatin		OSM34
p:clathrin coat	phrase	clathrin coat	1	155	24	21521	5.785215053763441	0.15934422156079292	AT4G12770	False	1.0		False		clathrin coat		AT4G12770
p:secondary metabolism	phrase	secondary metabolism	1	155	25	21521	5.553806451612903	0.16540560899429887	AT1G64160	False	1.0		False		secondary metabolism		DIR5
p:rate limiting	phrase	rate limiting	1	155	25	21521	5.553806451612903	0.16540560899429887	AT1G79470	False	1.0		False		rate limiting		IMPDH
w:tim	word	tim	1	155	25	21521	5.553806451612903	0.16540560899429887	AT1G79470	False	1.0		False		tim		IMPDH
w:fpp	word	fpp	1	155	25	21521	5.553806451612903	0.16540560899429887	AT3G14510	False	1.0		False		fpp		AT3G14510
w:bending	word	bending	1	155	25	21521	5.553806451612903	0.16540560899429887	AT3G27580	False	1.0		False		bending		ATPK7
w:chx	word	chx	1	155	25	21521	5.553806451612903	0.16540560899429887	AT4G23700	False	1.0		False		chx		CHX17
p:poly‑ubiquitin precursor	phrase	poly-ubiquitin precursor	1	155	25	21521	5.553806451612903	0.16540560899429887	AT5G65450	False	1.0		False		poly-ubiquitin precursor		UBP17
w:alkaloid	word	alkaloid	1	155	26	21521	5.340198511166253	0.1714235718992992	AT1G64160	False	1.0		False		alkaloid		DIR5
p:geranylgeranyl diphosphate	phrase	geranylgeranyl diphosphate	1	155	26	21521	5.340198511166253	0.1714235718992992	AT3G14510	False	1.0		False		geranylgeranyl diphosphate		AT3G14510
w:phototropism	word	phototropism	1	155	26	21521	5.340198511166253	0.1714235718992992	AT3G27580	False	1.0		False		phototropism		ATPK7
p:berberine bridge	phrase	berberine bridge	1	155	26	21521	5.340198511166253	0.1714235718992992	AT4G20830	False	1.0		False		berberine bridge		AT4G20830
w:atbbe	word	atbbe	1	155	26	21521	5.340198511166253	0.1714235718992992	AT4G20830	False	1.0		False		atbbe		AT4G20830
w:berberine	word	berberine	1	155	26	21521	5.340198511166253	0.1714235718992992	AT4G20830	False	1.0		False		berberine		AT4G20830
w:sub‑subfamily	word	sub-subfamily	1	155	26	21521	5.340198511166253	0.1714235718992992	AT4G26270	False	1.0		False		sub-subfamily		PFK3
w:ceramide	word	ceramide	1	155	26	21521	5.340198511166253	0.1714235718992992	AT5G03730	False	1.0		False		ceramide		CTR1
w:paps	word	paps	1	155	26	21521	5.340198511166253	0.1714235718992992	AT5G07000	False	1.0		False		paps		ST2B
k:Pyrrolidone carboxylic acid	keyword	Pyrrolidone carboxylic acid	1	155	26	21521	5.340198511166253	0.1714235718992992	AT5G19890	False	1.0		False		Pyrrolidone carboxylic acid		PER59
k:Apoptosis	keyword	Apoptosis	1	155	26	21521	5.340198511166253	0.1714235718992992	AT5G39610	False	1.0		False		Apoptosis		NAC6
w:cooperatively	word	cooperatively	1	155	26	21521	5.340198511166253	0.1714235718992992	AT5G60990	False	1.0		False		cooperatively		RH10
p:terminal gly	phrase	terminal gly	1	155	26	21521	5.340198511166253	0.1714235718992992	AT5G65450	False	1.0		False		terminal gly		UBP17
p:gynoecium development	phrase	gynoecium development	1	155	26	21521	5.340198511166253	0.1714235718992992	AT5G67060	False	1.0		False		gynoecium development		HEC1
w:agent	word	agent	1	155	27	21521	5.142413381123059	0.1773984193687389	AT2G26740	False	1.0		False		agent		SEH
p:transferase tau	phrase	transferase tau	1	155	27	21521	5.142413381123059	0.1773984193687389	AT2G29440	False	1.0		False		transferase tau		GSTU6
w:photoperiodic	word	photoperiodic	1	155	27	21521	5.142413381123059	0.1773984193687389	AT2G34140	False	1.0		False		photoperiodic		CDF4
w:efficiently	word	efficiently	1	155	27	21521	5.142413381123059	0.1773984193687389	AT5G05440	False	1.0		False		efficiently		PYL5
p:reproductive structure	phrase	reproductive structure	1	155	27	21521	5.142413381123059	0.1773984193687389	AT5G09970	False	1.0		False		reproductive structure		CYP78A7
w:relative	word	relative	1	155	27	21521	5.142413381123059	0.1773984193687389	AT5G09970	False	1.0		False		relative		CYP78A7
w:thiamine	word	thiamine	1	155	27	21521	5.142413381123059	0.1773984193687389	AT5G49410	False	1.0		False		thiamine		AT5G49410
w:della	word	della	1	155	28	21521	4.958755760368664	0.18333045830973851	AT1G18100	False	1.0		False		della		E12A11
k:S-nitrosylation	keyword	S-nitrosylation	1	155	28	21521	4.958755760368664	0.18333045830973851	AT1G23730	False	1.0		False		S-nitrosylation		BCA3
p:purine nucleobase	phrase	purine nucleobase	1	155	28	21521	4.958755760368664	0.18333045830973851	AT1G28220	False	1.0		False		purine nucleobase		PUP3
w:conferring	word	conferring	1	155	28	21521	4.958755760368664	0.18333045830973851	AT2G25690	False	1.0		False		conferring		FLZ11
w:protecting	word	protecting	1	155	28	21521	4.958755760368664	0.18333045830973851	AT2G26740	False	1.0		False		protecting		SEH
w:tau	word	tau	1	155	28	21521	4.958755760368664	0.18333045830973851	AT2G29440	False	1.0		False		tau		GSTU6
p:short‑lived transcriptional	phrase	short-lived transcriptional	1	155	28	21521	4.958755760368664	0.18333045830973851	AT3G23030	False	1.0		False		short-lived transcriptional		IAA2
w:gat	word	gat	1	155	28	21521	4.958755760368664	0.18333045830973851	AT3G60530	False	1.0		False		gat		GATA4
w:survival	word	survival	1	155	28	21521	4.958755760368664	0.18333045830973851	AT4G26080	False	1.0		False		survival		ABI1
p:adenylyl sulfate	phrase	adenylyl sulfate	1	155	28	21521	4.958755760368664	0.18333045830973851	AT5G07000	False	1.0		False		adenylyl sulfate		ST2B
w:utiliz	word	utiliz	1	155	28	21521	4.958755760368664	0.18333045830973851	AT5G07000	False	1.0		False		utiliz		ST2B
w:arabidopsidis	word	arabidopsidis	1	155	28	21521	4.958755760368664	0.18333045830973851	AT5G39610	False	1.0		False		arabidopsidis		NAC6
w:pre‑rrna	word	pre-rrna	1	155	28	21521	4.958755760368664	0.18333045830973851	AT5G60990	False	1.0		False		pre-rrna		RH10
w:observed	word	observed	1	155	28	21521	4.958755760368664	0.18333045830973851	AT5G61160	False	1.0		False		observed		AACT1
p:ubiquitin thioesterase	phrase	ubiquitin thioesterase	1	155	28	21521	4.958755760368664	0.18333045830973851	AT5G65450	False	1.0		False		ubiquitin thioesterase		UBP17
w:lignan	word	lignan	1	155	29	21521	4.787764182424916	0.18921999345894944	AT1G64160	False	1.0		False		lignan		DIR5
w:trehalose	word	trehalose	1	155	29	21521	4.787764182424916	0.18921999345894944	AT1G78090	False	1.0		False		trehalose		TPPB
w:inhibited	word	inhibited	1	155	29	21521	4.787764182424916	0.18921999345894944	AT2G33460	False	1.0		False		inhibited		RIC1
p:white brown	phrase	white brown	1	155	29	21521	4.787764182424916	0.18921999345894944	AT2G39350	False	1.0		False		white brown		ABCG1
w:glycolysis	word	glycolysis	1	155	29	21521	4.787764182424916	0.18921999345894944	AT4G26270	False	1.0		False		glycolysis		PFK3
w:property	word	property	1	155	30	21521	4.6281720430107525	0.1950673273978039	AT2G26740	False	1.0		False		property		SEH
p:eye pigment	phrase	eye pigment	1	155	30	21521	4.6281720430107525	0.1950673273978039	AT2G39350	False	1.0		False		eye pigment		ABCG1
w:eye	word	eye	1	155	30	21521	4.6281720430107525	0.1950673273978039	AT2G39350	False	1.0		False		eye		ABCG1
p:precursor importer	phrase	precursor importer	1	155	30	21521	4.6281720430107525	0.1950673273978039	AT2G39350	False	1.0		False		precursor importer		ABCG1
p:pigment precursor	phrase	pigment precursor	1	155	30	21521	4.6281720430107525	0.1950673273978039	AT2G39350	False	1.0		False		pigment precursor		ABCG1
w:basipetal	word	basipetal	1	155	30	21521	4.6281720430107525	0.1950673273978039	AT3G27580	False	1.0		False		basipetal		ATPK7
w:acetate	word	acetate	1	155	30	21521	4.6281720430107525	0.1950673273978039	AT4G15550	False	1.0		False		acetate		IAGLU
w:availability	word	availability	1	155	30	21521	4.6281720430107525	0.1950673273978039	AT4G26080	False	1.0		False		availability		ABI1
k:Endocytosis	keyword	Endocytosis	1	155	30	21521	4.6281720430107525	0.1950673273978039	AT5G05190	False	1.0		False		Endocytosis		EDR4
w:grain	word	grain	1	155	30	21521	4.6281720430107525	0.1950673273978039	AT5G12050	False	1.0		False		grain		AT5G12050
p:rho gtpase	phrase	rho gtpase	1	155	30	21521	4.6281720430107525	0.1950673273978039	AT5G12050	False	1.0		False		rho gtpase		AT5G12050
w:poly‑ubiquitin	word	poly-ubiquitin	1	155	30	21521	4.6281720430107525	0.1950673273978039	AT5G65450	False	1.0		False		poly-ubiquitin		UBP17
w:carboxylesterase	word	carboxylesterase	1	155	31	21521	4.478876170655567	0.20087276056765832	AT1G49660	False	1.0		False		carboxylesterase		CXE5
w:constan	word	constan	1	155	31	21521	4.478876170655567	0.20087276056765832	AT2G34140	False	1.0		False		constan		CDF4
w:brown	word	brown	1	155	31	21521	4.478876170655567	0.20087276056765832	AT2G39350	False	1.0		False		brown		ABCG1
w:hybrid	word	hybrid	1	155	31	21521	4.478876170655567	0.20087276056765832	AT3G23150	False	1.0		False		hybrid		ETR2
w:stomata	word	stomata	1	155	31	21521	4.478876170655567	0.20087276056765832	AT4G26080	False	1.0		False		stomata		ABI1
w:increased	word	increased	1	155	31	21521	4.478876170655567	0.20087276056765832	AT4G26220	False	1.0		False		increased		AT4G26220
w:mildew	word	mildew	1	155	31	21521	4.478876170655567	0.20087276056765832	AT5G05190	False	1.0		False		mildew		EDR4
p:asymmetric leave	phrase	asymmetric leave	1	155	31	21521	4.478876170655567	0.20087276056765832	AT5G60990	False	1.0		False		asymmetric leave		RH10
w:gynoecium	word	gynoecium	1	155	31	21521	4.478876170655567	0.20087276056765832	AT5G67060	False	1.0		False		gynoecium		HEC1
w:yielding	word	yielding	1	155	32	21521	4.338911290322581	0.2066365912848298	AT1G64160	False	1.0		False		yielding		DIR5
p:dof zinc	phrase	dof zinc	1	155	32	21521	4.338911290322581	0.2066365912848298	AT2G34140	False	1.0		False		dof zinc		CDF4
w:importer	word	importer	1	155	32	21521	4.338911290322581	0.2066365912848298	AT2G39350	False	1.0		False		importer		ABCG1
w:stromal	word	stromal	1	155	32	21521	4.338911290322581	0.2066365912848298	AT2G42530	False	1.0		False		stromal		COR15B
p:farnesyl diphosphate	phrase	farnesyl diphosphate	1	155	32	21521	4.338911290322581	0.2066365912848298	AT3G14510	False	1.0		False		farnesyl diphosphate		AT3G14510
w:dipeptide	word	dipeptide	1	155	32	21521	4.338911290322581	0.2066365912848298	AT5G01180	False	1.0		False		dipeptide		PTR5
w:adenylyl	word	adenylyl	1	155	32	21521	4.338911290322581	0.2066365912848298	AT5G07000	False	1.0		False		adenylyl		ST2B
w:hyaloperonospora	word	hyaloperonospora	1	155	32	21521	4.338911290322581	0.2066365912848298	AT5G39610	False	1.0		False		hyaloperonospora		NAC6
w:arr	word	arr	1	155	32	21521	4.338911290322581	0.2066365912848298	AT5G39610	False	1.0		False		arr		NAC6
p:committed step	phrase	committed step	1	155	33	21521	4.207429130009776	0.21235911575552877	AT1G26270	False	1.0		False		committed step		PI4KG5
k:CBS domain	keyword	CBS domain	1	155	33	21521	4.207429130009776	0.21235911575552877	AT1G79470	False	1.0		False		CBS domain		IMPDH
w:barrel	word	barrel	1	155	33	21521	4.207429130009776	0.21235911575552877	AT1G79470	False	1.0		False		barrel		IMPDH
w:dof	word	dof	1	155	33	21521	4.207429130009776	0.21235911575552877	AT2G34140	False	1.0		False		dof		CDF4
w:geranylgeranyl	word	geranylgeranyl	1	155	33	21521	4.207429130009776	0.21235911575552877	AT3G14510	False	1.0		False		geranylgeranyl		AT3G14510
k:Isoprene biosynthesis	keyword	Isoprene biosynthesis	1	155	33	21521	4.207429130009776	0.21235911575552877	AT3G14510	False	1.0		False		Isoprene biosynthesis		AT3G14510
w:tcp	word	tcp	1	155	33	21521	4.207429130009776	0.21235911575552877	AT4G15550	False	1.0		False		tcp		IAGLU
w:casp	word	casp	1	155	33	21521	4.207429130009776	0.21235911575552877	AT4G16442	False	1.0		False		casp		AT4G16442
w:pair	word	pair	1	155	34	21521	4.083681214421252	0.21804062809068775	AT1G06080	False	1.0		False		pair		ADS1
w:affecting	word	affecting	1	155	34	21521	4.083681214421252	0.21804062809068775	AT2G31180	False	1.0		False		affecting		MYB14
w:rop	word	rop	1	155	34	21521	4.083681214421252	0.21804062809068775	AT2G33460	False	1.0		False		rop		RIC1
p:consensus core	phrase	consensus core	1	155	34	21521	4.083681214421252	0.21804062809068775	AT2G34140	False	1.0		False		consensus core		CDF4
w:short‑lived	word	short-lived	1	155	34	21521	4.083681214421252	0.21804062809068775	AT3G23030	False	1.0		False		short-lived		IAA2
p:agc ser	phrase	agc ser	1	155	34	21521	4.083681214421252	0.21804062809068775	AT3G27580	False	1.0		False		agc ser		ATPK7
w:gata	word	gata	1	155	34	21521	4.083681214421252	0.21804062809068775	AT3G60530	False	1.0		False		gata		GATA4
p:rich rlk	phrase	rich rlk	1	155	34	21521	4.083681214421252	0.21804062809068775	AT4G21410	False	1.0		False		rich rlk		CRK29
w:cotransporter	word	cotransporter	1	155	34	21521	4.083681214421252	0.21804062809068775	AT4G22840	False	1.0		False		cotransporter		BASS6
w:thermotolerance	word	thermotolerance	1	155	34	21521	4.083681214421252	0.21804062809068775	AT4G26080	False	1.0		False		thermotolerance		ABI1
w:isoprenylated	word	isoprenylated	1	155	34	21521	4.083681214421252	0.21804062809068775	AT4G38580	False	1.0		False		isoprenylated		FP6
p:cyclase dehydrase	phrase	cyclase dehydrase	1	155	34	21521	4.083681214421252	0.21804062809068775	AT5G05440	False	1.0		False		cyclase dehydrase		PYL5
p:polyketide cyclase	phrase	polyketide cyclase	1	155	34	21521	4.083681214421252	0.21804062809068775	AT5G05440	False	1.0		False		polyketide cyclase		PYL5
k:Aromatic amino acid biosynthesis	keyword	Aromatic amino acid biosynthesis	1	155	34	21521	4.083681214421252	0.21804062809068775	AT5G22630	False	1.0		False		Aromatic amino acid biosynthesis		ADT5
w:knox	word	knox	1	155	34	21521	4.083681214421252	0.21804062809068775	AT5G60990	False	1.0		False		knox		RH10
p:unsaturated fatty	phrase	unsaturated fatty	1	155	35	21521	3.9670046082949306	0.2236814203206844	AT1G06080	False	1.0		False		unsaturated fatty		ADS1
p:coniferyl alcohol	phrase	coniferyl alcohol	1	155	35	21521	3.9670046082949306	0.2236814203206844	AT1G64160	False	1.0		False		coniferyl alcohol		DIR5
w:farnesyl	word	farnesyl	1	155	35	21521	3.9670046082949306	0.2236814203206844	AT3G14510	False	1.0		False		farnesyl		AT3G14510
w:atypical	word	atypical	1	155	35	21521	3.9670046082949306	0.2236814203206844	AT4G26270	False	1.0		False		atypical		PFK3
w:hipp	word	hipp	1	155	35	21521	3.9670046082949306	0.2236814203206844	AT4G38580	False	1.0		False		hipp		FP6
w:dehydrase	word	dehydrase	1	155	35	21521	3.9670046082949306	0.2236814203206844	AT5G05440	False	1.0		False		dehydrase		PYL5
p:independent manner	phrase	independent manner	1	155	35	21521	3.9670046082949306	0.2236814203206844	AT5G05440	False	1.0		False		independent manner		PYL5
w:herbivore	word	herbivore	1	155	36	21521	3.856810035842294	0.22928178240996563	AT2G26740	False	1.0		False		herbivore		SEH
p:early seedling	phrase	early seedling	1	155	36	21521	3.856810035842294	0.22928178240996563	AT3G59220	False	1.0		False		early seedling		PRN
w:hook	word	hook	1	155	36	21521	3.856810035842294	0.22928178240996563	AT5G02760	False	1.0		False		hook		PP2C67
p:histone lysine	phrase	histone lysine	1	155	36	21521	3.856810035842294	0.22928178240996563	AT5G03670	False	1.0		False		histone lysine		TRM28
w:phenylalanine	word	phenylalanine	1	155	36	21521	3.856810035842294	0.22928178240996563	AT5G22630	False	1.0		False		phenylalanine		ADT5
p:covalent attachment	phrase	covalent attachment	1	155	37	21521	3.752571926765475	0.23484200227156465	AT2G16740	False	1.0		False		covalent attachment		UBC29
w:occur	word	occur	1	155	37	21521	3.752571926765475	0.23484200227156465	AT2G42530	False	1.0		False		occur		COR15B
w:phosphoprotein	word	phosphoprotein	1	155	37	21521	3.752571926765475	0.23484200227156465	AT4G26080	False	1.0		False		phosphoprotein		ABI1
p:induced systemic	phrase	induced systemic	1	155	37	21521	3.752571926765475	0.23484200227156465	AT5G47220	False	1.0		False		induced systemic		ERF2
w:primordia	word	primordia	1	155	37	21521	3.752571926765475	0.23484200227156465	AT5G60990	False	1.0		False		primordia		RH10
w:adhesion	word	adhesion	1	155	38	21521	3.6538200339558573	0.24036236578152112	AT1G19900	False	1.0		False		adhesion		RUBY
w:coniferyl	word	coniferyl	1	155	38	21521	3.6538200339558573	0.24036236578152112	AT1G64160	False	1.0		False		coniferyl		DIR5
w:indoleacetic	word	indoleacetic	1	155	38	21521	3.6538200339558573	0.24036236578152112	AT3G23030	False	1.0		False		indoleacetic		IAA2
p:indoleacetic acid	phrase	indoleacetic acid	1	155	38	21521	3.6538200339558573	0.24036236578152112	AT3G23030	False	1.0		False		indoleacetic acid		IAA2
p:polynucleotidyl transferase	phrase	polynucleotidyl transferase	1	155	38	21521	3.6538200339558573	0.24036236578152112	AT3G44260	False	1.0		False		polynucleotidyl transferase		CAF1a
w:polynucleotidyl	word	polynucleotidyl	1	155	38	21521	3.6538200339558573	0.24036236578152112	AT3G44260	False	1.0		False		polynucleotidyl		CAF1a
w:organogenesis	word	organogenesis	1	155	38	21521	3.6538200339558573	0.24036236578152112	AT3G59900	False	1.0		False		organogenesis		ARGOS
w:casparian	word	casparian	1	155	38	21521	3.6538200339558573	0.24036236578152112	AT4G16442	False	1.0		False		casparian		AT4G16442
p:casparian strip	phrase	casparian strip	1	155	38	21521	3.6538200339558573	0.24036236578152112	AT4G16442	False	1.0		False		casparian strip		AT4G16442
w:dephosphorylate	word	dephosphorylate	1	155	38	21521	3.6538200339558573	0.24036236578152112	AT5G02760	False	1.0		False		dephosphorylate		PP2C67
p:deubiquitinating enzyme	phrase	deubiquitinating enzyme	1	155	38	21521	3.6538200339558573	0.24036236578152112	AT5G65450	False	1.0		False		deubiquitinating enzyme		UBP17
w:deubiquitinating	word	deubiquitinating	1	155	38	21521	3.6538200339558573	0.24036236578152112	AT5G65450	False	1.0		False		deubiquitinating		UBP17
w:carpel	word	carpel	1	155	38	21521	3.6538200339558573	0.24036236578152112	AT5G67060	False	1.0		False		carpel		HEC1
w:mother	word	mother	1	155	39	21521	3.560132340777502	0.24584315679319854	AT1G18100	False	1.0		False		mother		E12A11
w:possess	word	possess	1	155	39	21521	3.560132340777502	0.24584315679319854	AT2G26740	False	1.0		False		possess		SEH
p:certain herbicide	phrase	certain herbicide	1	155	39	21521	3.560132340777502	0.24584315679319854	AT2G29440	False	1.0		False		certain herbicide		GSTU6
p:endogenous hydrophobic	phrase	endogenous hydrophobic	1	155	39	21521	3.560132340777502	0.24584315679319854	AT2G29440	False	1.0		False		endogenous hydrophobic		GSTU6
p:hydrophobic electrophile	phrase	hydrophobic electrophile	1	155	39	21521	3.560132340777502	0.24584315679319854	AT2G29440	False	1.0		False		hydrophobic electrophile		GSTU6
w:phosphorus	word	phosphorus	1	155	39	21521	3.560132340777502	0.24584315679319854	AT2G40940	False	1.0		False		phosphorus		ERS1
p:chaperone dnaj	phrase	chaperone dnaj	1	155	39	21521	3.560132340777502	0.24584315679319854	AT4G12770	False	1.0		False		chaperone dnaj		AT4G12770
w:strip	word	strip	1	155	39	21521	3.560132340777502	0.24584315679319854	AT4G16442	False	1.0		False		strip		AT4G16442
p:monovalent cation	phrase	monovalent cation	1	155	39	21521	3.560132340777502	0.24584315679319854	AT4G23700	False	1.0		False		monovalent cation		CHX17
w:polyketide	word	polyketide	1	155	39	21521	3.560132340777502	0.24584315679319854	AT5G05440	False	1.0		False		polyketide		PYL5
p:temperature stimulus	phrase	temperature stimulus	1	155	39	21521	3.560132340777502	0.24584315679319854	AT5G67060	False	1.0		False		temperature stimulus		HEC1
w:electrophile	word	electrophile	1	155	40	21521	3.4711290322580646	0.25128465715150117	AT2G29440	False	1.0		False		electrophile		GSTU6
p:transporter abcg	phrase	transporter abcg	1	155	40	21521	3.4711290322580646	0.25128465715150117	AT2G39350	False	1.0		False		transporter abcg		ABCG1
w:carotenoid	word	carotenoid	1	155	40	21521	3.4711290322580646	0.25128465715150117	AT3G14230	False	1.0		False		carotenoid		RAP2.2
w:dmt	word	dmt	1	155	40	21521	3.4711290322580646	0.25128465715150117	AT4G30420	False	1.0		False		dmt		UMAMIT34
p:metabolite exporter	phrase	metabolite exporter	1	155	40	21521	3.4711290322580646	0.25128465715150117	AT4G30420	False	1.0		False		metabolite exporter		UMAMIT34
w:athb	word	athb	1	155	40	21521	3.4711290322580646	0.25128465715150117	AT5G53980	False	1.0		False		athb		HB52
w:reproduction	word	reproduction	1	155	41	21521	3.386467348544453	0.2566871467069927	AT1G50060	False	1.0		False		reproduction		AT1G50060
p:reduced glutathione	phrase	reduced glutathione	1	155	41	21521	3.386467348544453	0.2566871467069927	AT2G29440	False	1.0		False		reduced glutathione		GSTU6
w:agc	word	agc	1	155	41	21521	3.386467348544453	0.2566871467069927	AT3G27580	False	1.0		False		agc		ATPK7
p:gtpase activating	phrase	gtpase activating	1	155	41	21521	3.386467348544453	0.2566871467069927	AT5G12050	False	1.0		False		gtpase activating		AT5G12050
p:udp glucosyl	phrase	udp glucosyl	1	155	42	21521	3.3058371735791092	0.2620509033299173	AT1G07260	False	1.0		False		udp glucosyl		UGT71C3
p:carbon dioxide	phrase	carbon dioxide	1	155	42	21521	3.3058371735791092	0.2620509033299173	AT1G23730	False	1.0		False		carbon dioxide		BCA3
w:natural	word	natural	1	155	42	21521	3.3058371735791092	0.2620509033299173	AT2G26740	False	1.0		False		natural		SEH
w:abcg	word	abcg	1	155	42	21521	3.3058371735791092	0.2620509033299173	AT2G39350	False	1.0		False		abcg		ABCG1
p:fad linked	phrase	fad linked	1	155	42	21521	3.3058371735791092	0.2620509033299173	AT4G20830	False	1.0		False		fad linked		AT4G20830
w:crk	word	crk	1	155	42	21521	3.3058371735791092	0.2620509033299173	AT4G21410	False	1.0		False		crk		CRK29
w:monovalent	word	monovalent	1	155	42	21521	3.3058371735791092	0.2620509033299173	AT4G23700	False	1.0		False		monovalent		CHX17
p:drug metabolite	phrase	drug metabolite	1	155	42	21521	3.3058371735791092	0.2620509033299173	AT4G30420	False	1.0		False		drug metabolite		UMAMIT34
p:acyl carrier	phrase	acyl carrier	1	155	42	21521	3.3058371735791092	0.2620509033299173	AT5G04520	False	1.0		False		acyl carrier		AT5G04520
w:cdpk	word	cdpk	1	155	42	21521	3.3058371735791092	0.2620509033299173	AT5G23580	False	1.0		False		cdpk		CDPK9
k:Phytochrome signaling pathway	keyword	Phytochrome signaling pathway	1	155	43	21521	3.2289572393098274	0.2673762029241191	AT1G09530	False	1.0		False		Phytochrome signaling pathway		PIF3
w:epsilon	word	epsilon	1	155	43	21521	3.2289572393098274	0.2673762029241191	AT1G19530	False	1.0		False		epsilon		AT1G19530
p:functionally redundant	phrase	functionally redundant	1	155	43	21521	3.2289572393098274	0.2673762029241191	AT1G25560	False	1.0		False		functionally redundant		TEM1
w:necrotrophic	word	necrotrophic	1	155	43	21521	3.2289572393098274	0.2673762029241191	AT3G14230	False	1.0		False		necrotrophic		RAP2.2
w:disassembly	word	disassembly	1	155	43	21521	3.2289572393098274	0.2673762029241191	AT4G12770	False	1.0		False		disassembly		AT4G12770
p:phenylpropanoid biosynthetic	phrase	phenylpropanoid biosynthetic	1	155	43	21521	3.2289572393098274	0.2673762029241191	AT4G26220	False	1.0		False		phenylpropanoid biosynthetic		AT4G26220
k:Allosteric enzyme	keyword	Allosteric enzyme	1	155	43	21521	3.2289572393098274	0.2673762029241191	AT4G26270	False	1.0		False		Allosteric enzyme		PFK3
w:turn	word	turn	1	155	43	21521	3.2289572393098274	0.2673762029241191	AT5G03730	False	1.0		False		turn		CTR1
w:quercetin	word	quercetin	1	155	44	21521	3.1555718475073316	0.2726633194408693	AT1G07260	False	1.0		False		quercetin		UGT71C3
p:glucosyl transferase	phrase	glucosyl transferase	1	155	44	21521	3.1555718475073316	0.2726633194408693	AT1G07260	False	1.0		False		glucosyl transferase		UGT71C3
w:dioxide	word	dioxide	1	155	44	21521	3.1555718475073316	0.2726633194408693	AT1G23730	False	1.0		False		dioxide		BCA3
p:basic leucine	phrase	basic leucine	1	155	44	21521	3.1555718475073316	0.2726633194408693	AT1G75390	False	1.0		False		basic leucine		bZIP44
w:loosening	word	loosening	1	155	44	21521	3.1555718475073316	0.2726633194408693	AT1G75390	False	1.0		False		loosening		bZIP44
w:tryptophan	word	tryptophan	1	155	44	21521	3.1555718475073316	0.2726633194408693	AT1G77380	False	1.0		False		tryptophan		AAP3
p:toxin catabolic	phrase	toxin catabolic	1	155	44	21521	3.1555718475073316	0.2726633194408693	AT2G29440	False	1.0		False		toxin catabolic		GSTU6
w:array	word	array	1	155	44	21521	3.1555718475073316	0.2726633194408693	AT2G33460	False	1.0		False		array		RIC1
w:pin	word	pin	1	155	44	21521	3.1555718475073316	0.2726633194408693	AT3G27580	False	1.0		False		pin		ATPK7
w:dme	word	dme	1	155	44	21521	3.1555718475073316	0.2726633194408693	AT4G30420	False	1.0		False		dme		UMAMIT34
k:Lipid transport	keyword	Lipid transport	1	155	44	21521	3.1555718475073316	0.2726633194408693	AT5G57240	False	1.0		False		Lipid transport		ORP4C
w:enhancer	word	enhancer	1	155	44	21521	3.1555718475073316	0.2726633194408693	AT5G60990	False	1.0		False		enhancer		RH10
w:utilization	word	utilization	1	155	45	21521	3.0854480286738353	0.2779125248925926	AT1G23730	False	1.0		False		utilization		BCA3
w:white	word	white	1	155	45	21521	3.0854480286738353	0.2779125248925926	AT2G39350	False	1.0		False		white		ABCG1
w:operate	word	operate	1	155	45	21521	3.0854480286738353	0.2779125248925926	AT4G23700	False	1.0		False		operate		CHX17
w:eama	word	eama	1	155	45	21521	3.0854480286738353	0.2779125248925926	AT4G30420	False	1.0		False		eama		UMAMIT34
w:influencing	word	influencing	1	155	45	21521	3.0854480286738353	0.2779125248925926	AT5G02760	False	1.0		False		influencing		PP2C67
p:organ morphogenesis	phrase	organ morphogenesis	1	155	46	21521	3.018373071528752	0.2831240893665006	AT1G09530	False	1.0		False		organ morphogenesis		PIF3
w:phosphatidylethanolamine	word	phosphatidylethanolamine	1	155	46	21521	3.018373071528752	0.2831240893665006	AT1G18100	False	1.0		False		phosphatidylethanolamine		E12A11
w:trisphosphate	word	trisphosphate	1	155	46	21521	3.018373071528752	0.2831240893665006	AT1G26270	False	1.0		False		trisphosphate		PI4KG5
p:guanine nucleotide	phrase	guanine nucleotide	1	155	46	21521	3.018373071528752	0.2831240893665006	AT1G79470	False	1.0		False		guanine nucleotide		IMPDH
w:aldolase	word	aldolase	1	155	46	21521	3.018373071528752	0.2831240893665006	AT1G79470	False	1.0		False		aldolase		IMPDH
w:used	word	used	1	155	46	21521	3.018373071528752	0.2831240893665006	AT2G26740	False	1.0		False		used		SEH
p:transcribed mrna	phrase	transcribed mrna	1	155	46	21521	3.018373071528752	0.2831240893665006	AT3G44260	False	1.0		False		transcribed mrna		CAF1a
p:nuclear transcribed	phrase	nuclear transcribed	1	155	46	21521	3.018373071528752	0.2831240893665006	AT3G44260	False	1.0		False		nuclear transcribed		CAF1a
w:content	word	content	1	155	46	21521	3.018373071528752	0.2831240893665006	AT4G26080	False	1.0		False		content		ABI1
p:bacterial pathogen	phrase	bacterial pathogen	1	155	46	21521	3.018373071528752	0.2831240893665006	AT4G26080	False	1.0		False		bacterial pathogen		ABI1
w:methylate	word	methylate	1	155	46	21521	3.018373071528752	0.2831240893665006	AT4G26220	False	1.0		False		methylate		AT4G26220
p:ubiquitin carboxyl	phrase	ubiquitin carboxyl	1	155	46	21521	3.018373071528752	0.2831240893665006	AT5G65450	False	1.0		False		ubiquitin carboxyl		UBP17
w:deubiquitination	word	deubiquitination	1	155	46	21521	3.018373071528752	0.2831240893665006	AT5G65450	False	1.0		False		deubiquitination		UBP17
p:bacterial origin	phrase	bacterial origin	1	155	47	21521	2.9541523678792037	0.2882982810381281	AT1G80840	False	1.0		False		bacterial origin		WRKY40
w:adaxial	word	adaxial	1	155	47	21521	2.9541523678792037	0.2882982810381281	AT5G60990	False	1.0		False		adaxial		RH10
w:glucosyl	word	glucosyl	1	155	48	21521	2.8926075268817204	0.2934353661847745	AT1G07260	False	1.0		False		glucosyl		UGT71C3
w:palmitoyl	word	palmitoyl	1	155	48	21521	2.8926075268817204	0.2934353661847745	AT1G48320	False	1.0		False		palmitoyl		DHNAT1
p:proton symporter	phrase	proton symporter	1	155	48	21521	2.8926075268817204	0.2934353661847745	AT1G77380	False	1.0		False		proton symporter		AAP3
w:dissociation	word	dissociation	1	155	48	21521	2.8926075268817204	0.2934353661847745	AT2G16060	False	1.0		False		dissociation		HB1
w:prenyltransferase	word	prenyltransferase	1	155	48	21521	2.8926075268817204	0.2934353661847745	AT3G14510	False	1.0		False		prenyltransferase		AT3G14510
w:auxre	word	auxre	1	155	48	21521	2.8926075268817204	0.2934353661847745	AT3G23030	False	1.0		False		auxre		IAA2
w:arfs	word	arfs	1	155	48	21521	2.8926075268817204	0.2934353661847745	AT3G23030	False	1.0		False		arfs		IAA2
p:zip homeobox	phrase	zip homeobox	1	155	48	21521	2.8926075268817204	0.2934353661847745	AT5G53980	False	1.0		False		zip homeobox		HB52
w:interfering	word	interfering	1	155	49	21521	2.833574720210665	0.2985356091988554	AT1G18100	False	1.0		False		interfering		E12A11
w:thioester	word	thioester	1	155	49	21521	2.833574720210665	0.2985356091988554	AT1G48320	False	1.0		False		thioester		DHNAT1
p:cellulose microfibril	phrase	cellulose microfibril	1	155	49	21521	2.833574720210665	0.2985356091988554	AT2G33460	False	1.0		False		cellulose microfibril		RIC1
w:onto	word	onto	1	155	49	21521	2.833574720210665	0.2985356091988554	AT3G14510	False	1.0		False		onto		AT3G14510
w:nuclease	word	nuclease	1	155	49	21521	2.833574720210665	0.2985356091988554	AT3G56170	False	1.0		False		nuclease		CAN
p:homeobox leucine	phrase	homeobox leucine	1	155	49	21521	2.833574720210665	0.2985356091988554	AT5G53980	False	1.0		False		homeobox leucine		HB52
p:callose deposition	phrase	callose deposition	1	155	50	21521	2.7769032258064517	0.30359927260115516	AT1G43160	False	1.0		False		callose deposition		RAP2.6
w:vitamin	word	vitamin	1	155	50	21521	2.7769032258064517	0.30359927260115516	AT1G48320	False	1.0		False		vitamin		DHNAT1
k:Pathogenesis-related protein	keyword	Pathogenesis-related protein	1	155	50	21521	2.7769032258064517	0.30359927260115516	AT1G50060	False	1.0		False		Pathogenesis-related protein		AT1G50060
w:intrinsic	word	intrinsic	1	155	50	21521	2.7769032258064517	0.30359927260115516	AT2G42530	False	1.0		False		intrinsic		COR15B
w:isoprenoid	word	isoprenoid	1	155	50	21521	2.7769032258064517	0.30359927260115516	AT3G14510	False	1.0		False		isoprenoid		AT3G14510
p:auxin efflux	phrase	auxin efflux	1	155	50	21521	2.7769032258064517	0.30359927260115516	AT3G27580	False	1.0		False		auxin efflux		ATPK7
k:Exonuclease	keyword	Exonuclease	1	155	50	21521	2.7769032258064517	0.30359927260115516	AT3G44260	False	1.0		False		Exonuclease		CAF1a
p:clathrin coated	phrase	clathrin coated	1	155	50	21521	2.7769032258064517	0.30359927260115516	AT4G12770	False	1.0		False		clathrin coated		AT4G12770
p:pot ptr	phrase	pot ptr	1	155	50	21521	2.7769032258064517	0.30359927260115516	AT5G01180	False	1.0		False		pot ptr		PTR5
w:pot	word	pot	1	155	50	21521	2.7769032258064517	0.30359927260115516	AT5G01180	False	1.0		False		pot		PTR5
w:ptr	word	ptr	1	155	50	21521	2.7769032258064517	0.30359927260115516	AT5G01180	False	1.0		False		ptr		PTR5
p:hyperosmotic salinity	phrase	hyperosmotic salinity	1	155	50	21521	2.7769032258064517	0.30359927260115516	AT5G43170	False	1.0		False		hyperosmotic salinity		ZF3
w:remove	word	remove	1	155	51	21521	2.7224541429475013	0.3086266170539901	AT1G78090	False	1.0		False		remove		TPPB
w:rlk	word	rlk	1	155	51	21521	2.7224541429475013	0.3086266170539901	AT4G21410	False	1.0		False		rlk		CRK29
w:glycolytic	word	glycolytic	1	155	51	21521	2.7224541429475013	0.3086266170539901	AT4G26270	False	1.0		False		glycolytic		PFK3
w:produced	word	produced	1	155	51	21521	2.7224541429475013	0.3086266170539901	AT5G22630	False	1.0		False		produced		ADT5
w:abaxial	word	abaxial	1	155	51	21521	2.7224541429475013	0.3086266170539901	AT5G60990	False	1.0		False		abaxial		RH10
p:proton antiporter	phrase	proton antiporter	1	155	52	21521	2.6700992555831267	0.31361790137428036	AT4G23700	False	1.0		False		proton antiporter		CHX17
k:Glycolysis	keyword	Glycolysis	1	155	53	21521	2.619720024345709	0.318573382546528	AT4G26270	False	1.0		False		Glycolysis		PFK3
p:heat acclimation	phrase	heat acclimation	1	155	53	21521	2.619720024345709	0.318573382546528	AT4G38580	False	1.0		False		heat acclimation		FP6
p:long day	phrase	long day	1	155	54	21521	2.5712066905615294	0.3234933157357067	AT1G25560	False	1.0		False		long day		TEM1
w:covalent	word	covalent	1	155	54	21521	2.5712066905615294	0.3234933157357067	AT2G16740	False	1.0		False		covalent		UBC29
p:glucan endo	phrase	glucan endo	1	155	54	21521	2.5712066905615294	0.3234933157357067	AT3G04010	False	1.0		False		glucan endo		AT3G04010
p:alcohol dehydrogenase	phrase	alcohol dehydrogenase	1	155	55	21521	2.524457478005865	0.32837795430006006	AT1G22440	False	1.0		False		alcohol dehydrogenase		AT1G22440
w:generation	word	generation	1	155	55	21521	2.524457478005865	0.32837795430006006	AT1G26270	False	1.0		False		generation		PI4KG5
w:radical	word	radical	1	155	55	21521	2.524457478005865	0.32837795430006006	AT1G64160	False	1.0		False		radical		DIR5
w:gst	word	gst	1	155	55	21521	2.524457478005865	0.32837795430006006	AT2G29440	False	1.0		False		gst		GSTU6
w:exogenous	word	exogenous	1	155	55	21521	2.524457478005865	0.32837795430006006	AT2G29440	False	1.0		False		exogenous		GSTU6
p:aux iaa	phrase	aux iaa	1	155	55	21521	2.524457478005865	0.32837795430006006	AT3G23030	False	1.0		False		aux iaa		IAA2
w:aux	word	aux	1	155	55	21521	2.524457478005865	0.32837795430006006	AT3G23030	False	1.0		False		aux		IAA2
k:Polysaccharide degradation	keyword	Polysaccharide degradation	1	155	55	21521	2.524457478005865	0.32837795430006006	AT5G18670	False	1.0		False		Polysaccharide degradation		BMY3
p:histone deacetylase	phrase	histone deacetylase	1	155	56	21521	2.479377880184332	0.33322754980380936	AT1G09530	False	1.0		False		histone deacetylase		PIF3
p:glutathione transferase	phrase	glutathione transferase	1	155	56	21521	2.479377880184332	0.33322754980380936	AT2G29440	False	1.0		False		glutathione transferase		GSTU6
w:saur	word	saur	1	155	56	21521	2.479377880184332	0.33322754980380936	AT5G20820	False	1.0		False		saur		SAUR76
p:hypocotyl elongation	phrase	hypocotyl elongation	1	155	57	21521	2.4358800226372384	0.3380423520297781	AT1G09530	False	1.0		False		hypocotyl elongation		PIF3
w:exchanger	word	exchanger	1	155	57	21521	2.4358800226372384	0.3380423520297781	AT4G23700	False	1.0		False		exchanger		CHX17
w:architecture	word	architecture	1	155	57	21521	2.4358800226372384	0.3380423520297781	AT5G04340	False	1.0		False		architecture		ZAT6
p:low affinity	phrase	low affinity	1	155	58	21521	2.393882091212458	0.3428226089919184	AT2G30070	False	1.0		False		low affinity		KT1
w:nutrient	word	nutrient	1	155	59	21521	2.353307818480044	0.34756856694776084	AT1G43160	False	1.0		False		nutrient		RAP2.6
w:microfibril	word	microfibril	1	155	59	21521	2.353307818480044	0.34756856694776084	AT2G33460	False	1.0		False		microfibril		RIC1
w:unsaturated	word	unsaturated	1	155	60	21521	2.3140860215053762	0.3522804704107696	AT1G06080	False	1.0		False		unsaturated		ADS1
p:carboxyl terminal	phrase	carboxyl terminal	1	155	60	21521	2.3140860215053762	0.3522804704107696	AT5G65450	False	1.0		False		carboxyl terminal		UBP17
w:feedback	word	feedback	1	155	61	21521	2.276150185087255	0.3569585621626141	AT1G18100	False	1.0		False		feedback		E12A11
w:day	word	day	1	155	61	21521	2.276150185087255	0.3569585621626141	AT1G25560	False	1.0		False		day		TEM1
p:late endosome	phrase	late endosome	1	155	61	21521	2.276150185087255	0.3569585621626141	AT4G23700	False	1.0		False		late endosome		CHX17
w:drug	word	drug	1	155	61	21521	2.276150185087255	0.3569585621626141	AT4G30420	False	1.0		False		drug		UMAMIT34
w:ligand	word	ligand	1	155	62	21521	2.2394380853277833	0.3616030832653539	AT1G18100	False	1.0		False		ligand		E12A11
w:influence	word	influence	1	155	62	21521	2.2394380853277833	0.3616030832653539	AT2G42530	False	1.0		False		influence		COR15B
w:corepressor	word	corepressor	1	155	62	21521	2.2394380853277833	0.3616030832653539	AT5G04340	False	1.0		False		corepressor		ZAT6
w:deacetylase	word	deacetylase	1	155	63	21521	2.2038914490527395	0.36621427307354043	AT1G09530	False	1.0		False		deacetylase		PIF3
w:herbicide	word	herbicide	1	155	63	21521	2.2038914490527395	0.36621427307354043	AT2G29440	False	1.0		False		herbicide		GSTU6
w:hyperosmotic	word	hyperosmotic	1	155	63	21521	2.2038914490527395	0.36621427307354043	AT5G43170	False	1.0		False		hyperosmotic		ZF3
w:functionally	word	functionally	1	155	64	21521	2.1694556451612903	0.37079236924623094	AT1G25560	False	1.0		False		functionally		TEM1
w:nucleobase	word	nucleobase	1	155	64	21521	2.1694556451612903	0.37079236924623094	AT1G28220	False	1.0		False		nucleobase		PUP3
w:broad	word	broad	1	155	64	21521	2.1694556451612903	0.37079236924623094	AT1G77380	False	1.0		False		broad		AAP3
w:transcribed	word	transcribed	1	155	64	21521	2.1694556451612903	0.37079236924623094	AT3G44260	False	1.0		False		transcribed		CAF1a
w:phospho	word	phospho	1	155	64	21521	2.1694556451612903	0.37079236924623094	AT5G07000	False	1.0		False		phospho		ST2B
w:gly	word	gly	1	155	64	21521	2.1694556451612903	0.37079236924623094	AT5G65450	False	1.0		False		gly		UBP17
w:soluble	word	soluble	1	155	65	21521	2.1360794044665012	0.375337607758923	AT2G26740	False	1.0		False		soluble		SEH
p:linked oxidoreductase	phrase	linked oxidoreductase	1	155	65	21521	2.1360794044665012	0.375337607758923	AT4G20830	False	1.0		False		linked oxidoreductase		AT4G20830
w:bridge	word	bridge	1	155	65	21521	2.1360794044665012	0.375337607758923	AT4G20830	False	1.0		False		bridge		AT4G20830
w:pigment	word	pigment	1	155	66	21521	2.103714565004888	0.37985022291540027	AT2G39350	False	1.0		False		pigment		ABCG1
w:final	word	final	1	155	66	21521	2.103714565004888	0.37985022291540027	AT2G41230	False	1.0		False		final		ORS1
w:repressing	word	repressing	1	155	66	21521	2.103714565004888	0.37985022291540027	AT2G47270	False	1.0		False		repressing		UPB1
p:post‑embryonic development	phrase	post-embryonic development	1	155	66	21521	2.103714565004888	0.37985022291540027	AT5G09970	False	1.0		False		post-embryonic development		CYP78A7
w:monophosphate	word	monophosphate	1	155	67	21521	2.0723158401540687	0.3843304473594974	AT1G79470	False	1.0		False		monophosphate		IMPDH
w:axis	word	axis	1	155	67	21521	2.0723158401540687	0.3843304473594974	AT2G33460	False	1.0		False		axis		RIC1
p:population proliferation	phrase	population proliferation	1	155	67	21521	2.0723158401540687	0.3843304473594974	AT3G59900	False	1.0		False		population proliferation		ARGOS
w:sodium	word	sodium	1	155	67	21521	2.0723158401540687	0.3843304473594974	AT4G22840	False	1.0		False		sodium		BASS6
w:phytochrome	word	phytochrome	1	155	68	21521	2.041840607210626	0.3887785120867873	AT1G09530	False	1.0		False		phytochrome		PIF3
w:bzip	word	bzip	1	155	68	21521	2.041840607210626	0.3887785120867873	AT1G75390	False	1.0		False		bzip		bZIP44
w:neutral	word	neutral	1	155	68	21521	2.041840607210626	0.3887785120867873	AT1G77380	False	1.0		False		neutral		AAP3
p:acetic acid	phrase	acetic acid	1	155	68	21521	2.041840607210626	0.3887785120867873	AT3G23030	False	1.0		False		acetic acid		IAA2
w:acetic	word	acetic	1	155	68	21521	2.041840607210626	0.3887785120867873	AT3G23030	False	1.0		False		acetic		IAA2
p:dead box	phrase	dead box	1	155	68	21521	2.041840607210626	0.3887785120867873	AT5G60990	False	1.0		False		dead box		RH10
w:deubiquitinase	word	deubiquitinase	1	155	68	21521	2.041840607210626	0.3887785120867873	AT5G65450	False	1.0		False		deubiquitinase		UBP17
w:origin	word	origin	1	155	69	21521	2.012248714352501	0.3931946464561786	AT1G80840	False	1.0		False		origin		WRKY40
w:hydrophobic	word	hydrophobic	1	155	69	21521	2.012248714352501	0.3931946464561786	AT2G29440	False	1.0		False		hydrophobic		GSTU6
w:wide	word	wide	1	155	69	21521	2.012248714352501	0.3931946464561786	AT2G29440	False	1.0		False		wide		GSTU6
w:constitutive	word	constitutive	1	155	69	21521	2.012248714352501	0.3931946464561786	AT5G03730	False	1.0		False		constitutive		CTR1
w:ubiquitinated	word	ubiquitinated	1	155	69	21521	2.012248714352501	0.3931946464561786	AT5G65450	False	1.0		False		ubiquitinated		UBP17
w:dephosphorylation	word	dephosphorylation	1	155	70	21521	1.9835023041474653	0.3975790782014372	AT4G26080	False	1.0		False		dephosphorylation		ABI1
w:endoreduplication	word	endoreduplication	1	155	70	21521	1.9835023041474653	0.3975790782014372	AT4G37630	False	1.0		False		endoreduplication		CYCD5;1
w:recruit	word	recruit	1	155	71	21521	1.9555656519763742	0.4019320334426281	AT1G09530	False	1.0		False		recruit		PIF3
w:guanine	word	guanine	1	155	71	21521	1.9555656519763742	0.4019320334426281	AT1G79470	False	1.0		False		guanine		IMPDH
w:toxin	word	toxin	1	155	71	21521	1.9555656519763742	0.4019320334426281	AT2G29440	False	1.0		False		toxin		GSTU6
w:distribution	word	distribution	1	155	71	21521	1.9555656519763742	0.4019320334426281	AT2G33460	False	1.0		False		distribution		RIC1
w:exonuclease	word	exonuclease	1	155	71	21521	1.9555656519763742	0.4019320334426281	AT3G44260	False	1.0		False		exonuclease		CAF1a
p:coated vesicle	phrase	coated vesicle	1	155	71	21521	1.9555656519763742	0.4019320334426281	AT4G12770	False	1.0		False		coated vesicle		AT4G12770
w:zip	word	zip	1	155	71	21521	1.9555656519763742	0.4019320334426281	AT5G53980	False	1.0		False		zip		HB52
w:lea	word	lea	1	155	71	21521	1.9555656519763742	0.4019320334426281	AT5G54370	False	1.0		False		lea		MDK4.20
w:phosphorylated	word	phosphorylated	1	155	72	21521	1.928405017921147	0.40625373669747106	AT1G18100	False	1.0		False		phosphorylated		E12A11
w:reversible	word	reversible	1	155	72	21521	1.928405017921147	0.40625373669747106	AT1G23730	False	1.0		False		reversible		BCA3
p:heavy metal	phrase	heavy metal	1	155	72	21521	1.928405017921147	0.40625373669747106	AT4G38580	False	1.0		False		heavy metal		FP6
k:Fatty acid biosynthesis	keyword	Fatty acid biosynthesis	1	155	73	21521	1.9019885108263368	0.4105444108926269	AT1G06080	False	1.0		False		Fatty acid biosynthesis		ADS1
p:beta glucosidase	phrase	beta glucosidase	1	155	73	21521	1.9019885108263368	0.4105444108926269	AT1G60260	False	1.0		False		beta glucosidase		BGLU5
w:diverse	word	diverse	1	155	73	21521	1.9019885108263368	0.4105444108926269	AT3G44260	False	1.0		False		diverse		CAF1a
p:high light	phrase	high light	1	155	74	21521	1.8762859633827376	0.414804277374893	AT4G26080	False	1.0		False		high light		ABI1
w:callose	word	callose	1	155	75	21521	1.851268817204301	0.4190335559223306	AT1G43160	False	1.0		False		callose		RAP2.6
w:morphology	word	morphology	1	155	75	21521	1.851268817204301	0.4190335559223306	AT2G33460	False	1.0		False		morphology		RIC1
w:exporter	word	exporter	1	155	76	21521	1.8269100169779287	0.423232464755308	AT4G30420	False	1.0		False		exporter		UMAMIT34
p:dehydrogenase reductase	phrase	dehydrogenase reductase	1	155	77	21521	1.8031839128613323	0.42740122054747104	AT2G29370	False	1.0		False		dehydrogenase reductase		AT2G29370
p:short‑chain dehydrogenase	phrase	short-chain dehydrogenase	1	155	77	21521	1.8031839128613323	0.42740122054747104	AT2G29370	False	1.0		False		short-chain dehydrogenase		AT2G29370
w:sdr	word	sdr	1	155	77	21521	1.8031839128613323	0.42740122054747104	AT2G29370	False	1.0		False		sdr		AT2G29370
w:timing	word	timing	1	155	77	21521	1.8031839128613323	0.42740122054747104	AT5G03730	False	1.0		False		timing		CTR1
w:salinity	word	salinity	1	155	77	21521	1.8031839128613323	0.42740122054747104	AT5G43170	False	1.0		False		salinity		ZF3
w:dead	word	dead	1	155	77	21521	1.8031839128613323	0.42740122054747104	AT5G60990	False	1.0		False		dead		RH10
w:insect	word	insect	1	155	78	21521	1.780066170388751	0.43154003843663064	AT3G44260	False	1.0		False		insect		CAF1a
p:embryogenesis abundant	phrase	embryogenesis abundant	1	155	78	21521	1.780066170388751	0.43154003843663064	AT5G54370	False	1.0		False		embryogenesis abundant		MDK4.20
p:seed coat	phrase	seed coat	1	155	79	21521	1.757533687219273	0.4356491320355825	AT1G75390	False	1.0		False		seed coat		bZIP44
p:late embryogenesis	phrase	late embryogenesis	1	155	80	21521	1.7355645161290323	0.4397287134428427	AT5G54370	False	1.0		False		late embryogenesis		MDK4.20
p:scf ubiquitin	phrase	scf ubiquitin	1	155	81	21521	1.714137793707686	0.4437789932533164	AT5G25350	False	1.0		False		scf ubiquitin		EBF2
p:box helicase	phrase	box helicase	1	155	81	21521	1.714137793707686	0.4437789932533164	AT5G60990	False	1.0		False		box helicase		RH10
w:novo	word	novo	1	155	82	21521	1.6932336742722265	0.4478001805688826	AT1G79470	False	1.0		False		novo		IMPDH
w:region	word	region	1	155	82	21521	1.6932336742722265	0.4478001805688826	AT2G42530	False	1.0		False		region		COR15B
k:Endonuclease	keyword	Endonuclease	1	155	82	21521	1.6932336742722265	0.4478001805688826	AT3G56170	False	1.0		False		Endonuclease		CAN
w:diacylglycerol	word	diacylglycerol	1	155	83	21521	1.6728332685581033	0.4517924830089133	AT1G06080	False	1.0		False		diacylglycerol		ADS1
k:Symport	keyword	Symport	1	155	83	21521	1.6728332685581033	0.4517924830089133	AT1G77380	False	1.0		False		Symport		AAP3
w:certain	word	certain	1	155	83	21521	1.6728332685581033	0.4517924830089133	AT2G29440	False	1.0		False		certain		GSTU6
w:delta	word	delta	1	155	84	21521	1.6529185867895546	0.4557561067207157	AT1G06080	False	1.0		False		delta		ADS1
w:oomycete	word	oomycete	1	155	84	21521	1.6529185867895546	0.4557561067207157	AT3G23550	False	1.0		False		oomycete		DTX18
k:Antiport	keyword	Antiport	1	155	84	21521	1.6529185867895546	0.4557561067207157	AT4G23700	False	1.0		False		Antiport		CHX17
w:carboxyl	word	carboxyl	1	155	85	21521	1.6334724857685008	0.45969125638989944	AT5G65450	False	1.0		False		carboxyl		UBP17
p:oxidase kelch	phrase	oxidase kelch	1	155	86	21521	1.6144786196549137	0.4635981352506746	AT1G15670	False	1.0		False		oxidase kelch		AT1G15670
w:conjugation	word	conjugation	1	155	86	21521	1.6144786196549137	0.4635981352506746	AT2G29440	False	1.0		False		conjugation		GSTU6
w:consensus	word	consensus	1	155	87	21521	1.5959213941416388	0.4674769450960739	AT2G34140	False	1.0		False		consensus		CDF4
w:hydroxy	word	hydroxy	1	155	87	21521	1.5959213941416388	0.4674769450960739	AT2G44040	False	1.0		False		hydroxy		DAPB1
w:sulfate	word	sulfate	1	155	87	21521	1.5959213941416388	0.4674769450960739	AT5G07000	False	1.0		False		sulfate		ST2B
p:electron transfer	phrase	electron transfer	1	155	87	21521	1.5959213941416388	0.4674769450960739	AT5G57920	False	1.0		False		electron transfer		ENODL10
p:peptide bond	phrase	peptide bond	1	155	87	21521	1.5959213941416388	0.4674769450960739	AT5G65450	False	1.0		False		peptide bond		UBP17
w:short‑chain	word	short-chain	1	155	88	21521	1.5777859237536658	0.4713278862881104	AT2G29370	False	1.0		False		short-chain		AT2G29370
w:coated	word	coated	1	155	88	21521	1.5777859237536658	0.4713278862881104	AT4G12770	False	1.0		False		coated		AT4G12770
w:conserved	word	conserved	1	155	89	21521	1.5600579920260964	0.4751511577678536	AT1G10140	False	1.0		False		conserved		AT1G10140
w:aldehyde	word	aldehyde	1	155	89	21521	1.5600579920260964	0.4751511577678536	AT1G19900	False	1.0		False		aldehyde		RUBY
p:cortical microtubule	phrase	cortical microtubule	1	155	89	21521	1.5600579920260964	0.4751511577678536	AT2G33460	False	1.0		False		cortical microtubule		RIC1
p:box kelch	phrase	box kelch	1	155	90	21521	1.5427240143369176	0.47894695706544516	AT1G15670	False	1.0		False		box kelch		AT1G15670
p:sac development	phrase	sac development	1	155	90	21521	1.5427240143369176	0.47894695706544516	AT3G21510	False	1.0		False		sac development		AHP1
w:gravitropism	word	gravitropism	1	155	91	21521	1.525771003190358	0.48271548031003764	AT2G33460	False	1.0		False		gravitropism		RIC1
w:speck	word	speck	1	155	91	21521	1.525771003190358	0.48271548031003764	AT2G36080	False	1.0		False		speck		ABS2
p:nuclear speck	phrase	nuclear speck	1	155	91	21521	1.525771003190358	0.48271548031003764	AT2G36080	False	1.0		False		nuclear speck		ABS2
w:abundant	word	abundant	1	155	91	21521	1.525771003190358	0.48271548031003764	AT5G54370	False	1.0		False		abundant		MDK4.20
k:Thiol protease	keyword	Thiol protease	1	155	92	21521	1.509186535764376	0.4864569222396665	AT5G65450	False	1.0		False		Thiol protease		UBP17
w:rate	word	rate	1	155	93	21521	1.4929587235518558	0.490171476211053	AT1G79470	False	1.0		False		rate		IMPDH
k:Palmitate	keyword	Palmitate	1	155	93	21521	1.4929587235518558	0.490171476211053	AT3G56170	False	1.0		False		Palmitate		CAN
w:inflorescence	word	inflorescence	1	155	93	21521	1.4929587235518558	0.490171476211053	AT5G13330	False	1.0		False		inflorescence		Rap2.6L
w:cascade	word	cascade	1	155	93	21521	1.4929587235518558	0.490171476211053	AT5G25350	False	1.0		False		cascade		EBF2
w:cap	word	cap	1	155	94	21521	1.4770761839396018	0.49385933420934036	AT1G50060	False	1.0		False		cap		AT1G50060
w:pyrophosphate	word	pyrophosphate	1	155	94	21521	1.4770761839396018	0.49385933420934036	AT3G14510	False	1.0		False		pyrophosphate		AT3G14510
w:insensitive	word	insensitive	1	155	95	21521	1.461528013582343	0.4975206868577533	AT4G26080	False	1.0		False		insensitive		ABI1
w:stabilization	word	stabilization	1	155	95	21521	1.461528013582343	0.4975206868577533	AT5G03730	False	1.0		False		stabilization		CTR1
p:gdsl esterase	phrase	gdsl esterase	1	155	96	21521	1.4463037634408602	0.5011557234272038	AT3G11210	False	1.0		False		gdsl esterase		CPRD49
p:auxin polar	phrase	auxin polar	1	155	96	21521	1.4463037634408602	0.5011557234272038	AT5G67060	False	1.0		False		auxin polar		HEC1
p:gdsl lipolytic	phrase	gdsl lipolytic	1	155	97	21521	1.4313934153641503	0.5047646318458175	AT3G11210	False	1.0		False		gdsl lipolytic		CPRD49
w:energy	word	energy	1	155	97	21521	1.4313934153641503	0.5047646318458175	AT4G27730	False	1.0		False		energy		OPT6
w:arf	word	arf	1	155	98	21521	1.4167873601053325	0.5083475987083961	AT3G23030	False	1.0		False		arf		IAA2
p:rna helicase	phrase	rna helicase	1	155	98	21521	1.4167873601053325	0.5083475987083961	AT5G60990	False	1.0		False		rna helicase		RH10
p:floral organ	phrase	floral organ	1	155	99	21521	1.402476376669925	0.5119048092858224	AT5G39610	False	1.0		False		floral organ		NAC6
p:esterase lipase	phrase	esterase lipase	1	155	100	21521	1.3884516129032258	0.515436447534384	AT3G11210	False	1.0		False		esterase lipase		CPRD49
w:autophosphorylation	word	autophosphorylation	1	155	100	21521	1.3884516129032258	0.515436447534384	AT5G03730	False	1.0		False		autophosphorylation		CTR1
w:dehydration	word	dehydration	1	155	101	21521	1.3747045672309168	0.518942696105047	AT1G08930	False	1.0		False		dehydration		ERD6
w:intensity	word	intensity	1	155	101	21521	1.3747045672309168	0.518942696105047	AT2G26740	False	1.0		False		intensity		SEH
p:cell plate	phrase	cell plate	1	155	101	21521	1.3747045672309168	0.518942696105047	AT4G12770	False	1.0		False		cell plate		AT4G12770
w:polymer	word	polymer	1	155	101	21521	1.3747045672309168	0.518942696105047	AT4G26220	False	1.0		False		polymer		AT4G26220
w:jasmonate	word	jasmonate	1	155	101	21521	1.3747045672309168	0.518942696105047	AT5G13330	False	1.0		False		jasmonate		Rap2.6L
p:nbs lrr	phrase	nbs lrr	1	155	102	21521	1.3612270714737507	0.5224237363526526	AT1G62630	False	1.0		False		nbs lrr		AT1G62630
w:gdsl	word	gdsl	1	155	102	21521	1.3612270714737507	0.5224237363526526	AT3G11210	False	1.0		False		gdsl		CPRD49
w:trans	word	trans	1	155	102	21521	1.3612270714737507	0.5224237363526526	AT3G14510	False	1.0		False		trans		AT3G14510
p:systemic acquired	phrase	systemic acquired	1	155	104	21521	1.3350496277915633	0.5293109108722097	AT1G07260	False	1.0		False		systemic acquired		UGT71C3
p:acquired resistance	phrase	acquired resistance	1	155	104	21521	1.3350496277915633	0.5293109108722097	AT1G07260	False	1.0		False		acquired resistance		UGT71C3
w:length	word	length	1	155	104	21521	1.3350496277915633	0.5293109108722097	AT1G49660	False	1.0		False		length		CXE5
w:ribonuclease	word	ribonuclease	1	155	104	21521	1.3350496277915633	0.5293109108722097	AT3G44260	False	1.0		False		ribonuclease		CAF1a
k:Homeobox	keyword	Homeobox	1	155	104	21521	1.3350496277915633	0.5293109108722097	AT5G53980	False	1.0		False		Homeobox		HB52
k:rRNA processing	keyword	rRNA processing	1	155	104	21521	1.3350496277915633	0.5293109108722097	AT5G60990	False	1.0		False		rRNA processing		RH10
w:dioxygenase	word	dioxygenase	1	155	105	21521	1.3223348694316435	0.532717401455149	AT1G77330	False	1.0		False		dioxygenase		AT1G77330
w:limiting	word	limiting	1	155	105	21521	1.3223348694316435	0.532717401455149	AT1G79470	False	1.0		False		limiting		IMPDH
p:stomatal movement	phrase	stomatal movement	1	155	105	21521	1.3223348694316435	0.532717401455149	AT4G26080	False	1.0		False		stomatal movement		ABI1
w:reduce	word	reduce	1	155	106	21521	1.3098600121728545	0.5360993963549644	AT2G16060	False	1.0		False		reduce		HB1
w:accept	word	accept	1	155	106	21521	1.3098600121728545	0.5360993963549644	AT2G16740	False	1.0		False		accept		UBC29
w:generate	word	generate	1	155	106	21521	1.3098600121728545	0.5360993963549644	AT2G33460	False	1.0		False		generate		RIC1
w:tail	word	tail	1	155	106	21521	1.3098600121728545	0.5360993963549644	AT3G44260	False	1.0		False		tail		CAF1a
w:organelle	word	organelle	1	155	107	21521	1.2976183298160988	0.5394570705816739	AT4G12770	False	1.0		False		organelle		AT4G12770
w:endosperm	word	endosperm	1	155	109	21521	1.2738088191772714	0.546100150853357	AT1G75390	False	1.0		False		endosperm		bZIP44
w:ability	word	ability	1	155	109	21521	1.2738088191772714	0.546100150853357	AT3G23030	False	1.0		False		ability		IAA2
w:heterodimer	word	heterodimer	1	155	109	21521	1.2738088191772714	0.546100150853357	AT3G23030	False	1.0		False		heterodimer		IAA2
w:plate	word	plate	1	155	109	21521	1.2738088191772714	0.546100150853357	AT4G12770	False	1.0		False		plate		AT4G12770
w:miscrna	word	miscrna	1	155	109	21521	1.2738088191772714	0.546100150853357	AT5G40130	False	1.0		False		miscrna		AT5G40130
p:sugar transporter	phrase	sugar transporter	1	155	110	21521	1.2622287390029325	0.5493859007420984	AT1G08930	False	1.0		False		sugar transporter		ERD6
p:far red	phrase	far red	1	155	110	21521	1.2622287390029325	0.5493859007420984	AT1G09530	False	1.0		False		far red		PIF3
w:endo	word	endo	1	155	110	21521	1.2622287390029325	0.5493859007420984	AT3G04010	False	1.0		False		endo		AT3G04010
w:dnaj	word	dnaj	1	155	110	21521	1.2622287390029325	0.5493859007420984	AT4G12770	False	1.0		False		dnaj		AT4G12770
w:fad	word	fad	1	155	110	21521	1.2622287390029325	0.5493859007420984	AT4G20830	False	1.0		False		fad		AT4G20830
w:nac	word	nac	1	155	110	21521	1.2622287390029325	0.5493859007420984	AT5G39610	False	1.0		False		nac		NAC6
w:far	word	far	1	155	111	21521	1.2508573089218251	0.5526480176626054	AT1G09530	False	1.0		False		far		PIF3
w:deposition	word	deposition	1	155	111	21521	1.2508573089218251	0.5526480176626054	AT1G43160	False	1.0		False		deposition		RAP2.6
w:cortical	word	cortical	1	155	111	21521	1.2508573089218251	0.5526480176626054	AT2G33460	False	1.0		False		cortical		RIC1
w:polarity	word	polarity	1	155	112	21521	1.239688940092166	0.5558866705006381	AT5G60990	False	1.0		False		polarity		RH10
w:non‑specific	word	non-specific	1	155	114	21521	1.2179400113186192	0.5622942534854951	AT4G24480	False	1.0		False		non-specific		AT4G24480
k:Prenylation	keyword	Prenylation	1	155	114	21521	1.2179400113186192	0.5622942534854951	AT4G38580	False	1.0		False		Prenylation		FP6
w:nbs	word	nbs	1	155	115	21521	1.2073492286115006	0.5654635154423198	AT1G62630	False	1.0		False		nbs		AT1G62630
p:monoatomic cation	phrase	monoatomic cation	1	155	115	21521	1.2073492286115006	0.5654635154423198	AT4G23700	False	1.0		False		monoatomic cation		CHX17
w:hydrolyz	word	hydrolyz	1	155	115	21521	1.2073492286115006	0.5654635154423198	AT5G65450	False	1.0		False		hydrolyz		UBP17
k:Kelch repeat	keyword	Kelch repeat	1	155	116	21521	1.196941045606229	0.5686099769534123	AT1G15670	False	1.0		False		Kelch repeat		AT1G15670
w:set	word	set	1	155	116	21521	1.196941045606229	0.5686099769534123	AT3G44260	False	1.0		False		set		CAF1a
w:cotyledon	word	cotyledon	1	155	116	21521	1.196941045606229	0.5686099769534123	AT4G23750	False	1.0		False		cotyledon		CRF2
w:heterodimerization	word	heterodimerization	1	155	117	21521	1.1867107802591674	0.5717338009932268	AT1G75390	False	1.0		False		heterodimerization		bZIP44
p:abc transporter	phrase	abc transporter	1	155	117	21521	1.1867107802591674	0.5717338009932268	AT2G39350	False	1.0		False		abc transporter		ABCG1
p:flowering time	phrase	flowering time	1	155	118	21521	1.176653909240022	0.5748351493788569	AT1G25560	False	1.0		False		flowering time		TEM1
w:iaa	word	iaa	1	155	118	21521	1.176653909240022	0.5748351493788569	AT3G23030	False	1.0		False		iaa		IAA2
p:flavin adenine	phrase	flavin adenine	1	155	118	21521	1.176653909240022	0.5748351493788569	AT4G20830	False	1.0		False		flavin adenine		AT4G20830
p:cysteine histidine	phrase	cysteine histidine	1	155	118	21521	1.176653909240022	0.5748351493788569	AT5G40590	False	1.0		False		cysteine histidine		MNF13.11
p:kelch repeat	phrase	kelch repeat	1	155	119	21521	1.166766061263215	0.5779141827782075	AT1G15670	False	1.0		False		kelch repeat		AT1G15670
w:kelch	word	kelch	1	155	120	21521	1.1570430107526881	0.58097106071809	AT1G15670	False	1.0		False		kelch		AT1G15670
p:histidine rich	phrase	histidine rich	1	155	120	21521	1.1570430107526881	0.58097106071809	AT5G40590	False	1.0		False		histidine rich		MNF13.11
p:rossmann fold	phrase	rossmann fold	1	155	122	21521	1.1380750925436276	0.5870189826695387	AT2G29370	False	1.0		False		rossmann fold		AT2G29370
w:rossmann	word	rossmann	1	155	122	21521	1.1380750925436276	0.5870189826695387	AT2G29370	False	1.0		False		rossmann		AT2G29370
p:ubiquitin conjugating	phrase	ubiquitin conjugating	1	155	123	21521	1.1288224495148178	0.5900103401014855	AT2G16740	False	1.0		False		ubiquitin conjugating		UBC29
p:secretory vesicle	phrase	secretory vesicle	1	155	123	21521	1.1288224495148178	0.5900103401014855	AT4G11650	False	1.0		False		secretory vesicle		OSM34
k:Fatty acid metabolism	keyword	Fatty acid metabolism	1	155	124	21521	1.1197190426638917	0.5929801689305482	AT1G06080	False	1.0		False		Fatty acid metabolism		ADS1
w:inositol	word	inositol	1	155	124	21521	1.1197190426638917	0.5929801689305482	AT1G26270	False	1.0		False		inositol		PI4KG5
p:adenine dinucleotide	phrase	adenine dinucleotide	1	155	124	21521	1.1197190426638917	0.5929801689305482	AT4G20830	False	1.0		False		adenine dinucleotide		AT4G20830
w:epidermal	word	epidermal	1	155	124	21521	1.1197190426638917	0.5929801689305482	AT4G26270	False	1.0		False		epidermal		PFK3
w:female	word	female	1	155	124	21521	1.1197190426638917	0.5929801689305482	AT5G67060	False	1.0		False		female		HEC1
k:Sugar transport	keyword	Sugar transport	1	155	125	21521	1.1107612903225808	0.5959286230977561	AT1G08930	False	1.0		False		Sugar transport		ERD6
w:establishment	word	establishment	1	155	125	21521	1.1107612903225808	0.5959286230977561	AT5G60990	False	1.0		False		establishment		RH10
p:cell proliferation	phrase	cell proliferation	1	155	126	21521	1.1019457245263697	0.598855855450525	AT3G59900	False	1.0		False		cell proliferation		ARGOS
p:circadian rhythm	phrase	circadian rhythm	1	155	126	21521	1.1019457245263697	0.598855855450525	AT5G12050	False	1.0		False		circadian rhythm		AT5G12050
w:abc	word	abc	1	155	127	21521	1.093268986537973	0.6017620177503691	AT2G39350	False	1.0		False		abc		ABCG1
p:double stranded	phrase	double stranded	1	155	127	21521	1.093268986537973	0.6017620177503691	AT3G56170	False	1.0		False		double stranded		CAN
w:rhythm	word	rhythm	1	155	127	21521	1.093268986537973	0.6017620177503691	AT5G12050	False	1.0		False		rhythm		AT5G12050
w:dinucleotide	word	dinucleotide	1	155	128	21521	1.0847278225806452	0.6046472606805695	AT4G20830	False	1.0		False		dinucleotide		AT4G20830
p:stress granule	phrase	stress granule	1	155	129	21521	1.0763190797699425	0.6075117338537803	AT1G05010	False	1.0		False		stress granule		EFE
p:endomembrane system	phrase	endomembrane system	1	155	129	21521	1.0763190797699425	0.6075117338537803	AT1G77380	False	1.0		False		endomembrane system		AAP3
w:vascular	word	vascular	1	155	129	21521	1.0763190797699425	0.6075117338537803	AT2G33460	False	1.0		False		vascular		RIC1
p:reproductive phase	phrase	reproductive phase	1	155	129	21521	1.0763190797699425	0.6075117338537803	AT5G03730	False	1.0		False		reproductive phase		CTR1
w:recogniz	word	recogniz	1	155	129	21521	1.0763190797699425	0.6075117338537803	AT5G65450	False	1.0		False		recogniz		UBP17
p:stranded dna	phrase	stranded dna	1	155	130	21521	1.0680397022332506	0.6103555858195934	AT3G56170	False	1.0		False		stranded dna		CAN
k:Methylation	keyword	Methylation	1	155	130	21521	1.0680397022332506	0.6103555858195934	AT4G38580	False	1.0		False		Methylation		FP6
w:time	word	time	1	155	131	21521	1.0598867274070425	0.6131789640720348	AT1G25560	False	1.0		False		time		TEM1
w:endogenous	word	endogenous	1	155	131	21521	1.0598867274070425	0.6131789640720348	AT2G29440	False	1.0		False		endogenous		GSTU6
k:Myristate	keyword	Myristate	1	155	131	21521	1.0598867274070425	0.6131789640720348	AT3G56170	False	1.0		False		Myristate		CAN
w:photosynthetic	word	photosynthetic	1	155	132	21521	1.051857282502444	0.6159820150570198	AT1G09530	False	1.0		False		photosynthetic		PIF3
p:phase transition	phrase	phase transition	1	155	132	21521	1.051857282502444	0.6159820150570198	AT2G42530	False	1.0		False		phase transition		COR15B
w:poly	word	poly	1	155	132	21521	1.051857282502444	0.6159820150570198	AT3G44260	False	1.0		False		poly		CAF1a
w:tir	word	tir	1	155	133	21521	1.043948581130245	0.6187648841797546	AT5G44910	False	1.0		False		tir		AT5G44910
k:Differentiation	keyword	Differentiation	1	155	134	21521	1.0361579200770343	0.6215277158120772	AT2G47270	False	1.0		False		Differentiation		UPB1
p:ester bond	phrase	ester bond	1	155	135	21521	1.0284826762246118	0.6242706532997624	AT3G11210	False	1.0		False		ester bond		CPRD49
k:Isopeptide bond	keyword	Isopeptide bond	1	155	136	21521	1.020920303605313	0.626993838969759	AT3G23150	False	1.0		False		Isopeptide bond		ETR2
p:methionine dependent	phrase	methionine dependent	1	155	137	21521	1.0134683305862962	0.6296974141373863	AT4G26220	False	1.0		False		methionine dependent		AT4G26220
w:cellulose	word	cellulose	1	155	138	21521	1.0061243571762506	0.6323815191134756	AT2G33460	False	1.0		False		cellulose		RIC1
w:glucosinolate	word	glucosinolate	1	155	138	21521	1.0061243571762506	0.6323815191134756	AT5G13330	False	1.0		False		glucosinolate		Rap2.6L
w:unidimensional	word	unidimensional	1	155	141	21521	0.9847174559597347	0.6403184010821841	AT1G09530	False	1.0		False		unidimensional		PIF3
p:unidimensional cell	phrase	unidimensional cell	1	155	141	21521	0.9847174559597347	0.6403184010821841	AT1G09530	False	1.0		False		unidimensional cell		PIF3
w:produce	word	produce	1	155	141	21521	0.9847174559597347	0.6403184010821841	AT1G78090	False	1.0		False		produce		TPPB
w:phosphorylate	word	phosphorylate	1	155	141	21521	0.9847174559597347	0.6403184010821841	AT5G03730	False	1.0		False		phosphorylate		CTR1
w:photosynthesis	word	photosynthesis	1	155	142	21521	0.9777828259881871	0.6429260085579681	AT1G09530	False	1.0		False		photosynthesis		PIF3
w:patterning	word	patterning	1	155	144	21521	0.9642025089605735	0.6480850075663074	AT2G33460	False	1.0		False		patterning		RIC1
w:potential	word	potential	1	155	144	21521	0.9642025089605735	0.6480850075663074	AT4G26080	False	1.0		False		potential		ABI1
p:conjugating enzyme	phrase	conjugating enzyme	1	155	146	21521	0.9509942554131684	0.6531699434187566	AT2G16740	False	1.0		False		conjugating enzyme		UBC29
w:endomembrane	word	endomembrane	1	155	147	21521	0.9445249067368883	0.6556849683904574	AT1G77380	False	1.0		False		endomembrane		AAP3
w:nadph	word	nadph	1	155	147	21521	0.9445249067368883	0.6556849683904574	AT2G44040	False	1.0		False		nadph		DAPB1
w:heavy	word	heavy	1	155	149	21521	0.931846720069279	0.660660785671475	AT4G38580	False	1.0		False		heavy		FP6
p:red light	phrase	red light	1	155	150	21521	0.9256344086021505	0.6631218364959615	AT1G09530	False	1.0		False		red light		PIF3
k:Flowering	keyword	Flowering	1	155	151	21521	0.9195043794061097	0.6655651529221054	AT2G34140	False	1.0		False		Flowering		CDF4
w:circadian	word	circadian	1	155	151	21521	0.9195043794061097	0.6655651529221054	AT5G12050	False	1.0		False		circadian		AT5G12050
w:conjugating	word	conjugating	1	155	152	21521	0.9134550084889643	0.6679908619205643	AT2G16740	False	1.0		False		conjugating		UBC29
w:cyclic	word	cyclic	1	155	152	21521	0.9134550084889643	0.6679908619205643	AT2G34140	False	1.0		False		cyclic		CDF4
w:intermediate	word	intermediate	1	155	152	21521	0.9134550084889643	0.6679908619205643	AT5G60990	False	1.0		False		intermediate		RH10
w:flavin	word	flavin	1	155	153	21521	0.9074847143158339	0.6703990895588405	AT4G20830	False	1.0		False		flavin		AT4G20830
w:cyclase	word	cyclase	1	155	154	21521	0.9015919564306661	0.6727899610076601	AT5G05440	False	1.0		False		cyclase		PYL5
w:granule	word	granule	1	155	155	21521	0.8957752341311134	0.6751636005473152	AT1G05010	False	1.0		False		granule		EFE
w:attachment	word	attachment	1	155	155	21521	0.8957752341311134	0.6751636005473152	AT2G16740	False	1.0		False		attachment		UBC29
w:coupled	word	coupled	1	155	155	21521	0.8957752341311134	0.6751636005473152	AT4G22840	False	1.0		False		coupled		BASS6
w:scf	word	scf	1	155	155	21521	0.8957752341311134	0.6751636005473152	AT5G25350	False	1.0		False		scf		EBF2
k:Lipid degradation	keyword	Lipid degradation	1	155	156	21521	0.8900330851943755	0.6775201315739537	AT3G11210	False	1.0		False		Lipid degradation		CPRD49
w:bound	word	bound	1	155	156	21521	0.8900330851943755	0.6775201315739537	AT4G26220	False	1.0		False		bound		AT4G26220
w:red	word	red	1	155	157	21521	0.8843640846517362	0.6798596766058308	AT1G09530	False	1.0		False		red		PIF3
w:photoperiodism	word	photoperiodism	1	155	158	21521	0.8787668436096365	0.6821823572895085	AT1G25560	False	1.0		False		photoperiodism		TEM1
k:Peroxisome	keyword	Peroxisome	1	155	159	21521	0.8732400081152364	0.6844882944060242	AT1G48320	False	1.0		False		Peroxisome		DHNAT1
w:free	word	free	1	155	159	21521	0.8732400081152364	0.6844882944060242	AT1G78090	False	1.0		False		free		TPPB
w:synthetase	word	synthetase	1	155	159	21521	0.8732400081152364	0.6844882944060242	AT3G14510	False	1.0		False		synthetase		AT3G14510
w:chlorophyll	word	chlorophyll	1	155	161	21521	0.862392306151072	0.6890504167707381	AT1G09530	False	1.0		False		chlorophyll		PIF3
w:adapter	word	adapter	1	155	161	21521	0.862392306151072	0.6890504167707381	AT2G25690	False	1.0		False		adapter		FLZ11
w:esterase	word	esterase	1	155	169	21521	0.8215690017178852	0.7066527344730134	AT3G11210	False	1.0		False		esterase		CPRD49
w:sucrose	word	sucrose	1	155	172	21521	0.8072393098274568	0.7129952297520235	AT5G03730	False	1.0		False		sucrose		CTR1
k:Endosome	keyword	Endosome	1	155	174	21521	0.7979606970708194	0.7171476756732305	AT5G05190	False	1.0		False		Endosome		EDR4
p:triphosphate hydrolase	phrase	triphosphate hydrolase	1	155	175	21521	0.7934009216589861	0.7192014588872955	AT5G61450	False	1.0		False		triphosphate hydrolase		MCI2.1
w:facilitate	word	facilitate	1	155	176	21521	0.7888929618768329	0.7212404251513482	AT2G25690	False	1.0		False		facilitate		FLZ11
w:specificity	word	specificity	1	155	177	21521	0.784435939493348	0.7232646806726196	AT1G77380	False	1.0		False		specificity		AAP3
w:adenosyl	word	adenosyl	1	155	177	21521	0.784435939493348	0.7232646806726196	AT4G26220	False	1.0		False		adenosyl		AT4G26220
w:diphosphate	word	diphosphate	1	155	180	21521	0.7713620071684588	0.729250233538904	AT3G14510	False	1.0		False		diphosphate		AT3G14510
k:Helicase	keyword	Helicase	1	155	180	21521	0.7713620071684588	0.729250233538904	AT5G60990	False	1.0		False		Helicase		RH10
w:lipase	word	lipase	1	155	181	21521	0.7671003386205667	0.7312166931144382	AT3G11210	False	1.0		False		lipase		CPRD49
w:fold	word	fold	1	155	183	21521	0.7587167283624185	0.7351071411779941	AT2G29370	False	1.0		False		fold		AT2G29370
w:position	word	position	1	155	183	21521	0.7587167283624185	0.7351071411779941	AT3G56170	False	1.0		False		position		CAN
p:copper ion	phrase	copper ion	1	155	184	21521	0.754593267882188	0.7370313324385342	AT4G38580	False	1.0		False		copper ion		FP6
w:structure	word	structure	1	155	184	21521	0.754593267882188	0.7370313324385342	AT5G09970	False	1.0		False		structure		CYP78A7
p:subsequent proteasomal	phrase	subsequent proteasomal	1	155	184	21521	0.754593267882188	0.7370313324385342	AT5G25350	False	1.0		False		subsequent proteasomal		EBF2
w:gamma	word	gamma	1	155	185	21521	0.750514385353095	0.7389416358303904	AT1G26270	False	1.0		False		gamma		PI4KG5
w:motif	word	motif	1	155	185	21521	0.750514385353095	0.7389416358303904	AT3G60530	False	1.0		False		motif		GATA4
w:inactive	word	inactive	1	155	186	21521	0.7464793617759279	0.740838150943171	AT5G18670	False	1.0		False		inactive		BMY3
w:targeting	word	targeting	1	155	188	21521	0.7385380919698009	0.7445902111473642	AT4G23700	False	1.0		False		targeting		CHX17
w:key	word	key	1	155	189	21521	0.7346304830175797	0.7464459518904458	AT4G26080	False	1.0		False		key		ABI1
p:nucleoside triphosphate	phrase	nucleoside triphosphate	1	155	190	21521	0.7307640067911715	0.7482882956677281	AT5G61450	False	1.0		False		nucleoside triphosphate		MCI2.1
p:light stimulus	phrase	light stimulus	1	155	192	21521	0.7231518817204301	0.7519331760076282	AT3G60530	False	1.0		False		light stimulus		GATA4
k:Carbohydrate metabolism	keyword	Carbohydrate metabolism	1	155	192	21521	0.7231518817204301	0.7519331760076282	AT5G18670	False	1.0		False		Carbohydrate metabolism		BMY3
w:helicase	word	helicase	1	155	192	21521	0.7231518817204301	0.7519331760076282	AT5G60990	False	1.0		False		helicase		RH10
w:monoatomic	word	monoatomic	1	155	195	21521	0.7120264681555005	0.7573023994176509	AT4G23700	False	1.0		False		monoatomic		CHX17
w:necessary	word	necessary	1	155	196	21521	0.7083936800526662	0.7590663555317961	AT1G48320	False	1.0		False		necessary		DHNAT1
w:floral	word	floral	1	155	196	21521	0.7083936800526662	0.7590663555317961	AT5G39610	False	1.0		False		floral		NAC6
w:forming	word	forming	1	155	197	21521	0.7047977730473227	0.7608175731117526	AT1G05010	False	1.0		False		forming		EFE
k:Apoplast	keyword	Apoplast	1	155	197	21521	0.7047977730473227	0.7608175731117526	AT1G64160	False	1.0		False		Apoplast		DIR5
w:monooxygenase	word	monooxygenase	1	155	197	21521	0.7047977730473227	0.7608175731117526	AT5G09970	False	1.0		False		monooxygenase		CYP78A7
k:FAD	keyword	FAD	1	155	198	21521	0.7012381883349625	0.7625561435566819	AT4G20830	False	1.0		False		FAD		AT4G20830
p:glycosyl compound	phrase	glycosyl compound	1	155	199	21521	0.6977143783433295	0.7642821576142123	AT1G60260	False	1.0		False		glycosyl compound		BGLU5
w:phosphatidylinositol	word	phosphatidylinositol	1	155	202	21521	0.6873522836154584	0.7693857592623293	AT1G26270	False	1.0		False		phosphatidylinositol		PI4KG5
w:myb	word	myb	1	155	202	21521	0.6873522836154584	0.7693857592623293	AT2G31180	False	1.0		False		myb		MYB14
w:phospholipid	word	phospholipid	1	155	203	21521	0.683966311774988	0.7710624423766563	AT2G42530	False	1.0		False		phospholipid		COR15B
w:proteasome	word	proteasome	1	155	203	21521	0.683966311774988	0.7710624423766563	AT4G26080	False	1.0		False		proteasome		ABI1
w:convert	word	convert	1	155	203	21521	0.683966311774988	0.7710624423766563	AT5G22630	False	1.0		False		convert		ADT5
p:proteasomal degradation	phrase	proteasomal degradation	1	155	203	21521	0.683966311774988	0.7710624423766563	AT5G25350	False	1.0		False		proteasomal degradation		EBF2
w:incorporation	word	incorporation	1	155	210	21521	0.6611674347158217	0.7824649060090694	AT5G09970	False	1.0		False		incorporation		CYP78A7
w:stranded	word	stranded	1	155	211	21521	0.6580339397645619	0.7840470907760253	AT3G56170	False	1.0		False		stranded		CAN
w:stability	word	stability	1	155	211	21521	0.6580339397645619	0.7840470907760253	AT5G25350	False	1.0		False		stability		EBF2
w:storage	word	storage	1	155	212	21521	0.6549300060864273	0.7856178416408642	AT2G16060	False	1.0		False		storage		HB1
w:carbon	word	carbon	1	155	213	21521	0.6518552173254581	0.7871772406997438	AT1G23730	False	1.0		False		carbon		BCA3
w:linked	word	linked	1	155	216	21521	0.6428016726403823	0.7917881392426183	AT4G20830	False	1.0		False		linked		AT4G20830
w:copper	word	copper	1	155	219	21521	0.6339961702754455	0.7962997712437465	AT4G38580	False	1.0		False		copper		FP6
k:Lipid biosynthesis	keyword	Lipid biosynthesis	1	155	220	21521	0.6311143695014663	0.7977819576796311	AT1G06080	False	1.0		False		Lipid biosynthesis		ADS1
p:flower development	phrase	flower development	1	155	222	21521	0.6254286544609126	0.800714260200576	AT5G65450	False	1.0		False		flower development		UBP17
k:Acyltransferase	keyword	Acyltransferase	1	155	223	21521	0.6226240416606393	0.802164529681252	AT5G61160	False	1.0		False		Acyltransferase		AACT1
k:Chaperone	keyword	Chaperone	1	155	227	21521	0.6116526929089101	0.8078614932702192	AT4G12770	False	1.0		False		Chaperone		AT4G12770
w:secondary	word	secondary	1	155	229	21521	0.606310747992675	0.810648548068956	AT1G64160	False	1.0		False		secondary		DIR5
w:metabolism	word	metabolism	1	155	230	21521	0.6036746143057503	0.812026975414875	AT1G64160	False	1.0		False		metabolism		DIR5
k:Flavoprotein	keyword	Flavoprotein	1	155	230	21521	0.6036746143057503	0.812026975414875	AT4G20830	False	1.0		False		Flavoprotein		AT4G20830
w:hydrolyzing	word	hydrolyzing	1	155	232	21521	0.5984705228031145	0.8147539908363572	AT1G60260	False	1.0		False		hydrolyzing		BGLU5
w:homodimerization	word	homodimerization	1	155	238	21521	0.5833830306316075	0.8227014178304932	AT5G39610	False	1.0		False		homodimerization		NAC6
w:recognition	word	recognition	1	155	247	21521	0.5621261590701319	0.8339917159720761	AT3G11780	False	1.0		False		recognition		AT3G11780
w:proteasomal	word	proteasomal	1	155	247	21521	0.5621261590701319	0.8339917159720761	AT5G25350	False	1.0		False		proteasomal		EBF2
w:production	word	production	1	155	249	21521	0.5576110895193678	0.836401995822339	AT1G06080	False	1.0		False		production		ADS1
w:methionine	word	methionine	1	155	250	21521	0.5553806451612904	0.8375940647696659	AT4G26220	False	1.0		False		methionine		AT4G26220
w:methylation	word	methylation	1	155	250	21521	0.5553806451612904	0.8375940647696659	AT4G35150	False	1.0		False		methylation		AT4G35150
k:Monooxygenase	keyword	Monooxygenase	1	155	251	21521	0.5531679732682174	0.8387775032521398	AT5G09970	False	1.0		False		Monooxygenase		CYP78A7
w:adenine	word	adenine	1	155	252	21521	0.5509728622631849	0.8399523733506786	AT4G20830	False	1.0		False		adenine		AT4G20830
w:triphosphate	word	triphosphate	1	155	255	21521	0.5444908285895003	0.8434261875157725	AT5G61450	False	1.0		False		triphosphate		MCI2.1
w:electron	word	electron	1	155	258	21521	0.5381595398849712	0.8468250789039831	AT5G57920	False	1.0		False		electron		ENODL10
w:movement	word	movement	1	155	262	21521	0.5299433637035212	0.851243157817603	AT4G26080	False	1.0		False		movement		ABI1
w:channel	word	channel	1	155	263	21521	0.5279283699251809	0.8523277483692878	AT4G26080	False	1.0		False		channel		ABI1
w:central	word	central	1	155	264	21521	0.525928641251222	0.853404481787425	AT1G64160	False	1.0		False		central		DIR5
w:import	word	import	1	155	266	21521	0.5219742905651225	0.8555346030295813	AT1G43160	False	1.0		False		import		RAP2.6
w:participate	word	participate	1	155	267	21521	0.5200193306753654	0.8565881027487259	AT2G33460	False	1.0		False		participate		RIC1
w:cytoskeleton	word	cytoskeleton	1	155	270	21521	0.5142413381123059	0.859703021296786	AT2G33460	False	1.0		False		cytoskeleton		RIC1
w:polypeptide	word	polypeptide	1	155	273	21521	0.508590334396786	0.8627507106064675	AT5G09970	False	1.0		False		polypeptide		CYP78A7
k:Cytoskeleton	keyword	Cytoskeleton	1	155	276	21521	0.5030621785881253	0.8657326124656378	AT2G33460	False	1.0		False		Cytoskeleton		RIC1
w:adp	word	adp	1	155	278	21521	0.49944302622418196	0.8676846965217471	AT1G62630	False	1.0		False		adp		AT1G62630
w:embryogenesis	word	embryogenesis	1	155	278	21521	0.49944302622418196	0.8676846965217471	AT5G54370	False	1.0		False		embryogenesis		MDK4.20
w:flower	word	flower	1	155	282	21521	0.49235872797986735	0.8715046680214596	AT5G65450	False	1.0		False		flower		UBP17
w:developmental	word	developmental	1	155	284	21521	0.48889141299409355	0.8733733592643708	AT3G59900	False	1.0		False		developmental		ARGOS
w:chaperone	word	chaperone	1	155	291	21521	0.4771311384547168	0.879703658042552	AT4G12770	False	1.0		False		chaperone		AT4G12770
p:iron ion	phrase	iron ion	1	155	293	21521	0.47387427061543547	0.8814538513615809	AT5G09970	False	1.0		False		iron ion		CYP78A7
w:splicing	word	splicing	1	155	294	21521	0.47226245336844414	0.882319437052129	AT3G02490	False	1.0		False		splicing		AT3G02490
w:double	word	double	1	155	303	21521	0.45823485574363887	0.8898324839780354	AT3G56170	False	1.0		False		double		CAN
p:embryo development	phrase	embryo development	1	155	303	21521	0.45823485574363887	0.8898324839780354	AT4G23750	False	1.0		False		embryo development		CRF2
w:glucose	word	glucose	1	155	303	21521	0.45823485574363887	0.8898324839780354	AT4G26080	False	1.0		False		glucose		ABI1
p:ubiquitin transferase	phrase	ubiquitin transferase	1	155	304	21521	0.45672750424448216	0.8906372707149287	AT5G61560	False	1.0		False		ubiquitin transferase		PUB51
p:inner membrane	phrase	inner membrane	1	155	311	21521	0.4464474639560212	0.8961095564667831	AT2G42530	False	1.0		False		inner membrane		COR15B
w:core	word	core	1	155	317	21521	0.43799735422814695	0.9005829659813649	AT2G34140	False	1.0		False		core		CDF4
w:microtubule	word	microtubule	1	155	321	21521	0.432539443272033	0.9034583787933851	AT2G33460	False	1.0		False		microtubule		RIC1
w:gtp	word	gtp	1	155	322	21521	0.431196153075536	0.9041642255522069	AT2G33460	False	1.0		False		gtp		RIC1
w:inner	word	inner	1	155	327	21521	0.42460293972575713	0.907617281276267	AT2G42530	False	1.0		False		inner		COR15B
p:carbohydrate metabolic	phrase	carbohydrate metabolic	1	155	332	21521	0.41820831713952583	0.910946693924717	AT1G60260	False	1.0		False		carbohydrate metabolic		BGLU5
w:subsequent	word	subsequent	1	155	339	21521	0.4095727471690932	0.9154084982590673	AT5G25350	False	1.0		False		subsequent		EBF2
w:network	word	network	1	155	341	21521	0.40717056096868787	0.9166420000463893	AT5G39610	False	1.0		False		network		NAC6
w:cytochrome	word	cytochrome	1	155	355	21521	0.39111313039527484	0.9247902395069483	AT5G09970	False	1.0		False		cytochrome		CYP78A7
w:lrr	word	lrr	1	155	366	21521	0.3793583641812093	0.9306329671040758	AT1G62630	False	1.0		False		lrr		AT1G62630
w:protease	word	protease	1	155	387	21521	0.35877302658998084	0.9405635524901955	AT5G65450	False	1.0		False		protease		UBP17
w:nucleolus	word	nucleolus	1	155	390	21521	0.35601323407775026	0.9418617937801722	AT5G60990	False	1.0		False		nucleolus		RH10
p:pentatricopeptide repeat	phrase	pentatricopeptide repeat	1	155	412	21521	0.33700281866583154	0.9505593402762513	AT3G02490	False	1.0		False		pentatricopeptide repeat		AT3G02490
w:pentatricopeptide	word	pentatricopeptide	1	155	413	21521	0.3361868312114348	0.9509223751077063	AT3G02490	False	1.0		False		pentatricopeptide		AT3G02490
w:ppr	word	ppr	1	155	425	21521	0.3266944971537002	0.9550775930593053	AT3G02490	False	1.0		False		ppr		AT3G02490
w:atpase	word	atpase	1	155	429	21521	0.32364839461613654	0.9563834507259965	AT5G02760	False	1.0		False		atpase		PP2C67
k:Protease	keyword	Protease	1	155	451	21521	0.30786066804949574	0.9629196986128562	AT5G65450	False	1.0		False		Protease		UBP17
w:vitro	word	vitro	1	155	472	21521	0.2941634773100055	0.9682479949055529	AT1G07260	False	1.0		False		vitro		UGT71C3
w:transfer	word	transfer	1	155	507	21521	0.2738563339059617	0.9754905106150201	AT5G57920	False	1.0		False		transfer		ENODL10
w:peptidase	word	peptidase	1	155	525	21521	0.2644669738863287	0.9785495520927234	AT5G65450	False	1.0		False		peptidase		UBP17
k:Golgi apparatus	keyword	Golgi apparatus	1	155	562	21521	0.2470554471358053	0.9836970047599399	AT2G26070	False	1.0		False		Golgi apparatus		RTE1
w:small	word	small	1	155	657	21521	0.21133205675848185	0.9919587548361259	AT5G20820	False	1.0		False		small		SAUR76
p:golgi apparatus	phrase	golgi apparatus	1	155	825	21521	0.16829716520039098	0.9977140482950038	AT2G26070	False	1.0		False		golgi apparatus		RTE1
k:Mitochondrion	keyword	Mitochondrion	1	155	836	21521	0.16608272881617533	0.9978955181985465	AT3G02490	False	1.0		False		Mitochondrion		AT3G02490
w:apparatus	word	apparatus	1	155	850	21521	0.1633472485768501	0.9981059184169475	AT2G26070	False	1.0		False		apparatus		RTE1
w:plastid	word	plastid	1	155	940	21521	0.1477076183939602	0.9990393406305627	AT5G63650	False	1.0		False		plastid		SNRK2.5
w:mitochondrial	word	mitochondrial	1	155	943	21521	0.14723771080628056	0.9990608834218924	AT3G02490	False	1.0		False		mitochondrial		AT3G02490
w:pseudo	word	pseudo	1	155	955	21521	0.14538760344536397	0.9991423592158786	AT2G06390	False	1.0		False		pseudo		AT2G06390
w:golgi	word	golgi	1	155	1028	21521	0.1350633864691854	0.9995067831136345	AT2G26070	False	1.0		False		golgi		RTE1
