concept	layer	label	k	n	K	N	fold	p	genes	tested	fdr	status	representative	group	display	merged	symbols
k:Ribosome biogenesis	keyword	Ribosome biogenesis	24	325	79	21521	20.117000973709835	4.527238473806585e-25	AT1G06720, AT1G15440, AT1G29940, AT1G31660, AT1G52930, AT1G56110, AT1G69070, AT2G17250, AT2G37990, AT2G40360, AT3G11964, AT3G15460, AT3G22660, AT3G57000, AT3G57660, AT4G02220, AT4G15770, AT4G26600, AT5G14520, AT5G15550, AT5G15750, AT5G27140, AT5G41190, AT5G66540	True	5.38288654535603e-22	significant	True	Ribosome biogenesis	Ribosome biogenesis	biogenesis, ribosome	AT1G06720, PWP2, NRPA2, ENP1, BRIX1-2, NOP56, AT1G69070, EMB2762, AT2G37990, BOP1, RRP5, BRIX1-1, EBP2, AT3G57000, NRPA1, AT4G02220, DL3925W, NOP2B, PES, WDR12, AT5G15750, NOP5-3, NOB1, MPP10
w:rrna	word	rrna	33	325	262	21521	8.340493247210803	6.516147080368844e-21	AT1G03360, AT1G06720, AT1G10490, AT1G15250, AT1G15440, AT1G18850, AT1G30240, AT1G31660, AT1G52930, AT1G69070, AT2G17250, AT2G37990, AT2G40360, AT3G04770, AT3G09720, AT3G11964, AT3G15460, AT3G21540, AT3G22660, AT3G23620, AT4G02400, AT4G22380, AT4G26600, AT5G06000, AT5G14050, AT5G14520, AT5G15550, AT5G15750, AT5G16750, AT5G41190, AT5G52470, AT5G57280, AT5G66540	True	2.8737164815174115e-18	significant	True	rrna	rrna	rRNA processing, rrna processing, ssu rrna, tricistronic rrna, lsu rrna, rrna transcript	RRP4, AT1G06720, AT1G10490, RPL37A, PWP2, PCP2, AT1G30240, ENP1, BRIX1-2, AT1G69070, EMB2762, AT2G37990, BOP1, RPSAb, RH57, RRP5, BRIX1-1, AT3G21540, EBP2, AT3G23620, AT4G02400, AT4G22380, NOP2B, EIF3G2, AT5G14050, PES, WDR12, AT5G15750, TOZ, NOB1, FIB1, RID2, MPP10
w:cytokinin	word	cytokinin	29	325	190	21521	10.107028340080971	7.250756471448473e-21	AT1G03850, AT1G04240, AT1G10470, AT1G13420, AT1G16530, AT1G19050, AT1G67110, AT1G69040, AT1G70560, AT1G74890, AT1G75450, AT2G01830, AT2G40670, AT2G41310, AT2G46310, AT3G48100, AT3G57040, AT4G22570, AT4G23750, AT4G26150, AT4G28720, AT4G29720, AT4G29740, AT4G37790, AT5G05860, AT5G11160, AT5G50915, AT5G56860, AT5G62920	True	2.8737164815174115e-18	significant	True	cytokinin	cytokinin	Cytokinin signaling pathway, cytokinin activated	GRXS13, SHY2, ARR4, ST4B, ASL9, ARR7, CYP735A2, ACR4, TAA1, ARR15, CKX5, WOL, RR16, RR3, CRF5, RR5, ARR9, APT3, CRF2, CGA1, YUC8, PAO5, CKX4, HAT22, UGT76C2, APT5, BHLH137, GNC, ARR6
k:rRNA processing	keyword	rRNA processing	23	325	104	21521	14.644467455621301	1.368755432683405e-20	AT1G03360, AT1G10490, AT1G15440, AT1G31660, AT1G52930, AT1G69070, AT2G17250, AT2G40360, AT3G11964, AT3G15460, AT3G46210, AT3G57000, AT4G05410, AT4G26600, AT4G27490, AT5G14050, AT5G14520, AT5G15550, AT5G41190, AT5G52470, AT5G57280, AT5G60990, AT5G66540	True	4.068625523651421e-18	significant	False	rrna	rRNA processing		RRP4, AT1G10490, PWP2, ENP1, BRIX1-2, AT1G69070, EMB2762, BOP1, RRP5, BRIX1-1, RRP46, AT3G57000, YAO, NOP2B, RRP41L, AT5G14050, PES, WDR12, NOB1, FIB1, RID2, RH10, MPP10
p:rrna processing	phrase	rrna processing	21	325	107	21521	12.996146657081235	9.228562176447371e-18	AT1G15440, AT1G18850, AT1G30240, AT1G31660, AT1G52930, AT2G17250, AT2G40360, AT3G11964, AT3G15460, AT3G22660, AT3G23620, AT4G02400, AT4G22380, AT5G14050, AT5G14520, AT5G15750, AT5G16750, AT5G41190, AT5G52470, AT5G57280, AT5G66540	True	2.1945520855591846e-15	significant	False	rrna	rrna processing		PWP2, PCP2, AT1G30240, ENP1, BRIX1-2, EMB2762, BOP1, RRP5, BRIX1-1, EBP2, AT3G23620, AT4G02400, AT4G22380, AT5G14050, PES, AT5G15750, TOZ, NOB1, FIB1, RID2, MPP10
w:ribosomal	word	ribosomal	39	325	511	21521	5.05385518590998	8.63233376077048e-17	AT1G02870, AT1G03360, AT1G06720, AT1G10490, AT1G14620, AT1G15250, AT1G15440, AT1G29940, AT1G31660, AT1G52930, AT1G63780, AT1G69070, AT2G17250, AT2G37990, AT2G40360, AT3G04770, AT3G11964, AT3G15460, AT3G22660, AT3G23620, AT3G46210, AT3G57660, AT4G01560, AT4G21140, AT4G22380, AT4G26600, AT4G27490, AT4G36680, AT5G14050, AT5G14520, AT5G15550, AT5G15750, AT5G16200, AT5G27140, AT5G41190, AT5G52470, AT5G57280, AT5G65860, AT5G66540	True	1.5285270651182315e-14	significant	True	ribosomal	ribosomal		AT1G02870, RRP4, AT1G06720, AT1G10490, DECOY, RPL37A, PWP2, NRPA2, ENP1, BRIX1-2, IMP4, AT1G69070, EMB2762, AT2G37990, BOP1, RPSAb, RRP5, BRIX1-1, EBP2, AT3G23620, RRP46, NRPA1, MEE49, AT4G21140, AT4G22380, NOP2B, RRP41L, AT4G36680, AT5G14050, PES, WDR12, AT5G15750, AT5G16200, NOP5-3, NOB1, FIB1, RID2, AT5G65860, MPP10
w:processing	word	processing	42	325	596	21521	4.6664016520392355	8.998897776137613e-17	AT1G02370, AT1G03360, AT1G09810, AT1G15440, AT1G18850, AT1G30240, AT1G31660, AT1G48460, AT1G52160, AT1G52930, AT1G56110, AT1G56350, AT1G63780, AT1G69070, AT2G17250, AT2G28450, AT2G40360, AT3G04770, AT3G11964, AT3G15460, AT3G15590, AT3G22660, AT3G23620, AT3G46210, AT4G01560, AT4G02400, AT4G05410, AT4G15770, AT4G20020, AT4G22380, AT4G26600, AT4G27490, AT5G14050, AT5G14520, AT5G15750, AT5G16750, AT5G27140, AT5G41190, AT5G52470, AT5G57280, AT5G60990, AT5G66540	True	1.5285270651182315e-14	significant	True	processing	processing	processing brix, rna processing, pre-rrna processing	AT1G02370, RRP4, ECT11, PWP2, PCP2, AT1G30240, ENP1, AT1G48460, TRZ3, BRIX1-2, NOP56, PRFB2, IMP4, AT1G69070, EMB2762, AT2G28450, BOP1, RPSAb, RRP5, BRIX1-1, AT3G15590, EBP2, AT3G23620, RRP46, MEE49, AT4G02400, YAO, DL3925W, MORF1, AT4G22380, NOP2B, RRP41L, AT5G14050, PES, AT5G15750, TOZ, NOP5-3, NOB1, FIB1, RID2, RH10, MPP10
w:nucleolus	word	nucleolus	34	325	390	21521	5.772891518737673	1.7540245428238578e-16	AT1G02870, AT1G03360, AT1G06720, AT1G10490, AT1G15440, AT1G31660, AT1G52930, AT1G69070, AT2G17250, AT2G31410, AT2G37990, AT2G40360, AT3G07050, AT3G11964, AT3G15460, AT3G17310, AT3G22660, AT3G23620, AT3G46210, AT3G55510, AT3G62310, AT4G02400, AT4G05410, AT4G26600, AT5G14050, AT5G14520, AT5G15550, AT5G16750, AT5G27140, AT5G52470, AT5G57280, AT5G60990, AT5G62190, AT5G66540	True	2.6069189767719588e-14	significant	True	nucleolus	nucleolus		AT1G02870, RRP4, AT1G06720, AT1G10490, PWP2, ENP1, BRIX1-2, AT1G69070, EMB2762, AT2G31410, AT2G37990, BOP1, NSN1, RRP5, BRIX1-1, DRM3, EBP2, AT3G23620, RRP46, RBL, AT3G62310, AT4G02400, YAO, NOP2B, AT5G14050, PES, WDR12, TOZ, NOP5-3, FIB1, RID2, RH10, PRH75, MPP10
w:nucleolar	word	nucleolar	16	325	69	21521	15.355005574136008	4.701006922727384e-15	AT1G02870, AT1G10490, AT1G15440, AT1G52160, AT1G56110, AT1G69070, AT2G17250, AT3G07050, AT3G57000, AT4G05410, AT4G26600, AT5G14050, AT5G15750, AT5G27140, AT5G62440, AT5G66540	True	6.210552479025399e-13	significant	True	nucleolar	nucleolar		AT1G02870, AT1G10490, PWP2, TRZ3, NOP56, AT1G69070, EMB2762, NSN1, AT3G57000, YAO, NOP2B, AT5G14050, AT5G15750, NOP5-3, EMB514, MPP10
k:Cytokinin signaling pathway	keyword	Cytokinin signaling pathway	13	325	51	21521	16.87921568627451	4.757785079229278e-13	AT1G10470, AT1G19050, AT1G74890, AT2G01830, AT2G40670, AT2G41310, AT2G46310, AT3G48100, AT3G57040, AT4G23750, AT4G26150, AT5G56860, AT5G62920	True	5.6570064592036115e-11	significant	False	cytokinin	Cytokinin signaling pathway		ARR4, ARR7, ARR15, WOL, RR16, RR3, CRF5, RR5, ARR9, CRF2, CGA1, GNC, ARR6
w:receiver	word	receiver	10	325	26	21521	25.46863905325444	2.304360992532697e-12	AT1G10470, AT1G19050, AT1G74890, AT2G01830, AT2G17820, AT2G40670, AT2G41310, AT3G48100, AT3G57040, AT5G62920	True	2.4908047455648884e-10	significant	True	receiver	receiver	asp residue, asp phosphorelay, phosphorelay signal, phosphorelay, Two-component regulatory system, arr, asp	ARR4, ARR7, ARR15, WOL, HK1, RR16, RR3, RR5, ARR9, ARR6
w:processome	word	processome	10	325	29	21521	22.83395225464191	8.34748603259999e-12	AT1G06720, AT1G10490, AT1G69070, AT3G21540, AT4G02400, AT4G22380, AT5G14050, AT5G15750, AT5G16750, AT5G27140	True	8.270967410634489e-10	significant	True	processome	processome		AT1G06720, AT1G10490, AT1G69070, AT3G21540, AT4G02400, AT4G22380, AT5G14050, AT5G15750, TOZ, NOP5-3
p:ssu rrna	phrase	ssu rrna	11	325	43	21521	16.939606440071557	2.943026533470494e-11	AT1G06720, AT1G10490, AT1G69070, AT2G37990, AT2G40360, AT3G09720, AT3G21540, AT3G23620, AT4G22380, AT5G14520, AT5G15550	True	2.6917373448433983e-09	significant	False	rrna	ssu rrna		AT1G06720, AT1G10490, AT1G69070, AT2G37990, BOP1, RH57, AT3G21540, AT3G23620, AT4G22380, PES, WDR12
k:Nucleus	keyword	Nucleus	105	325	3769	21521	1.8447700879645694	5.2637838865436815e-11	AT1G02870, AT1G03110, AT1G03360, AT1G03850, AT1G04240, AT1G06720, AT1G09670, AT1G10470, AT1G10490, AT1G13740, AT1G15440, AT1G16530, AT1G18400, AT1G19050, AT1G29940, AT1G30240, AT1G31660, AT1G32640, AT1G52160, AT1G52930, AT1G56110, AT1G69070, AT1G74890, AT1G75670, AT1G76580, AT1G79950, AT2G17250, AT2G19670, AT2G22770, AT2G31180, AT2G31410, AT2G33620, AT2G34260, AT2G37990, AT2G39020, AT2G40360, AT2G40670, AT2G41310, AT2G42280, AT2G46310, AT2G47260, AT3G07050, AT3G07860, AT3G10530, AT3G11964, AT3G13230, AT3G15460, AT3G16310, AT3G16870, AT3G17310, AT3G21270, AT3G22660, AT3G23620, AT3G29575, AT3G46210, AT3G46640, AT3G48100, AT3G50700, AT3G55510, AT3G57000, AT3G57040, AT3G57660, AT3G63130, AT4G02400, AT4G05410, AT4G13750, AT4G15770, AT4G18880, AT4G22380, AT4G23750, AT4G26150, AT4G26600, AT4G27490, AT4G29510, AT4G34590, AT4G34610, AT4G37790, AT5G09380, AT5G13180, AT5G14050, AT5G14520, AT5G15550, AT5G15750, AT5G15920, AT5G16750, AT5G24840, AT5G27140, AT5G39760, AT5G41190, AT5G46840, AT5G50915, AT5G52470, AT5G56860, AT5G57280, AT5G59450, AT5G60890, AT5G60990, AT5G62090, AT5G62190, AT5G62440, AT5G62920, AT5G64420, AT5G65640, AT5G65860, AT5G66540	True	4.470456457928883e-09	significant	True	Nucleus	Nucleus		AT1G02870, TRM82, RRP4, GRXS13, SHY2, AT1G06720, AT1G09670, ARR4, AT1G10490, AFP2, PWP2, ASL9, BEE1, ARR7, NRPA2, AT1G30240, ENP1, MYC2, TRZ3, BRIX1-2, NOP56, AT1G69070, ARR15, AT1G75670, SPL16, RTEL1, EMB2762, PRMT1A, NAI1, MYB14, AT2G31410, AHL10, WDR55, AT2G37990, GNAT8, BOP1, RR16, RR3, FBH4, CRF5, WRKY23, NSN1, SNRNP25, AT3G10530, RRP5, AT3G13230, BRIX1-1, NUP35, GATA17, DRM3, DOF2, EBP2, AT3G23620, AFP3, RRP46, PCL1, RR5, IDD2, RBL, AT3G57000, ARR9, NRPA1, RANGAP1, AT4G02400, YAO, NOV, DL3925W, HSFA4A, AT4G22380, CRF2, CGA1, NOP2B, RRP41L, PRMT11, GBF6, BLH6, HAT22, AT5G09380, NAC083, AT5G14050, PES, WDR12, AT5G15750, SMC5, TOZ, AT5G24840, NOP5-3, HB23, NOB1, MZA15.26, BHLH137, FIB1, GNC, RID2, SCL11, MYB34, RH10, SLK2, PRH75, EMB514, ARR6, MSJ1.26, bHLH093, AT5G65860, MPP10
w:ssu	word	ssu	11	325	50	21521	14.568061538461537	1.7395380770451e-10	AT1G06720, AT1G10490, AT1G69070, AT2G37990, AT2G40360, AT3G09720, AT3G21540, AT3G23620, AT4G22380, AT5G14520, AT5G15550	True	1.3788738490710826e-08	significant	True	ssu	ssu rrna		AT1G06720, AT1G10490, AT1G69070, AT2G37990, BOP1, RH57, AT3G21540, AT3G23620, AT4G22380, PES, WDR12
w:pre‑rrna	word	pre-rrna	9	325	28	21521	21.284505494505495	1.9631022739620992e-10	AT1G31660, AT1G52930, AT3G15460, AT3G22660, AT4G15770, AT5G41190, AT5G52470, AT5G57280, AT5G60990	True	1.458830377338085e-08	significant	True	pre-rrna	pre-rrna		ENP1, BRIX1-2, BRIX1-1, EBP2, DL3925W, NOB1, FIB1, RID2, RH10
p:cytokinin activated	phrase	cytokinin activated	12	325	65	21521	12.224946745562132	2.261753655911164e-10	AT1G10470, AT1G16530, AT1G19050, AT1G74890, AT2G01830, AT2G40670, AT2G41310, AT3G48100, AT3G57040, AT4G26150, AT5G56860, AT5G62920	True	1.581897115810808e-08	significant	False	cytokinin	cytokinin activated		ARR4, ASL9, ARR7, ARR15, WOL, RR16, RR3, RR5, ARR9, CGA1, GNC, ARR6
p:asp residue	phrase	asp residue	8	325	20	21521	26.487384615384613	2.670718848330011e-10	AT1G10470, AT1G19050, AT1G74890, AT2G40670, AT2G41310, AT3G48100, AT3G57040, AT5G62920	True	1.764158172591324e-08	significant	False	receiver	asp residue		ARR4, ARR7, ARR15, RR16, RR3, RR5, ARR9, ARR6
w:brix	word	brix	5	325	5	21521	66.21846153846154	7.618708802002691e-10	AT1G52930, AT1G63780, AT3G15460, AT3G23620, AT4G01560	True	4.5293223827906e-08	significant	True	brix	processing brix		BRIX1-2, IMP4, BRIX1-1, AT3G23620, MEE49
p:processing brix	phrase	processing brix	5	325	5	21521	66.21846153846154	7.618708802002691e-10	AT1G52930, AT1G63780, AT3G15460, AT3G23620, AT4G01560	True	4.5293223827906e-08	significant	False	processing	processing brix		BRIX1-2, IMP4, BRIX1-1, AT3G23620, MEE49
w:rna	word	rna	62	325	1821	21521	2.2545549782452583	9.791761284792889e-10	AT1G02370, AT1G03360, AT1G03850, AT1G06720, AT1G10490, AT1G15440, AT1G29940, AT1G52160, AT1G52930, AT1G56110, AT1G60850, AT1G63780, AT1G68990, AT1G69070, AT1G75670, AT1G80720, AT2G17250, AT2G24120, AT2G28450, AT2G34750, AT2G40700, AT3G07050, AT3G08030, AT3G09720, AT3G11964, AT3G13230, AT3G13700, AT3G15460, AT3G15590, AT3G17310, AT3G22310, AT3G22660, AT3G23620, AT3G46210, AT3G46640, AT3G57000, AT3G57660, AT3G62310, AT4G01560, AT4G05410, AT4G15770, AT4G20020, AT4G22380, AT4G26600, AT4G27490, AT4G34760, AT4G37790, AT4G38860, AT5G06000, AT5G08620, AT5G09380, AT5G14050, AT5G15750, AT5G24840, AT5G27140, AT5G41190, AT5G46840, AT5G52470, AT5G57280, AT5G60990, AT5G62190, AT5G66540	True	5.5440019845803547e-08	significant	True	rna	rna	DNA-directed RNA polymerase, rna helicase	AT1G02370, RRP4, GRXS13, AT1G06720, AT1G10490, PWP2, NRPA2, TRZ3, BRIX1-2, NOP56, ATRPAC42, IMP4, MGP3, AT1G69070, AT1G75670, AT1G80720, EMB2762, SCA3, AT2G28450, AT2G34750, RH17, NSN1, ATHA2-1, RH57, RRP5, AT3G13230, AT3G13700, BRIX1-1, AT3G15590, DRM3, PMH1, EBP2, AT3G23620, RRP46, PCL1, AT3G57000, NRPA1, AT3G62310, MEE49, YAO, DL3925W, MORF1, AT4G22380, NOP2B, RRP41L, SAUR50, HAT22, SAUR16, EIF3G2, STRS2, AT5G09380, AT5G14050, AT5G15750, AT5G24840, NOP5-3, NOB1, MZA15.26, FIB1, RID2, RH10, PRH75, MPP10
p:asp phosphorelay	phrase	asp phosphorelay	8	325	25	21521	21.189907692307692	2.1470338338000174e-09	AT1G10470, AT1G19050, AT1G74890, AT2G40670, AT2G41310, AT3G48100, AT3G57040, AT5G62920	True	1.1603741947219184e-07	significant	False	receiver	asp phosphorelay		ARR4, ARR7, ARR15, RR16, RR3, RR5, ARR9, ARR6
w:preribosome	word	preribosome	7	325	17	21521	27.266425339366513	2.868808368932443e-09	AT1G06720, AT2G37990, AT2G40360, AT3G21540, AT5G14050, AT5G14520, AT5G15550	True	1.483049195939424e-07	significant	True	preribosome	preribosome		AT1G06720, AT2G37990, BOP1, AT3G21540, AT5G14050, PES, WDR12
p:phosphorelay signal	phrase	phosphorelay signal	10	325	53	21521	12.494049346879537	5.895443850184021e-09	AT1G10470, AT1G19050, AT1G74890, AT2G01830, AT2G17820, AT2G40670, AT2G41310, AT3G48100, AT3G57040, AT5G62920	True	2.920701140778667e-07	significant	False	receiver	phosphorelay signal		ARR4, ARR7, ARR15, WOL, HK1, RR16, RR3, RR5, ARR9, ARR6
w:phosphorelay	word	phosphorelay	10	325	54	21521	12.262678062678063	7.139308157746327e-09	AT1G10470, AT1G19050, AT1G74890, AT2G01830, AT2G17820, AT2G40670, AT2G41310, AT3G48100, AT3G57040, AT5G62920	True	3.395454959824153e-07	significant	False	receiver	phosphorelay		ARR4, ARR7, ARR15, WOL, HK1, RR16, RR3, RR5, ARR9, ARR6
k:Two-component regulatory system	keyword	Two-component regulatory system	9	325	42	21521	14.18967032967033	1.052378790797425e-08	AT1G10470, AT1G19050, AT1G74890, AT2G17820, AT2G40670, AT2G41310, AT3G48100, AT3G57040, AT5G62920	True	4.812609162531301e-07	significant	False	receiver	Two-component regulatory system		ARR4, ARR7, ARR15, HK1, RR16, RR3, RR5, ARR9, ARR6
w:biogenesis	word	biogenesis	25	325	436	21521	3.7969301340860975	1.3804995566711973e-08	AT1G02870, AT1G06720, AT1G10490, AT1G15440, AT1G31660, AT1G32640, AT1G52930, AT1G78580, AT2G17250, AT2G36870, AT2G37990, AT2G40360, AT3G07050, AT3G11964, AT3G15460, AT3G22660, AT3G23620, AT4G15770, AT5G14520, AT5G15550, AT5G15750, AT5G27140, AT5G41190, AT5G57280, AT5G62440	True	6.079311010674273e-07	significant	False	Ribosome biogenesis	biogenesis		AT1G02870, AT1G06720, AT1G10490, PWP2, ENP1, MYC2, BRIX1-2, TPS1, EMB2762, XTH32, AT2G37990, BOP1, NSN1, RRP5, BRIX1-1, EBP2, AT3G23620, DL3925W, PES, WDR12, AT5G15750, NOP5-3, NOB1, RID2, EMB514
w:arr	word	arr	8	325	32	21521	16.554615384615385	1.9043603082701204e-08	AT1G10470, AT1G19050, AT1G74890, AT2G40670, AT2G41310, AT3G48100, AT3G57040, AT5G62920	True	8.086730023332761e-07	significant	False	receiver	arr		ARR4, ARR7, ARR15, RR16, RR3, RR5, ARR9, ARR6
p:rna processing	phrase	rna processing	15	325	169	21521	5.877378243058717	4.57037365381927e-08	AT1G02370, AT1G03360, AT1G52930, AT1G56110, AT1G63780, AT2G28450, AT3G11964, AT3G15460, AT3G15590, AT3G23620, AT3G46210, AT4G01560, AT4G26600, AT4G27490, AT5G27140	True	1.8738531980659007e-06	significant	False	processing	rna processing		AT1G02370, RRP4, BRIX1-2, NOP56, IMP4, AT2G28450, RRP5, BRIX1-1, AT3G15590, AT3G23620, RRP46, MEE49, NOP2B, RRP41L, NOP5-3
w:asp	word	asp	8	325	46	21521	11.516254180602008	3.9308691871358616e-07	AT1G10470, AT1G19050, AT1G74890, AT2G40670, AT2G41310, AT3G48100, AT3G57040, AT5G62920	True	1.5203522700057989e-05	significant	False	receiver	asp		ARR4, ARR7, ARR15, RR16, RR3, RR5, ARR9, ARR6
k:S-adenosyl-L-methionine	keyword	S-adenosyl-L-methionine	16	325	227	21521	4.667380548966452	3.963912562672815e-07	AT1G04870, AT1G20330, AT1G72090, AT1G76790, AT2G19670, AT2G28450, AT3G17310, AT3G57000, AT4G26600, AT4G29510, AT4G31790, AT4G35150, AT5G24840, AT5G52470, AT5G57280, AT5G65860	True	1.5203522700057989e-05	significant	True	S-adenosyl-L-methionine	S-adenosyl-L-methionine	methyltransferase, Methyltransferase	PRMT10, SMT2, AT1G72090, IGMT5, PRMT1A, AT2G28450, DRM3, AT3G57000, NOP2B, PRMT11, AT4G31790, AT4G35150, AT5G24840, FIB1, RID2, AT5G65860
w:pre	word	pre	6	325	24	21521	16.554615384615385	1.2120347555249044e-06	AT1G15440, AT1G56110, AT1G69070, AT5G14050, AT5G27140, AT5G66540	True	4.503466638497223e-05	significant	True	pre	pre		PWP2, NOP56, AT1G69070, AT5G14050, NOP5-3, MPP10
w:maturation	word	maturation	17	325	282	21521	3.9918930714675396	1.5284056446934697e-06	AT1G03360, AT1G06720, AT1G10490, AT1G15440, AT1G52160, AT1G69070, AT2G17250, AT2G17820, AT2G40360, AT3G04770, AT3G09720, AT3G21540, AT3G23620, AT4G22380, AT4G27490, AT5G14520, AT5G15550	True	5.5068918531531375e-05	significant	True	maturation	maturation		RRP4, AT1G06720, AT1G10490, PWP2, TRZ3, AT1G69070, EMB2762, HK1, BOP1, RPSAb, RH57, AT3G21540, AT3G23620, AT4G22380, RRP41L, PES, WDR12
w:sam	word	sam	15	325	227	21521	4.375669264656049	2.0563889422277513e-06	AT1G04870, AT1G20330, AT1G61570, AT1G76790, AT2G19080, AT2G19670, AT2G28450, AT3G17310, AT3G57000, AT4G26600, AT4G29510, AT4G35150, AT5G24840, AT5G57280, AT5G65860	True	7.191313095025872e-05	significant	True	sam	sam		PRMT10, SMT2, TIM13, IGMT5, MTX1, PRMT1A, AT2G28450, DRM3, AT3G57000, NOP2B, PRMT11, AT4G35150, AT5G24840, RID2, AT5G65860
w:pescadillo	word	pescadillo	3	325	3	21521	66.21846153846154	3.412746999307428e-06	AT2G40360, AT5G14520, AT5G15550	True	0.00011271544950490366	significant	True	pescadillo	pescadillo		BOP1, PES, WDR12
w:reactor	word	reactor	3	325	3	21521	66.21846153846154	3.412746999307428e-06	AT2G41310, AT3G48100, AT3G57040	True	0.00011271544950490366	significant	True	reactor	reactor		RR3, RR5, ARR9
w:residue	word	residue	16	325	269	21521	3.9386445524735487	3.694888256088943e-06	AT1G04870, AT1G10470, AT1G19050, AT1G74890, AT2G01830, AT2G17820, AT2G19670, AT2G40670, AT2G41310, AT3G18630, AT3G48100, AT3G57040, AT4G29510, AT4G31790, AT5G62920, AT5G65860	True	0.00011873573341864197	significant	True	residue	residue	arginyl residue	PRMT10, ARR4, ARR7, ARR15, WOL, HK1, PRMT1A, RR16, RR3, UNG, RR5, ARR9, PRMT11, AT4G31790, ARR6, AT5G65860
w:methyltransferase	word	methyltransferase	18	325	341	21521	3.495402661854275	4.921432444774597e-06	AT1G04870, AT1G20330, AT1G76790, AT2G19670, AT2G28450, AT2G43200, AT3G17310, AT3G57000, AT4G26600, AT4G29510, AT4G31790, AT4G35150, AT4G37410, AT5G03670, AT5G24840, AT5G52470, AT5G57280, AT5G65860	True	0.0001539890309693946	significant	False	S-adenosyl-L-methionine	methyltransferase		PRMT10, SMT2, IGMT5, PRMT1A, AT2G28450, AT2G43200, DRM3, AT3G57000, NOP2B, PRMT11, AT4G31790, AT4G35150, CYP81F4, TRM28, AT5G24840, FIB1, RID2, AT5G65860
w:methylate	word	methylate	7	325	46	21521	10.076722408026756	5.42143876199552e-06	AT1G04870, AT2G19670, AT4G26600, AT4G29510, AT5G52470, AT5G57280, AT5G65860	True	0.00016504744348034113	significant	True	methylate	methylate		PRMT10, PRMT1A, NOP2B, PRMT11, FIB1, RID2, AT5G65860
p:pre‑rrna processing	phrase	pre-rrna processing	5	325	18	21521	18.394017094017094	5.552479175116607e-06	AT1G52930, AT3G15460, AT4G15770, AT5G52470, AT5G57280	True	0.00016504744348034113	significant	False	processing	pre-rrna processing		BRIX1-2, BRIX1-1, DL3925W, FIB1, RID2
w:arginyl	word	arginyl	4	325	9	21521	29.43042735042735	6.060119460253184e-06	AT1G04870, AT2G19670, AT3G11240, AT4G29510	True	0.00016514919452516213	significant	True	arginyl	arginyl residue	guanidino, asymmetric dimethylation, guanidino nitrogen, dimethylation, mono	PRMT10, PRMT1A, ATE2, PRMT11
p:tricistronic rrna	phrase	tricistronic rrna	6	325	31	21521	12.816476426799008	6.065078416851453e-06	AT1G06720, AT2G37990, AT2G40360, AT3G23620, AT5G14520, AT5G15550	True	0.00016514919452516213	significant	False	rrna	tricistronic rrna		AT1G06720, AT2G37990, BOP1, AT3G23620, PES, WDR12
w:tricistronic	word	tricistronic	6	325	31	21521	12.816476426799008	6.065078416851453e-06	AT1G06720, AT2G37990, AT2G40360, AT3G23620, AT5G14520, AT5G15550	True	0.00016514919452516213	significant	True	tricistronic	tricistronic rrna	lsu	AT1G06720, AT2G37990, BOP1, AT3G23620, PES, WDR12
w:ability	word	ability	10	325	109	21521	6.075088214537756	6.111492480325596e-06	AT1G04240, AT1G10470, AT1G19050, AT1G74890, AT2G40670, AT2G41310, AT3G48100, AT3G57040, AT5G52470, AT5G62920	True	0.00016514919452516213	significant	True	ability	ability		SHY2, ARR4, ARR7, ARR15, RR16, RR3, RR5, ARR9, FIB1, ARR6
p:lsu rrna	phrase	lsu rrna	6	325	34	21521	11.685610859728508	1.0664072273750981e-05	AT1G06720, AT2G37990, AT2G40360, AT3G23620, AT5G14520, AT5G15550	True	0.0002756430855106504	significant	False	rrna	lsu rrna		AT1G06720, AT2G37990, BOP1, AT3G23620, PES, WDR12
p:rrna transcript	phrase	rrna transcript	6	325	34	21521	11.685610859728508	1.0664072273750981e-05	AT1G06720, AT2G37990, AT2G40360, AT3G23620, AT5G14520, AT5G15550	True	0.0002756430855106504	significant	False	rrna	rrna transcript		AT1G06720, AT2G37990, BOP1, AT3G23620, PES, WDR12
k:DNA-directed RNA polymerase	keyword	DNA-directed RNA polymerase	7	325	51	21521	9.088808446455504	1.099295996266885e-05	AT1G29940, AT1G60850, AT1G68990, AT1G75670, AT2G24120, AT3G57660, AT5G09380	True	0.0002780984977790056	significant	False	rna	DNA-directed RNA polymerase		NRPA2, ATRPAC42, MGP3, AT1G75670, SCA3, NRPA1, AT5G09380
w:snorna	word	snorna	5	325	21	21521	15.766300366300367	1.2705048005313655e-05	AT3G21540, AT4G05410, AT5G15750, AT5G27140, AT5G52470	True	0.00031471462663162366	significant	True	snorna	snorna		AT3G21540, YAO, AT5G15750, NOP5-3, FIB1
k:Methyltransferase	keyword	Methyltransferase	16	325	299	21521	3.5434628248006175	1.3990101146002943e-05	AT1G04870, AT1G20330, AT1G76790, AT2G19670, AT2G28450, AT2G43200, AT3G17310, AT3G57000, AT4G26600, AT4G29510, AT4G31790, AT4G35150, AT5G24840, AT5G52470, AT5G57280, AT5G65860	True	0.0003394740869917857	significant	False	S-adenosyl-L-methionine	Methyltransferase		PRMT10, SMT2, IGMT5, PRMT1A, AT2G28450, AT2G43200, DRM3, AT3G57000, NOP2B, PRMT11, AT4G31790, AT4G35150, AT5G24840, FIB1, RID2, AT5G65860
w:expansin	word	expansin	6	325	36	21521	11.036410256410257	1.5057073768203038e-05	AT1G26770, AT1G69530, AT2G03090, AT2G39700, AT3G03220, AT3G45960	True	0.0003580572142078683	significant	True	expansin	alpha expansin	ath expalpha, expalpha, alpha expansin, ath, wall loosening, loosening, disrupting non-covalent, bonding, matrix glucan, non-covalent bonding, disrupting, non-covalent, cellulose microfibril, microfibril, unidimensional, unidimensional cell	EXPA10, EXPA1, EXPA15, EXPA4, EXPA13, EXLA3
p:ath expalpha	phrase	ath expalpha	5	325	23	21521	14.395317725752511	2.0494232249057433e-05	AT1G26770, AT1G69530, AT2G03090, AT2G39700, AT3G03220	True	0.00045976683290809977	significant	False	expansin	ath expalpha		EXPA10, EXPA1, EXPA15, EXPA4, EXPA13
w:expalpha	word	expalpha	5	325	23	21521	14.395317725752511	2.0494232249057433e-05	AT1G26770, AT1G69530, AT2G03090, AT2G39700, AT3G03220	True	0.00045976683290809977	significant	False	expansin	expalpha		EXPA10, EXPA1, EXPA15, EXPA4, EXPA13
p:alpha expansin	phrase	alpha expansin	5	325	23	21521	14.395317725752511	2.0494232249057433e-05	AT1G26770, AT1G69530, AT2G03090, AT2G39700, AT3G03220	True	0.00045976683290809977	significant	False	expansin	alpha expansin		EXPA10, EXPA1, EXPA15, EXPA4, EXPA13
w:lsu	word	lsu	6	325	40	21521	9.932769230769232	2.8202984884452285e-05	AT1G06720, AT2G37990, AT2G40360, AT3G23620, AT5G14520, AT5G15550	True	0.0006209879449558106	significant	False	tricistronic	lsu		AT1G06720, AT2G37990, BOP1, AT3G23620, PES, WDR12
w:ath	word	ath	6	325	41	21521	9.690506566604128	3.2621330180930575e-05	AT1G26770, AT1G69530, AT2G03090, AT2G39700, AT3G03220, AT3G45960	True	0.0007052138470022992	significant	False	expansin	ath		EXPA10, EXPA1, EXPA15, EXPA4, EXPA13, EXLA3
p:arginyl residue	phrase	arginyl residue	3	325	5	21521	39.73107692307693	3.336600496932421e-05	AT1G04870, AT2G19670, AT4G29510	True	0.0007084317840808302	significant	False	residue	arginyl residue		PRMT10, PRMT1A, PRMT11
p:wall loosening	phrase	wall loosening	6	325	42	21521	9.459780219780221	3.7578604127715476e-05	AT1G26770, AT1G69530, AT2G03090, AT2G39700, AT3G03220, AT3G45960	True	0.0007838764966290123	significant	False	expansin	wall loosening		EXPA10, EXPA1, EXPA15, EXPA4, EXPA13, EXLA3
w:pre‑ribosomal	word	pre-ribosomal	4	325	14	21521	18.919560439560442	4.534808667474803e-05	AT1G69070, AT2G17250, AT4G05410, AT5G52470	True	0.0009296357768323346	significant	True	pre-ribosomal	pre-ribosomal		AT1G69070, EMB2762, YAO, FIB1
w:loosening	word	loosening	6	325	44	21521	9.02979020979021	4.930206125059053e-05	AT1G26770, AT1G69530, AT2G03090, AT2G39700, AT3G03220, AT3G45960	True	0.0009935618784229175	significant	False	expansin	loosening		EXPA10, EXPA1, EXPA15, EXPA4, EXPA13, EXLA3
p:disrupting non‑covalent	phrase	disrupting non-covalent	5	325	28	21521	11.824725274725276	5.62629335903721e-05	AT1G26770, AT1G69530, AT2G03090, AT2G39700, AT3G03220	True	0.0010618512387135304	significant	False	expansin	disrupting non-covalent		EXPA10, EXPA1, EXPA15, EXPA4, EXPA13
w:bonding	word	bonding	5	325	28	21521	11.824725274725276	5.62629335903721e-05	AT1G26770, AT1G69530, AT2G03090, AT2G39700, AT3G03220	True	0.0010618512387135304	significant	False	expansin	bonding		EXPA10, EXPA1, EXPA15, EXPA4, EXPA13
p:matrix glucan	phrase	matrix glucan	5	325	28	21521	11.824725274725276	5.62629335903721e-05	AT1G26770, AT1G69530, AT2G03090, AT2G39700, AT3G03220	True	0.0010618512387135304	significant	False	expansin	matrix glucan		EXPA10, EXPA1, EXPA15, EXPA4, EXPA13
p:non‑covalent bonding	phrase	non-covalent bonding	5	325	28	21521	11.824725274725276	5.62629335903721e-05	AT1G26770, AT1G69530, AT2G03090, AT2G39700, AT3G03220	True	0.0010618512387135304	significant	False	expansin	non-covalent bonding		EXPA10, EXPA1, EXPA15, EXPA4, EXPA13
w:convert	word	convert	12	325	203	21521	3.9143918150814705	6.44784766579606e-05	AT1G70560, AT1G76790, AT3G30775, AT3G44320, AT3G50660, AT3G50700, AT4G37410, AT5G04330, AT5G11160, AT5G47990, AT5G48010, AT5G63450	True	0.0011050020949058136	significant	True	convert	convert		TAA1, IGMT5, ERD5, NIT3, DWF4, IDD2, CYP81F4, CYP84A4, APT5, CYP705A5, THAS1, CYP94B1
w:guanidino	word	guanidino	3	325	6	21521	33.10923076923077	6.598414528033032e-05	AT1G04870, AT2G19670, AT4G29510	True	0.0011050020949058136	significant	False	arginyl	guanidino		PRMT10, PRMT1A, PRMT11
p:asymmetric dimethylation	phrase	asymmetric dimethylation	3	325	6	21521	33.10923076923077	6.598414528033032e-05	AT1G04870, AT2G19670, AT4G29510	True	0.0011050020949058136	significant	False	arginyl	asymmetric dimethylation		PRMT10, PRMT1A, PRMT11
p:guanidino nitrogen	phrase	guanidino nitrogen	3	325	6	21521	33.10923076923077	6.598414528033032e-05	AT1G04870, AT2G19670, AT4G29510	True	0.0011050020949058136	significant	False	arginyl	guanidino nitrogen		PRMT10, PRMT1A, PRMT11
p:nitrate excretion	phrase	nitrate excretion	3	325	6	21521	33.10923076923077	6.598414528033032e-05	AT3G45680, AT3G45700, AT3G45710	True	0.0011050020949058136	significant	True	nitrate excretion	nitrate excretion	passive nitrate, excretion transporter, passive, excretion, nitrate, Nitrate assimilation	NPF2.3, NPF2.4, NPF2.5
p:passive nitrate	phrase	passive nitrate	3	325	6	21521	33.10923076923077	6.598414528033032e-05	AT3G45680, AT3G45700, AT3G45710	True	0.0011050020949058136	significant	False	nitrate excretion	passive nitrate		NPF2.3, NPF2.4, NPF2.5
p:excretion transporter	phrase	excretion transporter	3	325	6	21521	33.10923076923077	6.598414528033032e-05	AT3G45680, AT3G45700, AT3G45710	True	0.0011050020949058136	significant	False	nitrate excretion	excretion transporter		NPF2.3, NPF2.4, NPF2.5
w:passive	word	passive	3	325	6	21521	33.10923076923077	6.598414528033032e-05	AT3G45680, AT3G45700, AT3G45710	True	0.0011050020949058136	significant	False	nitrate excretion	passive		NPF2.3, NPF2.4, NPF2.5
w:disrupting	word	disrupting	5	325	29	21521	11.416976127320956	6.714817644040314e-05	AT1G26770, AT1G69530, AT2G03090, AT2G39700, AT3G03220	True	0.0011088775248283241	significant	False	expansin	disrupting		EXPA10, EXPA1, EXPA15, EXPA4, EXPA13
w:transducin	word	transducin	10	325	144	21521	4.598504273504274	6.914337835985294e-05	AT1G03110, AT2G19540, AT2G34260, AT2G40360, AT3G10530, AT3G21540, AT4G05410, AT5G14050, AT5G15550, AT5G16750	True	0.001126184614655687	significant	True	transducin	transducin	WD repeat	TRM82, HTD1, WDR55, BOP1, AT3G10530, AT3G21540, YAO, AT5G14050, WDR12, TOZ
w:ribonucleoprotein	word	ribonucleoprotein	10	325	145	21521	4.566790450928383	7.328800718161505e-05	AT1G56110, AT2G40360, AT3G07860, AT4G02400, AT4G05410, AT5G14520, AT5G15550, AT5G15750, AT5G27140, AT5G66540	True	0.0011720329347303124	significant	True	ribonucleoprotein	ribonucleoprotein		NOP56, BOP1, SNRNP25, AT4G02400, YAO, PES, WDR12, AT5G15750, NOP5-3, MPP10
p:dead box	phrase	dead box	7	325	68	21521	6.816606334841628	7.3929747775251e-05	AT2G40700, AT3G09720, AT3G22310, AT3G62310, AT5G08620, AT5G60990, AT5G62190	True	0.0011720329347303124	significant	True	dead box	dead box	dead, box helicase, Helicase, helicase	RH17, RH57, PMH1, AT3G62310, STRS2, RH10, PRH75
w:syncytium	word	syncytium	4	325	16	21521	16.554615384615385	8.050436954048532e-05	AT1G26770, AT1G69530, AT2G03090, AT2G39700	True	0.0012594696761004875	significant	True	syncytium	syncytium		EXPA10, EXPA1, EXPA15, EXPA4
w:non‑covalent	word	non-covalent	5	325	31	21521	10.680397022332507	9.37258945134909e-05	AT1G26770, AT1G69530, AT2G03090, AT2G39700, AT3G03220	True	0.0014472738776174113	significant	False	expansin	non-covalent		EXPA10, EXPA1, EXPA15, EXPA4, EXPA13
w:nucleoplasm	word	nucleoplasm	10	325	151	21521	4.385328578706062	0.00010285383167641335	AT1G03360, AT1G06720, AT1G31660, AT2G17250, AT2G40360, AT3G55510, AT5G14520, AT5G15550, AT5G41190, AT5G57280	True	0.0015481627550586624	significant	True	nucleoplasm	nucleoplasm		RRP4, AT1G06720, ENP1, EMB2762, BOP1, RBL, PES, WDR12, NOB1, RID2
w:extension	word	extension	6	325	50	21521	7.946215384615385	0.00010286363132854022	AT1G26770, AT1G69530, AT2G03090, AT2G39700, AT3G03220, AT4G15230	True	0.0015481627550586624	significant	True	extension	extension		EXPA10, EXPA1, EXPA15, EXPA4, EXPA13, ABCG30
k:Monooxygenase	keyword	Monooxygenase	13	325	251	21521	3.429641434262948	0.0001236065328440735	AT1G12740, AT1G62570, AT1G67110, AT2G14100, AT2G25160, AT3G50660, AT4G28720, AT4G37410, AT5G04330, AT5G09970, AT5G42590, AT5G47990, AT5G63450	True	0.0018371020943950427	significant	True	Monooxygenase	Monooxygenase	monooxygenase, Heme	CYP87A2, FMOGS-OX4, CYP735A2, CYP705A13, CYP82F1, DWF4, YUC8, CYP81F4, CYP84A4, CYP78A7, CYP71A16, CYP705A5, CYP94B1
w:transcript	word	transcript	9	325	126	21521	4.7298901098901105	0.0001282019498814099	AT1G06720, AT1G56350, AT2G37990, AT2G40360, AT3G17310, AT3G23620, AT4G27490, AT5G14520, AT5G15550	True	0.001881878005049338	significant	True	transcript	rrna transcript		AT1G06720, PRFB2, AT2G37990, BOP1, DRM3, AT3G23620, RRP41L, PES, WDR12
w:dead	word	dead	7	325	77	21521	6.01986013986014	0.00016334556757761787	AT2G40700, AT3G09720, AT3G22310, AT3G62310, AT5G08620, AT5G60990, AT5G62190	True	0.002368510729875459	significant	False	dead box	dead		RH17, RH57, PMH1, AT3G62310, STRS2, RH10, PRH75
p:templated transcription	phrase	templated transcription	43	325	1604	21521	1.7751831958565127	0.00017508593911116693	AT1G04240, AT1G10470, AT1G16530, AT1G18400, AT1G19050, AT1G29940, AT1G32640, AT1G68990, AT1G74890, AT1G76580, AT1G79950, AT2G22770, AT2G24120, AT2G31180, AT2G33620, AT2G40670, AT2G41310, AT2G42280, AT2G46310, AT2G47260, AT3G07050, AT3G16870, AT3G19360, AT3G21270, AT3G46640, AT3G48100, AT3G50700, AT3G57040, AT3G57660, AT4G18880, AT4G23750, AT4G26150, AT4G34590, AT4G34610, AT4G37790, AT5G13180, AT5G39760, AT5G50915, AT5G56860, AT5G59450, AT5G60890, AT5G62920, AT5G65640	True	0.002508158814496114	significant	True	templated transcription	templated transcription	dna templated, templated, Transcription, transcription	SHY2, ARR4, ASL9, BEE1, ARR7, NRPA2, MYC2, MGP3, ARR15, SPL16, RTEL1, NAI1, SCA3, MYB14, AHL10, RR16, RR3, FBH4, CRF5, WRKY23, NSN1, GATA17, AT3G19360, DOF2, PCL1, RR5, IDD2, ARR9, NRPA1, HSFA4A, CRF2, CGA1, GBF6, BLH6, HAT22, NAC083, HB23, BHLH137, GNC, SCL11, MYB34, ARR6, bHLH093
w:excretion	word	excretion	3	325	8	21521	24.83192307692308	0.00018064216050730914	AT3G45680, AT3G45700, AT3G45710	True	0.002556946771942745	significant	False	nitrate excretion	excretion		NPF2.3, NPF2.4, NPF2.5
k:RNA-binding	keyword	RNA-binding	24	325	704	21521	2.2574475524475526	0.00019179092434710312	AT1G03360, AT1G09670, AT1G09810, AT1G15250, AT2G40700, AT3G09720, AT3G13230, AT3G13700, AT3G22310, AT3G46210, AT3G57000, AT4G05410, AT4G15770, AT4G22380, AT4G26600, AT4G27490, AT5G06000, AT5G08620, AT5G15750, AT5G24840, AT5G46840, AT5G52470, AT5G60990, AT5G62190	True	0.0026828165770435954	significant	True	RNA-binding	RNA-binding		RRP4, AT1G09670, ECT11, RPL37A, RH17, RH57, AT3G13230, AT3G13700, PMH1, RRP46, AT3G57000, YAO, DL3925W, AT4G22380, NOP2B, RRP41L, EIF3G2, STRS2, AT5G15750, AT5G24840, MZA15.26, FIB1, RH10, PRH75
p:dna templated	phrase	dna templated	43	325	1613	21521	1.7652782679193098	0.0001976740134480728	AT1G04240, AT1G10470, AT1G16530, AT1G18400, AT1G19050, AT1G29940, AT1G32640, AT1G68990, AT1G74890, AT1G76580, AT1G79950, AT2G22770, AT2G24120, AT2G31180, AT2G33620, AT2G40670, AT2G41310, AT2G42280, AT2G46310, AT2G47260, AT3G07050, AT3G16870, AT3G19360, AT3G21270, AT3G46640, AT3G48100, AT3G50700, AT3G57040, AT3G57660, AT4G18880, AT4G23750, AT4G26150, AT4G34590, AT4G34610, AT4G37790, AT5G13180, AT5G39760, AT5G50915, AT5G56860, AT5G59450, AT5G60890, AT5G62920, AT5G65640	True	0.002732958162671611	significant	False	templated transcription	dna templated		SHY2, ARR4, ASL9, BEE1, ARR7, NRPA2, MYC2, MGP3, ARR15, SPL16, RTEL1, NAI1, SCA3, MYB14, AHL10, RR16, RR3, FBH4, CRF5, WRKY23, NSN1, GATA17, AT3G19360, DOF2, PCL1, RR5, IDD2, ARR9, NRPA1, HSFA4A, CRF2, CGA1, GBF6, BLH6, HAT22, NAC083, HB23, BHLH137, GNC, SCL11, MYB34, ARR6, bHLH093
w:monooxygenase	word	monooxygenase	11	325	197	21521	3.697477547832878	0.000213246366670121	AT1G62570, AT1G67110, AT3G50660, AT4G28720, AT4G37410, AT5G04330, AT5G09970, AT5G24140, AT5G42590, AT5G47990, AT5G63450	True	0.0028936317006567473	significant	False	Monooxygenase	monooxygenase		FMOGS-OX4, CYP735A2, DWF4, YUC8, CYP81F4, CYP84A4, CYP78A7, SQP2, CYP71A16, CYP705A5, CYP94B1
w:templated	word	templated	43	325	1619	21521	1.7587361619233148	0.00021416281720588204	AT1G04240, AT1G10470, AT1G16530, AT1G18400, AT1G19050, AT1G29940, AT1G32640, AT1G68990, AT1G74890, AT1G76580, AT1G79950, AT2G22770, AT2G24120, AT2G31180, AT2G33620, AT2G40670, AT2G41310, AT2G42280, AT2G46310, AT2G47260, AT3G07050, AT3G16870, AT3G19360, AT3G21270, AT3G46640, AT3G48100, AT3G50700, AT3G57040, AT3G57660, AT4G18880, AT4G23750, AT4G26150, AT4G34590, AT4G34610, AT4G37790, AT5G13180, AT5G39760, AT5G50915, AT5G56860, AT5G59450, AT5G60890, AT5G62920, AT5G65640	True	0.0028936317006567473	significant	False	templated transcription	templated		SHY2, ARR4, ASL9, BEE1, ARR7, NRPA2, MYC2, MGP3, ARR15, SPL16, RTEL1, NAI1, SCA3, MYB14, AHL10, RR16, RR3, FBH4, CRF5, WRKY23, NSN1, GATA17, AT3G19360, DOF2, PCL1, RR5, IDD2, ARR9, NRPA1, HSFA4A, CRF2, CGA1, GBF6, BLH6, HAT22, NAC083, HB23, BHLH137, GNC, SCL11, MYB34, ARR6, bHLH093
p:box helicase	phrase	box helicase	7	325	81	21521	5.722583095916429	0.00022436067976908542	AT2G40700, AT3G09720, AT3G22310, AT3G62310, AT5G08620, AT5G60990, AT5G62190	True	0.0029384457963473145	significant	False	dead box	box helicase		RH17, RH57, PMH1, AT3G62310, STRS2, RH10, PRH75
p:embryo development	phrase	embryo development	14	325	303	21521	3.0595988829652194	0.00022588681985112198	AT1G03360, AT1G10470, AT1G68990, AT1G70560, AT1G78580, AT2G17250, AT2G34260, AT2G46310, AT4G05410, AT4G13750, AT4G23750, AT5G16750, AT5G62090, AT5G62440	True	0.0029384457963473145	significant	True	embryo development	embryo development	embryo, development, development ending, ending, seed dormancy	RRP4, ARR4, MGP3, TAA1, TPS1, EMB2762, WDR55, CRF5, YAO, NOV, CRF2, TOZ, SLK2, EMB514
w:non‑histone	word	non-histone	2	325	2	21521	66.21846153846154	0.00022736502377119675	AT2G19670, AT4G29510	True	0.0029384457963473145	significant	True	non-histone	non-histone		PRMT1A, PRMT11
w:desaturated	word	desaturated	2	325	2	21521	66.21846153846154	0.00022736502377119675	AT5G47980, AT5G47990	True	0.0029384457963473145	significant	True	desaturated	desaturated	thalian, diol	BAHD1, CYP705A5
w:ribosome	word	ribosome	19	325	501	21521	2.511278980500537	0.00024199546425415956	AT1G06720, AT1G15250, AT1G15440, AT1G52930, AT2G17250, AT2G37990, AT2G40360, AT3G04770, AT3G07050, AT3G15460, AT3G15590, AT3G22660, AT3G23620, AT4G15770, AT4G21140, AT5G06000, AT5G14520, AT5G15550, AT5G62440	True	0.003093898999980599	significant	False	Ribosome biogenesis	ribosome		AT1G06720, RPL37A, PWP2, BRIX1-2, EMB2762, AT2G37990, BOP1, RPSAb, NSN1, BRIX1-1, AT3G15590, EBP2, AT3G23620, DL3925W, AT4G21140, EIF3G2, PES, WDR12, EMB514
p:ribonucleoside triphosphate	phrase	ribonucleoside triphosphate	5	325	38	21521	8.712955465587045	0.0002539487952211114	AT1G29940, AT1G68990, AT1G75670, AT2G24120, AT3G57660	True	0.0031823895549622427	significant	True	ribonucleoside triphosphate	ribonucleoside triphosphate	triphosphate, ribonucleoside, using	NRPA2, MGP3, AT1G75670, SCA3, NRPA1
w:embryo	word	embryo	21	325	587	21521	2.3689739221596122	0.0002542699812627528	AT1G03360, AT1G10470, AT1G15440, AT1G31660, AT1G49510, AT1G68990, AT1G70560, AT1G78580, AT2G17250, AT2G34260, AT2G46310, AT3G11964, AT4G05410, AT4G13750, AT4G15230, AT4G23750, AT5G15920, AT5G16750, AT5G41190, AT5G62090, AT5G62440	True	0.0031823895549622427	significant	False	embryo development	embryo		RRP4, ARR4, PWP2, ENP1, emb1273, MGP3, TAA1, TPS1, EMB2762, WDR55, CRF5, RRP5, YAO, NOV, ABCG30, CRF2, SMC5, TOZ, NOB1, SLK2, EMB514
p:activated signaling	phrase	activated signaling	17	325	429	21521	2.6240415994262145	0.0003090293840750239	AT1G10470, AT1G16530, AT1G19050, AT1G74890, AT2G01830, AT2G40670, AT2G41310, AT3G13980, AT3G48100, AT3G57040, AT4G15230, AT4G26150, AT4G37790, AT5G13610, AT5G20270, AT5G56860, AT5G62920	True	0.0038274576840125357	significant	True	activated signaling	activated signaling	signaling, activated	ARR4, ASL9, ARR7, ARR15, WOL, RR16, RR3, AT3G13980, RR5, ARR9, ABCG30, CGA1, HAT22, RRL, HHP1, GNC, ARR6
w:substituted	word	substituted	5	325	40	21521	8.277307692307692	0.00032479822023960835	AT1G75450, AT3G18630, AT3G28180, AT4G29740, AT5G04330	True	0.003981289524380354	significant	True	substituted	substituted	substituted adenine	CKX5, UNG, CSLC04, CKX4, CYP84A4
w:activate	word	activate	12	325	244	21521	3.256645649432535	0.0003587706098154356	AT1G10470, AT1G19050, AT1G32640, AT1G55020, AT1G74890, AT2G01830, AT2G40670, AT2G41310, AT3G48100, AT3G57040, AT4G34590, AT5G62920	True	0.004352839337454622	significant	True	activate	activate		ARR4, ARR7, MYC2, LOX1, ARR15, WOL, RR16, RR3, RR5, ARR9, GBF6, ARR6
k:Exosome	keyword	Exosome	3	325	10	21521	19.865538461538463	0.00037848457111239967	AT1G03360, AT3G46210, AT4G27490	True	0.004500181550526432	significant	True	Exosome	Exosome	exoribonuclease	RRP4, RRP46, RRP41L
p:polarity establishment	phrase	polarity establishment	3	325	10	21521	19.865538461538463	0.00037848457111239967	AT3G07050, AT5G57280, AT5G60990	True	0.004500181550526432	significant	True	polarity establishment	polarity establishment	stm	NSN1, RID2, RH10
p:indole glucosinolate	phrase	indole glucosinolate	4	325	24	21521	11.036410256410255	0.0004272793617621498	AT1G32640, AT1G76790, AT4G37410, AT5G60890	True	0.004900352166438476	significant	True	indole glucosinolate	indole glucosinolate	glucosinolate, indole	MYC2, IGMT5, CYP81F4, MYB34
w:guide	word	guide	4	325	24	21521	11.036410256410255	0.0004272793617621498	AT1G61570, AT4G22380, AT5G27140, AT5G52470	True	0.004900352166438476	significant	True	guide	guide	guide snornp, methylation guide	TIM13, AT4G22380, NOP5-3, FIB1
w:proper	word	proper	9	325	148	21521	4.026798336798337	0.00042743407051742504	AT1G04240, AT1G52930, AT1G56350, AT1G70560, AT2G31410, AT2G34260, AT3G15460, AT4G15770, AT4G29720	True	0.004900352166438476	significant	True	proper	proper		SHY2, BRIX1-2, PRFB2, TAA1, AT2G31410, WDR55, BRIX1-1, DL3925W, PAO5
w:regulator	word	regulator	30	325	1024	21521	1.9399939903846155	0.00042928083068112245	AT1G04240, AT1G10470, AT1G13740, AT1G18400, AT1G19050, AT1G31940, AT1G32640, AT1G55020, AT1G74890, AT1G79950, AT2G01830, AT2G17820, AT2G19540, AT2G34510, AT2G40670, AT2G41310, AT3G13980, AT3G16870, AT3G29575, AT3G46640, AT3G48100, AT3G50700, AT3G57040, AT4G26150, AT5G11420, AT5G20270, AT5G56860, AT5G59010, AT5G62090, AT5G62920	True	0.004900352166438476	significant	True	regulator	regulator		SHY2, ARR4, AFP2, BEE1, ARR7, AT1G31940, MYC2, LOX1, ARR15, RTEL1, WOL, HK1, HTD1, ATHB-1, RR16, RR3, AT3G13980, GATA17, AFP3, PCL1, RR5, IDD2, ARR9, CGA1, AT5G11420, HHP1, GNC, BSK5, SLK2, ARR6
k:WD repeat	keyword	WD repeat	11	325	214	21521	3.403752695902228	0.0004327476681884272	AT1G03110, AT1G15440, AT2G19540, AT2G34260, AT2G40360, AT3G10530, AT3G21540, AT4G05410, AT5G14050, AT5G15550, AT5G16750	True	0.004900352166438476	significant	False	transducin	WD repeat		TRM82, PWP2, HTD1, WDR55, BOP1, AT3G10530, AT3G21540, YAO, AT5G14050, WDR12, TOZ
w:small	word	small	22	325	657	21521	2.217360964758225	0.00045042655714972276	AT1G06720, AT1G10490, AT1G52160, AT1G61570, AT1G69070, AT3G04770, AT3G07860, AT3G17310, AT3G21540, AT4G02400, AT4G05410, AT4G22380, AT4G34760, AT4G36680, AT4G38860, AT5G14050, AT5G15750, AT5G16750, AT5G27140, AT5G41190, AT5G57280, AT5G66540	True	0.005052426192934155	significant	True	small	small		AT1G06720, AT1G10490, TRZ3, TIM13, AT1G69070, RPSAb, SNRNP25, DRM3, AT3G21540, AT4G02400, YAO, AT4G22380, SAUR50, AT4G36680, SAUR16, AT5G14050, AT5G15750, TOZ, NOP5-3, NOB1, RID2, MPP10
w:triphosphate	word	triphosphate	12	325	255	21521	3.116162895927602	0.0005323038806591413	AT1G06720, AT1G29940, AT1G67110, AT1G68990, AT1G72040, AT1G75670, AT2G24120, AT2G40700, AT3G09720, AT3G45070, AT3G57660, AT4G33770	True	0.005915040318726346	significant	False	ribonucleoside triphosphate	triphosphate		AT1G06720, NRPA2, CYP735A2, MGP3, dNK, AT1G75670, SCA3, RH17, RH57, SOT5, NRPA1, ITPK2
w:large	word	large	14	325	336	21521	2.759102564102564	0.0006354923123433081	AT1G02870, AT1G14620, AT1G15250, AT1G29940, AT1G52930, AT2G37990, AT2G40360, AT3G15460, AT3G22660, AT3G23620, AT4G21140, AT4G26600, AT5G14520, AT5G15550	True	0.006996299623853642	significant	True	large	large		AT1G02870, DECOY, RPL37A, NRPA2, BRIX1-2, AT2G37990, BOP1, BRIX1-1, EBP2, AT3G23620, AT4G21140, NOP2B, PES, WDR12
w:phage	word	phage	2	325	3	21521	44.14564102564102	0.0006752695773149754	AT1G68990, AT2G24120	True	0.007202839204875552	significant	True	phage	phage		MGP3, SCA3
w:thalian	word	thalian	2	325	3	21521	44.14564102564102	0.0006752695773149754	AT5G47980, AT5G47990	True	0.007202839204875552	significant	False	desaturated	thalian		BAHD1, CYP705A5
w:thalianol	word	thalianol	2	325	3	21521	44.14564102564102	0.0006752695773149754	AT5G47990, AT5G48010	True	0.007202839204875552	significant	True	thalianol	thalianol		CYP705A5, THAS1
w:dimethylation	word	dimethylation	3	325	12	21521	16.554615384615385	0.0006784844330917257	AT1G04870, AT2G19670, AT4G29510	True	0.007202839204875552	significant	False	arginyl	dimethylation		PRMT10, PRMT1A, PRMT11
p:rna helicase	phrase	rna helicase	7	325	98	21521	4.72989010989011	0.0007178995396030186	AT2G40700, AT3G09720, AT3G22310, AT3G62310, AT5G08620, AT5G60990, AT5G62190	True	0.007553827899008753	significant	False	rna	rna helicase		RH17, RH57, PMH1, AT3G62310, STRS2, RH10, PRH75
w:phosphorylation	word	phosphorylation	13	325	305	21521	2.8224262295081965	0.0007993566109395894	AT1G10470, AT1G19050, AT1G74890, AT2G01830, AT2G40670, AT2G41310, AT3G48100, AT3G49670, AT3G57040, AT4G24570, AT4G34760, AT4G38860, AT5G62920	True	0.00833447052168207	significant	True	phosphorylation	phosphorylation		ARR4, ARR7, ARR15, WOL, RR16, RR3, RR5, BAM2, ARR9, DIC2, SAUR50, SAUR16, ARR6
w:signaling	word	signaling	38	325	1466	21521	1.7164403400146921	0.0008061094280853137	AT1G04240, AT1G10470, AT1G16530, AT1G18400, AT1G19050, AT1G32640, AT1G55020, AT1G74890, AT1G78580, AT2G01830, AT2G17500, AT2G17820, AT2G38750, AT2G40670, AT2G41310, AT2G46310, AT3G13980, AT3G48100, AT3G49670, AT3G50660, AT3G50700, AT3G57040, AT3G63130, AT4G15230, AT4G23750, AT4G26150, AT4G27490, AT4G28720, AT4G37790, AT5G05190, AT5G13180, AT5G13610, AT5G20270, AT5G39760, AT5G56860, AT5G59010, AT5G62920, AT5G63450	True	0.00833447052168207	significant	False	activated signaling	signaling		SHY2, ARR4, ASL9, BEE1, ARR7, MYC2, LOX1, ARR15, TPS1, WOL, PILS5, HK1, ANNAT4, RR16, RR3, CRF5, AT3G13980, RR5, BAM2, DWF4, IDD2, ARR9, RANGAP1, ABCG30, CRF2, CGA1, RRP41L, YUC8, HAT22, EDR4, NAC083, RRL, HHP1, HB23, GNC, BSK5, ARR6, CYP94B1
p:cellulose microfibril	phrase	cellulose microfibril	5	325	49	21521	6.756985871271586	0.0008425718256647743	AT1G26770, AT1G69530, AT2G03090, AT2G39700, AT3G03220	True	0.008636361213063937	significant	False	expansin	cellulose microfibril		EXPA10, EXPA1, EXPA15, EXPA4, EXPA13
w:enzymatic	word	enzymatic	6	325	74	21521	5.3690644490644495	0.0008859513829225095	AT1G26770, AT1G28100, AT1G69530, AT2G03090, AT2G39700, AT3G03220	True	0.009003386276024476	significant	True	enzymatic	enzymatic		EXPA10, NDX1, EXPA1, EXPA15, EXPA4, EXPA13
p:pot ptr	phrase	pot ptr	5	325	50	21521	6.621846153846154	0.000924761625035468	AT1G72140, AT3G21670, AT3G45680, AT3G45700, AT3G45710	True	0.009162846434726429	significant	True	pot ptr	pot ptr	pot, ptr, oligopeptide transporter	NPF5.12, NPF6.4, NPF2.3, NPF2.4, NPF2.5
w:pot	word	pot	5	325	50	21521	6.621846153846154	0.000924761625035468	AT1G72140, AT3G21670, AT3G45680, AT3G45700, AT3G45710	True	0.009162846434726429	significant	False	pot ptr	pot		NPF5.12, NPF6.4, NPF2.3, NPF2.4, NPF2.5
w:ptr	word	ptr	5	325	50	21521	6.621846153846154	0.000924761625035468	AT1G72140, AT3G21670, AT3G45680, AT3G45700, AT3G45710	True	0.009162846434726429	significant	False	pot ptr	ptr		NPF5.12, NPF6.4, NPF2.3, NPF2.4, NPF2.5
w:growth	word	growth	35	325	1328	21521	1.7452154772937907	0.0009789982567229255	AT1G04240, AT1G16530, AT1G20330, AT1G26770, AT1G32640, AT1G55020, AT1G68990, AT1G69530, AT1G70560, AT1G78580, AT2G01830, AT2G03090, AT2G16700, AT2G17500, AT2G17820, AT2G34260, AT2G39700, AT2G40360, AT3G03220, AT3G07050, AT3G22660, AT3G45960, AT3G46640, AT3G49670, AT3G50660, AT4G15230, AT4G26150, AT4G27490, AT4G34760, AT4G38860, AT5G09970, AT5G13610, AT5G14520, AT5G56860, AT5G59020	True	0.009620073778872383	significant	True	growth	growth		SHY2, ASL9, SMT2, EXPA10, MYC2, LOX1, MGP3, EXPA1, TAA1, TPS1, WOL, EXPA15, ADF5, PILS5, HK1, WDR55, EXPA4, BOP1, EXPA13, NSN1, EBP2, EXLA3, PCL1, BAM2, DWF4, ABCG30, CGA1, RRP41L, SAUR50, SAUR16, CYP78A7, RRL, PES, GNC, AT5G59020
w:ribonucleoside	word	ribonucleoside	5	325	51	21521	6.492006033182504	0.0010127669044765698	AT1G29940, AT1G68990, AT1G75670, AT2G24120, AT3G57660	True	0.009870326634611815	significant	False	ribonucleoside triphosphate	ribonucleoside		NRPA2, MGP3, AT1G75670, SCA3, NRPA1
p:root development	phrase	root development	14	325	353	21521	2.6262279363695793	0.0010233150816291567	AT1G16530, AT1G32640, AT1G55020, AT1G70560, AT1G78580, AT1G79950, AT2G01830, AT4G13750, AT4G23750, AT4G37070, AT5G47530, AT5G47990, AT5G48010, AT5G57280	True	0.009892045789081847	significant	True	root development	root development		ASL9, MYC2, LOX1, TAA1, TPS1, RTEL1, WOL, NOV, CRF2, PLP1, AT5G47530, CYP705A5, THAS1, RID2
p:signaling pathway	phrase	signaling pathway	28	325	984	21521	1.8842651657285805	0.0010376939017345127	AT1G10470, AT1G16530, AT1G19050, AT1G32640, AT1G74890, AT1G78580, AT2G01830, AT2G40670, AT2G41310, AT2G46310, AT3G13980, AT3G48100, AT3G50660, AT3G50700, AT3G57040, AT4G15230, AT4G23750, AT4G26150, AT4G28720, AT4G37790, AT5G05190, AT5G13610, AT5G20270, AT5G39760, AT5G56860, AT5G59010, AT5G62920, AT5G63450	True	0.00995014555776077	significant	True	signaling pathway	signaling pathway	Gibberellin signaling pathway	ARR4, ASL9, ARR7, MYC2, ARR15, TPS1, WOL, RR16, RR3, CRF5, AT3G13980, RR5, DWF4, IDD2, ARR9, ABCG30, CRF2, CGA1, YUC8, HAT22, EDR4, RRL, HHP1, HB23, GNC, BSK5, ARR6, CYP94B1
k:tRNA processing	keyword	tRNA processing	6	325	77	21521	5.15988011988012	0.0010919380710762239	AT1G03110, AT1G10490, AT1G52160, AT1G72090, AT5G24840, AT5G67220	True	0.010386514932077042	significant	True	tRNA processing	tRNA processing	trna	TRM82, AT1G10490, TRZ3, AT1G72090, AT5G24840, AT5G67220
w:nitrate	word	nitrate	7	325	107	21521	4.332048885693745	0.001206142848647872	AT1G72140, AT3G21670, AT3G45680, AT3G45700, AT3G45710, AT4G26150, AT5G56860	True	0.011302341688260428	significant	False	nitrate excretion	nitrate		NPF5.12, NPF6.4, NPF2.3, NPF2.4, NPF2.5, CGA1, GNC
p:adenosylmethionine dependent	phrase	adenosylmethionine dependent	5	325	53	21521	6.2470246734397685	0.0012072307774676824	AT1G20330, AT4G26600, AT4G35150, AT5G57280, AT5G65860	True	0.011302341688260428	significant	True	adenosylmethionine dependent	adenosylmethionine dependent	adenosylmethionine	SMT2, NOP2B, AT4G35150, RID2, AT5G65860
w:hxxxd	word	hxxxd	5	325	54	21521	6.1313390313390315	0.0013141995479254358	AT2G25150, AT2G40230, AT3G50300, AT5G39080, AT5G47980	True	0.012120289595501928	significant	True	hxxxd	hxxxd		SCT, AT2G40230, AT3G50300, MXF12.90, BAHD1
k:Nitrate assimilation	keyword	Nitrate assimilation	4	325	32	21521	8.277307692307692	0.0013149851621696794	AT3G21670, AT3G45680, AT3G45700, AT3G45710	True	0.012120289595501928	significant	False	nitrate excretion	Nitrate assimilation		NPF6.4, NPF2.3, NPF2.4, NPF2.5
w:isopentenyladenine	word	isopentenyladenine	2	325	4	21521	33.10923076923077	0.0013370413738825273	AT1G67110, AT2G01830	True	0.0122287861042025	significant	True	isopentenyladenine	isopentenyladenine	isopentenyladenosine, trans-zeatin	CYP735A2, WOL
k:Purine biosynthesis	keyword	Purine biosynthesis	3	325	15	21521	13.243692307692308	0.001356848145669804	AT1G63660, AT3G21110, AT3G55010	True	0.012288799401171476	significant	True	Purine biosynthesis	Purine biosynthesis		AT1G63660, PUR7, PUR5
w:dna	word	dna	58	325	2592	21521	1.4817402659069325	0.0013642737770854793	AT1G04240, AT1G10470, AT1G16530, AT1G18400, AT1G19050, AT1G20330, AT1G29940, AT1G31010, AT1G32640, AT1G60850, AT1G68990, AT1G74890, AT1G75670, AT1G76580, AT1G79950, AT2G22770, AT2G24120, AT2G31180, AT2G33620, AT2G40670, AT2G41310, AT2G42280, AT2G46310, AT2G47260, AT3G07050, AT3G08030, AT3G16870, AT3G17310, AT3G18630, AT3G19360, AT3G21270, AT3G22310, AT3G46210, AT3G46640, AT3G48100, AT3G50700, AT3G52170, AT3G57040, AT3G57660, AT4G13750, AT4G18880, AT4G23750, AT4G26150, AT4G34590, AT4G34610, AT4G37790, AT5G13180, AT5G15920, AT5G39760, AT5G50915, AT5G52470, AT5G56860, AT5G59450, AT5G60890, AT5G62090, AT5G62920, AT5G64420, AT5G65640	True	0.012288799401171476	significant	True	dna	dna templated		SHY2, ARR4, ASL9, BEE1, ARR7, SMT2, NRPA2, OSB4, MYC2, ATRPAC42, MGP3, ARR15, AT1G75670, SPL16, RTEL1, NAI1, SCA3, MYB14, AHL10, RR16, RR3, FBH4, CRF5, WRKY23, NSN1, ATHA2-1, GATA17, DRM3, UNG, AT3G19360, DOF2, PMH1, RRP46, PCL1, RR5, IDD2, AT3G52170, ARR9, NRPA1, NOV, HSFA4A, CRF2, CGA1, GBF6, BLH6, HAT22, NAC083, SMC5, HB23, BHLH137, FIB1, GNC, SCL11, MYB34, SLK2, ARR6, MSJ1.26, bHLH093
k:Transcription	keyword	Transcription	46	325	1936	21521	1.5733725365543547	0.0014061662637696952	AT1G04240, AT1G10470, AT1G18400, AT1G19050, AT1G29940, AT1G32640, AT1G60850, AT1G62150, AT1G68990, AT1G74890, AT1G75670, AT1G76580, AT2G19670, AT2G22770, AT2G24120, AT2G31180, AT2G33620, AT2G40670, AT2G41310, AT2G42280, AT2G46310, AT2G47260, AT3G16870, AT3G21270, AT3G46640, AT3G48100, AT3G50700, AT3G57040, AT3G57660, AT4G18880, AT4G23750, AT4G26150, AT4G29510, AT4G34590, AT4G34610, AT4G37790, AT5G09380, AT5G13180, AT5G39760, AT5G50915, AT5G56860, AT5G59450, AT5G60890, AT5G62090, AT5G62920, AT5G65640	True	0.012570914944527577	significant	False	templated transcription	Transcription		SHY2, ARR4, BEE1, ARR7, NRPA2, MYC2, ATRPAC42, MTERF20, MGP3, ARR15, AT1G75670, SPL16, PRMT1A, NAI1, SCA3, MYB14, AHL10, RR16, RR3, FBH4, CRF5, WRKY23, GATA17, DOF2, PCL1, RR5, IDD2, ARR9, NRPA1, HSFA4A, CRF2, CGA1, PRMT11, GBF6, BLH6, HAT22, AT5G09380, NAC083, HB23, BHLH137, GNC, SCL11, MYB34, SLK2, ARR6, bHLH093
w:methylation	word	methylation	11	325	250	21521	2.9136123076923077	0.0015436629582605856	AT1G04870, AT2G19670, AT3G17310, AT4G22380, AT4G29510, AT4G31790, AT4G35150, AT5G24840, AT5G27140, AT5G52470, AT5G57280	True	0.013697128786356988	significant	True	methylation	methylation		PRMT10, PRMT1A, DRM3, AT4G22380, PRMT11, AT4G31790, AT4G35150, AT5G24840, NOP5-3, FIB1, RID2
w:adenine	word	adenine	11	325	252	21521	2.8904884004884006	0.0016440681877539155	AT1G62570, AT1G72090, AT1G75450, AT2G33620, AT3G10960, AT3G20240, AT4G22570, AT4G28720, AT4G29740, AT5G11160, AT5G24140	True	0.014437511333185203	significant	True	adenine	adenine	adenine phosphoribosyltransferase	FMOGS-OX4, AT1G72090, CKX5, AHL10, AZG1, AT3G20240, APT3, YUC8, CKX4, APT5, SQP2
w:snornp	word	snornp	3	325	16	21521	12.41596153846154	0.0016513890170842622	AT4G05410, AT4G22380, AT5G27140	True	0.014437511333185203	significant	True	snornp	guide snornp		YAO, AT4G22380, NOP5-3
k:Cell wall	keyword	Cell wall	12	325	293	21521	2.712018902599108	0.00176018974674223	AT1G26770, AT1G69530, AT1G78580, AT2G03090, AT2G34510, AT2G36870, AT2G39700, AT3G03220, AT3G08030, AT3G15720, AT5G11420, AT5G14650	True	0.015276391305667969	significant	True	Cell wall	Cell wall		EXPA10, EXPA1, TPS1, EXPA15, ATHB-1, XTH32, EXPA4, EXPA13, ATHA2-1, AT3G15720, AT5G11420, AT5G14650
w:microfibril	word	microfibril	5	325	59	21521	5.611734028683181	0.001956818706093048	AT1G26770, AT1G69530, AT2G03090, AT2G39700, AT3G03220	True	0.016738542744925426	significant	False	expansin	microfibril		EXPA10, EXPA1, EXPA15, EXPA4, EXPA13
p:oligopeptide transporter	phrase	oligopeptide transporter	5	325	59	21521	5.611734028683181	0.001956818706093048	AT1G72140, AT3G21670, AT3G45680, AT3G45700, AT3G45710	True	0.016738542744925426	significant	False	pot ptr	oligopeptide transporter		NPF5.12, NPF6.4, NPF2.3, NPF2.4, NPF2.5
w:sulfate	word	sulfate	6	325	87	21521	4.566790450928382	0.0020515517350594235	AT1G13420, AT2G01830, AT3G15990, AT3G44320, AT3G45070, AT4G24570	True	0.017257382912093357	significant	True	sulfate	sulfate		ST4B, WOL, SULTR3;4, NIT3, SOT5, DIC2
w:cytosine	word	cytosine	4	325	36	21521	7.357606837606838	0.0020544518010790908	AT1G10490, AT3G17310, AT3G18630, AT4G26600	True	0.017257382912093357	significant	True	cytosine	cytosine		AT1G10490, DRM3, UNG, NOP2B
w:paired	word	paired	9	325	185	21521	3.2214386694386694	0.0020660089573456687	AT1G10250, AT1G67110, AT3G50660, AT4G37410, AT5G04330, AT5G09970, AT5G42590, AT5G47990, AT5G63450	True	0.017257382912093357	significant	True	paired	paired donor	paired donor, incorporation, molecular oxygen	AT1G10250, CYP735A2, DWF4, CYP81F4, CYP84A4, CYP78A7, CYP71A16, CYP705A5, CYP94B1
w:ninja	word	ninja	2	325	5	21521	26.487384615384613	0.002206158286491329	AT1G13740, AT3G29575	True	0.017257382912093357	significant	True	ninja	ninja	abi	AFP2, AFP3
w:isopentenyladenosine	word	isopentenyladenosine	2	325	5	21521	26.487384615384613	0.002206158286491329	AT1G67110, AT2G01830	True	0.017257382912093357	significant	False	isopentenyladenine	isopentenyladenosine		CYP735A2, WOL
w:piriformospora	word	piriformospora	2	325	5	21521	26.487384615384613	0.002206158286491329	AT2G01830, AT2G22770	True	0.017257382912093357	significant	True	piriformospora	piriformospora indica	piriformospora indica, indica	WOL, NAI1
p:piriformospora indica	phrase	piriformospora indica	2	325	5	21521	26.487384615384613	0.002206158286491329	AT2G01830, AT2G22770	True	0.017257382912093357	significant	False	piriformospora	piriformospora indica		WOL, NAI1
w:authentic	word	authentic	2	325	5	21521	26.487384615384613	0.002206158286491329	AT2G01830, AT2G17820	True	0.017257382912093357	significant	True	authentic	authentic	conserved aspartate, transmit	WOL, HK1
w:costly	word	costly	2	325	5	21521	26.487384615384613	0.002206158286491329	AT4G22570, AT5G11160	True	0.017257382912093357	significant	True	costly	costly	energically, phosphoribosylation, amp salvage, Purine salvage, purine pyrimidine, pyrimidine phosphoribosyltransferase	APT3, APT5
w:energically	word	energically	2	325	5	21521	26.487384615384613	0.002206158286491329	AT4G22570, AT5G11160	True	0.017257382912093357	significant	False	costly	energically		APT3, APT5
w:phosphoribosylation	word	phosphoribosylation	2	325	5	21521	26.487384615384613	0.002206158286491329	AT4G22570, AT5G11160	True	0.017257382912093357	significant	False	costly	phosphoribosylation		APT3, APT5
w:diol	word	diol	2	325	5	21521	26.487384615384613	0.002206158286491329	AT5G47980, AT5G47990	True	0.017257382912093357	significant	False	desaturated	diol		BAHD1, CYP705A5
p:repress abaxial	phrase	repress abaxial	2	325	5	21521	26.487384615384613	0.002206158286491329	AT5G57280, AT5G60990	True	0.017257382912093357	significant	True	repress abaxial	repress abaxial		RID2, RH10
w:mono	word	mono	3	325	18	21521	11.036410256410257	0.0023531280961091865	AT1G04870, AT2G19670, AT4G29510	True	0.01828672749198577	significant	False	arginyl	mono		PRMT10, PRMT1A, PRMT11
w:development	word	development	52	325	2321	21521	1.4835674278328308	0.0024229656801043353	AT1G03360, AT1G10470, AT1G15440, AT1G16530, AT1G29940, AT1G31660, AT1G32640, AT1G49320, AT1G52930, AT1G55020, AT1G68990, AT1G70560, AT1G78580, AT1G79950, AT2G01830, AT2G17250, AT2G17820, AT2G24120, AT2G34260, AT2G46310, AT3G07050, AT3G11240, AT3G11964, AT3G15460, AT3G28180, AT3G49670, AT3G50660, AT4G05410, AT4G13750, AT4G15230, AT4G23750, AT4G26150, AT4G27490, AT4G29510, AT4G33770, AT4G37070, AT5G05860, AT5G09970, AT5G13180, AT5G16750, AT5G39760, AT5G41190, AT5G47530, AT5G47990, AT5G48010, AT5G52560, AT5G56860, AT5G57280, AT5G59450, AT5G60990, AT5G62090, AT5G62440	True	0.01868816270508172	significant	False	embryo development	development		RRP4, ARR4, PWP2, ASL9, NRPA2, ENP1, MYC2, USPL1, BRIX1-2, LOX1, MGP3, TAA1, TPS1, RTEL1, WOL, EMB2762, HK1, SCA3, WDR55, CRF5, NSN1, ATE2, RRP5, BRIX1-1, CSLC04, BAM2, DWF4, YAO, NOV, ABCG30, CRF2, CGA1, RRP41L, PRMT11, ITPK2, PLP1, UGT76C2, CYP78A7, NAC083, TOZ, HB23, NOB1, AT5G47530, CYP705A5, THAS1, USP, GNC, RID2, SCL11, RH10, SLK2, EMB514
p:sac development	phrase	sac development	6	325	90	21521	4.414564102564103	0.0024362196966254556	AT1G15440, AT1G31660, AT2G34260, AT3G11964, AT4G05410, AT5G41190	True	0.01868816270508172	significant	True	sac development	sac development	embryo sac	PWP2, ENP1, WDR55, RRP5, YAO, NOB1
p:transcription cis‑regulatory	phrase	transcription cis-regulatory	20	325	660	21521	2.006620046620047	0.002636192435567034	AT1G04240, AT1G16530, AT1G32640, AT1G76580, AT2G28450, AT2G31180, AT2G42280, AT2G46310, AT2G47260, AT3G16870, AT3G21270, AT4G18880, AT4G23750, AT4G26150, AT4G34590, AT4G34610, AT4G37790, AT5G39760, AT5G56860, AT5G60890	True	0.020092517986469254	significant	True	transcription cis-regulatory	transcription cis-regulatory	cis-regulatory	SHY2, ASL9, MYC2, SPL16, AT2G28450, MYB14, FBH4, CRF5, WRKY23, GATA17, DOF2, HSFA4A, CRF2, CGA1, GBF6, BLH6, HAT22, HB23, GNC, MYB34
p:development ending	phrase	development ending	11	325	268	21521	2.7179219288174514	0.0026550937455740533	AT1G10470, AT1G68990, AT1G70560, AT1G78580, AT2G17250, AT2G34260, AT4G05410, AT4G13750, AT5G16750, AT5G62090, AT5G62440	True	0.02010768448081242	significant	False	embryo development	development ending		ARR4, MGP3, TAA1, TPS1, EMB2762, WDR55, YAO, NOV, TOZ, SLK2, EMB514
w:phosphorus	word	phosphorus	4	325	39	21521	6.791637080867851	0.0027688214972452375	AT1G79950, AT2G01830, AT2G17820, AT5G52560	True	0.020836257976104982	significant	True	phosphorus	transferring phosphorus	transferring phosphorus	RTEL1, WOL, HK1, USP
w:nitrogen	word	nitrogen	7	325	124	21521	3.738138957816377	0.0028038418929793	AT1G04870, AT2G19670, AT2G42280, AT3G12670, AT3G44320, AT4G29510, AT5G65860	True	0.020887378930696438	significant	True	nitrogen	nitrogen		PRMT10, PRMT1A, FBH4, emb2742, NIT3, PRMT11, AT5G65860
w:ending	word	ending	11	325	270	21521	2.6977891737891735	0.0028107490571164257	AT1G10470, AT1G68990, AT1G70560, AT1G78580, AT2G17250, AT2G34260, AT4G05410, AT4G13750, AT5G16750, AT5G62090, AT5G62440	True	0.020887378930696438	significant	False	embryo development	ending		ARR4, MGP3, TAA1, TPS1, EMB2762, WDR55, YAO, NOV, TOZ, SLK2, EMB514
w:catalyz	word	catalyz	33	325	1311	21521	1.6668262629818693	0.002841618845236106	AT1G10490, AT1G20330, AT1G29940, AT1G55020, AT1G55690, AT1G62570, AT1G63660, AT1G67110, AT1G68990, AT1G70560, AT1G72090, AT1G75440, AT1G75450, AT1G75670, AT1G76790, AT2G24120, AT2G36870, AT3G12670, AT3G20240, AT3G44550, AT3G50660, AT3G57660, AT4G22570, AT4G29720, AT4G29740, AT4G31790, AT4G37070, AT4G37410, AT5G05860, AT5G11160, AT5G24140, AT5G24840, AT5G42590	True	0.020985619919166025	significant	True	catalyz	catalyz		AT1G10490, SMT2, NRPA2, LOX1, SFH13, FMOGS-OX4, AT1G63660, CYP735A2, MGP3, TAA1, AT1G72090, UBC16, CKX5, AT1G75670, IGMT5, SCA3, XTH32, emb2742, AT3G20240, FAR5, DWF4, NRPA1, APT3, PAO5, CKX4, AT4G31790, PLP1, CYP81F4, UGT76C2, APT5, SQP2, AT5G24840, CYP71A16
w:hormone	word	hormone	8	325	160	21521	3.3109230769230766	0.003051450307964677	AT1G03850, AT1G69040, AT1G75450, AT3G44320, AT4G29740, AT5G20270, AT5G24140, AT5G63450	True	0.02222811851361783	significant	True	hormone	hormone		GRXS13, ACR4, CKX5, NIT3, CKX4, HHP1, SQP2, CYP94B1
w:cytochrome	word	cytochrome	13	325	355	21521	2.424901408450704	0.0030636136890048503	AT1G12740, AT1G67110, AT2G14100, AT2G25160, AT3G50660, AT4G37410, AT5G04330, AT5G09970, AT5G42590, AT5G47530, AT5G47990, AT5G61310, AT5G63450	True	0.02222811851361783	significant	True	cytochrome	cytochrome	polypeptide	CYP87A2, CYP735A2, CYP705A13, CYP82F1, DWF4, CYP81F4, CYP84A4, CYP78A7, CYP71A16, AT5G47530, CYP705A5, AT5G61310, CYP94B1
p:circadian rhythm	phrase	circadian rhythm	7	325	126	21521	3.678803418803419	0.0030659473811886664	AT1G10470, AT2G41310, AT3G46640, AT3G48100, AT3G57040, AT4G26150, AT5G56860	True	0.02222811851361783	significant	True	circadian rhythm	circadian rhythm	rhythm, circadian	ARR4, RR3, PCL1, RR5, ARR9, CGA1, GNC
w:rhythm	word	rhythm	7	325	127	21521	3.6498364627498483	0.003203826437212091	AT1G10470, AT2G41310, AT3G46640, AT3G48100, AT3G57040, AT4G26150, AT5G56860	True	0.02251708514212791	significant	False	circadian rhythm	rhythm		ARR4, RR3, PCL1, RR5, ARR9, CGA1, GNC
w:phosphoribosyl	word	phosphoribosyl	3	325	20	21521	9.932769230769232	0.0032149117733276866	AT1G31860, AT3G55010, AT4G22570	True	0.02251708514212791	significant	True	phosphoribosyl	phosphoribosyl		AT-IE, PUR5, APT3
w:methylguanine	word	methylguanine	2	325	6	21521	22.07282051282051	0.003276245357096828	AT1G03110, AT5G24840	True	0.02251708514212791	significant	True	methylguanine	methylguanine		TRM82, AT5G24840
w:substituent	word	substituent	2	325	6	21521	22.07282051282051	0.003276245357096828	AT1G75450, AT4G29740	True	0.02251708514212791	significant	True	substituent	substituent		CKX5, CKX4
p:substituted adenine	phrase	substituted adenine	2	325	6	21521	22.07282051282051	0.003276245357096828	AT1G75450, AT4G29740	True	0.02251708514212791	significant	False	substituted	substituted adenine		CKX5, CKX4
p:conserved aspartate	phrase	conserved aspartate	2	325	6	21521	22.07282051282051	0.003276245357096828	AT2G01830, AT2G17820	True	0.02251708514212791	significant	False	authentic	conserved aspartate		WOL, HK1
p:guide snornp	phrase	guide snornp	2	325	6	21521	22.07282051282051	0.003276245357096828	AT4G22380, AT5G27140	True	0.02251708514212791	significant	False	guide	guide snornp		AT4G22380, NOP5-3
p:methylation guide	phrase	methylation guide	2	325	6	21521	22.07282051282051	0.003276245357096828	AT4G22380, AT5G27140	True	0.02251708514212791	significant	False	guide	methylation guide		AT4G22380, NOP5-3
p:adenine phosphoribosyltransferase	phrase	adenine phosphoribosyltransferase	2	325	6	21521	22.07282051282051	0.003276245357096828	AT4G22570, AT5G11160	True	0.02251708514212791	significant	False	adenine	adenine phosphoribosyltransferase		APT3, APT5
w:seem	word	seem	13	325	359	21521	2.397883008356546	0.0033687329124540595	AT1G10470, AT1G18870, AT1G19050, AT1G74890, AT2G40670, AT2G41310, AT3G28180, AT3G46640, AT3G48100, AT3G57040, AT3G61640, AT4G26600, AT5G62920	True	0.02301967490176941	significant	True	seem	seem		ARR4, ICS2, ARR7, ARR15, RR16, RR3, CSLC04, PCL1, RR5, ARR9, AGP20, NOP2B, ARR6
w:helix	word	helix	8	325	163	21521	3.2499858423784804	0.0034176632097966736	AT1G10250, AT1G18400, AT1G32640, AT2G22770, AT2G42280, AT3G57660, AT5G50915, AT5G65640	True	0.0232205803225614	significant	True	helix	basic helix	basic helix, loop helix, helix loop, bhlh transcription, bhlh	AT1G10250, BEE1, MYC2, NAI1, FBH4, NRPA1, BHLH137, bHLH093
w:transcription	word	transcription	52	325	2362	21521	1.4578154106689247	0.003478224375862055	AT1G03850, AT1G04240, AT1G10470, AT1G16530, AT1G18400, AT1G19050, AT1G29940, AT1G32640, AT1G62150, AT1G68990, AT1G74890, AT1G75670, AT1G76580, AT1G79950, AT2G22770, AT2G24120, AT2G28450, AT2G31180, AT2G33620, AT2G34750, AT2G40670, AT2G41310, AT2G42280, AT2G46310, AT2G47260, AT3G07050, AT3G15810, AT3G16870, AT3G19360, AT3G21270, AT3G46640, AT3G48100, AT3G50700, AT3G57040, AT3G57660, AT4G18880, AT4G23750, AT4G26150, AT4G27490, AT4G34590, AT4G34610, AT4G37790, AT5G09380, AT5G13180, AT5G39760, AT5G50915, AT5G56860, AT5G59450, AT5G60890, AT5G62090, AT5G62920, AT5G65640	True	0.02349777717556809	significant	False	templated transcription	transcription		GRXS13, SHY2, ARR4, ASL9, BEE1, ARR7, NRPA2, MYC2, MTERF20, MGP3, ARR15, AT1G75670, SPL16, RTEL1, NAI1, SCA3, AT2G28450, MYB14, AHL10, AT2G34750, RR16, RR3, FBH4, CRF5, WRKY23, NSN1, AT3G15810, GATA17, AT3G19360, DOF2, PCL1, RR5, IDD2, ARR9, NRPA1, HSFA4A, CRF2, CGA1, RRP41L, GBF6, BLH6, HAT22, AT5G09380, NAC083, HB23, BHLH137, GNC, SCL11, MYB34, SLK2, ARR6, bHLH093
w:exoribonuclease	word	exoribonuclease	3	325	21	21521	9.459780219780221	0.0037091620210054715	AT1G03360, AT3G46210, AT4G27490	True	0.024916348265398337	significant	False	Exosome	exoribonuclease		RRP4, RRP46, RRP41L
w:precursor	word	precursor	13	325	365	21521	2.3584657534246576	0.003872370635015203	AT1G10490, AT1G29940, AT1G31660, AT1G52160, AT1G61570, AT2G28070, AT2G37990, AT2G40360, AT3G04770, AT3G57660, AT5G14520, AT5G15550, AT5G41190	True	0.025823250047128557	significant	True	precursor	precursor		AT1G10490, NRPA2, ENP1, TRZ3, TIM13, ABCG3, AT2G37990, BOP1, RPSAb, NRPA1, PES, WDR12, NOB1
w:wide	word	wide	5	325	69	21521	4.798439241917503	0.003887604506674526	AT1G17190, AT2G29440, AT2G29490, AT4G24570, AT5G52560	True	0.025823250047128557	significant	True	wide	wide		GSTU26, GSTU6, GSTU1, DIC2, USP
w:asymmetric	word	asymmetric	6	325	99	21521	4.013240093240094	0.003918129153039758	AT1G04870, AT1G16530, AT2G01830, AT2G19670, AT4G29510, AT5G60990	True	0.025881419794245956	significant	True	asymmetric	asymmetric		PRMT10, ASL9, WOL, PRMT1A, PRMT11, RH10
w:adenosylmethionine	word	adenosylmethionine	5	325	70	21521	4.72989010989011	0.004135927046601731	AT1G20330, AT4G26600, AT4G35150, AT5G57280, AT5G65860	True	0.02716915612380916	significant	False	adenosylmethionine dependent	adenosylmethionine		SMT2, NOP2B, AT4G35150, RID2, AT5G65860
p:transferring phosphorus	phrase	transferring phosphorus	3	325	22	21521	9.02979020979021	0.00424725716580773	AT2G01830, AT2G17820, AT5G52560	True	0.027474166329820277	significant	False	phosphorus	transferring phosphorus		WOL, HK1, USP
w:stm	word	stm	3	325	22	21521	9.02979020979021	0.00424725716580773	AT3G07050, AT5G57280, AT5G60990	True	0.027474166329820277	significant	False	polarity establishment	stm		NSN1, RID2, RH10
w:efflux	word	efflux	8	325	169	21521	3.134601729631316	0.004251679230182448	AT1G11670, AT2G17500, AT3G45680, AT3G45700, AT3G45710, AT4G15230, AT4G27970, AT5G38030	True	0.027474166329820277	significant	True	efflux	efflux		DTX36, PILS5, NPF2.3, NPF2.4, NPF2.5, ABCG30, SLAH2, DTX30
w:rnas	word	rnas	7	325	134	21521	3.4591733639494833	0.004305940645565151	AT1G09810, AT1G52160, AT2G40360, AT3G17310, AT5G14520, AT5G15550, AT5G52470	True	0.027674396905821432	significant	True	rnas	rnas		ECT11, TRZ3, BOP1, DRM3, PES, WDR12, FIB1
w:guanine	word	guanine	5	325	71	21521	4.663271939328277	0.004395370521995356	AT1G03110, AT3G07050, AT3G10960, AT5G24840, AT5G57280	True	0.028097287906733753	significant	True	guanine	guanine		TRM82, NSN1, AZG1, AT5G24840, RID2
w:maintenance	word	maintenance	13	325	372	21521	2.3140860215053762	0.004535308242369467	AT1G19050, AT1G70560, AT1G72090, AT1G79950, AT3G07050, AT3G17310, AT3G49670, AT4G13750, AT4G27970, AT5G13610, AT5G15920, AT5G57280, AT5G62090	True	0.02841754970114763	significant	True	maintenance	maintenance		ARR7, TAA1, AT1G72090, RTEL1, NSN1, DRM3, BAM2, NOV, SLAH2, RRL, SMC5, RID2, SLK2
w:aging	word	aging	2	325	7	21521	18.919560439560442	0.004541071861411312	AT1G55020, AT5G13180	True	0.02841754970114763	significant	True	aging	aging		LOX1, NAC083
w:transmit	word	transmit	2	325	7	21521	18.919560439560442	0.004541071861411312	AT2G01830, AT2G17820	True	0.02841754970114763	significant	False	authentic	transmit		WOL, HK1
p:amp salvage	phrase	amp salvage	2	325	7	21521	18.919560439560442	0.004541071861411312	AT4G22570, AT5G11160	True	0.02841754970114763	significant	False	costly	amp salvage		APT3, APT5
p:paired donor	phrase	paired donor	8	325	172	21521	3.079928443649374	0.0047234200865600515	AT1G67110, AT3G50660, AT4G37410, AT5G04330, AT5G09970, AT5G42590, AT5G47990, AT5G63450	True	0.02940390828753875	significant	False	paired	paired donor		CYP735A2, DWF4, CYP81F4, CYP84A4, CYP78A7, CYP71A16, CYP705A5, CYP94B1
w:incorporation	word	incorporation	9	325	210	21521	2.837934065934066	0.004784747412145045	AT1G55020, AT1G67110, AT3G50660, AT4G37410, AT5G04330, AT5G09970, AT5G42590, AT5G47990, AT5G63450	True	0.029630545172085725	significant	False	paired	incorporation		LOX1, CYP735A2, DWF4, CYP81F4, CYP84A4, CYP78A7, CYP71A16, CYP705A5, CYP94B1
p:methionine dependent	phrase	methionine dependent	7	325	137	21521	3.3834250421111736	0.0048573624286587	AT2G43200, AT3G17310, AT4G26600, AT4G31790, AT5G52470, AT5G57280, AT5G65860	True	0.029924372682254893	significant	True	methionine dependent	methionine dependent	adenosyl	AT2G43200, DRM3, NOP2B, AT4G31790, FIB1, RID2, AT5G65860
w:trna	word	trna	10	325	250	21521	2.648738461538462	0.004889993320835799	AT1G03110, AT1G10490, AT1G48460, AT1G52160, AT1G72090, AT3G11240, AT4G26600, AT5G09380, AT5G24840, AT5G67220	True	0.029970113703473016	significant	False	tRNA processing	trna		TRM82, AT1G10490, AT1G48460, TRZ3, AT1G72090, ATE2, NOP2B, AT5G09380, AT5G24840, AT5G67220
w:loop	word	loop	13	325	376	21521	2.2894680851063827	0.004953400476715759	AT1G06720, AT1G18400, AT1G32640, AT1G72040, AT1G79950, AT2G22770, AT2G40700, AT2G42280, AT3G09720, AT3G45070, AT3G46640, AT5G50915, AT5G65640	True	0.030203041881102757	significant	True	loop	loop		AT1G06720, BEE1, MYC2, dNK, RTEL1, NAI1, RH17, FBH4, RH57, SOT5, PCL1, BHLH137, bHLH093
w:glucosinolate	word	glucosinolate	7	325	138	21521	3.3589074693422516	0.005052486429198908	AT1G32640, AT1G62570, AT1G76790, AT3G11240, AT3G44320, AT4G37410, AT5G60890	True	0.030650032471007664	significant	False	indole glucosinolate	glucosinolate		MYC2, FMOGS-OX4, IGMT5, ATE2, NIT3, CYP81F4, MYB34
w:activated	word	activated	19	325	653	21521	1.926723995759218	0.005146382815456462	AT1G04240, AT1G10470, AT1G16530, AT1G19050, AT1G74890, AT2G01830, AT2G40670, AT2G41310, AT3G13980, AT3G48100, AT3G57040, AT4G15230, AT4G26150, AT4G33770, AT4G37790, AT5G13610, AT5G20270, AT5G56860, AT5G62920	True	0.031061163287196613	significant	False	activated signaling	activated		SHY2, ARR4, ASL9, ARR7, ARR15, WOL, RR16, RR3, AT3G13980, RR5, ARR9, ABCG30, CGA1, ITPK2, HAT22, RRL, HHP1, GNC, ARR6
w:cis‑regulatory	word	cis-regulatory	20	325	706	21521	1.8758770974068426	0.005547707731162835	AT1G04240, AT1G16530, AT1G32640, AT1G76580, AT2G28450, AT2G31180, AT2G42280, AT2G46310, AT2G47260, AT3G16870, AT3G21270, AT4G18880, AT4G23750, AT4G26150, AT4G34590, AT4G34610, AT4G37790, AT5G39760, AT5G56860, AT5G60890	True	0.03331426511289197	significant	False	transcription cis-regulatory	cis-regulatory		SHY2, ASL9, MYC2, SPL16, AT2G28450, MYB14, FBH4, CRF5, WRKY23, GATA17, DOF2, HSFA4A, CRF2, CGA1, GBF6, BLH6, HAT22, HB23, GNC, MYB34
w:adenosyl	word	adenosyl	8	325	177	21521	2.992924815297697	0.005597701601684819	AT1G20330, AT2G43200, AT3G17310, AT4G26600, AT4G31790, AT5G52470, AT5G57280, AT5G65860	True	0.033393823671674525	significant	False	methionine dependent	adenosyl		SMT2, AT2G43200, DRM3, NOP2B, AT4G31790, FIB1, RID2, AT5G65860
w:unidimensional	word	unidimensional	7	325	141	21521	3.287441352973268	0.005673298891234865	AT1G26770, AT1G69530, AT2G03090, AT2G39700, AT3G03220, AT3G45960, AT3G50660	True	0.033393823671674525	significant	False	expansin	unidimensional		EXPA10, EXPA1, EXPA15, EXPA4, EXPA13, EXLA3, DWF4
p:unidimensional cell	phrase	unidimensional cell	7	325	141	21521	3.287441352973268	0.005673298891234865	AT1G26770, AT1G69530, AT2G03090, AT2G39700, AT3G03220, AT3G45960, AT3G50660	True	0.033393823671674525	significant	False	expansin	unidimensional cell		EXPA10, EXPA1, EXPA15, EXPA4, EXPA13, EXLA3, DWF4
w:indole	word	indole	7	325	141	21521	3.287441352973268	0.005673298891234865	AT1G32640, AT1G70560, AT1G76790, AT3G44320, AT4G28720, AT4G37410, AT5G60890	True	0.033393823671674525	significant	False	indole glucosinolate	indole		MYC2, TAA1, IGMT5, NIT3, YUC8, CYP81F4, MYB34
w:brassinosteroid	word	brassinosteroid	8	325	178	21521	2.9761106309420913	0.005786447289623812	AT1G13420, AT1G18400, AT1G55020, AT3G50660, AT4G28720, AT4G34760, AT4G38860, AT5G59010	True	0.03372591091844467	significant	True	brassinosteroid	brassinosteroid		ST4B, BEE1, LOX1, DWF4, YUC8, SAUR50, SAUR16, BSK5
w:directed	word	directed	8	325	178	21521	2.9761106309420913	0.005786447289623812	AT1G29940, AT1G60850, AT1G68990, AT1G75670, AT2G24120, AT3G08030, AT3G17310, AT3G57660	True	0.03372591091844467	significant	True	directed	directed		NRPA2, ATRPAC42, MGP3, AT1G75670, SCA3, ATHA2-1, DRM3, NRPA1
p:arginine omega	phrase	arginine omega	2	325	8	21521	16.554615384615385	0.005994548428379312	AT1G04870, AT4G29510	True	0.03394056229210953	significant	True	arginine omega	arginine omega		PRMT10, PRMT11
w:abi	word	abi	2	325	8	21521	16.554615384615385	0.005994548428379312	AT1G13740, AT3G29575	True	0.03394056229210953	significant	False	ninja	abi		AFP2, AFP3
w:indica	word	indica	2	325	8	21521	16.554615384615385	0.005994548428379312	AT2G01830, AT2G22770	True	0.03394056229210953	significant	False	piriformospora	indica		WOL, NAI1
k:Annexin	keyword	Annexin	2	325	8	21521	16.554615384615385	0.005994548428379312	AT2G38750, AT2G38760	True	0.03394056229210953	significant	True	Annexin	Annexin	Calcium/phospholipid-binding, annexin	ANNAT4, ANNAT3
k:Calcium/phospholipid-binding	keyword	Calcium/phospholipid-binding	2	325	8	21521	16.554615384615385	0.005994548428379312	AT2G38750, AT2G38760	True	0.03394056229210953	significant	False	Annexin	Calcium/phospholipid-binding		ANNAT4, ANNAT3
k:Purine salvage	keyword	Purine salvage	2	325	8	21521	16.554615384615385	0.005994548428379312	AT4G22570, AT5G11160	True	0.03394056229210953	significant	False	costly	Purine salvage		APT3, APT5
p:secondary metabolism	phrase	secondary metabolism	3	325	25	21521	7.946215384615385	0.006135205333789074	AT1G58170, AT4G11190, AT5G60890	True	0.03457231820793938	significant	True	secondary metabolism	secondary metabolism		DIR19, DIR13, MYB34
k:Helicase	keyword	Helicase	8	325	180	21521	2.9430427350427353	0.006178440538756541	AT1G79950, AT2G40700, AT3G09720, AT3G22310, AT3G62310, AT5G08620, AT5G60990, AT5G62190	True	0.03465172547444116	significant	False	dead box	Helicase		RTEL1, RH17, RH57, PMH1, AT3G62310, STRS2, RH10, PRH75
w:salt	word	salt	16	325	525	21521	2.018086446886447	0.006471243739261828	AT1G49510, AT2G01830, AT2G17820, AT2G38750, AT2G38760, AT2G40700, AT3G22310, AT3G44550, AT3G45680, AT3G45710, AT4G29720, AT5G08620, AT5G13180, AT5G20270, AT5G59010, AT5G62090	True	0.036123515521043724	significant	True	salt	salt stress	salt stress	emb1273, WOL, HK1, ANNAT4, ANNAT3, RH17, PMH1, FAR5, NPF2.3, NPF2.5, PAO5, STRS2, NAC083, HHP1, BSK5, SLK2
p:salt stress	phrase	salt stress	14	325	434	21521	2.1360794044665012	0.006567067105834834	AT1G49510, AT2G01830, AT2G17820, AT2G38750, AT2G38760, AT2G40700, AT3G22310, AT3G44550, AT3G45680, AT5G08620, AT5G13180, AT5G20270, AT5G59010, AT5G62090	True	0.0364871158356898	significant	False	salt	salt stress		emb1273, WOL, HK1, ANNAT4, ANNAT3, RH17, PMH1, FAR5, NPF2.3, STRS2, NAC083, HHP1, BSK5, SLK2
p:molecular oxygen	phrase	molecular oxygen	9	325	221	21521	2.6966794291681166	0.006627463733433219	AT1G55020, AT1G67110, AT3G50660, AT4G37410, AT5G04330, AT5G09970, AT5G42590, AT5G47990, AT5G63450	True	0.03665141571652138	significant	False	paired	molecular oxygen		LOX1, CYP735A2, DWF4, CYP81F4, CYP84A4, CYP78A7, CYP71A16, CYP705A5, CYP94B1
k:Heme	keyword	Heme	12	325	351	21521	2.26387902695595	0.007412323873002792	AT1G12740, AT1G67110, AT2G14100, AT2G25160, AT3G50660, AT4G37410, AT5G04330, AT5G09970, AT5G42590, AT5G47530, AT5G47990, AT5G63450	True	0.03944956474827235	significant	False	Monooxygenase	Heme		CYP87A2, CYP735A2, CYP705A13, CYP82F1, DWF4, CYP81F4, CYP84A4, CYP78A7, CYP71A16, AT5G47530, CYP705A5, CYP94B1
p:embryo sac	phrase	embryo sac	6	325	113	21521	3.5160245064669846	0.007421295386573276	AT1G15440, AT1G31660, AT2G34260, AT3G11964, AT4G05410, AT5G41190	True	0.03944956474827235	significant	False	sac development	embryo sac		PWP2, ENP1, WDR55, RRP5, YAO, NOB1
w:multitude	word	multitude	2	325	9	21521	14.715213675213676	0.007630724213336018	AT1G03360, AT4G27490	True	0.03944956474827235	significant	True	multitude	multitude		RRP4, RRP41L
w:cleft	word	cleft	2	325	9	21521	14.715213675213676	0.007630724213336018	AT1G29940, AT3G57660	True	0.03944956474827235	significant	True	cleft	cleft		NRPA2, NRPA1
p:hydroxy intermediate	phrase	hydroxy intermediate	2	325	9	21521	14.715213675213676	0.007630724213336018	AT1G76790, AT4G37410	True	0.03944956474827235	significant	True	hydroxy intermediate	hydroxy intermediate	hydroxy indol, methylglucosinolate	IGMT5, CYP81F4
p:hydroxy indol	phrase	hydroxy indol	2	325	9	21521	14.715213675213676	0.007630724213336018	AT1G76790, AT4G37410	True	0.03944956474827235	significant	False	hydroxy intermediate	hydroxy indol		IGMT5, CYP81F4
w:annexin	word	annexin	2	325	9	21521	14.715213675213676	0.007630724213336018	AT2G38750, AT2G38760	True	0.03944956474827235	significant	False	Annexin	annexin		ANNAT4, ANNAT3
p:purine pyrimidine	phrase	purine pyrimidine	2	325	9	21521	14.715213675213676	0.007630724213336018	AT4G22570, AT5G11160	True	0.03944956474827235	significant	False	costly	purine pyrimidine		APT3, APT5
p:pyrimidine phosphoribosyltransferase	phrase	pyrimidine phosphoribosyltransferase	2	325	9	21521	14.715213675213676	0.007630724213336018	AT4G22570, AT5G11160	True	0.03944956474827235	significant	False	costly	pyrimidine phosphoribosyltransferase		APT3, APT5
p:branch angle	phrase	branch angle	2	325	9	21521	14.715213675213676	0.007630724213336018	AT4G34760, AT4G38860	True	0.03944956474827235	significant	True	branch angle	branch angle	terminal autoinhibitory, mechanistic, mechanistic link, autoinhibitory	SAUR50, SAUR16
p:terminal autoinhibitory	phrase	terminal autoinhibitory	2	325	9	21521	14.715213675213676	0.007630724213336018	AT4G34760, AT4G38860	True	0.03944956474827235	significant	False	branch angle	terminal autoinhibitory		SAUR50, SAUR16
w:mechanistic	word	mechanistic	2	325	9	21521	14.715213675213676	0.007630724213336018	AT4G34760, AT4G38860	True	0.03944956474827235	significant	False	branch angle	mechanistic		SAUR50, SAUR16
p:mechanistic link	phrase	mechanistic link	2	325	9	21521	14.715213675213676	0.007630724213336018	AT4G34760, AT4G38860	True	0.03944956474827235	significant	False	branch angle	mechanistic link		SAUR50, SAUR16
w:autoinhibitory	word	autoinhibitory	2	325	9	21521	14.715213675213676	0.007630724213336018	AT4G34760, AT4G38860	True	0.03944956474827235	significant	False	branch angle	autoinhibitory		SAUR50, SAUR16
p:transferase tau	phrase	transferase tau	3	325	27	21521	7.357606837606839	0.007631118496301633	AT1G17190, AT2G29440, AT2G29490	True	0.03944956474827235	significant	True	transferase tau	transferase tau	tau	GSTU26, GSTU6, GSTU1
k:Gibberellin signaling pathway	keyword	Gibberellin signaling pathway	4	325	52	21521	5.093727810650887	0.00782122434974569	AT3G50700, AT4G26150, AT5G39760, AT5G56860	True	0.040257297627046	significant	False	signaling pathway	Gibberellin signaling pathway		IDD2, CGA1, HB23, GNC
w:leaf	word	leaf	17	325	586	21521	1.9210133893410344	0.008144920944545561	AT1G26770, AT1G70560, AT2G01830, AT2G24120, AT2G46310, AT3G07050, AT3G11240, AT3G44550, AT3G49670, AT3G50660, AT4G13750, AT4G26150, AT5G13180, AT5G39760, AT5G56860, AT5G57280, AT5G60990	True	0.041636090821133044	significant	True	leaf	leaf		EXPA10, TAA1, WOL, SCA3, CRF5, NSN1, ATE2, FAR5, BAM2, DWF4, NOV, CGA1, NAC083, HB23, GNC, RID2, RH10
w:circadian	word	circadian	7	325	151	21521	3.069730005094243	0.008159133020457527	AT1G10470, AT2G41310, AT3G46640, AT3G48100, AT3G57040, AT4G26150, AT5G56860	True	0.041636090821133044	significant	False	circadian rhythm	circadian		ARR4, RR3, PCL1, RR5, ARR9, CGA1, GNC
w:cotyledon	word	cotyledon	6	325	116	21521	3.4250928381962864	0.008396893570615214	AT1G20330, AT1G70560, AT2G46310, AT3G07050, AT4G13750, AT4G23750	True	0.0424058645079356	significant	True	cotyledon	cotyledon		SMT2, TAA1, CRF5, NSN1, NOV, CRF2
w:utiliz	word	utiliz	3	325	28	21521	7.094835164835166	0.008452640780808022	AT1G13420, AT3G45070, AT5G52470	True	0.0424058645079356	significant	True	utiliz	utiliz		ST4B, SOT5, FIB1
w:tau	word	tau	3	325	28	21521	7.094835164835166	0.008452640780808022	AT1G17190, AT2G29440, AT2G29490	True	0.0424058645079356	significant	False	transferase tau	tau		GSTU26, GSTU6, GSTU1
w:gat	word	gat	3	325	28	21521	7.094835164835166	0.008452640780808022	AT3G16870, AT4G26150, AT5G56860	True	0.0424058645079356	significant	True	gat	gat		GATA17, CGA1, GNC
w:polypeptide	word	polypeptide	10	325	273	21521	2.425584671738518	0.008871473718108442	AT1G12740, AT1G67110, AT2G14100, AT2G25160, AT4G37410, AT5G09970, AT5G42590, AT5G47990, AT5G61310, AT5G63450	True	0.04427279666219684	significant	False	cytochrome	polypeptide		CYP87A2, CYP735A2, CYP705A13, CYP82F1, CYP81F4, CYP78A7, CYP71A16, CYP705A5, AT5G61310, CYP94B1
w:polyamine	word	polyamine	5	325	84	21521	3.941575091575092	0.008899241717632502	AT2G39130, AT3G13620, AT4G29720, AT5G02180, AT5G04770	True	0.04427279666219684	significant	True	polyamine	polyamine		AVT1C, PUT4, PAO5, AVT1D, CAT6
w:helicase	word	helicase	8	325	192	21521	2.7591025641025637	0.008968998109958605	AT1G79950, AT2G40700, AT3G09720, AT3G22310, AT3G62310, AT5G08620, AT5G60990, AT5G62190	True	0.04443391146975326	significant	False	dead box	helicase		RTEL1, RH17, RH57, PMH1, AT3G62310, STRS2, RH10, PRH75
p:basic helix	phrase	basic helix	6	325	118	21521	3.3670404172099087	0.009096375776608061	AT1G18400, AT1G32640, AT2G22770, AT2G42280, AT5G50915, AT5G65640	True	0.044508604108588416	significant	False	helix	basic helix		BEE1, MYC2, NAI1, FBH4, BHLH137, bHLH093
p:loop helix	phrase	loop helix	6	325	118	21521	3.3670404172099087	0.009096375776608061	AT1G18400, AT1G32640, AT2G22770, AT2G42280, AT5G50915, AT5G65640	True	0.044508604108588416	significant	False	helix	loop helix		BEE1, MYC2, NAI1, FBH4, BHLH137, bHLH093
p:helix loop	phrase	helix loop	6	325	118	21521	3.3670404172099087	0.009096375776608061	AT1G18400, AT1G32640, AT2G22770, AT2G42280, AT5G50915, AT5G65640	True	0.044508604108588416	significant	False	helix	helix loop		BEE1, MYC2, NAI1, FBH4, BHLH137, bHLH093
w:lignan	word	lignan	3	325	29	21521	6.850185676392573	0.009324102601987686	AT1G58170, AT3G45070, AT4G11190	True	0.04533524248408545	significant	True	lignan	active lignan		DIR19, SOT5, DIR13
w:using	word	using	5	325	85	21521	3.895203619909502	0.009341576458032746	AT1G29940, AT1G68990, AT1G75670, AT2G24120, AT3G57660	True	0.04533524248408545	significant	False	ribonucleoside triphosphate	using		NRPA2, MGP3, AT1G75670, SCA3, NRPA1
w:trans‑zeatin	word	trans-zeatin	2	325	10	21521	13.243692307692307	0.009443784123891923	AT1G67110, AT2G01830	True	0.04546015920367408	significant	False	isopentenyladenine	trans-zeatin		CYP735A2, WOL
w:methylglucosinolate	word	methylglucosinolate	2	325	10	21521	13.243692307692307	0.009443784123891923	AT1G76790, AT4G37410	True	0.04546015920367408	significant	False	hydroxy intermediate	methylglucosinolate		IGMT5, CYP81F4
k:Stress response	keyword	Stress response	16	325	549	21521	1.9298640885526133	0.009692878090672472	AT1G17190, AT1G55020, AT2G19540, AT2G29490, AT2G38750, AT3G30775, AT4G16100, AT4G18880, AT4G24570, AT4G29720, AT4G34590, AT5G13180, AT5G20270, AT5G57280, AT5G59010, AT5G60990	True	0.046325768997093675	significant	True	Stress response	Stress response		GSTU26, LOX1, HTD1, GSTU1, ANNAT4, ERD5, DL4090W, HSFA4A, DIC2, PAO5, GBF6, NAC083, HHP1, RID2, BSK5, RH10
w:promote	word	promote	19	325	695	21521	1.8102888765910348	0.00970152773782702	AT1G10470, AT1G19050, AT1G55020, AT1G74890, AT1G79950, AT2G40670, AT2G41310, AT3G17310, AT3G48100, AT3G57040, AT3G57660, AT4G19030, AT4G26150, AT4G34590, AT5G15920, AT5G56860, AT5G57280, AT5G60990, AT5G62920	True	0.046325768997093675	significant	True	promote	promote		ARR4, ARR7, LOX1, ARR15, RTEL1, RR16, RR3, DRM3, RR5, ARR9, NRPA1, NLM1, CGA1, GBF6, SMC5, GNC, RID2, RH10, ARR6
w:conjugation	word	conjugation	5	325	86	21521	3.849910554561718	0.009798825560243871	AT1G17190, AT2G29440, AT2G29490, AT3G11240, AT3G45070	True	0.0465962924880463	significant	True	conjugation	conjugation		GSTU26, GSTU6, GSTU1, ATE2, SOT5
p:bhlh transcription	phrase	bhlh transcription	6	325	120	21521	3.310923076923077	0.009836559642135931	AT1G18400, AT1G32640, AT2G22770, AT2G42280, AT5G50915, AT5G65640	True	0.0465962924880463	significant	False	helix	bhlh transcription		BEE1, MYC2, NAI1, FBH4, BHLH137, bHLH093
p:seed dormancy	phrase	seed dormancy	11	325	322	21521	2.2621213569039655	0.010187804803424875	AT1G10470, AT1G68990, AT1G70560, AT1G78580, AT2G17250, AT2G34260, AT4G05410, AT4G13750, AT5G16750, AT5G62090, AT5G62440	True	0.04806865044155626	significant	False	embryo development	seed dormancy		ARR4, MGP3, TAA1, TPS1, EMB2762, WDR55, YAO, NOV, TOZ, SLK2, EMB514
w:seed	word	seed	24	325	954	21521	1.665873246250605	0.010428812893039176	AT1G10470, AT1G49320, AT1G55020, AT1G68990, AT1G70560, AT1G78580, AT2G01830, AT2G17250, AT2G17820, AT2G34260, AT3G11240, AT3G44550, AT4G05410, AT4G13750, AT4G26150, AT4G27490, AT4G33770, AT5G05860, AT5G11420, AT5G13610, AT5G16750, AT5G56860, AT5G62090, AT5G62440	True	0.0490112985368521	significant	True	seed	seed		ARR4, USPL1, LOX1, MGP3, TAA1, TPS1, WOL, EMB2762, HK1, WDR55, ATE2, FAR5, YAO, NOV, CGA1, RRP41L, ITPK2, UGT76C2, AT5G11420, RRL, TOZ, GNC, SLK2, EMB514
w:bhlh	word	bhlh	6	325	122	21521	3.256645649432535	0.010618657466916563	AT1G18400, AT1G32640, AT2G22770, AT2G42280, AT5G50915, AT5G65640	True	0.049707022551825956	significant	False	helix	bhlh		BEE1, MYC2, NAI1, FBH4, BHLH137, bHLH093
w:sac	word	sac	6	325	123	21521	3.2301688555347097	0.01102579812950936	AT1G15440, AT1G31660, AT2G34260, AT3G11964, AT4G05410, AT5G41190	True	0.05141048618033972		False		sac		PWP2, ENP1, WDR55, RRP5, YAO, NOB1
w:exosome	word	exosome	3	325	31	21521	6.408238213399504	0.011219139920537056	AT1G03360, AT3G46210, AT4G27490	True	0.051904892472834856		False		exosome		RRP4, RRP46, RRP41L
w:utp	word	utp	3	325	31	21521	6.408238213399504	0.011219139920537056	AT3G12670, AT4G02400, AT5G52560	True	0.051904892472834856		False		utp		emb2742, AT4G02400, USP
k:Ribonucleoprotein	keyword	Ribonucleoprotein	14	325	464	21521	1.997970822281167	0.011389718598233371	AT1G14620, AT1G15250, AT1G15440, AT2G17250, AT3G04770, AT3G07860, AT3G11964, AT4G02400, AT4G05410, AT4G22380, AT4G36680, AT5G15750, AT5G52470, AT5G66540	True	0.052061098889082544		False		Ribonucleoprotein		DECOY, RPL37A, PWP2, EMB2762, RPSAb, SNRNP25, RRP5, AT4G02400, YAO, AT4G22380, AT4G36680, AT5G15750, FIB1, MPP10
p:methoxy indol	phrase	methoxy indol	2	325	11	21521	12.03972027972028	0.011428046097603485	AT1G76790, AT4G37410	True	0.052061098889082544		False		methoxy indol		IGMT5, CYP81F4
p:novo imp	phrase	novo imp	2	325	11	21521	12.03972027972028	0.011428046097603485	AT3G21110, AT3G55010	True	0.052061098889082544		False		novo imp		PUR7, PUR5
w:facilitation	word	facilitation	2	325	11	21521	12.03972027972028	0.011428046097603485	AT4G34760, AT4G38860	True	0.052061098889082544		False		facilitation		SAUR50, SAUR16
w:establishment	word	establishment	6	325	125	21521	3.1784861538461544	0.011873000384984289	AT2G01830, AT2G34260, AT3G07050, AT3G17310, AT5G57280, AT5G60990	True	0.05388166968605466		False		establishment		WOL, WDR55, NSN1, DRM3, RID2, RH10
w:rnase	word	rnase	4	325	60	21521	4.4145641025641025	0.012829470630980644	AT1G03360, AT1G52160, AT3G46210, AT4G27490	True	0.058000914753748994		False		rnase		RRP4, TRZ3, RRP46, RRP41L
w:phosphotransfer	word	phosphotransfer	2	325	12	21521	11.036410256410255	0.013577958430505833	AT2G01830, AT2G17820	True	0.060692453285230964		False		phosphotransfer		WOL, HK1
p:histidine phosphotransfer	phrase	histidine phosphotransfer	2	325	12	21521	11.036410256410255	0.013577958430505833	AT2G01830, AT2G17820	True	0.060692453285230964		False		histidine phosphotransfer		WOL, HK1
w:angle	word	angle	2	325	12	21521	11.036410256410255	0.013577958430505833	AT4G34760, AT4G38860	True	0.060692453285230964		False		angle		SAUR50, SAUR16
w:vascular	word	vascular	6	325	129	21521	3.079928443649374	0.013703133883405948	AT1G04240, AT1G20330, AT1G70560, AT2G01830, AT3G49670, AT4G13750	True	0.06102256999014859		False		vascular		SHY2, SMT2, TAA1, WOL, BAM2, NOV
w:dormancy	word	dormancy	11	325	337	21521	2.1614334626797533	0.013923427432056209	AT1G10470, AT1G68990, AT1G70560, AT1G78580, AT2G17250, AT2G34260, AT4G05410, AT4G13750, AT5G16750, AT5G62090, AT5G62440	True	0.06177222095789116		False		dormancy		ARR4, MGP3, TAA1, TPS1, EMB2762, WDR55, YAO, NOV, TOZ, SLK2, EMB514
w:methionine	word	methionine	9	325	250	21521	2.3838646153846157	0.014098158019365918	AT1G20330, AT1G70560, AT2G43200, AT3G17310, AT4G26600, AT4G31790, AT5G52470, AT5G57280, AT5G65860	True	0.06231490663578467		False		methionine		SMT2, TAA1, AT2G43200, DRM3, NOP2B, AT4G31790, FIB1, RID2, AT5G65860
w:influence	word	influence	4	325	62	21521	4.2721588089330025	0.014338300905411449	AT1G26770, AT3G55510, AT4G26150, AT5G56860	True	0.06292980352783525		False		influence		EXPA10, RBL, CGA1, GNC
w:gata	word	gata	3	325	34	21521	5.842805429864254	0.014448979279309526	AT3G16870, AT4G26150, AT5G56860	True	0.06292980352783525		False		gata		GATA17, CGA1, GNC
w:pair	word	pair	3	325	34	21521	5.842805429864254	0.014448979279309526	AT3G18630, AT3G25655, AT5G52470	True	0.06292980352783525		False		pair		UNG, IDL1, FIB1
w:adenylate	word	adenylate	3	325	34	21521	5.842805429864254	0.014448979279309526	AT3G20240, AT4G22570, AT5G11160	True	0.06292980352783525		False		adenylate		AT3G20240, APT3, APT5
w:herbicide	word	herbicide	4	325	63	21521	4.204346764346765	0.015133022281659055	AT1G17190, AT2G01830, AT2G29440, AT2G29490	True	0.06566847990106794		False		herbicide		GSTU26, WOL, GSTU6, GSTU1
w:diphosphatase	word	diphosphatase	3	325	35	21521	5.675868131868132	0.01563033033137328	AT1G31860, AT4G29690, AT4G29700	True	0.0669891755957723		False		diphosphatase		AT-IE, AT4G29690, AT4G29700
w:phosphodiesterase	word	phosphodiesterase	3	325	35	21521	5.675868131868132	0.01563033033137328	AT1G52160, AT4G29690, AT4G29700	True	0.0669891755957723		False		phosphodiesterase		TRZ3, AT4G29690, AT4G29700
w:derivative	word	derivative	5	325	97	21521	3.4133227597145126	0.01587646327570981	AT1G75450, AT2G01830, AT3G18630, AT4G29720, AT4G29740	True	0.0669891755957723		False		derivative		CKX5, WOL, UNG, PAO5, CKX4
w:determining	word	determining	2	325	13	21521	10.187455621301774	0.015888097155599485	AT1G04240, AT5G62440	True	0.0669891755957723		False		determining		SHY2, EMB514
w:phosphoryl	word	phosphoryl	2	325	13	21521	10.187455621301774	0.015888097155599485	AT2G01830, AT2G17820	True	0.0669891755957723		False		phosphoryl		WOL, HK1
w:symmetry	word	symmetry	2	325	13	21521	10.187455621301774	0.015888097155599485	AT2G34260, AT3G49670	True	0.0669891755957723		False		symmetry		WDR55, BAM2
p:wide range	phrase	wide range	2	325	13	21521	10.187455621301774	0.015888097155599485	AT4G24570, AT5G52560	True	0.0669891755957723		False		wide range		DIC2, USP
w:greening	word	greening	2	325	13	21521	10.187455621301774	0.015888097155599485	AT4G26150, AT5G56860	True	0.0669891755957723		False		greening		CGA1, GNC
w:nematode	word	nematode	5	325	99	21521	3.3443667443667446	0.017200492500252292	AT1G72140, AT2G47260, AT3G45680, AT5G04770, AT5G38030	True	0.07226638015123667		False		nematode		NPF5.12, WRKY23, NPF2.3, CAT6, DTX30
w:gibberellin	word	gibberellin	7	325	176	21521	2.633688811188811	0.017765202468203123	AT1G69530, AT3G50700, AT4G26150, AT5G39760, AT5G50915, AT5G56860, AT5G65640	True	0.07422418832076201		False		gibberellin		EXPA1, IDD2, CGA1, HB23, BHLH137, GNC, bHLH093
p:auxin responsive	phrase	auxin responsive	6	325	137	21521	2.9000786075238634	0.01793739887866474	AT1G04240, AT4G34590, AT4G34750, AT4G34760, AT4G38860, AT5G47530	True	0.07422418832076201		False		auxin responsive		SHY2, GBF6, SAUR49, SAUR50, SAUR16, AT5G47530
w:steroid	word	steroid	3	325	37	21521	5.3690644490644495	0.01815168535355798	AT1G20330, AT3G50660, AT5G24140	True	0.07422418832076201		False		steroid		SMT2, DWF4, SQP2
w:phosphoprotein	word	phosphoprotein	3	325	37	21521	5.3690644490644495	0.01815168535355798	AT2G01830, AT3G16310, AT5G66540	True	0.07422418832076201		False		phosphoprotein		WOL, NUP35, MPP10
w:primordia	word	primordia	3	325	37	21521	5.3690644490644495	0.01815168535355798	AT4G13750, AT5G57280, AT5G60990	True	0.07422418832076201		False		primordia		NOV, RID2, RH10
p:transmembrane transporter	phrase	transmembrane transporter	18	325	691	21521	1.7249382166314151	0.01815629327710116	AT1G11670, AT1G72140, AT2G17500, AT3G05400, AT3G10960, AT3G13620, AT3G15990, AT3G20240, AT3G21670, AT3G45680, AT3G45700, AT3G45710, AT4G15230, AT4G19030, AT4G24570, AT5G04770, AT5G24290, AT5G38030	True	0.07422418832076201		False		transmembrane transporter		DTX36, NPF5.12, PILS5, SUGTL5, AZG1, PUT4, SULTR3;4, AT3G20240, NPF6.4, NPF2.3, NPF2.4, NPF2.5, ABCG30, NLM1, DIC2, CAT6, MEB2, DTX30
p:strictosidine synthase	phrase	strictosidine synthase	2	325	14	21521	9.459780219780221	0.01835316347039868	AT2G41290, AT3G57010	True	0.07422418832076201		False		strictosidine synthase		SSL2, SSL8
w:strictosidine	word	strictosidine	2	325	14	21521	9.459780219780221	0.01835316347039868	AT2G41290, AT3G57010	True	0.07422418832076201		False		strictosidine		SSL2, SSL8
w:organocation	word	organocation	2	325	14	21521	9.459780219780221	0.01835316347039868	AT3G13620, AT5G04770	True	0.07422418832076201		False		organocation		PUT4, CAT6
p:polyamine organocation	phrase	polyamine organocation	2	325	14	21521	9.459780219780221	0.01835316347039868	AT3G13620, AT5G04770	True	0.07422418832076201		False		polyamine organocation		PUT4, CAT6
p:division plane	phrase	division plane	2	325	14	21521	9.459780219780221	0.01835316347039868	AT4G05410, AT5G16750	True	0.07422418832076201		False		division plane		YAO, TOZ
w:cellulose	word	cellulose	6	325	138	21521	2.879063545150502	0.01852307671727685	AT1G26770, AT1G69530, AT2G03090, AT2G39700, AT3G03220, AT3G28180	True	0.07444552286499156		False		cellulose		EXPA10, EXPA1, EXPA15, EXPA4, EXPA13, CSLC04
w:monophosphate	word	monophosphate	4	325	67	21521	3.9533409873708383	0.018587075794922574	AT1G03360, AT1G63660, AT1G67110, AT5G52470	True	0.07444552286499156		False		monophosphate		RRP4, AT1G63660, CYP735A2, FIB1
k:Nucleotidyltransferase	keyword	Nucleotidyltransferase	5	325	101	21521	3.2781416603198785	0.018595727746764084	AT1G29940, AT1G68990, AT2G24120, AT3G57660, AT5G52560	True	0.07444552286499156		False		Nucleotidyltransferase		NRPA2, MGP3, SCA3, NRPA1, USP
w:oxygen	word	oxygen	15	325	543	21521	1.8292392690182748	0.01866316348237102	AT1G55020, AT1G67110, AT1G75450, AT2G01830, AT3G11240, AT3G50660, AT4G18880, AT4G29740, AT4G37410, AT5G04330, AT5G09970, AT5G13610, AT5G42590, AT5G47990, AT5G63450	True	0.07446476973335284		False		oxygen		LOX1, CYP735A2, CKX5, WOL, ATE2, DWF4, HSFA4A, CKX4, CYP81F4, CYP84A4, CYP78A7, RRL, CYP71A16, CYP705A5, CYP94B1
k:Acyltransferase	keyword	Acyltransferase	8	325	223	21521	2.3755501897205935	0.020431899423040828	AT1G10490, AT2G25150, AT2G39020, AT2G40230, AT3G11240, AT4G01950, AT5G39080, AT5G47980	True	0.07931519949160482		False		Acyltransferase		AT1G10490, SCT, GNAT8, AT2G40230, ATE2, GPAT3, MXF12.90, BAHD1
w:dimerization	word	dimerization	8	325	223	21521	2.3755501897205935	0.020431899423040828	AT1G18400, AT1G32640, AT1G76790, AT2G22770, AT2G42280, AT4G20020, AT5G50915, AT5G65640	True	0.07931519949160482		False		dimerization		BEE1, MYC2, IGMT5, NAI1, FBH4, MORF1, BHLH137, bHLH093
w:hydrophobic	word	hydrophobic	4	325	69	21521	3.838751393534002	0.020482667206108886	AT1G17190, AT1G61570, AT2G29440, AT2G29490	True	0.07931519949160482		False		hydrophobic		GSTU26, TIM13, GSTU6, GSTU1
w:auxin	word	auxin	20	325	804	21521	1.647225411404516	0.020582364811337878	AT1G04240, AT1G70560, AT2G01830, AT2G17500, AT2G39130, AT2G47260, AT3G13980, AT3G21110, AT4G13750, AT4G26150, AT4G28720, AT4G29720, AT4G34590, AT4G34750, AT4G34760, AT4G38860, AT5G02180, AT5G47530, AT5G56860, AT5G62090	True	0.07931519949160482		False		auxin		SHY2, TAA1, WOL, PILS5, AVT1C, WRKY23, AT3G13980, PUR7, NOV, CGA1, YUC8, PAO5, GBF6, SAUR49, SAUR50, SAUR16, AVT1D, AT5G47530, GNC, SLK2
p:certain herbicide	phrase	certain herbicide	3	325	39	21521	5.093727810650888	0.020885628963302833	AT1G17190, AT2G29440, AT2G29490	True	0.07931519949160482		False		certain herbicide		GSTU26, GSTU6, GSTU1
p:endogenous hydrophobic	phrase	endogenous hydrophobic	3	325	39	21521	5.093727810650888	0.020885628963302833	AT1G17190, AT2G29440, AT2G29490	True	0.07931519949160482		False		endogenous hydrophobic		GSTU26, GSTU6, GSTU1
p:hydrophobic electrophile	phrase	hydrophobic electrophile	3	325	39	21521	5.093727810650888	0.020885628963302833	AT1G17190, AT2G29440, AT2G29490	True	0.07931519949160482		False		hydrophobic electrophile		GSTU26, GSTU6, GSTU1
p:lateral root	phrase	lateral root	7	325	182	21521	2.5468639053254436	0.020920885786817157	AT1G04240, AT1G32640, AT1G55020, AT2G01830, AT2G17500, AT4G37070, AT5G57280	True	0.07931519949160482		False		lateral root		SHY2, MYC2, LOX1, WOL, PILS5, PLP1, RID2
w:monothiol	word	monothiol	2	325	15	21521	8.829128205128205	0.020967981212664664	AT1G03850, AT2G30540	True	0.07931519949160482		False		monothiol		GRXS13, GRXS9
p:reduce gsh	phrase	reduce gsh	2	325	15	21521	8.829128205128205	0.020967981212664664	AT1G03850, AT2G30540	True	0.07931519949160482		False		reduce gsh		GRXS13, GRXS9
p:gsh thiol	phrase	gsh thiol	2	325	15	21521	8.829128205128205	0.020967981212664664	AT1G03850, AT2G30540	True	0.07931519949160482		False		gsh thiol		GRXS13, GRXS9
p:monothiol glutaredoxin	phrase	monothiol glutaredoxin	2	325	15	21521	8.829128205128205	0.020967981212664664	AT1G03850, AT2G30540	True	0.07931519949160482		False		monothiol glutaredoxin		GRXS13, GRXS9
w:riboside	word	riboside	2	325	15	21521	8.829128205128205	0.020967981212664664	AT1G67110, AT2G01830	True	0.07931519949160482		False		riboside		CYP735A2, WOL
p:phosphorelay sensor	phrase	phosphorelay sensor	2	325	15	21521	8.829128205128205	0.020967981212664664	AT2G01830, AT2G17820	True	0.07931519949160482		False		phosphorelay sensor		WOL, HK1
w:triterpenoid	word	triterpenoid	2	325	15	21521	8.829128205128205	0.020967981212664664	AT5G42590, AT5G48010	True	0.07931519949160482		False		triterpenoid		CYP71A16, THAS1
p:knox homeobox	phrase	knox homeobox	2	325	15	21521	8.829128205128205	0.020967981212664664	AT5G57280, AT5G60990	True	0.07931519949160482		False		knox homeobox		RID2, RH10
w:acid	word	acid	53	325	2660	21521	1.3193903990746094	0.021012857729062674	AT1G03360, AT1G04240, AT1G13740, AT1G18870, AT1G30240, AT1G32640, AT1G55020, AT1G69040, AT1G70560, AT1G79950, AT2G01830, AT2G17820, AT2G28450, AT2G38750, AT2G39020, AT2G39130, AT2G40700, AT2G45310, AT3G09720, AT3G11240, AT3G11964, AT3G13620, AT3G13700, AT3G16310, AT3G22310, AT3G29575, AT3G44320, AT3G44550, AT3G50660, AT3G50700, AT3G62310, AT4G15230, AT4G24570, AT4G26150, AT4G27490, AT4G34590, AT4G37790, AT4G38860, AT5G02180, AT5G04770, AT5G05190, AT5G08620, AT5G13180, AT5G13610, AT5G20270, AT5G24290, AT5G39760, AT5G56860, AT5G59010, AT5G60890, AT5G60990, AT5G62190, AT5G63450	True	0.07931519949160482		False		acid		RRP4, SHY2, AFP2, ICS2, AT1G30240, MYC2, LOX1, ACR4, TAA1, RTEL1, WOL, HK1, AT2G28450, ANNAT4, GNAT8, AVT1C, RH17, GAE4, RH57, ATE2, RRP5, PUT4, AT3G13700, NUP35, PMH1, AFP3, NIT3, FAR5, DWF4, IDD2, AT3G62310, ABCG30, DIC2, CGA1, RRP41L, GBF6, HAT22, SAUR16, AVT1D, CAT6, EDR4, STRS2, NAC083, RRL, HHP1, MEB2, HB23, GNC, BSK5, MYB34, RH10, PRH75, CYP94B1
w:position	word	position	7	325	183	21521	2.532946616225305	0.021482359097414243	AT1G03110, AT1G72090, AT3G45070, AT4G01950, AT4G26600, AT5G24840, AT5G57280	True	0.08083077521147321		False		position		TRM82, AT1G72090, SOT5, GPAT3, NOP2B, AT5G24840, RID2
w:transporter	word	transporter	24	325	1021	21521	1.5565554132449335	0.021862015569081523	AT1G11670, AT1G72140, AT2G01830, AT2G03240, AT2G17500, AT2G28070, AT2G39130, AT3G05400, AT3G10960, AT3G13620, AT3G15990, AT3G20240, AT3G21670, AT3G45680, AT3G45700, AT3G45710, AT4G15230, AT4G19030, AT4G24570, AT5G02180, AT5G04770, AT5G24290, AT5G38030, AT5G47530	True	0.0819997997212553		False		transporter		DTX36, NPF5.12, WOL, PHO1-H5, PILS5, ABCG3, AVT1C, SUGTL5, AZG1, PUT4, SULTR3;4, AT3G20240, NPF6.4, NPF2.3, NPF2.4, NPF2.5, ABCG30, NLM1, DIC2, AVT1D, CAT6, MEB2, DTX30, AT5G47530
w:electrophile	word	electrophile	3	325	40	21521	4.966384615384616	0.02233254107066781	AT1G17190, AT2G29440, AT2G29490	True	0.08350123060699378		False		electrophile		GSTU26, GSTU6, GSTU1
w:arginine	word	arginine	5	325	106	21521	3.1235123367198843	0.022404192505507285	AT1G04870, AT2G19670, AT3G11240, AT4G29510, AT5G65860	True	0.08350653570234533		False		arginine		PRMT10, PRMT1A, ATE2, PRMT11, AT5G65860
w:organization	word	organization	21	325	867	21521	1.6039073729039128	0.0232169809511676	AT1G26770, AT1G49510, AT1G62150, AT1G69530, AT2G03090, AT2G16700, AT2G19080, AT2G22770, AT2G34260, AT2G39700, AT2G40090, AT3G03220, AT3G17310, AT3G28180, AT3G49670, AT4G26150, AT5G11420, AT5G13610, AT5G15920, AT5G56860, AT5G57280	True	0.08626559484668211		False		organization		EXPA10, emb1273, MTERF20, EXPA1, EXPA15, ADF5, MTX1, NAI1, WDR55, EXPA4, ATH9, EXPA13, DRM3, CSLC04, BAM2, CGA1, AT5G11420, RRL, SMC5, GNC, RID2
w:secondary	word	secondary	8	325	229	21521	2.313308700033591	0.023494620331109713	AT1G16530, AT1G32640, AT1G58170, AT1G73300, AT3G15990, AT4G11190, AT4G29720, AT5G60890	True	0.08702524477784876		False		secondary		ASL9, MYC2, DIR19, scpl2, SULTR3;4, DIR13, PAO5, MYB34
w:gnat	word	gnat	2	325	16	21521	8.277307692307692	0.02372749438346185	AT1G10490, AT2G39020	True	0.08707404574671648		False		gnat		AT1G10490, GNAT8
p:cytosolic sulfotransferase	phrase	cytosolic sulfotransferase	2	325	16	21521	8.277307692307692	0.02372749438346185	AT1G13420, AT3G45070	True	0.08707404574671648		False		cytosolic sulfotransferase		ST4B, SOT5
p:sulfonate donor	phrase	sulfonate donor	2	325	16	21521	8.277307692307692	0.02372749438346185	AT1G13420, AT3G45070	True	0.08707404574671648		False		sulfonate donor		ST4B, SOT5
p:reduced glutathione	phrase	reduced glutathione	3	325	41	21521	4.845253283302064	0.023832775710324182	AT1G17190, AT2G29440, AT2G29490	True	0.08719129329100139		False		reduced glutathione		GSTU26, GSTU6, GSTU1
k:Flavoprotein	keyword	Flavoprotein	8	325	230	21521	2.303250836120401	0.024034787138196664	AT1G62570, AT1G75450, AT3G30775, AT4G28720, AT4G29720, AT4G29740, AT5G24140, AT5G67220	True	0.08766061934759457		False		Flavoprotein		FMOGS-OX4, CKX5, ERD5, YUC8, PAO5, CKX4, SQP2, AT5G67220
w:active	word	active	11	325	368	21521	1.97935618729097	0.02481504133040811	AT1G03360, AT1G29940, AT1G58170, AT1G70560, AT2G19670, AT3G15990, AT3G18630, AT3G57660, AT4G11190, AT4G29510, AT5G11160	True	0.09022961511270716		False		active		RRP4, NRPA2, DIR19, TAA1, PRMT1A, SULTR3;4, UNG, NRPA1, DIR13, PRMT11, APT5
w:aspartate	word	aspartate	3	325	42	21521	4.7298901098901105	0.025386302598472767	AT2G01830, AT2G17820, AT3G11240	True	0.09202534691946378		False		aspartate		WOL, HK1, ATE2
w:homeobox	word	homeobox	5	325	110	21521	3.0099300699300704	0.025790597927501838	AT4G34610, AT4G37790, AT5G39760, AT5G57280, AT5G60990	True	0.09320675056474069		False		homeobox		BLH6, HAT22, HB23, RID2, RH10
w:embryogenesis	word	embryogenesis	9	325	278	21521	2.1437631433314888	0.025971717945472803	AT1G31660, AT2G17250, AT3G07050, AT3G61640, AT4G05410, AT4G13750, AT4G28720, AT5G16750, AT5G41190	True	0.09357688677929443		False		embryogenesis		ENP1, EMB2762, NSN1, AGP20, YAO, NOV, YUC8, TOZ, NOB1
k:Transcription regulation	keyword	Transcription regulation	39	325	1880	21521	1.3736808510638299	0.026570212873274164	AT1G04240, AT1G10470, AT1G18400, AT1G19050, AT1G32640, AT1G62150, AT1G74890, AT1G76580, AT2G19670, AT2G22770, AT2G31180, AT2G33620, AT2G40670, AT2G41310, AT2G42280, AT2G46310, AT2G47260, AT3G16870, AT3G21270, AT3G46640, AT3G48100, AT3G50700, AT3G57040, AT4G18880, AT4G23750, AT4G26150, AT4G29510, AT4G34590, AT4G34610, AT4G37790, AT5G13180, AT5G39760, AT5G50915, AT5G56860, AT5G59450, AT5G60890, AT5G62090, AT5G62920, AT5G65640	True	0.0949972697164486		False		Transcription regulation		SHY2, ARR4, BEE1, ARR7, MYC2, MTERF20, ARR15, SPL16, PRMT1A, NAI1, MYB14, AHL10, RR16, RR3, FBH4, CRF5, WRKY23, GATA17, DOF2, PCL1, RR5, IDD2, ARR9, HSFA4A, CRF2, CGA1, PRMT11, GBF6, BLH6, HAT22, NAC083, HB23, BHLH137, GNC, SCL11, MYB34, SLK2, ARR6, bHLH093
p:red light	phrase	red light	6	325	150	21521	2.648738461538462	0.02659442514545097	AT1G10470, AT1G32640, AT1G69530, AT3G48100, AT4G26150, AT4G38860	True	0.0949972697164486		False		red light		ARR4, MYC2, EXPA1, RR5, CGA1, SAUR16
p:endonucleolytic cleavage	phrase	endonucleolytic cleavage	2	325	17	21521	7.790407239819004	0.02662676471669046	AT1G06720, AT2G37990	True	0.0949972697164486		False		endonucleolytic cleavage		AT1G06720, AT2G37990
w:permease	word	permease	5	325	111	21521	2.982813582813583	0.026685524041458228	AT2G39130, AT3G10960, AT3G13620, AT5G02180, AT5G04770	True	0.0949972697164486		False		permease		AVT1C, AZG1, PUT4, AVT1D, CAT6
w:purine	word	purine	4	325	75	21521	3.531651282051282	0.026863396668590864	AT3G10960, AT3G21110, AT4G22570, AT5G11160	True	0.09534501086255086		False		purine		AZG1, PUR7, APT3, APT5
w:glucan	word	glucan	7	325	192	21521	2.4142147435897434	0.027012657938624958	AT1G26770, AT1G69530, AT2G03090, AT2G36870, AT2G39700, AT3G03220, AT3G28180	True	0.0955894353840032		False		glucan		EXPA10, EXPA1, EXPA15, XTH32, EXPA4, EXPA13, CSLC04
w:polarity	word	polarity	5	325	112	21521	2.956181318681319	0.02760002948415502	AT3G07050, AT4G13750, AT5G39760, AT5G57280, AT5G60990	True	0.09737814556872498		False		polarity		NSN1, NOV, HB23, RID2, RH10
w:intermediate	word	intermediate	6	325	152	21521	2.613886639676114	0.028134451900126884	AT1G63660, AT1G76790, AT1G79950, AT4G31790, AT4G37410, AT5G60990	True	0.09897000979068304		False		intermediate		AT1G63660, IGMT5, RTEL1, AT4G31790, CYP81F4, RH10
w:tryptophan	word	tryptophan	3	325	44	21521	4.514895104895105	0.028652915506557904	AT1G15440, AT1G70560, AT5G60890	True	0.10020093099205103		False		tryptophan		PWP2, TAA1, MYB34
p:toxin catabolic	phrase	toxin catabolic	3	325	44	21521	4.514895104895105	0.028652915506557904	AT1G17190, AT2G29440, AT2G29490	True	0.10020093099205103		False		toxin catabolic		GSTU26, GSTU6, GSTU1
w:flavin	word	flavin	6	325	153	21521	2.596802413273002	0.028926077311752285	AT1G62570, AT1G75450, AT4G28720, AT4G29720, AT4G29740, AT5G24140	True	0.1008595481632653		False		flavin		FMOGS-OX4, CKX5, YUC8, PAO5, CKX4, SQP2
w:mitochondrial	word	mitochondrial	22	325	943	21521	1.5448633656905129	0.029506660303663886	AT1G02370, AT1G52160, AT1G56350, AT1G61570, AT1G62150, AT1G68990, AT1G80720, AT2G19080, AT2G24120, AT2G40090, AT3G15590, AT3G18630, AT3G20240, AT3G22310, AT3G30775, AT4G20020, AT4G21140, AT4G24570, AT4G26600, AT4G36680, AT5G13610, AT5G61310	True	0.10222287678515615		False		mitochondrial		AT1G02370, TRZ3, PRFB2, TIM13, MTERF20, MGP3, AT1G80720, MTX1, SCA3, ATH9, AT3G15590, UNG, AT3G20240, PMH1, ERD5, MORF1, AT4G21140, DIC2, NOP2B, AT4G36680, RRL, AT5G61310
w:roxy	word	roxy	2	325	18	21521	7.357606837606838	0.02966096929426314	AT1G03850, AT2G30540	True	0.10222287678515615		False		roxy		GRXS13, GRXS9
w:imp	word	imp	2	325	18	21521	7.357606837606838	0.02966096929426314	AT3G21110, AT3G55010	True	0.10222287678515615		False		imp		PUR7, PUR5
w:triterpene	word	triterpene	2	325	18	21521	7.357606837606838	0.02966096929426314	AT5G42590, AT5G48010	True	0.10222287678515615		False		triterpene		CYP71A16, THAS1
w:limit	word	limit	3	325	45	21521	4.414564102564103	0.030365749285958185	AT1G04240, AT1G55020, AT1G79950	True	0.10404863372047345		False		limit		SHY2, LOX1, RTEL1
w:utilization	word	utilization	3	325	45	21521	4.414564102564103	0.030365749285958185	AT2G42280, AT4G26150, AT5G56860	True	0.10404863372047345		False		utilization		FBH4, CGA1, GNC
k:FAD	keyword	FAD	7	325	198	21521	2.341056721056721	0.031195240198215367	AT1G62570, AT1G75450, AT3G30775, AT4G28720, AT4G29720, AT4G29740, AT5G24140	True	0.10627833981569647		False		FAD		FMOGS-OX4, CKX5, ERD5, YUC8, PAO5, CKX4, SQP2
w:facilitator	word	facilitator	7	325	198	21521	2.341056721056721	0.031195240198215367	AT1G72140, AT3G05400, AT3G21670, AT3G45680, AT3G45700, AT3G45710, AT3G60070	True	0.10627833981569647		False		facilitator		NPF5.12, SUGTL5, NPF6.4, NPF2.3, NPF2.4, NPF2.5, AT3G60070
w:glutamine	word	glutamine	4	325	79	21521	3.3528334956183055	0.03170783189320422	AT1G63660, AT1G70560, AT3G12670, AT5G52470	True	0.10771603463148519		False		glutamine		AT1G63660, TAA1, emb2742, FIB1
p:polyamine transporter	phrase	polyamine transporter	3	325	46	21521	4.3185953177257534	0.032131373930910166	AT2G39130, AT3G13620, AT5G02180	True	0.10853466932912553		False		polyamine transporter		AVT1C, PUT4, AVT1D
w:salvage	word	salvage	3	325	46	21521	4.3185953177257534	0.032131373930910166	AT4G22570, AT5G11160, AT5G52560	True	0.10853466932912553		False		salvage		APT3, APT5, USP
w:red	word	red	6	325	157	21521	2.530641842234199	0.032238693401715104	AT1G10470, AT1G32640, AT1G69530, AT3G48100, AT4G26150, AT4G38860	True	0.10858868684033783		False		red		ARR4, MYC2, EXPA1, RR5, CGA1, SAUR16
w:oligopeptide	word	oligopeptide	5	325	117	21521	2.8298487836949375	0.03247012439411968	AT1G72140, AT3G21670, AT3G45680, AT3G45700, AT3G45710	True	0.10871698737343288		False		oligopeptide		NPF5.12, NPF6.4, NPF2.3, NPF2.4, NPF2.5
w:endonucleolytic	word	endonucleolytic	2	325	19	21521	6.970364372469636	0.032825398206108	AT1G06720, AT2G37990	True	0.10871698737343288		False		endonucleolytic		AT1G06720, AT2G37990
p:cotyledon vascular	phrase	cotyledon vascular	2	325	19	21521	6.970364372469636	0.032825398206108	AT1G20330, AT1G70560	True	0.10871698737343288		False		cotyledon vascular		SMT2, TAA1
p:pathogen pseudomonas	phrase	pathogen pseudomonas	2	325	19	21521	6.970364372469636	0.032825398206108	AT1G55020, AT3G11240	True	0.10871698737343288		False		pathogen pseudomonas		LOX1, ATE2
w:methoxy	word	methoxy	2	325	19	21521	6.970364372469636	0.032825398206108	AT1G76790, AT4G37410	True	0.10871698737343288		False		methoxy		IGMT5, CYP81F4
w:dea	word	dea	2	325	19	21521	6.970364372469636	0.032825398206108	AT5G08620, AT5G60990	True	0.10871698737343288		False		dea		STRS2, RH10
w:aba	word	aba	10	325	338	21521	1.9591260810195723	0.033425825201535316	AT1G13740, AT1G32640, AT2G01830, AT2G17820, AT3G11240, AT3G29575, AT4G15230, AT4G27490, AT5G13610, AT5G20270	True	0.11035092880523245		False		aba		AFP2, MYC2, WOL, HK1, ATE2, AFP3, ABCG30, RRP41L, RRL, HHP1
p:flavin adenine	phrase	flavin adenine	5	325	118	21521	2.8058670143415907	0.03350436105861136	AT1G62570, AT1G75450, AT4G28720, AT4G29740, AT5G24140	True	0.11035092880523245		False		flavin adenine		FMOGS-OX4, CKX5, YUC8, CKX4, SQP2
p:gibberellic acid	phrase	gibberellic acid	4	325	81	21521	3.2700474833808166	0.034309881965972414	AT3G50700, AT4G26150, AT5G39760, AT5G56860	True	0.11238140401526502		False		gibberellic acid		IDD2, CGA1, HB23, GNC
w:gibberellic	word	gibberellic	4	325	81	21521	3.2700474833808166	0.034309881965972414	AT3G50700, AT4G26150, AT5G39760, AT5G56860	True	0.11238140401526502		False		gibberellic		IDD2, CGA1, HB23, GNC
p:iron ion	phrase	iron ion	9	325	293	21521	2.0340141769493307	0.03464400876921876	AT1G67110, AT3G50660, AT4G37410, AT5G04330, AT5G09970, AT5G24290, AT5G42590, AT5G47990, AT5G63450	True	0.11316408358956348		False		iron ion		CYP735A2, DWF4, CYP81F4, CYP84A4, CYP78A7, MEB2, CYP71A16, CYP705A5, CYP94B1
w:leave	word	leave	6	325	160	21521	2.483192307692308	0.034878839277990015	AT1G16530, AT2G46310, AT4G23750, AT4G29510, AT5G57280, AT5G60990	True	0.11361901342884967		False		leave		ASL9, CRF5, CRF2, PRMT11, RID2, RH10
k:Endonuclease	keyword	Endonuclease	4	325	82	21521	3.2301688555347092	0.03565611315947761	AT1G52160, AT3G61100, AT4G30760, AT5G41190	True	0.11551803418697242		False		Endonuclease		TRZ3, AT3G61100, AT4G30760, NOB1
w:novo	word	novo	4	325	82	21521	3.2301688555347092	0.03565611315947761	AT3G21110, AT3G55010, AT4G22570, AT5G11160	True	0.11551803418697242		False		novo		PUR7, PUR5, APT3, APT5
w:production	word	production	8	325	249	21521	2.1275007723200496	0.036011266174814406	AT1G70560, AT3G17310, AT3G23620, AT4G24570, AT4G29720, AT5G04330, AT5G13610, AT5G57280	True	0.11635161815721284		False		production		TAA1, DRM3, AT3G23620, DIC2, PAO5, CYP84A4, RRL, RID2
w:sulfonate	word	sulfonate	2	325	21	21521	6.306520146520146	0.039526640699793586	AT1G13420, AT3G45070	True	0.12270803078865425		False		sulfonate		ST4B, SOT5
w:organellar	word	organellar	2	325	21	21521	6.306520146520146	0.039526640699793586	AT1G31010, AT4G20020	True	0.12270803078865425		False		organellar		OSB4, MORF1
p:active lignan	phrase	active lignan	2	325	21	21521	6.306520146520146	0.039526640699793586	AT1G58170, AT4G11190	True	0.12270803078865425		False		active lignan		DIR19, DIR13
w:phenoxy	word	phenoxy	2	325	21	21521	6.306520146520146	0.039526640699793586	AT1G58170, AT4G11190	True	0.12270803078865425		False		phenoxy		DIR19, DIR13
p:phenoxy radical	phrase	phenoxy radical	2	325	21	21521	6.306520146520146	0.039526640699793586	AT1G58170, AT4G11190	True	0.12270803078865425		False		phenoxy radical		DIR19, DIR13
w:impart	word	impart	2	325	21	21521	6.306520146520146	0.039526640699793586	AT1G58170, AT4G11190	True	0.12270803078865425		False		impart		DIR19, DIR13
p:impart stereoselectivity	phrase	impart stereoselectivity	2	325	21	21521	6.306520146520146	0.039526640699793586	AT1G58170, AT4G11190	True	0.12270803078865425		False		impart stereoselectivity		DIR19, DIR13
p:coupling reaction	phrase	coupling reaction	2	325	21	21521	6.306520146520146	0.039526640699793586	AT1G58170, AT4G11190	True	0.12270803078865425		False		coupling reaction		DIR19, DIR13
w:optically	word	optically	2	325	21	21521	6.306520146520146	0.039526640699793586	AT1G58170, AT4G11190	True	0.12270803078865425		False		optically		DIR19, DIR13
p:radical coupling	phrase	radical coupling	2	325	21	21521	6.306520146520146	0.039526640699793586	AT1G58170, AT4G11190	True	0.12270803078865425		False		radical coupling		DIR19, DIR13
w:dirigent	word	dirigent	2	325	21	21521	6.306520146520146	0.039526640699793586	AT1G58170, AT4G11190	True	0.12270803078865425		False		dirigent		DIR19, DIR13
p:yielding optically	phrase	yielding optically	2	325	21	21521	6.306520146520146	0.039526640699793586	AT1G58170, AT4G11190	True	0.12270803078865425		False		yielding optically		DIR19, DIR13
w:flavonolignan	word	flavonolignan	2	325	21	21521	6.306520146520146	0.039526640699793586	AT1G58170, AT4G11190	True	0.12270803078865425		False		flavonolignan		DIR19, DIR13
p:optically active	phrase	optically active	2	325	21	21521	6.306520146520146	0.039526640699793586	AT1G58170, AT4G11190	True	0.12270803078865425		False		optically active		DIR19, DIR13
w:hormonal	word	hormonal	2	325	21	21521	6.306520146520146	0.039526640699793586	AT2G34260, AT4G34760	True	0.12270803078865425		False		hormonal		WDR55, SAUR50
w:meristem	word	meristem	13	325	497	21521	1.732072434607646	0.03973279702311646	AT1G04240, AT1G04870, AT1G70560, AT1G75450, AT2G01830, AT3G07050, AT3G49670, AT3G55510, AT4G13750, AT5G09970, AT5G57280, AT5G60990, AT5G62090	True	0.1230268116158476		False		meristem		SHY2, PRMT10, TAA1, CKX5, WOL, NSN1, BAM2, RBL, NOV, CYP78A7, RID2, RH10, SLK2
p:adenine dinucleotide	phrase	adenine dinucleotide	5	325	124	21521	2.6700992555831267	0.040138356295365885	AT1G62570, AT1G75450, AT4G28720, AT4G29740, AT5G24140	True	0.1239597548965975		False		adenine dinucleotide		FMOGS-OX4, CKX5, YUC8, CKX4, SQP2
w:polymerase	word	polymerase	15	325	602	21521	1.6499616662407361	0.040911780887390024	AT1G03850, AT1G29940, AT1G60850, AT1G68990, AT1G75670, AT2G24120, AT2G34750, AT3G08030, AT3G17310, AT3G18630, AT3G46640, AT3G57660, AT4G37790, AT5G09380, AT5G64420	True	0.12602100382152004		False		polymerase		GRXS13, NRPA2, ATRPAC42, MGP3, AT1G75670, SCA3, AT2G34750, ATHA2-1, DRM3, UNG, PCL1, NRPA1, HAT22, AT5G09380, MSJ1.26
w:transferring	word	transferring	6	325	167	21521	2.3791064025794566	0.04156973989522496	AT1G10490, AT2G01830, AT2G17820, AT2G39020, AT3G50300, AT5G52560	True	0.12726210540206206		False		transferring		AT1G10490, WOL, HK1, GNAT8, AT3G50300, USP
w:proliferation	word	proliferation	7	325	211	21521	2.1968209989063068	0.041696390116468696	AT2G24120, AT2G40360, AT3G07050, AT4G26600, AT5G06000, AT5G50915, AT5G57280	True	0.12726210540206206		False		proliferation		SCA3, BOP1, NSN1, NOP2B, EIF3G2, BHLH137, RID2
w:substrate	word	substrate	18	325	762	21521	1.5642156268927923	0.0417305893696342	AT1G03360, AT1G29940, AT1G55020, AT1G67110, AT1G68990, AT1G75670, AT2G19540, AT2G24120, AT3G20240, AT3G45070, AT3G50660, AT3G57660, AT4G27490, AT4G29720, AT5G04330, AT5G37890, AT5G52470, AT5G52560	True	0.12726210540206206		False		substrate		RRP4, NRPA2, LOX1, CYP735A2, MGP3, AT1G75670, HTD1, SCA3, AT3G20240, SOT5, DWF4, NRPA1, RRP41L, PAO5, CYP84A4, AT5G37890, FIB1, USP
w:pol	word	pol	3	325	51	21521	3.8952036199095024	0.04174282683499092	AT1G29940, AT3G17310, AT3G57660	True	0.12726210540206206		False		pol		NRPA2, DRM3, NRPA1
p:cell proliferation	phrase	cell proliferation	5	325	126	21521	2.6277167277167277	0.04251453922784904	AT2G24120, AT2G40360, AT4G26600, AT5G06000, AT5G57280	True	0.1292724608440542		False		cell proliferation		SCA3, BOP1, NOP2B, EIF3G2, RID2
w:hydroxy	word	hydroxy	4	325	87	21521	3.044526967285588	0.04284076619017761	AT1G76790, AT2G01830, AT4G37410, AT5G63450	True	0.1292724608440542		False		hydroxy		IGMT5, WOL, CYP81F4, CYP94B1
w:codon	word	codon	2	325	22	21521	6.01986013986014	0.04305457905319215	AT1G56350, AT1G72090	True	0.1292724608440542		False		codon		PRFB2, AT1G72090
w:stereoselectivity	word	stereoselectivity	2	325	22	21521	6.01986013986014	0.04305457905319215	AT1G58170, AT4G11190	True	0.1292724608440542		False		stereoselectivity		DIR19, DIR13
w:indol	word	indol	2	325	22	21521	6.01986013986014	0.04305457905319215	AT1G76790, AT4G37410	True	0.1292724608440542		False		indol		IGMT5, CYP81F4
w:plane	word	plane	2	325	22	21521	6.01986013986014	0.04305457905319215	AT4G05410, AT5G16750	True	0.1292724608440542		False		plane		YAO, TOZ
w:dinucleotide	word	dinucleotide	5	325	128	21521	2.586658653846154	0.04497384100393652	AT1G62570, AT1G75450, AT4G28720, AT4G29740, AT5G24140	True	0.13469495454327587		False		dinucleotide		FMOGS-OX4, CKX5, YUC8, CKX4, SQP2
w:water	word	water	13	325	507	21521	1.6979092702169627	0.045306213870309	AT1G13740, AT2G01830, AT2G17820, AT2G38750, AT2G38760, AT3G22310, AT3G30775, AT4G19030, AT4G34760, AT4G37790, AT4G38860, AT5G05860, AT5G08620	True	0.13534946806984272		False		water		AFP2, WOL, HK1, ANNAT4, ANNAT3, PMH1, ERD5, NLM1, SAUR50, HAT22, SAUR16, UGT76C2, STRS2
w:promoter	word	promoter	14	325	560	21521	1.6554615384615383	0.046129147193186976	AT1G04240, AT1G32640, AT1G76580, AT2G34750, AT2G46310, AT3G16870, AT3G46640, AT3G57660, AT4G18880, AT4G23750, AT4G26150, AT4G34590, AT5G13180, AT5G56860	True	0.13746254639774264		False		promoter		SHY2, MYC2, SPL16, AT2G34750, CRF5, GATA17, PCL1, NRPA1, HSFA4A, CRF2, CGA1, GBF6, NAC083, GNC
w:sulfotransferase	word	sulfotransferase	2	325	23	21521	5.758127090301004	0.04669498690510665	AT1G13420, AT3G45070	True	0.13776759163814345		False		sulfotransferase		ST4B, SOT5
w:move	word	move	2	325	23	21521	5.758127090301004	0.04669498690510665	AT1G29940, AT3G57660	True	0.13776759163814345		False		move		NRPA2, NRPA1
p:affinity nitrate	phrase	affinity nitrate	2	325	23	21521	5.758127090301004	0.04669498690510665	AT1G72140, AT3G21670	True	0.13776759163814345		False		affinity nitrate		NPF5.12, NPF6.4
p:udp glucuronate	phrase	udp glucuronate	2	325	23	21521	5.758127090301004	0.04669498690510665	AT2G45310, AT5G52560	True	0.13776759163814345		False		udp glucuronate		GAE4, USP
w:sensing	word	sensing	3	325	54	21521	3.6788034188034193	0.04812495145667639	AT1G78580, AT4G26150, AT5G56860	True	0.1412853513135512		False		sensing		TPS1, CGA1, GNC
k:Amino-acid transport	keyword	Amino-acid transport	3	325	54	21521	3.6788034188034193	0.04812495145667639	AT2G39130, AT5G02180, AT5G04770	True	0.1412853513135512		False		Amino-acid transport		AVT1C, AVT1D, CAT6
w:acyl	word	acyl	10	325	363	21521	1.8242000423818605	0.04996046673078699	AT1G10490, AT2G25150, AT2G39020, AT2G40230, AT3G44550, AT3G50300, AT4G01950, AT4G37070, AT5G39080, AT5G47980	True	0.14487329085762646		False		acyl		AT1G10490, SCT, GNAT8, AT2G40230, FAR5, AT3G50300, GPAT3, PLP1, MXF12.90, BAHD1
w:gst	word	gst	3	325	55	21521	3.611916083916084	0.05035257042832563	AT1G17190, AT2G29440, AT2G29490	True	0.14487329085762646		False		gst		GSTU26, GSTU6, GSTU1
w:exogenous	word	exogenous	3	325	55	21521	3.611916083916084	0.05035257042832563	AT1G17190, AT2G29440, AT2G29490	True	0.14487329085762646		False		exogenous		GSTU26, GSTU6, GSTU1
p:dimethylaniline monooxygenase	phrase	dimethylaniline monooxygenase	2	325	24	21521	5.518205128205127	0.05044368579903899	AT1G62570, AT4G28720	True	0.14487329085762646		False		dimethylaniline monooxygenase		FMOGS-OX4, YUC8
w:dimethylaniline	word	dimethylaniline	2	325	24	21521	5.518205128205127	0.05044368579903899	AT1G62570, AT4G28720	True	0.14487329085762646		False		dimethylaniline		FMOGS-OX4, YUC8
k:Glutamine amidotransferase	keyword	Glutamine amidotransferase	2	325	24	21521	5.518205128205127	0.05044368579903899	AT1G63660, AT3G12670	True	0.14487329085762646		False		Glutamine amidotransferase		AT1G63660, emb2742
w:fidelity	word	fidelity	2	325	24	21521	5.518205128205127	0.05044368579903899	AT1G72090, AT1G79950	True	0.14487329085762646		False		fidelity		AT1G72090, RTEL1
w:cbf	word	cbf	2	325	24	21521	5.518205128205127	0.05044368579903899	AT2G17250, AT2G31180	True	0.14487329085762646		False		cbf		EMB2762, MYB14
p:nucleocytoplasmic transport	phrase	nucleocytoplasmic transport	2	325	24	21521	5.518205128205127	0.05044368579903899	AT3G16310, AT3G63130	True	0.14487329085762646		False		nucleocytoplasmic transport		NUP35, RANGAP1
p:embryo defective	phrase	embryo defective	6	325	176	21521	2.2574475524475526	0.05128921393733152	AT1G49510, AT2G17250, AT4G13750, AT5G15920, AT5G16750, AT5G62440	True	0.14694668764213778		False		embryo defective		emb1273, EMB2762, NOV, SMC5, TOZ, EMB514
p:glutathione transferase	phrase	glutathione transferase	3	325	56	21521	3.547417582417583	0.05262957421536788	AT1G17190, AT2G29440, AT2G29490	True	0.1495136357065779		False		glutathione transferase		GSTU26, GSTU6, GSTU1
w:saur	word	saur	3	325	56	21521	3.547417582417583	0.05262957421536788	AT4G34750, AT4G34760, AT4G38860	True	0.1495136357065779		False		saur		SAUR49, SAUR50, SAUR16
p:nucleic acid	phrase	nucleic acid	13	325	519	21521	1.658651252408478	0.05268815253242737	AT1G03360, AT1G79950, AT2G28450, AT2G40700, AT3G09720, AT3G11964, AT3G13700, AT3G16310, AT3G22310, AT3G62310, AT5G08620, AT5G60990, AT5G62190	True	0.1495136357065779		False		nucleic acid		RRP4, RTEL1, AT2G28450, RH17, RH57, RRP5, AT3G13700, NUP35, PMH1, AT3G62310, STRS2, RH10, PRH75
w:nucleic	word	nucleic	13	325	519	21521	1.658651252408478	0.05268815253242737	AT1G03360, AT1G79950, AT2G28450, AT2G40700, AT3G09720, AT3G11964, AT3G13700, AT3G16310, AT3G22310, AT3G62310, AT5G08620, AT5G60990, AT5G62190	True	0.1495136357065779		False		nucleic		RRP4, RTEL1, AT2G28450, RH17, RH57, RRP5, AT3G13700, NUP35, PMH1, AT3G62310, STRS2, RH10, PRH75
p:rna polymerase	phrase	rna polymerase	13	325	520	21521	1.6554615384615385	0.05333837673100734	AT1G03850, AT1G29940, AT1G60850, AT1G68990, AT1G75670, AT2G24120, AT2G34750, AT3G08030, AT3G17310, AT3G46640, AT3G57660, AT4G37790, AT5G09380	True	0.1509984046027803		False		rna polymerase		GRXS13, NRPA2, ATRPAC42, MGP3, AT1G75670, SCA3, AT2G34750, ATHA2-1, DRM3, PCL1, NRPA1, HAT22, AT5G09380
w:non‑catalytic	word	non-catalytic	2	325	25	21521	5.297476923076923	0.05429659714384333	AT1G03360, AT4G27490	True	0.1522609764245984		False		non-catalytic		RRP4, RRP41L
w:largest	word	largest	2	325	25	21521	5.297476923076923	0.05429659714384333	AT1G29940, AT3G57660	True	0.1522609764245984		False		largest		NRPA2, NRPA1
w:nucleocytoplasmic	word	nucleocytoplasmic	2	325	25	21521	5.297476923076923	0.05429659714384333	AT3G16310, AT3G63130	True	0.1522609764245984		False		nucleocytoplasmic		NUP35, RANGAP1
w:bending	word	bending	2	325	25	21521	5.297476923076923	0.05429659714384333	AT4G34760, AT4G38860	True	0.1522609764245984		False		bending		SAUR50, SAUR16
w:donor	word	donor	13	325	522	21521	1.64911877394636	0.054655254986558995	AT1G13420, AT1G55020, AT1G67110, AT3G44550, AT3G45070, AT3G50660, AT4G37410, AT5G04330, AT5G09970, AT5G42590, AT5G47990, AT5G52470, AT5G63450	True	0.15290611336239682		False		donor		ST4B, LOX1, CYP735A2, FAR5, SOT5, DWF4, CYP81F4, CYP84A4, CYP78A7, CYP71A16, CYP705A5, FIB1, CYP94B1
w:mutase	word	mutase	3	325	57	21521	3.4851821862348182	0.05495548866687661	AT1G18870, AT5G04120, AT5G48010	True	0.15338515498806643		False		mutase		ICS2, IPSP, THAS1
w:pathway	word	pathway	35	325	1757	21521	1.3190928593319033	0.056201881806316696	AT1G10470, AT1G16530, AT1G18870, AT1G19050, AT1G32640, AT1G67110, AT1G70560, AT1G74890, AT1G78580, AT2G01830, AT2G40670, AT2G41310, AT2G46310, AT3G11240, AT3G13980, AT3G48100, AT3G50660, AT3G50700, AT3G57040, AT4G15230, AT4G23750, AT4G26150, AT4G28720, AT4G33770, AT4G34590, AT4G37790, AT5G05190, AT5G13610, AT5G20270, AT5G39760, AT5G52560, AT5G56860, AT5G59010, AT5G62920, AT5G63450	True	0.15649657486583268		False		pathway		ARR4, ASL9, ICS2, ARR7, MYC2, CYP735A2, TAA1, ARR15, TPS1, WOL, RR16, RR3, CRF5, ATE2, AT3G13980, RR5, DWF4, IDD2, ARR9, ABCG30, CRF2, CGA1, YUC8, ITPK2, GBF6, HAT22, EDR4, RRL, HHP1, HB23, USP, GNC, BSK5, ARR6, CYP94B1
p:transmembrane transport	phrase	transmembrane transport	22	325	1014	21521	1.4366924594143529	0.057061030021081004	AT1G11670, AT1G72140, AT2G01830, AT2G17500, AT2G28070, AT3G05400, AT3G10960, AT3G13620, AT3G15990, AT3G20240, AT3G21670, AT3G45680, AT3G45700, AT3G45710, AT3G60070, AT4G15230, AT4G19030, AT4G24570, AT4G27970, AT5G04770, AT5G24290, AT5G38030	True	0.15851767452118065		False		transmembrane transport		DTX36, NPF5.12, WOL, PILS5, ABCG3, SUGTL5, AZG1, PUT4, SULTR3;4, AT3G20240, NPF6.4, NPF2.3, NPF2.4, NPF2.5, AT3G60070, ABCG30, NLM1, DIC2, SLAH2, CAT6, MEB2, DTX30
w:paps	word	paps	2	325	26	21521	5.093727810650887	0.058249740165778725	AT1G13420, AT3G45070	True	0.1592159564531285		False		paps		ST4B, SOT5
w:synthesiz	word	synthesiz	2	325	26	21521	5.093727810650887	0.058249740165778725	AT1G29940, AT3G57660	True	0.1592159564531285		False		synthesiz		NRPA2, NRPA1
w:alkaloid	word	alkaloid	2	325	26	21521	5.093727810650887	0.058249740165778725	AT1G58170, AT4G11190	True	0.1592159564531285		False		alkaloid		DIR19, DIR13
w:fmo	word	fmo	2	325	26	21521	5.093727810650887	0.058249740165778725	AT1G62570, AT4G28720	True	0.1592159564531285		False		fmo		FMOGS-OX4, YUC8
p:gynoecium development	phrase	gynoecium development	2	325	26	21521	5.093727810650887	0.058249740165778725	AT1G70560, AT5G62090	True	0.1592159564531285		False		gynoecium development		TAA1, SLK2
w:ran	word	ran	2	325	26	21521	5.093727810650887	0.058249740165778725	AT3G15680, AT3G63130	True	0.1592159564531285		False		ran		AT3G15680, RANGAP1
w:cooperatively	word	cooperatively	2	325	26	21521	5.093727810650887	0.058249740165778725	AT5G57280, AT5G60990	True	0.1592159564531285		False		cooperatively		RID2, RH10
w:embryonic	word	embryonic	4	325	97	21521	2.7306582077716097	0.0594721537253727	AT2G01830, AT3G07050, AT4G15230, AT5G16750	True	0.1621843825217159		False		embryonic		WOL, NSN1, ABCG30, TOZ
w:hydroxylation	word	hydroxylation	3	325	59	21521	3.3670404172099087	0.059752055516937	AT3G50660, AT4G37410, AT5G42590	True	0.16257481466736406		False		hydroxylation		DWF4, CYP81F4, CYP71A16
w:normal	word	normal	6	325	184	21521	2.1592976588628767	0.061004004901029335	AT1G03360, AT1G56350, AT1G78580, AT3G11964, AT3G17310, AT5G14520	True	0.16560219595279427		False		normal		RRP4, PRFB2, TPS1, RRP5, DRM3, PES
w:biosynthesis	word	biosynthesis	21	325	968	21521	1.4365575333757152	0.062068109080136574	AT1G28100, AT1G31860, AT1G32640, AT1G58170, AT1G67110, AT1G70560, AT1G76790, AT3G11240, AT3G50660, AT4G01950, AT4G02850, AT4G11190, AT4G26150, AT4G28720, AT4G31790, AT4G37410, AT5G04120, AT5G04330, AT5G24140, AT5G56860, AT5G60890	True	0.1675877473988949		False		biosynthesis		NDX1, AT-IE, MYC2, DIR19, CYP735A2, TAA1, IGMT5, ATE2, DWF4, GPAT3, DAAR1, DIR13, CGA1, YUC8, AT4G31790, CYP81F4, IPSP, CYP84A4, SQP2, GNC, MYB34
w:glucuronate	word	glucuronate	2	325	27	21521	4.905071225071225	0.06229922989933687	AT2G45310, AT5G52560	True	0.1675877473988949		False		glucuronate		GAE4, USP
w:separation	word	separation	2	325	27	21521	4.905071225071225	0.06229922989933687	AT3G25655, AT4G13750	True	0.1675877473988949		False		separation		IDL1, NOV
w:efficiently	word	efficiently	2	325	27	21521	4.905071225071225	0.06229922989933687	AT4G37070, AT5G11160	True	0.1675877473988949		False		efficiently		PLP1, APT5
k:Iron	keyword	Iron	17	325	750	21521	1.500951794871795	0.06383319182056885	AT1G03850, AT1G12740, AT1G55020, AT1G67110, AT1G72090, AT1G79950, AT2G14100, AT2G25160, AT2G30540, AT3G50660, AT4G37410, AT5G04330, AT5G09970, AT5G42590, AT5G47530, AT5G47990, AT5G63450	True	0.17132655773060126		False		Iron		GRXS13, CYP87A2, LOX1, CYP735A2, AT1G72090, RTEL1, CYP705A13, CYP82F1, GRXS9, DWF4, CYP81F4, CYP84A4, CYP78A7, CYP71A16, AT5G47530, CYP705A5, CYP94B1
w:regulation	word	regulation	70	325	3900	21521	1.1885364891518737	0.06422001422022801	AT1G03360, AT1G03850, AT1G04240, AT1G10470, AT1G15440, AT1G16530, AT1G18400, AT1G19050, AT1G20330, AT1G32640, AT1G69040, AT1G69530, AT1G74890, AT1G76580, AT1G78580, AT1G79950, AT2G01830, AT2G17500, AT2G17820, AT2G19540, AT2G22770, AT2G31180, AT2G33620, AT2G40360, AT2G40670, AT2G41310, AT2G42280, AT2G46310, AT2G47260, AT3G07050, AT3G11240, AT3G13980, AT3G15990, AT3G16870, AT3G19360, AT3G21270, AT3G46640, AT3G48100, AT3G49670, AT3G50700, AT3G57040, AT4G15230, AT4G18880, AT4G19030, AT4G23750, AT4G26150, AT4G26600, AT4G28720, AT4G29720, AT4G34590, AT4G34610, AT4G37790, AT5G05190, AT5G05860, AT5G11420, AT5G13180, AT5G13610, AT5G14520, AT5G16750, AT5G20270, AT5G39760, AT5G50915, AT5G56860, AT5G59450, AT5G60890, AT5G62090, AT5G62440, AT5G62920, AT5G64620, AT5G65640	True	0.17197656961227725		False		regulation		RRP4, GRXS13, SHY2, ARR4, PWP2, ASL9, BEE1, ARR7, SMT2, MYC2, ACR4, EXPA1, ARR15, SPL16, TPS1, RTEL1, WOL, PILS5, HK1, HTD1, NAI1, MYB14, AHL10, BOP1, RR16, RR3, FBH4, CRF5, WRKY23, NSN1, ATE2, AT3G13980, SULTR3;4, GATA17, AT3G19360, DOF2, PCL1, RR5, BAM2, IDD2, ARR9, ABCG30, HSFA4A, NLM1, CRF2, CGA1, NOP2B, YUC8, PAO5, GBF6, BLH6, HAT22, EDR4, UGT76C2, AT5G11420, NAC083, RRL, PES, TOZ, HHP1, HB23, BHLH137, GNC, SCL11, MYB34, SLK2, EMB514, ARR6, C/VIF2, bHLH093
w:group	word	group	6	325	187	21521	2.124656519950638	0.06491007124697856	AT1G10490, AT2G01830, AT2G17820, AT2G39020, AT3G50300, AT5G52560	True	0.17343387575878091		False		group		AT1G10490, WOL, HK1, GNAT8, AT3G50300, USP
p:adenylyl sulfate	phrase	adenylyl sulfate	2	325	28	21521	4.7298901098901105	0.0664412752161468	AT1G13420, AT3G45070	True	0.17555261384888565		False		adenylyl sulfate		ST4B, SOT5
w:shade	word	shade	2	325	28	21521	4.7298901098901105	0.0664412752161468	AT1G18400, AT1G70560	True	0.17555261384888565		False		shade		BEE1, TAA1
p:shade avoidance	phrase	shade avoidance	2	325	28	21521	4.7298901098901105	0.0664412752161468	AT1G18400, AT1G70560	True	0.17555261384888565		False		shade avoidance		BEE1, TAA1
w:survival	word	survival	2	325	28	21521	4.7298901098901105	0.0664412752161468	AT2G40360, AT5G14520	True	0.17555261384888565		False		survival		BOP1, PES
w:chloride	word	chloride	2	325	28	21521	4.7298901098901105	0.0664412752161468	AT3G45700, AT3G45710	True	0.17555261384888565		False		chloride		NPF2.4, NPF2.5
w:jasmonate	word	jasmonate	4	325	101	21521	2.6225133282559026	0.06695775360010048	AT1G32640, AT1G55020, AT3G11240, AT5G63450	True	0.17652498676390127		False		jasmonate		MYC2, LOX1, ATE2, CYP94B1
w:developmental	word	developmental	8	325	284	21521	1.865308775731311	0.06741783513616109	AT1G70560, AT1G78580, AT2G01830, AT2G34260, AT3G07050, AT3G55510, AT3G61640, AT5G11420	True	0.17734470348870696		False		developmental		TAA1, TPS1, WOL, WDR55, NSN1, RBL, AGP20, AT5G11420
p:large ribosomal	phrase	large ribosomal	6	325	189	21521	2.1021733821733823	0.06759391281256712	AT1G14620, AT1G15250, AT2G40360, AT4G21140, AT5G14520, AT5G15550	True	0.1774153693910426		False		large ribosomal		DECOY, RPL37A, BOP1, AT4G21140, PES, WDR12
w:export	word	export	7	325	237	21521	1.9558195391106783	0.06896791495404218	AT1G11670, AT1G69070, AT2G17250, AT2G17500, AT4G15230, AT5G38030, AT5G57280	True	0.18062301956025587		False		export		DTX36, AT1G69070, EMB2762, PILS5, ABCG30, DTX30, RID2
w:nuclear	word	nuclear	16	325	704	21521	1.504965034965035	0.06939203203983214	AT1G29940, AT1G31660, AT1G69070, AT2G17250, AT2G17500, AT2G24120, AT2G33620, AT3G07860, AT3G16310, AT3G17310, AT3G57660, AT3G63130, AT4G05410, AT5G41190, AT5G61310, AT5G62440	True	0.1807079963950961		False		nuclear		NRPA2, ENP1, AT1G69070, EMB2762, PILS5, SCA3, AHL10, SNRNP25, NUP35, DRM3, NRPA1, RANGAP1, YAO, NOB1, AT5G61310, EMB514
w:responsive	word	responsive	14	325	596	21521	1.555467217346412	0.06954097005610559	AT1G04240, AT1G58170, AT2G46310, AT2G47260, AT3G30775, AT4G11190, AT4G23750, AT4G26150, AT4G34590, AT4G34750, AT4G34760, AT4G38860, AT5G13180, AT5G47530	True	0.1807079963950961		False		responsive		SHY2, DIR19, CRF5, WRKY23, ERD5, DIR13, CRF2, CGA1, GBF6, SAUR49, SAUR50, SAUR16, NAC083, AT5G47530
p:pattern specification	phrase	pattern specification	2	325	29	21521	4.566790450928382	0.07067217689126971	AT1G20330, AT5G16750	True	0.1807079963950961		False		pattern specification		SMT2, TOZ
k:Auxin biosynthesis	keyword	Auxin biosynthesis	2	325	29	21521	4.566790450928382	0.07067217689126971	AT1G70560, AT4G28720	True	0.1807079963950961		False		Auxin biosynthesis		TAA1, YUC8
w:trehalose	word	trehalose	2	325	29	21521	4.566790450928382	0.07067217689126971	AT1G78580, AT4G34590	True	0.1807079963950961		False		trehalose		TPS1, GBF6
w:undergoe	word	undergoe	2	325	29	21521	4.566790450928382	0.07067217689126971	AT2G01830, AT2G17820	True	0.1807079963950961		False		undergoe		WOL, HK1
w:callus	word	callus	2	325	29	21521	4.566790450928382	0.07067217689126971	AT2G47260, AT5G57280	True	0.1807079963950961		False		callus		WRKY23, RID2
p:cation symporter	phrase	cation symporter	2	325	29	21521	4.566790450928382	0.07067217689126971	AT3G10960, AT3G13620	True	0.1807079963950961		False		cation symporter		AZG1, PUT4
w:inactivation	word	inactivation	2	325	29	21521	4.566790450928382	0.07067217689126971	AT4G22570, AT5G11160	True	0.1807079963950961		False		inactivation		APT3, APT5
p:myo inositol	phrase	myo inositol	2	325	29	21521	4.566790450928382	0.07067217689126971	AT4G34590, AT5G52560	True	0.1807079963950961		False		myo inositol		GBF6, USP
w:myo	word	myo	2	325	29	21521	4.566790450928382	0.07067217689126971	AT4G34590, AT5G52560	True	0.1807079963950961		False		myo		GBF6, USP
p:abscisic acid	phrase	abscisic acid	16	325	707	21521	1.4985790447176588	0.07145063995265653	AT1G13740, AT1G32640, AT1G55020, AT2G01830, AT2G17820, AT2G38750, AT3G11240, AT3G29575, AT4G15230, AT4G27490, AT4G37790, AT4G38860, AT5G13180, AT5G13610, AT5G20270, AT5G59010	True	0.1823064611667567		False		abscisic acid		AFP2, MYC2, LOX1, WOL, HK1, ANNAT4, ATE2, AFP3, ABCG30, RRP41L, HAT22, SAUR16, NAC083, RRL, HHP1, BSK5
w:abscisic	word	abscisic	16	325	708	21521	1.4964624076488484	0.07214582351978831	AT1G13740, AT1G32640, AT1G55020, AT2G01830, AT2G17820, AT2G38750, AT3G11240, AT3G29575, AT4G15230, AT4G27490, AT4G37790, AT4G38860, AT5G13180, AT5G13610, AT5G20270, AT5G59010	True	0.18368604746258738		False		abscisic		AFP2, MYC2, LOX1, WOL, HK1, ANNAT4, ATE2, AFP3, ABCG30, RRP41L, HAT22, SAUR16, NAC083, RRL, HHP1, BSK5
p:vascular tissue	phrase	vascular tissue	3	325	64	21521	3.103990384615385	0.07256267821044161	AT1G70560, AT2G01830, AT4G13750	True	0.1843526162226818		False		vascular tissue		TAA1, WOL, NOV
w:defective	word	defective	8	325	289	21521	1.8330369976044716	0.0729571141758919	AT1G49510, AT1G68990, AT2G17250, AT4G13750, AT5G15920, AT5G16750, AT5G57280, AT5G62440	True	0.18480770926107748		False		defective		emb1273, MGP3, EMB2762, NOV, SMC5, TOZ, RID2, EMB514
w:metabolic	word	metabolic	30	325	1505	21521	1.3199693329925888	0.07305266892574132	AT1G10490, AT1G17190, AT1G18400, AT1G60260, AT1G64390, AT1G69040, AT1G73300, AT1G75450, AT1G78580, AT2G25150, AT2G29440, AT2G29490, AT2G36870, AT2G44460, AT3G15720, AT3G45070, AT4G20020, AT4G29740, AT4G33770, AT4G34590, AT4G37070, AT4G37410, AT5G05860, AT5G11420, AT5G42590, AT5G47990, AT5G48010, AT5G52560, AT5G62190, AT5G63450	True	0.18480770926107748		False		metabolic		AT1G10490, GSTU26, BEE1, BGLU5, GH9C2, ACR4, scpl2, CKX5, TPS1, SCT, GSTU6, GSTU1, XTH32, BGLU28, AT3G15720, SOT5, MORF1, CKX4, ITPK2, GBF6, PLP1, CYP81F4, UGT76C2, AT5G11420, CYP71A16, CYP705A5, THAS1, USP, PRH75, CYP94B1
w:organ	word	organ	10	325	391	21521	1.693566791265001	0.07412538597933681	AT1G55020, AT1G75450, AT3G07050, AT3G25655, AT3G28180, AT3G49670, AT4G26150, AT5G09970, AT5G56860, AT5G62090	True	0.18712332044465277		False		organ		LOX1, CKX5, NSN1, IDL1, CSLC04, BAM2, CGA1, CYP78A7, GNC, SLK2
w:common	word	common	2	325	30	21521	4.4145641025641025	0.07498832570621015	AT1G32640, AT4G22380	True	0.18878674812039234		False		common		MYC2, AT4G22380
w:senescence	word	senescence	7	325	242	21521	1.9154100445009536	0.07520180794776832	AT1G55020, AT2G01830, AT3G07050, AT3G22660, AT4G26150, AT5G13180, AT5G56860	True	0.18878674812039234		False		senescence		LOX1, WOL, NSN1, EBP2, CGA1, NAC083, GNC
p:linked oxidoreductase	phrase	linked oxidoreductase	3	325	65	21521	3.056236686390533	0.0752606548436215	AT1G75450, AT4G29740, AT5G67220	True	0.18878674812039234		False		linked oxidoreductase		CKX5, CKX4, AT5G67220
k:Secreted	keyword	Secreted	21	325	992	21521	1.4018021091811415	0.07571446228747157	AT1G26770, AT1G58170, AT1G64390, AT1G69530, AT1G73300, AT1G75450, AT1G78580, AT2G03090, AT2G34510, AT2G36870, AT2G39700, AT3G03220, AT3G08030, AT3G15720, AT3G25655, AT3G45960, AT4G11190, AT4G29740, AT5G11420, AT5G14650, AT5G45950	True	0.18952525402063936		False		Secreted		EXPA10, DIR19, GH9C2, EXPA1, scpl2, CKX5, TPS1, EXPA15, ATHB-1, XTH32, EXPA4, EXPA13, ATHA2-1, AT3G15720, IDL1, EXLA3, DIR13, CKX4, AT5G11420, AT5G14650, AT5G45950
w:size	word	size	4	325	106	21521	2.4988098693759073	0.07696697533291716	AT1G04240, AT1G75450, AT2G01830, AT3G49670	True	0.19214580131017325		False		size		SHY2, CKX5, WOL, BAM2
w:division	word	division	10	325	394	21521	1.6806716126513082	0.07708456452897615	AT1G78580, AT2G01830, AT2G40360, AT3G49670, AT3G63130, AT4G05410, AT4G26150, AT5G16750, AT5G56860, AT5G62440	True	0.19214580131017325		False		division		TPS1, WOL, BOP1, BAM2, RANGAP1, YAO, CGA1, TOZ, GNC, EMB514
k:Detoxification	keyword	Detoxification	3	325	66	21521	3.0099300699300704	0.07800250637053051	AT1G17190, AT2G29440, AT2G29490	True	0.19362208783833146		False		Detoxification		GSTU26, GSTU6, GSTU1
p:post‑embryonic development	phrase	post-embryonic development	3	325	66	21521	3.0099300699300704	0.07800250637053051	AT1G55020, AT4G15230, AT5G09970	True	0.19362208783833146		False		post-embryonic development		LOX1, ABCG30, CYP78A7
w:reduction	word	reduction	9	325	344	21521	1.732459749552773	0.07836394085037886	AT1G67110, AT3G44550, AT3G50660, AT4G37410, AT5G04330, AT5G09970, AT5G42590, AT5G47990, AT5G63450	True	0.19411401181479263		False		reduction		CYP735A2, FAR5, DWF4, CYP81F4, CYP84A4, CYP78A7, CYP71A16, CYP705A5, CYP94B1
p:asymmetric leave	phrase	asymmetric leave	2	325	31	21521	4.2721588089330025	0.07938620058798075	AT1G16530, AT5G60990	True	0.19583027489441726		False		asymmetric leave		ASL9, RH10
w:gynoecium	word	gynoecium	2	325	31	21521	4.2721588089330025	0.07938620058798075	AT1G70560, AT5G62090	True	0.19583027489441726		False		gynoecium		TAA1, SLK2
w:site	word	site	10	325	399	21521	1.6596105648737227	0.08217804626038773	AT1G09810, AT1G10490, AT1G32640, AT3G46640, AT3G57660, AT3G63130, AT4G20020, AT5G39760, AT5G41190, AT5G52470	True	0.2022562963603715		False		site		ECT11, AT1G10490, MYC2, PCL1, NRPA1, RANGAP1, MORF1, HB23, NOB1, FIB1
w:transferase	word	transferase	20	325	946	21521	1.399967474386079	0.0824369414352579	AT1G04360, AT1G17190, AT2G01830, AT2G17820, AT2G18670, AT2G25150, AT2G29440, AT2G29490, AT2G36870, AT2G40230, AT3G11240, AT3G50300, AT4G22570, AT4G37070, AT5G05860, AT5G37890, AT5G39080, AT5G47980, AT5G48010, AT5G52560	True	0.2022562963603715		False		transferase		ATL1, GSTU26, WOL, HK1, ATL56, SCT, GSTU6, GSTU1, XTH32, AT2G40230, ATE2, AT3G50300, APT3, PLP1, UGT76C2, AT5G37890, MXF12.90, BAHD1, THAS1, USP
w:root	word	root	21	325	1003	21521	1.386428407086433	0.08260173252773789	AT1G04240, AT1G16530, AT1G32640, AT1G55020, AT1G70560, AT1G78580, AT1G79950, AT2G01830, AT2G17500, AT3G44550, AT4G13750, AT4G15230, AT4G23750, AT4G28720, AT4G37070, AT5G13610, AT5G14520, AT5G47530, AT5G47990, AT5G48010, AT5G57280	True	0.2022562963603715		False		root		SHY2, ASL9, MYC2, LOX1, TAA1, TPS1, RTEL1, WOL, PILS5, FAR5, NOV, ABCG30, CRF2, YUC8, PLP1, RRL, PES, AT5G47530, CYP705A5, THAS1, RID2
w:inducible	word	inducible	4	325	109	21521	2.4300352858151024	0.08331237308319607	AT1G32640, AT2G19540, AT5G49480, AT5G56860	True	0.2022562963603715		False		inducible		MYC2, HTD1, CP1, GNC
w:ovule	word	ovule	4	325	109	21521	2.4300352858151024	0.08331237308319607	AT1G68990, AT1G75450, AT3G49670, AT5G62090	True	0.2022562963603715		False		ovule		MGP3, CKX5, BAM2, SLK2
p:mitochondrial inner	phrase	mitochondrial inner	6	325	200	21521	1.9865538461538463	0.08349176905155589	AT1G61570, AT2G19080, AT2G40090, AT3G20240, AT4G24570, AT5G61310	True	0.2022562963603715		False		mitochondrial inner		TIM13, MTX1, ATH9, AT3G20240, DIC2, AT5G61310
w:heme	word	heme	8	325	298	21521	1.7776768198244708	0.08360522306277018	AT1G67110, AT3G50660, AT4G37410, AT5G04330, AT5G09970, AT5G42590, AT5G47990, AT5G63450	True	0.2022562963603715		False		heme		CYP735A2, DWF4, CYP81F4, CYP84A4, CYP78A7, CYP71A16, CYP705A5, CYP94B1
w:provide	word	provide	3	325	68	21521	2.921402714932127	0.08361531099074251	AT3G44550, AT4G34760, AT4G38860	True	0.2022562963603715		False		provide		FAR5, SAUR50, SAUR16
w:adenylyl	word	adenylyl	2	325	32	21521	4.138653846153846	0.08386236678356868	AT1G13420, AT3G45070	True	0.2022562963603715		False		adenylyl		ST4B, SOT5
w:yielding	word	yielding	2	325	32	21521	4.138653846153846	0.08386236678356868	AT1G58170, AT4G11190	True	0.2022562963603715		False		yielding		DIR19, DIR13
p:male gametophyte	phrase	male gametophyte	2	325	32	21521	4.138653846153846	0.08386236678356868	AT1G68990, AT3G49670	True	0.2022562963603715		False		male gametophyte		MGP3, BAM2
w:endonuclease	word	endonuclease	4	325	110	21521	2.407944055944056	0.08548300610793909	AT1G52160, AT3G61100, AT4G30760, AT5G41190	True	0.20536842536306132		False		endonuclease		TRZ3, AT3G61100, AT4G30760, NOB1
k:Transferase	keyword	Transferase	54	325	2977	21521	1.2011410557866722	0.0856906511701093	AT1G04360, AT1G04870, AT1G10490, AT1G13420, AT1G17190, AT1G20330, AT1G29940, AT1G68990, AT1G70560, AT1G72090, AT1G75440, AT1G76790, AT1G78580, AT2G01830, AT2G17820, AT2G18670, AT2G19670, AT2G22930, AT2G24120, AT2G25150, AT2G28450, AT2G29440, AT2G29490, AT2G36870, AT2G39020, AT2G40230, AT2G43200, AT3G11240, AT3G17310, AT3G28180, AT3G45070, AT3G49670, AT3G50300, AT3G57000, AT3G57660, AT4G01950, AT4G22570, AT4G26600, AT4G29510, AT4G31790, AT4G33770, AT4G35150, AT5G05860, AT5G11160, AT5G24840, AT5G37890, AT5G39080, AT5G40540, AT5G47980, AT5G52470, AT5G52560, AT5G57280, AT5G59010, AT5G65860	True	0.20536842536306132		False		Transferase		ATL1, PRMT10, AT1G10490, ST4B, GSTU26, SMT2, NRPA2, MGP3, TAA1, AT1G72090, UBC16, IGMT5, TPS1, WOL, HK1, ATL56, PRMT1A, UGT79B8, SCA3, SCT, AT2G28450, GSTU6, GSTU1, XTH32, GNAT8, AT2G40230, AT2G43200, ATE2, DRM3, CSLC04, SOT5, BAM2, AT3G50300, AT3G57000, NRPA1, GPAT3, APT3, NOP2B, PRMT11, AT4G31790, ITPK2, AT4G35150, UGT76C2, APT5, AT5G24840, AT5G37890, MXF12.90, MNF13.60, BAHD1, FIB1, USP, RID2, BSK5, AT5G65860
w:target	word	target	13	325	562	21521	1.5317437722419929	0.08574697271061953	AT1G10470, AT1G19050, AT1G74890, AT2G40670, AT2G41310, AT3G48100, AT3G57040, AT4G31790, AT4G34590, AT5G06000, AT5G37890, AT5G62920, AT5G65860	True	0.20536842536306132		False		target		ARR4, ARR7, ARR15, RR16, RR3, RR5, ARR9, AT4G31790, GBF6, EIF3G2, AT5G37890, ARR6, AT5G65860
w:acyltransferase	word	acyltransferase	7	325	250	21521	1.8541169230769232	0.08584365635445036	AT1G10490, AT2G25150, AT2G39020, AT2G40230, AT3G50300, AT4G01950, AT5G47980	True	0.20536842536306132		False		acyltransferase		AT1G10490, SCT, GNAT8, AT2G40230, AT3G50300, GPAT3, BAHD1
p:water deprivation	phrase	water deprivation	10	325	403	21521	1.6431380034357703	0.08639845676521624	AT1G13740, AT2G01830, AT2G17820, AT2G38750, AT2G38760, AT3G22310, AT3G30775, AT4G37790, AT5G05860, AT5G08620	True	0.20628065279887975		False		water deprivation		AFP2, WOL, HK1, ANNAT4, ANNAT3, PMH1, ERD5, HAT22, UGT76C2, STRS2
k:Nuclease	keyword	Nuclease	5	325	156	21521	2.1223865877712034	0.08815512658871487	AT1G52160, AT3G46210, AT3G61100, AT4G30760, AT5G41190	True	0.21005299702200797		False		Nuclease		TRZ3, RRP46, AT3G61100, AT4G30760, NOB1
w:acidification	word	acidification	2	325	33	21521	4.013240093240094	0.08841347406916576	AT4G34760, AT4G38860	True	0.21024724133647618		False		acidification		SAUR50, SAUR16
p:meristem identity	phrase	meristem identity	3	325	70	21521	2.837934065934066	0.08939594368685662	AT1G70560, AT3G07050, AT5G57280	True	0.21173660765671817		False		meristem identity		TAA1, NSN1, RID2
w:branch	word	branch	3	325	70	21521	2.837934065934066	0.08939594368685662	AT1G70560, AT4G34760, AT4G38860	True	0.21173660765671817		False		branch		TAA1, SAUR50, SAUR16
w:dependent	word	dependent	46	325	2501	21521	1.2179325192999721	0.09127145129079216	AT1G20330, AT1G29940, AT1G32640, AT1G67110, AT1G68990, AT1G72140, AT1G75440, AT1G75450, AT1G75670, AT1G79950, AT2G01830, AT2G17820, AT2G24120, AT2G38750, AT2G38760, AT2G40700, AT2G43200, AT2G45310, AT3G09720, AT3G11240, AT3G12670, AT3G17310, AT3G21670, AT3G22310, AT3G45680, AT3G45700, AT3G45710, AT3G55510, AT3G57010, AT3G57660, AT3G62310, AT4G13750, AT4G26150, AT4G26600, AT4G27970, AT4G29740, AT4G31790, AT4G35150, AT5G08620, AT5G37890, AT5G52470, AT5G56860, AT5G57280, AT5G60990, AT5G62190, AT5G65860	True	0.21550158793440524		False		dependent		SMT2, NRPA2, MYC2, CYP735A2, MGP3, NPF5.12, UBC16, CKX5, AT1G75670, RTEL1, WOL, HK1, SCA3, ANNAT4, ANNAT3, RH17, AT2G43200, GAE4, RH57, ATE2, emb2742, DRM3, NPF6.4, PMH1, NPF2.3, NPF2.4, NPF2.5, RBL, SSL8, NRPA1, AT3G62310, NOV, CGA1, NOP2B, SLAH2, CKX4, AT4G31790, AT4G35150, STRS2, AT5G37890, FIB1, GNC, RID2, RH10, PRH75, AT5G65860
p:osmotic stress	phrase	osmotic stress	6	325	205	21521	1.9381013133208258	0.09134802381744343	AT2G01830, AT2G17820, AT2G38750, AT3G30775, AT5G20270, AT5G62090	True	0.21550158793440524		False		osmotic stress		WOL, HK1, ANNAT4, ERD5, HHP1, SLK2
w:exonuclease	word	exonuclease	3	325	71	21521	2.7979631635969664	0.09234754585051656	AT1G03360, AT3G46210, AT4G27490	True	0.21647770486753293		False		exonuclease		RRP4, RRP46, RRP41L
w:toxin	word	toxin	3	325	71	21521	2.7979631635969664	0.09234754585051656	AT1G17190, AT2G29440, AT2G29490	True	0.21647770486753293		False		toxin		GSTU26, GSTU6, GSTU1
w:full	word	full	2	325	34	21521	3.895203619909502	0.09303625499353181	AT1G10490, AT5G57280	True	0.21647770486753293		False		full		AT1G10490, RID2
w:meristematic	word	meristematic	2	325	34	21521	3.895203619909502	0.09303625499353181	AT2G01830, AT5G62090	True	0.21647770486753293		False		meristematic		WOL, SLK2
w:range	word	range	2	325	34	21521	3.895203619909502	0.09303625499353181	AT4G24570, AT5G52560	True	0.21647770486753293		False		range		DIC2, USP
w:alkaline	word	alkaline	2	325	34	21521	3.895203619909502	0.09303625499353181	AT4G29690, AT4G29700	True	0.21647770486753293		False		alkaline		AT4G29690, AT4G29700
w:knox	word	knox	2	325	34	21521	3.895203619909502	0.09303625499353181	AT5G57280, AT5G60990	True	0.21647770486753293		False		knox		RID2, RH10
k:Cell wall biogenesis/degradation	keyword	Cell wall biogenesis/degradation	10	325	410	21521	1.6150844277673548	0.09409578051692077	AT1G26770, AT1G64390, AT1G69530, AT2G03090, AT2G36870, AT2G39700, AT3G03220, AT3G15720, AT3G28180, AT5G14650	True	0.21851539655198984		False		Cell wall biogenesis/degradation		EXPA10, GH9C2, EXPA1, EXPA15, XTH32, EXPA4, EXPA13, AT3G15720, CSLC04, AT5G14650
w:deprivation	word	deprivation	10	325	411	21521	1.611154781957702	0.09522774024928106	AT1G13740, AT2G01830, AT2G17820, AT2G38750, AT2G38760, AT3G22310, AT3G30775, AT4G37790, AT5G05860, AT5G08620	True	0.22071302759531225		False		deprivation		AFP2, WOL, HK1, ANNAT4, ANNAT3, PMH1, ERD5, HAT22, UGT76C2, STRS2
w:independent	word	independent	5	325	160	21521	2.069326923076923	0.09563105380267103	AT1G76790, AT3G25655, AT4G35150, AT5G04120, AT5G57280	True	0.22121658165637328		False		independent		IGMT5, IDL1, AT4G35150, IPSP, RID2
w:shoot	word	shoot	8	325	308	21521	1.71996003996004	0.09645572116095086	AT1G55020, AT1G70560, AT2G01830, AT3G11240, AT4G13750, AT5G09970, AT5G57280, AT5G60990	True	0.222690975651205		False		shoot		LOX1, TAA1, WOL, ATE2, NOV, CYP78A7, RID2, RH10
w:response	word	response	75	325	4315	21521	1.1509581959176398	0.09766702909139885	AT1G03850, AT1G04240, AT1G10470, AT1G13420, AT1G13740, AT1G15440, AT1G17190, AT1G19050, AT1G32640, AT1G49510, AT1G55020, AT1G56350, AT1G69040, AT1G69530, AT1G70560, AT1G72140, AT1G74890, AT2G01830, AT2G17500, AT2G17820, AT2G18670, AT2G19540, AT2G21195, AT2G31180, AT2G38750, AT2G38760, AT2G40670, AT2G40700, AT2G41310, AT2G42280, AT2G46310, AT2G47260, AT3G11240, AT3G21110, AT3G22310, AT3G29575, AT3G30775, AT3G44320, AT3G44550, AT3G45680, AT3G45710, AT3G48100, AT3G50660, AT3G57040, AT4G18880, AT4G19030, AT4G23750, AT4G24570, AT4G26150, AT4G28720, AT4G29720, AT4G34590, AT4G34760, AT4G37790, AT4G38860, AT5G04770, AT5G05190, AT5G05860, AT5G08620, AT5G13180, AT5G20270, AT5G24140, AT5G24290, AT5G37890, AT5G38030, AT5G39760, AT5G48010, AT5G49480, AT5G50915, AT5G56860, AT5G59010, AT5G60890, AT5G62090, AT5G62920, AT5G63450	True	0.22432051164313907		False		response		GRXS13, SHY2, ARR4, ST4B, AFP2, PWP2, GSTU26, ARR7, MYC2, emb1273, LOX1, PRFB2, ACR4, EXPA1, TAA1, NPF5.12, ARR15, WOL, PILS5, HK1, ATL56, HTD1, AT2G21195, MYB14, ANNAT4, ANNAT3, RR16, RH17, RR3, FBH4, CRF5, WRKY23, ATE2, PUR7, PMH1, AFP3, ERD5, NIT3, FAR5, NPF2.3, NPF2.5, RR5, DWF4, ARR9, HSFA4A, NLM1, CRF2, DIC2, CGA1, YUC8, PAO5, GBF6, SAUR50, HAT22, SAUR16, CAT6, EDR4, UGT76C2, STRS2, NAC083, HHP1, SQP2, MEB2, AT5G37890, DTX30, HB23, THAS1, CP1, BHLH137, GNC, BSK5, MYB34, SLK2, ARR6, CYP94B1
p:coniferyl alcohol	phrase	coniferyl alcohol	2	325	35	21521	3.7839120879120878	0.09772752315487472	AT1G58170, AT4G11190	True	0.22432051164313907		False		coniferyl alcohol		DIR19, DIR13
w:phytohormone	word	phytohormone	2	325	35	21521	3.7839120879120878	0.09772752315487472	AT3G11240, AT5G63450	True	0.22432051164313907		False		phytohormone		ATE2, CYP94B1
w:mature	word	mature	3	325	73	21521	2.721306638566913	0.0983699517481794	AT1G29940, AT3G04770, AT5G41190	True	0.22536006286817978		False		mature		NRPA2, RPSAb, NOB1
w:lateral	word	lateral	7	325	259	21521	1.7896881496881496	0.09878989233067732	AT1G04240, AT1G32640, AT1G55020, AT2G01830, AT2G17500, AT4G37070, AT5G57280	True	0.2258868884253372		False		lateral		SHY2, MYC2, LOX1, WOL, PILS5, PLP1, RID2
w:specification	word	specification	5	325	162	21521	2.0437796771130103	0.09948648684428499	AT1G20330, AT3G07050, AT3G49670, AT4G13750, AT5G16750	True	0.22704305730874252		False		specification		SMT2, NSN1, BAM2, NOV, TOZ
w:system	word	system	11	325	469	21521	1.5530982450385435	0.10049061986842855	AT1G10470, AT1G19050, AT1G70560, AT1G74890, AT2G01830, AT2G17820, AT2G40670, AT2G41310, AT3G48100, AT3G57040, AT5G62920	True	0.2288953008114206		False		system		ARR4, ARR7, TAA1, ARR15, WOL, HK1, RR16, RR3, RR5, ARR9, ARR6
w:phenylalanine	word	phenylalanine	2	325	36	21521	3.678803418803419	0.10248417151064065	AT1G18870, AT1G70560	True	0.23254519069876287		False		phenylalanine		ICS2, TAA1
w:desiccation	word	desiccation	2	325	36	21521	3.678803418803419	0.10248417151064065	AT1G32640, AT2G17820	True	0.23254519069876287		False		desiccation		MYC2, HK1
w:synthase	word	synthase	15	325	692	21521	1.4353712761227213	0.10379476431807136	AT1G18870, AT1G63660, AT1G78580, AT2G41290, AT3G12670, AT3G21110, AT3G28180, AT3G50660, AT3G55010, AT3G57010, AT4G26150, AT4G31790, AT5G48010, AT5G56860, AT5G67220	True	0.23468614236255553		False		synthase		ICS2, AT1G63660, TPS1, SSL2, emb2742, PUR7, CSLC04, DWF4, PUR5, SSL8, CGA1, AT4G31790, THAS1, GNC, AT5G67220
w:amino	word	amino	11	325	472	21521	1.5432268578878747	0.10382246499806914	AT1G10490, AT1G69040, AT2G39020, AT2G39130, AT3G13620, AT3G50300, AT4G29720, AT4G34590, AT5G02180, AT5G04770, AT5G63450	True	0.23468614236255553		False		amino		AT1G10490, ACR4, GNAT8, AVT1C, PUT4, AT3G50300, PAO5, GBF6, AVT1D, CAT6, CYP94B1
w:coupling	word	coupling	2	325	37	21521	3.579376299376299	0.10730317071961679	AT1G58170, AT4G11190	True	0.24072352827476295		False		coupling		DIR19, DIR13
w:monosaccharide	word	monosaccharide	2	325	37	21521	3.579376299376299	0.10730317071961679	AT2G45310, AT5G52560	True	0.24072352827476295		False		monosaccharide		GAE4, USP
w:flavonol	word	flavonol	2	325	37	21521	3.579376299376299	0.10730317071961679	AT3G45070, AT5G47990	True	0.24072352827476295		False		flavonol		SOT5, CYP705A5
w:support	word	support	2	325	37	21521	3.579376299376299	0.10730317071961679	AT5G57280, AT5G62090	True	0.24072352827476295		False		support		RID2, SLK2
w:cold	word	cold	10	325	422	21521	1.569157856361648	0.10821058860364488	AT1G17190, AT2G31180, AT2G38750, AT2G38760, AT3G22310, AT4G29720, AT5G08620, AT5G13180, AT5G20270, AT5G59010	True	0.24230205244770953		False		cold		GSTU26, MYB14, ANNAT4, ANNAT3, PMH1, PAO5, STRS2, NAC083, HHP1, BSK5
w:core	word	core	8	325	317	21521	1.6711283669012376	0.1089287643478458	AT1G29940, AT2G01830, AT2G17820, AT2G34750, AT3G21270, AT3G46640, AT3G57660, AT5G15920	True	0.24345169325110652		False		core		NRPA2, WOL, HK1, AT2G34750, DOF2, PCL1, NRPA1, SMC5
w:indoleacetic	word	indoleacetic	2	325	38	21521	3.485182186234818	0.11218156751576261	AT1G04240, AT1G70560	True	0.24838712062614848		False		indoleacetic		SHY2, TAA1
p:indoleacetic acid	phrase	indoleacetic acid	2	325	38	21521	3.485182186234818	0.11218156751576261	AT1G04240, AT1G70560	True	0.24838712062614848		False		indoleacetic acid		SHY2, TAA1
p:multidimensional cell	phrase	multidimensional cell	2	325	38	21521	3.485182186234818	0.11218156751576261	AT1G20330, AT1G69530	True	0.24838712062614848		False		multidimensional cell		SMT2, EXPA1
w:multidimensional	word	multidimensional	2	325	38	21521	3.485182186234818	0.11218156751576261	AT1G20330, AT1G69530	True	0.24838712062614848		False		multidimensional		SMT2, EXPA1
w:coniferyl	word	coniferyl	2	325	38	21521	3.485182186234818	0.11218156751576261	AT1G58170, AT4G11190	True	0.24838712062614848		False		coniferyl		DIR19, DIR13
k:rRNA-binding	keyword	rRNA-binding	3	325	78	21521	2.546863905325444	0.1140890949339404	AT1G15250, AT3G57000, AT5G15750	True	0.25167334670956426		False		rRNA-binding		RPL37A, AT3G57000, AT5G15750
w:phenylpropanoid	word	phenylpropanoid	3	325	78	21521	2.546863905325444	0.1140890949339404	AT1G18400, AT1G58170, AT4G11190	True	0.25167334670956426		False		phenylpropanoid		BEE1, DIR19, DIR13
w:finger	word	finger	14	325	648	21521	1.4306457739791072	0.11539346007636464	AT1G04360, AT2G18670, AT2G28450, AT2G36930, AT3G15680, AT3G16870, AT3G19360, AT3G21270, AT3G50700, AT4G02220, AT4G26150, AT4G35510, AT5G39760, AT5G56860	True	0.25407930376073623		False		finger		ATL1, ATL56, AT2G28450, AT2G36930, AT3G15680, GATA17, AT3G19360, DOF2, IDD2, AT4G02220, CGA1, AT4G35510, HB23, GNC
p:transcriptional activator	phrase	transcriptional activator	7	325	270	21521	1.7167749287749288	0.11598571598722034	AT1G32640, AT2G46310, AT3G50700, AT4G18880, AT4G23750, AT5G13180, AT5G60890	True	0.2549113055615619		False		transcriptional activator		MYC2, CRF5, IDD2, HSFA4A, CRF2, NAC083, MYB34
w:traf	word	traf	2	325	39	21521	3.3958185404339254	0.11711648311319295	AT1G58270, AT5G37890	True	0.25665221579143704		False		traf		ZW9, AT5G37890
w:osmotic	word	osmotic	6	325	220	21521	1.805958041958042	0.11720954850693886	AT2G01830, AT2G17820, AT2G38750, AT3G30775, AT5G20270, AT5G62090	True	0.25665221579143704		False		osmotic		WOL, HK1, ANNAT4, ERD5, HHP1, SLK2
w:sucrose	word	sucrose	5	325	172	21521	1.924955277280859	0.11990120290620797	AT1G15440, AT1G78580, AT2G01830, AT4G34590, AT5G20270	True	0.261582624321984		False		sucrose		PWP2, TPS1, WOL, GBF6, HHP1
w:fusion	word	fusion	5	325	172	21521	1.924955277280859	0.11990120290620797	AT1G26770, AT1G69530, AT2G03090, AT2G34260, AT2G39700	True	0.261582624321984		False		fusion		EXPA10, EXPA1, EXPA15, WDR55, EXPA4
k:Iron-sulfur	keyword	Iron-sulfur	4	325	125	21521	2.1189907692307695	0.12119846335021289	AT1G03850, AT1G72090, AT1G79950, AT2G30540	True	0.2639285218377347		False		Iron-sulfur		GRXS13, AT1G72090, RTEL1, GRXS9
w:gsh	word	gsh	2	325	40	21521	3.3109230769230766	0.12210511164174691	AT1G03850, AT2G30540	True	0.2639690504400674		False		gsh		GRXS13, GRXS9
w:weak	word	weak	2	325	40	21521	3.3109230769230766	0.12210511164174691	AT1G70560, AT4G27970	True	0.2639690504400674		False		weak		TAA1, SLAH2
p:transporter abcg	phrase	transporter abcg	2	325	40	21521	3.3109230769230766	0.12210511164174691	AT2G28070, AT4G15230	True	0.2639690504400674		False		transporter abcg		ABCG3, ABCG30
w:throughout	word	throughout	2	325	40	21521	3.3109230769230766	0.12210511164174691	AT4G26150, AT5G56860	True	0.2639690504400674		False		throughout		CGA1, GNC
p:zinc finger	phrase	zinc finger	13	325	599	21521	1.437128547579299	0.1228252648449231	AT1G04360, AT2G18670, AT2G28450, AT2G36930, AT3G15680, AT3G16870, AT3G19360, AT3G21270, AT3G50700, AT4G02220, AT4G26150, AT5G39760, AT5G56860	True	0.2650439925600972		False		zinc finger		ATL1, ATL56, AT2G28450, AT2G36930, AT3G15680, GATA17, AT3G19360, DOF2, IDD2, AT4G02220, CGA1, HB23, GNC
w:implicated	word	implicated	3	325	81	21521	2.4525356125356126	0.1239471390738957	AT1G79950, AT3G49670, AT3G61640	True	0.2664975558026437		False		implicated		RTEL1, BAM2, AGP20
w:localized	word	localized	3	325	81	21521	2.4525356125356126	0.1239471390738957	AT2G33620, AT4G26150, AT5G56860	True	0.2664975558026437		False		localized		AHL10, CGA1, GNC
p:amino acid	phrase	amino acid	8	325	328	21521	1.6150844277673546	0.12531610812183291	AT1G69040, AT2G39020, AT2G39130, AT3G13620, AT4G34590, AT5G02180, AT5G04770, AT5G63450	True	0.2688448593607218		False		amino acid		ACR4, GNAT8, AVT1C, PUT4, GBF6, AVT1D, CAT6, CYP94B1
w:differentiation	word	differentiation	9	325	382	21521	1.5601208215867903	0.1262999458969771	AT1G78580, AT2G01830, AT3G07050, AT3G49670, AT3G61640, AT4G29720, AT5G13180, AT5G14520, AT5G65640	True	0.2688448593607218		False		differentiation		TPS1, WOL, NSN1, BAM2, AGP20, PAO5, NAC083, PES, bHLH093
p:triphosphate hydrolase	phrase	triphosphate hydrolase	5	325	175	21521	1.891956043956044	0.12638252343483453	AT1G06720, AT1G72040, AT2G40700, AT3G09720, AT3G45070	True	0.2688448593607218		False		triphosphate hydrolase		AT1G06720, dNK, RH17, RH57, SOT5
k:Steroid biosynthesis	keyword	Steroid biosynthesis	2	325	41	21521	3.2301688555347092	0.12714471861258908	AT1G20330, AT3G50660	True	0.2688448593607218		False		Steroid biosynthesis		SMT2, DWF4
p:tissue pattern	phrase	tissue pattern	2	325	41	21521	3.2301688555347092	0.12714471861258908	AT1G70560, AT4G13750	True	0.2688448593607218		False		tissue pattern		TAA1, NOV
p:auxin permease	phrase	auxin permease	2	325	41	21521	3.2301688555347092	0.12714471861258908	AT2G39130, AT5G02180	True	0.2688448593607218		False		auxin permease		AVT1C, AVT1D
w:aaap	word	aaap	2	325	41	21521	3.2301688555347092	0.12714471861258908	AT2G39130, AT5G02180	True	0.2688448593607218		False		aaap		AVT1C, AVT1D
w:population	word	population	3	325	82	21521	2.422626641651032	0.1272999628427976	AT1G19050, AT4G13750, AT5G50915	True	0.2688448593607218		False		population		ARR7, NOV, BHLH137
p:cell population	phrase	cell population	3	325	82	21521	2.422626641651032	0.1272999628427976	AT1G19050, AT4G13750, AT5G50915	True	0.2688448593607218		False		cell population		ARR7, NOV, BHLH137
w:region	word	region	3	325	82	21521	2.422626641651032	0.1272999628427976	AT2G33620, AT3G46210, AT5G62090	True	0.2688448593607218		False		region		AHL10, RRP46, SLK2
w:catalytic	word	catalytic	12	325	548	21521	1.4500393037619317	0.12837512904128826	AT1G03110, AT1G29940, AT1G75450, AT1G78580, AT3G44320, AT3G57660, AT4G29720, AT4G29740, AT5G04120, AT5G45950, AT5G57280, AT5G64620	True	0.2701051599116585		False		catalytic		TRM82, NRPA2, CKX5, TPS1, NIT3, NRPA1, PAO5, CKX4, IPSP, AT5G45950, RID2, C/VIF2
w:activator	word	activator	13	325	604	21521	1.4252317880794703	0.12844969040666832	AT1G16530, AT1G32640, AT2G22770, AT2G31180, AT2G46310, AT3G11240, AT3G50700, AT3G63130, AT4G18880, AT4G23750, AT5G13180, AT5G59020, AT5G60890	True	0.2701051599116585		False		activator		ASL9, MYC2, NAI1, MYB14, CRF5, ATE2, IDD2, RANGAP1, HSFA4A, CRF2, NAC083, AT5G59020, MYB34
w:trigger	word	trigger	5	325	176	21521	1.8812062937062939	0.1285782342388551	AT1G55020, AT2G01830, AT4G34760, AT4G38860, AT5G37890	True	0.2701051599116585		False		trigger		LOX1, WOL, SAUR50, SAUR16, AT5G37890
w:certain	word	certain	3	325	83	21521	2.393438368860056	0.13068499101650466	AT1G17190, AT2G29440, AT2G29490	True	0.2724863228117981		False		certain		GSTU26, GSTU6, GSTU1
w:pyruvate	word	pyruvate	3	325	83	21521	2.393438368860056	0.13068499101650466	AT1G18870, AT1G70560, AT4G28720	True	0.2724863228117981		False		pyruvate		ICS2, TAA1, YUC8
k:Symport	keyword	Symport	3	325	83	21521	2.393438368860056	0.13068499101650466	AT3G13620, AT3G15990, AT3G21670	True	0.2724863228117981		False		Symport		PUT4, SULTR3;4, NPF6.4
w:omega	word	omega	2	325	42	21521	3.153260073260073	0.13223263941329477	AT1G04870, AT4G29510	True	0.2724863228117981		False		omega		PRMT10, PRMT11
w:protect	word	protect	2	325	42	21521	3.153260073260073	0.13223263941329477	AT1G55020, AT1G61570	True	0.2724863228117981		False		protect		LOX1, TIM13
p:fad linked	phrase	fad linked	2	325	42	21521	3.153260073260073	0.13223263941329477	AT1G75450, AT4G29740	True	0.2724863228117981		False		fad linked		CKX5, CKX4
w:action	word	action	2	325	42	21521	3.153260073260073	0.13223263941329477	AT2G19540, AT3G50700	True	0.2724863228117981		False		action		HTD1, IDD2
w:abcg	word	abcg	2	325	42	21521	3.153260073260073	0.13223263941329477	AT2G28070, AT4G15230	True	0.2724863228117981		False		abcg		ABCG3, ABCG30
w:apc	word	apc	2	325	42	21521	3.153260073260073	0.13223263941329477	AT3G13620, AT5G04770	True	0.2724863228117981		False		apc		PUT4, CAT6
p:substrate preference	phrase	substrate preference	2	325	42	21521	3.153260073260073	0.13223263941329477	AT3G45070, AT4G29720	True	0.2724863228117981		False		substrate preference		SOT5, PAO5
w:phosphoribosyltransferase	word	phosphoribosyltransferase	2	325	42	21521	3.153260073260073	0.13223263941329477	AT4G22570, AT5G11160	True	0.2724863228117981		False		phosphoribosyltransferase		APT3, APT5
w:transmembrane	word	transmembrane	32	325	1726	21521	1.227688742312149	0.1328035595330041	AT1G11670, AT1G31940, AT1G61570, AT1G72140, AT2G01830, AT2G17500, AT2G28070, AT2G39130, AT3G05400, AT3G10960, AT3G13620, AT3G15990, AT3G20240, AT3G21670, AT3G28290, AT3G44430, AT3G45680, AT3G45700, AT3G45710, AT3G60070, AT4G15230, AT4G19030, AT4G24570, AT4G27970, AT5G02180, AT5G04770, AT5G11420, AT5G20270, AT5G24290, AT5G38030, AT5G50560, AT5G60630	True	0.2731893292123562		False		transmembrane		DTX36, AT1G31940, TIM13, NPF5.12, WOL, PILS5, ABCG3, AVT1C, SUGTL5, AZG1, PUT4, SULTR3;4, AT3G20240, NPF6.4, AT14A, AT3G44430, NPF2.3, NPF2.4, NPF2.5, AT3G60070, ABCG30, NLM1, DIC2, SLAH2, AVT1D, CAT6, AT5G11420, HHP1, MEB2, DTX30, MFB16.5, MUP24.5
p:stranded dna	phrase	stranded dna	4	325	130	21521	2.037491124260355	0.13432720608150583	AT1G31010, AT3G46210, AT3G57660, AT5G15920	True	0.2758463696561493		False		stranded dna		OSB4, RRP46, NRPA1, SMC5
w:regulating	word	regulating	10	325	443	21521	1.4947733981594027	0.13565720031154116	AT1G04870, AT2G17500, AT2G17820, AT3G07050, AT3G11240, AT3G49670, AT4G26150, AT5G05190, AT5G09970, AT5G56860	True	0.27809726063865936		False		regulating		PRMT10, PILS5, HK1, NSN1, ATE2, BAM2, CGA1, EDR4, CYP78A7, GNC
w:metabolism	word	metabolism	6	325	230	21521	1.7274381270903012	0.13627652648170596	AT1G58170, AT2G17500, AT4G11190, AT4G34590, AT5G56860, AT5G60890	True	0.2781903774311621		False		metabolism		DIR19, PILS5, DIR13, GBF6, GNC, MYB34
w:flower	word	flower	7	325	282	21521	1.643720676486634	0.13640453325682717	AT1G70560, AT1G75450, AT2G01830, AT3G07050, AT4G26150, AT4G29510, AT5G56860	True	0.2781903774311621		False		flower		TAA1, CKX5, WOL, NSN1, CGA1, PRMT11, GNC
p:seed germination	phrase	seed germination	7	325	282	21521	1.643720676486634	0.13640453325682717	AT2G01830, AT3G11240, AT4G26150, AT4G27490, AT5G11420, AT5G13610, AT5G56860	True	0.2781903774311621		False		seed germination		WOL, ATE2, CGA1, RRP41L, AT5G11420, RRL, GNC
w:disassembly	word	disassembly	2	325	43	21521	3.079928443649374	0.13736627783188493	AT1G55020, AT1G79950	True	0.2787175842015549		False		disassembly		LOX1, RTEL1
p:phenylpropanoid biosynthetic	phrase	phenylpropanoid biosynthetic	2	325	43	21521	3.079928443649374	0.13736627783188493	AT1G58170, AT4G11190	True	0.2787175842015549		False		phenylpropanoid biosynthetic		DIR19, DIR13
w:pyrophosphatase	word	pyrophosphatase	2	325	43	21521	3.079928443649374	0.13736627783188493	AT4G29690, AT4G29700	True	0.2787175842015549		False		pyrophosphatase		AT4G29690, AT4G29700
p:atp hydrolysis	phrase	atp hydrolysis	10	325	445	21521	1.4880553154710459	0.13844887969792774	AT1G79950, AT2G28070, AT2G40700, AT3G09720, AT3G22310, AT3G62310, AT4G15230, AT5G08620, AT5G60990, AT5G62190	True	0.2804356353676935		False		atp hydrolysis		RTEL1, ABCG3, RH17, RH57, PMH1, AT3G62310, ABCG30, STRS2, RH10, PRH75
w:drought	word	drought	4	325	132	21521	2.006620046620047	0.13973529058412634	AT1G32640, AT2G01830, AT2G17820, AT5G59010	True	0.28255996684443235		False		drought		MYC2, WOL, HK1, BSK5
w:pin	word	pin	2	325	44	21521	3.00993006993007	0.1425431046092815	AT1G04240, AT2G17500	True	0.2862901205750603		False		pin		SHY2, PILS5
k:Jasmonic acid signaling pathway	keyword	Jasmonic acid signaling pathway	2	325	44	21521	3.00993006993007	0.1425431046092815	AT1G32640, AT5G63450	True	0.2862901205750603		False		Jasmonic acid signaling pathway		MYC2, CYP94B1
w:isopentenyl	word	isopentenyl	2	325	44	21521	3.00993006993007	0.1425431046092815	AT1G75450, AT4G29740	True	0.2862901205750603		False		isopentenyl		CKX5, CKX4
p:fate specification	phrase	fate specification	2	325	44	21521	3.00993006993007	0.1425431046092815	AT3G07050, AT4G13750	True	0.2862901205750603		False		fate specification		NSN1, NOV
w:amp	word	amp	4	325	135	21521	1.9620284900284901	0.1480074643260913	AT1G31860, AT3G20240, AT4G22570, AT5G11160	True	0.2967637016588913		False		amp		AT-IE, AT3G20240, APT3, APT5
w:motif	word	motif	5	325	185	21521	1.7896881496881496	0.14910238247803814	AT3G13700, AT3G16870, AT4G26150, AT5G46840, AT5G56860	True	0.29845577906799214		False		motif		AT3G13700, GATA17, CGA1, MZA15.26, GNC
w:basic	word	basic	6	325	237	21521	1.676416747809153	0.15043795074390393	AT1G18400, AT1G32640, AT2G22770, AT2G42280, AT5G50915, AT5G65640	True	0.3006230645958013		False		basic		BEE1, MYC2, NAI1, FBH4, BHLH137, bHLH093
w:conserved	word	conserved	3	325	89	21521	2.232082973206569	0.15163097840844922	AT1G09810, AT2G01830, AT2G17820	True	0.3014870122535888		False		conserved		ECT11, WOL, HK1
p:transferring group	phrase	transferring group	3	325	89	21521	2.232082973206569	0.15163097840844922	AT1G10490, AT2G39020, AT3G50300	True	0.3014870122535888		False		transferring group		AT1G10490, GNAT8, AT3G50300
p:amino acyl	phrase	amino acyl	3	325	89	21521	2.232082973206569	0.15163097840844922	AT1G10490, AT2G39020, AT3G50300	True	0.3014870122535888		False		amino acyl		AT1G10490, GNAT8, AT3G50300
p:xenobiotic detoxification	phrase	xenobiotic detoxification	2	325	46	21521	2.879063545150502	0.15301653247824856	AT1G11670, AT5G38030	True	0.3027232231558029		False		xenobiotic detoxification		DTX36, DTX30
p:bacterial pathogen	phrase	bacterial pathogen	2	325	46	21521	2.879063545150502	0.15301653247824856	AT1G55020, AT3G11240	True	0.3027232231558029		False		bacterial pathogen		LOX1, ATE2
w:content	word	content	2	325	46	21521	2.879063545150502	0.15301653247824856	AT4G26150, AT5G56860	True	0.3027232231558029		False		content		CGA1, GNC
w:modification	word	modification	12	325	568	21521	1.3989815817984832	0.15356823730858496	AT1G02370, AT1G09810, AT1G10490, AT1G69530, AT3G11240, AT3G15590, AT4G05410, AT4G20020, AT4G31790, AT5G24840, AT5G47980, AT5G52470	True	0.30331002352144104		False		modification		AT1G02370, ECT11, AT1G10490, EXPA1, ATE2, AT3G15590, YAO, MORF1, AT4G31790, AT5G24840, BAHD1, FIB1
w:reaction	word	reaction	8	325	347	21521	1.5266504101086231	0.15645038658113153	AT1G58170, AT1G76790, AT4G11190, AT4G22570, AT4G31790, AT4G33770, AT4G37410, AT5G11160	True	0.3080062529185784		False		reaction		DIR19, IGMT5, DIR13, APT3, AT4G31790, ITPK2, CYP81F4, APT5
w:subunit	word	subunit	4	325	138	21521	1.919375696767001	0.15646406792499695	AT1G31660, AT2G17250, AT3G04770, AT5G41190	True	0.3080062529185784		False		subunit		ENP1, EMB2762, RPSAb, NOB1
w:transferred	word	transferred	2	325	47	21521	2.8178068739770863	0.15830839717589354	AT2G01830, AT2G17820	True	0.31039149132305754		False		transferred		WOL, HK1
w:adaxial	word	adaxial	2	325	47	21521	2.8178068739770863	0.15830839717589354	AT5G57280, AT5G60990	True	0.31039149132305754		False		adaxial		RID2, RH10
w:sugar	word	sugar	7	325	294	21521	1.5766300366300365	0.15845890263506807	AT1G78580, AT3G05400, AT3G11240, AT4G15230, AT4G26150, AT5G52560, AT5G56860	True	0.31039149132305754		False		sugar		TPS1, SUGTL5, ATE2, ABCG30, CGA1, USP, GNC
w:gravitropism	word	gravitropism	3	325	91	21521	2.1830262045646665	0.15883784959629452	AT1G04240, AT1G70560, AT5G47990	True	0.3106220446874904		False		gravitropism		SHY2, TAA1, CYP705A5
p:nucleoside triphosphate	phrase	nucleoside triphosphate	5	325	190	21521	1.7425910931174091	0.16106847536572924	AT1G06720, AT1G72040, AT2G40700, AT3G09720, AT3G45070	True	0.31446702333309046		False		nucleoside triphosphate		AT1G06720, dNK, RH17, RH57, SOT5
p:cell fate	phrase	cell fate	3	325	92	21521	2.1592976588628767	0.1624802079766136	AT3G07050, AT4G05410, AT4G13750	True	0.316703225056055		False		cell fate		NSN1, YAO, NOV
w:element	word	element	10	325	463	21521	1.4302043528825388	0.16490442605998032	AT1G04240, AT1G29940, AT1G32640, AT1G52160, AT2G46310, AT2G47260, AT3G46210, AT3G46640, AT4G18880, AT4G23750	True	0.32090239375665564		False		element		SHY2, NRPA2, MYC2, TRZ3, CRF5, WRKY23, RRP46, PCL1, HSFA4A, CRF2
k:Oxidoreductase	keyword	Oxidoreductase	22	325	1164	21521	1.2515516785619878	0.16529945694313272	AT1G12740, AT1G55020, AT1G62570, AT1G67110, AT1G75450, AT2G14100, AT2G25160, AT3G29250, AT3G30775, AT3G44550, AT3G50660, AT4G28720, AT4G29720, AT4G29740, AT4G37410, AT5G04330, AT5G09970, AT5G24140, AT5G42590, AT5G47990, AT5G63450, AT5G67220	True	0.3211455135708902		False		Oxidoreductase		CYP87A2, LOX1, FMOGS-OX4, CYP735A2, CKX5, CYP705A13, CYP82F1, SDR4, ERD5, FAR5, DWF4, YUC8, PAO5, CKX4, CYP81F4, CYP84A4, CYP78A7, SQP2, CYP71A16, CYP705A5, CYP94B1, AT5G67220
k:Developmental protein	keyword	Developmental protein	12	325	577	21521	1.3771603786161846	0.16568986431687519	AT1G15440, AT2G01830, AT2G34260, AT3G07050, AT3G49670, AT4G34750, AT4G34760, AT4G38860, AT5G09970, AT5G11420, AT5G62090, AT5G65640	True	0.32121861598080237		False		Developmental protein		PWP2, WOL, WDR55, NSN1, BAM2, SAUR49, SAUR50, SAUR16, CYP78A7, AT5G11420, SLK2, bHLH093
w:post‑embryonic	word	post-embryonic	3	325	93	21521	2.1360794044665012	0.1661475599900702	AT1G55020, AT4G15230, AT5G09970	True	0.32121861598080237		False		post-embryonic		LOX1, ABCG30, CYP78A7
w:rate	word	rate	3	325	93	21521	2.1360794044665012	0.1661475599900702	AT2G17500, AT5G24140, AT5G62440	True	0.32121861598080237		False		rate		PILS5, SQP2, EMB514
p:cell division	phrase	cell division	7	325	299	21521	1.55026498585027	0.16810235328193568	AT1G78580, AT2G01830, AT2G40360, AT3G49670, AT3G63130, AT5G16750, AT5G62440	True	0.32447028904581415		False		cell division		TPS1, WOL, BOP1, BAM2, RANGAP1, TOZ, EMB514
w:xylose	word	xylose	2	325	49	21521	2.702794348508634	0.16899104992248154	AT3G28180, AT5G52560	True	0.3256569827517513		False		xylose		CSLC04, USP
w:oxidation	word	oxidation	7	325	301	21521	1.539964221824687	0.17203107254096034	AT1G55020, AT1G75450, AT4G29720, AT4G29740, AT5G24140, AT5G52560, AT5G63450	True	0.3309788758110062		False		oxidation		LOX1, CKX5, PAO5, CKX4, SQP2, USP, CYP94B1
w:germination	word	germination	9	325	412	21521	1.446519790888723	0.1730616277346105	AT1G13740, AT2G01830, AT2G16700, AT3G11240, AT4G26150, AT4G27490, AT5G11420, AT5G13610, AT5G56860	True	0.33242370820105316		False		germination		AFP2, WOL, ADF5, ATE2, CGA1, RRP41L, AT5G11420, RRL, GNC
w:hydroxylase	word	hydroxylase	3	325	95	21521	2.0911093117408908	0.17355439467278386	AT1G67110, AT3G50660, AT5G63450	True	0.3328006540012739		False		hydroxylase		CYP735A2, DWF4, CYP94B1
w:patterning	word	patterning	4	325	144	21521	1.8394017094017094	0.17389543484270353	AT1G70560, AT2G17820, AT4G13750, AT5G16750	True	0.3328006540012739		False		patterning		TAA1, HK1, NOV, TOZ
p:mate efflux	phrase	mate efflux	2	325	50	21521	2.6487384615384615	0.1743774663101713	AT1G11670, AT5G38030	True	0.3328006540012739		False		mate efflux		DTX36, DTX30
w:avoidance	word	avoidance	2	325	50	21521	2.6487384615384615	0.1743774663101713	AT1G18400, AT1G70560	True	0.3328006540012739		False		avoidance		BEE1, TAA1
w:necessary	word	necessary	5	325	196	21521	1.6892464678178964	0.17592004665454822	AT1G28100, AT3G07050, AT3G46640, AT3G49670, AT4G29720	True	0.33520662735938755		False		necessary		NDX1, NSN1, PCL1, BAM2, PAO5
p:auxin polar	phrase	auxin polar	3	325	96	21521	2.069326923076923	0.1772924592333752	AT1G70560, AT2G47260, AT4G13750	True	0.337281174445573		False		auxin polar		TAA1, WRKY23, NOV
w:glutaredoxin	word	glutaredoxin	2	325	51	21521	2.5968024132730014	0.17979112506426018	AT1G03850, AT2G30540	True	0.3405116190742119		False		glutaredoxin		GRXS13, GRXS9
w:abaxial	word	abaxial	2	325	51	21521	2.5968024132730014	0.17979112506426018	AT5G57280, AT5G60990	True	0.3405116190742119		False		abaxial		RID2, RH10
w:gametophyte	word	gametophyte	4	325	146	21521	1.814204425711275	0.17984970292565608	AT1G29940, AT1G68990, AT3G11964, AT3G49670	True	0.3405116190742119		False		gametophyte		NRPA2, MGP3, RRP5, BAM2
w:early	word	early	10	325	473	21521	1.399967474386079	0.18059279450462262	AT1G04240, AT1G10490, AT1G15440, AT2G17250, AT2G34260, AT3G30775, AT3G46640, AT3G49670, AT4G05410, AT4G27490	True	0.3413749326963375		False		early		SHY2, AT1G10490, PWP2, EMB2762, WDR55, ERD5, PCL1, BAM2, YAO, RRP41L
w:redundant	word	redundant	3	325	97	21521	2.0479936558287077	0.18105268174958794	AT2G01830, AT2G17820, AT4G28720	True	0.3417010136512064		False		redundant		WOL, HK1, YUC8
w:molecular	word	molecular	9	325	417	21521	1.4291754288876592	0.18155140084443958	AT1G55020, AT1G67110, AT3G50660, AT4G37410, AT5G04330, AT5G09970, AT5G42590, AT5G47990, AT5G63450	True	0.3420992323360359		False		molecular		LOX1, CYP735A2, DWF4, CYP81F4, CYP84A4, CYP78A7, CYP71A16, CYP705A5, CYP94B1
w:matrix	word	matrix	7	325	306	21521	1.5148014077425842	0.182025350001625	AT1G26770, AT1G69530, AT1G80720, AT2G03090, AT2G33620, AT2G39700, AT3G03220	True	0.34244959043027234		False		matrix		EXPA10, EXPA1, AT1G80720, EXPA15, AHL10, EXPA4, EXPA13
w:possesse	word	possesse	6	325	253	21521	1.5703982973548194	0.18511095376521533	AT1G17190, AT3G07050, AT4G22570, AT4G37070, AT5G11160, AT5G42590	True	0.3441268660731245		False		possesse		GSTU26, NSN1, APT3, PLP1, APT5, CYP71A16
p:compound extrusion	phrase	compound extrusion	2	325	52	21521	2.5468639053254436	0.1852299836812223	AT1G11670, AT5G38030	True	0.3441268660731245		False		compound extrusion		DTX36, DTX30
p:multi antimicrobial	phrase	multi antimicrobial	2	325	52	21521	2.5468639053254436	0.1852299836812223	AT1G11670, AT5G38030	True	0.3441268660731245		False		multi antimicrobial		DTX36, DTX30
w:multi	word	multi	2	325	52	21521	2.5468639053254436	0.1852299836812223	AT1G11670, AT5G38030	True	0.3441268660731245		False		multi		DTX36, DTX30
p:antimicrobial extrusion	phrase	antimicrobial extrusion	2	325	52	21521	2.5468639053254436	0.1852299836812223	AT1G11670, AT5G38030	True	0.3441268660731245		False		antimicrobial extrusion		DTX36, DTX30
w:drive	word	drive	2	325	52	21521	2.5468639053254436	0.1852299836812223	AT4G34760, AT4G38860	True	0.3441268660731245		False		drive		SAUR50, SAUR16
w:solute	word	solute	2	325	52	21521	2.5468639053254436	0.1852299836812223	AT4G34760, AT4G38860	True	0.3441268660731245		False		solute		SAUR50, SAUR16
w:synthesis	word	synthesis	12	325	591	21521	1.3445372901210466	0.18546527390008732	AT1G10490, AT1G18870, AT1G28100, AT1G79950, AT2G45310, AT3G28180, AT3G44550, AT4G22570, AT5G06000, AT5G11160, AT5G52560, AT5G60890	True	0.3441268660731245		False		synthesis		AT1G10490, ICS2, NDX1, RTEL1, GAE4, CSLC04, FAR5, APT3, EIF3G2, APT5, USP, MYB34
w:methyl	word	methyl	4	325	148	21521	1.7896881496881496	0.18587140502479294	AT1G20330, AT2G01830, AT4G31790, AT5G52470	True	0.3441268660731245		False		methyl		SMT2, WOL, AT4G31790, FIB1
w:biosynthetic	word	biosynthetic	31	325	1734	21521	1.1838363942862213	0.1860512983903529	AT1G18870, AT1G20330, AT1G28100, AT1G31860, AT1G32640, AT1G55020, AT1G58170, AT1G62570, AT1G63660, AT1G67110, AT1G70560, AT1G76790, AT1G78580, AT3G21110, AT3G44550, AT3G50660, AT3G55010, AT4G01950, AT4G11190, AT4G26150, AT4G27490, AT4G28720, AT4G35150, AT5G04120, AT5G24140, AT5G45950, AT5G48010, AT5G52560, AT5G56860, AT5G60890, AT5G65640	True	0.3441268660731245		False		biosynthetic		ICS2, SMT2, NDX1, AT-IE, MYC2, LOX1, DIR19, FMOGS-OX4, AT1G63660, CYP735A2, TAA1, IGMT5, TPS1, PUR7, FAR5, DWF4, PUR5, GPAT3, DIR13, CGA1, RRP41L, YUC8, AT4G35150, IPSP, SQP2, AT5G45950, THAS1, USP, GNC, MYB34, bHLH093
w:polar	word	polar	5	325	200	21521	1.6554615384615385	0.186100567607249	AT1G70560, AT2G34260, AT2G47260, AT4G13750, AT4G37070	True	0.3441268660731245		False		polar		TAA1, WDR55, WRKY23, NOV, PLP1
k:DNA-binding	keyword	DNA-binding	30	325	1675	21521	1.1860022962112515	0.18821537375444378	AT1G18400, AT1G31010, AT1G32640, AT1G76580, AT1G79950, AT2G22770, AT2G28450, AT2G31180, AT2G33620, AT2G42280, AT2G46310, AT2G47260, AT3G16870, AT3G17310, AT3G19360, AT3G21270, AT3G46640, AT3G50700, AT4G18880, AT4G23750, AT4G26150, AT4G34590, AT4G34610, AT4G37790, AT5G13180, AT5G39760, AT5G50915, AT5G56860, AT5G60890, AT5G65640	True	0.3466204705859691		False		DNA-binding		BEE1, OSB4, MYC2, SPL16, RTEL1, NAI1, AT2G28450, MYB14, AHL10, FBH4, CRF5, WRKY23, GATA17, DRM3, AT3G19360, DOF2, PCL1, IDD2, HSFA4A, CRF2, CGA1, GBF6, BLH6, HAT22, NAC083, HB23, BHLH137, GNC, MYB34, bHLH093
w:event	word	event	3	325	99	21521	2.006620046620047	0.18863680099022603	AT1G03360, AT1G79950, AT4G27490	True	0.3466204705859691		False		event		RRP4, RTEL1, RRP41L
p:floral organ	phrase	floral organ	3	325	99	21521	2.006620046620047	0.18863680099022603	AT3G07050, AT3G25655, AT3G49670	True	0.3466204705859691		False		floral organ		NSN1, IDL1, BAM2
w:end	word	end	5	325	201	21521	1.647225411404516	0.18867885271571724	AT1G52160, AT3G11240, AT3G16310, AT5G41190, AT5G57280	True	0.3466204705859691		False		end		TRZ3, ATE2, NUP35, NOB1, RID2
w:use	word	use	4	325	149	21521	1.7776768198244708	0.18890669885593608	AT1G55020, AT1G67110, AT3G50660, AT5G52560	True	0.3466204705859691		False		use		LOX1, CYP735A2, DWF4, USP
p:thiol disulfide	phrase	thiol disulfide	2	325	53	21521	2.4988098693759073	0.19069205477903167	AT1G03850, AT2G30540	True	0.34721723297437773		False		thiol disulfide		GRXS13, GRXS9
w:trnas	word	trnas	2	325	53	21521	2.4988098693759073	0.19069205477903167	AT1G10490, AT1G72090	True	0.34721723297437773		False		trnas		AT1G10490, AT1G72090
p:xenobiotic transmembrane	phrase	xenobiotic transmembrane	2	325	53	21521	2.4988098693759073	0.19069205477903167	AT1G11670, AT5G38030	True	0.34721723297437773		False		xenobiotic transmembrane		DTX36, DTX30
p:toxic compound	phrase	toxic compound	2	325	53	21521	2.4988098693759073	0.19069205477903167	AT1G11670, AT5G38030	True	0.34721723297437773		False		toxic compound		DTX36, DTX30
k:Host-virus interaction	keyword	Host-virus interaction	2	325	53	21521	2.4988098693759073	0.19069205477903167	AT1G32640, AT5G13180	True	0.34721723297437773		False		Host-virus interaction		MYC2, NAC083
w:autophosphorylation	word	autophosphorylation	3	325	100	21521	1.9865538461538463	0.1924593074380619	AT1G10470, AT2G01830, AT2G17820	True	0.3493650634257337		False		autophosphorylation		ARR4, WOL, HK1
w:repress	word	repress	3	325	100	21521	1.9865538461538463	0.1924593074380619	AT5G19260, AT5G57280, AT5G60990	True	0.3493650634257337		False		repress		FAF3, RID2, RH10
k:2Fe-2S	keyword	2Fe-2S	2	325	54	21521	2.4525356125356126	0.1961754049068147	AT1G03850, AT2G30540	True	0.3534129642942465		False		2Fe-2S		GRXS13, GRXS9
w:mate	word	mate	2	325	54	21521	2.4525356125356126	0.1961754049068147	AT1G11670, AT5G38030	True	0.3534129642942465		False		mate		DTX36, DTX30
w:deficient	word	deficient	2	325	54	21521	2.4525356125356126	0.1961754049068147	AT1G28100, AT3G25655	True	0.3534129642942465		False		deficient		NDX1, IDL1
w:atom	word	atom	2	325	54	21521	2.4525356125356126	0.1961754049068147	AT1G55020, AT5G65860	True	0.3534129642942465		False		atom		LOX1, AT5G65860
w:aspect	word	aspect	2	325	54	21521	2.4525356125356126	0.1961754049068147	AT1G55020, AT3G11240	True	0.3534129642942465		False		aspect		LOX1, ATE2
w:histidine	word	histidine	5	325	204	21521	1.623001508295626	0.19649011007762146	AT1G31860, AT2G01830, AT2G17820, AT4G13750, AT4G31790	True	0.3534443886267654		False		histidine		AT-IE, WOL, HK1, NOV, AT4G31790
k:Mitochondrion	keyword	Mitochondrion	16	325	836	21521	1.267338976812661	0.19872966339555975	AT1G02370, AT1G14620, AT1G52160, AT1G61570, AT1G68990, AT2G19080, AT3G15590, AT3G18630, AT3G20240, AT3G22310, AT3G30775, AT4G20020, AT4G24570, AT4G36680, AT5G13610, AT5G61310	True	0.3569328848600008		False		Mitochondrion		AT1G02370, DECOY, TRZ3, TIM13, MGP3, MTX1, AT3G15590, UNG, AT3G20240, PMH1, ERD5, MORF1, DIC2, AT4G36680, RRL, AT5G61310
w:flavonoid	word	flavonoid	2	325	55	21521	2.407944055944056	0.20167815337770098	AT1G32640, AT3G45070	True	0.3601978706508032		False		flavonoid		MYC2, SOT5
w:radical	word	radical	2	325	55	21521	2.407944055944056	0.20167815337770098	AT1G58170, AT4G11190	True	0.3601978706508032		False		radical		DIR19, DIR13
w:generation	word	generation	2	325	55	21521	2.407944055944056	0.20167815337770098	AT2G40360, AT3G46640	True	0.3601978706508032		False		generation		BOP1, PCL1
w:conversion	word	conversion	5	325	206	21521	1.6072442120985813	0.20175927826193013	AT1G28100, AT1G62570, AT1G63660, AT2G25150, AT4G29720	True	0.3601978706508032		False		conversion		NDX1, FMOGS-OX4, AT1G63660, SCT, PAO5
p:glycosyl hydrolase	phrase	glycosyl hydrolase	8	325	372	21521	1.4240529363110008	0.20237177829524577	AT1G60260, AT1G64390, AT2G36870, AT2G44460, AT3G15720, AT3G61100, AT4G30760, AT5G14650	True	0.36074969174369903		False		glycosyl hydrolase		BGLU5, GH9C2, XTH32, BGLU28, AT3G15720, AT3G61100, AT4G30760, AT5G14650
w:nucleoside	word	nucleoside	6	325	261	21521	1.522263483642794	0.20353063901102705	AT1G03360, AT1G06720, AT1G72040, AT2G40700, AT3G09720, AT3G45070	True	0.3622723499762143		False		nucleoside		RRP4, AT1G06720, dNK, RH17, RH57, SOT5
w:proton	word	proton	7	325	317	21521	1.4622373210385828	0.20483324943874495	AT1G72140, AT3G13620, AT3G21670, AT3G45680, AT3G45700, AT3G45710, AT4G24570	True	0.3640459395854525		False		proton		NPF5.12, PUT4, NPF6.4, NPF2.3, NPF2.4, NPF2.5, DIC2
w:mitotic	word	mitotic	4	325	155	21521	1.708863523573201	0.20743927418838823	AT2G31410, AT2G40360, AT3G16310, AT5G14520	True	0.3673644095608214		False		mitotic		AT2G31410, BOP1, NUP35, PES
w:reduced	word	reduced	3	325	104	21521	1.910147928994083	0.20793628901129757	AT1G17190, AT2G29440, AT2G29490	True	0.3673644095608214		False		reduced		GSTU26, GSTU6, GSTU1
k:Homeobox	keyword	Homeobox	3	325	104	21521	1.910147928994083	0.20793628901129757	AT4G34610, AT4G37790, AT5G39760	True	0.3673644095608214		False		Homeobox		BLH6, HAT22, HB23
p:shoot apical	phrase	shoot apical	3	325	104	21521	1.910147928994083	0.20793628901129757	AT5G09970, AT5G57280, AT5G60990	True	0.3673644095608214		False		shoot apical		CYP78A7, RID2, RH10
w:progression	word	progression	3	325	105	21521	1.8919560439560439	0.21184888567645213	AT2G31410, AT2G40360, AT5G14520	True	0.3736209972194922		False		progression		AT2G31410, BOP1, PES
p:signal transduction	phrase	signal transduction	15	325	787	21521	1.262105366044375	0.21266307340214174	AT1G10470, AT1G13740, AT1G19050, AT1G74890, AT2G01830, AT2G17820, AT2G40670, AT2G41310, AT2G46310, AT3G29575, AT3G48100, AT3G57040, AT4G23750, AT5G13610, AT5G62920	True	0.3736209972194922		False		signal transduction		ARR4, AFP2, ARR7, ARR15, WOL, HK1, RR16, RR3, CRF5, AFP3, RR5, ARR9, CRF2, RRL, ARR6
w:initiate	word	initiate	2	325	57	21521	2.323454790823212	0.21273457957745687	AT1G70560, AT5G06000	True	0.3736209972194922		False		initiate		TAA1, EIF3G2
p:mapk cascade	phrase	mapk cascade	2	325	57	21521	2.323454790823212	0.21273457957745687	AT2G01830, AT2G17820	True	0.3736209972194922		False		mapk cascade		WOL, HK1
w:modulating	word	modulating	4	325	157	21521	1.687094561489466	0.2137308495998716	AT3G07050, AT3G22660, AT5G05190, AT5G11420	True	0.37481707990301966		False		modulating		NSN1, EBP2, EDR4, AT5G11420
w:stranded	word	stranded	5	325	211	21521	1.569157856361648	0.21513619564494657	AT1G31010, AT3G46210, AT3G57660, AT4G27490, AT5G15920	True	0.3766054160680521		False		stranded		OSB4, RRP46, NRPA1, RRP41L, SMC5
w:transcriptional	word	transcriptional	15	325	789	21521	1.2589061128985084	0.21538408992958405	AT1G04240, AT1G32640, AT2G46310, AT3G16870, AT3G17310, AT3G46640, AT3G50700, AT4G18880, AT4G23750, AT4G26150, AT5G13180, AT5G39760, AT5G56860, AT5G60890, AT5G62090	True	0.3766054160680521		False		transcriptional		SHY2, MYC2, CRF5, GATA17, DRM3, PCL1, IDD2, HSFA4A, CRF2, CGA1, NAC083, HB23, GNC, MYB34, SLK2
w:reduce	word	reduce	3	325	106	21521	1.8741074020319306	0.21577748500684638	AT1G03850, AT2G30540, AT5G24290	True	0.3767392506213515		False		reduce		GRXS13, GRXS9, MEB2
w:photoperiodism	word	photoperiodism	4	325	158	21521	1.6764167478091527	0.2168964909914453	AT1G78580, AT2G42280, AT4G26150, AT5G56860	True	0.3775840816820329		False		photoperiodism		TPS1, FBH4, CGA1, GNC
k:Growth regulation	keyword	Growth regulation	4	325	158	21521	1.6764167478091527	0.2168964909914453	AT4G34750, AT4G34760, AT4G38860, AT5G09970	True	0.3775840816820329		False		Growth regulation		SAUR49, SAUR50, SAUR16, CYP78A7
w:participate	word	participate	6	325	267	21521	1.488055315471046	0.2177648612231916	AT1G03360, AT1G04240, AT1G61570, AT2G36870, AT4G05410, AT4G27490	True	0.37813450050738384		False		participate		RRP4, SHY2, TIM13, XTH32, YAO, RRP41L
k:4Fe-4S	keyword	4Fe-4S	2	325	58	21521	2.283395225464191	0.21828474956464589	AT1G72090, AT1G79950	True	0.37813450050738384		False		4Fe-4S		AT1G72090, RTEL1
p:low affinity	phrase	low affinity	2	325	58	21521	2.283395225464191	0.21828474956464589	AT1G72140, AT3G21670	True	0.37813450050738384		False		low affinity		NPF5.12, NPF6.4
w:acetylation	word	acetylation	3	325	107	21521	1.856592379583034	0.21972142717609203	AT1G10490, AT2G39020, AT4G34590	True	0.37813450050738384		False		acetylation		AT1G10490, GNAT8, GBF6
w:homologous	word	homologous	3	325	107	21521	1.856592379583034	0.21972142717609203	AT1G32640, AT1G79950, AT5G15920	True	0.37813450050738384		False		homologous		MYC2, RTEL1, SMC5
w:fate	word	fate	3	325	107	21521	1.856592379583034	0.21972142717609203	AT3G07050, AT4G05410, AT4G13750	True	0.37813450050738384		False		fate		NSN1, YAO, NOV
w:base	word	base	3	325	107	21521	1.856592379583034	0.21972142717609203	AT3G18630, AT5G11160, AT5G52470	True	0.37813450050738384		False		base		UNG, APT5, FIB1
w:free	word	free	4	325	159	21521	1.6658732462506047	0.22007491534996604	AT1G03360, AT1G55020, AT2G31410, AT5G11160	True	0.37813450050738384		False		free		RRP4, LOX1, AT2G31410, APT5
w:hypocotyl	word	hypocotyl	4	325	159	21521	1.6658732462506047	0.22007491534996604	AT1G04240, AT2G01830, AT3G46640, AT5G57280	True	0.37813450050738384		False		hypocotyl		SHY2, WOL, PCL1, RID2
w:stress	word	stress	28	325	1587	21521	1.1683156415103486	0.2210369670982188	AT1G03850, AT1G32640, AT1G49510, AT1G55020, AT2G01830, AT2G17820, AT2G19540, AT2G21195, AT2G38750, AT2G38760, AT2G40700, AT2G46310, AT3G22310, AT3G29250, AT3G29575, AT3G30775, AT3G44550, AT3G45680, AT4G18880, AT4G23750, AT4G24570, AT4G34590, AT5G08620, AT5G13180, AT5G20270, AT5G59010, AT5G60890, AT5G62090	True	0.3792394716879973		False		stress		GRXS13, MYC2, emb1273, LOX1, WOL, HK1, HTD1, AT2G21195, ANNAT4, ANNAT3, RH17, CRF5, PMH1, SDR4, AFP3, ERD5, FAR5, NPF2.3, HSFA4A, CRF2, DIC2, GBF6, STRS2, NAC083, HHP1, BSK5, MYB34, SLK2
w:cytidine	word	cytidine	2	325	59	21521	2.2446936114732723	0.22384730023298613	AT1G10490, AT4G20020	True	0.38350783858360304		False		cytidine		AT1G10490, MORF1
w:inner	word	inner	7	325	327	21521	1.417520583392143	0.22646131408634704	AT1G61570, AT2G19080, AT2G40090, AT3G20240, AT4G24570, AT5G52560, AT5G61310	True	0.386884126856759		False		inner		TIM13, MTX1, ATH9, AT3G20240, DIC2, USP, AT5G61310
w:adapter	word	adapter	4	325	161	21521	1.6451791686574295	0.22646875718444429	AT1G10490, AT4G34590, AT5G57280, AT5G62090	True	0.386884126856759		False		adapter		AT1G10490, GBF6, RID2, SLK2
w:starch	word	starch	3	325	109	21521	1.8225264643613268	0.22765272813226703	AT1G78580, AT4G26150, AT5G56860	True	0.38751842525327623		False		starch		TPS1, CGA1, GNC
w:endosperm	word	endosperm	3	325	109	21521	1.8225264643613268	0.22765272813226703	AT2G34260, AT4G15230, AT5G11420	True	0.38751842525327623		False		endosperm		WDR55, ABCG30, AT5G11420
w:transduction	word	transduction	15	325	798	21521	1.244707923655292	0.22781781265941134	AT1G10470, AT1G13740, AT1G19050, AT1G74890, AT2G01830, AT2G17820, AT2G40670, AT2G41310, AT2G46310, AT3G29575, AT3G48100, AT3G57040, AT4G23750, AT5G13610, AT5G62920	True	0.38751842525327623		False		transduction		ARR4, AFP2, ARR7, ARR15, WOL, HK1, RR16, RR3, CRF5, AFP3, RR5, ARR9, CRF2, RRL, ARR6
w:mrna	word	mrna	22	325	1225	21521	1.1892295133437991	0.22945471325121938	AT1G02370, AT1G08610, AT1G09810, AT1G10490, AT1G14710, AT1G15250, AT2G38750, AT3G07050, AT3G07860, AT3G13700, AT3G15590, AT3G15680, AT3G19360, AT3G44320, AT3G62310, AT4G22380, AT4G27490, AT4G36680, AT5G06000, AT5G14520, AT5G52470, AT5G66540	True	0.38974522007957124		False		mrna		AT1G02370, AT1G08610, ECT11, AT1G10490, AT1G14710, RPL37A, ANNAT4, NSN1, SNRNP25, AT3G13700, AT3G15590, AT3G15680, AT3G19360, NIT3, AT3G62310, AT4G22380, RRP41L, AT4G36680, EIF3G2, PES, FIB1, MPP10
p:far red	phrase	far red	3	325	110	21521	1.805958041958042	0.23163879510491145	AT1G10470, AT1G32640, AT4G38860	True	0.3923340845865238		False		far red		ARR4, MYC2, SAUR16
p:acyl group	phrase	acyl group	3	325	110	21521	1.805958041958042	0.23163879510491145	AT1G10490, AT2G39020, AT3G50300	True	0.3923340845865238		False		acyl group		AT1G10490, GNAT8, AT3G50300
w:far	word	far	3	325	111	21521	1.7896881496881498	0.2356376215572506	AT1G10470, AT1G32640, AT4G38860	True	0.3985393058770568		False		far		ARR4, MYC2, SAUR16
k:Ligase	keyword	Ligase	5	325	219	21521	1.5118370214260626	0.23709201892587833	AT1G63660, AT1G77550, AT3G12670, AT3G21110, AT3G55010	True	0.4004295603733939		False		Ligase		AT1G63660, AT1G77550, emb2742, PUR7, PUR5
k:Lipid biosynthesis	keyword	Lipid biosynthesis	5	325	220	21521	1.5049650349650352	0.23987998335422542	AT1G20330, AT1G55020, AT3G44550, AT3G50660, AT4G01950	True	0.4045635463945731		False		Lipid biosynthesis		SMT2, LOX1, FAR5, DWF4, GPAT3
w:enhanced	word	enhanced	2	325	62	21521	2.1360794044665012	0.24059313052001333	AT1G18400, AT5G05190	True	0.4046184330810408		False		enhanced		BEE1, EDR4
w:termination	word	termination	2	325	62	21521	2.1360794044665012	0.24059313052001333	AT1G56350, AT1G62150	True	0.4046184330810408		False		termination		PRFB2, MTERF20
w:xylem	word	xylem	4	325	166	21521	1.5956255792400371	0.24265340512618344	AT1G20330, AT1G70560, AT4G29720, AT5G13180	True	0.40750691906077985		False		xylem		SMT2, TAA1, PAO5, NAC083
p:hydroxyproline rich	phrase	hydroxyproline rich	3	325	113	21521	1.7580122532334923	0.24367103429159395	AT1G14710, AT3G06750, AT5G65660	True	0.408638730285903		False		hydroxyproline rich		AT1G14710, AT3G06750, AT5G65660
p:flower development	phrase	flower development	5	325	222	21521	1.4914067914067914	0.24548261520995018	AT1G70560, AT3G07050, AT4G26150, AT4G29510, AT5G56860	True	0.4110969429360997		False		flower development		TAA1, NSN1, CGA1, PRMT11, GNC
w:subset	word	subset	2	325	63	21521	2.1021733821733823	0.24618932518822612	AT1G32640, AT5G06000	True	0.4117005733457115		False		subset		MYC2, EIF3G2
k:Auxin signaling pathway	keyword	Auxin signaling pathway	4	325	168	21521	1.5766300366300365	0.24920023782559	AT1G04240, AT2G17500, AT3G13980, AT4G34760	True	0.4161166412053663		False		Auxin signaling pathway		SHY2, PILS5, AT3G13980, SAUR50
w:iron	word	iron	10	325	513	21521	1.2908082171240067	0.24952999594569064	AT1G67110, AT2G01830, AT3G50660, AT4G37410, AT5G04330, AT5G09970, AT5G24290, AT5G42590, AT5G47990, AT5G63450	True	0.4161166412053663		False		iron		CYP735A2, WOL, DWF4, CYP81F4, CYP84A4, CYP78A7, MEB2, CYP71A16, CYP705A5, CYP94B1
p:rich glycoprotein	phrase	rich glycoprotein	3	325	115	21521	1.7274381270903012	0.2517479908359518	AT1G14710, AT3G06750, AT5G65660	True	0.4175432771120448		False		rich glycoprotein		AT1G14710, AT3G06750, AT5G65660
w:represse	word	represse	3	325	115	21521	1.7274381270903012	0.2517479908359518	AT1G32640, AT5G13180, AT5G56860	True	0.4175432771120448		False		represse		MYC2, NAC083, GNC
w:temperature	word	temperature	3	325	115	21521	1.7274381270903012	0.2517479908359518	AT3G49990, AT5G57280, AT5G60990	True	0.4175432771120448		False		temperature		AT3G49990, RID2, RH10
w:phospho	word	phospho	2	325	64	21521	2.069326923076923	0.25179018476815485	AT1G13420, AT3G45070	True	0.4175432771120448		False		phospho		ST4B, SOT5
w:determination	word	determination	2	325	65	21521	2.037491124260355	0.25739429682925097	AT2G34260, AT4G13750	True	0.42564926137688375		False		determination		WDR55, NOV
w:xyloglucan	word	xyloglucan	2	325	65	21521	2.037491124260355	0.25739429682925097	AT2G36870, AT3G28180	True	0.42564926137688375		False		xyloglucan		XTH32, CSLC04
w:stomatal	word	stomatal	6	325	284	21521	1.3989815817984832	0.2597684620995802	AT1G15440, AT1G32640, AT1G55020, AT1G69530, AT2G17820, AT5G65640	True	0.42897875199500124		False		stomatal		PWP2, MYC2, LOX1, EXPA1, HK1, bHLH093
w:antimicrobial	word	antimicrobial	2	325	66	21521	2.006620046620047	0.2630002902810858	AT1G11670, AT5G38030	True	0.43345033720621506		False		antimicrobial		DTX36, DTX30
w:iaa	word	iaa	3	325	118	21521	1.6835202086049543	0.2639344357756936	AT1G04240, AT1G70560, AT5G60890	True	0.43345033720621506		False		iaa		SHY2, TAA1, MYB34
p:flowering time	phrase	flowering time	3	325	118	21521	1.6835202086049543	0.2639344357756936	AT1G04870, AT4G26150, AT5G56860	True	0.43345033720621506		False		flowering time		PRMT10, CGA1, GNC
k:Spliceosome	keyword	Spliceosome	3	325	118	21521	1.6835202086049543	0.2639344357756936	AT3G07860, AT3G62310, AT4G22380	True	0.43345033720621506		False		Spliceosome		SNRNP25, AT3G62310, AT4G22380
p:promoter element	phrase	promoter element	4	325	173	21521	1.5310626945309027	0.26572653569328547	AT1G04240, AT2G46310, AT4G18880, AT4G23750	True	0.43579151853698816		False		promoter element		SHY2, CRF5, HSFA4A, CRF2
w:translational	word	translational	3	325	119	21521	1.6693729799612154	0.26801314150219746	AT1G56350, AT1G72090, AT4G34590	True	0.4358421557050712		False		translational		PRFB2, AT1G72090, GBF6
w:glutamate	word	glutamate	3	325	119	21521	1.6693729799612154	0.26801314150219746	AT3G11240, AT4G26150, AT5G56860	True	0.4358421557050712		False		glutamate		ATE2, CGA1, GNC
w:atl	word	atl	2	325	67	21521	1.9766704936854191	0.2686068344534653	AT1G04360, AT2G18670	True	0.4358421557050712		False		atl		ATL1, ATL56
w:extrusion	word	extrusion	2	325	67	21521	1.9766704936854191	0.2686068344534653	AT1G11670, AT5G38030	True	0.4358421557050712		False		extrusion		DTX36, DTX30
p:primary root	phrase	primary root	2	325	67	21521	1.9766704936854191	0.2686068344534653	AT1G70560, AT5G47530	True	0.4358421557050712		False		primary root		TAA1, AT5G47530
p:finger ccch	phrase	finger ccch	2	325	67	21521	1.9766704936854191	0.2686068344534653	AT2G28450, AT3G19360	True	0.4358421557050712		False		finger ccch		AT2G28450, AT3G19360
p:nuclear ribonucleoprotein	phrase	nuclear ribonucleoprotein	2	325	67	21521	1.9766704936854191	0.2686068344534653	AT3G07860, AT4G05410	True	0.4358421557050712		False		nuclear ribonucleoprotein		SNRNP25, YAO
k:Abscisic acid signaling pathway	keyword	Abscisic acid signaling pathway	4	325	174	21521	1.522263483642794	0.26905646954375295	AT1G32640, AT2G17820, AT4G15230, AT5G13610	True	0.4358421557050712		False		Abscisic acid signaling pathway		MYC2, HK1, ABCG30, RRL
w:uptake	word	uptake	4	325	174	21521	1.522263483642794	0.26905646954375295	AT2G01830, AT3G13620, AT4G34760, AT4G38860	True	0.4358421557050712		False		uptake		WOL, PUT4, SAUR50, SAUR16
w:hydrolyzing	word	hydrolyzing	5	325	232	21521	1.4271220159151194	0.27397575018163023	AT1G60260, AT1G63660, AT1G64390, AT2G36870, AT2G44460	True	0.4399984167524555		False		hydrolyzing		BGLU5, AT1G63660, GH9C2, XTH32, BGLU28
w:turnover	word	turnover	2	325	68	21521	1.947601809954751	0.2742126381947599	AT1G04240, AT1G32640	True	0.4399984167524555		False		turnover		SHY2, MYC2
w:mapk	word	mapk	2	325	68	21521	1.947601809954751	0.2742126381947599	AT2G01830, AT2G17820	True	0.4399984167524555		False		mapk		WOL, HK1
w:ccch	word	ccch	2	325	68	21521	1.947601809954751	0.2742126381947599	AT2G28450, AT3G19360	True	0.4399984167524555		False		ccch		AT2G28450, AT3G19360
p:acetic acid	phrase	acetic acid	2	325	68	21521	1.947601809954751	0.2742126381947599	AT3G44320, AT5G60890	True	0.4399984167524555		False		acetic acid		NIT3, MYB34
w:acetic	word	acetic	2	325	68	21521	1.947601809954751	0.2742126381947599	AT3G44320, AT5G60890	True	0.4399984167524555		False		acetic		NIT3, MYB34
w:neutral	word	neutral	2	325	68	21521	1.947601809954751	0.2742126381947599	AT4G37070, AT5G04770	True	0.4399984167524555		False		neutral		PLP1, CAT6
w:subcomplex	word	subcomplex	2	325	69	21521	1.919375696767001	0.2798164489881163	AT3G21540, AT5G14050	True	0.447179782052245		False		subcomplex		AT3G21540, AT5G14050
w:pyrimidine	word	pyrimidine	2	325	69	21521	1.919375696767001	0.2798164489881163	AT4G22570, AT5G11160	True	0.447179782052245		False		pyrimidine		APT3, APT5
w:link	word	link	2	325	69	21521	1.919375696767001	0.2798164489881163	AT4G34760, AT4G38860	True	0.447179782052245		False		link		SAUR50, SAUR16
w:hydroxyproline	word	hydroxyproline	3	325	122	21521	1.6283228247162675	0.2802908163991805	AT1G14710, AT3G06750, AT5G65660	True	0.44733661838741695		False		hydroxyproline		AT1G14710, AT3G06750, AT5G65660
w:homeodomain	word	homeodomain	4	325	178	21521	1.4880553154710456	0.2824476882197426	AT3G46640, AT4G34610, AT4G37790, AT5G39760	True	0.45017466661296773		False		homeodomain		PCL1, BLH6, HAT22, HB23
w:hydrolysis	word	hydrolysis	11	325	592	21521	1.230410602910603	0.2841825185041345	AT1G79950, AT2G28070, AT2G40700, AT3G09720, AT3G22310, AT3G62310, AT4G15230, AT4G37070, AT5G08620, AT5G60990, AT5G62190	True	0.452333352746206		False		hydrolysis		RTEL1, ABCG3, RH17, RH57, PMH1, AT3G62310, ABCG30, PLP1, STRS2, RH10, PRH75
k:Translocation	keyword	Translocation	2	325	70	21521	1.8919560439560439	0.2854170520852122	AT1G61570, AT3G16310	True	0.45369100926379313		False		Translocation		TIM13, NUP35
w:repressor	word	repressor	6	325	295	21521	1.3468161668839636	0.2880167457042589	AT1G04240, AT3G50700, AT4G26150, AT4G37790, AT5G13180, AT5G56860	True	0.4567674464718701		False		repressor		SHY2, IDD2, CGA1, HAT22, NAC083, GNC
w:female	word	female	3	325	124	21521	1.602059553349876	0.2885049220356387	AT1G29940, AT2G34260, AT3G11964	True	0.4567674464718701		False		female		NRPA2, WDR55, RRP5
w:inositol	word	inositol	3	325	124	21521	1.602059553349876	0.2885049220356387	AT4G33770, AT4G34590, AT5G52560	True	0.4567674464718701		False		inositol		ITPK2, GBF6, USP
w:backbone	word	backbone	2	325	71	21521	1.865308775731311	0.2910132696572325	AT2G45310, AT3G28180	True	0.4601260340724062		False		backbone		GAE4, CSLC04
w:terminal	word	terminal	9	325	477	21521	1.2494049346879537	0.2957369779209064	AT1G09810, AT2G39020, AT3G11240, AT3G63090, AT4G02220, AT4G34760, AT4G38860, AT5G52560, AT5G61310	True	0.466973793821989		False		terminal		ECT11, GNAT8, ATE2, AT3G63090, AT4G02220, SAUR50, SAUR16, USP, AT5G61310
p:dependent manner	phrase	dependent manner	5	325	240	21521	1.379551282051282	0.29724697883973256	AT2G01830, AT2G38750, AT3G55510, AT4G26150, AT5G56860	True	0.46873562047803985		False		dependent manner		WOL, ANNAT4, RBL, CGA1, GNC
p:guard cell	phrase	guard cell	2	325	73	21521	1.814204425711275	0.3021880165321704	AT1G15440, AT5G65640	True	0.4729660891413282		False		guard cell		PWP2, bHLH093
w:tomato	word	tomato	2	325	73	21521	1.814204425711275	0.3021880165321704	AT1G55020, AT3G11240	True	0.4729660891413282		False		tomato		LOX1, ATE2
w:diverse	word	diverse	2	325	73	21521	1.814204425711275	0.3021880165321704	AT1G55020, AT3G61640	True	0.4729660891413282		False		diverse		LOX1, AGP20
p:beta glucosidase	phrase	beta glucosidase	2	325	73	21521	1.814204425711275	0.3021880165321704	AT1G60260, AT2G44460	True	0.4729660891413282		False		beta glucosidase		BGLU5, BGLU28
p:homologous recombination	phrase	homologous recombination	2	325	73	21521	1.814204425711275	0.3021880165321704	AT1G79950, AT5G15920	True	0.4729660891413282		False		homologous recombination		RTEL1, SMC5
w:structure	word	structure	4	325	184	21521	1.439531772575251	0.3027142084411697	AT1G52160, AT1G55020, AT5G09970, AT5G13610	True	0.4729660891413282		False		structure		TRZ3, LOX1, CYP78A7, RRL
p:copper ion	phrase	copper ion	4	325	184	21521	1.439531772575251	0.3027142084411697	AT1G61570, AT3G29250, AT3G55010, AT4G21140	True	0.4729660891413282		False		copper ion		TIM13, SDR4, PUR5, AT4G21140
w:toward	word	toward	4	325	185	21521	1.4317505197505196	0.30610894492654234	AT1G10490, AT1G17190, AT4G22570, AT5G11160	True	0.4776424350625444		False		toward		AT1G10490, GSTU26, APT3, APT5
w:phosphatidylcholine	word	phosphatidylcholine	2	325	74	21521	1.7896881496881496	0.30776436736851104	AT1G55690, AT4G37070	True	0.478342265099555		False		phosphatidylcholine		SFH13, PLP1
p:udp glucosyltransferase	phrase	udp glucosyltransferase	2	325	74	21521	1.7896881496881496	0.30776436736851104	AT2G22930, AT5G05860	True	0.478342265099555		False		udp glucosyltransferase		UGT79B8, UGT76C2
w:glycerol	word	glycerol	2	325	74	21521	1.7896881496881496	0.30776436736851104	AT4G01950, AT4G19030	True	0.478342265099555		False		glycerol		GPAT3, NLM1
w:identity	word	identity	3	325	129	21521	1.539964221824687	0.3091098525744898	AT1G70560, AT3G07050, AT5G57280	True	0.4797975000982087		False		identity		TAA1, NSN1, RID2
k:Mitochondrion inner membrane	keyword	Mitochondrion inner membrane	4	325	186	21521	1.4240529363110008	0.3095077229397191	AT2G19080, AT3G20240, AT4G24570, AT5G61310	True	0.4797975000982087		False		Mitochondrion inner membrane		MTX1, AT3G20240, DIC2, AT5G61310
w:downstream	word	downstream	4	325	187	21521	1.4164376799670917	0.31291024332104506	AT2G01830, AT2G17820, AT3G17310, AT5G59010	True	0.4844404678498992		False		downstream		WOL, HK1, DRM3, BSK5
w:intermembrane	word	intermembrane	2	325	75	21521	1.765825641025641	0.3133319741640761	AT1G55690, AT1G61570	True	0.4844625712367835		False		intermembrane		SFH13, TIM13
w:pattern	word	pattern	5	325	246	21521	1.345903689806129	0.3149099734325208	AT1G20330, AT1G55020, AT1G70560, AT4G13750, AT5G16750	True	0.4862700758587886		False		pattern		SMT2, LOX1, TAA1, NOV, TOZ
w:time	word	time	3	325	131	21521	1.5164533176746917	0.3173686907312907	AT1G04870, AT4G26150, AT5G56860	True	0.4887971156470267		False		time		PRMT10, CGA1, GNC
w:endogenous	word	endogenous	3	325	131	21521	1.5164533176746917	0.3173686907312907	AT1G17190, AT2G29440, AT2G29490	True	0.4887971156470267		False		endogenous		GSTU26, GSTU6, GSTU1
w:change	word	change	2	325	77	21521	1.71996003996004	0.32443696625836327	AT1G03110, AT1G70560	True	0.4964678930259896		False		change		TRM82, TAA1
w:timing	word	timing	2	325	77	21521	1.71996003996004	0.32443696625836327	AT3G11240, AT4G29720	True	0.4964678930259896		False		timing		ATE2, PAO5
p:dehydrogenase reductase	phrase	dehydrogenase reductase	2	325	77	21521	1.71996003996004	0.32443696625836327	AT3G29250, AT4G23420	True	0.4964678930259896		False		dehydrogenase reductase		SDR4, AT4G23420
p:short‑chain dehydrogenase	phrase	short-chain dehydrogenase	2	325	77	21521	1.71996003996004	0.32443696625836327	AT3G29250, AT4G23420	True	0.4964678930259896		False		short-chain dehydrogenase		SDR4, AT4G23420
w:sdr	word	sdr	2	325	77	21521	1.71996003996004	0.32443696625836327	AT3G29250, AT4G23420	True	0.4964678930259896		False		sdr		SDR4, AT4G23420
w:male	word	male	3	325	133	21521	1.4936495083863506	0.3256311164163544	AT1G68990, AT2G34260, AT3G49670	True	0.4976547524666393		False		male		MGP3, WDR55, BAM2
w:acetyltransferase	word	acetyltransferase	3	325	134	21521	1.4825028702640646	0.3297624590685111	AT1G10490, AT2G39020, AT4G34590	True	0.5019793756395927		False		acetyltransferase		AT1G10490, GNAT8, GBF6
w:insect	word	insect	2	325	78	21521	1.6979092702169627	0.32997243655637426	AT1G32640, AT5G60890	True	0.5019793756395927		False		insect		MYC2, MYB34
w:symporter	word	symporter	2	325	78	21521	1.6979092702169627	0.32997243655637426	AT3G10960, AT3G13620	True	0.5019793756395927		False		symporter		AZG1, PUT4
p:inner membrane	phrase	inner membrane	6	325	311	21521	1.2775265891664607	0.33014959777137215	AT1G61570, AT2G19080, AT2G40090, AT3G20240, AT4G24570, AT5G61310	True	0.5019793756395927		False		inner membrane		TIM13, MTX1, ATH9, AT3G20240, DIC2, AT5G61310
w:xenobiotic	word	xenobiotic	2	325	79	21521	1.6764167478091527	0.3354953313527459	AT1G11670, AT5G38030	True	0.5075113854687212		False		xenobiotic		DTX36, DTX30
p:shoot system	phrase	shoot system	2	325	79	21521	1.6764167478091527	0.3354953313527459	AT1G70560, AT2G01830	True	0.5075113854687212		False		shoot system		TAA1, WOL
k:Initiation factor	keyword	Initiation factor	2	325	79	21521	1.6764167478091527	0.3354953313527459	AT2G34750, AT5G06000	True	0.5075113854687212		False		Initiation factor		AT2G34750, EIF3G2
p:seed coat	phrase	seed coat	2	325	79	21521	1.6764167478091527	0.3354953313527459	AT3G44550, AT4G33770	True	0.5075113854687212		False		seed coat		FAR5, ITPK2
k:Vacuole	keyword	Vacuole	5	325	254	21521	1.3035130224106601	0.33865852420715514	AT1G49320, AT1G78580, AT2G41290, AT3G57010, AT5G64620	True	0.5116454704984846		False		Vacuole		USPL1, TPS1, SSL2, SSL8, C/VIF2
w:glycosyl	word	glycosyl	8	325	438	21521	1.20946961714085	0.34299277733461203	AT1G60260, AT1G64390, AT2G36870, AT2G44460, AT3G15720, AT3G61100, AT4G30760, AT5G14650	True	0.5175360561559057		False		glycosyl		BGLU5, GH9C2, XTH32, BGLU28, AT3G15720, AT3G61100, AT4G30760, AT5G14650
w:floral	word	floral	4	325	196	21521	1.351397174254317	0.34365311813057925	AT3G07050, AT3G25655, AT3G49670, AT3G55510	True	0.5178752312512784		False		floral		NSN1, IDL1, BAM2, RBL
w:primary	word	primary	5	325	256	21521	1.293329326923077	0.344620689365869	AT1G70560, AT2G01830, AT2G36870, AT4G29740, AT5G47530	True	0.5186759489316686		False		primary		TAA1, WOL, XTH32, CKX4, AT5G47530
w:sterol	word	sterol	2	325	81	21521	1.6350237416904083	0.3464998994616913	AT1G20330, AT5G24140	True	0.5201873490655947		False		sterol		SMT2, SQP2
w:sensitivity	word	sensitivity	2	325	81	21521	1.6350237416904083	0.3464998994616913	AT3G10960, AT3G11240	True	0.5201873490655947		False		sensitivity		AZG1, ATE2
p:glycosyl compound	phrase	glycosyl compound	4	325	199	21521	1.33102435253189	0.35392668742563804	AT1G60260, AT1G64390, AT2G36870, AT2G44460	True	0.5306668743368015		False		glycosyl compound		BGLU5, GH9C2, XTH32, BGLU28
w:compound	word	compound	8	325	444	21521	1.193125433125433	0.35660855298311334	AT1G11670, AT1G55020, AT1G60260, AT1G64390, AT2G01830, AT2G36870, AT2G44460, AT5G38030	True	0.5340145711548133		False		compound		DTX36, LOX1, BGLU5, GH9C2, WOL, XTH32, BGLU28, DTX30
w:jasmonic	word	jasmonic	5	325	261	21521	1.2685529030356617	0.35955345462604366	AT1G32640, AT1G55020, AT3G50660, AT5G24290, AT5G63450	True	0.5370716803396557		False		jasmonic		MYC2, LOX1, DWF4, MEB2, CYP94B1
p:jasmonic acid	phrase	jasmonic acid	5	325	261	21521	1.2685529030356617	0.35955345462604366	AT1G32640, AT1G55020, AT3G50660, AT5G24290, AT5G63450	True	0.5370716803396557		False		jasmonic acid		MYC2, LOX1, DWF4, MEB2, CYP94B1
w:delta	word	delta	2	325	84	21521	1.5766300366300365	0.36289134692536157	AT3G30775, AT5G65860	True	0.5406990118975625		False		delta		ERD5, AT5G65860
w:recycling	word	recycling	2	325	84	21521	1.5766300366300365	0.36289134692536157	AT4G22570, AT5G11160	True	0.5406990118975625		False		recycling		APT3, APT5
w:signal	word	signal	17	325	1016	21521	1.107986069049061	0.36703210139633313	AT1G10470, AT1G13740, AT1G19050, AT1G74890, AT2G01830, AT2G17820, AT2G40670, AT2G41310, AT2G46310, AT3G29575, AT3G48100, AT3G57040, AT4G23750, AT4G34760, AT5G09970, AT5G13610, AT5G62920	True	0.5461841909389739		False		signal		ARR4, AFP2, ARR7, ARR15, WOL, HK1, RR16, RR3, CRF5, AFP3, RR5, ARR9, CRF2, SAUR50, CYP78A7, RRL, ARR6
w:central	word	central	5	325	264	21521	1.2541375291375292	0.36852455511977716	AT1G04240, AT1G29940, AT1G58170, AT3G57660, AT4G11190	True	0.5477196200467688		False		central		SHY2, NRPA2, DIR19, NRPA1, DIR13
w:glutathione	word	glutathione	3	325	144	21521	1.379551282051282	0.37097120465183314	AT1G17190, AT2G29440, AT2G29490	True	0.5494087130346087		False		glutathione		GSTU26, GSTU6, GSTU1
w:replication	word	replication	4	325	204	21521	1.2984012066365007	0.3710472637231209	AT1G31010, AT1G79950, AT3G22310, AT5G13180	True	0.5494087130346087		False		replication		OSB4, RTEL1, PMH1, NAC083
w:bacterial	word	bacterial	4	325	204	21521	1.2984012066365007	0.3710472637231209	AT1G55020, AT2G01830, AT3G11240, AT4G15230	True	0.5494087130346087		False		bacterial		LOX1, WOL, ATE2, ABCG30
p:tetratricopeptide repeat	phrase	tetratricopeptide repeat	5	325	265	21521	1.2494049346879537	0.3715157515651036	AT1G02370, AT1G78120, AT3G15590, AT4G36680, AT5G59010	True	0.5494181947896868		False		tetratricopeptide repeat		AT1G02370, TPR12, AT3G15590, AT4G36680, BSK5
w:hydrolase	word	hydrolase	23	325	1404	21521	1.0847753670830593	0.3734987525913115	AT1G06720, AT1G60260, AT1G64390, AT1G72040, AT1G79950, AT2G36870, AT2G40700, AT2G44460, AT3G09720, AT3G15720, AT3G44320, AT3G45070, AT3G61100, AT3G63090, AT4G03610, AT4G29690, AT4G29700, AT4G30760, AT4G37070, AT5G14650, AT5G19290, AT5G45950, AT5G59480	True	0.5506426657376592		False		hydrolase		AT1G06720, BGLU5, GH9C2, dNK, RTEL1, XTH32, RH17, BGLU28, RH57, AT3G15720, NIT3, SOT5, AT3G61100, AT3G63090, AT4G03610, AT4G29690, AT4G29700, AT4G30760, PLP1, AT5G14650, MAGL16, AT5G45950, AT5G59480
w:mitosis	word	mitosis	2	325	86	21521	1.539964221824687	0.3737330792685374	AT1G29940, AT2G31410	True	0.5506426657376592		False		mitosis		NRPA2, AT2G31410
p:pseudomonas syringae	phrase	pseudomonas syringae	2	325	86	21521	1.539964221824687	0.3737330792685374	AT1G55020, AT3G11240	True	0.5506426657376592		False		pseudomonas syringae		LOX1, ATE2
w:stem	word	stem	3	325	145	21521	1.3700371352785148	0.37507206170037666	AT1G19050, AT1G70560, AT4G13750	True	0.5519315363387969		False		stem		ARR7, TAA1, NOV
w:tetratricopeptide	word	tetratricopeptide	5	325	267	21521	1.2400460962258717	0.3774983322867864	AT1G02370, AT1G78120, AT3G15590, AT4G36680, AT5G59010	True	0.5548152250790964		False		tetratricopeptide		AT1G02370, TPR12, AT3G15590, AT4G36680, BSK5
w:consensus	word	consensus	2	325	87	21521	1.522263483642794	0.37912602948784785	AT1G76580, AT3G21270	True	0.5558943511720766		False		consensus		SPL16, DOF2
p:apical meristem	phrase	apical meristem	3	325	146	21521	1.3606533192834565	0.37916763566068473	AT5G09970, AT5G57280, AT5G60990	True	0.5558943511720766		False		apical meristem		CYP78A7, RID2, RH10
w:multidrug	word	multidrug	2	325	88	21521	1.504965034965035	0.38449947429242254	AT1G11670, AT5G38030	True	0.5616337529897916		False		multidrug		DTX36, DTX30
p:pectin lyase	phrase	pectin lyase	2	325	88	21521	1.504965034965035	0.38449947429242254	AT3G15720, AT5G14650	True	0.5616337529897916		False		pectin lyase		AT3G15720, AT5G14650
w:short‑chain	word	short-chain	2	325	88	21521	1.504965034965035	0.38449947429242254	AT3G29250, AT4G23420	True	0.5616337529897916		False		short-chain		SDR4, AT4G23420
w:pseudomonas	word	pseudomonas	2	325	89	21521	1.4880553154710456	0.3898527730483758	AT1G55020, AT3G11240	True	0.5673622364192397		False		pseudomonas		LOX1, ATE2
w:fungal	word	fungal	2	325	89	21521	1.4880553154710456	0.3898527730483758	AT1G55020, AT4G15230	True	0.5673622364192397		False		fungal		LOX1, ABCG30
w:catalyze	word	catalyze	2	325	89	21521	1.4880553154710456	0.3898527730483758	AT3G45070, AT5G52470	True	0.5673622364192397		False		catalyze		SOT5, FIB1
w:low	word	low	7	325	397	21521	1.1675799263708584	0.3929000375910503	AT1G04240, AT1G72140, AT3G21670, AT3G49990, AT4G22570, AT5G04120, AT5G11160	True	0.571097976400683		False		low		SHY2, NPF5.12, NPF6.4, AT3G49990, APT3, IPSP, APT5
w:stability	word	stability	4	325	211	21521	1.2553262850893183	0.3949579376133056	AT1G09810, AT1G56350, AT1G79950, AT3G04770	True	0.5727612089250347		False		stability		ECT11, PRFB2, RTEL1, RPSAb
w:modulation	word	modulation	2	325	90	21521	1.4715213675213676	0.39518530878832053	AT4G26150, AT5G56860	True	0.5727612089250347		False		modulation		CGA1, GNC
w:mrnas	word	mrnas	3	325	150	21521	1.324369230769231	0.39548944703738725	AT1G09810, AT3G46210, AT5G06000	True	0.5727612089250347		False		mrnas		ECT11, RRP46, EIF3G2
w:tissue	word	tissue	6	325	336	21521	1.1824725274725276	0.3972163321792417	AT1G55020, AT1G70560, AT2G01830, AT2G36870, AT3G44550, AT4G13750	True	0.5745623101716768		False		tissue		LOX1, TAA1, WOL, XTH32, FAR5, NOV
w:direct	word	direct	3	325	151	21521	1.3155985736118188	0.3995529261671038	AT1G56350, AT3G46640, AT5G60890	True	0.5772003924991157		False		direct		PRFB2, PCL1, MYB34
w:preventing	word	preventing	2	325	91	21521	1.4553508030431106	0.4004964876465689	AT2G19540, AT3G07050	True	0.5772003924991157		False		preventing		HTD1, NSN1
w:snrnp	word	snrnp	2	325	91	21521	1.4553508030431106	0.4004964876465689	AT3G07860, AT4G22380	True	0.5772003924991157		False		snrnp		SNRNP25, AT4G22380
w:apical	word	apical	4	325	213	21521	1.243539183820874	0.401766822272468	AT3G07050, AT5G09970, AT5G57280, AT5G60990	True	0.5783302078474146		False		apical		NSN1, CYP78A7, RID2, RH10
w:catabolic	word	catabolic	17	325	1039	21521	1.0834589472125564	0.4022933077225066	AT1G14710, AT1G17190, AT1G75440, AT1G75450, AT1G80720, AT2G29440, AT2G29490, AT2G36870, AT3G11240, AT3G15720, AT3G30775, AT3G44320, AT4G29720, AT4G29740, AT5G05860, AT5G37890, AT5G65640	True	0.5783878390351395		False		catabolic		AT1G14710, GSTU26, UBC16, CKX5, AT1G80720, GSTU6, GSTU1, XTH32, ATE2, AT3G15720, ERD5, NIT3, PAO5, CKX4, UGT76C2, AT5G37890, bHLH093
k:Glycosidase	keyword	Glycosidase	6	325	339	21521	1.1720081688223283	0.4052833116573151	AT1G60260, AT1G64390, AT2G36870, AT2G44460, AT3G15720, AT5G14650	True	0.5819829197591155		False		Glycosidase		BGLU5, GH9C2, XTH32, BGLU28, AT3G15720, AT5G14650
p:abiotic stress	phrase	abiotic stress	2	325	92	21521	1.439531772575251	0.40578573830590087	AT5G59010, AT5G62090	True	0.5820014992107553		False		abiotic stress		BSK5, SLK2
w:strand	word	strand	3	325	153	21521	1.298401206636501	0.4076570186841965	AT1G79950, AT3G49670, AT3G57660	True	0.5839809580909755		False		strand		RTEL1, BAM2, NRPA1
w:cascade	word	cascade	2	325	93	21521	1.4240529363110008	0.41105251145569943	AT2G01830, AT2G17820	True	0.5874296107221474		False		cascade		WOL, HK1
w:inflorescence	word	inflorescence	2	325	93	21521	1.4240529363110008	0.41105251145569943	AT3G07050, AT3G25655	True	0.5874296107221474		False		inflorescence		NSN1, IDL1
w:alcohol	word	alcohol	3	325	155	21521	1.2816476426799008	0.41572834721998553	AT1G58170, AT3G44550, AT4G11190	True	0.5933985652395711		False		alcohol		DIR19, FAR5, DIR13
w:cell	word	cell	46	325	2935	21521	1.0378361944699253	0.41680282156342624	AT1G15440, AT1G18870, AT1G19050, AT1G20330, AT1G26770, AT1G32640, AT1G55020, AT1G69530, AT1G70560, AT1G78580, AT2G01830, AT2G03090, AT2G24120, AT2G34510, AT2G36870, AT2G39700, AT2G40360, AT2G45310, AT3G03220, AT3G07050, AT3G13620, AT3G15720, AT3G28180, AT3G45960, AT3G49670, AT3G50660, AT3G61640, AT3G63130, AT4G02220, AT4G05410, AT4G13750, AT4G15230, AT4G19030, AT4G24570, AT4G26600, AT4G34760, AT4G38860, AT5G06000, AT5G11420, AT5G14520, AT5G16750, AT5G50915, AT5G57280, AT5G62440, AT5G64620, AT5G65640	True	0.5942188906941412		False		cell		PWP2, ICS2, ARR7, SMT2, EXPA10, MYC2, LOX1, EXPA1, TAA1, TPS1, WOL, EXPA15, SCA3, ATHB-1, XTH32, EXPA4, BOP1, GAE4, EXPA13, NSN1, PUT4, AT3G15720, CSLC04, EXLA3, BAM2, DWF4, AGP20, RANGAP1, AT4G02220, YAO, NOV, ABCG30, NLM1, DIC2, NOP2B, SAUR50, SAUR16, EIF3G2, AT5G11420, PES, TOZ, BHLH137, RID2, EMB514, C/VIF2, bHLH093
w:vitro	word	vitro	8	325	472	21521	1.1223468057366361	0.42066486273531056	AT1G03360, AT1G17190, AT1G55690, AT3G07050, AT4G27490, AT5G04120, AT5G49480, AT5G52470	True	0.598056354939756		False		vitro		RRP4, GSTU26, SFH13, NSN1, RRP41L, IPSP, CP1, FIB1
k:Activator	keyword	Activator	8	325	472	21521	1.1223468057366361	0.42066486273531056	AT1G32640, AT2G22770, AT2G31180, AT2G46310, AT4G18880, AT4G23750, AT5G13180, AT5G60890	True	0.598056354939756		False		Activator		MYC2, NAI1, MYB14, CRF5, HSFA4A, CRF2, NAC083, MYB34
w:guard	word	guard	2	325	95	21521	1.3940728744939272	0.421516534843761	AT1G15440, AT5G65640	True	0.598056354939756		False		guard		PWP2, bHLH093
w:insensitive	word	insensitive	2	325	95	21521	1.3940728744939272	0.421516534843761	AT1G32640, AT1G70560	True	0.598056354939756		False		insensitive		MYC2, TAA1
w:copper	word	copper	4	325	219	21521	1.20946961714085	0.4221051598998876	AT1G61570, AT3G29250, AT3G55010, AT4G21140	True	0.598056354939756		False		copper		TIM13, SDR4, PUR5, AT4G21140
w:repeat	word	repeat	24	325	1506	21521	1.0552742874655225	0.42251247952009674	AT1G02370, AT1G03110, AT1G08610, AT1G15440, AT1G69040, AT1G78120, AT1G79950, AT2G19540, AT2G34260, AT2G40360, AT3G10530, AT3G15590, AT3G17310, AT3G21540, AT3G49670, AT4G05410, AT4G20020, AT4G36680, AT4G38150, AT5G14050, AT5G15550, AT5G16750, AT5G59010, AT5G65860	True	0.598056354939756		False		repeat		AT1G02370, TRM82, AT1G08610, PWP2, ACR4, TPR12, RTEL1, HTD1, WDR55, BOP1, AT3G10530, AT3G15590, DRM3, AT3G21540, BAM2, YAO, MORF1, AT4G36680, AT4G38150, AT5G14050, WDR12, TOZ, BSK5, AT5G65860
p:dna replication	phrase	dna replication	3	325	157	21521	1.2653209211170995	0.4237642741016836	AT1G31010, AT1G79950, AT5G13180	True	0.5991150082127251		False		dna replication		OSB4, RTEL1, NAC083
w:translation	word	translation	9	325	539	21521	1.1056885971171686	0.4273107901603755	AT1G02370, AT1G06720, AT1G15250, AT1G56350, AT3G04770, AT3G15590, AT4G31790, AT4G34590, AT5G06000	True	0.6034115552264685		False		translation		AT1G02370, AT1G06720, RPL37A, PRFB2, RPSAb, AT3G15590, AT4G31790, GBF6, EIF3G2
w:synthetase	word	synthetase	3	325	159	21521	1.2494049346879537	0.43176226766508874	AT1G63660, AT3G21110, AT3G55010	True	0.6081683834186142		False		synthetase		AT1G63660, PUR7, PUR5
w:step	word	step	8	325	477	21521	1.11058216416707	0.43210815822747783	AT1G70560, AT3G04770, AT3G25655, AT3G50660, AT3G57660, AT4G01950, AT4G31790, AT5G57280	True	0.6081683834186142		False		step		TAA1, RPSAb, IDL1, DWF4, NRPA1, GPAT3, AT4G31790, RID2
w:seedling	word	seedling	4	325	222	21521	1.193125433125433	0.4322138637415719	AT2G01830, AT3G11240, AT4G27490, AT5G13610	True	0.6081683834186142		False		seedling		WOL, ATE2, RRP41L, RRL
w:mitochondria	word	mitochondria	2	325	98	21521	1.351397174254317	0.43703146319047625	AT4G20020, AT5G13610	True	0.6142203424745583		False		mitochondria		MORF1, RRL
w:chlorophyll	word	chlorophyll	3	325	161	21521	1.2338843764930723	0.43971990070718947	AT2G01830, AT4G26150, AT5G56860	True	0.6170900681312603		False		chlorophyll		WOL, CGA1, GNC
w:ethylene	word	ethylene	6	325	352	21521	1.1287237762237763	0.4401113353871394	AT1G55020, AT1G70560, AT2G46310, AT3G25655, AT4G23750, AT4G28720	True	0.6170900681312603		False		ethylene		LOX1, TAA1, CRF5, IDL1, CRF2, YUC8
p:wall biogenesis	phrase	wall biogenesis	3	325	162	21521	1.2262678062678063	0.44368285169778393	AT1G32640, AT1G78580, AT2G36870	True	0.6213650302339989		False		wall biogenesis		MYC2, TPS1, XTH32
k:Repressor	keyword	Repressor	4	325	227	21521	1.166845137241613	0.44895285444642646	AT1G04240, AT5G13180, AT5G57280, AT5G60990	True	0.626852870796798		False		Repressor		SHY2, NAC083, RID2, RH10
w:carbohydrate	word	carbohydrate	10	325	614	21521	1.0784765722876473	0.44918304955329846	AT1G60260, AT1G64390, AT2G01830, AT2G36870, AT2G44460, AT3G05400, AT3G15720, AT4G15230, AT4G26150, AT5G56860	True	0.626852870796798		False		carbohydrate		BGLU5, GH9C2, WOL, XTH32, BGLU28, SUGTL5, AT3G15720, ABCG30, CGA1, GNC
w:nucleotide	word	nucleotide	10	325	614	21521	1.0784765722876473	0.44918304955329846	AT1G76580, AT3G07050, AT3G20240, AT3G21110, AT3G57660, AT4G22570, AT4G29690, AT4G29700, AT5G11160, AT5G52560	True	0.626852870796798		False		nucleotide		SPL16, NSN1, AT3G20240, PUR7, NRPA1, APT3, AT4G29690, AT4G29700, APT5, USP
w:homeostasis	word	homeostasis	8	325	485	21521	1.092263283108644	0.4503668239734279	AT1G79950, AT2G01830, AT2G17500, AT2G40090, AT3G50700, AT3G55510, AT4G27970, AT4G29720	True	0.6277680582701123		False		homeostasis		RTEL1, WOL, PILS5, ATH9, IDD2, RBL, SLAH2, PAO5
w:toxic	word	toxic	3	325	164	21521	1.211313320825516	0.4515756174544701	AT1G11670, AT1G79950, AT5G38030	True	0.6278985043830638		False		toxic		DTX36, RTEL1, DTX30
w:dehydration	word	dehydration	2	325	101	21521	1.3112566641279513	0.4523184408112974	AT3G30775, AT5G13180	True	0.6278985043830638		False		dehydration		ERD5, NAC083
w:oxidoreductase	word	oxidoreductase	15	325	941	21521	1.0555546472655932	0.45248868856927305	AT1G55020, AT1G67110, AT1G75450, AT3G44550, AT3G50660, AT4G03610, AT4G29720, AT4G29740, AT4G37410, AT5G04330, AT5G09970, AT5G42590, AT5G47990, AT5G63450, AT5G67220	True	0.6278985043830638		False		oxidoreductase		LOX1, CYP735A2, CKX5, FAR5, DWF4, AT4G03610, PAO5, CKX4, CYP81F4, CYP84A4, CYP78A7, CYP71A16, CYP705A5, CYP94B1, AT5G67220
k:Cytoplasm	keyword	Cytoplasm	32	325	2053	21521	1.0321435797519578	0.45257276556458004	AT1G03360, AT1G03850, AT1G13420, AT1G17190, AT1G55020, AT1G70560, AT1G78580, AT2G16700, AT2G19670, AT2G29440, AT2G29490, AT2G30540, AT2G34260, AT2G39020, AT2G46310, AT3G04770, AT3G45070, AT3G63130, AT4G02220, AT4G18880, AT4G22570, AT4G23750, AT4G27490, AT4G29510, AT4G29720, AT4G37070, AT5G06000, AT5G11160, AT5G41190, AT5G49480, AT5G57280, AT5G65860	True	0.6278985043830638		False		Cytoplasm		RRP4, GRXS13, ST4B, GSTU26, LOX1, TAA1, TPS1, ADF5, PRMT1A, GSTU6, GSTU1, GRXS9, WDR55, GNAT8, CRF5, RPSAb, SOT5, RANGAP1, AT4G02220, HSFA4A, APT3, CRF2, RRP41L, PRMT11, PAO5, PLP1, EIF3G2, APT5, NOB1, CP1, RID2, AT5G65860
w:transition	word	transition	5	325	293	21521	1.1300078760829615	0.45471337302590953	AT1G04240, AT1G04870, AT1G78580, AT2G34260, AT4G29720	True	0.6301331008482592		False		transition		SHY2, PRMT10, TPS1, WDR55, PAO5
k:Zinc-finger	keyword	Zinc-finger	18	325	1140	21521	1.0455546558704454	0.4574103477227434	AT1G04360, AT1G15250, AT1G29940, AT1G76580, AT2G18670, AT2G28450, AT2G36930, AT3G15680, AT3G16870, AT3G19360, AT3G21270, AT3G50700, AT4G02220, AT4G26150, AT5G37890, AT5G39760, AT5G41190, AT5G56860	True	0.6331326000492922		False		Zinc-finger		ATL1, RPL37A, NRPA2, SPL16, ATL56, AT2G28450, AT2G36930, AT3G15680, GATA17, AT3G19360, DOF2, IDD2, AT4G02220, CGA1, AT5G37890, HB23, NOB1, GNC
w:stage	word	stage	2	325	103	21521	1.2857953696788649	0.46237783590690656	AT2G34260, AT5G57280	True	0.6392642405736185		False		stage		WDR55, RID2
w:ring	word	ring	10	325	621	21521	1.0663198315372229	0.4633444719744271	AT1G04360, AT1G15440, AT1G76790, AT2G18670, AT2G19540, AT4G05410, AT4G37410, AT5G14050, AT5G15550, AT5G37890	True	0.6398566517742088		False		ring		ATL1, PWP2, IGMT5, ATL56, HTD1, YAO, CYP81F4, AT5G14050, WDR12, AT5G37890
k:NADP	keyword	NADP	5	325	297	21521	1.114788914788915	0.4664024331511003	AT1G62570, AT1G67110, AT3G44550, AT4G28720, AT5G67220	True	0.6431704019339549		False		NADP		FMOGS-OX4, CYP735A2, FAR5, YUC8, AT5G67220
p:blue light	phrase	blue light	2	325	104	21521	1.2734319526627218	0.4673668858460362	AT1G32640, AT5G39760	True	0.6431704019339549		False		blue light		MYC2, HB23
p:box pathogenesis	phrase	box pathogenesis	2	325	104	21521	1.2734319526627218	0.4673668858460362	AT2G46310, AT4G23750	True	0.6431704019339549		False		box pathogenesis		CRF5, CRF2
k:DNA repair	keyword	DNA repair	3	325	169	21521	1.1754756486117435	0.47110184715077175	AT1G79950, AT3G18630, AT5G15920	True	0.647560804927477		False		DNA repair		RTEL1, UNG, SMC5
p:stomatal movement	phrase	stomatal movement	2	325	105	21521	1.2613040293040292	0.47232840041243623	AT1G15440, AT1G69530	True	0.6477490981434678		False		stomatal movement		PWP2, EXPA1
w:center	word	center	2	325	105	21521	1.2613040293040292	0.47232840041243623	AT1G29940, AT3G57660	True	0.6477490981434678		False		center		NRPA2, NRPA1
p:ubiquitin ligase	phrase	ubiquitin ligase	6	325	365	21521	1.088522655426765	0.47454601032741833	AT1G15440, AT2G19540, AT4G05410, AT5G14050, AT5G15550, AT5G37890	True	0.6492925273639821		False		ubiquitin ligase		PWP2, HTD1, YAO, AT5G14050, WDR12, AT5G37890
w:heat	word	heat	6	325	365	21521	1.088522655426765	0.47454601032741833	AT2G19540, AT2G38750, AT2G38760, AT4G16100, AT4G18880, AT4G24570	True	0.6492925273639821		False		heat		HTD1, ANNAT4, ANNAT3, DL4090W, HSFA4A, DIC2
w:accept	word	accept	2	325	106	21521	1.2494049346879537	0.47726207186254377	AT1G75440, AT5G37890	True	0.6515093036102922		False		accept		UBC16, AT5G37890
p:gcc box	phrase	gcc box	2	325	106	21521	1.2494049346879537	0.47726207186254377	AT2G46310, AT4G23750	True	0.6515093036102922		False		gcc box		CRF5, CRF2
w:repression	word	repression	3	325	171	21521	1.161727395411606	0.47882480868283617	AT1G04240, AT2G01830, AT4G34590	True	0.6521451288933473		False		repression		SHY2, WOL, GBF6
w:cleavage	word	cleavage	3	325	171	21521	1.161727395411606	0.47882480868283617	AT1G06720, AT1G10490, AT2G37990	True	0.6521451288933473		False		cleavage		AT1G06720, AT1G10490, AT2G37990
p:acyl coa	phrase	acyl coa	2	325	107	21521	1.2377282530553557	0.4821676079518094	AT2G39020, AT3G44550	True	0.6544489564551386		False		acyl coa		GNAT8, FAR5
w:gcc	word	gcc	2	325	107	21521	1.2377282530553557	0.4821676079518094	AT2G46310, AT4G23750	True	0.6544489564551386		False		gcc		CRF5, CRF2
p:cell expansion	phrase	cell expansion	2	325	107	21521	1.2377282530553557	0.4821676079518094	AT4G34760, AT4G38860	True	0.6544489564551386		False		cell expansion		SAUR50, SAUR16
w:plasmodesma	word	plasmodesma	11	325	700	21521	1.040575824175824	0.4897054226926585	AT1G67110, AT1G69040, AT2G38750, AT2G39700, AT3G07050, AT3G15990, AT3G45960, AT3G57660, AT5G15550, AT5G15920, AT5G59010	True	0.6639221751215176		False		plasmodesma		CYP735A2, ACR4, ANNAT4, EXPA4, NSN1, SULTR3;4, EXLA3, NRPA1, WDR12, SMC5, BSK5
w:transport	word	transport	32	325	2086	21521	1.0158153256139835	0.4902748901222305	AT1G11670, AT1G55690, AT1G70560, AT1G72140, AT2G01830, AT2G03240, AT2G17500, AT2G19080, AT2G28070, AT2G47260, AT3G05400, AT3G10960, AT3G13620, AT3G13980, AT3G15990, AT3G16310, AT3G20240, AT3G21670, AT3G45680, AT3G45700, AT3G45710, AT3G60070, AT3G63130, AT4G13750, AT4G15230, AT4G19030, AT4G24570, AT4G27970, AT5G04770, AT5G24290, AT5G38030, AT5G61310	True	0.6639371803591482		False		transport		DTX36, SFH13, TAA1, NPF5.12, WOL, PHO1-H5, PILS5, MTX1, ABCG3, WRKY23, SUGTL5, AZG1, PUT4, AT3G13980, SULTR3;4, NUP35, AT3G20240, NPF6.4, NPF2.3, NPF2.4, NPF2.5, AT3G60070, RANGAP1, NOV, ABCG30, NLM1, DIC2, SLAH2, CAT6, MEB2, DTX30, AT5G61310
w:reproductive	word	reproductive	4	325	240	21521	1.1036410256410256	0.49168413247886383	AT1G04870, AT1G75450, AT4G29720, AT5G09970	True	0.6646188842110271		False		reproductive		PRMT10, CKX5, PAO5, CYP78A7
w:regulate	word	regulate	18	325	1163	21521	1.0248773067001786	0.4918962305346542	AT1G04240, AT1G09810, AT1G32640, AT1G75450, AT1G78580, AT1G79950, AT2G01830, AT2G17500, AT2G22770, AT2G31180, AT3G11240, AT3G46640, AT4G15230, AT4G26150, AT4G34590, AT4G34760, AT4G38860, AT5G13180	True	0.6646188842110271		False		regulate		SHY2, ECT11, MYC2, CKX5, TPS1, RTEL1, WOL, PILS5, NAI1, MYB14, ATE2, PCL1, ABCG30, CGA1, GBF6, SAUR50, SAUR16, NAC083
w:concentration	word	concentration	2	325	110	21521	1.203972027972028	0.4967127058511407	AT1G04240, AT4G29720	True	0.6658302223867038		False		concentration		SHY2, PAO5
w:blue	word	blue	2	325	110	21521	1.203972027972028	0.4967127058511407	AT1G32640, AT5G39760	True	0.6658302223867038		False		blue		MYC2, HB23
p:root meristem	phrase	root meristem	2	325	110	21521	1.203972027972028	0.4967127058511407	AT1G70560, AT5G57280	True	0.6658302223867038		False		root meristem		TAA1, RID2
w:fad	word	fad	2	325	110	21521	1.203972027972028	0.4967127058511407	AT1G75450, AT4G29740	True	0.6658302223867038		False		fad		CKX5, CKX4
w:effect	word	effect	2	325	110	21521	1.203972027972028	0.4967127058511407	AT2G01830, AT5G19260	True	0.6658302223867038		False		effect		WOL, FAF3
w:preference	word	preference	2	325	110	21521	1.203972027972028	0.4967127058511407	AT3G45070, AT4G29720	True	0.6658302223867038		False		preference		SOT5, PAO5
p:leucine zipper	phrase	leucine zipper	2	325	110	21521	1.203972027972028	0.4967127058511407	AT4G37080, AT4G37790	True	0.6658302223867038		False		leucine zipper		AP22.58, HAT22
w:phloem	word	phloem	3	325	176	21521	1.1287237762237763	0.49789731117536484	AT1G20330, AT1G70560, AT2G01830	True	0.6666665574183658		False		phloem		SMT2, TAA1, WOL
w:vegetative	word	vegetative	4	325	243	21521	1.0900158277936054	0.5013545189722471	AT1G04870, AT1G78580, AT2G34260, AT4G29720	True	0.6687056692575135		False		vegetative		PRMT10, TPS1, WDR55, PAO5
p:cell wall	phrase	cell wall	16	325	1037	21521	1.021692752763148	0.5013570799581604	AT1G26770, AT1G32640, AT1G55020, AT1G69530, AT1G78580, AT2G03090, AT2G34510, AT2G36870, AT2G39700, AT2G45310, AT3G03220, AT3G15720, AT3G28180, AT3G45960, AT5G11420, AT5G64620	True	0.6687056692575135		False		cell wall		EXPA10, MYC2, LOX1, EXPA1, TPS1, EXPA15, ATHB-1, XTH32, EXPA4, GAE4, EXPA13, AT3G15720, CSLC04, EXLA3, AT5G11420, C/VIF2
p:rnp motif	phrase	rnp motif	2	325	111	21521	1.193125433125433	0.5015030743702951	AT3G13700, AT5G46840	True	0.6687056692575135		False		rnp motif		AT3G13700, MZA15.26
w:specificity	word	specificity	3	325	177	21521	1.1223468057366364	0.5016698544808259	AT1G10490, AT2G39020, AT5G52470	True	0.6687056692575135		False		specificity		AT1G10490, GNAT8, FIB1
w:zipper	word	zipper	2	325	112	21521	1.1824725274725276	0.5062640652441168	AT4G37080, AT4G37790	True	0.674073878583712		False		zipper		AP22.58, HAT22
w:wall	word	wall	17	325	1107	21521	1.0169050100757417	0.5072045653310624	AT1G26770, AT1G32640, AT1G55020, AT1G69530, AT1G78580, AT2G03090, AT2G34510, AT2G36870, AT2G39700, AT2G45310, AT3G03220, AT3G15720, AT3G28180, AT3G45960, AT5G11420, AT5G52560, AT5G64620	True	0.6745510392929909		False		wall		EXPA10, MYC2, LOX1, EXPA1, TPS1, EXPA15, ATHB-1, XTH32, EXPA4, GAE4, EXPA13, AT3G15720, CSLC04, EXLA3, AT5G11420, USP, C/VIF2
w:glycoprotein	word	glycoprotein	4	325	245	21521	1.0811177394034537	0.5077570901322345	AT1G14710, AT1G80720, AT3G06750, AT5G65660	True	0.6745510392929909		False		glycoprotein		AT1G14710, AT1G80720, AT3G06750, AT5G65660
w:accumulation	word	accumulation	6	325	379	21521	1.0483133752790745	0.5109309184770415	AT2G17500, AT2G17820, AT3G17310, AT4G26150, AT5G24290, AT5G56860	True	0.6750817947393215		False		accumulation		PILS5, HK1, DRM3, CGA1, MEB2, GNC
p:disease resistance	phrase	disease resistance	4	325	246	21521	1.076722951844903	0.5109446457801627	AT1G58170, AT3G11240, AT4G11190, AT5G05190	True	0.6750817947393215		False		disease resistance		DIR19, ATE2, DIR13, EDR4
p:rrm rbd	phrase	rrm rbd	2	325	113	21521	1.172008168822328	0.510995471207224	AT3G13700, AT5G46840	True	0.6750817947393215		False		rrm rbd		AT3G13700, MZA15.26
w:rbd	word	rbd	2	325	113	21521	1.172008168822328	0.510995471207224	AT3G13700, AT5G46840	True	0.6750817947393215		False		rbd		AT3G13700, MZA15.26
p:rbd rnp	phrase	rbd rnp	2	325	113	21521	1.172008168822328	0.510995471207224	AT3G13700, AT5G46840	True	0.6750817947393215		False		rbd rnp		AT3G13700, MZA15.26
k:Redox-active center	keyword	Redox-active center	2	325	114	21521	1.161727395411606	0.5156970978958175	AT1G03850, AT2G30540	True	0.6794841524722014		False		Redox-active center		GRXS13, GRXS9
w:environmental	word	environmental	2	325	114	21521	1.161727395411606	0.5156970978958175	AT1G70560, AT4G34760	True	0.6794841524722014		False		environmental		TAA1, SAUR50
k:DNA damage	keyword	DNA damage	3	325	181	21521	1.0975435614109648	0.5166136869931623	AT1G79950, AT3G18630, AT5G15920	True	0.6794841524722014		False		DNA damage		RTEL1, UNG, SMC5
w:lipase	word	lipase	3	325	181	21521	1.0975435614109648	0.5166136869931623	AT4G37070, AT5G19290, AT5G45950	True	0.6794841524722014		False		lipase		PLP1, MAGL16, AT5G45950
w:oxidase	word	oxidase	6	325	382	21521	1.040080547724527	0.5186098925980438	AT1G75450, AT3G30775, AT4G29720, AT4G29740, AT5G42590, AT5G61310	True	0.6813559804409658		False		oxidase		CKX5, ERD5, PAO5, CKX4, CYP71A16, AT5G61310
w:disease	word	disease	4	325	250	21521	1.0594953846153847	0.5236001935454379	AT1G58170, AT3G11240, AT4G11190, AT5G05190	True	0.6871530133835823		False		disease		DIR19, ATE2, DIR13, EDR4
w:controlling	word	controlling	2	325	116	21521	1.1416976127320955	0.5250102984683741	AT1G55020, AT4G29720	True	0.6874859525097983		False		controlling		LOX1, PAO5
w:set	word	set	2	325	116	21521	1.1416976127320955	0.5250102984683741	AT2G01830, AT4G28720	True	0.6874859525097983		False		set		WOL, YUC8
w:infection	word	infection	2	325	117	21521	1.131939513477975	0.5296215451073117	AT1G55020, AT3G11240	True	0.6897261962021836		False		infection		LOX1, ATE2
w:glucosidase	word	glucosidase	2	325	117	21521	1.131939513477975	0.5296215451073117	AT1G60260, AT2G44460	True	0.6897261962021836		False		glucosidase		BGLU5, BGLU28
w:glucosyltransferase	word	glucosyltransferase	2	325	117	21521	1.131939513477975	0.5296215451073117	AT2G22930, AT5G05860	True	0.6897261962021836		False		glucosyltransferase		UGT79B8, UGT76C2
p:abc transporter	phrase	abc transporter	2	325	117	21521	1.131939513477975	0.5296215451073117	AT2G28070, AT4G15230	True	0.6897261962021836		False		abc transporter		ABCG3, ABCG30
w:rnp	word	rnp	2	325	117	21521	1.131939513477975	0.5296215451073117	AT3G13700, AT5G46840	True	0.6897261962021836		False		rnp		AT3G13700, MZA15.26
w:detoxification	word	detoxification	5	325	320	21521	1.0346634615384616	0.5319039621601235	AT1G11670, AT1G17190, AT2G29440, AT2G29490, AT5G38030	True	0.6919407122630052		False		detoxification		DTX36, GSTU26, GSTU6, GSTU1, DTX30
w:break	word	break	2	325	118	21521	1.1223468057366361	0.5342023573371669	AT1G79950, AT5G15920	True	0.693628000082192		False		break		RTEL1, SMC5
w:machinery	word	machinery	3	325	186	21521	1.0680397022332506	0.5349511152862659	AT1G61570, AT4G22380, AT4G34590	True	0.693628000082192		False		machinery		TIM13, AT4G22380, GBF6
w:inactive	word	inactive	3	325	186	21521	1.0680397022332506	0.5349511152862659	AT3G17310, AT3G63130, AT5G11160	True	0.693628000082192		False		inactive		DRM3, RANGAP1, APT5
w:elongation	word	elongation	8	325	527	21521	1.0052138373960007	0.5439121939397384	AT1G75670, AT1G79950, AT3G17310, AT4G26150, AT4G31790, AT4G34760, AT4G38860, AT5G56860	True	0.7044788655711862		False		elongation		AT1G75670, RTEL1, DRM3, CGA1, AT4G31790, SAUR50, SAUR16, GNC
k:Protein biosynthesis	keyword	Protein biosynthesis	3	325	189	21521	1.0510866910866912	0.5457633900435223	AT1G56350, AT2G34750, AT5G06000	True	0.7061073675318259		False		Protein biosynthesis		PRFB2, AT2G34750, EIF3G2
w:mitochondrion	word	mitochondrion	34	325	2271	21521	0.9913816346577244	0.5484786765433345	AT1G02370, AT1G14620, AT1G49510, AT1G52160, AT1G61570, AT1G67110, AT1G68990, AT1G69530, AT1G79950, AT2G19080, AT2G21195, AT2G24120, AT2G40090, AT3G15590, AT3G18630, AT3G20240, AT3G22310, AT3G30775, AT3G55010, AT4G01950, AT4G15230, AT4G20020, AT4G24570, AT4G29720, AT4G34760, AT4G36680, AT4G38150, AT4G38860, AT5G04330, AT5G13610, AT5G24840, AT5G47990, AT5G48010, AT5G61310	True	0.7088490721848094		False		mitochondrion		AT1G02370, DECOY, emb1273, TRZ3, TIM13, CYP735A2, MGP3, EXPA1, RTEL1, MTX1, AT2G21195, SCA3, ATH9, AT3G15590, UNG, AT3G20240, PMH1, ERD5, PUR5, GPAT3, ABCG30, MORF1, DIC2, PAO5, SAUR50, AT4G36680, AT4G38150, SAUR16, CYP84A4, RRL, AT5G24840, CYP705A5, THAS1, AT5G61310
w:phosphatase	word	phosphatase	7	325	462	21521	1.0033100233100234	0.5495284676161412	AT1G78580, AT2G01830, AT4G29690, AT4G29700, AT4G34760, AT4G38860, AT5G04120	True	0.709434688377407		False		phosphatase		TPS1, WOL, AT4G29690, AT4G29700, SAUR50, SAUR16, IPSP
k:Isomerase	keyword	Isomerase	4	325	259	21521	1.0226789426789427	0.5514874191386576	AT1G18870, AT1G79950, AT2G45310, AT5G48010	True	0.7105931474958548		False		Isomerase		ICS2, RTEL1, GAE4, THAS1
p:rossmann fold	phrase	rossmann fold	2	325	122	21521	1.0855485498108448	0.5522187285838266	AT3G29250, AT4G23420	True	0.7105931474958548		False		rossmann fold		SDR4, AT4G23420
w:rossmann	word	rossmann	2	325	122	21521	1.0855485498108448	0.5522187285838266	AT3G29250, AT4G23420	True	0.7105931474958548		False		rossmann		SDR4, AT4G23420
w:nadp	word	nadp	3	325	192	21521	1.0346634615384616	0.5564284143308001	AT1G62570, AT3G44550, AT4G28720	True	0.7139714914279661		False		nadp		FMOGS-OX4, FAR5, YUC8
p:light stimulus	phrase	light stimulus	3	325	192	21521	1.0346634615384616	0.5564284143308001	AT4G26150, AT5G48010, AT5G56860	True	0.7139714914279661		False		light stimulus		CGA1, THAS1, GNC
p:ubiquitin conjugating	phrase	ubiquitin conjugating	2	325	123	21521	1.076722951844903	0.5566455614413159	AT1G75440, AT5G37890	True	0.7139714914279661		False		ubiquitin conjugating		UBC16, AT5G37890
w:promoting	word	promoting	4	325	261	21521	1.0148423224285292	0.5575677920551894	AT3G46640, AT4G34760, AT4G38860, AT5G13180	True	0.7143837335707113		False		promoting		PCL1, SAUR50, SAUR16, NAC083
w:hypoxia	word	hypoxia	3	325	193	21521	1.029302510960542	0.5599501131135507	AT2G18670, AT3G30775, AT4G24570	True	0.7166638153842969		False		hypoxia		ATL56, ERD5, DIC2
w:wounding	word	wounding	4	325	262	21521	1.0109688784497946	0.5605914286923418	AT1G32640, AT1G55020, AT3G44550, AT5G63450	True	0.7167131276507467		False		wounding		MYC2, LOX1, FAR5, CYP94B1
w:modulate	word	modulate	5	325	331	21521	1.0002788752033465	0.5619457389038489	AT1G04240, AT1G10470, AT4G26150, AT5G05190, AT5G56860	True	0.7176729146688253		False		modulate		SHY2, ARR4, CGA1, EDR4, GNC
w:cytoplasm	word	cytoplasm	56	325	3753	21521	0.9880719014531963	0.5628005345100495	AT1G03360, AT1G03850, AT1G10470, AT1G13420, AT1G15250, AT1G17190, AT1G55020, AT1G56350, AT1G69070, AT1G70560, AT1G74890, AT1G76790, AT1G77550, AT1G78580, AT2G16700, AT2G17250, AT2G19670, AT2G29440, AT2G29490, AT2G30540, AT2G34260, AT2G39020, AT2G40670, AT2G41310, AT2G42280, AT2G43200, AT2G46310, AT3G04770, AT3G11240, AT3G15810, AT3G22310, AT3G28290, AT3G29250, AT3G45070, AT3G46210, AT3G48100, AT3G50300, AT3G57040, AT3G63130, AT4G02850, AT4G18880, AT4G22570, AT4G23750, AT4G27490, AT4G29510, AT4G29720, AT4G31790, AT4G37070, AT5G04120, AT5G11160, AT5G13610, AT5G41190, AT5G57280, AT5G62440, AT5G62920, AT5G65860	True	0.7179933857644302		False		cytoplasm		RRP4, GRXS13, ARR4, ST4B, RPL37A, GSTU26, LOX1, PRFB2, AT1G69070, TAA1, ARR15, IGMT5, AT1G77550, TPS1, ADF5, EMB2762, PRMT1A, GSTU6, GSTU1, GRXS9, WDR55, GNAT8, RR16, RR3, FBH4, AT2G43200, CRF5, RPSAb, ATE2, AT3G15810, PMH1, AT14A, SDR4, SOT5, RRP46, RR5, AT3G50300, ARR9, RANGAP1, DAAR1, HSFA4A, APT3, CRF2, RRP41L, PRMT11, PAO5, AT4G31790, PLP1, IPSP, APT5, RRL, NOB1, RID2, EMB514, ARR6, AT5G65860
p:carbohydrate metabolic	phrase	carbohydrate metabolic	5	325	332	21521	0.9972659870250232	0.5646290960483712	AT1G60260, AT1G64390, AT2G36870, AT2G44460, AT3G15720	True	0.7187837207724983		False		carbohydrate metabolic		BGLU5, GH9C2, XTH32, BGLU28, AT3G15720
w:manner	word	manner	5	325	332	21521	0.9972659870250232	0.5646290960483712	AT2G01830, AT2G38750, AT3G55510, AT4G26150, AT5G56860	True	0.7187837207724983		False		manner		WOL, ANNAT4, RBL, CGA1, GNC
w:lipolytic	word	lipolytic	2	325	125	21521	1.0594953846153847	0.565405899780266	AT4G37070, AT5G45950	True	0.7190027966189694		False		lipolytic		PLP1, AT5G45950
w:tpr	word	tpr	4	325	265	21521	0.9995239477503628	0.5695950001600085	AT1G02370, AT1G78120, AT3G15590, AT4G36680	True	0.7217202798546297		False		tpr		AT1G02370, TPR12, AT3G15590, AT4G36680
p:eukaryotic ribosomal	phrase	eukaryotic ribosomal	2	325	126	21521	1.0510866910866912	0.5697392678028023	AT1G15250, AT4G22380	True	0.7217202798546297		False		eukaryotic ribosomal		RPL37A, AT4G22380
p:ethylene responsive	phrase	ethylene responsive	2	325	126	21521	1.0510866910866912	0.5697392678028023	AT2G46310, AT4G23750	True	0.7217202798546297		False		ethylene responsive		CRF5, CRF2
w:udp	word	udp	5	325	334	21521	0.9912943344081069	0.5699708517943627	AT1G78580, AT2G22930, AT2G45310, AT5G05860, AT5G52560	True	0.7217202798546297		False		udp		TPS1, UGT79B8, GAE4, UGT76C2, USP
w:import	word	import	4	325	266	21521	0.9957663389242336	0.5725734418604097	AT1G61570, AT2G19080, AT3G63130, AT4G15230	True	0.723024550198322		False		import		TIM13, MTX1, RANGAP1, ABCG30
w:fungus	word	fungus	5	325	335	21521	0.9883352468427096	0.5726291039409986	AT1G03850, AT2G01830, AT2G22770, AT3G11240, AT5G05190	True	0.723024550198322		False		fungus		GRXS13, WOL, NAI1, ATE2, EDR4
k:Apoplast	keyword	Apoplast	3	325	197	21521	1.0084029675907848	0.5738673357344596	AT1G58170, AT2G36870, AT4G11190	True	0.723024550198322		False		Apoplast		DIR19, XTH32, DIR13
w:abc	word	abc	2	325	127	21521	1.042810417928528	0.5740413586099378	AT2G28070, AT4G15230	True	0.723024550198322		False		abc		ABCG3, ABCG30
p:double stranded	phrase	double stranded	2	325	127	21521	1.042810417928528	0.5740413586099378	AT3G46210, AT5G15920	True	0.723024550198322		False		double stranded		RRP46, SMC5
k:Lipid metabolism	keyword	Lipid metabolism	7	325	474	21521	0.9779097695553391	0.5767253019915124	AT1G20330, AT1G55020, AT3G44550, AT3G50660, AT4G01950, AT4G37070, AT5G45950	True	0.7256363852570458		False		Lipid metabolism		SMT2, LOX1, FAR5, DWF4, GPAT3, PLP1, AT5G45950
p:mrna splicing	phrase	mrna splicing	2	325	128	21521	1.0346634615384616	0.578312125868314	AT3G07860, AT4G22380	True	0.7268637607372361		False		mrna splicing		SNRNP25, AT4G22380
p:reproductive phase	phrase	reproductive phase	2	325	129	21521	1.0266428145497912	0.5825515317469565	AT1G04870, AT4G29720	True	0.7314189770297057		False		reproductive phase		PRMT10, PAO5
w:subsequent	word	subsequent	5	325	339	21521	0.9766734740186069	0.5831762992452889	AT2G01830, AT3G11240, AT3G46640, AT4G15230, AT5G37890	True	0.7314310335470976		False		subsequent		WOL, ATE2, PCL1, ABCG30, AT5G37890
k:mRNA splicing	keyword	mRNA splicing	3	325	200	21521	0.9932769230769232	0.5841243556180629	AT3G07860, AT3G62310, AT4G22380	True	0.7318481125709977		False		mRNA splicing		SNRNP25, AT3G62310, AT4G22380
w:disulfide	word	disulfide	2	325	130	21521	1.0187455621301775	0.5867595466725752	AT1G03850, AT2G30540	True	0.7327274376643709		False		disulfide		GRXS13, GRXS9
w:general	word	general	2	325	130	21521	1.0187455621301775	0.5867595466725752	AT2G34750, AT4G15230	True	0.7327274376643709		False		general		AT2G34750, ABCG30
p:erf transcription	phrase	erf transcription	2	325	130	21521	1.0187455621301775	0.5867595466725752	AT2G46310, AT4G23750	True	0.7327274376643709		False		erf transcription		CRF5, CRF2
w:lyase	word	lyase	4	325	271	21521	0.9773942662503549	0.5872912094988608	AT1G18870, AT1G70560, AT3G15720, AT5G14650	True	0.7327274376643709		False		lyase		ICS2, TAA1, AT3G15720, AT5G14650
w:starvation	word	starvation	3	325	202	21521	0.9834424980959636	0.5908748581425263	AT2G01830, AT3G44320, AT5G60890	True	0.7357309751500838		False		starvation		WOL, NIT3, MYB34
p:udp glycosyltransferase	phrase	udp glycosyltransferase	2	325	131	21521	1.0109688784497946	0.5909361490902691	AT2G22930, AT5G05860	True	0.7357309751500838		False		udp glycosyltransferase		UGT79B8, UGT76C2
p:pentatricopeptide repeat	phrase	pentatricopeptide repeat	6	325	412	21521	0.9643465272591488	0.5925123734857304	AT1G02370, AT1G08610, AT3G15590, AT4G20020, AT4G36680, AT4G38150	True	0.7369217699524409		False		pentatricopeptide repeat		AT1G02370, AT1G08610, AT3G15590, MORF1, AT4G36680, AT4G38150
w:phospholipid	word	phospholipid	3	325	203	21521	0.9785979537703676	0.5942236123981254	AT2G38750, AT2G38760, AT3G15810	True	0.7382778214643376		False		phospholipid		ANNAT4, ANNAT3, AT3G15810
w:pentatricopeptide	word	pentatricopeptide	6	325	413	21521	0.9620115477742597	0.5948738524606387	AT1G02370, AT1G08610, AT3G15590, AT4G20020, AT4G36680, AT4G38150	True	0.7383142072815235		False		pentatricopeptide		AT1G02370, AT1G08610, AT3G15590, MORF1, AT4G36680, AT4G38150
w:flowering	word	flowering	5	325	345	21521	0.9596878483835006	0.5987324171432664	AT1G04870, AT1G78580, AT2G42280, AT4G26150, AT5G56860	True	0.742328304466469		False		flowering		PRMT10, TPS1, FBH4, CGA1, GNC
k:Differentiation	keyword	Differentiation	2	325	134	21521	0.9883352468427096	0.6032773811453576	AT3G49670, AT5G62090	True	0.747184173106073		False		Differentiation		BAM2, SLK2
w:histone	word	histone	6	325	418	21521	0.9505042326094959	0.6065724831849704	AT1G04870, AT2G19670, AT4G29510, AT4G34590, AT5G03670, AT5G52470	True	0.7498580616305192		False		histone		PRMT10, PRMT1A, PRMT11, GBF6, TRM28, FIB1
w:rrm	word	rrm	2	325	135	21521	0.9810142450142451	0.6073282702692935	AT3G13700, AT5G46840	True	0.7498580616305192		False		rrm		AT3G13700, MZA15.26
w:inhibition	word	inhibition	2	325	135	21521	0.9810142450142451	0.6073282702692935	AT4G34760, AT4G38860	True	0.7498580616305192		False		inhibition		SAUR50, SAUR16
w:carrier	word	carrier	4	325	279	21521	0.9493686242073339	0.6102165983702322	AT1G75440, AT2G17500, AT3G20240, AT4G24570	True	0.7526426716412927		False		carrier		UBC16, PILS5, AT3G20240, DIC2
w:thiol	word	thiol	2	325	137	21521	0.966692869174621	0.6153358462892282	AT1G03850, AT2G30540	True	0.7573854257121039		False		thiol		GRXS13, GRXS9
w:erf	word	erf	2	325	137	21521	0.966692869174621	0.6153358462892282	AT2G46310, AT4G23750	True	0.7573854257121039		False		erf		CRF5, CRF2
k:Ribosomal protein	keyword	Ribosomal protein	5	325	354	21521	0.9352890047805303	0.6214458964470553	AT1G14620, AT1G15250, AT3G04770, AT4G22380, AT4G36680	True	0.7641149647110121		False		Ribosomal protein		DECOY, RPL37A, RPSAb, AT4G22380, AT4G36680
w:carbon	word	carbon	3	325	213	21521	0.9326543878656556	0.626723824057303	AT1G70560, AT3G44320, AT5G56860	True	0.7694905267013128		False		carbon		TAA1, NIT3, GNC
w:glycine	word	glycine	2	325	140	21521	0.9459780219780219	0.6271121281527099	AT2G19670, AT4G29510	True	0.7694905267013128		False		glycine		PRMT1A, PRMT11
w:syringae	word	syringae	2	325	141	21521	0.9392689579923623	0.6309750232400573	AT1G55020, AT3G11240	True	0.7726357390653225		False		syringae		LOX1, ATE2
k:Chromosome	keyword	Chromosome	2	325	141	21521	0.9392689579923623	0.6309750232400573	AT2G31410, AT5G15920	True	0.7726357390653225		False		Chromosome		AT2G31410, SMC5
w:sensor	word	sensor	2	325	142	21521	0.9326543878656555	0.6348067345996222	AT2G01830, AT2G17820	True	0.7757299151479453		False		sensor		WOL, HK1
w:abiotic	word	abiotic	2	325	142	21521	0.9326543878656555	0.6348067345996222	AT5G59010, AT5G62090	True	0.7757299151479453		False		abiotic		BSK5, SLK2
w:linked	word	linked	3	325	216	21521	0.9197008547008548	0.636119102275833	AT1G75450, AT4G29740, AT5G67220	True	0.7765355365564327		False		linked		CKX5, CKX4, AT5G67220
p:universal ribosomal	phrase	universal ribosomal	2	325	144	21521	0.9197008547008547	0.6423768428150403	AT3G04770, AT5G15750	True	0.7833703242123927		False		universal ribosomal		RPSAb, AT5G15750
w:extracellular	word	extracellular	26	325	1822	21521	0.9449396267837542	0.6486266795112134	AT1G15250, AT1G26770, AT1G32640, AT1G49320, AT1G64390, AT1G67110, AT1G69530, AT1G73300, AT1G75450, AT2G03090, AT2G36870, AT2G39700, AT2G40090, AT2G41290, AT3G03220, AT3G25655, AT3G29250, AT3G45960, AT4G11190, AT4G29740, AT4G33770, AT5G11420, AT5G24290, AT5G42590, AT5G45950, AT5G47530	True	0.788784868318512		False		extracellular		RPL37A, EXPA10, MYC2, USPL1, GH9C2, CYP735A2, EXPA1, scpl2, CKX5, EXPA15, XTH32, EXPA4, ATH9, SSL2, EXPA13, IDL1, SDR4, EXLA3, DIR13, CKX4, ITPK2, AT5G11420, MEB2, CYP71A16, AT5G45950, AT5G47530
p:conjugating enzyme	phrase	conjugating enzyme	2	325	146	21521	0.9071022128556375	0.6498229786605932	AT1G75440, AT5G37890	True	0.788784868318512		False		conjugating enzyme		UBC16, AT5G37890
p:small ribosomal	phrase	small ribosomal	2	325	146	21521	0.9071022128556375	0.6498229786605932	AT3G04770, AT4G36680	True	0.788784868318512		False		small ribosomal		RPSAb, AT4G36680
w:identical	word	identical	3	325	221	21521	0.898893143056039	0.6514096631762064	AT1G04240, AT3G46210, AT4G23750	True	0.788784868318512		False		identical		SHY2, RRP46, CRF2
w:affinity	word	affinity	3	325	221	21521	0.898893143056039	0.6514096631762064	AT1G72140, AT2G01830, AT3G21670	True	0.788784868318512		False		affinity		NPF5.12, WOL, NPF6.4
w:body	word	body	3	325	221	21521	0.898893143056039	0.6514096631762064	AT2G22770, AT2G34260, AT5G24290	True	0.788784868318512		False		body		NAI1, WDR55, MEB2
w:leucine	word	leucine	6	325	438	21521	0.9071022128556376	0.6514606734136071	AT1G10490, AT1G30240, AT1G70560, AT3G49670, AT4G37080, AT4G37790	True	0.788784868318512		False		leucine		AT1G10490, AT1G30240, TAA1, BAM2, AP22.58, HAT22
w:initiation	word	initiation	5	325	367	21521	0.9021588765457976	0.6528747514221924	AT2G34750, AT3G18630, AT5G06000, AT5G57280, AT5G62090	True	0.7896928580274535		False		initiation		AT2G34750, UNG, EIF3G2, RID2, SLK2
w:cisterna	word	cisterna	2	325	149	21521	0.8888384099122354	0.6607610806227946	AT2G45310, AT3G28180	True	0.797609060772084		False		cisterna		GAE4, CSLC04
p:heat shock	phrase	heat shock	2	325	149	21521	0.8888384099122354	0.6607610806227946	AT4G16100, AT4G18880	True	0.797609060772084		False		heat shock		DL4090W, HSFA4A
k:Transport	keyword	Transport	27	325	1904	21521	0.9390223012281836	0.663515650089658	AT1G11670, AT1G55690, AT1G61570, AT1G72140, AT2G03240, AT2G17500, AT2G28070, AT2G39130, AT3G05400, AT3G10960, AT3G13620, AT3G13980, AT3G15990, AT3G16310, AT3G20240, AT3G21670, AT3G45680, AT3G45700, AT3G45710, AT4G15230, AT4G19030, AT4G24570, AT4G27970, AT5G02180, AT5G04770, AT5G38030, AT5G47530	True	0.800121813343411		False		Transport		DTX36, SFH13, TIM13, NPF5.12, PHO1-H5, PILS5, ABCG3, AVT1C, SUGTL5, AZG1, PUT4, AT3G13980, SULTR3;4, NUP35, AT3G20240, NPF6.4, NPF2.3, NPF2.4, NPF2.5, ABCG30, NLM1, DIC2, SLAH2, AVT1D, CAT6, DTX30, AT5G47530
w:recombination	word	recombination	2	325	150	21521	0.8829128205128205	0.6643458324280032	AT1G79950, AT5G15920	True	0.8003112408884455		False		recombination		RTEL1, SMC5
w:conjugating	word	conjugating	2	325	152	21521	0.8712955465587044	0.6714239823026559	AT1G75440, AT5G37890	True	0.8080193471233379		False		conjugating		UBC16, AT5G37890
w:universal	word	universal	2	325	153	21521	0.8656008044243338	0.6749175844697877	AT3G04770, AT5G15750	True	0.8114024347164586		False		universal		RPSAb, AT5G15750
w:immunity	word	immunity	2	325	154	21521	0.85998001998002	0.6783810139258837	AT3G11240, AT5G05190	True	0.8130998241510844		False		immunity		ATE2, EDR4
w:shock	word	shock	2	325	154	21521	0.85998001998002	0.6783810139258837	AT4G16100, AT4G18880	True	0.8130998241510844		False		shock		DL4090W, HSFA4A
p:oxygen species	phrase	oxygen species	2	325	154	21521	0.85998001998002	0.6783810139258837	AT4G18880, AT5G13610	True	0.8130998241510844		False		oxygen species		HSFA4A, RRL
w:eukaryotic	word	eukaryotic	5	325	379	21521	0.8735944793992287	0.6803777294986008	AT1G15250, AT1G60850, AT1G75670, AT4G22380, AT5G06000	True	0.8146718231357868		False		eukaryotic		RPL37A, ATRPAC42, AT1G75670, AT4G22380, EIF3G2
w:attachment	word	attachment	2	325	155	21521	0.8544317617866005	0.6818143821181181	AT1G75440, AT2G33620	True	0.8155707246865618		False		attachment		UBC16, AHL10
k:Lipid degradation	keyword	Lipid degradation	2	325	156	21521	0.8489546351084813	0.6852178040084386	AT4G37070, AT5G45950	True	0.8188180592623452		False		Lipid degradation		PLP1, AT5G45950
w:box	word	box	17	325	1234	21521	0.9122478493953371	0.6870173116064127	AT1G04360, AT1G32640, AT2G18670, AT2G40700, AT2G46310, AT2G47260, AT3G09720, AT3G22310, AT3G62310, AT4G22380, AT4G23750, AT4G34590, AT5G08620, AT5G27140, AT5G37890, AT5G60990, AT5G62190	True	0.820144160140587		False		box		ATL1, MYC2, ATL56, RH17, CRF5, WRKY23, RH57, PMH1, AT3G62310, AT4G22380, CRF2, GBF6, STRS2, NOP5-3, AT5G37890, RH10, PRH75
w:expansion	word	expansion	2	325	157	21521	0.843547280744733	0.688591397942719	AT4G34760, AT4G38860	True	0.8211987684592706		False		expansion		SAUR50, SAUR16
k:mRNA processing	keyword	mRNA processing	4	325	310	21521	0.8544317617866005	0.6913445878482398	AT3G07860, AT3G62310, AT4G20020, AT4G22380	True	0.8236560270055683		False		mRNA processing		SNRNP25, AT3G62310, MORF1, AT4G22380
p:reactive oxygen	phrase	reactive oxygen	2	325	159	21521	0.8329366231253024	0.6952495914830097	AT4G18880, AT5G13610	True	0.8274792435168153		False		reactive oxygen		HSFA4A, RRL
w:tyrosine	word	tyrosine	2	325	160	21521	0.8277307692307692	0.6985344435661514	AT1G70560, AT1G77550	True	0.830343385678629		False		tyrosine		TAA1, AT1G77550
k:Glycosyltransferase	keyword	Glycosyltransferase	6	325	461	21521	0.861845486400801	0.6990527578337322	AT1G78580, AT2G22930, AT3G28180, AT4G22570, AT5G05860, AT5G11160	True	0.830343385678629		False		Glycosyltransferase		TPS1, UGT79B8, CSLC04, APT3, UGT76C2, APT5
w:homodimerization	word	homodimerization	3	325	238	21521	0.8346864899806077	0.6999378163962308	AT3G28180, AT4G18880, AT5G39760	True	0.8305649338274634		False		homodimerization		CSLC04, HSFA4A, HB23
w:light	word	light	9	325	679	21521	0.8777115667837316	0.7007266513413999	AT1G10470, AT1G32640, AT1G69530, AT3G48100, AT4G26150, AT4G38860, AT5G39760, AT5G48010, AT5G56860	True	0.8306719725273425		False		light		ARR4, MYC2, EXPA1, RR5, CGA1, SAUR16, HB23, THAS1, GNC
w:zinc	word	zinc	16	325	1176	21521	0.9009314495028781	0.7021440288806915	AT1G04360, AT1G15250, AT1G52160, AT2G18670, AT2G28450, AT2G36930, AT3G15680, AT3G16870, AT3G19360, AT3G21270, AT3G50700, AT4G02220, AT4G26150, AT5G37890, AT5G39760, AT5G56860	True	0.8315231577083089		False		zinc		ATL1, RPL37A, TRZ3, ATL56, AT2G28450, AT2G36930, AT3G15680, GATA17, AT3G19360, DOF2, IDD2, AT4G02220, CGA1, AT5G37890, HB23, GNC
k:Zinc	keyword	Zinc	21	325	1527	21521	0.9106664651654829	0.7040475059798774	AT1G04360, AT1G15250, AT1G29940, AT1G52160, AT1G61570, AT1G76580, AT2G18670, AT2G28450, AT2G36930, AT3G15680, AT3G16870, AT3G19360, AT3G21270, AT3G50700, AT3G57660, AT4G02220, AT4G26150, AT5G37890, AT5G39760, AT5G41190, AT5G56860	True	0.8324373329430366		False		Zinc		ATL1, RPL37A, NRPA2, TRZ3, TIM13, SPL16, ATL56, AT2G28450, AT2G36930, AT3G15680, GATA17, AT3G19360, DOF2, IDD2, NRPA1, AT4G02220, CGA1, AT5G37890, HB23, NOB1, GNC
p:chromatin remodeling	phrase	chromatin remodeling	2	325	162	21521	0.8175118708452042	0.7050163114160116	AT1G04870, AT5G52470	True	0.8324373329430366		False		chromatin remodeling		PRMT10, FIB1
k:Ethylene signaling pathway	keyword	Ethylene signaling pathway	2	325	162	21521	0.8175118708452042	0.7050163114160116	AT2G46310, AT4G23750	True	0.8324373329430366		False		Ethylene signaling pathway		CRF5, CRF2
p:pollen tube	phrase	pollen tube	4	325	317	21521	0.8355641834506188	0.7079084064375553	AT1G68990, AT2G16700, AT3G28180, AT5G52560	True	0.8350229119585845		False		pollen tube		MGP3, ADF5, CSLC04, USP
w:alpha	word	alpha	11	325	828	21521	0.8797138610182088	0.7098371034915615	AT1G26770, AT1G69530, AT1G78580, AT2G03090, AT2G39020, AT2G39700, AT3G03220, AT3G50660, AT5G15750, AT5G19290, AT5G52560	True	0.8364681031233564		False		alpha		EXPA10, EXPA1, TPS1, EXPA15, GNAT8, EXPA4, EXPA13, DWF4, AT5G15750, MAGL16, USP
w:phase	word	phase	3	325	242	21521	0.8208900190718373	0.7105818882450574	AT1G04870, AT4G29720, AT5G66540	True	0.8365166981419537		False		phase		PRMT10, PAO5, MPP10
p:leaf senescence	phrase	leaf senescence	2	325	164	21521	0.8075422138836773	0.7113819667788065	AT2G01830, AT5G13180	True	0.8365856692791875		False		leaf senescence		WOL, NAC083
w:assembly	word	assembly	9	325	686	21521	0.8687553263063468	0.7120476848700907	AT1G52930, AT1G61570, AT2G16700, AT2G17250, AT3G04770, AT3G15460, AT3G23620, AT4G15770, AT4G26600	True	0.8365856692791875		False		assembly		BRIX1-2, TIM13, ADF5, EMB2762, RPSAb, BRIX1-1, AT3G23620, DL3925W, NOP2B
w:stimulus	word	stimulus	5	325	397	21521	0.8339856616934703	0.7188340691135168	AT2G01830, AT4G26150, AT5G48010, AT5G50915, AT5G56860	True	0.8426553123522798		False		stimulus		WOL, CGA1, THAS1, BHLH137, GNC
w:complex	word	complex	40	325	2854	21521	0.9280793488221659	0.7191647049959266	AT1G03110, AT1G03360, AT1G15440, AT1G32640, AT1G55690, AT1G61570, AT1G69070, AT1G75440, AT1G75670, AT2G17250, AT2G17820, AT2G19080, AT2G19540, AT2G28070, AT2G34260, AT2G40360, AT3G16310, AT3G22310, AT3G28180, AT3G46210, AT3G46640, AT3G50700, AT3G57660, AT3G62310, AT4G05410, AT4G22380, AT4G27490, AT4G34590, AT4G37080, AT5G06000, AT5G09380, AT5G14050, AT5G14520, AT5G15550, AT5G15750, AT5G15920, AT5G24840, AT5G27140, AT5G52470, AT5G66540	True	0.8426553123522798		False		complex		TRM82, RRP4, PWP2, MYC2, SFH13, TIM13, AT1G69070, UBC16, AT1G75670, EMB2762, HK1, MTX1, HTD1, ABCG3, WDR55, BOP1, NUP35, PMH1, CSLC04, RRP46, PCL1, IDD2, NRPA1, AT3G62310, YAO, AT4G22380, RRP41L, GBF6, AP22.58, EIF3G2, AT5G09380, AT5G14050, PES, WDR12, AT5G15750, SMC5, AT5G24840, NOP5-3, FIB1, MPP10
w:tube	word	tube	4	325	322	21521	0.8225895843287148	0.7193399007885315	AT1G68990, AT2G16700, AT3G28180, AT5G52560	True	0.8426553123522798		False		tube		MGP3, ADF5, CSLC04, USP
w:prevent	word	prevent	3	325	246	21521	0.8075422138836774	0.7209341928175848	AT2G01830, AT4G26150, AT5G56860	True	0.8436916882481381		False		prevent		WOL, CGA1, GNC
w:coat	word	coat	2	325	168	21521	0.7883150183150183	0.7237691517413711	AT3G44550, AT4G33770	True	0.846176520570787		False		coat		FAR5, ITPK2
p:cell death	phrase	cell death	3	325	248	21521	0.801029776674938	0.7260016734540867	AT1G18870, AT3G61640, AT4G02220	True	0.847359576831735		False		cell death		ICS2, AGP20, AT4G02220
w:cleave	word	cleave	2	325	169	21521	0.783650432407829	0.726795107484971	AT2G36870, AT5G41190	True	0.847359576831735		False		cleave		XTH32, NOB1
w:metal	word	metal	5	325	401	21521	0.8256666027239594	0.7269190650701175	AT1G55020, AT2G28450, AT3G19360, AT5G04120, AT5G24290	True	0.847359576831735		False		metal		LOX1, AT2G28450, AT3G19360, IPSP, MEB2
p:metal ion	phrase	metal ion	4	325	326	21521	0.8124964605946201	0.7282458903166318	AT1G55020, AT2G28450, AT3G19360, AT5G24290	True	0.8480747929348434		False		metal ion		LOX1, AT2G28450, AT3G19360, MEB2
w:pathogenesis	word	pathogenesis	2	325	170	21521	0.7790407239819004	0.7297930275925821	AT2G46310, AT4G23750	True	0.8481369980312174		False		pathogenesis		CRF5, CRF2
w:damage	word	damage	2	325	170	21521	0.7790407239819004	0.7297930275925821	AT4G24570, AT5G15920	True	0.8481369980312174		False		damage		DIC2, SMC5
w:contribute	word	contribute	4	325	327	21521	0.8100117619383674	0.7304392649150266	AT1G29940, AT1G55020, AT4G22570, AT5G11160	True	0.8481369980312174		False		contribute		NRPA2, LOX1, APT3, APT5
p:tube growth	phrase	tube growth	2	325	171	21521	0.7744849302744039	0.7327630656861885	AT1G68990, AT2G16700	True	0.8500051561959787		False		tube growth		MGP3, ADF5
w:apoplast	word	apoplast	5	325	405	21521	0.8175118708452043	0.7348362998266202	AT1G58170, AT2G36870, AT4G11190, AT4G34760, AT4G38860	True	0.8515792987269507		False		apoplast		DIR19, XTH32, DIR13, SAUR50, SAUR16
w:trafac	word	trafac	2	325	173	21521	0.7655313472654514	0.7386201190455184	AT1G06720, AT3G07050	True	0.8544284635641778		False		trafac		AT1G06720, NSN1
w:reductase	word	reductase	5	325	407	21521	0.8134946134946135	0.7387320946543101	AT3G29250, AT3G30775, AT3G44550, AT4G23420, AT5G47530	True	0.8544284635641778		False		reductase		SDR4, ERD5, FAR5, AT4G23420, AT5G47530
w:proline	word	proline	2	325	174	21521	0.761131741821397	0.741507450020098	AT1G30240, AT3G30775	True	0.8559731631785403		False		proline		AT1G30240, ERD5
p:programmed cell	phrase	programmed cell	2	325	174	21521	0.761131741821397	0.741507450020098	AT3G61640, AT4G02220	True	0.8559731631785403		False		programmed cell		AGP20, AT4G02220
w:programmed	word	programmed	2	325	175	21521	0.7567824175824176	0.7443675302293529	AT3G61640, AT4G02220	True	0.8584413127475272		False		programmed		AGP20, AT4G02220
w:facilitate	word	facilitate	2	325	176	21521	0.7524825174825175	0.7472005212529613	AT1G55020, AT5G15920	True	0.8592083363344013		False		facilitate		LOX1, SMC5
w:confer	word	confer	2	325	176	21521	0.7524825174825175	0.7472005212529613	AT2G17820, AT3G10960	True	0.8592083363344013		False		confer		HK1, AZG1
k:Chromatin regulator	keyword	Chromatin regulator	2	325	176	21521	0.7524825174825175	0.7472005212529613	AT2G19670, AT4G29510	True	0.8592083363344013		False		Chromatin regulator		PRMT1A, PRMT11
w:antiporter	word	antiporter	2	325	177	21521	0.7482312038244242	0.7500065860160716	AT1G11670, AT5G38030	True	0.8607701069238506		False		antiporter		DTX36, DTX30
w:reactive	word	reactive	2	325	177	21521	0.7482312038244242	0.7500065860160716	AT4G18880, AT5G13610	True	0.8607701069238506		False		reactive		HSFA4A, RRL
w:stresse	word	stresse	2	325	178	21521	0.7440276577355228	0.7527858887121679	AT2G01830, AT4G29720	True	0.8631267325735463		False		stresse		WOL, PAO5
w:ion	word	ion	27	325	1996	21521	0.8957407121936181	0.7545584206877314	AT1G55020, AT1G61570, AT1G67110, AT2G28450, AT2G38750, AT2G38760, AT3G15990, AT3G16870, AT3G19360, AT3G29250, AT3G50660, AT3G55010, AT4G21140, AT4G26150, AT4G27970, AT4G33770, AT4G37410, AT5G04330, AT5G09970, AT5G24290, AT5G37890, AT5G42590, AT5G47990, AT5G49480, AT5G56860, AT5G62090, AT5G63450	True	0.863177718024216		False		ion		LOX1, TIM13, CYP735A2, AT2G28450, ANNAT4, ANNAT3, SULTR3;4, GATA17, AT3G19360, SDR4, DWF4, PUR5, AT4G21140, CGA1, SLAH2, ITPK2, CYP81F4, CYP84A4, CYP78A7, MEB2, AT5G37890, CYP71A16, CYP705A5, CP1, GNC, SLK2, CYP94B1
w:outer	word	outer	2	325	179	21521	0.7398710786420284	0.755538594727956	AT1G61570, AT2G19080	True	0.863177718024216		False		outer		TIM13, MTX1
w:spliceosome	word	spliceosome	2	325	179	21521	0.7398710786420284	0.755538594727956	AT3G07860, AT4G22380	True	0.863177718024216		False		spliceosome		SNRNP25, AT4G22380
w:cation	word	cation	4	325	339	21521	0.7813387792148855	0.7557342341995028	AT1G76790, AT3G10960, AT3G13620, AT4G35150	True	0.863177718024216		False		cation		IGMT5, AZG1, PUT4, AT4G35150
w:death	word	death	3	325	261	21521	0.761131741821397	0.7572029315144265	AT1G18870, AT3G61640, AT4G02220	True	0.8640252260754829		False		death		ICS2, AGP20, AT4G02220
w:channel	word	channel	3	325	263	21521	0.7553436677391051	0.7617403969159386	AT4G19030, AT4G27970, AT4G33770	True	0.8683694457651496		False		channel		NLM1, SLAH2, ITPK2
w:fold	word	fold	2	325	183	21521	0.72369903320723	0.766286797441821	AT3G29250, AT4G23420	True	0.8727155193087406		False		fold		SDR4, AT4G23420
w:ppr	word	ppr	5	325	425	21521	0.7790407239819005	0.7719231263065895	AT1G02370, AT1G08610, AT3G15590, AT4G36680, AT4G38150	True	0.87829339442922		False		ppr		AT1G02370, AT1G08610, AT3G15590, AT4G36680, AT4G38150
p:oxidative stress	phrase	oxidative stress	4	325	348	21521	0.761131741821397	0.7734796877814194	AT1G55020, AT2G21195, AT3G30775, AT4G24570	True	0.8792230867802177		False		oxidative stress		LOX1, AT2G21195, ERD5, DIC2
w:galactose	word	galactose	2	325	187	21521	0.7082188399835458	0.7766229463396256	AT3G28180, AT5G52560	True	0.8819528970370725		False		galactose		CSLC04, USP
k:Hydrolase	keyword	Hydrolase	30	325	2236	21521	0.8884408972065502	0.780110845346611	AT1G06720, AT1G31860, AT1G52160, AT1G60260, AT1G64390, AT1G72040, AT1G73300, AT1G79950, AT2G01830, AT2G36870, AT2G40700, AT2G44460, AT3G09720, AT3G15720, AT3G18630, AT3G22310, AT3G44320, AT3G46210, AT3G61100, AT3G62310, AT3G63090, AT4G30760, AT4G37070, AT5G04120, AT5G08620, AT5G14650, AT5G41190, AT5G45950, AT5G60990, AT5G62190	True	0.8850685067911455		False		Hydrolase		AT1G06720, AT-IE, TRZ3, BGLU5, GH9C2, dNK, scpl2, RTEL1, WOL, XTH32, RH17, BGLU28, RH57, AT3G15720, UNG, PMH1, NIT3, RRP46, AT3G61100, AT3G62310, AT3G63090, AT4G30760, PLP1, IPSP, STRS2, AT5G14650, NOB1, AT5G45950, RH10, PRH75
w:cytosolic	word	cytosolic	5	325	435	21521	0.761131741821397	0.7889281000467878	AT1G13420, AT1G15250, AT3G04770, AT3G45070, AT5G24290	True	0.8934264537713418		False		cytosolic		ST4B, RPL37A, RPSAb, SOT5, MEB2
k:Carbohydrate metabolism	keyword	Carbohydrate metabolism	2	325	192	21521	0.6897756410256409	0.7889804680066518	AT1G64390, AT2G45310	True	0.8934264537713418		False		Carbohydrate metabolism		GH9C2, GAE4
w:species	word	species	2	325	193	21521	0.6862016739736947	0.7913786916180975	AT4G18880, AT5G13610	True	0.895289499841977		False		species		HSFA4A, RRL
w:plant	word	plant	42	325	3092	21521	0.8994745745845357	0.7944500619063963	AT1G18870, AT1G26770, AT1G55020, AT1G58170, AT1G68990, AT1G69530, AT1G72140, AT1G75450, AT1G78580, AT2G01830, AT2G03090, AT2G17820, AT2G25150, AT2G34260, AT2G34510, AT2G38760, AT2G39130, AT2G39700, AT2G40230, AT3G03220, AT3G07050, AT3G11240, AT3G13980, AT3G15720, AT3G22660, AT3G28180, AT3G44320, AT3G45960, AT4G11190, AT4G24570, AT4G26150, AT4G29740, AT4G34760, AT4G38860, AT5G05190, AT5G09970, AT5G11420, AT5G47980, AT5G56860, AT5G59450, AT5G62090, AT5G63450	True	0.8979098133143586		False		plant		ICS2, EXPA10, LOX1, DIR19, MGP3, EXPA1, NPF5.12, CKX5, TPS1, WOL, EXPA15, HK1, SCT, WDR55, ATHB-1, ANNAT3, AVT1C, EXPA4, AT2G40230, EXPA13, NSN1, ATE2, AT3G13980, AT3G15720, EBP2, CSLC04, NIT3, EXLA3, DIR13, DIC2, CGA1, CKX4, SAUR50, SAUR16, EDR4, CYP78A7, AT5G11420, BAHD1, GNC, SCL11, SLK2, CYP94B1
w:gtpase	word	gtpase	4	325	362	21521	0.7316957076073097	0.7990544744310462	AT1G06720, AT3G07050, AT3G22660, AT3G63130	True	0.9019601825454973		False		gtpase		AT1G06720, NSN1, EBP2, RANGAP1
p:salicylic acid	phrase	salicylic acid	3	325	281	21521	0.7069586641116891	0.7995509103473121	AT1G18870, AT1G55020, AT5G05190	True	0.9019601825454973		False		salicylic acid		ICS2, LOX1, EDR4
w:forming	word	forming	2	325	197	21521	0.6722686450605232	0.8007331633821054	AT1G78580, AT3G44550	True	0.9024376599633397		False		forming		TPS1, FAR5
w:salicylic	word	salicylic	3	325	282	21521	0.7044517184942718	0.8014965105373477	AT1G18870, AT1G55020, AT5G05190	True	0.9024425672622219		False		salicylic		ICS2, LOX1, EDR4
w:constituent	word	constituent	5	325	444	21521	0.7457033957033957	0.803377986667645	AT1G15250, AT1G26770, AT2G36870, AT3G04770, AT3G16310	True	0.9037052281436423		False		constituent		RPL37A, EXPA10, XTH32, RPSAb, NUP35
p:hydrogen peroxide	phrase	hydrogen peroxide	2	325	200	21521	0.6621846153846154	0.8075036022393872	AT4G19030, AT4G29720	True	0.9074875076206346		False		hydrogen peroxide		NLM1, PAO5
w:phosphatidylinositol	word	phosphatidylinositol	2	325	202	21521	0.6556283320639756	0.8119030066722662	AT1G55690, AT4G37070	True	0.9097429089790298		False		phosphatidylinositol		SFH13, PLP1
w:myb	word	myb	2	325	202	21521	0.6556283320639756	0.8119030066722662	AT2G31180, AT5G60890	True	0.9097429089790298		False		myb		MYB14, MYB34
w:peroxide	word	peroxide	2	325	202	21521	0.6556283320639756	0.8119030066722662	AT4G19030, AT4G29720	True	0.9097429089790298		False		peroxide		NLM1, PAO5
w:nad	word	nad	5	325	450	21521	0.7357606837606837	0.8125710423345077	AT2G45310, AT3G29250, AT3G44550, AT4G23420, AT5G67220	True	0.9097429089790298		False		nad		GAE4, SDR4, FAR5, AT4G23420, AT5G67220
w:regulatory	word	regulatory	5	325	456	21521	0.7260796221322539	0.8214191581135161	AT2G37990, AT3G17310, AT3G46640, AT3G63130, AT4G33770	True	0.9186679907616574		False		regulatory		AT2G37990, DRM3, PCL1, RANGAP1, ITPK2
w:silencing	word	silencing	2	325	207	21521	0.6397918989223337	0.8225120081271545	AT1G03360, AT3G17310	True	0.9186679907616574		False		silencing		RRP4, DRM3
w:molecule	word	molecule	3	325	294	21521	0.6756985871271586	0.8236333710276929	AT1G58170, AT4G11190, AT4G33770	True	0.9186679907616574		False		molecule		DIR19, DIR13, ITPK2
w:splicing	word	splicing	3	325	294	21521	0.6756985871271586	0.8236333710276929	AT3G07860, AT3G62310, AT4G22380	True	0.9186679907616574		False		splicing		SNRNP25, AT3G62310, AT4G22380
w:coa	word	coa	3	325	295	21521	0.6734080834419818	0.8253797116094775	AT2G25150, AT2G39020, AT3G44550	True	0.9197530244645443		False		coa		SCT, GNAT8, FAR5
w:lysine	word	lysine	2	325	209	21521	0.6336694884063305	0.826603489260673	AT2G39020, AT5G03670	True	0.9202542591113672		False		lysine		GNAT8, TRM28
w:sulfur	word	sulfur	2	325	211	21521	0.6276631425446592	0.8306101413899754	AT1G70560, AT5G60890	True	0.9238498204982981		False		sulfur		TAA1, MYB34
w:storage	word	storage	2	325	212	21521	0.6247024673439768	0.8325820911595799	AT1G49320, AT4G37070	True	0.924435501881584		False		storage		USPL1, PLP1
w:dehydrogenase	word	dehydrogenase	5	325	464	21521	0.7135610079575597	0.8326916926115866	AT1G75450, AT3G29250, AT3G30775, AT4G23420, AT4G29740	True	0.924435501881584		False		dehydrogenase		CKX5, SDR4, ERD5, AT4G23420, CKX4
w:lipid	word	lipid	8	325	701	21521	0.7557028420937123	0.8344564956150362	AT1G55020, AT1G55690, AT2G40090, AT3G11240, AT4G33770, AT4G37070, AT5G45950, AT5G48010	True	0.9255305720954086		False		lipid		LOX1, SFH13, ATH9, ATE2, ITPK2, PLP1, AT5G45950, THAS1
w:high	word	high	4	325	386	21521	0.6862016739736947	0.837441553645582	AT2G01830, AT3G49670, AT5G57280, AT5G60990	True	0.9269821382453358		False		high		WOL, BAM2, RID2, RH10
w:glucose	word	glucose	3	325	303	21521	0.6556283320639756	0.8388264122783216	AT1G78580, AT5G52560, AT5G56860	True	0.9269821382453358		False		glucose		TPS1, USP, GNC
w:double	word	double	3	325	303	21521	0.6556283320639756	0.8388264122783216	AT1G79950, AT3G46210, AT5G15920	True	0.9269821382453358		False		double		RTEL1, RRP46, SMC5
w:ligase	word	ligase	11	325	934	21521	0.7798748146928018	0.8389796931298732	AT1G04360, AT1G15440, AT1G77550, AT2G18670, AT2G19540, AT3G12670, AT3G55010, AT4G05410, AT5G14050, AT5G15550, AT5G37890	True	0.9269821382453358		False		ligase		ATL1, PWP2, AT1G77550, ATL56, HTD1, emb2742, PUR5, YAO, AT5G14050, WDR12, AT5G37890
p:structural constituent	phrase	structural constituent	4	325	388	21521	0.6826645519429024	0.8403455982058989	AT1G15250, AT1G26770, AT3G04770, AT3G16310	True	0.9269821382453358		False		structural constituent		RPL37A, EXPA10, RPSAb, NUP35
p:ubiquitin transferase	phrase	ubiquitin transferase	3	325	304	21521	0.6534716599190284	0.8404430151627182	AT1G04360, AT2G18670, AT5G37890	True	0.9269821382453358		False		ubiquitin transferase		ATL1, ATL56, AT5G37890
w:pollen	word	pollen	8	325	709	21521	0.7471758706737549	0.8432889164952537	AT1G31660, AT1G68990, AT1G79950, AT2G16700, AT3G28180, AT4G05410, AT5G41190, AT5G52560	True	0.9292590562677078		False		pollen		ENP1, MGP3, RTEL1, ADF5, CSLC04, YAO, NOB1, USP
w:long	word	long	3	325	307	21521	0.6470859433725884	0.84520922032383	AT1G52160, AT1G78580, AT3G44550	True	0.9305127434861424		False		long		TRZ3, TPS1, FAR5
p:cell differentiation	phrase	cell differentiation	2	325	220	21521	0.601986013986014	0.8476274122743548	AT1G78580, AT3G07050	True	0.9323117420852987		False		cell differentiation		TPS1, NSN1
w:condition	word	condition	2	325	221	21521	0.5992620953706926	0.849419355188493	AT1G32640, AT3G11240	True	0.9330321429549758		False		condition		MYC2, ATE2
w:pectin	word	pectin	3	325	310	21521	0.6408238213399504	0.8498518173425053	AT3G15720, AT5G11420, AT5G14650	True	0.9330321429549758		False		pectin		AT3G15720, AT5G11420, AT5G14650
w:structural	word	structural	6	325	560	21521	0.7094835164835165	0.8525955114365659	AT1G15250, AT1G26770, AT3G04770, AT3G16310, AT3G49670, AT5G15920	True	0.935180870016676		False		structural		RPL37A, EXPA10, RPSAb, NUP35, BAM2, SMC5
w:reticulum	word	reticulum	12	325	1029	21521	0.7722269567167528	0.8567195001819095	AT1G20330, AT1G72090, AT2G01830, AT2G17500, AT2G22770, AT2G43200, AT3G50660, AT3G57010, AT4G37410, AT5G24290, AT5G42590, AT5G47990	True	0.9367300845441285		False		reticulum		SMT2, AT1G72090, WOL, PILS5, NAI1, AT2G43200, DWF4, SSL8, CYP81F4, MEB2, CYP71A16, CYP705A5
p:endoplasmic reticulum	phrase	endoplasmic reticulum	12	325	1029	21521	0.7722269567167528	0.8567195001819095	AT1G20330, AT1G72090, AT2G01830, AT2G17500, AT2G22770, AT2G43200, AT3G50660, AT3G57010, AT4G37410, AT5G24290, AT5G42590, AT5G47990	True	0.9367300845441285		False		endoplasmic reticulum		SMT2, AT1G72090, WOL, PILS5, NAI1, AT2G43200, DWF4, SSL8, CYP81F4, MEB2, CYP71A16, CYP705A5
w:induced	word	induced	5	325	483	21521	0.685491320273929	0.8571547903851092	AT1G04240, AT1G70560, AT3G30775, AT3G44550, AT4G34590	True	0.9367300845441285		False		induced		SHY2, TAA1, ERD5, FAR5, GBF6
p:plasma membrane	phrase	plasma membrane	36	325	2775	21521	0.8590503118503119	0.8581825037138279	AT1G03700, AT1G11670, AT1G55690, AT1G60260, AT2G01830, AT2G03240, AT2G17500, AT2G17820, AT2G28070, AT2G39130, AT3G10960, AT3G11964, AT3G13620, AT3G13980, AT3G15720, AT3G15990, AT3G28290, AT3G44320, AT3G45680, AT3G45700, AT3G49670, AT3G60070, AT3G61640, AT4G15230, AT4G19030, AT4G27970, AT4G33770, AT4G34760, AT4G36680, AT4G38860, AT5G04770, AT5G05190, AT5G11420, AT5G38030, AT5G47530, AT5G59010	True	0.9367300845441285		False		plasma membrane		AT1G03700, DTX36, SFH13, BGLU5, WOL, PHO1-H5, PILS5, HK1, ABCG3, AVT1C, AZG1, RRP5, PUT4, AT3G13980, AT3G15720, SULTR3;4, AT14A, NIT3, NPF2.3, NPF2.4, BAM2, AT3G60070, AGP20, ABCG30, NLM1, SLAH2, ITPK2, SAUR50, AT4G36680, SAUR16, CAT6, EDR4, AT5G11420, DTX30, AT5G47530, BSK5
w:endoplasmic	word	endoplasmic	12	325	1031	21521	0.7707289412818026	0.8584261199604907	AT1G20330, AT1G72090, AT2G01830, AT2G17500, AT2G22770, AT2G43200, AT3G50660, AT3G57010, AT4G37410, AT5G24290, AT5G42590, AT5G47990	True	0.9367300845441285		False		endoplasmic		SMT2, AT1G72090, WOL, PILS5, NAI1, AT2G43200, DWF4, SSL8, CYP81F4, MEB2, CYP71A16, CYP705A5
w:plasma	word	plasma	36	325	2776	21521	0.8587408556861006	0.858734896680488	AT1G03700, AT1G11670, AT1G55690, AT1G60260, AT2G01830, AT2G03240, AT2G17500, AT2G17820, AT2G28070, AT2G39130, AT3G10960, AT3G11964, AT3G13620, AT3G13980, AT3G15720, AT3G15990, AT3G28290, AT3G44320, AT3G45680, AT3G45700, AT3G49670, AT3G60070, AT3G61640, AT4G15230, AT4G19030, AT4G27970, AT4G33770, AT4G34760, AT4G36680, AT4G38860, AT5G04770, AT5G05190, AT5G11420, AT5G38030, AT5G47530, AT5G59010	True	0.9367300845441285		False		plasma		AT1G03700, DTX36, SFH13, BGLU5, WOL, PHO1-H5, PILS5, HK1, ABCG3, AVT1C, AZG1, RRP5, PUT4, AT3G13980, AT3G15720, SULTR3;4, AT14A, NIT3, NPF2.3, NPF2.4, BAM2, AT3G60070, AGP20, ABCG30, NLM1, SLAH2, ITPK2, SAUR50, AT4G36680, SAUR16, CAT6, EDR4, AT5G11420, DTX30, AT5G47530, BSK5
k:Chaperone	keyword	Chaperone	2	325	227	21521	0.5834225686208065	0.8597746614887088	AT1G61570, AT4G02220	True	0.9370046494134509		False		Chaperone		TIM13, AT4G02220
w:tolerance	word	tolerance	3	325	318	21521	0.6247024673439768	0.8616453844107237	AT2G17820, AT2G31180, AT5G59010	True	0.9374963775187767		False		tolerance		HK1, MYB14, BSK5
w:phosphate	word	phosphate	8	325	727	21521	0.7286763305470321	0.8618028096114575	AT1G70560, AT1G78580, AT2G01830, AT2G03240, AT3G15990, AT4G01950, AT4G24570, AT5G52560	True	0.9374963775187767		False		phosphate		TAA1, TPS1, WOL, PHO1-H5, SULTR3;4, GPAT3, DIC2, USP
w:polysaccharide	word	polysaccharide	2	325	229	21521	0.5783271750083977	0.8630794136268183	AT2G36870, AT3G28180	True	0.9380268947004451		False		polysaccharide		XTH32, CSLC04
w:localization	word	localization	2	325	233	21521	0.5683988114889402	0.8694762260702851	AT2G19080, AT2G47260	True	0.9441161943356794		False		localization		MTX1, WRKY23
k:Transmembrane	keyword	Transmembrane	63	325	4696	21521	0.8883652208098546	0.873515495188668	AT1G03700, AT1G04360, AT1G11670, AT1G12740, AT1G31940, AT1G48460, AT1G49510, AT1G58270, AT1G67110, AT1G72090, AT1G72140, AT2G01830, AT2G03240, AT2G14100, AT2G17250, AT2G17500, AT2G17820, AT2G18670, AT2G19080, AT2G25160, AT2G28070, AT2G34610, AT2G39130, AT2G43200, AT2G45310, AT3G05400, AT3G10960, AT3G13620, AT3G15990, AT3G20240, AT3G21670, AT3G28180, AT3G28290, AT3G44430, AT3G45680, AT3G45700, AT3G45710, AT3G49670, AT3G50660, AT3G60070, AT4G01950, AT4G15230, AT4G19030, AT4G24570, AT4G27970, AT4G37410, AT5G02180, AT5G04330, AT5G04770, AT5G09970, AT5G13610, AT5G20270, AT5G24140, AT5G24290, AT5G38030, AT5G42590, AT5G47530, AT5G47990, AT5G50560, AT5G60630, AT5G61310, AT5G63450, AT5G65660	True	0.9472296256528301		False		Transmembrane		AT1G03700, ATL1, DTX36, CYP87A2, AT1G31940, AT1G48460, emb1273, ZW9, CYP735A2, AT1G72090, NPF5.12, WOL, PHO1-H5, CYP705A13, EMB2762, PILS5, HK1, ATL56, MTX1, CYP82F1, ABCG3, AT2G34610, AVT1C, AT2G43200, GAE4, SUGTL5, AZG1, PUT4, SULTR3;4, AT3G20240, NPF6.4, CSLC04, AT14A, AT3G44430, NPF2.3, NPF2.4, NPF2.5, BAM2, DWF4, AT3G60070, GPAT3, ABCG30, NLM1, DIC2, SLAH2, CYP81F4, AVT1D, CYP84A4, CAT6, CYP78A7, RRL, HHP1, SQP2, MEB2, DTX30, CYP71A16, AT5G47530, CYP705A5, MFB16.5, MUP24.5, AT5G61310, CYP94B1, AT5G65660
p:calcium ion	phrase	calcium ion	3	325	327	21521	0.6075088214537756	0.8739368371246045	AT2G38750, AT2G38760, AT5G49480	True	0.9472296256528301		False		calcium ion		ANNAT4, ANNAT3, CP1
w:ubiquitin	word	ubiquitin	13	325	1128	21521	0.7631560283687944	0.8752703983339036	AT1G04360, AT1G13740, AT1G15440, AT1G75440, AT2G18670, AT2G19540, AT3G07860, AT3G11240, AT3G63090, AT4G05410, AT5G14050, AT5G15550, AT5G37890	True	0.9478110233324328		False		ubiquitin		ATL1, AFP2, PWP2, UBC16, ATL56, HTD1, SNRNP25, ATE2, AT3G63090, YAO, AT5G14050, WDR12, AT5G37890
w:ubiquitination	word	ubiquitination	6	325	585	21521	0.6791637080867851	0.8791841728020855	AT1G04360, AT1G75440, AT2G18670, AT2G19540, AT3G11240, AT5G37890	True	0.951182876671228		False		ubiquitination		ATL1, UBC16, ATL56, HTD1, ATE2, AT5G37890
w:transfer	word	transfer	5	325	507	21521	0.6530420270065241	0.8837305412512557	AT1G20330, AT1G55690, AT1G61570, AT5G37890, AT5G47530	True	0.9552323759524937		False		transfer		SMT2, SFH13, TIM13, AT5G37890, AT5G47530
w:remodeling	word	remodeling	2	325	244	21521	0.5427742749054224	0.8856793280477266	AT1G04870, AT5G52470	True	0.9564693197536303		False		remodeling		PRMT10, FIB1
w:recognition	word	recognition	2	325	247	21521	0.5361818748053565	0.8897644463241556	AT1G32640, AT3G61640	True	0.9594040994622354		False		recognition		MYC2, AGP20
w:atpase	word	atpase	4	325	429	21521	0.6174215528061682	0.8909076069192959	AT4G13750, AT4G15230, AT4G34760, AT4G38860	True	0.9594040994622354		False		atpase		NOV, ABCG30, SAUR50, SAUR16
w:ester	word	ester	2	325	248	21521	0.5340198511166253	0.8910958509816358	AT4G31790, AT5G45950	True	0.9594040994622354		False		ester		AT4G31790, AT5G45950
p:dna repair	phrase	dna repair	2	325	250	21521	0.5297476923076924	0.893714084056575	AT1G79950, AT3G18630	True	0.9594040994622354		False		dna repair		RTEL1, UNG
k:Cell membrane	keyword	Cell membrane	15	325	1308	21521	0.7593860268172195	0.8943876718211214	AT1G03700, AT1G55690, AT2G03240, AT2G17820, AT3G13620, AT3G13980, AT3G44320, AT3G49670, AT3G61640, AT4G15230, AT4G27970, AT4G34760, AT4G38860, AT5G05190, AT5G59010	True	0.9594040994622354		False		Cell membrane		AT1G03700, SFH13, PHO1-H5, HK1, PUT4, AT3G13980, NIT3, BAM2, AGP20, ABCG30, SLAH2, SAUR50, SAUR16, EDR4, BSK5
w:trans‑golgi	word	trans-golgi	2	325	251	21521	0.5276371437327613	0.8950012011102831	AT2G03240, AT3G28180	True	0.9594040994622354		False		trans-golgi		PHO1-H5, CSLC04
p:trans‑golgi network	phrase	trans-golgi network	2	325	251	21521	0.5276371437327613	0.8950012011102831	AT2G03240, AT3G28180	True	0.9594040994622354		False		trans-golgi network		PHO1-H5, CSLC04
k:Transmembrane helix	keyword	Transmembrane helix	61	325	4612	21521	0.8758296083794782	0.8950527975712311	AT1G03700, AT1G04360, AT1G11670, AT1G12740, AT1G48460, AT1G49510, AT1G58270, AT1G67110, AT1G72090, AT1G72140, AT2G01830, AT2G03240, AT2G14100, AT2G17250, AT2G17500, AT2G17820, AT2G18670, AT2G19080, AT2G25160, AT2G28070, AT2G34610, AT2G39130, AT2G43200, AT2G45310, AT3G05400, AT3G10960, AT3G13620, AT3G15990, AT3G20240, AT3G21670, AT3G28180, AT3G28290, AT3G45680, AT3G45700, AT3G45710, AT3G49670, AT3G50660, AT3G60070, AT4G01950, AT4G15230, AT4G19030, AT4G24570, AT4G27970, AT4G37410, AT5G02180, AT5G04330, AT5G04770, AT5G09970, AT5G13610, AT5G20270, AT5G24140, AT5G24290, AT5G38030, AT5G42590, AT5G47530, AT5G47990, AT5G50560, AT5G60630, AT5G61310, AT5G63450, AT5G65660	True	0.9594040994622354		False		Transmembrane helix		AT1G03700, ATL1, DTX36, CYP87A2, AT1G48460, emb1273, ZW9, CYP735A2, AT1G72090, NPF5.12, WOL, PHO1-H5, CYP705A13, EMB2762, PILS5, HK1, ATL56, MTX1, CYP82F1, ABCG3, AT2G34610, AVT1C, AT2G43200, GAE4, SUGTL5, AZG1, PUT4, SULTR3;4, AT3G20240, NPF6.4, CSLC04, AT14A, NPF2.3, NPF2.4, NPF2.5, BAM2, DWF4, AT3G60070, GPAT3, ABCG30, NLM1, DIC2, SLAH2, CYP81F4, AVT1D, CYP84A4, CAT6, CYP78A7, RRL, HHP1, SQP2, MEB2, DTX30, CYP71A16, AT5G47530, CYP705A5, MFB16.5, MUP24.5, AT5G61310, CYP94B1, AT5G65660
w:proteolysis	word	proteolysis	3	325	345	21521	0.5758127090301004	0.8956589994979658	AT1G13740, AT1G32640, AT1G73300	True	0.9594040994622354		False		proteolysis		AFP2, MYC2, scpl2
k:Calcium	keyword	Calcium	4	325	440	21521	0.601986013986014	0.9018416548097965	AT1G52160, AT2G38750, AT2G38760, AT5G49480	True	0.9634724123817551		False		Calcium		TRZ3, ANNAT4, ANNAT3, CP1
k:GTP-binding	keyword	GTP-binding	2	325	257	21521	0.5153187668362766	0.9024248509362659	AT1G06720, AT3G07050	True	0.9634724123817551		False		GTP-binding		AT1G06720, NSN1
w:chromosome	word	chromosome	2	325	257	21521	0.5153187668362766	0.9024248509362659	AT2G31410, AT5G15920	True	0.9634724123817551		False		chromosome		AT2G31410, SMC5
k:Metal-binding	keyword	Metal-binding	42	325	3296	21521	0.8438032113517551	0.9026982904905594	AT1G03850, AT1G04360, AT1G12740, AT1G15250, AT1G29940, AT1G52160, AT1G55020, AT1G61570, AT1G67110, AT1G72090, AT1G76580, AT1G79950, AT2G14100, AT2G18670, AT2G25160, AT2G28450, AT2G30540, AT2G36930, AT2G38750, AT2G38760, AT3G15680, AT3G16870, AT3G19360, AT3G21270, AT3G50660, AT3G50700, AT3G57660, AT4G02220, AT4G26150, AT4G33770, AT4G37410, AT5G04330, AT5G09970, AT5G37890, AT5G39760, AT5G41190, AT5G42590, AT5G47530, AT5G47990, AT5G49480, AT5G56860, AT5G63450	True	0.9634724123817551		False		Metal-binding		GRXS13, ATL1, CYP87A2, RPL37A, NRPA2, TRZ3, LOX1, TIM13, CYP735A2, AT1G72090, SPL16, RTEL1, CYP705A13, ATL56, CYP82F1, AT2G28450, GRXS9, AT2G36930, ANNAT4, ANNAT3, AT3G15680, GATA17, AT3G19360, DOF2, DWF4, IDD2, NRPA1, AT4G02220, CGA1, ITPK2, CYP81F4, CYP84A4, CYP78A7, AT5G37890, HB23, NOB1, CYP71A16, AT5G47530, CYP705A5, CP1, GNC, CYP94B1
w:electron	word	electron	2	325	258	21521	0.5133214072748956	0.9036135856512735	AT5G47530, AT5G61310	True	0.9635843527707302		False		electron		AT5G47530, AT5G61310
w:glycosyltransferase	word	glycosyltransferase	4	325	445	21521	0.5952221261884183	0.9064847843919757	AT1G78580, AT2G22930, AT3G28180, AT5G05860	True	0.9646867203452741		False		glycosyltransferase		TPS1, UGT79B8, CSLC04, UGT76C2
w:resistance	word	resistance	7	325	699	21521	0.6631319467370969	0.9066261203258892	AT1G18870, AT1G55020, AT1G58170, AT3G11240, AT4G11190, AT4G15230, AT5G05190	True	0.9646867203452741		False		resistance		ICS2, LOX1, DIR19, ATE2, DIR13, ABCG30, EDR4
w:movement	word	movement	2	325	262	21521	0.5054844392248973	0.908234844757493	AT1G15440, AT1G69530	True	0.9646867203452741		False		movement		PWP2, EXPA1
w:peptide	word	peptide	4	325	447	21521	0.5925589399414903	0.9082870574227344	AT1G55020, AT1G56350, AT3G49670, AT3G61640	True	0.9646867203452741		False		peptide		LOX1, PRFB2, BAM2, AGP20
w:hydrogen	word	hydrogen	2	325	263	21521	0.5035624451594033	0.9093574075762022	AT4G19030, AT4G29720	True	0.9646867203452741		False		hydrogen		NLM1, PAO5
w:enzyme	word	enzyme	11	325	1024	21521	0.7113311298076923	0.9095196365364026	AT1G75440, AT2G01830, AT2G34510, AT3G28180, AT4G27490, AT5G11420, AT5G24140, AT5G37890, AT5G45950, AT5G52560, AT5G64620	True	0.9646867203452741		False		enzyme		UBC16, WOL, ATHB-1, CSLC04, RRP41L, AT5G11420, SQP2, AT5G37890, AT5G45950, USP, C/VIF2
w:control	word	control	6	325	621	21521	0.6397918989223338	0.9103267453552545	AT1G26770, AT1G32640, AT1G55020, AT2G01830, AT2G34260, AT3G49670	True	0.9646867203452741		False		control		EXPA10, MYC2, LOX1, WOL, WDR55, BAM2
w:oxidative	word	oxidative	4	325	451	21521	0.587303428279038	0.9117996563374974	AT1G55020, AT2G21195, AT3G30775, AT4G24570	True	0.9648316996849221		False		oxidative		LOX1, AT2G21195, ERD5, DIC2
w:repair	word	repair	3	325	361	21521	0.5502919241423397	0.9120864848156874	AT1G79950, AT3G18630, AT5G15920	True	0.9648316996849221		False		repair		RTEL1, UNG, SMC5
w:inhibitor	word	inhibitor	3	325	365	21521	0.5442613277133825	0.9158097725991045	AT1G70560, AT4G33770, AT5G64620	True	0.9679091729958536		False		inhibitor		TAA1, ITPK2, C/VIF2
w:beta	word	beta	12	325	1119	21521	0.7101175500103114	0.9189627501046054	AT1G29940, AT1G60260, AT1G61570, AT1G64390, AT2G44460, AT3G08030, AT3G28180, AT3G57660, AT4G03610, AT5G05860, AT5G19290, AT5G65640	True	0.9703789608120567		False		beta		NRPA2, BGLU5, TIM13, GH9C2, BGLU28, ATHA2-1, CSLC04, NRPA1, AT4G03610, UGT76C2, MAGL16, bHLH093
p:defense response	phrase	defense response	10	325	966	21521	0.685491320273929	0.9220308264255768	AT1G03850, AT1G32640, AT1G55020, AT1G70560, AT2G01830, AT3G11240, AT3G30775, AT4G19030, AT5G05190, AT5G60890	True	0.9727336927109488		False		defense response		GRXS13, MYC2, LOX1, TAA1, WOL, ATE2, ERD5, NLM1, EDR4, MYB34
k:Cytoskeleton	keyword	Cytoskeleton	2	325	276	21521	0.47984392419175026	0.9228289363986124	AT2G16700, AT3G63130	True	0.9727336927109488		False		Cytoskeleton		ADF5, RANGAP1
w:activation	word	activation	3	325	377	21521	0.5269373597225057	0.926135861748385	AT3G46640, AT5G13180, AT5G60890	True	0.9753547737987863		False		activation		PCL1, NAC083, MYB34
p:leucine rich	phrase	leucine rich	2	325	281	21521	0.47130577607445934	0.9274906875496679	AT1G30240, AT3G49670	True	0.9759171924748277		False		leucine rich		AT1G30240, BAM2
w:bacterium	word	bacterium	4	325	479	21521	0.5529725389433113	0.9332129040147271	AT1G55020, AT1G70560, AT2G01830, AT3G30775	True	0.9808639928615832		False		bacterium		LOX1, TAA1, WOL, ERD5
w:endosome	word	endosome	3	325	387	21521	0.5133214072748957	0.9338419175099345	AT2G03240, AT3G28180, AT5G05190	True	0.9808639928615832		False		endosome		PHO1-H5, CSLC04, EDR4
w:rich	word	rich	9	325	914	21521	0.6520417438141727	0.9371842520037864	AT1G14710, AT1G30240, AT2G19670, AT2G33620, AT3G06750, AT3G46210, AT3G49670, AT4G29510, AT5G65660	True	0.9835058037356593		False		rich		AT1G14710, AT1G30240, PRMT1A, AHL10, AT3G06750, RRP46, BAM2, PRMT11, AT5G65660
w:kda	word	kda	2	325	309	21521	0.4285984565596216	0.9490545792591847	AT1G61570, AT3G07860	True	0.9950845632620552		False		kda		TIM13, SNRNP25
w:defense	word	defense	11	325	1114	21521	0.653862726142798	0.952239661955555	AT1G03850, AT1G32640, AT1G55020, AT1G70560, AT2G01830, AT3G11240, AT3G30775, AT4G15230, AT4G19030, AT5G05190, AT5G60890	True	0.9975444564450704		False		defense		GRXS13, MYC2, LOX1, TAA1, WOL, ATE2, ERD5, ABCG30, NLM1, EDR4, MYB34
p:fatty acid	phrase	fatty acid	2	325	320	21521	0.4138653846153846	0.9557278677782203	AT1G55020, AT3G44550	True	0.9999923107897227		False		fatty acid		LOX1, FAR5
w:gtp	word	gtp	2	325	322	21521	0.4112947921643574	0.9568479547532838	AT1G06720, AT3G07050	True	0.9999923107897227		False		gtp		AT1G06720, NSN1
k:NAD	keyword	NAD	2	325	324	21521	0.4087559354226021	0.9579409475329919	AT2G45310, AT5G67220	True	0.9999923107897227		False		NAD		GAE4, AT5G67220
w:vacuolar	word	vacuolar	2	325	327	21521	0.4050058809691837	0.9595309688843083	AT5G24290, AT5G64620	True	0.9999923107897227		False		vacuolar		MEB2, C/VIF2
w:calcium	word	calcium	4	325	538	21521	0.4923305690591936	0.9637382903174292	AT2G38750, AT2G38760, AT3G57010, AT5G49480	True	0.9999923107897227		False		calcium		ANNAT4, ANNAT3, SSL8, CP1
w:network	word	network	2	325	341	21521	0.3883780735393638	0.9662206769313081	AT2G03240, AT3G28180	True	0.9999923107897227		False		network		PHO1-H5, CSLC04
w:degradation	word	degradation	6	325	734	21521	0.5412953259274786	0.9674858907435451	AT1G03360, AT1G78580, AT3G11240, AT3G50700, AT4G27490, AT5G37890	True	0.9999923107897227		False		degradation		RRP4, TPS1, ATE2, IDD2, RRP41L, AT5G37890
w:atp	word	atp	22	325	2044	21521	0.7127231672437152	0.967924950985131	AT1G10490, AT1G31860, AT1G32640, AT1G63660, AT1G79950, AT2G01830, AT2G17820, AT2G28070, AT2G40700, AT3G09720, AT3G12670, AT3G20240, AT3G22310, AT3G49670, AT3G55010, AT3G62310, AT4G15230, AT4G33770, AT5G08620, AT5G59010, AT5G60990, AT5G62190	True	0.9999923107897227		False		atp		AT1G10490, AT-IE, MYC2, AT1G63660, RTEL1, WOL, HK1, ABCG3, RH17, RH57, emb2742, AT3G20240, PMH1, BAM2, PUR5, AT3G62310, ABCG30, ITPK2, STRS2, BSK5, RH10, PRH75
k:Ubl conjugation pathway	keyword	Ubl conjugation pathway	6	325	739	21521	0.5376329759550328	0.9689900383901904	AT1G04360, AT1G75440, AT2G18670, AT2G19540, AT3G11240, AT5G37890	True	0.9999923107897227		False		Ubl conjugation pathway		ATL1, UBC16, ATL56, HTD1, ATE2, AT5G37890
k:ATP-binding	keyword	ATP-binding	22	325	2052	21521	0.7099445194182037	0.9694669407730693	AT1G06720, AT1G10490, AT1G31860, AT1G63660, AT1G79950, AT2G28070, AT2G40700, AT3G09720, AT3G12670, AT3G21110, AT3G22310, AT3G49670, AT3G55010, AT3G62310, AT4G15230, AT4G33770, AT5G08620, AT5G15920, AT5G40540, AT5G59010, AT5G60990, AT5G62190	True	0.9999923107897227		False		ATP-binding		AT1G06720, AT1G10490, AT-IE, AT1G63660, RTEL1, ABCG3, RH17, RH57, emb2742, PUR7, PMH1, BAM2, PUR5, AT3G62310, ABCG30, ITPK2, STRS2, SMC5, MNF13.60, BSK5, RH10, PRH75
k:Repeat	keyword	Repeat	38	325	3264	21521	0.7709257164404223	0.9703016565555054	AT1G02370, AT1G03110, AT1G08610, AT1G15440, AT1G31010, AT1G69040, AT2G19540, AT2G31180, AT2G33620, AT2G34260, AT2G38750, AT2G38760, AT2G40360, AT3G07050, AT3G10530, AT3G11964, AT3G15590, AT3G15720, AT3G17310, AT3G19360, AT3G20240, AT3G21540, AT3G49670, AT3G50700, AT3G63130, AT4G05410, AT4G15230, AT4G18880, AT4G19030, AT4G24570, AT4G36680, AT4G38150, AT5G14050, AT5G15550, AT5G16750, AT5G48010, AT5G49480, AT5G60890	True	0.9999923107897227		False		Repeat		AT1G02370, TRM82, AT1G08610, PWP2, OSB4, ACR4, HTD1, MYB14, AHL10, WDR55, ANNAT4, ANNAT3, BOP1, NSN1, AT3G10530, RRP5, AT3G15590, AT3G15720, DRM3, AT3G19360, AT3G20240, AT3G21540, BAM2, IDD2, RANGAP1, YAO, ABCG30, HSFA4A, NLM1, DIC2, AT4G36680, AT4G38150, AT5G14050, WDR12, TOZ, THAS1, CP1, MYB34
w:cytosol	word	cytosol	22	325	2059	21521	0.7075309149325661	0.9707626366697991	AT1G17190, AT1G31860, AT1G61570, AT1G63660, AT1G69040, AT1G76790, AT2G16700, AT2G17500, AT2G29440, AT2G29490, AT2G39020, AT3G10960, AT3G15810, AT3G21670, AT3G22310, AT3G28290, AT3G44320, AT3G63130, AT4G22570, AT5G15920, AT5G49480, AT5G52560	True	0.9999923107897227		False		cytosol		GSTU26, AT-IE, TIM13, AT1G63660, ACR4, IGMT5, ADF5, PILS5, GSTU6, GSTU1, GNAT8, AZG1, AT3G15810, NPF6.4, PMH1, AT14A, NIT3, RANGAP1, APT3, SMC5, CP1, USP
w:vacuole	word	vacuole	8	325	923	21521	0.5739411617634803	0.9708367474712418	AT1G49320, AT1G72140, AT1G78580, AT2G38760, AT2G39130, AT2G41290, AT3G57010, AT5G64620	True	0.9999923107897227		False		vacuole		USPL1, NPF5.12, TPS1, ANNAT3, AVT1C, SSL2, SSL8, C/VIF2
w:fatty	word	fatty	2	325	355	21521	0.37306175514626216	0.9718420514670307	AT1G55020, AT3G44550	True	0.9999923107897227		False		fatty		LOX1, FAR5
k:Golgi apparatus	keyword	Golgi apparatus	4	325	562	21521	0.47130577607445934	0.9719581323306313	AT1G49320, AT1G55690, AT2G45310, AT3G28180	True	0.9999923107897227		False		Golgi apparatus		USPL1, SFH13, GAE4, CSLC04
k:Transit peptide	keyword	Transit peptide	19	325	1836	21521	0.6852673035025976	0.9728531290957784	AT1G02370, AT1G14620, AT1G18870, AT1G31010, AT1G31860, AT1G52160, AT1G56350, AT1G62150, AT1G68990, AT2G24120, AT3G15590, AT3G18630, AT3G21110, AT3G22310, AT3G30775, AT3G55010, AT4G20020, AT4G36680, AT5G04770	True	0.9999923107897227		False		Transit peptide		AT1G02370, DECOY, ICS2, OSB4, AT-IE, TRZ3, PRFB2, MTERF20, MGP3, SCA3, AT3G15590, UNG, PUR7, PMH1, ERD5, PUR5, MORF1, AT4G36680, CAT6
p:zinc ion	phrase	zinc ion	4	325	571	21521	0.4638771386231982	0.9745651639506014	AT3G16870, AT4G26150, AT5G37890, AT5G56860	True	0.9999923107897227		False		zinc ion		GATA17, CGA1, AT5G37890, GNC
w:morphogenesis	word	morphogenesis	2	325	364	21521	0.36383770076077765	0.9749681031274607	AT2G01830, AT3G07050	True	0.9999923107897227		False		morphogenesis		WOL, NSN1
k:Disulfide bond	keyword	Disulfide bond	9	325	1060	21521	0.5622322206095791	0.9810912039651516	AT1G60260, AT1G61570, AT1G69530, AT1G73300, AT2G36870, AT2G39700, AT2G44460, AT4G11190, AT5G64620	True	0.9999923107897227		False		Disulfide bond		BGLU5, TIM13, EXPA1, scpl2, XTH32, EXPA4, BGLU28, DIR13, C/VIF2
k:Endoplasmic reticulum	keyword	Endoplasmic reticulum	4	325	604	21521	0.4385328578706062	0.9823076530300916	AT2G01830, AT2G17500, AT2G43200, AT5G24290	True	0.9999923107897227		False		Endoplasmic reticulum		WOL, PILS5, AT2G43200, MEB2
p:chloroplast stroma	phrase	chloroplast stroma	4	325	606	21521	0.4370855547093171	0.9826969970148328	AT1G31860, AT1G56350, AT3G21110, AT3G55010	True	0.9999923107897227		False		chloroplast stroma		AT-IE, PRFB2, PUR7, PUR5
w:stroma	word	stroma	4	325	619	21521	0.4279060519448242	0.9850372355817463	AT1G31860, AT1G56350, AT3G21110, AT3G55010	True	0.9999923107897227		False		stroma		AT-IE, PRFB2, PUR7, PUR5
k:Glycoprotein	keyword	Glycoprotein	20	325	2012	21521	0.6582352041596574	0.9858724055808827	AT1G58170, AT1G60260, AT1G64390, AT1G73300, AT1G75450, AT2G34510, AT2G41290, AT2G43200, AT2G44460, AT3G08030, AT3G45960, AT3G49670, AT3G57010, AT3G61640, AT4G11190, AT4G15230, AT4G29740, AT5G11420, AT5G45950, AT5G64620	True	0.9999923107897227		False		Glycoprotein		DIR19, BGLU5, GH9C2, scpl2, CKX5, ATHB-1, SSL2, AT2G43200, BGLU28, ATHA2-1, EXLA3, BAM2, SSL8, AGP20, DIR13, ABCG30, CKX4, AT5G11420, AT5G45950, C/VIF2
w:cytoplasmic	word	cytoplasmic	2	325	410	21521	0.3230168855534709	0.9863838839024108	AT3G29250, AT4G27490	True	0.9999923107897227		False		cytoplasmic		SDR4, RRP41L
p:golgi apparatus	phrase	golgi apparatus	6	325	825	21521	0.4815888111888112	0.9866576832661119	AT1G20330, AT1G49320, AT1G55690, AT2G03240, AT2G38750, AT3G28180	True	0.9999923107897227		False		golgi apparatus		SMT2, USPL1, SFH13, PHO1-H5, ANNAT4, CSLC04
w:chloroplast	word	chloroplast	41	325	3657	21521	0.7424000336551607	0.9881431073199644	AT1G02370, AT1G08610, AT1G18870, AT1G29940, AT1G31010, AT1G31860, AT1G49510, AT1G56350, AT1G58170, AT1G61570, AT1G62150, AT1G69040, AT1G74890, AT1G78580, AT2G17500, AT2G22930, AT2G24120, AT2G36870, AT2G38750, AT2G38760, AT3G04770, AT3G18630, AT3G20240, AT3G21110, AT3G28290, AT3G55010, AT3G57010, AT4G20020, AT4G21140, AT4G26150, AT4G27490, AT4G27970, AT4G37070, AT5G04770, AT5G42590, AT5G47980, AT5G49480, AT5G52560, AT5G56860, AT5G63450, AT5G64620	True	0.9999923107897227		False		chloroplast		AT1G02370, AT1G08610, ICS2, NRPA2, OSB4, AT-IE, emb1273, PRFB2, DIR19, TIM13, MTERF20, ACR4, ARR15, TPS1, PILS5, UGT79B8, SCA3, XTH32, ANNAT4, ANNAT3, RPSAb, UNG, AT3G20240, PUR7, AT14A, PUR5, SSL8, MORF1, AT4G21140, CGA1, RRP41L, SLAH2, PLP1, CAT6, CYP71A16, BAHD1, CP1, USP, GNC, CYP94B1, C/VIF2
w:apparatus	word	apparatus	6	325	850	21521	0.46742443438914033	0.989656983184978	AT1G20330, AT1G49320, AT1G55690, AT2G03240, AT2G38750, AT3G28180	True	0.9999923107897227		False		apparatus		SMT2, USPL1, SFH13, PHO1-H5, ANNAT4, CSLC04
w:pathogen	word	pathogen	2	325	432	21521	0.3065669515669516	0.9898643633602507	AT1G55020, AT3G11240	True	0.9999923107897227		False		pathogen		LOX1, ATE2
k:Protein transport	keyword	Protein transport	3	325	563	21521	0.3528514824429567	0.9916881620894128	AT1G55690, AT1G61570, AT3G16310	True	0.9999923107897227		False		Protein transport		SFH13, TIM13, NUP35
k:Plant defense	keyword	Plant defense	5	325	785	21521	0.4217736403723665	0.9927280676480235	AT1G18870, AT1G55020, AT3G11240, AT4G37070, AT5G05190	True	0.9999923107897227		False		Plant defense		ICS2, LOX1, ATE2, PLP1, EDR4
w:intracellular	word	intracellular	3	325	574	21521	0.3460895202358617	0.9927489337988975	AT2G17500, AT4G27970, AT4G29720	True	0.9999923107897227		False		intracellular		PILS5, SLAH2, PAO5
w:chromatin	word	chromatin	2	325	457	21521	0.2897963305840767	0.9927731388697393	AT1G04870, AT5G52470	True	0.9999923107897227		False		chromatin		PRMT10, FIB1
k:Magnesium	keyword	Magnesium	4	325	691	21521	0.38331960369587	0.9934405631883236	AT1G18870, AT1G52160, AT3G57660, AT4G33770	True	0.9999923107897227		False		Magnesium		ICS2, TRZ3, NRPA1, ITPK2
k:Nucleotide-binding	keyword	Nucleotide-binding	23	325	2395	21521	0.635918419784808	0.9948283654355897	AT1G06720, AT1G10490, AT1G31860, AT1G63660, AT1G79950, AT2G28070, AT2G40700, AT3G07050, AT3G09720, AT3G12670, AT3G21110, AT3G22310, AT3G49670, AT3G55010, AT3G62310, AT4G15230, AT4G33770, AT5G08620, AT5G15920, AT5G40540, AT5G59010, AT5G60990, AT5G62190	True	0.9999923107897227		False		Nucleotide-binding		AT1G06720, AT1G10490, AT-IE, AT1G63660, RTEL1, ABCG3, RH17, NSN1, RH57, emb2742, PUR7, PMH1, BAM2, PUR5, AT3G62310, ABCG30, ITPK2, STRS2, SMC5, MNF13.60, BSK5, RH10, PRH75
w:golgi	word	golgi	7	325	1028	21521	0.450903920981742	0.995537944685298	AT1G20330, AT1G49320, AT1G55690, AT2G03240, AT2G38750, AT2G45310, AT3G28180	True	0.9999923107897227		False		golgi		SMT2, USPL1, SFH13, PHO1-H5, ANNAT4, GAE4, CSLC04
k:Lipoprotein	keyword	Lipoprotein	2	325	503	21521	0.263294081663863	0.9961488636231457	AT3G61640, AT5G59010	True	0.9999923107897227		False		Lipoprotein		AGP20, BSK5
k:Leucine-rich repeat	keyword	Leucine-rich repeat	2	325	541	21521	0.2448002274989336	0.9977244761468145	AT3G49670, AT3G63130	True	0.9999923107897227		False		Leucine-rich repeat		BAM2, RANGAP1
k:Coiled coil	keyword	Coiled coil	10	325	1494	21521	0.443229327566677	0.9992741750184251	AT2G19080, AT2G31410, AT3G07050, AT3G22660, AT3G28290, AT5G05190, AT5G15920, AT5G24290, AT5G41190, AT5G66540	True	0.9999923107897227		False		Coiled coil		MTX1, AT2G31410, NSN1, EBP2, AT14A, EDR4, SMC5, MEB2, NOB1, MPP10
p:threonine kinase	phrase	threonine kinase	3	325	756	21521	0.2627716727716728	0.9993040049420461	AT1G10470, AT3G49670, AT5G59010	True	0.9999923107897227		False		threonine kinase		ARR4, BAM2, BSK5
w:chloroplastic	word	chloroplastic	8	325	1307	21521	0.4053157553999176	0.9993392412393723	AT1G18870, AT1G31010, AT1G31860, AT1G56350, AT2G24120, AT3G21110, AT3G55010, AT5G04770	True	0.9999923107897227		False		chloroplastic		ICS2, OSB4, AT-IE, PRFB2, SCA3, PUR7, PUR5, CAT6
p:serine kinase	phrase	serine kinase	2	325	636	21521	0.2082341557813256	0.9994019989114475	AT3G49670, AT5G59010	True	0.9999923107897227		False		serine kinase		BAM2, BSK5
w:receptor	word	receptor	5	325	1002	21521	0.3304314448027023	0.9994077212168568	AT2G01830, AT2G19540, AT3G25655, AT3G49670, AT5G59010	True	0.9999923107897227		False		receptor		WOL, HTD1, IDL1, BAM2, BSK5
k:Kinase	keyword	Kinase	6	325	1155	21521	0.343992007992008	0.9996480591474339	AT2G01830, AT2G17820, AT3G49670, AT4G33770, AT5G40540, AT5G59010	True	0.9999923107897227		False		Kinase		WOL, HK1, BAM2, ITPK2, MNF13.60, BSK5
w:plastid	word	plastid	4	325	940	21521	0.2817806873977087	0.9996920036266838	AT1G18870, AT1G55020, AT5G49480, AT5G52470	True	0.9999923107897227		False		plastid		ICS2, LOX1, CP1, FIB1
k:Chloroplast	keyword	Chloroplast	8	325	1413	21521	0.3749099025532147	0.9997952898208966	AT1G18870, AT1G31010, AT1G31860, AT1G56350, AT2G24120, AT3G21110, AT3G55010, AT5G04770	True	0.9999923107897227		False		Chloroplast		ICS2, OSB4, AT-IE, PRFB2, SCA3, PUR7, PUR5, CAT6
w:kinase	word	kinase	10	325	1617	21521	0.409514295228581	0.9998001081813812	AT1G10470, AT1G32640, AT2G01830, AT2G17820, AT2G40090, AT3G49670, AT4G13750, AT4G33770, AT5G40540, AT5G59010	True	0.9999923107897227		False		kinase		ARR4, MYC2, WOL, HK1, ATH9, BAM2, NOV, ITPK2, MNF13.60, BSK5
k:Plastid	keyword	Plastid	8	325	1425	21521	0.3717527665317139	0.9998212272487229	AT1G18870, AT1G31010, AT1G31860, AT1G56350, AT2G24120, AT3G21110, AT3G55010, AT5G04770	True	0.9999923107897227		False		Plastid		ICS2, OSB4, AT-IE, PRFB2, SCA3, PUR7, PUR5, CAT6
p:serine threonine	phrase	serine threonine	4	325	1023	21521	0.25891871569290925	0.9998949120783921	AT1G10470, AT2G01830, AT3G49670, AT5G59010	True	0.9999923107897227		False		serine threonine		ARR4, WOL, BAM2, BSK5
w:serine	word	serine	7	325	1395	21521	0.33227901847256686	0.9999260308451462	AT1G10470, AT1G10490, AT1G73300, AT2G01830, AT3G49670, AT5G04120, AT5G59010	True	0.9999923107897227		False		serine		ARR4, AT1G10490, scpl2, WOL, BAM2, IPSP, BSK5
w:threonine	word	threonine	4	325	1050	21521	0.25226080586080585	0.9999262972843744	AT1G10470, AT2G01830, AT3G49670, AT5G59010	True	0.9999923107897227		False		threonine		ARR4, WOL, BAM2, BSK5
k:Serine/threonine-protein kinase	keyword	Serine/threonine-protein kinase	2	325	835	21521	0.15860709350529711	0.9999663168765212	AT3G49670, AT5G59010	True	0.9999923107897227		False		Serine/threonine-protein kinase		BAM2, BSK5
p:ser thr	phrase	ser thr	2	325	892	21521	0.1484718868575371	0.9999854541697267	AT3G49670, AT5G59010	True	0.9999923107897227		False		ser thr		BAM2, BSK5
w:thr	word	thr	2	325	908	21521	0.14585564215520164	0.999988521291698	AT3G49670, AT5G59010	True	0.9999923107897227		False		thr		BAM2, BSK5
w:ser	word	ser	2	325	935	21521	0.14164376799670916	0.9999923107897227	AT3G49670, AT5G59010	True	0.9999923107897227		False		ser		BAM2, BSK5
w:periodic	word	periodic	1	325	1	21521	66.21846153846154	0.015101528739370847	AT1G15440	False	1.0		False		periodic		PWP2
w:bystin	word	bystin	1	325	1	21521	66.21846153846154	0.015101528739370847	AT1G31660	False	1.0		False		bystin		ENP1
w:pra	word	pra	1	325	1	21521	66.21846153846154	0.015101528739370847	AT1G31860	False	1.0		False		pra		AT-IE
w:hisie	word	hisie	1	325	1	21521	66.21846153846154	0.015101528739370847	AT1G31860	False	1.0		False		hisie		AT-IE
w:atacgtgt	word	atacgtgt	1	325	1	21521	66.21846153846154	0.015101528739370847	AT1G32640	False	1.0		False		atacgtgt		MYC2
w:cacntg	word	cacntg	1	325	1	21521	66.21846153846154	0.015101528739370847	AT1G32640	False	1.0		False		cacntg		MYC2
w:cacatg	word	cacatg	1	325	1	21521	66.21846153846154	0.015101528739370847	AT1G32640	False	1.0		False		cacatg		MYC2
w:anti‑recombinase	word	anti-recombinase	1	325	1	21521	66.21846153846154	0.015101528739370847	AT1G79950	False	1.0		False		anti-recombinase		RTEL1
w:dissociating	word	dissociating	1	325	1	21521	66.21846153846154	0.015101528739370847	AT1G79950	False	1.0		False		dissociating		RTEL1
w:preserving	word	preserving	1	325	1	21521	66.21846153846154	0.015101528739370847	AT1G79950	False	1.0		False		preserving		RTEL1
w:wooden	word	wooden	1	325	1	21521	66.21846153846154	0.015101528739370847	AT2G01830	False	1.0		False		wooden		WOL
w:chase	word	chase	1	325	1	21521	66.21846153846154	0.015101528739370847	AT2G01830	False	1.0		False		chase		WOL
w:voc	word	voc	1	325	1	21521	66.21846153846154	0.015101528739370847	AT2G01830	False	1.0		False		voc		WOL
w:topolin	word	topolin	1	325	1	21521	66.21846153846154	0.015101528739370847	AT2G01830	False	1.0		False		topolin		WOL
w:wol	word	wol	1	325	1	21521	66.21846153846154	0.015101528739370847	AT2G01830	False	1.0		False		wol		WOL
w:majus	word	majus	1	325	1	21521	66.21846153846154	0.015101528739370847	AT2G01830	False	1.0		False		majus		WOL
w:antirrhinum	word	antirrhinum	1	325	1	21521	66.21846153846154	0.015101528739370847	AT2G01830	False	1.0		False		antirrhinum		WOL
w:snapdragon	word	snapdragon	1	325	1	21521	66.21846153846154	0.015101528739370847	AT2G01830	False	1.0		False		snapdragon		WOL
w:ipr	word	ipr	1	325	1	21521	66.21846153846154	0.015101528739370847	AT2G01830	False	1.0		False		ipr		WOL
w:defoliant	word	defoliant	1	325	1	21521	66.21846153846154	0.015101528739370847	AT2G01830	False	1.0		False		defoliant		WOL
w:phosphoload	word	phosphoload	1	325	1	21521	66.21846153846154	0.015101528739370847	AT2G01830	False	1.0		False		phosphoload		WOL
w:leg	word	leg	1	325	1	21521	66.21846153846154	0.015101528739370847	AT2G01830	False	1.0		False		leg		WOL
w:thidiazuron	word	thidiazuron	1	325	1	21521	66.21846153846154	0.015101528739370847	AT2G01830	False	1.0		False		thidiazuron		WOL
w:metaxin	word	metaxin	1	325	1	21521	66.21846153846154	0.015101528739370847	AT2G19080	False	1.0		False		metaxin		MTX1
w:disturbing	word	disturbing	1	325	1	21521	66.21846153846154	0.015101528739370847	AT2G19540	False	1.0		False		disturbing		HTD1
w:endophyte	word	endophyte	1	325	1	21521	66.21846153846154	0.015101528739370847	AT2G22770	False	1.0		False		endophyte		NAI1
w:sebacina	word	sebacina	1	325	1	21521	66.21846153846154	0.015101528739370847	AT2G22770	False	1.0		False		sebacina		NAI1
w:sebacinaceae	word	sebacinaceae	1	325	1	21521	66.21846153846154	0.015101528739370847	AT2G22770	False	1.0		False		sebacinaceae		NAI1
w:scabra	word	scabra	1	325	1	21521	66.21846153846154	0.015101528739370847	AT2G24120	False	1.0		False		scabra		SCA3
k:Citrullination	keyword	Citrullination	1	325	1	21521	66.21846153846154	0.015101528739370847	AT2G31410	False	1.0		False		Citrullination		AT2G31410
w:nucleostemin	word	nucleostemin	1	325	1	21521	66.21846153846154	0.015101528739370847	AT3G07050	False	1.0		False		nucleostemin		NSN1
w:dach	word	dach	1	325	1	21521	66.21846153846154	0.015101528739370847	AT3G13980	False	1.0		False		dach		AT3G13980
w:mppn	word	mppn	1	325	1	21521	66.21846153846154	0.015101528739370847	AT3G16310	False	1.0		False		mppn		NUP35
w:udg	word	udg	1	325	1	21521	66.21846153846154	0.015101528739370847	AT3G18630	False	1.0		False		udg		UNG
w:ung	word	ung	1	325	1	21521	66.21846153846154	0.015101528739370847	AT3G18630	False	1.0		False		ung		UNG
w:misincorporation	word	misincorporation	1	325	1	21521	66.21846153846154	0.015101528739370847	AT3G18630	False	1.0		False		misincorporation		UNG
w:atung	word	atung	1	325	1	21521	66.21846153846154	0.015101528739370847	AT3G18630	False	1.0		False		atung		UNG
w:phosphoribosylaminoimidazolesuccinocarboxamide	word	phosphoribosylaminoimidazolesuccinocarboxamide	1	325	1	21521	66.21846153846154	0.015101528739370847	AT3G21110	False	1.0		False		phosphoribosylaminoimidazolesuccinocarboxamide		PUR7
w:saicar	word	saicar	1	325	1	21521	66.21846153846154	0.015101528739370847	AT3G21110	False	1.0		False		saicar		PUR7
w:succinocarboxamide	word	succinocarboxamide	1	325	1	21521	66.21846153846154	0.015101528739370847	AT3G21110	False	1.0		False		succinocarboxamide		PUR7
w:strictly	word	strictly	1	325	1	21521	66.21846153846154	0.015101528739370847	AT3G45070	False	1.0		False		strictly		SOT5
w:inherently	word	inherently	1	325	1	21521	66.21846153846154	0.015101528739370847	AT3G46210	False	1.0		False		inherently		RRP46
w:ares	word	ares	1	325	1	21521	66.21846153846154	0.015101528739370847	AT3G46210	False	1.0		False		ares		RRP46
w:coregulated	word	coregulated	1	325	1	21521	66.21846153846154	0.015101528739370847	AT3G46640	False	1.0		False		coregulated		PCL1
w:arrhythmo	word	arrhythmo	1	325	1	21521	66.21846153846154	0.015101528739370847	AT3G46640	False	1.0		False		arrhythmo		PCL1
w:phytoclock	word	phytoclock	1	325	1	21521	66.21846153846154	0.015101528739370847	AT3G46640	False	1.0		False		phytoclock		PCL1
w:cles	word	cles	1	325	1	21521	66.21846153846154	0.015101528739370847	AT3G49670	False	1.0		False		cles		BAM2
w:oxocn	word	oxocn	1	325	1	21521	66.21846153846154	0.015101528739370847	AT3G50660	False	1.0		False		oxocn		DWF4
w:oxocampestanol	word	oxocampestanol	1	325	1	21521	66.21846153846154	0.015101528739370847	AT3G50660	False	1.0		False		oxocampestanol		DWF4
w:hydroxycr	word	hydroxycr	1	325	1	21521	66.21846153846154	0.015101528739370847	AT3G50660	False	1.0		False		hydroxycr		DWF4
w:deoxycathasterone	word	deoxycathasterone	1	325	1	21521	66.21846153846154	0.015101528739370847	AT3G50660	False	1.0		False		deoxycathasterone		DWF4
w:cholestanol	word	cholestanol	1	325	1	21521	66.21846153846154	0.015101528739370847	AT3G50660	False	1.0		False		cholestanol		DWF4
w:airs	word	airs	1	325	1	21521	66.21846153846154	0.015101528739370847	AT3G55010	False	1.0		False		airs		PUR5
w:rebelote	word	rebelote	1	325	1	21521	66.21846153846154	0.015101528739370847	AT3G55510	False	1.0		False		rebelote		RBL
w:atgnl	word	atgnl	1	325	1	21521	66.21846153846154	0.015101528739370847	AT4G26150	False	1.0		False		atgnl		CGA1
w:polyester	word	polyester	1	325	1	21521	66.21846153846154	0.015101528739370847	AT4G33770	False	1.0		False		polyester		ITPK2
w:pplaiig	word	pplaiig	1	325	1	21521	66.21846153846154	0.015101528739370847	AT4G37070	False	1.0		False		pplaiig		PLP1
w:atplaiva	word	atplaiva	1	325	1	21521	66.21846153846154	0.015101528739370847	AT4G37070	False	1.0		False		atplaiva		PLP1
w:ipsp	word	ipsp	1	325	1	21521	66.21846153846154	0.015101528739370847	AT5G04120	False	1.0		False		ipsp		IPSP
w:catechol	word	catechol	1	325	1	21521	66.21846153846154	0.015101528739370847	AT5G04330	False	1.0		False		catechol		CYP84A4
w:tormoz	word	tormoz	1	325	1	21521	66.21846153846154	0.015101528739370847	AT5G16750	False	1.0		False		tormoz		TOZ
w:hydroxymarnerol	word	hydroxymarnerol	1	325	1	21521	66.21846153846154	0.015101528739370847	AT5G42590	False	1.0		False		hydroxymarnerol		CYP71A16
w:hydroxymarneral	word	hydroxymarneral	1	325	1	21521	66.21846153846154	0.015101528739370847	AT5G42590	False	1.0		False		hydroxymarneral		CYP71A16
w:marnerol	word	marnerol	1	325	1	21521	66.21846153846154	0.015101528739370847	AT5G42590	False	1.0		False		marnerol		CYP71A16
w:atthad	word	atthad	1	325	1	21521	66.21846153846154	0.015101528739370847	AT5G47990	False	1.0		False		atthad		CYP705A5
w:mio	word	mio	1	325	1	21521	66.21846153846154	0.015101528739370847	AT5G52560	False	1.0		False		mio		USP
w:atusp	word	atusp	1	325	1	21521	66.21846153846154	0.015101528739370847	AT5G52560	False	1.0		False		atusp		USP
w:atgnc	word	atgnc	1	325	1	21521	66.21846153846154	0.015101528739370847	AT5G56860	False	1.0		False		atgnc		GNC
w:hepatocyte	word	hepatocyte	1	325	1	21521	66.21846153846154	0.015101528739370847	AT5G59020	False	1.0		False		hepatocyte		AT5G59020
w:domino	word	domino	1	325	1	21521	66.21846153846154	0.015101528739370847	AT5G62440	False	1.0		False		domino		EMB514
w:nucleologenesis	word	nucleologenesis	1	325	1	21521	66.21846153846154	0.015101528739370847	AT5G62440	False	1.0		False		nucleologenesis		EMB514
w:cwi	word	cwi	1	325	1	21521	66.21846153846154	0.015101528739370847	AT5G64620	False	1.0		False		cwi		C/VIF2
w:methylarginine	word	methylarginine	1	325	1	21521	66.21846153846154	0.015101528739370847	AT5G65860	False	1.0		False		methylarginine		AT5G65860
w:acetylcytidine	word	acetylcytidine	1	325	2	21521	33.10923076923077	0.029975692454970497	AT1G10490	False	1.0		False		acetylcytidine		AT1G10490
w:ipl	word	ipl	1	325	2	21521	33.10923076923077	0.029975692454970497	AT1G18870	False	1.0		False		ipl		ICS2
w:lar	word	lar	1	325	2	21521	33.10923076923077	0.029975692454970497	AT1G18870	False	1.0		False		lar		ICS2
w:lophenol	word	lophenol	1	325	2	21521	33.10923076923077	0.029975692454970497	AT1G20330	False	1.0		False		lophenol		SMT2
w:ethylidene	word	ethylidene	1	325	2	21521	33.10923076923077	0.029975692454970497	AT1G20330	False	1.0		False		ethylidene		SMT2
w:methylenesterol	word	methylenesterol	1	325	2	21521	33.10923076923077	0.029975692454970497	AT1G20330	False	1.0		False		methylenesterol		SMT2
w:cystic	word	cystic	1	325	2	21521	33.10923076923077	0.029975692454970497	AT1G31940	False	1.0		False		cystic		AT1G31940
w:fibrosis	word	fibrosis	1	325	2	21521	33.10923076923077	0.029975692454970497	AT1G31940	False	1.0		False		fibrosis		AT1G31940
w:octadecatrienoate	word	octadecatrienoate	1	325	2	21521	33.10923076923077	0.029975692454970497	AT1G55020	False	1.0		False		octadecatrienoate		LOX1
w:lypoxygenase	word	lypoxygenase	1	325	2	21521	33.10923076923077	0.029975692454970497	AT1G55020	False	1.0		False		lypoxygenase		LOX1
w:curling	word	curling	1	325	2	21521	33.10923076923077	0.029975692454970497	AT1G70560	False	1.0		False		curling		TAA1
w:methylthiolation	word	methylthiolation	1	325	2	21521	33.10923076923077	0.029975692454970497	AT1G72090	False	1.0		False		methylthiolation		AT1G72090
w:noncrossover	word	noncrossover	1	325	2	21521	33.10923076923077	0.029975692454970497	AT1G79950	False	1.0		False		noncrossover		RTEL1
w:dienyladenine	word	dienyladenine	1	325	2	21521	33.10923076923077	0.029975692454970497	AT2G01830	False	1.0		False		dienyladenine		WOL
w:buta	word	buta	1	325	2	21521	33.10923076923077	0.029975692454970497	AT2G01830	False	1.0		False		buta		WOL
w:butynyladenine	word	butynyladenine	1	325	2	21521	33.10923076923077	0.029975692454970497	AT2G01830	False	1.0		False		butynyladenine		WOL
w:benzyladenine	word	benzyladenine	1	325	2	21521	33.10923076923077	0.029975692454970497	AT2G01830	False	1.0		False		benzyladenine		WOL
w:tzr	word	tzr	1	325	2	21521	33.10923076923077	0.029975692454970497	AT2G01830	False	1.0		False		tzr		WOL
w:osmosensor	word	osmosensor	1	325	2	21521	33.10923076923077	0.029975692454970497	AT2G17820	False	1.0		False		osmosensor		HK1
w:sct	word	sct	1	325	2	21521	33.10923076923077	0.029975692454970497	AT2G25150	False	1.0		False		sct		SCT
w:azaadenine	word	azaadenine	1	325	2	21521	33.10923076923077	0.029975692454970497	AT3G10960	False	1.0		False		azaadenine		AZG1
w:azga	word	azga	1	325	2	21521	33.10923076923077	0.029975692454970497	AT3G10960	False	1.0		False		azga		AZG1
w:azg	word	azg	1	325	2	21521	33.10923076923077	0.029975692454970497	AT3G10960	False	1.0		False		azg		AZG1
w:azaguanine	word	azaguanine	1	325	2	21521	33.10923076923077	0.029975692454970497	AT3G10960	False	1.0		False		azaguanine		AZG1
w:purin	word	purin	1	325	2	21521	33.10923076923077	0.029975692454970497	AT3G21110	False	1.0		False		purin		PUR7
w:phosphoribosylaminoimidazole	word	phosphoribosylaminoimidazole	1	325	2	21521	33.10923076923077	0.029975692454970497	AT3G21110	False	1.0		False		phosphoribosylaminoimidazole		PUR7
k:Proline metabolism	keyword	Proline metabolism	1	325	2	21521	33.10923076923077	0.029975692454970497	AT3G30775	False	1.0		False		Proline metabolism		ERD5
w:sqn	word	sqn	1	325	2	21521	33.10923076923077	0.029975692454970497	AT3G55510	False	1.0		False		sqn		RBL
w:putatively	word	putatively	1	325	2	21521	33.10923076923077	0.029975692454970497	AT3G63130	False	1.0		False		putatively		RANGAP1
w:yao	word	yao	1	325	2	21521	33.10923076923077	0.029975692454970497	AT4G05410	False	1.0		False		yao		YAO
w:microbiota	word	microbiota	1	325	2	21521	33.10923076923077	0.029975692454970497	AT4G15230	False	1.0		False		microbiota		ABCG30
w:community	word	community	1	325	2	21521	33.10923076923077	0.029975692454970497	AT4G15230	False	1.0		False		community		ABCG30
w:phytochemical	word	phytochemical	1	325	2	21521	33.10923076923077	0.029975692454970497	AT4G15230	False	1.0		False		phytochemical		ABCG30
w:processive	word	processive	1	325	2	21521	33.10923076923077	0.029975692454970497	AT4G27490	False	1.0		False		processive		RRP41L
w:phosphorolytic	word	phosphorolytic	1	325	2	21521	33.10923076923077	0.029975692454970497	AT4G27490	False	1.0		False		phosphorolytic		RRP41L
w:norspermine	word	norspermine	1	325	2	21521	33.10923076923077	0.029975692454970497	AT4G29720	False	1.0		False		norspermine		PAO5
w:corrin	word	corrin	1	325	2	21521	33.10923076923077	0.029975692454970497	AT4G31790	False	1.0		False		corrin		AT4G31790
w:actcat	word	actcat	1	325	2	21521	33.10923076923077	0.029975692454970497	AT4G34590	False	1.0		False		actcat		GBF6
w:iigamma	word	iigamma	1	325	2	21521	33.10923076923077	0.029975692454970497	AT4G37070	False	1.0		False		iigamma		PLP1
w:caffealdehyde	word	caffealdehyde	1	325	2	21521	33.10923076923077	0.029975692454970497	AT5G04330	False	1.0		False		caffealdehyde		CYP84A4
w:arabidopyrone	word	arabidopyrone	1	325	2	21521	33.10923076923077	0.029975692454970497	AT5G04330	False	1.0		False		arabidopyrone		CYP84A4
w:biidxi	word	biidxi	1	325	2	21521	33.10923076923077	0.029975692454970497	AT5G11420	False	1.0		False		biidxi		AT5G11420
w:vnd	word	vnd	1	325	2	21521	33.10923076923077	0.029975692454970497	AT5G13180	False	1.0		False		vnd		NAC083
w:retarded	word	retarded	1	325	2	21521	33.10923076923077	0.029975692454970497	AT5G13610	False	1.0		False		retarded		RRL
w:atpe	word	atpe	1	325	2	21521	33.10923076923077	0.029975692454970497	AT5G14520	False	1.0		False		atpe		PES
w:proembryo	word	proembryo	1	325	2	21521	33.10923076923077	0.029975692454970497	AT5G16750	False	1.0		False		proembryo		TOZ
w:trmb	word	trmb	1	325	2	21521	33.10923076923077	0.029975692454970497	AT5G24840	False	1.0		False		trmb		AT5G24840
w:vitellogenin	word	vitellogenin	1	325	2	21521	33.10923076923077	0.029975692454970497	AT5G49100	False	1.0		False		vitellogenin		AT5G49100
w:pectocellulosic	word	pectocellulosic	1	325	2	21521	33.10923076923077	0.029975692454970497	AT5G52560	False	1.0		False		pectocellulosic		USP
w:intine	word	intine	1	325	2	21521	33.10923076923077	0.029975692454970497	AT5G52560	False	1.0		False		intine		USP
w:usp	word	usp	1	325	2	21521	33.10923076923077	0.029975692454970497	AT5G52560	False	1.0		False		usp		USP
w:atc	word	atc	1	325	2	21521	33.10923076923077	0.029975692454970497	AT5G64620	False	1.0		False		atc		C/VIF2
w:hlh	word	hlh	1	325	2	21521	33.10923076923077	0.029975692454970497	AT5G65640	False	1.0		False		hlh		bHLH093
w:distributive	word	distributive	1	325	3	21521	22.07282051282051	0.04462590389379825	AT1G03360	False	1.0		False		distributive		RRP4
w:decoy	word	decoy	1	325	3	21521	22.07282051282051	0.04462590389379825	AT1G14620	False	1.0		False		decoy		DECOY
w:menf	word	menf	1	325	3	21521	22.07282051282051	0.04462590389379825	AT1G18870	False	1.0		False		menf		ICS2
w:isochorismate	word	isochorismate	1	325	3	21521	22.07282051282051	0.04462590389379825	AT1G18870	False	1.0		False		isochorismate		ICS2
w:megaspore	word	megaspore	1	325	3	21521	22.07282051282051	0.04462590389379825	AT1G29940	False	1.0		False		megaspore		NRPA2
w:rap	word	rap	1	325	3	21521	22.07282051282051	0.04462590389379825	AT1G32640	False	1.0		False		rap		MYC2
w:mybs	word	mybs	1	325	3	21521	22.07282051282051	0.04462590389379825	AT1G32640	False	1.0		False		mybs		MYC2
w:burp	word	burp	1	325	3	21521	22.07282051282051	0.04462590389379825	AT1G49320	False	1.0		False		burp		USPL1
w:snornas	word	snornas	1	325	3	21521	22.07282051282051	0.04462590389379825	AT1G52160	False	1.0		False		snornas		TRZ3
w:engaged	word	engaged	1	325	3	21521	22.07282051282051	0.04462590389379825	AT1G55020	False	1.0		False		engaged		LOX1
w:hydroperoxy	word	hydroperoxy	1	325	3	21521	22.07282051282051	0.04462590389379825	AT1G55020	False	1.0		False		hydroperoxy		LOX1
p:fusarium graminearum	phrase	fusarium graminearum	1	325	3	21521	22.07282051282051	0.04462590389379825	AT1G55020	False	1.0		False		fusarium graminearum		LOX1
w:xmp	word	xmp	1	325	3	21521	22.07282051282051	0.04462590389379825	AT1G63660	False	1.0		False		xmp		AT1G63660
k:GMP biosynthesis	keyword	GMP biosynthesis	1	325	3	21521	22.07282051282051	0.04462590389379825	AT1G63660	False	1.0		False		GMP biosynthesis		AT1G63660
w:iprmp	word	iprmp	1	325	3	21521	22.07282051282051	0.04462590389379825	AT1G67110	False	1.0		False		iprmp		CYP735A2
w:nich	word	nich	1	325	3	21521	22.07282051282051	0.04462590389379825	AT1G70560	False	1.0		False		nich		TAA1
w:threonylcarbamoyladenosine	word	threonylcarbamoyladenosine	1	325	3	21521	22.07282051282051	0.04462590389379825	AT1G72090	False	1.0		False		threonylcarbamoyladenosine		AT1G72090
w:xpd	word	xpd	1	325	3	21521	22.07282051282051	0.04462590389379825	AT1G79950	False	1.0		False		xpd		RTEL1
w:isobutyl	word	isobutyl	1	325	3	21521	22.07282051282051	0.04462590389379825	AT2G01830	False	1.0		False		isobutyl		WOL
w:meta	word	meta	1	325	3	21521	22.07282051282051	0.04462590389379825	AT2G01830	False	1.0		False		meta		WOL
w:decanamide	word	decanamide	1	325	3	21521	22.07282051282051	0.04462590389379825	AT2G01830	False	1.0		False		decanamide		WOL
w:alkamide	word	alkamide	1	325	3	21521	22.07282051282051	0.04462590389379825	AT2G01830	False	1.0		False		alkamide		WOL
w:acylethanolamide	word	acylethanolamide	1	325	3	21521	22.07282051282051	0.04462590389379825	AT2G01830	False	1.0		False		acylethanolamide		WOL
w:penta	word	penta	1	325	3	21521	22.07282051282051	0.04462590389379825	AT2G01830	False	1.0		False		penta		WOL
w:nae	word	nae	1	325	3	21521	22.07282051282051	0.04462590389379825	AT2G01830	False	1.0		False		nae		WOL
w:detect	word	detect	1	325	3	21521	22.07282051282051	0.04462590389379825	AT2G17820	False	1.0		False		detect		HK1
w:dicoumaroyl	word	dicoumaroyl	1	325	3	21521	22.07282051282051	0.04462590389379825	AT2G25150	False	1.0		False		dicoumaroyl		SCT
w:frame	word	frame	1	325	3	21521	22.07282051282051	0.04462590389379825	AT2G34260	False	1.0		False		frame		WDR55
w:phv	word	phv	1	325	3	21521	22.07282051282051	0.04462590389379825	AT3G07050	False	1.0		False		phv		NSN1
w:aza	word	aza	1	325	3	21521	22.07282051282051	0.04462590389379825	AT3G10960	False	1.0		False		aza		AZG1
p:nzf zinc	phrase	nzf zinc	1	325	3	21521	22.07282051282051	0.04462590389379825	AT3G15680	False	1.0		False		nzf zinc		AT3G15680
w:nzf	word	nzf	1	325	3	21521	22.07282051282051	0.04462590389379825	AT3G15680	False	1.0		False		nzf		AT3G15680
w:organizer	word	organizer	1	325	3	21521	22.07282051282051	0.04462590389379825	AT3G17310	False	1.0		False		organizer		DRM3
w:mispair	word	mispair	1	325	3	21521	22.07282051282051	0.04462590389379825	AT3G18630	False	1.0		False		mispair		UNG
w:untranslated	word	untranslated	1	325	3	21521	22.07282051282051	0.04462590389379825	AT3G46210	False	1.0		False		untranslated		RRP46
w:organize	word	organize	1	325	3	21521	22.07282051282051	0.04462590389379825	AT3G49670	False	1.0		False		organize		BAM2
w:cathasterone	word	cathasterone	1	325	3	21521	22.07282051282051	0.04462590389379825	AT3G50660	False	1.0		False		cathasterone		DWF4
w:aminoimidazole	word	aminoimidazole	1	325	3	21521	22.07282051282051	0.04462590389379825	AT3G55010	False	1.0		False		aminoimidazole		PUR5
w:phosphoribosylformylglycinamidine	word	phosphoribosylformylglycinamidine	1	325	3	21521	22.07282051282051	0.04462590389379825	AT3G55010	False	1.0		False		phosphoribosylformylglycinamidine		PUR5
w:emanate	word	emanate	1	325	3	21521	22.07282051282051	0.04462590389379825	AT3G57660	False	1.0		False		emanate		NRPA1
w:ratchet	word	ratchet	1	325	3	21521	22.07282051282051	0.04462590389379825	AT3G57660	False	1.0		False		ratchet		NRPA1
w:crosse	word	crosse	1	325	3	21521	22.07282051282051	0.04462590389379825	AT3G57660	False	1.0		False		crosse		NRPA1
w:positioned	word	positioned	1	325	3	21521	22.07282051282051	0.04462590389379825	AT3G57660	False	1.0		False		positioned		NRPA1
w:bent	word	bent	1	325	3	21521	22.07282051282051	0.04462590389379825	AT3G57660	False	1.0		False		bent		NRPA1
w:phzf	word	phzf	1	325	3	21521	22.07282051282051	0.04462590389379825	AT4G02850	False	1.0		False		phzf		DAAR1
w:phzc	word	phzc	1	325	3	21521	22.07282051282051	0.04462590389379825	AT4G02850	False	1.0		False		phzc		DAAR1
w:ribonucloprotein	word	ribonucloprotein	1	325	3	21521	22.07282051282051	0.04462590389379825	AT4G22380	False	1.0		False		ribonucloprotein		AT4G22380
w:gnc	word	gnc	1	325	3	21521	22.07282051282051	0.04462590389379825	AT4G26150	False	1.0		False		gnc		CGA1
w:slower	word	slower	1	325	3	21521	22.07282051282051	0.04462590389379825	AT4G27490	False	1.0		False		slower		RRP41L
w:interplay	word	interplay	1	325	3	21521	22.07282051282051	0.04462590389379825	AT4G29720	False	1.0		False		interplay		PAO5
p:histidyl modification	phrase	histidyl modification	1	325	3	21521	22.07282051282051	0.04462590389379825	AT4G31790	False	1.0		False		histidyl modification		AT4G31790
w:diphthine	word	diphthine	1	325	3	21521	22.07282051282051	0.04462590389379825	AT4G31790	False	1.0		False		diphthine		AT4G31790
w:racemic	word	racemic	1	325	3	21521	22.07282051282051	0.04462590389379825	AT4G33770	False	1.0		False		racemic		ITPK2
w:mungbean	word	mungbean	1	325	3	21521	22.07282051282051	0.04462590389379825	AT5G13180	False	1.0		False		mungbean		NAC083
w:marneral	word	marneral	1	325	3	21521	22.07282051282051	0.04462590389379825	AT5G42590	False	1.0		False		marneral		CYP71A16
w:fibrillarin	word	fibrillarin	1	325	3	21521	22.07282051282051	0.04462590389379825	AT5G52470	False	1.0		False		fibrillarin		FIB1
w:stele	word	stele	1	325	3	21521	22.07282051282051	0.04462590389379825	AT5G57280	False	1.0		False		stele		RID2
w:monomethylate	word	monomethylate	1	325	3	21521	22.07282051282051	0.04462590389379825	AT5G65860	False	1.0		False		monomethylate		AT5G65860
w:bee	word	bee	1	325	4	21521	16.554615384615385	0.05905552473377017	AT1G18400	False	1.0		False		bee		BEE1
w:smt	word	smt	1	325	4	21521	16.554615384615385	0.05905552473377017	AT1G20330	False	1.0		False		smt		SMT2
w:pedicel	word	pedicel	1	325	4	21521	16.554615384615385	0.05905552473377017	AT1G26770	False	1.0		False		pedicel		EXPA10
w:glutamic	word	glutamic	1	325	4	21521	16.554615384615385	0.05905552473377017	AT1G30240	False	1.0		False		glutamic		AT1G30240
p:rapidly elicited	phrase	rapidly elicited	1	325	4	21521	16.554615384615385	0.05905552473377017	AT1G52140	False	1.0		False		rapidly elicited		AT1G52140
w:trnase	word	trnase	1	325	4	21521	16.554615384615385	0.05905552473377017	AT1G52160	False	1.0		False		trnase		TRZ3
w:graminearum	word	graminearum	1	325	4	21521	16.554615384615385	0.05905552473377017	AT1G55020	False	1.0		False		graminearum		LOX1
w:uga	word	uga	1	325	4	21521	16.554615384615385	0.05905552473377017	AT1G56350	False	1.0		False		uga		PRFB2
w:alliinase	word	alliinase	1	325	4	21521	16.554615384615385	0.05905552473377017	AT1G70560	False	1.0		False		alliinase		TAA1
w:methylthiotransferase	word	methylthiotransferase	1	325	4	21521	16.554615384615385	0.05905552473377017	AT1G72090	False	1.0		False		methylthiotransferase		AT1G72090
w:sdsa	word	sdsa	1	325	4	21521	16.554615384615385	0.05905552473377017	AT1G79950	False	1.0		False		sdsa		RTEL1
w:physically	word	physically	1	325	4	21521	16.554615384615385	0.05905552473377017	AT1G79950	False	1.0		False		physically		RTEL1
w:dihydrozeatin	word	dihydrozeatin	1	325	4	21521	16.554615384615385	0.05905552473377017	AT2G01830	False	1.0		False		dihydrozeatin		WOL
w:hpt	word	hpt	1	325	4	21521	16.554615384615385	0.05905552473377017	AT2G01830	False	1.0		False		hpt		WOL
w:dwd	word	dwd	1	325	4	21521	16.554615384615385	0.05905552473377017	AT2G19540	False	1.0		False		dwd		HTD1
w:choice	word	choice	1	325	4	21521	16.554615384615385	0.05905552473377017	AT2G34510	False	1.0		False		choice		ATHB-1
w:dar	word	dar	1	325	4	21521	16.554615384615385	0.05905552473377017	AT3G07050	False	1.0		False		dar		NSN1
p:dar gtpase	phrase	dar gtpase	1	325	4	21521	16.554615384615385	0.05905552473377017	AT3G07050	False	1.0		False		dar gtpase		NSN1
w:arginyltransferase	word	arginyltransferase	1	325	4	21521	16.554615384615385	0.05905552473377017	AT3G11240	False	1.0		False		arginyltransferase		ATE2
p:drm methyltransferase	phrase	drm methyltransferase	1	325	4	21521	16.554615384615385	0.05905552473377017	AT3G17310	False	1.0		False		drm methyltransferase		DRM3
w:dump	word	dump	1	325	4	21521	16.554615384615385	0.05905552473377017	AT3G18630	False	1.0		False		dump		UNG
p:floral abscission	phrase	floral abscission	1	325	4	21521	16.554615384615385	0.05905552473377017	AT3G25655	False	1.0		False		floral abscission		IDL1
p:inflorescence deficient	phrase	inflorescence deficient	1	325	4	21521	16.554615384615385	0.05905552473377017	AT3G25655	False	1.0		False		inflorescence deficient		IDL1
w:isorhamnetin	word	isorhamnetin	1	325	4	21521	16.554615384615385	0.05905552473377017	AT3G45070	False	1.0		False		isorhamnetin		SOT5
w:flavone	word	flavone	1	325	4	21521	16.554615384615385	0.05905552473377017	AT3G45070	False	1.0		False		flavone		SOT5
w:circuit	word	circuit	1	325	4	21521	16.554615384615385	0.05905552473377017	AT3G46640	False	1.0		False		circuit		PCL1
w:cik	word	cik	1	325	4	21521	16.554615384615385	0.05905552473377017	AT3G49670	False	1.0		False		cik		BAM2
w:ohcr	word	ohcr	1	325	4	21521	16.554615384615385	0.05905552473377017	AT3G50660	False	1.0		False		ohcr		DWF4
w:campestanol	word	campestanol	1	325	4	21521	16.554615384615385	0.05905552473377017	AT3G50660	False	1.0		False		campestanol		DWF4
w:deoxoct	word	deoxoct	1	325	4	21521	16.554615384615385	0.05905552473377017	AT3G50660	False	1.0		False		deoxoct		DWF4
w:superman	word	superman	1	325	4	21521	16.554615384615385	0.05905552473377017	AT3G55510	False	1.0		False		superman		RBL
w:phenazine	word	phenazine	1	325	4	21521	16.554615384615385	0.05905552473377017	AT4G02850	False	1.0		False		phenazine		DAAR1
w:gametic	word	gametic	1	325	4	21521	16.554615384615385	0.05905552473377017	AT4G05410	False	1.0		False		gametic		YAO
p:weak voltage	phrase	weak voltage	1	325	4	21521	16.554615384615385	0.05905552473377017	AT4G27970	False	1.0		False		weak voltage		SLAH2
w:thermospermine	word	thermospermine	1	325	4	21521	16.554615384615385	0.05905552473377017	AT4G29720	False	1.0		False		thermospermine		PAO5
w:acetylpolyamine	word	acetylpolyamine	1	325	4	21521	16.554615384615385	0.05905552473377017	AT4G29720	False	1.0		False		acetylpolyamine		PAO5
w:cko	word	cko	1	325	4	21521	16.554615384615385	0.05905552473377017	AT4G29740	False	1.0		False		cko		CKX4
p:phosphorylate ins	phrase	phosphorylate ins	1	325	4	21521	16.554615384615385	0.05905552473377017	AT4G33770	False	1.0		False		phosphorylate ins		ITPK2
w:atitpk	word	atitpk	1	325	4	21521	16.554615384615385	0.05905552473377017	AT4G33770	False	1.0		False		atitpk		ITPK2
w:iva	word	iva	1	325	4	21521	16.554615384615385	0.05905552473377017	AT4G37070	False	1.0		False		iva		PLP1
w:constitutively	word	constitutively	1	325	4	21521	16.554615384615385	0.05905552473377017	AT5G19260	False	1.0		False		constitutively		FAF3
w:paqr	word	paqr	1	325	4	21521	16.554615384615385	0.05905552473377017	AT5G20270	False	1.0		False		paqr		HHP1
w:sustaining	word	sustaining	1	325	4	21521	16.554615384615385	0.05905552473377017	AT5G62090	False	1.0		False		sustaining		SLK2
w:nucleolin	word	nucleolin	1	325	5	21521	13.243692307692307	0.07326786634558986	AT1G12830	False	1.0		False		nucleolin		AT1G12830
w:breakage	word	breakage	1	325	5	21521	13.243692307692307	0.07326786634558986	AT1G26770	False	1.0		False		breakage		EXPA10
p:large cleft	phrase	large cleft	1	325	5	21521	13.243692307692307	0.07326786634558986	AT1G29940	False	1.0		False		large cleft		NRPA2
w:subjected	word	subjected	1	325	5	21521	13.243692307692307	0.07326786634558986	AT1G32640	False	1.0		False		subjected		MYC2
w:trailer	word	trailer	1	325	5	21521	13.243692307692307	0.07326786634558986	AT1G52160	False	1.0		False		trailer		TRZ3
w:tom	word	tom	1	325	5	21521	13.243692307692307	0.07326786634558986	AT1G61570	False	1.0		False		tom		TIM13
w:ipa	word	ipa	1	325	5	21521	13.243692307692307	0.07326786634558986	AT1G70560	False	1.0		False		ipa		TAA1
p:pyruvate transaminase	phrase	pyruvate transaminase	1	325	5	21521	13.243692307692307	0.07326786634558986	AT1G70560	False	1.0		False		pyruvate transaminase		TAA1
p:methoxylation reaction	phrase	methoxylation reaction	1	325	5	21521	13.243692307692307	0.07326786634558986	AT1G76790	False	1.0		False		methoxylation reaction		IGMT5
p:strand invasion	phrase	strand invasion	1	325	5	21521	13.243692307692307	0.07326786634558986	AT1G79950	False	1.0		False		strand invasion		RTEL1
p:recombinational repair	phrase	recombinational repair	1	325	5	21521	13.243692307692307	0.07326786634558986	AT1G79950	False	1.0		False		recombinational repair		RTEL1
p:endophytic fungus	phrase	endophytic fungus	1	325	5	21521	13.243692307692307	0.07326786634558986	AT2G01830	False	1.0		False		endophytic fungus		WOL
w:phytotoxic	word	phytotoxic	1	325	5	21521	13.243692307692307	0.07326786634558986	AT2G01830	False	1.0		False		phytotoxic		WOL
w:cis‑zeatin	word	cis-zeatin	1	325	5	21521	13.243692307692307	0.07326786634558986	AT2G01830	False	1.0		False		cis-zeatin		WOL
w:zeatin	word	zeatin	1	325	5	21521	13.243692307692307	0.07326786634558986	AT2G01830	False	1.0		False		zeatin		WOL
w:endophytic	word	endophytic	1	325	5	21521	13.243692307692307	0.07326786634558986	AT2G01830	False	1.0		False		endophytic		WOL
p:pin like	phrase	pin like	1	325	5	21521	13.243692307692307	0.07326786634558986	AT2G17500	False	1.0		False		pin like		PILS5
w:like	word	like	1	325	5	21521	13.243692307692307	0.07326786634558986	AT2G17500	False	1.0		False		like		PILS5
w:heart	word	heart	1	325	5	21521	13.243692307692307	0.07326786634558986	AT2G34260	False	1.0		False		heart		WDR55
w:ripening	word	ripening	1	325	5	21521	13.243692307692307	0.07326786634558986	AT3G11240	False	1.0		False		ripening		ATE2
w:amination	word	amination	1	325	5	21521	13.243692307692307	0.07326786634558986	AT3G12670	False	1.0		False		amination		emb2742
p:utp ammonia	phrase	utp ammonia	1	325	5	21521	13.243692307692307	0.07326786634558986	AT3G12670	False	1.0		False		utp ammonia		emb2742
w:rearranged	word	rearranged	1	325	5	21521	13.243692307692307	0.07326786634558986	AT3G17310	False	1.0		False		rearranged		DRM3
p:work simultaneously	phrase	work simultaneously	1	325	5	21521	13.243692307692307	0.07326786634558986	AT3G28180	False	1.0		False		work simultaneously		CSLC04
p:backbone substituted	phrase	backbone substituted	1	325	5	21521	13.243692307692307	0.07326786634558986	AT3G28180	False	1.0		False		backbone substituted		CSLC04
p:xyloglucan backbone	phrase	xyloglucan backbone	1	325	5	21521	13.243692307692307	0.07326786634558986	AT3G28180	False	1.0		False		xyloglucan backbone		CSLC04
p:evening element	phrase	evening element	1	325	5	21521	13.243692307692307	0.07326786634558986	AT3G46640	False	1.0		False		evening element		PCL1
w:lux	word	lux	1	325	5	21521	13.243692307692307	0.07326786634558986	AT3G46640	False	1.0		False		lux		PCL1
w:morning	word	morning	1	325	5	21521	13.243692307692307	0.07326786634558986	AT3G46640	False	1.0		False		morning		PCL1
w:hydroxycampesterol	word	hydroxycampesterol	1	325	5	21521	13.243692307692307	0.07326786634558986	AT3G50660	False	1.0		False		hydroxycampesterol		DWF4
w:cyclo	word	cyclo	1	325	5	21521	13.243692307692307	0.07326786634558986	AT3G55010	False	1.0		False		cyclo		PUR5
w:air	word	air	1	325	5	21521	13.243692307692307	0.07326786634558986	AT3G55010	False	1.0		False		air		PUR5
w:provascular	word	provascular	1	325	5	21521	13.243692307692307	0.07326786634558986	AT4G13750	False	1.0		False		provascular		NOV
p:suppress radicle	phrase	suppress radicle	1	325	5	21521	13.243692307692307	0.07326786634558986	AT4G15230	False	1.0		False		suppress radicle		ABCG30
p:radicle extension	phrase	radicle extension	1	325	5	21521	13.243692307692307	0.07326786634558986	AT4G15230	False	1.0		False		radicle extension		ABCG30
w:acetylspermine	word	acetylspermine	1	325	5	21521	13.243692307692307	0.07326786634558986	AT4G29720	False	1.0		False		acetylspermine		PAO5
p:spermine oxidase	phrase	spermine oxidase	1	325	5	21521	13.243692307692307	0.07326786634558986	AT4G29720	False	1.0		False		spermine oxidase		PAO5
w:flavoenzyme	word	flavoenzyme	1	325	5	21521	13.243692307692307	0.07326786634558986	AT4G29720	False	1.0		False		flavoenzyme		PAO5
p:polyamine back	phrase	polyamine back	1	325	5	21521	13.243692307692307	0.07326786634558986	AT4G29720	False	1.0		False		polyamine back		PAO5
w:tightly	word	tightly	1	325	5	21521	13.243692307692307	0.07326786634558986	AT4G29720	False	1.0		False		tightly		PAO5
p:back conversion	phrase	back conversion	1	325	5	21521	13.243692307692307	0.07326786634558986	AT4G29720	False	1.0		False		back conversion		PAO5
w:histidyl	word	histidyl	1	325	5	21521	13.243692307692307	0.07326786634558986	AT4G31790	False	1.0		False		histidyl		AT4G31790
w:importance	word	importance	1	325	5	21521	13.243692307692307	0.07326786634558986	AT4G33770	False	1.0		False		importance		ITPK2
p:inositol tetrakisphosphate	phrase	inositol tetrakisphosphate	1	325	5	21521	13.243692307692307	0.07326786634558986	AT4G33770	False	1.0		False		inositol tetrakisphosphate		ITPK2
w:hypoosmolarity	word	hypoosmolarity	1	325	5	21521	13.243692307692307	0.07326786634558986	AT4G34590	False	1.0		False		hypoosmolarity		GBF6
p:golovinomyce cichoracearum	phrase	golovinomyce cichoracearum	1	325	5	21521	13.243692307692307	0.07326786634558986	AT5G05190	False	1.0		False		golovinomyce cichoracearum		EDR4
w:immature	word	immature	1	325	5	21521	13.243692307692307	0.07326786634558986	AT5G13180	False	1.0		False		immature		NAC083
w:sporulation	word	sporulation	1	325	5	21521	13.243692307692307	0.07326786634558986	AT5G13610	False	1.0		False		sporulation		RRL
w:heptahelical	word	heptahelical	1	325	5	21521	13.243692307692307	0.07326786634558986	AT5G20270	False	1.0		False		heptahelical		HHP1
w:adipor	word	adipor	1	325	5	21521	13.243692307692307	0.07326786634558986	AT5G20270	False	1.0		False		adipor		HHP1
p:base pairing	phrase	base pairing	1	325	5	21521	13.243692307692307	0.07326786634558986	AT5G52470	False	1.0		False		base pairing		FIB1
p:base pair	phrase	base pair	1	325	5	21521	13.243692307692307	0.07326786634558986	AT5G52470	False	1.0		False		base pair		FIB1
w:reactivation	word	reactivation	1	325	5	21521	13.243692307692307	0.07326786634558986	AT5G57280	False	1.0		False		reactivation		RID2
w:indolic	word	indolic	1	325	5	21521	13.243692307692307	0.07326786634558986	AT5G60890	False	1.0		False		indolic		MYB34
p:indolic glucosinolate	phrase	indolic glucosinolate	1	325	5	21521	13.243692307692307	0.07326786634558986	AT5G60890	False	1.0		False		indolic glucosinolate		MYB34
w:phabulosa	word	phabulosa	1	325	5	21521	13.243692307692307	0.07326786634558986	AT5G62090	False	1.0		False		phabulosa		SLK2
w:seu	word	seu	1	325	5	21521	13.243692307692307	0.07326786634558986	AT5G62090	False	1.0		False		seu		SLK2
w:similarly	word	similarly	1	325	5	21521	13.243692307692307	0.07326786634558986	AT5G62090	False	1.0		False		similarly		SLK2
w:seuss	word	seuss	1	325	5	21521	13.243692307692307	0.07326786634558986	AT5G62090	False	1.0		False		seuss		SLK2
w:sno	word	sno	1	325	5	21521	13.243692307692307	0.07326786634558986	AT5G66540	False	1.0		False		sno		MPP10
w:dihydrouridine	word	dihydrouridine	1	325	5	21521	13.243692307692307	0.07326786634558986	AT5G67220	False	1.0		False		dihydrouridine		AT5G67220
p:dihydrouridine synthase	phrase	dihydrouridine synthase	1	325	5	21521	13.243692307692307	0.07326786634558986	AT5G67220	False	1.0		False		dihydrouridine synthase		AT5G67220
p:trna dihydrouridine	phrase	trna dihydrouridine	1	325	5	21521	13.243692307692307	0.07326786634558986	AT5G67220	False	1.0		False		trna dihydrouridine		AT5G67220
w:dus	word	dus	1	325	5	21521	13.243692307692307	0.07326786634558986	AT5G67220	False	1.0		False		dus		AT5G67220
w:quaking	word	quaking	1	325	6	21521	11.036410256410255	0.08726619054328848	AT1G09670	False	1.0		False		quaking		AT1G09670
w:neoxanthin	word	neoxanthin	1	325	6	21521	11.036410256410255	0.08726619054328848	AT1G28100	False	1.0		False		neoxanthin		NDX1
w:violaxanthin	word	violaxanthin	1	325	6	21521	11.036410256410255	0.08726619054328848	AT1G28100	False	1.0		False		violaxanthin		NDX1
p:pentadiene structure	phrase	pentadiene structure	1	325	6	21521	11.036410256410255	0.08726619054328848	AT1G55020	False	1.0		False		pentadiene structure		LOX1
w:pentadiene	word	pentadiene	1	325	6	21521	11.036410256410255	0.08726619054328848	AT1G55020	False	1.0		False		pentadiene		LOX1
w:hydroperoxidation	word	hydroperoxidation	1	325	6	21521	11.036410256410255	0.08726619054328848	AT1G55020	False	1.0		False		hydroperoxidation		LOX1
w:emergence	word	emergence	1	325	6	21521	11.036410256410255	0.08726619054328848	AT1G55020	False	1.0		False		emergence		LOX1
p:pest resistance	phrase	pest resistance	1	325	6	21521	11.036410256410255	0.08726619054328848	AT1G55020	False	1.0		False		pest resistance		LOX1
p:diverse aspect	phrase	diverse aspect	1	325	6	21521	11.036410256410255	0.08726619054328848	AT1G55020	False	1.0		False		diverse aspect		LOX1
w:polycistronic	word	polycistronic	1	325	6	21521	11.036410256410255	0.08726619054328848	AT1G56350	False	1.0		False		polycistronic		PRFB2
w:predominant	word	predominant	1	325	6	21521	11.036410256410255	0.08726619054328848	AT1G61570	False	1.0		False		predominant		TIM13
p:pyruvate aminotransferase	phrase	pyruvate aminotransferase	1	325	6	21521	11.036410256410255	0.08726619054328848	AT1G70560	False	1.0		False		pyruvate aminotransferase		TAA1
p:tryptophan aminotransferase	phrase	tryptophan aminotransferase	1	325	6	21521	11.036410256410255	0.08726619054328848	AT1G70560	False	1.0		False		tryptophan aminotransferase		TAA1
w:beginning	word	beginning	1	325	6	21521	11.036410256410255	0.08726619054328848	AT1G72090	False	1.0		False		beginning		AT1G72090
p:codon beginning	phrase	codon beginning	1	325	6	21521	11.036410256410255	0.08726619054328848	AT1G72090	False	1.0		False		codon beginning		AT1G72090
p:read codon	phrase	read codon	1	325	6	21521	11.036410256410255	0.08726619054328848	AT1G72090	False	1.0		False		read codon		AT1G72090
w:methoxylation	word	methoxylation	1	325	6	21521	11.036410256410255	0.08726619054328848	AT1G76790	False	1.0		False		methoxylation		IGMT5
w:recombinational	word	recombinational	1	325	6	21521	11.036410256410255	0.08726619054328848	AT1G79950	False	1.0		False		recombinational		RTEL1
w:invasion	word	invasion	1	325	6	21521	11.036410256410255	0.08726619054328848	AT1G79950	False	1.0		False		invasion		RTEL1
w:adult	word	adult	1	325	6	21521	11.036410256410255	0.08726619054328848	AT2G34260	False	1.0		False		adult		WDR55
p:gamete generation	phrase	gamete generation	1	325	6	21521	11.036410256410255	0.08726619054328848	AT2G40360	False	1.0		False		gamete generation		BOP1
p:charged monosaccharide	phrase	charged monosaccharide	1	325	6	21521	11.036410256410255	0.08726619054328848	AT2G45310	False	1.0		False		charged monosaccharide		GAE4
w:fil	word	fil	1	325	6	21521	11.036410256410255	0.08726619054328848	AT3G07050	False	1.0		False		fil		NSN1
w:arginylation	word	arginylation	1	325	6	21521	11.036410256410255	0.08726619054328848	AT3G11240	False	1.0		False		arginylation		ATE2
w:phs	word	phs	1	325	6	21521	11.036410256410255	0.08726619054328848	AT3G13620	False	1.0		False		phs		PUT4
p:big grain	phrase	big grain	1	325	6	21521	11.036410256410255	0.08726619054328848	AT3G13980	False	1.0		False		big grain		AT3G13980
w:catalytically	word	catalytically	1	325	6	21521	11.036410256410255	0.08726619054328848	AT3G17310	False	1.0		False		catalytically		DRM3
w:excise	word	excise	1	325	6	21521	11.036410256410255	0.08726619054328848	AT3G18630	False	1.0		False		excise		UNG
w:arise	word	arise	1	325	6	21521	11.036410256410255	0.08726619054328848	AT3G18630	False	1.0		False		arise		UNG
w:ida	word	ida	1	325	6	21521	11.036410256410255	0.08726619054328848	AT3G25655	False	1.0		False		ida		IDL1
p:xyloglucan synthesizing	phrase	xyloglucan synthesizing	1	325	6	21521	11.036410256410255	0.08726619054328848	AT3G28180	False	1.0		False		xyloglucan synthesizing		CSLC04
w:simultaneously	word	simultaneously	1	325	6	21521	11.036410256410255	0.08726619054328848	AT3G28180	False	1.0		False		simultaneously		CSLC04
w:nitrilase	word	nitrilase	1	325	6	21521	11.036410256410255	0.08726619054328848	AT3G44320	False	1.0		False		nitrilase		NIT3
w:diurnal	word	diurnal	1	325	6	21521	11.036410256410255	0.08726619054328848	AT3G46640	False	1.0		False		diurnal		PCL1
w:straight	word	straight	1	325	6	21521	11.036410256410255	0.08726619054328848	AT3G57660	False	1.0		False		straight		NRPA1
w:mynd	word	mynd	1	325	6	21521	11.036410256410255	0.08726619054328848	AT4G02220	False	1.0		False		mynd		AT4G02220
p:create proton	phrase	create proton	1	325	6	21521	11.036410256410255	0.08726619054328848	AT4G24570	False	1.0		False		create proton		DIC2
p:mitochondrial uncoupling	phrase	mitochondrial uncoupling	1	325	6	21521	11.036410256410255	0.08726619054328848	AT4G24570	False	1.0		False		mitochondrial uncoupling		DIC2
p:proton leak	phrase	proton leak	1	325	6	21521	11.036410256410255	0.08726619054328848	AT4G24570	False	1.0		False		proton leak		DIC2
w:uncoupling	word	uncoupling	1	325	6	21521	11.036410256410255	0.08726619054328848	AT4G24570	False	1.0		False		uncoupling		DIC2
p:uncoupling oxidative	phrase	uncoupling oxidative	1	325	6	21521	11.036410256410255	0.08726619054328848	AT4G24570	False	1.0		False		uncoupling oxidative		DIC2
w:leak	word	leak	1	325	6	21521	11.036410256410255	0.08726619054328848	AT4G24570	False	1.0		False		leak		DIC2
w:diphthamide	word	diphthamide	1	325	6	21521	11.036410256410255	0.08726619054328848	AT4G31790	False	1.0		False		diphthamide		AT4G31790
w:pgm	word	pgm	1	325	6	21521	11.036410256410255	0.08726619054328848	AT5G04120	False	1.0		False		pgm		IPSP
w:crosstalk	word	crosstalk	1	325	6	21521	11.036410256410255	0.08726619054328848	AT5G13180	False	1.0		False		crosstalk		NAC083
p:chromatid alignment	phrase	chromatid alignment	1	325	6	21521	11.036410256410255	0.08726619054328848	AT5G15920	False	1.0		False		chromatid alignment		SMC5
p:squalene monooxygenase	phrase	squalene monooxygenase	1	325	6	21521	11.036410256410255	0.08726619054328848	AT5G24140	False	1.0		False		squalene monooxygenase		SQP2
p:squalene epoxidase	phrase	squalene epoxidase	1	325	6	21521	11.036410256410255	0.08726619054328848	AT5G24140	False	1.0		False		squalene epoxidase		SQP2
p:bahd acyltransferase	phrase	bahd acyltransferase	1	325	6	21521	11.036410256410255	0.08726619054328848	AT5G47980	False	1.0		False		bahd acyltransferase		BAHD1
p:pentacyclic triterpene	phrase	pentacyclic triterpene	1	325	6	21521	11.036410256410255	0.08726619054328848	AT5G48010	False	1.0		False		pentacyclic triterpene		THAS1
w:duf	word	duf	1	325	6	21521	11.036410256410255	0.08726619054328848	AT5G50560	False	1.0		False		duf		MFB16.5
w:fact	word	fact	1	325	6	21521	11.036410256410255	0.08726619054328848	AT5G52470	False	1.0		False		fact		FIB1
w:impair	word	impair	1	325	6	21521	11.036410256410255	0.08726619054328848	AT5G52470	False	1.0		False		impair		FIB1
w:explant	word	explant	1	325	6	21521	11.036410256410255	0.08726619054328848	AT5G57280	False	1.0		False		explant		RID2
p:meristematic region	phrase	meristematic region	1	325	6	21521	11.036410256410255	0.08726619054328848	AT5G62090	False	1.0		False		meristematic region		SLK2
w:asymmetrical	word	asymmetrical	1	325	7	21521	9.459780219780221	0.10105371032360133	AT1G04870	False	1.0		False		asymmetrical		PRMT10
w:methylene	word	methylene	1	325	7	21521	9.459780219780221	0.10105371032360133	AT1G20330	False	1.0		False		methylene		SMT2
w:behavior	word	behavior	1	325	7	21521	9.459780219780221	0.10105371032360133	AT1G26770	False	1.0		False		behavior		EXPA10
w:photomorphogenic	word	photomorphogenic	1	325	7	21521	9.459780219780221	0.10105371032360133	AT1G32640	False	1.0		False		photomorphogenic		MYC2
w:methylthiopropyl	word	methylthiopropyl	1	325	7	21521	9.459780219780221	0.10105371032360133	AT1G62570	False	1.0		False		methylthiopropyl		FMOGS-OX4
p:methylthiopropyl glucosinolate	phrase	methylthiopropyl glucosinolate	1	325	7	21521	9.459780219780221	0.10105371032360133	AT1G62570	False	1.0		False		methylthiopropyl glucosinolate		FMOGS-OX4
w:osmosensory	word	osmosensory	1	325	7	21521	9.459780219780221	0.10105371032360133	AT2G01830	False	1.0		False		osmosensory		WOL
w:line	word	line	1	325	7	21521	9.459780219780221	0.10105371032360133	AT2G01830	False	1.0		False		line		WOL
w:tolerant	word	tolerant	1	325	7	21521	9.459780219780221	0.10105371032360133	AT2G19540	False	1.0		False		tolerant		HTD1
p:leaf mesophyll	phrase	leaf mesophyll	1	325	7	21521	9.459780219780221	0.10105371032360133	AT2G24120	False	1.0		False		leaf mesophyll		SCA3
w:globular	word	globular	1	325	7	21521	9.459780219780221	0.10105371032360133	AT2G34260	False	1.0		False		globular		WDR55
p:female gametogenesis	phrase	female gametogenesis	1	325	7	21521	9.459780219780221	0.10105371032360133	AT2G34260	False	1.0		False		female gametogenesis		WDR55
p:nitrogen utilization	phrase	nitrogen utilization	1	325	7	21521	9.459780219780221	0.10105371032360133	AT2G42280	False	1.0		False		nitrogen utilization		FBH4
p:following infection	phrase	following infection	1	325	7	21521	9.459780219780221	0.10105371032360133	AT3G11240	False	1.0		False		following infection		ATE2
w:ski	word	ski	1	325	7	21521	9.459780219780221	0.10105371032360133	AT3G13980	False	1.0		False		ski		AT3G13980
w:non‑cpg	word	non-cpg	1	325	7	21521	9.459780219780221	0.10105371032360133	AT3G17310	False	1.0		False		non-cpg		DRM3
w:deamination	word	deamination	1	325	7	21521	9.459780219780221	0.10105371032360133	AT3G18630	False	1.0		False		deamination		UNG
w:unstable	word	unstable	1	325	7	21521	9.459780219780221	0.10105371032360133	AT3G46210	False	1.0		False		unstable		RRP46
w:correlated	word	correlated	1	325	7	21521	9.459780219780221	0.10105371032360133	AT3G49670	False	1.0		False		correlated		BAM2
w:recombinant	word	recombinant	1	325	7	21521	9.459780219780221	0.10105371032360133	AT4G24570	False	1.0		False		recombinant		DIC2
p:rsmb nop	phrase	rsmb nop	1	325	7	21521	9.459780219780221	0.10105371032360133	AT4G26600	False	1.0		False		rsmb nop		NOP2B
w:nop	word	nop	1	325	7	21521	9.459780219780221	0.10105371032360133	AT4G26600	False	1.0		False		nop		NOP2B
p:anion efflux	phrase	anion efflux	1	325	7	21521	9.459780219780221	0.10105371032360133	AT4G27970	False	1.0		False		anion efflux		SLAH2
w:mixture	word	mixture	1	325	7	21521	9.459780219780221	0.10105371032360133	AT4G33770	False	1.0		False		mixture		ITPK2
p:monoacylglycerol lipase	phrase	monoacylglycerol lipase	1	325	7	21521	9.459780219780221	0.10105371032360133	AT4G37070	False	1.0		False		monoacylglycerol lipase		PLP1
w:golovinomyce	word	golovinomyce	1	325	7	21521	9.459780219780221	0.10105371032360133	AT5G05190	False	1.0		False		golovinomyce		EDR4
p:non‑cell autonomous	phrase	non-cell autonomous	1	325	7	21521	9.459780219780221	0.10105371032360133	AT5G09970	False	1.0		False		non-cell autonomous		CYP78A7
w:protoxylem	word	protoxylem	1	325	7	21521	9.459780219780221	0.10105371032360133	AT5G13180	False	1.0		False		protoxylem		NAC083
w:overexpressed	word	overexpressed	1	325	7	21521	9.459780219780221	0.10105371032360133	AT5G19260	False	1.0		False		overexpressed		FAF3
w:fantastic	word	fantastic	1	325	7	21521	9.459780219780221	0.10105371032360133	AT5G19260	False	1.0		False		fantastic		FAF3
p:stereospecific oxidation	phrase	stereospecific oxidation	1	325	7	21521	9.459780219780221	0.10105371032360133	AT5G24140	False	1.0		False		stereospecific oxidation		SQP2
w:vit	word	vit	1	325	7	21521	9.459780219780221	0.10105371032360133	AT5G24290	False	1.0		False		vit		MEB2
w:bahd	word	bahd	1	325	7	21521	9.459780219780221	0.10105371032360133	AT5G47980	False	1.0		False		bahd		BAHD1
p:oxidosqualene cyclase	phrase	oxidosqualene cyclase	1	325	7	21521	9.459780219780221	0.10105371032360133	AT5G48010	False	1.0		False		oxidosqualene cyclase		THAS1
p:jasmonoyl isoleucine	phrase	jasmonoyl isoleucine	1	325	7	21521	9.459780219780221	0.10105371032360133	AT5G63450	False	1.0		False		jasmonoyl isoleucine		CYP94B1
w:ythdf	word	ythdf	1	325	8	21521	8.277307692307692	0.11463359059434734	AT1G09810	False	1.0		False		ythdf		ECT11
w:linoleic	word	linoleic	1	325	8	21521	8.277307692307692	0.11463359059434734	AT1G55020	False	1.0		False		linoleic		LOX1
w:peroxidation	word	peroxidation	1	325	8	21521	8.277307692307692	0.11463359059434734	AT1G55020	False	1.0		False		peroxidation		LOX1
p:lipid peroxidation	phrase	lipid peroxidation	1	325	8	21521	8.277307692307692	0.11463359059434734	AT1G55020	False	1.0		False		lipid peroxidation		LOX1
p:translational termination	phrase	translational termination	1	325	8	21521	8.277307692307692	0.11463359059434734	AT1G56350	False	1.0		False		translational termination		PRFB2
p:termination codon	phrase	termination codon	1	325	8	21521	8.277307692307692	0.11463359059434734	AT1G56350	False	1.0		False		termination codon		PRFB2
w:multi‑pass	word	multi-pass	1	325	8	21521	8.277307692307692	0.11463359059434734	AT1G61570	False	1.0		False		multi-pass		TIM13
w:bsd	word	bsd	1	325	8	21521	8.277307692307692	0.11463359059434734	AT1G69030	False	1.0		False		bsd		AT1G69030
w:methylthio	word	methylthio	1	325	8	21521	8.277307692307692	0.11463359059434734	AT1G72090	False	1.0		False		methylthio		AT1G72090
w:anhydride	word	anhydride	1	325	8	21521	8.277307692307692	0.11463359059434734	AT1G79950	False	1.0		False		anhydride		RTEL1
w:bilateral	word	bilateral	1	325	8	21521	8.277307692307692	0.11463359059434734	AT2G34260	False	1.0		False		bilateral		WDR55
p:bilateral symmetry	phrase	bilateral symmetry	1	325	8	21521	8.277307692307692	0.11463359059434734	AT2G34260	False	1.0		False		bilateral symmetry		WDR55
p:yawg gtpase	phrase	yawg gtpase	1	325	8	21521	8.277307692307692	0.11463359059434734	AT3G07050	False	1.0		False		yawg gtpase		NSN1
w:yawg	word	yawg	1	325	8	21521	8.277307692307692	0.11463359059434734	AT3G07050	False	1.0		False		yawg		NSN1
p:ylqf yawg	phrase	ylqf yawg	1	325	8	21521	8.277307692307692	0.11463359059434734	AT3G07050	False	1.0		False		ylqf yawg		NSN1
w:ylqf	word	ylqf	1	325	8	21521	8.277307692307692	0.11463359059434734	AT3G07050	False	1.0		False		ylqf		NSN1
w:amplitude	word	amplitude	1	325	8	21521	8.277307692307692	0.11463359059434734	AT3G11240	False	1.0		False		amplitude		ATE2
w:ber	word	ber	1	325	8	21521	8.277307692307692	0.11463359059434734	AT3G18630	False	1.0		False		ber		UNG
w:acetonitrile	word	acetonitrile	1	325	8	21521	8.277307692307692	0.11463359059434734	AT3G44320	False	1.0		False		acetonitrile		NIT3
w:evening	word	evening	1	325	8	21521	8.277307692307692	0.11463359059434734	AT3G46640	False	1.0		False		evening		PCL1
w:campesterol	word	campesterol	1	325	8	21521	8.277307692307692	0.11463359059434734	AT3G50660	False	1.0		False		campesterol		DWF4
p:leaf shaping	phrase	leaf shaping	1	325	8	21521	8.277307692307692	0.11463359059434734	AT3G50660	False	1.0		False		leaf shaping		DWF4
k:Brassinosteroid biosynthesis	keyword	Brassinosteroid biosynthesis	1	325	8	21521	8.277307692307692	0.11463359059434734	AT3G50660	False	1.0		False		Brassinosteroid biosynthesis		DWF4
w:gyrase	word	gyrase	1	325	8	21521	8.277307692307692	0.11463359059434734	AT4G13750	False	1.0		False		gyrase		NOV
w:significance	word	significance	1	325	8	21521	8.277307692307692	0.11463359059434734	AT4G24570	False	1.0		False		significance		DIC2
w:rsmb	word	rsmb	1	325	8	21521	8.277307692307692	0.11463359059434734	AT4G26600	False	1.0		False		rsmb		NOP2B
p:inositol trisphosphate	phrase	inositol trisphosphate	1	325	8	21521	8.277307692307692	0.11463359059434734	AT4G33770	False	1.0		False		inositol trisphosphate		ITPK2
w:monoacylglycerol	word	monoacylglycerol	1	325	8	21521	8.277307692307692	0.11463359059434734	AT4G37070	False	1.0		False		monoacylglycerol		PLP1
w:phosphoserine	word	phosphoserine	1	325	8	21521	8.277307692307692	0.11463359059434734	AT5G04120	False	1.0		False		phosphoserine		IPSP
w:non‑cell	word	non-cell	1	325	8	21521	8.277307692307692	0.11463359059434734	AT5G09970	False	1.0		False		non-cell		CYP78A7
w:rupture	word	rupture	1	325	8	21521	8.277307692307692	0.11463359059434734	AT5G11420	False	1.0		False		rupture		AT5G11420
w:micropyle	word	micropyle	1	325	8	21521	8.277307692307692	0.11463359059434734	AT5G11420	False	1.0		False		micropyle		AT5G11420
p:yellow mosaic	phrase	yellow mosaic	1	325	8	21521	8.277307692307692	0.11463359059434734	AT5G13180	False	1.0		False		yellow mosaic		NAC083
w:alignment	word	alignment	1	325	8	21521	8.277307692307692	0.11463359059434734	AT5G15920	False	1.0		False		alignment		SMC5
w:epoxysqualene	word	epoxysqualene	1	325	8	21521	8.277307692307692	0.11463359059434734	AT5G24140	False	1.0		False		epoxysqualene		SQP2
p:site selection	phrase	site selection	1	325	8	21521	8.277307692307692	0.11463359059434734	AT5G39760	False	1.0		False		site selection		HB23
w:tricyclic	word	tricyclic	1	325	8	21521	8.277307692307692	0.11463359059434734	AT5G48010	False	1.0		False		tricyclic		THAS1
w:pentacyclic	word	pentacyclic	1	325	8	21521	8.277307692307692	0.11463359059434734	AT5G48010	False	1.0		False		pentacyclic		THAS1
p:phosphate uridylyltransferase	phrase	phosphate uridylyltransferase	1	325	8	21521	8.277307692307692	0.11463359059434734	AT5G52560	False	1.0		False		phosphate uridylyltransferase		USP
w:coded	word	coded	1	325	8	21521	8.277307692307692	0.11463359059434734	AT5G61310	False	1.0		False		coded		AT5G61310
p:coded polypeptide	phrase	coded polypeptide	1	325	8	21521	8.277307692307692	0.11463359059434734	AT5G61310	False	1.0		False		coded polypeptide		AT5G61310
p:nuclear coded	phrase	nuclear coded	1	325	8	21521	8.277307692307692	0.11463359059434734	AT5G61310	False	1.0		False		nuclear coded		AT5G61310
w:fructosidase	word	fructosidase	1	325	8	21521	8.277307692307692	0.11463359059434734	AT5G64620	False	1.0		False		fructosidase		C/VIF2
w:pal	word	pal	1	325	9	21521	7.357606837606838	0.1280089488919737	AT1G18870	False	1.0		False		pal		ICS2
w:completion	word	completion	1	325	9	21521	7.357606837606838	0.1280089488919737	AT1G29940	False	1.0		False		completion		NRPA2
w:proposed	word	proposed	1	325	9	21521	7.357606837606838	0.1280089488919737	AT1G29940	False	1.0		False		proposed		NRPA2
k:Histidine biosynthesis	keyword	Histidine biosynthesis	1	325	9	21521	7.357606837606838	0.1280089488919737	AT1G31860	False	1.0		False		Histidine biosynthesis		AT-IE
w:myc	word	myc	1	325	9	21521	7.357606837606838	0.1280089488919737	AT1G32640	False	1.0		False		myc		MYC2
w:homotetramerization	word	homotetramerization	1	325	9	21521	7.357606837606838	0.1280089488919737	AT1G32640	False	1.0		False		homotetramerization		MYC2
w:destruction	word	destruction	1	325	9	21521	7.357606837606838	0.1280089488919737	AT1G32640	False	1.0		False		destruction		MYC2
w:elicited	word	elicited	1	325	9	21521	7.357606837606838	0.1280089488919737	AT1G52140	False	1.0		False		elicited		AT1G52140
w:phosphomonoester	word	phosphomonoester	1	325	9	21521	7.357606837606838	0.1280089488919737	AT1G52160	False	1.0		False		phosphomonoester		TRZ3
w:linolenic	word	linolenic	1	325	9	21521	7.357606837606838	0.1280089488919737	AT1G55020	False	1.0		False		linolenic		LOX1
w:lipoxygenase	word	lipoxygenase	1	325	9	21521	7.357606837606838	0.1280089488919737	AT1G55020	False	1.0		False		lipoxygenase		LOX1
w:cues	word	cues	1	325	9	21521	7.357606837606838	0.1280089488919737	AT1G70560	False	1.0		False		cues		TAA1
w:pyruvic	word	pyruvic	1	325	9	21521	7.357606837606838	0.1280089488919737	AT1G70560	False	1.0		False		pyruvic		TAA1
w:volatile	word	volatile	1	325	9	21521	7.357606837606838	0.1280089488919737	AT2G01830	False	1.0		False		volatile		WOL
p:epsilon lysine	phrase	epsilon lysine	1	325	9	21521	7.357606837606838	0.1280089488919737	AT2G39020	False	1.0		False		epsilon lysine		GNAT8
p:specificity triggering	phrase	specificity triggering	1	325	9	21521	7.357606837606838	0.1280089488919737	AT2G39020	False	1.0		False		specificity triggering		GNAT8
w:nta	word	nta	1	325	9	21521	7.357606837606838	0.1280089488919737	AT2G39020	False	1.0		False		nta		GNAT8
w:methylenetetrahydrofolate	word	methylenetetrahydrofolate	1	325	9	21521	7.357606837606838	0.1280089488919737	AT3G30775	False	1.0		False		methylenetetrahydrofolate		ERD5
p:sulfate conjugation	phrase	sulfate conjugation	1	325	9	21521	7.357606837606838	0.1280089488919737	AT3G45070	False	1.0		False		sulfate conjugation		SOT5
w:expbeta	word	expbeta	1	325	9	21521	7.357606837606838	0.1280089488919737	AT3G45960	False	1.0		False		expbeta		EXLA3
p:ath expbeta	phrase	ath expbeta	1	325	9	21521	7.357606837606838	0.1280089488919737	AT3G45960	False	1.0		False		ath expbeta		EXLA3
w:oscillation	word	oscillation	1	325	9	21521	7.357606837606838	0.1280089488919737	AT3G46640	False	1.0		False		oscillation		PCL1
w:gai	word	gai	1	325	9	21521	7.357606837606838	0.1280089488919737	AT3G50700	False	1.0		False		gai		IDD2
w:phosphotriesterase	word	phosphotriesterase	1	325	9	21521	7.357606837606838	0.1280089488919737	AT3G57010	False	1.0		False		phosphotriesterase		SSL8
p:esterify acyl	phrase	esterify acyl	1	325	9	21521	7.357606837606838	0.1280089488919737	AT4G01950	False	1.0		False		esterify acyl		GPAT3
w:dapat	word	dapat	1	325	9	21521	7.357606837606838	0.1280089488919737	AT4G01950	False	1.0		False		dapat		GPAT3
w:esterify	word	esterify	1	325	9	21521	7.357606837606838	0.1280089488919737	AT4G01950	False	1.0		False		esterify		GPAT3
w:gpat	word	gpat	1	325	9	21521	7.357606837606838	0.1280089488919737	AT4G01950	False	1.0		False		gpat		GPAT3
p:gpat dapat	phrase	gpat dapat	1	325	9	21521	7.357606837606838	0.1280089488919737	AT4G01950	False	1.0		False		gpat dapat		GPAT3
w:radicle	word	radicle	1	325	9	21521	7.357606837606838	0.1280089488919737	AT4G15230	False	1.0		False		radicle		ABCG30
w:phenolics	word	phenolics	1	325	9	21521	7.357606837606838	0.1280089488919737	AT4G15230	False	1.0		False		phenolics		ABCG30
w:hstf	word	hstf	1	325	9	21521	7.357606837606838	0.1280089488919737	AT4G18880	False	1.0		False		hstf		HSFA4A
w:arsenite	word	arsenite	1	325	9	21521	7.357606837606838	0.1280089488919737	AT4G19030	False	1.0		False		arsenite		NLM1
w:reconstituted	word	reconstituted	1	325	9	21521	7.357606837606838	0.1280089488919737	AT4G24570	False	1.0		False		reconstituted		DIC2
w:yucca	word	yucca	1	325	9	21521	7.357606837606838	0.1280089488919737	AT4G28720	False	1.0		False		yucca		YUC8
p:redundant yucca	phrase	redundant yucca	1	325	9	21521	7.357606837606838	0.1280089488919737	AT4G28720	False	1.0		False		redundant yucca		YUC8
w:lah	word	lah	1	325	9	21521	7.357606837606838	0.1280089488919737	AT4G37070	False	1.0		False		lah		PLP1
w:coumaraldehyde	word	coumaraldehyde	1	325	9	21521	7.357606837606838	0.1280089488919737	AT5G04330	False	1.0		False		coumaraldehyde		CYP84A4
w:cichoracearum	word	cichoracearum	1	325	9	21521	7.357606837606838	0.1280089488919737	AT5G05190	False	1.0		False		cichoracearum		EDR4
w:glucosylation	word	glucosylation	1	325	9	21521	7.357606837606838	0.1280089488919737	AT5G05860	False	1.0		False		glucosylation		UGT76C2
w:squalene	word	squalene	1	325	9	21521	7.357606837606838	0.1280089488919737	AT5G24140	False	1.0		False		squalene		SQP2
w:sequester	word	sequester	1	325	9	21521	7.357606837606838	0.1280089488919737	AT5G24290	False	1.0		False		sequester		MEB2
p:catecholamine responsive	phrase	catecholamine responsive	1	325	9	21521	7.357606837606838	0.1280089488919737	AT5G47530	False	1.0		False		catecholamine responsive		AT5G47530
w:catecholamine	word	catecholamine	1	325	9	21521	7.357606837606838	0.1280089488919737	AT5G47530	False	1.0		False		catecholamine		AT5G47530
p:trans‑membrane electron	phrase	trans-membrane electron	1	325	9	21521	7.357606837606838	0.1280089488919737	AT5G47530	False	1.0		False		trans-membrane electron		AT5G47530
p:responsive trans‑membrane	phrase	responsive trans-membrane	1	325	9	21521	7.357606837606838	0.1280089488919737	AT5G47530	False	1.0		False		responsive trans-membrane		AT5G47530
p:chelate reductase	phrase	chelate reductase	1	325	9	21521	7.357606837606838	0.1280089488919737	AT5G47530	False	1.0		False		chelate reductase		AT5G47530
w:releasing	word	releasing	1	325	10	21521	6.621846153846153	0.14118285608842726	AT1G03360	False	1.0		False		releasing		RRP4
w:adenyl	word	adenyl	1	325	10	21521	6.621846153846153	0.14118285608842726	AT1G63660	False	1.0		False		adenyl		AT1G63660
p:strand annealing	phrase	strand annealing	1	325	10	21521	6.621846153846153	0.14118285608842726	AT1G79950	False	1.0		False		strand annealing		RTEL1
w:annealing	word	annealing	1	325	10	21521	6.621846153846153	0.14118285608842726	AT1G79950	False	1.0		False		annealing		RTEL1
w:adventitious	word	adventitious	1	325	10	21521	6.621846153846153	0.14118285608842726	AT2G01830	False	1.0		False		adventitious		WOL
w:feed	word	feed	1	325	10	21521	6.621846153846153	0.14118285608842726	AT2G01830	False	1.0		False		feed		WOL
p:adventitious root	phrase	adventitious root	1	325	10	21521	6.621846153846153	0.14118285608842726	AT2G01830	False	1.0		False		adventitious root		WOL
w:exs	word	exs	1	325	10	21521	6.621846153846153	0.14118285608842726	AT2G03240	False	1.0		False		exs		PHO1-H5
w:big	word	big	1	325	10	21521	6.621846153846153	0.14118285608842726	AT3G13980	False	1.0		False		big		AT3G13980
w:lor	word	lor	1	325	10	21521	6.621846153846153	0.14118285608842726	AT3G15810	False	1.0		False		lor		AT3G15810
w:pyrroline	word	pyrroline	1	325	10	21521	6.621846153846153	0.14118285608842726	AT3G30775	False	1.0		False		pyrroline		ERD5
w:kaempferol	word	kaempferol	1	325	10	21521	6.621846153846153	0.14118285608842726	AT3G45070	False	1.0		False		kaempferol		SOT5
w:shaping	word	shaping	1	325	10	21521	6.621846153846153	0.14118285608842726	AT3G50660	False	1.0		False		shaping		DWF4
w:near	word	near	1	325	10	21521	6.621846153846153	0.14118285608842726	AT3G57660	False	1.0		False		near		NRPA1
w:dicarboxylate	word	dicarboxylate	1	325	10	21521	6.621846153846153	0.14118285608842726	AT4G24570	False	1.0		False		dicarboxylate		DIC2
p:flavin monoamine	phrase	flavin monoamine	1	325	10	21521	6.621846153846153	0.14118285608842726	AT4G29720	False	1.0		False		flavin monoamine		PAO5
p:methylamine oxidase	phrase	methylamine oxidase	1	325	10	21521	6.621846153846153	0.14118285608842726	AT4G29740	False	1.0		False		methylamine oxidase		CKX4
p:primary methylamine	phrase	primary methylamine	1	325	10	21521	6.621846153846153	0.14118285608842726	AT4G29740	False	1.0		False		primary methylamine		CKX4
w:lysophospholipase	word	lysophospholipase	1	325	10	21521	6.621846153846153	0.14118285608842726	AT4G37070	False	1.0		False		lysophospholipase		PLP1
p:cationic amino	phrase	cationic amino	1	325	10	21521	6.621846153846153	0.14118285608842726	AT5G04770	False	1.0		False		cationic amino		CAT6
w:smc	word	smc	1	325	10	21521	6.621846153846153	0.14118285608842726	AT5G15920	False	1.0		False		smc		SMC5
w:epoxidase	word	epoxidase	1	325	10	21521	6.621846153846153	0.14118285608842726	AT5G24140	False	1.0		False		epoxidase		SQP2
p:transferase sina	phrase	transferase sina	1	325	10	21521	6.621846153846153	0.14118285608842726	AT5G37890	False	1.0		False		transferase sina		AT5G37890
p:ligase sina	phrase	ligase sina	1	325	10	21521	6.621846153846153	0.14118285608842726	AT5G37890	False	1.0		False		ligase sina		AT5G37890
w:domon	word	domon	1	325	10	21521	6.621846153846153	0.14118285608842726	AT5G47530	False	1.0		False		domon		AT5G47530
p:conformational change	phrase	conformational change	1	325	11	21521	6.01986013986014	0.1541583370875096	AT1G03110	False	1.0		False		conformational change		TRM82
w:monomethyltransferase	word	monomethyltransferase	1	325	11	21521	6.01986013986014	0.1541583370875096	AT1G04870	False	1.0		False		monomethyltransferase		PRMT10
w:evolutionarily	word	evolutionarily	1	325	11	21521	6.01986013986014	0.1541583370875096	AT1G09810	False	1.0		False		evolutionarily		ECT11
p:evolutionarily conserved	phrase	evolutionarily conserved	1	325	11	21521	6.01986013986014	0.1541583370875096	AT1G09810	False	1.0		False		evolutionarily conserved		ECT11
w:dinitrobenzene	word	dinitrobenzene	1	325	11	21521	6.01986013986014	0.1541583370875096	AT1G17190	False	1.0		False		dinitrobenzene		GSTU26
w:cdnb	word	cdnb	1	325	11	21521	6.01986013986014	0.1541583370875096	AT1G17190	False	1.0		False		cdnb		GSTU26
w:potentiate	word	potentiate	1	325	11	21521	6.01986013986014	0.1541583370875096	AT1G18870	False	1.0		False		potentiate		ICS2
w:cyclohydrolase	word	cyclohydrolase	1	325	11	21521	6.01986013986014	0.1541583370875096	AT1G31860	False	1.0		False		cyclohydrolase		AT-IE
w:prokaryotic	word	prokaryotic	1	325	11	21521	6.01986013986014	0.1541583370875096	AT1G56350	False	1.0		False		prokaryotic		PRFB2
p:glutamine hydrolyzing	phrase	glutamine hydrolyzing	1	325	11	21521	6.01986013986014	0.1541583370875096	AT1G63660	False	1.0		False		glutamine hydrolyzing		AT1G63660
p:interstrand cross‑link	phrase	interstrand cross-link	1	325	11	21521	6.01986013986014	0.1541583370875096	AT1G79950	False	1.0		False		interstrand cross-link		RTEL1
w:interstrand	word	interstrand	1	325	11	21521	6.01986013986014	0.1541583370875096	AT1G79950	False	1.0		False		interstrand		RTEL1
w:symbiotic	word	symbiotic	1	325	11	21521	6.01986013986014	0.1541583370875096	AT2G22770	False	1.0		False		symbiotic		NAI1
p:coumaroyl coa	phrase	coumaroyl coa	1	325	11	21521	6.01986013986014	0.1541583370875096	AT2G25150	False	1.0		False		coumaroyl coa		SCT
p:rule pathway	phrase	rule pathway	1	325	11	21521	6.01986013986014	0.1541583370875096	AT3G11240	False	1.0		False		rule pathway		ATE2
w:pectinase	word	pectinase	1	325	11	21521	6.01986013986014	0.1541583370875096	AT3G15720	False	1.0		False		pectinase		AT3G15720
w:lurp	word	lurp	1	325	11	21521	6.01986013986014	0.1541583370875096	AT3G15810	False	1.0		False		lurp		AT3G15810
w:auto	word	auto	1	325	11	21521	6.01986013986014	0.1541583370875096	AT3G46640	False	1.0		False		auto		PCL1
w:ciks	word	ciks	1	325	11	21521	6.01986013986014	0.1541583370875096	AT3G49670	False	1.0		False		ciks		BAM2
w:barely	word	barely	1	325	11	21521	6.01986013986014	0.1541583370875096	AT3G49670	False	1.0		False		barely		BAM2
w:switching	word	switching	1	325	11	21521	6.01986013986014	0.1541583370875096	AT3G57660	False	1.0		False		switching		NRPA1
w:acceptance	word	acceptance	1	325	11	21521	6.01986013986014	0.1541583370875096	AT4G05410	False	1.0		False		acceptance		YAO
w:delivered	word	delivered	1	325	11	21521	6.01986013986014	0.1541583370875096	AT4G15230	False	1.0		False		delivered		ABCG30
w:nip	word	nip	1	325	11	21521	6.01986013986014	0.1541583370875096	AT4G19030	False	1.0		False		nip		NLM1
w:morf	word	morf	1	325	11	21521	6.01986013986014	0.1541583370875096	AT4G20020	False	1.0		False		morf		MORF1
p:precatalytic spliceosome	phrase	precatalytic spliceosome	1	325	11	21521	6.01986013986014	0.1541583370875096	AT4G22380	False	1.0		False		precatalytic spliceosome		AT4G22380
w:precatalytic	word	precatalytic	1	325	11	21521	6.01986013986014	0.1541583370875096	AT4G22380	False	1.0		False		precatalytic		AT4G22380
w:thiosulfate	word	thiosulfate	1	325	11	21521	6.01986013986014	0.1541583370875096	AT4G24570	False	1.0		False		thiosulfate		DIC2
w:dicarboxylic	word	dicarboxylic	1	325	11	21521	6.01986013986014	0.1541583370875096	AT4G24570	False	1.0		False		dicarboxylic		DIC2
p:pyruvate monooxygenase	phrase	pyruvate monooxygenase	1	325	11	21521	6.01986013986014	0.1541583370875096	AT4G28720	False	1.0		False		pyruvate monooxygenase		YUC8
w:patatin	word	patatin	1	325	11	21521	6.01986013986014	0.1541583370875096	AT4G37070	False	1.0		False		patatin		PLP1
p:embryonic pattern	phrase	embryonic pattern	1	325	11	21521	6.01986013986014	0.1541583370875096	AT5G16750	False	1.0		False		embryonic pattern		TOZ
w:characteristic	word	characteristic	1	325	11	21521	6.01986013986014	0.1541583370875096	AT5G52470	False	1.0		False		characteristic		FIB1
w:uridylyltransferase	word	uridylyltransferase	1	325	11	21521	6.01986013986014	0.1541583370875096	AT5G52560	False	1.0		False		uridylyltransferase		USP
w:trp	word	trp	1	325	11	21521	6.01986013986014	0.1541583370875096	AT5G60890	False	1.0		False		trp		MYB34
w:conformational	word	conformational	1	325	12	21521	5.518205128205127	0.1669383715108736	AT1G03110	False	1.0		False		conformational		TRM82
p:short hypocotyl	phrase	short hypocotyl	1	325	12	21521	5.518205128205127	0.1669383715108736	AT1G04240	False	1.0		False		short hypocotyl		SHY2
p:internal site	phrase	internal site	1	325	12	21521	5.518205128205127	0.1669383715108736	AT1G09810	False	1.0		False		internal site		ECT11
w:yth	word	yth	1	325	12	21521	5.518205128205127	0.1669383715108736	AT1G09810	False	1.0		False		yth		ECT11
p:amphipathic helix	phrase	amphipathic helix	1	325	12	21521	5.518205128205127	0.1669383715108736	AT1G10250	False	1.0		False		amphipathic helix		AT1G10250
p:paired amphipathic	phrase	paired amphipathic	1	325	12	21521	5.518205128205127	0.1669383715108736	AT1G10250	False	1.0		False		paired amphipathic		AT1G10250
w:amphipathic	word	amphipathic	1	325	12	21521	5.518205128205127	0.1669383715108736	AT1G10250	False	1.0		False		amphipathic		AT1G10250
w:alkb	word	alkb	1	325	12	21521	5.518205128205127	0.1669383715108736	AT1G14710	False	1.0		False		alkb		AT1G14710
w:fusarium	word	fusarium	1	325	12	21521	5.518205128205127	0.1669383715108736	AT1G55020	False	1.0		False		fusarium		LOX1
w:pest	word	pest	1	325	12	21521	5.518205128205127	0.1669383715108736	AT1G55020	False	1.0		False		pest		LOX1
p:alpha trehalose	phrase	alpha trehalose	1	325	12	21521	5.518205128205127	0.1669383715108736	AT1G78580	False	1.0		False		alpha trehalose		TPS1
p:cross‑link repair	phrase	cross-link repair	1	325	12	21521	5.518205128205127	0.1669383715108736	AT1G79950	False	1.0		False		cross-link repair		RTEL1
w:methylcytidine	word	methylcytidine	1	325	12	21521	5.518205128205127	0.1669383715108736	AT1G80720	False	1.0		False		methylcytidine		AT1G80720
w:procambium	word	procambium	1	325	12	21521	5.518205128205127	0.1669383715108736	AT2G01830	False	1.0		False		procambium		WOL
p:error free	phrase	error free	1	325	12	21521	5.518205128205127	0.1669383715108736	AT2G31410	False	1.0		False		error free		AT2G31410
p:apical dominance	phrase	apical dominance	1	325	12	21521	5.518205128205127	0.1669383715108736	AT3G07050	False	1.0		False		apical dominance		NSN1
w:rule	word	rule	1	325	12	21521	5.518205128205127	0.1669383715108736	AT3G11240	False	1.0		False		rule		ATE2
p:end rule	phrase	end rule	1	325	12	21521	5.518205128205127	0.1669383715108736	AT3G11240	False	1.0		False		end rule		ATE2
w:scramblase	word	scramblase	1	325	12	21521	5.518205128205127	0.1669383715108736	AT3G15810	False	1.0		False		scramblase		AT3G15810
w:tethered	word	tethered	1	325	12	21521	5.518205128205127	0.1669383715108736	AT3G15810	False	1.0		False		tethered		AT3G15810
p:phospholipid scramblase	phrase	phospholipid scramblase	1	325	12	21521	5.518205128205127	0.1669383715108736	AT3G15810	False	1.0		False		phospholipid scramblase		AT3G15810
p:sulfate cotransporter	phrase	sulfate cotransporter	1	325	12	21521	5.518205128205127	0.1669383715108736	AT3G15990	False	1.0		False		sulfate cotransporter		SULTR3;4
p:sulfate starvation	phrase	sulfate starvation	1	325	12	21521	5.518205128205127	0.1669383715108736	AT3G44320	False	1.0		False		sulfate starvation		NIT3
p:wound induced	phrase	wound induced	1	325	12	21521	5.518205128205127	0.1669383715108736	AT3G44550	False	1.0		False		wound induced		FAR5
w:hydroxycinnamate	word	hydroxycinnamate	1	325	12	21521	5.518205128205127	0.1669383715108736	AT3G44550	False	1.0		False		hydroxycinnamate		FAR5
w:outgrowth	word	outgrowth	1	325	12	21521	5.518205128205127	0.1669383715108736	AT4G13750	False	1.0		False		outgrowth		NOV
w:pdr	word	pdr	1	325	12	21521	5.518205128205127	0.1669383715108736	AT4G15230	False	1.0		False		pdr		ABCG30
p:pleiotropic drug	phrase	pleiotropic drug	1	325	12	21521	5.518205128205127	0.1669383715108736	AT4G15230	False	1.0		False		pleiotropic drug		ABCG30
w:create	word	create	1	325	12	21521	5.518205128205127	0.1669383715108736	AT4G24570	False	1.0		False		create		DIC2
w:cationic	word	cationic	1	325	12	21521	5.518205128205127	0.1669383715108736	AT5G04770	False	1.0		False		cationic		CAT6
w:relocation	word	relocation	1	325	12	21521	5.518205128205127	0.1669383715108736	AT5G05190	False	1.0		False		relocation		EDR4
p:free base	phrase	free base	1	325	12	21521	5.518205128205127	0.1669383715108736	AT5G11160	False	1.0		False		free base		APT5
w:cross‑talk	word	cross-talk	1	325	12	21521	5.518205128205127	0.1669383715108736	AT5G20270	False	1.0		False		cross-talk		HHP1
p:ferric chelate	phrase	ferric chelate	1	325	12	21521	5.518205128205127	0.1669383715108736	AT5G47530	False	1.0		False		ferric chelate		AT5G47530
w:trans‑membrane	word	trans-membrane	1	325	12	21521	5.518205128205127	0.1669383715108736	AT5G47530	False	1.0		False		trans-membrane		AT5G47530
p:convert oxidosqualene	phrase	convert oxidosqualene	1	325	12	21521	5.518205128205127	0.1669383715108736	AT5G48010	False	1.0		False		convert oxidosqualene		THAS1
p:cyclase mutase	phrase	cyclase mutase	1	325	12	21521	5.518205128205127	0.1669383715108736	AT5G48010	False	1.0		False		cyclase mutase		THAS1
p:photooxidative stress	phrase	photooxidative stress	1	325	13	21521	5.093727810650887	0.17952589437381308	AT1G03850	False	1.0		False		photooxidative stress		GRXS13
w:brx	word	brx	1	325	13	21521	5.093727810650887	0.17952589437381308	AT1G04240	False	1.0		False		brx		SHY2
w:sesquiterpene	word	sesquiterpene	1	325	13	21521	5.093727810650887	0.17952589437381308	AT1G32640	False	1.0		False		sesquiterpene		MYC2
w:additively	word	additively	1	325	13	21521	5.093727810650887	0.17952589437381308	AT1G32640	False	1.0		False		additively		MYC2
p:monooxygenase fmo	phrase	monooxygenase fmo	1	325	13	21521	5.093727810650887	0.17952589437381308	AT1G62570	False	1.0		False		monooxygenase fmo		FMOGS-OX4
p:monooxygenase glucosinolate	phrase	monooxygenase glucosinolate	1	325	13	21521	5.093727810650887	0.17952589437381308	AT1G62570	False	1.0		False		monooxygenase glucosinolate		FMOGS-OX4
p:methylthioalkyl glucosinolate	phrase	methylthioalkyl glucosinolate	1	325	13	21521	5.093727810650887	0.17952589437381308	AT1G62570	False	1.0		False		methylthioalkyl glucosinolate		FMOGS-OX4
p:flavin monooxygenase	phrase	flavin monooxygenase	1	325	13	21521	5.093727810650887	0.17952589437381308	AT1G62570	False	1.0		False		flavin monooxygenase		FMOGS-OX4
w:methylthioalkyl	word	methylthioalkyl	1	325	13	21521	5.093727810650887	0.17952589437381308	AT1G62570	False	1.0		False		methylthioalkyl		FMOGS-OX4
w:read	word	read	1	325	13	21521	5.093727810650887	0.17952589437381308	AT1G72090	False	1.0		False		read		AT1G72090
w:sbp	word	sbp	1	325	13	21521	5.093727810650887	0.17952589437381308	AT1G76580	False	1.0		False		sbp		SPL16
w:integrating	word	integrating	1	325	13	21521	5.093727810650887	0.17952589437381308	AT2G01830	False	1.0		False		integrating		WOL
w:hydroxylated	word	hydroxylated	1	325	13	21521	5.093727810650887	0.17952589437381308	AT2G01830	False	1.0		False		hydroxylated		WOL
w:adck	word	adck	1	325	13	21521	5.093727810650887	0.17952589437381308	AT2G40090	False	1.0		False		adck		ATH9
k:Sulfate transport	keyword	Sulfate transport	1	325	13	21521	5.093727810650887	0.17952589437381308	AT3G15990	False	1.0		False		Sulfate transport		SULTR3;4
w:synthesizing	word	synthesizing	1	325	13	21521	5.093727810650887	0.17952589437381308	AT3G28180	False	1.0		False		synthesizing		CSLC04
w:cholesterol	word	cholesterol	1	325	13	21521	5.093727810650887	0.17952589437381308	AT3G50660	False	1.0		False		cholesterol		DWF4
w:liposome	word	liposome	1	325	13	21521	5.093727810650887	0.17952589437381308	AT4G24570	False	1.0		False		liposome		DIC2
p:tale bell	phrase	tale bell	1	325	13	21521	5.093727810650887	0.17952589437381308	AT4G34610	False	1.0		False		tale bell		BLH6
p:bell homeobox	phrase	bell homeobox	1	325	13	21521	5.093727810650887	0.17952589437381308	AT4G34610	False	1.0		False		bell homeobox		BLH6
p:enhanced disease	phrase	enhanced disease	1	325	13	21521	5.093727810650887	0.17952589437381308	AT5G05190	False	1.0		False		enhanced disease		EDR4
p:triterpenoid biosynthetic	phrase	triterpenoid biosynthetic	1	325	13	21521	5.093727810650887	0.17952589437381308	AT5G48010	False	1.0		False		triterpenoid biosynthetic		THAS1
p:terpene cyclase	phrase	terpene cyclase	1	325	13	21521	5.093727810650887	0.17952589437381308	AT5G48010	False	1.0		False		terpene cyclase		THAS1
w:provided	word	provided	1	325	13	21521	5.093727810650887	0.17952589437381308	AT5G52470	False	1.0		False		provided		FIB1
w:jasmonoyl	word	jasmonoyl	1	325	13	21521	5.093727810650887	0.17952589437381308	AT5G63450	False	1.0		False		jasmonoyl		CYP94B1
w:phylloquinone	word	phylloquinone	1	325	14	21521	4.7298901098901105	0.1919237967509989	AT1G18870	False	1.0		False		phylloquinone		ICS2
p:mobile element	phrase	mobile element	1	325	14	21521	4.7298901098901105	0.1919237967509989	AT1G29940	False	1.0		False		mobile element		NRPA2
p:sec fourteen	phrase	sec fourteen	1	325	14	21521	4.7298901098901105	0.1919237967509989	AT1G55690	False	1.0		False		sec fourteen		SFH13
w:sfh	word	sfh	1	325	14	21521	4.7298901098901105	0.1919237967509989	AT1G55690	False	1.0		False		sfh		SFH13
p:fourteen homolog	phrase	fourteen homolog	1	325	14	21521	4.7298901098901105	0.1919237967509989	AT1G55690	False	1.0		False		fourteen homolog		SFH13
p:phosphatidylinositol phosphatidylcholine	phrase	phosphatidylinositol phosphatidylcholine	1	325	14	21521	4.7298901098901105	0.1919237967509989	AT1G55690	False	1.0		False		phosphatidylinositol phosphatidylcholine		SFH13
p:methylsulfinylalkyl glucosinolate	phrase	methylsulfinylalkyl glucosinolate	1	325	14	21521	4.7298901098901105	0.1919237967509989	AT1G62570	False	1.0		False		methylsulfinylalkyl glucosinolate		FMOGS-OX4
w:methylsulfinylalkyl	word	methylsulfinylalkyl	1	325	14	21521	4.7298901098901105	0.1919237967509989	AT1G62570	False	1.0		False		methylsulfinylalkyl		FMOGS-OX4
w:gmp	word	gmp	1	325	14	21521	4.7298901098901105	0.1919237967509989	AT1G63660	False	1.0		False		gmp		AT1G63660
p:translational fidelity	phrase	translational fidelity	1	325	14	21521	4.7298901098901105	0.1919237967509989	AT1G72090	False	1.0		False		translational fidelity		AT1G72090
w:counteract	word	counteract	1	325	14	21521	4.7298901098901105	0.1919237967509989	AT1G79950	False	1.0		False		counteract		RTEL1
w:potent	word	potent	1	325	14	21521	4.7298901098901105	0.1919237967509989	AT2G01830	False	1.0		False		potent		WOL
p:sever actin	phrase	sever actin	1	325	14	21521	4.7298901098901105	0.1919237967509989	AT2G16700	False	1.0		False		sever actin		ADF5
k:Polyamine biosynthesis	keyword	Polyamine biosynthesis	1	325	14	21521	4.7298901098901105	0.1919237967509989	AT2G25150	False	1.0		False		Polyamine biosynthesis		SCT
w:separate	word	separate	1	325	14	21521	4.7298901098901105	0.1919237967509989	AT2G37990	False	1.0		False		separate		AT2G37990
w:hypoxic	word	hypoxic	1	325	14	21521	4.7298901098901105	0.1919237967509989	AT3G11240	False	1.0		False		hypoxic		ATE2
k:Pyrimidine biosynthesis	keyword	Pyrimidine biosynthesis	1	325	14	21521	4.7298901098901105	0.1919237967509989	AT3G12670	False	1.0		False		Pyrimidine biosynthesis		emb2742
w:sulp	word	sulp	1	325	14	21521	4.7298901098901105	0.1919237967509989	AT3G15990	False	1.0		False		sulp		SULTR3;4
p:sulp transporter	phrase	sulp transporter	1	325	14	21521	4.7298901098901105	0.1919237967509989	AT3G15990	False	1.0		False		sulp transporter		SULTR3;4
p:glucan backbone	phrase	glucan backbone	1	325	14	21521	4.7298901098901105	0.1919237967509989	AT3G28180	False	1.0		False		glucan backbone		CSLC04
w:nitrile	word	nitrile	1	325	14	21521	4.7298901098901105	0.1919237967509989	AT3G44320	False	1.0		False		nitrile		NIT3
p:protophloem differentiation	phrase	protophloem differentiation	1	325	14	21521	4.7298901098901105	0.1919237967509989	AT3G49670	False	1.0		False		protophloem differentiation		BAM2
w:ordered	word	ordered	1	325	14	21521	4.7298901098901105	0.1919237967509989	AT3G49670	False	1.0		False		ordered		BAM2
w:raffinose	word	raffinose	1	325	14	21521	4.7298901098901105	0.1919237967509989	AT4G34590	False	1.0		False		raffinose		GBF6
w:bell	word	bell	1	325	14	21521	4.7298901098901105	0.1919237967509989	AT4G34610	False	1.0		False		bell		BLH6
w:lacking	word	lacking	1	325	14	21521	4.7298901098901105	0.1919237967509989	AT5G04120	False	1.0		False		lacking		IPSP
w:toxicity	word	toxicity	1	325	14	21521	4.7298901098901105	0.1919237967509989	AT5G24290	False	1.0		False		toxicity		MEB2
w:chelate	word	chelate	1	325	14	21521	4.7298901098901105	0.1919237967509989	AT5G47530	False	1.0		False		chelate		AT5G47530
w:margin	word	margin	1	325	14	21521	4.7298901098901105	0.1919237967509989	AT5G62090	False	1.0		False		margin		SLK2
w:chloro	word	chloro	1	325	15	21521	4.4145641025641025	0.2041349264323084	AT1G17190	False	1.0		False		chloro		GSTU26
w:round	word	round	1	325	15	21521	4.4145641025641025	0.2041349264323084	AT1G29940	False	1.0		False		round		NRPA2
w:rapidly	word	rapidly	1	325	15	21521	4.4145641025641025	0.2041349264323084	AT1G52140	False	1.0		False		rapidly		AT1G52140
w:endoribonuclease	word	endoribonuclease	1	325	15	21521	4.4145641025641025	0.2041349264323084	AT1G52160	False	1.0		False		endoribonuclease		TRZ3
w:tncgtacaa	word	tncgtacaa	1	325	15	21521	4.4145641025641025	0.2041349264323084	AT1G76580	False	1.0		False		tncgtacaa		SPL16
w:adf	word	adf	1	325	15	21521	4.4145641025641025	0.2041349264323084	AT2G16700	False	1.0		False		adf		ADF5
w:phb	word	phb	1	325	15	21521	4.4145641025641025	0.2041349264323084	AT3G07050	False	1.0		False		phb		NSN1
w:drm	word	drm	1	325	15	21521	4.4145641025641025	0.2041349264323084	AT3G17310	False	1.0		False		drm		DRM3
p:acyl acp	phrase	acyl acp	1	325	15	21521	4.4145641025641025	0.2041349264323084	AT4G01950	False	1.0		False		acyl acp		GPAT3
p:beta lactamase	phrase	beta lactamase	1	325	15	21521	4.4145641025641025	0.2041349264323084	AT4G03610	False	1.0		False		beta lactamase		AT4G03610
w:lactamase	word	lactamase	1	325	15	21521	4.4145641025641025	0.2041349264323084	AT4G03610	False	1.0		False		lactamase		AT4G03610
w:arsenic	word	arsenic	1	325	15	21521	4.4145641025641025	0.2041349264323084	AT4G19030	False	1.0		False		arsenic		NLM1
p:editing site	phrase	editing site	1	325	15	21521	4.4145641025641025	0.2041349264323084	AT4G20020	False	1.0		False		editing site		MORF1
w:coding	word	coding	1	325	15	21521	4.4145641025641025	0.2041349264323084	AT4G27490	False	1.0		False		coding		RRP41L
w:spermine	word	spermine	1	325	15	21521	4.4145641025641025	0.2041349264323084	AT4G29720	False	1.0		False		spermine		PAO5
p:monoamine oxidase	phrase	monoamine oxidase	1	325	15	21521	4.4145641025641025	0.2041349264323084	AT4G29720	False	1.0		False		monoamine oxidase		PAO5
w:monoamine	word	monoamine	1	325	15	21521	4.4145641025641025	0.2041349264323084	AT4G29720	False	1.0		False		monoamine		PAO5
w:methylamine	word	methylamine	1	325	15	21521	4.4145641025641025	0.2041349264323084	AT4G29740	False	1.0		False		methylamine		CKX4
w:tetrakisphosphate	word	tetrakisphosphate	1	325	15	21521	4.4145641025641025	0.2041349264323084	AT4G33770	False	1.0		False		tetrakisphosphate		ITPK2
w:oxidosqualene	word	oxidosqualene	1	325	15	21521	4.4145641025641025	0.2041349264323084	AT5G48010	False	1.0		False		oxidosqualene		THAS1
w:photooxidative	word	photooxidative	1	325	16	21521	4.138653846153846	0.21616208856889824	AT1G03850	False	1.0		False		photooxidative		GRXS13
w:clamp	word	clamp	1	325	16	21521	4.138653846153846	0.21616208856889824	AT1G29940	False	1.0		False		clamp		NRPA2
p:tify jaz	phrase	tify jaz	1	325	16	21521	4.138653846153846	0.21616208856889824	AT1G32640	False	1.0		False		tify jaz		MYC2
w:sinapoyltransferase	word	sinapoyltransferase	1	325	16	21521	4.138653846153846	0.21616208856889824	AT1G73300	False	1.0		False		sinapoyltransferase		scpl2
w:squamosa	word	squamosa	1	325	16	21521	4.138653846153846	0.21616208856889824	AT1G76580	False	1.0		False		squamosa		SPL16
p:squamosa promoter	phrase	squamosa promoter	1	325	16	21521	4.138653846153846	0.21616208856889824	AT1G76580	False	1.0		False		squamosa promoter		SPL16
p:mismatch repair	phrase	mismatch repair	1	325	16	21521	4.138653846153846	0.21616208856889824	AT1G79950	False	1.0		False		mismatch repair		RTEL1
w:benzoate	word	benzoate	1	325	16	21521	4.138653846153846	0.21616208856889824	AT2G01830	False	1.0		False		benzoate		WOL
p:actin depolymerizing	phrase	actin depolymerizing	1	325	16	21521	4.138653846153846	0.21616208856889824	AT2G16700	False	1.0		False		actin depolymerizing		ADF5
w:coumaroyl	word	coumaroyl	1	325	16	21521	4.138653846153846	0.21616208856889824	AT2G25150	False	1.0		False		coumaroyl		SCT
w:dominance	word	dominance	1	325	16	21521	4.138653846153846	0.21616208856889824	AT3G07050	False	1.0		False		dominance		NSN1
p:interfering rnas	phrase	interfering rnas	1	325	16	21521	4.138653846153846	0.21616208856889824	AT3G17310	False	1.0		False		interfering rnas		DRM3
w:interphase	word	interphase	1	325	16	21521	4.138653846153846	0.21616208856889824	AT3G17310	False	1.0		False		interphase		DRM3
w:repressed	word	repressed	1	325	16	21521	4.138653846153846	0.21616208856889824	AT3G46640	False	1.0		False		repressed		PCL1
w:vein	word	vein	1	325	16	21521	4.138653846153846	0.21616208856889824	AT4G13750	False	1.0		False		vein		NOV
w:saga	word	saga	1	325	16	21521	4.138653846153846	0.21616208856889824	AT4G34590	False	1.0		False		saga		GBF6
p:initiate translation	phrase	initiate translation	1	325	16	21521	4.138653846153846	0.21616208856889824	AT5G06000	False	1.0		False		initiate translation		EIF3G2
p:specialized repertoire	phrase	specialized repertoire	1	325	16	21521	4.138653846153846	0.21616208856889824	AT5G06000	False	1.0		False		specialized repertoire		EIF3G2
w:longitudinal	word	longitudinal	1	325	16	21521	4.138653846153846	0.21616208856889824	AT5G16750	False	1.0		False		longitudinal		TOZ
w:considered	word	considered	1	325	16	21521	4.138653846153846	0.21616208856889824	AT5G24140	False	1.0		False		considered		SQP2
w:absentia	word	absentia	1	325	16	21521	4.138653846153846	0.21616208856889824	AT5G37890	False	1.0		False		absentia		AT5G37890
w:sina	word	sina	1	325	16	21521	4.138653846153846	0.21616208856889824	AT5G37890	False	1.0		False		sina		AT5G37890
w:antagonistic	word	antagonistic	1	325	17	21521	3.895203619909502	0.22800804630966107	AT1G55020	False	1.0		False		antagonistic		LOX1
w:rdna	word	rdna	1	325	17	21521	3.895203619909502	0.22800804630966107	AT1G79950	False	1.0		False		rdna		RTEL1
p:telomere maintenance	phrase	telomere maintenance	1	325	17	21521	3.895203619909502	0.22800804630966107	AT1G79950	False	1.0		False		telomere maintenance		RTEL1
w:establish	word	establish	1	325	17	21521	3.895203619909502	0.22800804630966107	AT2G01830	False	1.0		False		establish		WOL
w:error	word	error	1	325	17	21521	3.895203619909502	0.22800804630966107	AT2G31410	False	1.0		False		error		AT2G31410
w:spatial	word	spatial	1	325	17	21521	3.895203619909502	0.22800804630966107	AT3G63130	False	1.0		False		spatial		RANGAP1
w:slow	word	slow	1	325	17	21521	3.895203619909502	0.22800804630966107	AT4G27970	False	1.0		False		slow		SLAH2
w:cat	word	cat	1	325	17	21521	3.895203619909502	0.22800804630966107	AT5G04770	False	1.0		False		cat		CAT6
p:methionyl trnai	phrase	methionyl trnai	1	325	17	21521	3.895203619909502	0.22800804630966107	AT5G06000	False	1.0		False		methionyl trnai		EIF3G2
w:repertoire	word	repertoire	1	325	17	21521	3.895203619909502	0.22800804630966107	AT5G06000	False	1.0		False		repertoire		EIF3G2
w:trnai	word	trnai	1	325	17	21521	3.895203619909502	0.22800804630966107	AT5G06000	False	1.0		False		trnai		EIF3G2
p:intramolecular transferase	phrase	intramolecular transferase	1	325	17	21521	3.895203619909502	0.22800804630966107	AT5G48010	False	1.0		False		intramolecular transferase		THAS1
w:requiring	word	requiring	1	325	18	21521	3.678803418803419	0.23967552142821388	AT1G03360	False	1.0		False		requiring		RRP4
p:trna wobble	phrase	trna wobble	1	325	18	21521	3.678803418803419	0.23967552142821388	AT1G10490	False	1.0		False		trna wobble		AT1G10490
w:xanthophyll	word	xanthophyll	1	325	18	21521	3.678803418803419	0.23967552142821388	AT1G28100	False	1.0		False		xanthophyll		NDX1
w:close	word	close	1	325	18	21521	3.678803418803419	0.23967552142821388	AT1G29940	False	1.0		False		close		NRPA2
p:golgi stack	phrase	golgi stack	1	325	18	21521	3.678803418803419	0.23967552142821388	AT1G49320	False	1.0		False		golgi stack		USPL1
w:removing	word	removing	1	325	18	21521	3.678803418803419	0.23967552142821388	AT1G52160	False	1.0		False		removing		TRZ3
p:hydrolytic mechanism	phrase	hydrolytic mechanism	1	325	18	21521	3.678803418803419	0.23967552142821388	AT1G52160	False	1.0		False		hydrolytic mechanism		TRZ3
w:linoleate	word	linoleate	1	325	18	21521	3.678803418803419	0.23967552142821388	AT1G55020	False	1.0		False		linoleate		LOX1
k:Oxylipin biosynthesis	keyword	Oxylipin biosynthesis	1	325	18	21521	3.678803418803419	0.23967552142821388	AT1G55020	False	1.0		False		Oxylipin biosynthesis		LOX1
w:homolog	word	homolog	1	325	18	21521	3.678803418803419	0.23967552142821388	AT1G55690	False	1.0		False		homolog		SFH13
p:glutamine amidotransferase	phrase	glutamine amidotransferase	1	325	18	21521	3.678803418803419	0.23967552142821388	AT1G63660	False	1.0		False		glutamine amidotransferase		AT1G63660
w:tripeptide	word	tripeptide	1	325	18	21521	3.678803418803419	0.23967552142821388	AT1G72140	False	1.0		False		tripeptide		NPF5.12
k:Phosphate transport	keyword	Phosphate transport	1	325	18	21521	3.678803418803419	0.23967552142821388	AT2G03240	False	1.0		False		Phosphate transport		PHO1-H5
w:depolymerizing	word	depolymerizing	1	325	18	21521	3.678803418803419	0.23967552142821388	AT2G16700	False	1.0		False		depolymerizing		ADF5
p:actin monomer	phrase	actin monomer	1	325	18	21521	3.678803418803419	0.23967552142821388	AT2G16700	False	1.0		False		actin monomer		ADF5
p:filament depolymerization	phrase	filament depolymerization	1	325	18	21521	3.678803418803419	0.23967552142821388	AT2G16700	False	1.0		False		filament depolymerization		ADF5
p:cotton fiber	phrase	cotton fiber	1	325	18	21521	3.678803418803419	0.23967552142821388	AT2G34610	False	1.0		False		cotton fiber		AT2G34610
w:aerobic	word	aerobic	1	325	18	21521	3.678803418803419	0.23967552142821388	AT3G11240	False	1.0		False		aerobic		ATE2
p:meristem determinacy	phrase	meristem determinacy	1	325	18	21521	3.678803418803419	0.23967552142821388	AT3G55510	False	1.0		False		meristem determinacy		RBL
w:pleiotropic	word	pleiotropic	1	325	18	21521	3.678803418803419	0.23967552142821388	AT4G15230	False	1.0		False		pleiotropic		ABCG30
w:back	word	back	1	325	18	21521	3.678803418803419	0.23967552142821388	AT4G29720	False	1.0		False		back		PAO5
w:barrier	word	barrier	1	325	18	21521	3.678803418803419	0.23967552142821388	AT4G33770	False	1.0		False		barrier		ITPK2
w:needed	word	needed	1	325	18	21521	3.678803418803419	0.23967552142821388	AT5G04330	False	1.0		False		needed		CYP84A4
p:xylem vessel	phrase	xylem vessel	1	325	18	21521	3.678803418803419	0.23967552142821388	AT5G13180	False	1.0		False		xylem vessel		NAC083
w:tify	word	tify	1	325	19	21521	3.485182186234818	0.2511671949405533	AT1G32640	False	1.0		False		tify		MYC2
w:jaz	word	jaz	1	325	19	21521	3.485182186234818	0.2511671949405533	AT1G32640	False	1.0		False		jaz		MYC2
w:stack	word	stack	1	325	19	21521	3.485182186234818	0.2511671949405533	AT1G49320	False	1.0		False		stack		USPL1
w:aggregation	word	aggregation	1	325	19	21521	3.485182186234818	0.2511671949405533	AT1G61570	False	1.0		False		aggregation		TIM13
w:genomic	word	genomic	1	325	19	21521	3.485182186234818	0.2511671949405533	AT1G79950	False	1.0		False		genomic		RTEL1
w:urea	word	urea	1	325	19	21521	3.485182186234818	0.2511671949405533	AT2G01830	False	1.0		False		urea		WOL
w:work	word	work	1	325	19	21521	3.485182186234818	0.2511671949405533	AT3G28180	False	1.0		False		work		CSLC04
w:clavata	word	clavata	1	325	19	21521	3.485182186234818	0.2511671949405533	AT3G49670	False	1.0		False		clavata		BAM2
w:dwarf	word	dwarf	1	325	19	21521	3.485182186234818	0.2511671949405533	AT3G50660	False	1.0		False		dwarf		DWF4
w:collaboratively	word	collaboratively	1	325	19	21521	3.485182186234818	0.2511671949405533	AT3G55510	False	1.0		False		collaboratively		RBL
p:fate determination	phrase	fate determination	1	325	19	21521	3.485182186234818	0.2511671949405533	AT4G13750	False	1.0		False		fate determination		NOV
w:successive	word	successive	1	325	19	21521	3.485182186234818	0.2511671949405533	AT4G31790	False	1.0		False		successive		AT4G31790
w:methylase	word	methylase	1	325	19	21521	3.485182186234818	0.2511671949405533	AT4G31790	False	1.0		False		methylase		AT4G31790
w:ins	word	ins	1	325	19	21521	3.485182186234818	0.2511671949405533	AT4G33770	False	1.0		False		ins		ITPK2
w:ternary	word	ternary	1	325	19	21521	3.485182186234818	0.2511671949405533	AT4G37080	False	1.0		False		ternary		AP22.58
p:powdery mildew	phrase	powdery mildew	1	325	19	21521	3.485182186234818	0.2511671949405533	AT5G05190	False	1.0		False		powdery mildew		EDR4
w:powdery	word	powdery	1	325	19	21521	3.485182186234818	0.2511671949405533	AT5G05190	False	1.0		False		powdery		EDR4
w:define	word	define	1	325	19	21521	3.485182186234818	0.2511671949405533	AT5G16750	False	1.0		False		define		TOZ
p:start site	phrase	start site	1	325	19	21521	3.485182186234818	0.2511671949405533	AT5G39760	False	1.0		False		start site		HB23
w:modifying	word	modifying	1	325	19	21521	3.485182186234818	0.2511671949405533	AT5G57280	False	1.0		False		modifying		RID2
w:photoreceptor	word	photoreceptor	1	325	20	21521	3.3109230769230766	0.2624857077135194	AT1G10470	False	1.0		False		photoreceptor		ARR4
w:wobble	word	wobble	1	325	20	21521	3.3109230769230766	0.2624857077135194	AT1G10490	False	1.0		False		wobble		AT1G10490
w:fourteen	word	fourteen	1	325	20	21521	3.3109230769230766	0.2624857077135194	AT1G55690	False	1.0		False		fourteen		SFH13
w:retention	word	retention	1	325	20	21521	3.3109230769230766	0.2624857077135194	AT2G01830	False	1.0		False		retention		WOL
w:synthetic	word	synthetic	1	325	20	21521	3.3109230769230766	0.2624857077135194	AT2G01830	False	1.0		False		synthetic		WOL
p:bundle assembly	phrase	bundle assembly	1	325	20	21521	3.3109230769230766	0.2624857077135194	AT2G16700	False	1.0		False		bundle assembly		ADF5
w:cotton	word	cotton	1	325	20	21521	3.3109230769230766	0.2624857077135194	AT2G34610	False	1.0		False		cotton		AT2G34610
p:base excision	phrase	base excision	1	325	20	21521	3.3109230769230766	0.2624857077135194	AT3G18630	False	1.0		False		base excision		UNG
w:indeterminate	word	indeterminate	1	325	20	21521	3.3109230769230766	0.2624857077135194	AT3G50700	False	1.0		False		indeterminate		IDD2
w:dgdg	word	dgdg	1	325	20	21521	3.3109230769230766	0.2624857077135194	AT4G37070	False	1.0		False		dgdg		PLP1
w:establishing	word	establishing	1	325	20	21521	3.3109230769230766	0.2624857077135194	AT5G39760	False	1.0		False		establishing		HB23
w:oxidizing	word	oxidizing	1	325	20	21521	3.3109230769230766	0.2624857077135194	AT5G42590	False	1.0		False		oxidizing		CYP71A16
w:dimethyl	word	dimethyl	1	325	21	21521	3.153260073260073	0.2736336610642057	AT1G04870	False	1.0		False		dimethyl		PRMT10
w:exposure	word	exposure	1	325	21	21521	3.153260073260073	0.2736336610642057	AT1G55020	False	1.0		False		exposure		LOX1
p:oxylipin biosynthetic	phrase	oxylipin biosynthetic	1	325	21	21521	3.153260073260073	0.2736336610642057	AT1G55020	False	1.0		False		oxylipin biosynthetic		LOX1
p:pathogen infection	phrase	pathogen infection	1	325	21	21521	3.153260073260073	0.2736336610642057	AT1G55020	False	1.0		False		pathogen infection		LOX1
p:trehalose phosphatase	phrase	trehalose phosphatase	1	325	21	21521	3.153260073260073	0.2736336610642057	AT1G78580	False	1.0		False		trehalose phosphatase		TPS1
p:trehalose phosphate	phrase	trehalose phosphate	1	325	21	21521	3.153260073260073	0.2736336610642057	AT1G78580	False	1.0		False		trehalose phosphate		TPS1
w:cross‑link	word	cross-link	1	325	21	21521	3.153260073260073	0.2736336610642057	AT1G79950	False	1.0		False		cross-link		RTEL1
w:mismatch	word	mismatch	1	325	21	21521	3.153260073260073	0.2736336610642057	AT1G79950	False	1.0		False		mismatch		RTEL1
p:lysine acetyltransferase	phrase	lysine acetyltransferase	1	325	21	21521	3.153260073260073	0.2736336610642057	AT2G39020	False	1.0		False		lysine acetyltransferase		GNAT8
w:block	word	block	1	325	21	21521	3.153260073260073	0.2736336610642057	AT2G40360	False	1.0		False		block		BOP1
w:gamete	word	gamete	1	325	21	21521	3.153260073260073	0.2736336610642057	AT2G40360	False	1.0		False		gamete		BOP1
w:pectic	word	pectic	1	325	21	21521	3.153260073260073	0.2736336610642057	AT2G45310	False	1.0		False		pectic		GAE4
w:tubby	word	tubby	1	325	21	21521	3.153260073260073	0.2736336610642057	AT3G15810	False	1.0		False		tubby		AT3G15810
w:xylosyltransferase	word	xylosyltransferase	1	325	21	21521	3.153260073260073	0.2736336610642057	AT3G28180	False	1.0		False		xylosyltransferase		CSLC04
w:glycerolipid	word	glycerolipid	1	325	21	21521	3.153260073260073	0.2736336610642057	AT4G01950	False	1.0		False		glycerolipid		GPAT3
w:athsf	word	athsf	1	325	21	21521	3.153260073260073	0.2736336610642057	AT4G18880	False	1.0		False		athsf		HSFA4A
w:hse	word	hse	1	325	21	21521	3.153260073260073	0.2736336610642057	AT4G18880	False	1.0		False		hse		HSFA4A
w:agaannttct	word	agaannttct	1	325	21	21521	3.153260073260073	0.2736336610642057	AT4G18880	False	1.0		False		agaannttct		HSFA4A
p:uridine editing	phrase	uridine editing	1	325	21	21521	3.153260073260073	0.2736336610642057	AT4G20020	False	1.0		False		uridine editing		MORF1
w:porphyrin	word	porphyrin	1	325	21	21521	3.153260073260073	0.2736336610642057	AT4G31790	False	1.0		False		porphyrin		AT4G31790
w:testa	word	testa	1	325	21	21521	3.153260073260073	0.2736336610642057	AT5G11420	False	1.0		False		testa		AT5G11420
w:zone	word	zone	1	325	22	21521	3.00993006993007	0.28461361735044455	AT1G04240	False	1.0		False		zone		SHY2
w:flagellin	word	flagellin	1	325	22	21521	3.00993006993007	0.28461361735044455	AT1G55020	False	1.0		False		flagellin		LOX1
p:trehalose biosynthetic	phrase	trehalose biosynthetic	1	325	22	21521	3.00993006993007	0.28461361735044455	AT1G78580	False	1.0		False		trehalose biosynthetic		TPS1
w:decreasing	word	decreasing	1	325	22	21521	3.00993006993007	0.28461361735044455	AT2G01830	False	1.0		False		decreasing		WOL
p:phosphoprotein phosphatase	phrase	phosphoprotein phosphatase	1	325	22	21521	3.00993006993007	0.28461361735044455	AT2G01830	False	1.0		False		phosphoprotein phosphatase		WOL
p:udp glucuronic	phrase	udp glucuronic	1	325	22	21521	3.00993006993007	0.28461361735044455	AT2G45310	False	1.0		False		udp glucuronic		GAE4
p:inflorescence meristem	phrase	inflorescence meristem	1	325	22	21521	3.00993006993007	0.28461361735044455	AT3G07050	False	1.0		False		inflorescence meristem		NSN1
w:permeability	word	permeability	1	325	22	21521	3.00993006993007	0.28461361735044455	AT4G19030	False	1.0		False		permeability		NLM1
w:participating	word	participating	1	325	22	21521	3.00993006993007	0.28461361735044455	AT4G29720	False	1.0		False		participating		PAO5
w:hexakisphosphate	word	hexakisphosphate	1	325	22	21521	3.00993006993007	0.28461361735044455	AT4G33770	False	1.0		False		hexakisphosphate		ITPK2
w:mgdg	word	mgdg	1	325	22	21521	3.00993006993007	0.28461361735044455	AT4G37070	False	1.0		False		mgdg		PLP1
w:digalactosyldiacylglycerol	word	digalactosyldiacylglycerol	1	325	22	21521	3.00993006993007	0.28461361735044455	AT4G37070	False	1.0		False		digalactosyldiacylglycerol		PLP1
w:autonomous	word	autonomous	1	325	22	21521	3.00993006993007	0.28461361735044455	AT5G09970	False	1.0		False		autonomous		CYP78A7
w:strigolactone	word	strigolactone	1	325	23	21521	2.879063545150502	0.2954281005525054	AT1G04240	False	1.0		False		strigolactone		SHY2
p:free fatty	phrase	free fatty	1	325	23	21521	2.879063545150502	0.2954281005525054	AT1G55020	False	1.0		False		free fatty		LOX1
w:archaeal	word	archaeal	1	325	23	21521	2.879063545150502	0.2954281005525054	AT1G60850	False	1.0		False		archaeal		ATRPAC42
w:xanthine	word	xanthine	1	325	23	21521	2.879063545150502	0.2954281005525054	AT1G63660	False	1.0		False		xanthine		AT1G63660
k:Cellulose degradation	keyword	Cellulose degradation	1	325	23	21521	2.879063545150502	0.2954281005525054	AT1G64390	False	1.0		False		Cellulose degradation		GH9C2
p:filament bundle	phrase	filament bundle	1	325	23	21521	2.879063545150502	0.2954281005525054	AT2G16700	False	1.0		False		filament bundle		ADF5
w:sever	word	sever	1	325	23	21521	2.879063545150502	0.2954281005525054	AT2G16700	False	1.0		False		sever		ADF5
w:mesophyll	word	mesophyll	1	325	23	21521	2.879063545150502	0.2954281005525054	AT2G24120	False	1.0		False		mesophyll		SCA3
w:glycosylase	word	glycosylase	1	325	23	21521	2.879063545150502	0.2954281005525054	AT3G18630	False	1.0		False		glycosylase		UNG
w:lhy	word	lhy	1	325	23	21521	2.879063545150502	0.2954281005525054	AT3G46640	False	1.0		False		lhy		PCL1
w:communication	word	communication	1	325	23	21521	2.879063545150502	0.2954281005525054	AT3G49670	False	1.0		False		communication		BAM2
w:deah	word	deah	1	325	23	21521	2.879063545150502	0.2954281005525054	AT3G62310	False	1.0		False		deah		AT3G62310
w:soil	word	soil	1	325	23	21521	2.879063545150502	0.2954281005525054	AT4G15230	False	1.0		False		soil		ABCG30
w:oxaloacetate	word	oxaloacetate	1	325	23	21521	2.879063545150502	0.2954281005525054	AT4G24570	False	1.0		False		oxaloacetate		DIC2
w:monogalactosyldiacylglycerol	word	monogalactosyldiacylglycerol	1	325	23	21521	2.879063545150502	0.2954281005525054	AT4G37070	False	1.0		False		monogalactosyldiacylglycerol		PLP1
w:vessel	word	vessel	1	325	23	21521	2.879063545150502	0.2954281005525054	AT5G13180	False	1.0		False		vessel		NAC083
w:gravity	word	gravity	1	325	23	21521	2.879063545150502	0.2954281005525054	AT5G48010	False	1.0		False		gravity		THAS1
w:bioactive	word	bioactive	1	325	23	21521	2.879063545150502	0.2954281005525054	AT5G63450	False	1.0		False		bioactive		CYP94B1
w:methyladenosine	word	methyladenosine	1	325	24	21521	2.7591025641025637	0.3060795968461341	AT1G09810	False	1.0		False		methyladenosine		ECT11
w:determinacy	word	determinacy	1	325	24	21521	2.7591025641025637	0.3060795968461341	AT3G55510	False	1.0		False		determinacy		RBL
p:inactive gdp	phrase	inactive gdp	1	325	24	21521	2.7591025641025637	0.3060795968461341	AT3G63130	False	1.0		False		inactive gdp		RANGAP1
p:cdp diacylglycerol	phrase	cdp diacylglycerol	1	325	24	21521	2.7591025641025637	0.3060795968461341	AT4G01950	False	1.0		False		cdp diacylglycerol		GPAT3
w:hsf	word	hsf	1	325	24	21521	2.7591025641025637	0.3060795968461341	AT4G18880	False	1.0		False		hsf		HSFA4A
p:tri snrnp	phrase	tri snrnp	1	325	24	21521	2.7591025641025637	0.3060795968461341	AT4G22380	False	1.0		False		tri snrnp		AT4G22380
p:monoatomic anion	phrase	monoatomic anion	1	325	24	21521	2.7591025641025637	0.3060795968461341	AT4G27970	False	1.0		False		monoatomic anion		SLAH2
p:anion channel	phrase	anion channel	1	325	24	21521	2.7591025641025637	0.3060795968461341	AT4G27970	False	1.0		False		anion channel		SLAH2
w:belong	word	belong	1	325	24	21521	2.7591025641025637	0.3060795968461341	AT4G28720	False	1.0		False		belong		YUC8
w:converted	word	converted	1	325	24	21521	2.7591025641025637	0.3060795968461341	AT4G37410	False	1.0		False		converted		CYP81F4
w:selection	word	selection	1	325	24	21521	2.7591025641025637	0.3060795968461341	AT5G39760	False	1.0		False		selection		HB23
w:hydroxyl	word	hydroxyl	1	325	24	21521	2.7591025641025637	0.3060795968461341	AT5G52470	False	1.0		False		hydroxyl		FIB1
w:perinuclear	word	perinuclear	1	325	24	21521	2.7591025641025637	0.3060795968461341	AT5G57280	False	1.0		False		perinuclear		RID2
w:conductance	word	conductance	1	325	25	21521	2.6487384615384615	0.3165705551670632	AT1G31940	False	1.0		False		conductance		AT1G31940
w:hydrolytic	word	hydrolytic	1	325	25	21521	2.6487384615384615	0.3165705551670632	AT1G52160	False	1.0		False		hydrolytic		TRZ3
w:sec	word	sec	1	325	25	21521	2.6487384615384615	0.3165705551670632	AT1G55690	False	1.0		False		sec		SFH13
w:tim	word	tim	1	325	25	21521	2.6487384615384615	0.3165705551670632	AT1G61570	False	1.0		False		tim		TIM13
w:nat	word	nat	1	325	25	21521	2.6487384615384615	0.3165705551670632	AT2G39020	False	1.0		False		nat		GNAT8
p:carbon nitrogen	phrase	carbon nitrogen	1	325	25	21521	2.6487384615384615	0.3165705551670632	AT3G44320	False	1.0		False		carbon nitrogen		NIT3
w:suppress	word	suppress	1	325	25	21521	2.6487384615384615	0.3165705551670632	AT4G15230	False	1.0		False		suppress		ABCG30
w:decrease	word	decrease	1	325	25	21521	2.6487384615384615	0.3165705551670632	AT4G24570	False	1.0		False		decrease		DIC2
p:phosphoglycerate mutase	phrase	phosphoglycerate mutase	1	325	25	21521	2.6487384615384615	0.3165705551670632	AT5G04120	False	1.0		False		phosphoglycerate mutase		IPSP
w:dsbs	word	dsbs	1	325	25	21521	2.6487384615384615	0.3165705551670632	AT5G15920	False	1.0		False		dsbs		SMC5
p:rate limiting	phrase	rate limiting	1	325	25	21521	2.6487384615384615	0.3165705551670632	AT5G24140	False	1.0		False		rate limiting		SQP2
k:tRNA-binding	keyword	tRNA-binding	1	325	25	21521	2.6487384615384615	0.3165705551670632	AT5G24840	False	1.0		False		tRNA-binding		AT5G24840
w:altered	word	altered	1	325	25	21521	2.6487384615384615	0.3165705551670632	AT5G60890	False	1.0		False		altered		MYB34
p:non‑coding rnas	phrase	non-coding rnas	1	325	26	21521	2.5468639053254436	0.32690338776711436	AT1G09810	False	1.0		False		non-coding rnas		ECT11
w:ammonium	word	ammonium	1	325	26	21521	2.5468639053254436	0.32690338776711436	AT1G18870	False	1.0		False		ammonium		ICS2
p:phloem pattern	phrase	phloem pattern	1	325	26	21521	2.5468639053254436	0.32690338776711436	AT1G20330	False	1.0		False		phloem pattern		SMT2
w:sufficient	word	sufficient	1	325	26	21521	2.5468639053254436	0.32690338776711436	AT1G28100	False	1.0		False		sufficient		NDX1
w:cooperation	word	cooperation	1	325	26	21521	2.5468639053254436	0.32690338776711436	AT1G32640	False	1.0		False		cooperation		MYC2
w:mterf	word	mterf	1	325	26	21521	2.5468639053254436	0.32690338776711436	AT1G62150	False	1.0		False		mterf		MTERF20
w:charged	word	charged	1	325	26	21521	2.5468639053254436	0.32690338776711436	AT2G45310	False	1.0		False		charged		GAE4
p:sulfate assimilation	phrase	sulfate assimilation	1	325	26	21521	2.5468639053254436	0.32690338776711436	AT3G15990	False	1.0		False		sulfate assimilation		SULTR3;4
p:organ abscission	phrase	organ abscission	1	325	26	21521	2.5468639053254436	0.32690338776711436	AT3G25655	False	1.0		False		organ abscission		IDL1
k:Pyrrolidone carboxylic acid	keyword	Pyrrolidone carboxylic acid	1	325	26	21521	2.5468639053254436	0.32690338776711436	AT3G61640	False	1.0		False		Pyrrolidone carboxylic acid		AGP20
w:sub‑subfamily	word	sub-subfamily	1	325	26	21521	2.5468639053254436	0.32690338776711436	AT3G62310	False	1.0		False		sub-subfamily		AT3G62310
p:bound state	phrase	bound state	1	325	26	21521	2.5468639053254436	0.32690338776711436	AT3G63130	False	1.0		False		bound state		RANGAP1
p:inositol polyphosphate	phrase	inositol polyphosphate	1	325	26	21521	2.5468639053254436	0.32690338776711436	AT4G33770	False	1.0		False		inositol polyphosphate		ITPK2
w:arabinose	word	arabinose	1	325	26	21521	2.5468639053254436	0.32690338776711436	AT5G52560	False	1.0		False		arabinose		USP
w:local	word	local	1	325	27	21521	2.4525356125356126	0.33708047076202885	AT1G18870	False	1.0		False		local		ICS2
w:physiology	word	physiology	1	325	27	21521	2.4525356125356126	0.33708047076202885	AT1G55020	False	1.0		False		physiology		LOX1
p:thymine rich	phrase	thymine rich	1	325	27	21521	2.4525356125356126	0.33708047076202885	AT2G33620	False	1.0		False		thymine rich		AHL10
p:attachment region	phrase	attachment region	1	325	27	21521	2.4525356125356126	0.33708047076202885	AT2G33620	False	1.0		False		attachment region		AHL10
w:mars	word	mars	1	325	27	21521	2.4525356125356126	0.33708047076202885	AT2G33620	False	1.0		False		mars		AHL10
p:adenine thymine	phrase	adenine thymine	1	325	27	21521	2.4525356125356126	0.33708047076202885	AT2G33620	False	1.0		False		adenine thymine		AHL10
w:groove	word	groove	1	325	27	21521	2.4525356125356126	0.33708047076202885	AT2G33620	False	1.0		False		groove		AHL10
p:multicellular organismal	phrase	multicellular organismal	1	325	27	21521	2.4525356125356126	0.33708047076202885	AT3G07050	False	1.0		False		multicellular organismal		NSN1
w:organismal	word	organismal	1	325	27	21521	2.4525356125356126	0.33708047076202885	AT3G07050	False	1.0		False		organismal		NSN1
p:phosphoric diester	phrase	phosphoric diester	1	325	27	21521	2.4525356125356126	0.33708047076202885	AT4G03610	False	1.0		False		phosphoric diester		AT4G03610
p:diester hydrolase	phrase	diester hydrolase	1	325	27	21521	2.4525356125356126	0.33708047076202885	AT4G03610	False	1.0		False		diester hydrolase		AT4G03610
w:diester	word	diester	1	325	27	21521	2.4525356125356126	0.33708047076202885	AT4G03610	False	1.0		False		diester		AT4G03610
p:reproductive structure	phrase	reproductive structure	1	325	27	21521	2.4525356125356126	0.33708047076202885	AT5G09970	False	1.0		False		reproductive structure		CYP78A7
w:relative	word	relative	1	325	27	21521	2.4525356125356126	0.33708047076202885	AT5G09970	False	1.0		False		relative		CYP78A7
w:stereospecific	word	stereospecific	1	325	27	21521	2.4525356125356126	0.33708047076202885	AT5G24140	False	1.0		False		stereospecific		SQP2
w:ferric	word	ferric	1	325	27	21521	2.4525356125356126	0.33708047076202885	AT5G47530	False	1.0		False		ferric		AT5G47530
w:nacl	word	nacl	1	325	27	21521	2.4525356125356126	0.33708047076202885	AT5G49480	False	1.0		False		nacl		CP1
w:gln	word	gln	1	325	27	21521	2.4525356125356126	0.33708047076202885	AT5G52470	False	1.0		False		gln		FIB1
p:short‑lived transcriptional	phrase	short-lived transcriptional	1	325	28	21521	2.3649450549450552	0.347104144671136	AT1G04240	False	1.0		False		short-lived transcriptional		SHY2
w:mobile	word	mobile	1	325	28	21521	2.3649450549450552	0.347104144671136	AT1G29940	False	1.0		False		mobile		NRPA2
k:Transcription termination	keyword	Transcription termination	1	325	28	21521	2.3649450549450552	0.347104144671136	AT1G62150	False	1.0		False		Transcription termination		MTERF20
p:lower extent	phrase	lower extent	1	325	28	21521	2.3649450549450552	0.347104144671136	AT2G01830	False	1.0		False		lower extent		WOL
w:thymine	word	thymine	1	325	28	21521	2.3649450549450552	0.347104144671136	AT2G33620	False	1.0		False		thymine		AHL10
p:nuclear localized	phrase	nuclear localized	1	325	28	21521	2.3649450549450552	0.347104144671136	AT2G33620	False	1.0		False		nuclear localized		AHL10
p:matrix attachment	phrase	matrix attachment	1	325	28	21521	2.3649450549450552	0.347104144671136	AT2G33620	False	1.0		False		matrix attachment		AHL10
p:purine nucleobase	phrase	purine nucleobase	1	325	28	21521	2.3649450549450552	0.347104144671136	AT3G10960	False	1.0		False		purine nucleobase		AZG1
w:analog	word	analog	1	325	28	21521	2.3649450549450552	0.347104144671136	AT3G10960	False	1.0		False		analog		AZG1
w:following	word	following	1	325	28	21521	2.3649450549450552	0.347104144671136	AT3G11240	False	1.0		False		following		ATE2
w:fucose	word	fucose	1	325	28	21521	2.3649450549450552	0.347104144671136	AT3G28180	False	1.0		False		fucose		CSLC04
w:noncellulosic	word	noncellulosic	1	325	28	21521	2.3649450549450552	0.347104144671136	AT3G28180	False	1.0		False		noncellulosic		CSLC04
p:noncellulosic polysaccharide	phrase	noncellulosic polysaccharide	1	325	28	21521	2.3649450549450552	0.347104144671136	AT3G28180	False	1.0		False		noncellulosic polysaccharide		CSLC04
w:degrade	word	degrade	1	325	28	21521	2.3649450549450552	0.347104144671136	AT3G46210	False	1.0		False		degrade		RRP46
w:della	word	della	1	325	28	21521	2.3649450549450552	0.347104144671136	AT3G50700	False	1.0		False		della		IDD2
p:diverse developmental	phrase	diverse developmental	1	325	28	21521	2.3649450549450552	0.347104144671136	AT3G61640	False	1.0		False		diverse developmental		AGP20
w:cortex	word	cortex	1	325	28	21521	2.3649450549450552	0.347104144671136	AT4G13750	False	1.0		False		cortex		NOV
w:protecting	word	protecting	1	325	28	21521	2.3649450549450552	0.347104144671136	AT4G24570	False	1.0		False		protecting		DIC2
w:biological	word	biological	1	325	28	21521	2.3649450549450552	0.347104144671136	AT4G24570	False	1.0		False		biological		DIC2
w:methionyl	word	methionyl	1	325	28	21521	2.3649450549450552	0.347104144671136	AT5G06000	False	1.0		False		methionyl		EIF3G2
w:isoleucine	word	isoleucine	1	325	28	21521	2.3649450549450552	0.347104144671136	AT5G63450	False	1.0		False		isoleucine		CYP94B1
k:Sterol biosynthesis	keyword	Sterol biosynthesis	1	325	29	21521	2.283395225464191	0.3569767149489882	AT1G20330	False	1.0		False		Sterol biosynthesis		SMT2
w:balance	word	balance	1	325	29	21521	2.283395225464191	0.3569767149489882	AT1G55020	False	1.0		False		balance		LOX1
p:oxoglutarate transaminase	phrase	oxoglutarate transaminase	1	325	29	21521	2.283395225464191	0.3569767149489882	AT1G70560	False	1.0		False		oxoglutarate transaminase		TAA1
w:trans‑acting	word	trans-acting	1	325	29	21521	2.283395225464191	0.3569767149489882	AT1G76580	False	1.0		False		trans-acting		SPL16
w:crossover	word	crossover	1	325	29	21521	2.283395225464191	0.3569767149489882	AT1G79950	False	1.0		False		crossover		RTEL1
w:spermidine	word	spermidine	1	325	29	21521	2.283395225464191	0.3569767149489882	AT2G25150	False	1.0		False		spermidine		SCT
p:white brown	phrase	white brown	1	325	29	21521	2.283395225464191	0.3569767149489882	AT2G28070	False	1.0		False		white brown		ABCG3
w:pairing	word	pairing	1	325	29	21521	2.283395225464191	0.3569767149489882	AT5G52470	False	1.0		False		pairing		FIB1
w:oxylipin	word	oxylipin	1	325	30	21521	2.2072820512820512	0.3667004525090841	AT1G55020	False	1.0		False		oxylipin		LOX1
w:amidotransferase	word	amidotransferase	1	325	30	21521	2.2072820512820512	0.3667004525090841	AT1G63660	False	1.0		False		amidotransferase		AT1G63660
w:hexosyltransferase	word	hexosyltransferase	1	325	30	21521	2.2072820512820512	0.3667004525090841	AT1G78580	False	1.0		False		hexosyltransferase		TPS1
w:basipetal	word	basipetal	1	325	30	21521	2.2072820512820512	0.3667004525090841	AT2G01830	False	1.0		False		basipetal		WOL
w:availability	word	availability	1	325	30	21521	2.2072820512820512	0.3667004525090841	AT2G17500	False	1.0		False		availability		PILS5
p:eye pigment	phrase	eye pigment	1	325	30	21521	2.2072820512820512	0.3667004525090841	AT2G28070	False	1.0		False		eye pigment		ABCG3
w:eye	word	eye	1	325	30	21521	2.2072820512820512	0.3667004525090841	AT2G28070	False	1.0		False		eye		ABCG3
p:precursor importer	phrase	precursor importer	1	325	30	21521	2.2072820512820512	0.3667004525090841	AT2G28070	False	1.0		False		precursor importer		ABCG3
p:pigment precursor	phrase	pigment precursor	1	325	30	21521	2.2072820512820512	0.3667004525090841	AT2G28070	False	1.0		False		pigment precursor		ABCG3
w:grain	word	grain	1	325	30	21521	2.2072820512820512	0.3667004525090841	AT3G13980	False	1.0		False		grain		AT3G13980
w:viability	word	viability	1	325	30	21521	2.2072820512820512	0.3667004525090841	AT3G49990	False	1.0		False		viability		AT3G49990
w:converting	word	converting	1	325	30	21521	2.2072820512820512	0.3667004525090841	AT3G63130	False	1.0		False		converting		RANGAP1
w:substance	word	substance	1	325	30	21521	2.2072820512820512	0.3667004525090841	AT4G19030	False	1.0		False		substance		NLM1
w:tale	word	tale	1	325	30	21521	2.2072820512820512	0.3667004525090841	AT4G34610	False	1.0		False		tale		BLH6
w:glycerophospholipase	word	glycerophospholipase	1	325	30	21521	2.2072820512820512	0.3667004525090841	AT4G37070	False	1.0		False		glycerophospholipase		PLP1
k:Endocytosis	keyword	Endocytosis	1	325	30	21521	2.2072820512820512	0.3667004525090841	AT5G05190	False	1.0		False		Endocytosis		EDR4
w:distance	word	distance	1	325	30	21521	2.2072820512820512	0.3667004525090841	AT5G52470	False	1.0		False		distance		FIB1
w:scarecrow	word	scarecrow	1	325	30	21521	2.2072820512820512	0.3667004525090841	AT5G59450	False	1.0		False		scarecrow		SCL11
w:ile	word	ile	1	325	30	21521	2.2072820512820512	0.3667004525090841	AT5G63450	False	1.0		False		ile		CYP94B1
k:Sterol metabolism	keyword	Sterol metabolism	1	325	31	21521	2.1360794044665012	0.3762775942397875	AT1G20330	False	1.0		False		Sterol metabolism		SMT2
w:mechanical	word	mechanical	1	325	31	21521	2.1360794044665012	0.3762775942397875	AT1G26770	False	1.0		False		mechanical		EXPA10
p:efflux carrier	phrase	efflux carrier	1	325	31	21521	2.1360794044665012	0.3762775942397875	AT2G17500	False	1.0		False		efflux carrier		PILS5
w:brown	word	brown	1	325	31	21521	2.1360794044665012	0.3762775942397875	AT2G28070	False	1.0		False		brown		ABCG3
w:endotransglycosylation	word	endotransglycosylation	1	325	31	21521	2.1360794044665012	0.3762775942397875	AT2G36870	False	1.0		False		endotransglycosylation		XTH32
w:nucleoporin	word	nucleoporin	1	325	31	21521	2.1360794044665012	0.3762775942397875	AT3G16310	False	1.0		False		nucleoporin		NUP35
w:sirnas	word	sirnas	1	325	31	21521	2.1360794044665012	0.3762775942397875	AT3G17310	False	1.0		False		sirnas		DRM3
w:hydratase	word	hydratase	1	325	31	21521	2.1360794044665012	0.3762775942397875	AT3G44320	False	1.0		False		hydratase		NIT3
w:protophloem	word	protophloem	1	325	31	21521	2.1360794044665012	0.3762775942397875	AT3G49670	False	1.0		False		protophloem		BAM2
w:hybrid	word	hybrid	1	325	31	21521	2.1360794044665012	0.3762775942397875	AT3G57660	False	1.0		False		hybrid		NRPA1
w:coordinated	word	coordinated	1	325	31	21521	2.1360794044665012	0.3762775942397875	AT4G13750	False	1.0		False		coordinated		NOV
w:increased	word	increased	1	325	31	21521	2.1360794044665012	0.3762775942397875	AT4G26600	False	1.0		False		increased		NOP2B
w:mildew	word	mildew	1	325	31	21521	2.1360794044665012	0.3762775942397875	AT5G05190	False	1.0		False		mildew		EDR4
w:ram	word	ram	1	325	31	21521	2.1360794044665012	0.3762775942397875	AT5G57280	False	1.0		False		ram		RID2
w:lob	word	lob	1	325	32	21521	2.069326923076923	0.38571034351256844	AT1G16530	False	1.0		False		lob		ASL9
w:dipeptide	word	dipeptide	1	325	32	21521	2.069326923076923	0.38571034351256844	AT1G72140	False	1.0		False		dipeptide		NPF5.12
w:ccaat	word	ccaat	1	325	32	21521	2.069326923076923	0.38571034351256844	AT2G17250	False	1.0		False		ccaat		EMB2762
w:importer	word	importer	1	325	32	21521	2.069326923076923	0.38571034351256844	AT2G28070	False	1.0		False		importer		ABCG3
w:xet	word	xet	1	325	32	21521	2.069326923076923	0.38571034351256844	AT2G36870	False	1.0		False		xet		XTH32
p:dof zinc	phrase	dof zinc	1	325	32	21521	2.069326923076923	0.38571034351256844	AT3G21270	False	1.0		False		dof zinc		DOF2
p:low temperature	phrase	low temperature	1	325	32	21521	2.069326923076923	0.38571034351256844	AT3G49990	False	1.0		False		low temperature		AT3G49990
p:leaf vascular	phrase	leaf vascular	1	325	32	21521	2.069326923076923	0.38571034351256844	AT4G13750	False	1.0		False		leaf vascular		NOV
p:mip aquaporin	phrase	mip aquaporin	1	325	32	21521	2.069326923076923	0.38571034351256844	AT4G19030	False	1.0		False		mip aquaporin		NLM1
w:phosphatidylglycerol	word	phosphatidylglycerol	1	325	32	21521	2.069326923076923	0.38571034351256844	AT4G37070	False	1.0		False		phosphatidylglycerol		PLP1
w:atgras	word	atgras	1	325	32	21521	2.069326923076923	0.38571034351256844	AT5G59450	False	1.0		False		atgras		SCL11
w:casp	word	casp	1	325	33	21521	2.006620046620047	0.3950008706826751	AT1G03700	False	1.0		False		casp		AT1G03700
k:Steroid metabolism	keyword	Steroid metabolism	1	325	33	21521	2.006620046620047	0.3950008706826751	AT1G20330	False	1.0		False		Steroid metabolism		SMT2
p:flavonoid biosynthetic	phrase	flavonoid biosynthetic	1	325	33	21521	2.006620046620047	0.3950008706826751	AT1G32640	False	1.0		False		flavonoid biosynthetic		MYC2
w:barrel	word	barrel	1	325	33	21521	2.006620046620047	0.3950008706826751	AT1G61570	False	1.0		False		barrel		TIM13
w:religate	word	religate	1	325	33	21521	2.006620046620047	0.3950008706826751	AT2G36870	False	1.0		False		religate		XTH32
p:xyloglucan endohydrolysis	phrase	xyloglucan endohydrolysis	1	325	33	21521	2.006620046620047	0.3950008706826751	AT2G36870	False	1.0		False		xyloglucan endohydrolysis		XTH32
p:endotransglucosylase hydrolase	phrase	endotransglucosylase hydrolase	1	325	33	21521	2.006620046620047	0.3950008706826751	AT2G36870	False	1.0		False		endotransglucosylase hydrolase		XTH32
p:xyloglucan polymer	phrase	xyloglucan polymer	1	325	33	21521	2.006620046620047	0.3950008706826751	AT2G36870	False	1.0		False		xyloglucan polymer		XTH32
p:xyloglucosyl transferase	phrase	xyloglucosyl transferase	1	325	33	21521	2.006620046620047	0.3950008706826751	AT2G36870	False	1.0		False		xyloglucosyl transferase		XTH32
w:xth	word	xth	1	325	33	21521	2.006620046620047	0.3950008706826751	AT2G36870	False	1.0		False		xth		XTH32
w:xyloglucosyl	word	xyloglucosyl	1	325	33	21521	2.006620046620047	0.3950008706826751	AT2G36870	False	1.0		False		xyloglucosyl		XTH32
w:xeh	word	xeh	1	325	33	21521	2.006620046620047	0.3950008706826751	AT2G36870	False	1.0		False		xeh		XTH32
w:endotransglucosylase	word	endotransglucosylase	1	325	33	21521	2.006620046620047	0.3950008706826751	AT2G36870	False	1.0		False		endotransglucosylase		XTH32
p:religate xyloglucan	phrase	religate xyloglucan	1	325	33	21521	2.006620046620047	0.3950008706826751	AT2G36870	False	1.0		False		religate xyloglucan		XTH32
p:xyloglucan endotransglucosylase	phrase	xyloglucan endotransglucosylase	1	325	33	21521	2.006620046620047	0.3950008706826751	AT2G36870	False	1.0		False		xyloglucan endotransglucosylase		XTH32
p:wall construction	phrase	wall construction	1	325	33	21521	2.006620046620047	0.3950008706826751	AT2G36870	False	1.0		False		wall construction		XTH32
w:endohydrolysis	word	endohydrolysis	1	325	33	21521	2.006620046620047	0.3950008706826751	AT2G36870	False	1.0		False		endohydrolysis		XTH32
p:dual specificity	phrase	dual specificity	1	325	33	21521	2.006620046620047	0.3950008706826751	AT2G39020	False	1.0		False		dual specificity		GNAT8
w:uracil	word	uracil	1	325	33	21521	2.006620046620047	0.3950008706826751	AT3G18630	False	1.0		False		uracil		UNG
w:dof	word	dof	1	325	33	21521	2.006620046620047	0.3950008706826751	AT3G21270	False	1.0		False		dof		DOF2
w:wound	word	wound	1	325	33	21521	2.006620046620047	0.3950008706826751	AT3G44550	False	1.0		False		wound		FAR5
w:modified	word	modified	1	325	33	21521	2.006620046620047	0.3950008706826751	AT4G31790	False	1.0		False		modified		AT4G31790
w:tetrapyrrole	word	tetrapyrrole	1	325	33	21521	2.006620046620047	0.3950008706826751	AT4G31790	False	1.0		False		tetrapyrrole		AT4G31790
p:phd finger	phrase	phd finger	1	325	33	21521	2.006620046620047	0.3950008706826751	AT4G35510	False	1.0		False		phd finger		AT4G35510
w:status	word	status	1	325	33	21521	2.006620046620047	0.3950008706826751	AT5G11420	False	1.0		False		status		AT5G11420
w:gras	word	gras	1	325	33	21521	2.006620046620047	0.3950008706826751	AT5G59450	False	1.0		False		gras		SCL11
w:short‑lived	word	short-lived	1	325	34	21521	1.947601809954751	0.404151313582346	AT1G04240	False	1.0		False		short-lived		SHY2
w:megagametogenesis	word	megagametogenesis	1	325	34	21521	1.947601809954751	0.404151313582346	AT1G29940	False	1.0		False		megagametogenesis		NRPA2
w:organic	word	organic	1	325	34	21521	1.947601809954751	0.404151313582346	AT2G01830	False	1.0		False		organic		WOL
w:thermotolerance	word	thermotolerance	1	325	34	21521	1.947601809954751	0.404151313582346	AT2G19540	False	1.0		False		thermotolerance		HTD1
w:affecting	word	affecting	1	325	34	21521	1.947601809954751	0.404151313582346	AT2G31180	False	1.0		False		affecting		MYB14
p:early stage	phrase	early stage	1	325	34	21521	1.947601809954751	0.404151313582346	AT2G34260	False	1.0		False		early stage		WDR55
w:cotransporter	word	cotransporter	1	325	34	21521	1.947601809954751	0.404151313582346	AT3G15990	False	1.0		False		cotransporter		SULTR3;4
p:consensus core	phrase	consensus core	1	325	34	21521	1.947601809954751	0.404151313582346	AT3G21270	False	1.0		False		consensus core		DOF2
w:phosphoric	word	phosphoric	1	325	34	21521	1.947601809954751	0.404151313582346	AT4G03610	False	1.0		False		phosphoric		AT4G03610
p:mrna decay	phrase	mrna decay	1	325	34	21521	1.947601809954751	0.404151313582346	AT4G27490	False	1.0		False		mrna decay		RRP41L
w:yellow	word	yellow	1	325	34	21521	1.947601809954751	0.404151313582346	AT5G13180	False	1.0		False		yellow		NAC083
w:cleaving	word	cleaving	1	325	34	21521	1.947601809954751	0.404151313582346	AT5G41190	False	1.0		False		cleaving		NOB1
w:stabilize	word	stabilize	1	325	35	21521	1.8919560439560439	0.41316377800668336	AT1G03110	False	1.0		False		stabilize		TRM82
w:open	word	open	1	325	35	21521	1.8919560439560439	0.41316377800668336	AT1G29940	False	1.0		False		open		NRPA2
w:construction	word	construction	1	325	35	21521	1.8919560439560439	0.41316377800668336	AT2G36870	False	1.0		False		construction		XTH32
w:ctp	word	ctp	1	325	35	21521	1.8919560439560439	0.41316377800668336	AT3G12670	False	1.0		False		ctp		emb2742
w:mip	word	mip	1	325	35	21521	1.8919560439560439	0.41316377800668336	AT4G19030	False	1.0		False		mip		NLM1
p:gated monoatomic	phrase	gated monoatomic	1	325	35	21521	1.8919560439560439	0.41316377800668336	AT4G27970	False	1.0		False		gated monoatomic		SLAH2
w:represent	word	represent	1	325	35	21521	1.8919560439560439	0.41316377800668336	AT4G31790	False	1.0		False		represent		AT4G31790
w:polyphosphate	word	polyphosphate	1	325	35	21521	1.8919560439560439	0.41316377800668336	AT4G33770	False	1.0		False		polyphosphate		ITPK2
w:specialized	word	specialized	1	325	35	21521	1.8919560439560439	0.41316377800668336	AT5G06000	False	1.0		False		specialized		EIF3G2
w:restrict	word	restrict	1	325	36	21521	1.8394017094017094	0.42204033819228426	AT1G04240	False	1.0		False		restrict		SHY2
p:import inner	phrase	import inner	1	325	36	21521	1.8394017094017094	0.42204033819228426	AT1G61570	False	1.0		False		import inner		TIM13
w:telomere	word	telomere	1	325	36	21521	1.8394017094017094	0.42204033819228426	AT1G79950	False	1.0		False		telomere		RTEL1
w:hook	word	hook	1	325	36	21521	1.8394017094017094	0.42204033819228426	AT2G33620	False	1.0		False		hook		AHL10
p:confer sensitivity	phrase	confer sensitivity	1	325	36	21521	1.8394017094017094	0.42204033819228426	AT3G10960	False	1.0		False		confer sensitivity		AZG1
k:Nuclear pore complex	keyword	Nuclear pore complex	1	325	36	21521	1.8394017094017094	0.42204033819228426	AT3G16310	False	1.0		False		Nuclear pore complex		NUP35
w:abscission	word	abscission	1	325	36	21521	1.8394017094017094	0.42204033819228426	AT3G25655	False	1.0		False		abscission		IDL1
w:proteoglycan	word	proteoglycan	1	325	36	21521	1.8394017094017094	0.42204033819228426	AT3G61640	False	1.0		False		proteoglycan		AGP20
p:early seedling	phrase	early seedling	1	325	36	21521	1.8394017094017094	0.42204033819228426	AT4G27490	False	1.0		False		early seedling		RRP41L
p:histone lysine	phrase	histone lysine	1	325	36	21521	1.8394017094017094	0.42204033819228426	AT5G03670	False	1.0		False		histone lysine		TRM28
w:excess	word	excess	1	325	36	21521	1.8394017094017094	0.42204033819228426	AT5G24290	False	1.0		False		excess		MEB2
w:pyrophosphorylase	word	pyrophosphorylase	1	325	36	21521	1.8394017094017094	0.42204033819228426	AT5G52560	False	1.0		False		pyrophosphorylase		USP
w:aluminum	word	aluminum	1	325	36	21521	1.8394017094017094	0.42204033819228426	AT5G62090	False	1.0		False		aluminum		SLK2
p:covalent attachment	phrase	covalent attachment	1	325	37	21521	1.7896881496881496	0.4307830372887476	AT1G75440	False	1.0		False		covalent attachment		UBC16
p:udp forming	phrase	udp forming	1	325	37	21521	1.7896881496881496	0.4307830372887476	AT1G78580	False	1.0		False		udp forming		TPS1
w:gametogenesis	word	gametogenesis	1	325	37	21521	1.7896881496881496	0.4307830372887476	AT2G34260	False	1.0		False		gametogenesis		WDR55
w:multicellular	word	multicellular	1	325	37	21521	1.7896881496881496	0.4307830372887476	AT3G07050	False	1.0		False		multicellular		NSN1
w:breakdown	word	breakdown	1	325	37	21521	1.7896881496881496	0.4307830372887476	AT3G11240	False	1.0		False		breakdown		ATE2
w:consist	word	consist	1	325	37	21521	1.7896881496881496	0.4307830372887476	AT3G28180	False	1.0		False		consist		CSLC04
p:feedback loop	phrase	feedback loop	1	325	37	21521	1.7896881496881496	0.4307830372887476	AT3G46640	False	1.0		False		feedback loop		PCL1
w:cdp	word	cdp	1	325	37	21521	1.7896881496881496	0.4307830372887476	AT4G01950	False	1.0		False		cdp		GPAT3
w:intercellular	word	intercellular	1	325	37	21521	1.7896881496881496	0.4307830372887476	AT4G15230	False	1.0		False		intercellular		ABCG30
p:chromatid cohesion	phrase	chromatid cohesion	1	325	37	21521	1.7896881496881496	0.4307830372887476	AT5G15920	False	1.0		False		chromatid cohesion		SMC5
w:start	word	start	1	325	37	21521	1.7896881496881496	0.4307830372887476	AT5G39760	False	1.0		False		start		HB23
w:occur	word	occur	1	325	37	21521	1.7896881496881496	0.4307830372887476	AT5G52470	False	1.0		False		occur		FIB1
w:casparian	word	casparian	1	325	38	21521	1.742591093117409	0.43939388782315253	AT1G03700	False	1.0		False		casparian		AT1G03700
p:casparian strip	phrase	casparian strip	1	325	38	21521	1.742591093117409	0.43939388782315253	AT1G03700	False	1.0		False		casparian strip		AT1G03700
p:beta glucanase	phrase	beta glucanase	1	325	38	21521	1.742591093117409	0.43939388782315253	AT1G64390	False	1.0		False		beta glucanase		GH9C2
p:glucuronic acid	phrase	glucuronic acid	1	325	38	21521	1.742591093117409	0.43939388782315253	AT2G45310	False	1.0		False		glucuronic acid		GAE4
w:glucuronic	word	glucuronic	1	325	38	21521	1.742591093117409	0.43939388782315253	AT2G45310	False	1.0		False		glucuronic		GAE4
w:layer	word	layer	1	325	38	21521	1.742591093117409	0.43939388782315253	AT3G49670	False	1.0		False		layer		BAM2
w:aquaporin	word	aquaporin	1	325	38	21521	1.742591093117409	0.43939388782315253	AT4G19030	False	1.0		False		aquaporin		NLM1
w:cohesion	word	cohesion	1	325	38	21521	1.742591093117409	0.43939388782315253	AT5G15920	False	1.0		False		cohesion		SMC5
w:wus	word	wus	1	325	38	21521	1.742591093117409	0.43939388782315253	AT5G19260	False	1.0		False		wus		FAF3
p:carboxylic ester	phrase	carboxylic ester	1	325	38	21521	1.742591093117409	0.43939388782315253	AT5G45950	False	1.0		False		carboxylic ester		AT5G45950
w:intramolecular	word	intramolecular	1	325	38	21521	1.742591093117409	0.43939388782315253	AT5G48010	False	1.0		False		intramolecular		THAS1
w:carpel	word	carpel	1	325	38	21521	1.742591093117409	0.43939388782315253	AT5G62090	False	1.0		False		carpel		SLK2
w:strip	word	strip	1	325	39	21521	1.6979092702169627	0.44787487215762506	AT1G03700	False	1.0		False		strip		AT1G03700
w:depolymerization	word	depolymerization	1	325	39	21521	1.6979092702169627	0.44787487215762506	AT2G16700	False	1.0		False		depolymerization		ADF5
p:freezing tolerance	phrase	freezing tolerance	1	325	39	21521	1.6979092702169627	0.44787487215762506	AT2G31180	False	1.0		False		freezing tolerance		MYB14
p:growing tissue	phrase	growing tissue	1	325	39	21521	1.6979092702169627	0.44787487215762506	AT2G36870	False	1.0		False		growing tissue		XTH32
p:small interfering	phrase	small interfering	1	325	39	21521	1.6979092702169627	0.44787487215762506	AT3G17310	False	1.0		False		small interfering		DRM3
w:suberin	word	suberin	1	325	39	21521	1.6979092702169627	0.44787487215762506	AT3G44550	False	1.0		False		suberin		FAR5
w:triacylglycerol	word	triacylglycerol	1	325	39	21521	1.6979092702169627	0.44787487215762506	AT4G37070	False	1.0		False		triacylglycerol		PLP1
w:endoglucanase	word	endoglucanase	1	325	40	21521	1.6554615384615383	0.4562279429400835	AT1G64390	False	1.0		False		endoglucanase		GH9C2
w:source	word	source	1	325	40	21521	1.6554615384615383	0.4562279429400835	AT3G12670	False	1.0		False		source		emb2742
w:seven	word	seven	1	325	40	21521	1.6554615384615383	0.4562279429400835	AT5G37890	False	1.0		False		seven		AT5G37890
w:athb	word	athb	1	325	40	21521	1.6554615384615383	0.4562279429400835	AT5G39760	False	1.0		False		athb		HB23
w:non‑coding	word	non-coding	1	325	41	21521	1.6150844277673546	0.4644550235482709	AT1G09810	False	1.0		False		non-coding		ECT11
w:reproduction	word	reproduction	1	325	41	21521	1.6150844277673546	0.4644550235482709	AT2G01830	False	1.0		False		reproduction		WOL
w:polygalacturonase	word	polygalacturonase	1	325	41	21521	1.6150844277673546	0.4644550235482709	AT3G15720	False	1.0		False		polygalacturonase		AT3G15720
k:Biological rhythms	keyword	Biological rhythms	1	325	41	21521	1.6150844277673546	0.4644550235482709	AT3G46640	False	1.0		False		Biological rhythms		PCL1
p:gtpase activating	phrase	gtpase activating	1	325	41	21521	1.6150844277673546	0.4644550235482709	AT3G63130	False	1.0		False		gtpase activating		RANGAP1
p:somatic embryogenesis	phrase	somatic embryogenesis	1	325	41	21521	1.6150844277673546	0.4644550235482709	AT4G28720	False	1.0		False		somatic embryogenesis		YUC8
p:mosaic virus	phrase	mosaic virus	1	325	41	21521	1.6150844277673546	0.4644550235482709	AT5G13180	False	1.0		False		mosaic virus		NAC083
k:FMN	keyword	FMN	1	325	41	21521	1.6150844277673546	0.4644550235482709	AT5G67220	False	1.0		False		FMN		AT5G67220
w:stimulated	word	stimulated	1	325	42	21521	1.5766300366300365	0.47255800852717256	AT2G01830	False	1.0		False		stimulated		WOL
p:chromosome segregation	phrase	chromosome segregation	1	325	42	21521	1.5766300366300365	0.47255800852717256	AT2G31410	False	1.0		False		chromosome segregation		AT2G31410
p:xyloglucan metabolic	phrase	xyloglucan metabolic	1	325	42	21521	1.5766300366300365	0.47255800852717256	AT2G36870	False	1.0		False		xyloglucan metabolic		XTH32
w:natural	word	natural	1	325	42	21521	1.5766300366300365	0.47255800852717256	AT3G10960	False	1.0		False		natural		AZG1
w:alkyl	word	alkyl	1	325	42	21521	1.5766300366300365	0.47255800852717256	AT3G44550	False	1.0		False		alkyl		FAR5
w:bridging	word	bridging	1	325	42	21521	1.5766300366300365	0.47255800852717256	AT3G57660	False	1.0		False		bridging		NRPA1
w:tri	word	tri	1	325	42	21521	1.5766300366300365	0.47255800852717256	AT4G22380	False	1.0		False		tri		AT4G22380
w:vivo	word	vivo	1	325	42	21521	1.5766300366300365	0.47255800852717256	AT4G24570	False	1.0		False		vivo		DIC2
p:histone acetyltransferase	phrase	histone acetyltransferase	1	325	42	21521	1.5766300366300365	0.47255800852717256	AT4G34590	False	1.0		False		histone acetyltransferase		GBF6
w:glucoside	word	glucoside	1	325	42	21521	1.5766300366300365	0.47255800852717256	AT5G05860	False	1.0		False		glucoside		UGT76C2
p:udp glucosyl	phrase	udp glucosyl	1	325	42	21521	1.5766300366300365	0.47255800852717256	AT5G05860	False	1.0		False		udp glucosyl		UGT76C2
w:mosaic	word	mosaic	1	325	42	21521	1.5766300366300365	0.47255800852717256	AT5G13180	False	1.0		False		mosaic		NAC083
w:producing	word	producing	1	325	43	21521	1.539964221824687	0.48053876401991785	AT1G52160	False	1.0		False		producing		TRZ3
p:fungal pathogen	phrase	fungal pathogen	1	325	43	21521	1.539964221824687	0.48053876401991785	AT1G55020	False	1.0		False		fungal pathogen		LOX1
w:macromolecule	word	macromolecule	1	325	43	21521	1.539964221824687	0.48053876401991785	AT2G36870	False	1.0		False		macromolecule		XTH32
w:epsilon	word	epsilon	1	325	43	21521	1.539964221824687	0.48053876401991785	AT2G39020	False	1.0		False		epsilon		GNAT8
w:contributing	word	contributing	1	325	43	21521	1.539964221824687	0.48053876401991785	AT3G55510	False	1.0		False		contributing		RBL
p:voltage gated	phrase	voltage gated	1	325	43	21521	1.539964221824687	0.48053876401991785	AT4G27970	False	1.0		False		voltage gated		SLAH2
w:demethylase	word	demethylase	1	325	44	21521	1.504965034965035	0.4883991281922581	AT1G14710	False	1.0		False		demethylase		AT1G14710
w:triggering	word	triggering	1	325	44	21521	1.504965034965035	0.4883991281922581	AT2G39020	False	1.0		False		triggering		GNAT8
w:resistant	word	resistant	1	325	44	21521	1.504965034965035	0.4883991281922581	AT3G10960	False	1.0		False		resistant		AZG1
p:sirna directed	phrase	sirna directed	1	325	44	21521	1.504965034965035	0.4883991281922581	AT3G17310	False	1.0		False		sirna directed		DRM3
w:assist	word	assist	1	325	44	21521	1.504965034965035	0.4883991281922581	AT3G17310	False	1.0		False		assist		DRM3
w:inducing	word	inducing	1	325	44	21521	1.504965034965035	0.4883991281922581	AT3G46640	False	1.0		False		inducing		PCL1
w:acp	word	acp	1	325	44	21521	1.504965034965035	0.4883991281922581	AT4G01950	False	1.0		False		acp		GPAT3
p:glucosyl transferase	phrase	glucosyl transferase	1	325	44	21521	1.504965034965035	0.4883991281922581	AT5G05860	False	1.0		False		glucosyl transferase		UGT76C2
w:chromatid	word	chromatid	1	325	44	21521	1.504965034965035	0.4883991281922581	AT5G15920	False	1.0		False		chromatid		SMC5
p:sister chromatid	phrase	sister chromatid	1	325	44	21521	1.504965034965035	0.4883991281922581	AT5G15920	False	1.0		False		sister chromatid		SMC5
w:moiety	word	moiety	1	325	44	21521	1.504965034965035	0.4883991281922581	AT5G52470	False	1.0		False		moiety		FIB1
w:phosphoinositide	word	phosphoinositide	1	325	44	21521	1.504965034965035	0.4883991281922581	AT5G52470	False	1.0		False		phosphoinositide		FIB1
w:enhancer	word	enhancer	1	325	44	21521	1.504965034965035	0.4883991281922581	AT5G60990	False	1.0		False		enhancer		RH10
w:sar	word	sar	1	325	45	21521	1.4715213675213676	0.4961409116507259	AT1G18870	False	1.0		False		sar		ICS2
p:end processing	phrase	end processing	1	325	45	21521	1.4715213675213676	0.4961409116507259	AT1G52160	False	1.0		False		end processing		TRZ3
p:day photoperiodism	phrase	day photoperiodism	1	325	45	21521	1.4715213675213676	0.4961409116507259	AT1G78580	False	1.0		False		day photoperiodism		TPS1
p:filament organization	phrase	filament organization	1	325	45	21521	1.4715213675213676	0.4961409116507259	AT2G16700	False	1.0		False		filament organization		ADF5
w:white	word	white	1	325	45	21521	1.4715213675213676	0.4961409116507259	AT2G28070	False	1.0		False		white		ABCG3
w:coil	word	coil	1	325	45	21521	1.4715213675213676	0.4961409116507259	AT2G31410	False	1.0		False		coil		AT2G31410
p:coiled coil	phrase	coiled coil	1	325	45	21521	1.4715213675213676	0.4961409116507259	AT2G31410	False	1.0		False		coiled coil		AT2G31410
p:fatty acyl	phrase	fatty acyl	1	325	45	21521	1.4715213675213676	0.4961409116507259	AT3G44550	False	1.0		False		fatty acyl		FAR5
p:floral meristem	phrase	floral meristem	1	325	45	21521	1.4715213675213676	0.4961409116507259	AT3G55510	False	1.0		False		floral meristem		RBL
w:positioning	word	positioning	1	325	45	21521	1.4715213675213676	0.4961409116507259	AT4G05410	False	1.0		False		positioning		YAO
w:influencing	word	influencing	1	325	45	21521	1.4715213675213676	0.4961409116507259	AT4G15230	False	1.0		False		influencing		ABCG30
w:sister	word	sister	1	325	45	21521	1.4715213675213676	0.4961409116507259	AT5G15920	False	1.0		False		sister		SMC5
w:terpene	word	terpene	1	325	45	21521	1.4715213675213676	0.4961409116507259	AT5G48010	False	1.0		False		terpene		THAS1
w:cellulase	word	cellulase	1	325	46	21521	1.439531772575251	0.5037658978545588	AT1G64390	False	1.0		False		cellulase		GH9C2
w:glucanase	word	glucanase	1	325	46	21521	1.439531772575251	0.5037658978545588	AT1G64390	False	1.0		False		glucanase		GH9C2
p:organ morphogenesis	phrase	organ morphogenesis	1	325	46	21521	1.439531772575251	0.5037658978545588	AT3G07050	False	1.0		False		organ morphogenesis		NSN1
p:guanine nucleotide	phrase	guanine nucleotide	1	325	46	21521	1.439531772575251	0.5037658978545588	AT3G07050	False	1.0		False		guanine nucleotide		NSN1
p:ubiquitin carboxyl	phrase	ubiquitin carboxyl	1	325	46	21521	1.439531772575251	0.5037658978545588	AT3G63090	False	1.0		False		ubiquitin carboxyl		AT3G63090
w:trisphosphate	word	trisphosphate	1	325	46	21521	1.439531772575251	0.5037658978545588	AT4G33770	False	1.0		False		trisphosphate		ITPK2
w:phosphoglycerate	word	phosphoglycerate	1	325	46	21521	1.439531772575251	0.5037658978545588	AT5G04120	False	1.0		False		phosphoglycerate		IPSP
w:internal	word	internal	1	325	47	21521	1.4089034369885431	0.5112758435214865	AT1G09810	False	1.0		False		internal		ECT11
w:transaminase	word	transaminase	1	325	47	21521	1.4089034369885431	0.5112758435214865	AT1G70560	False	1.0		False		transaminase		TAA1
w:reader	word	reader	1	325	47	21521	1.4089034369885431	0.5112758435214865	AT1G80720	False	1.0		False		reader		AT1G80720
w:viral	word	viral	1	325	47	21521	1.4089034369885431	0.5112758435214865	AT3G22310	False	1.0		False		viral		PMH1
k:GTPase activation	keyword	GTPase activation	1	325	47	21521	1.4089034369885431	0.5112758435214865	AT3G63130	False	1.0		False		GTPase activation		RANGAP1
w:auxre	word	auxre	1	325	48	21521	1.3795512820512819	0.5186724790274708	AT1G04240	False	1.0		False		auxre		SHY2
w:arfs	word	arfs	1	325	48	21521	1.3795512820512819	0.5186724790274708	AT1G04240	False	1.0		False		arfs		SHY2
w:alanine	word	alanine	1	325	48	21521	1.3795512820512819	0.5186724790274708	AT1G70560	False	1.0		False		alanine		TAA1
k:Carboxypeptidase	keyword	Carboxypeptidase	1	325	48	21521	1.3795512820512819	0.5186724790274708	AT1G73300	False	1.0		False		Carboxypeptidase		scpl2
w:coiled	word	coiled	1	325	48	21521	1.3795512820512819	0.5186724790274708	AT2G31410	False	1.0		False		coiled		AT2G31410
p:proton symporter	phrase	proton symporter	1	325	48	21521	1.3795512820512819	0.5186724790274708	AT3G13620	False	1.0		False		proton symporter		PUT4
p:gdp bound	phrase	gdp bound	1	325	48	21521	1.3795512820512819	0.5186724790274708	AT3G63130	False	1.0		False		gdp bound		RANGAP1
w:succinate	word	succinate	1	325	48	21521	1.3795512820512819	0.5186724790274708	AT4G24570	False	1.0		False		succinate		DIC2
w:decay	word	decay	1	325	48	21521	1.3795512820512819	0.5186724790274708	AT4G27490	False	1.0		False		decay		RRP41L
p:zip homeobox	phrase	zip homeobox	1	325	48	21521	1.3795512820512819	0.5186724790274708	AT4G37790	False	1.0		False		zip homeobox		HAT22
w:glucosyl	word	glucosyl	1	325	48	21521	1.3795512820512819	0.5186724790274708	AT5G05860	False	1.0		False		glucosyl		UGT76C2
w:corresponding	word	corresponding	1	325	48	21521	1.3795512820512819	0.5186724790274708	AT5G11160	False	1.0		False		corresponding		APT5
w:ammonia	word	ammonia	1	325	49	21521	1.351397174254317	0.5259575088004919	AT3G12670	False	1.0		False		ammonia		emb2742
w:interfering	word	interfering	1	325	49	21521	1.351397174254317	0.5259575088004919	AT3G17310	False	1.0		False		interfering		DRM3
w:nuclease	word	nuclease	1	325	49	21521	1.351397174254317	0.5259575088004919	AT3G46210	False	1.0		False		nuclease		RRP46
k:Proteoglycan	keyword	Proteoglycan	1	325	49	21521	1.351397174254317	0.5259575088004919	AT3G61640	False	1.0		False		Proteoglycan		AGP20
p:homeobox leucine	phrase	homeobox leucine	1	325	49	21521	1.351397174254317	0.5259575088004919	AT4G37790	False	1.0		False		homeobox leucine		HAT22
w:thioester	word	thioester	1	325	49	21521	1.351397174254317	0.5259575088004919	AT5G37890	False	1.0		False		thioester		AT5G37890
p:accept ubiquitin	phrase	accept ubiquitin	1	325	49	21521	1.351397174254317	0.5259575088004919	AT5G37890	False	1.0		False		accept ubiquitin		AT5G37890
w:vitamin	word	vitamin	1	325	50	21521	1.3243692307692307	0.5331326117084574	AT1G18870	False	1.0		False		vitamin		ICS2
w:isoprenoid	word	isoprenoid	1	325	50	21521	1.3243692307692307	0.5331326117084574	AT2G01830	False	1.0		False		isoprenoid		WOL
p:auxin efflux	phrase	auxin efflux	1	325	50	21521	1.3243692307692307	0.5331326117084574	AT2G17500	False	1.0		False		auxin efflux		PILS5
w:fiber	word	fiber	1	325	50	21521	1.3243692307692307	0.5331326117084574	AT2G34610	False	1.0		False		fiber		AT2G34610
k:Exonuclease	keyword	Exonuclease	1	325	50	21521	1.3243692307692307	0.5331326117084574	AT3G46210	False	1.0		False		Exonuclease		RRP46
w:intrinsic	word	intrinsic	1	325	50	21521	1.3243692307692307	0.5331326117084574	AT4G19030	False	1.0		False		intrinsic		NLM1
p:hyperosmotic salinity	phrase	hyperosmotic salinity	1	325	50	21521	1.3243692307692307	0.5331326117084574	AT5G49480	False	1.0		False		hyperosmotic salinity		CP1
w:initial	word	initial	1	325	50	21521	1.3243692307692307	0.5331326117084574	AT5G57280	False	1.0		False		initial		RID2
w:remove	word	remove	1	325	51	21521	1.2984012066365007	0.5401994414413417	AT2G01830	False	1.0		False		remove		WOL
p:cellulose synthase	phrase	cellulose synthase	1	325	51	21521	1.2984012066365007	0.5401994414413417	AT3G28180	False	1.0		False		cellulose synthase		CSLC04
p:meristem maintenance	phrase	meristem maintenance	1	325	51	21521	1.2984012066365007	0.5401994414413417	AT3G49670	False	1.0		False		meristem maintenance		BAM2
w:rlk	word	rlk	1	325	51	21521	1.2984012066365007	0.5401994414413417	AT3G49670	False	1.0		False		rlk		BAM2
w:zygote	word	zygote	1	325	51	21521	1.2984012066365007	0.5401994414413417	AT4G05410	False	1.0		False		zygote		YAO
p:atpase coupled	phrase	atpase coupled	1	325	51	21521	1.2984012066365007	0.5401994414413417	AT4G15230	False	1.0		False		atpase coupled		ABCG30
w:desaturase	word	desaturase	1	325	51	21521	1.2984012066365007	0.5401994414413417	AT5G47990	False	1.0		False		desaturase		CYP705A5
k:Brassinosteroid signaling pathway	keyword	Brassinosteroid signaling pathway	1	325	51	21521	1.2984012066365007	0.5401994414413417	AT5G59010	False	1.0		False		Brassinosteroid signaling pathway		BSK5
p:intermembrane space	phrase	intermembrane space	1	325	52	21521	1.2734319526627218	0.5471596268876184	AT1G61570	False	1.0		False		intermembrane space		TIM13
w:bundle	word	bundle	1	325	52	21521	1.2734319526627218	0.5471596268876184	AT2G16700	False	1.0		False		bundle		ADF5
w:anchor	word	anchor	1	325	52	21521	1.2734319526627218	0.5471596268876184	AT2G34510	False	1.0		False		anchor		ATHB-1
p:nuclear pore	phrase	nuclear pore	1	325	52	21521	1.2734319526627218	0.5471596268876184	AT3G16310	False	1.0		False		nuclear pore		NUP35
p:excision repair	phrase	excision repair	1	325	52	21521	1.2734319526627218	0.5471596268876184	AT3G18630	False	1.0		False		excision repair		UNG
w:metallo	word	metallo	1	325	52	21521	1.2734319526627218	0.5471596268876184	AT4G03610	False	1.0		False		metallo		AT4G03610
w:controlled	word	controlled	1	325	52	21521	1.2734319526627218	0.5471596268876184	AT4G29720	False	1.0		False		controlled		PAO5
w:recruitment	word	recruitment	1	325	52	21521	1.2734319526627218	0.5471596268876184	AT4G34590	False	1.0		False		recruitment		GBF6
p:xylem histogenesis	phrase	xylem histogenesis	1	325	53	21521	1.2494049346879537	0.5540147725050908	AT1G70560	False	1.0		False		xylem histogenesis		TAA1
p:meiotic recombination	phrase	meiotic recombination	1	325	53	21521	1.2494049346879537	0.5540147725050908	AT1G79950	False	1.0		False		meiotic recombination		RTEL1
p:inorganic phosphate	phrase	inorganic phosphate	1	325	53	21521	1.2494049346879537	0.5540147725050908	AT2G03240	False	1.0		False		inorganic phosphate		PHO1-H5
w:partner	word	partner	1	325	53	21521	1.2494049346879537	0.5540147725050908	AT5G52470	False	1.0		False		partner		FIB1
w:fmn	word	fmn	1	325	53	21521	1.2494049346879537	0.5540147725050908	AT5G67220	False	1.0		False		fmn		AT5G67220
k:Aminotransferase	keyword	Aminotransferase	1	325	54	21521	1.2262678062678063	0.5607664586861908	AT1G70560	False	1.0		False		Aminotransferase		TAA1
p:serine carboxypeptidase	phrase	serine carboxypeptidase	1	325	54	21521	1.2262678062678063	0.5607664586861908	AT1G73300	False	1.0		False		serine carboxypeptidase		scpl2
w:covalent	word	covalent	1	325	54	21521	1.2262678062678063	0.5607664586861908	AT1G75440	False	1.0		False		covalent		UBC16
p:long day	phrase	long day	1	325	54	21521	1.2262678062678063	0.5607664586861908	AT1G78580	False	1.0		False		long day		TPS1
k:Mitochondrion outer membrane	keyword	Mitochondrion outer membrane	1	325	54	21521	1.2262678062678063	0.5607664586861908	AT2G19080	False	1.0		False		Mitochondrion outer membrane		MTX1
w:rddm	word	rddm	1	325	54	21521	1.2262678062678063	0.5607664586861908	AT3G17310	False	1.0		False		rddm		DRM3
p:aux iaa	phrase	aux iaa	1	325	55	21521	1.203972027972028	0.5674162421178296	AT1G04240	False	1.0		False		aux iaa		SHY2
w:aux	word	aux	1	325	55	21521	1.203972027972028	0.5674162421178296	AT1G04240	False	1.0		False		aux		SHY2
k:Polysaccharide degradation	keyword	Polysaccharide degradation	1	325	55	21521	1.203972027972028	0.5674162421178296	AT1G64390	False	1.0		False		Polysaccharide degradation		GH9C2
p:trans cisterna	phrase	trans cisterna	1	325	55	21521	1.203972027972028	0.5674162421178296	AT3G28180	False	1.0		False		trans cisterna		CSLC04
p:golgi trans	phrase	golgi trans	1	325	55	21521	1.203972027972028	0.5674162421178296	AT3G28180	False	1.0		False		golgi trans		CSLC04
w:tag	word	tag	1	325	55	21521	1.203972027972028	0.5674162421178296	AT4G37070	False	1.0		False		tag		PLP1
w:dehalogenase	word	dehalogenase	1	325	55	21521	1.203972027972028	0.5674162421178296	AT5G59480	False	1.0		False		dehalogenase		AT5G59480
w:haloacid	word	haloacid	1	325	55	21521	1.203972027972028	0.5674162421178296	AT5G59480	False	1.0		False		haloacid		AT5G59480
p:haloacid dehalogenase	phrase	haloacid dehalogenase	1	325	55	21521	1.203972027972028	0.5674162421178296	AT5G59480	False	1.0		False		haloacid dehalogenase		AT5G59480
p:dependent epimerase	phrase	dependent epimerase	1	325	56	21521	1.1824725274725276	0.573965656135891	AT2G45310	False	1.0		False		dependent epimerase		GAE4
p:epimerase dehydratase	phrase	epimerase dehydratase	1	325	56	21521	1.1824725274725276	0.573965656135891	AT2G45310	False	1.0		False		epimerase dehydratase		GAE4
w:template	word	template	1	325	56	21521	1.1824725274725276	0.573965656135891	AT3G57660	False	1.0		False		template		NRPA1
w:malate	word	malate	1	325	56	21521	1.1824725274725276	0.573965656135891	AT4G24570	False	1.0		False		malate		DIC2
w:voltage	word	voltage	1	325	56	21521	1.1824725274725276	0.573965656135891	AT4G27970	False	1.0		False		voltage		SLAH2
w:histogenesis	word	histogenesis	1	325	57	21521	1.161727395411606	0.5804162110744343	AT1G70560	False	1.0		False		histogenesis		TAA1
p:actin cytoskeleton	phrase	actin cytoskeleton	1	325	57	21521	1.161727395411606	0.5804162110744343	AT2G16700	False	1.0		False		actin cytoskeleton		ADF5
w:genome	word	genome	1	325	57	21521	1.161727395411606	0.5804162110744343	AT3G22310	False	1.0		False		genome		PMH1
w:multiprotein	word	multiprotein	1	325	57	21521	1.161727395411606	0.5804162110744343	AT3G28180	False	1.0		False		multiprotein		CSLC04
w:secretion	word	secretion	1	325	57	21521	1.161727395411606	0.5804162110744343	AT4G15230	False	1.0		False		secretion		ABCG30
w:anion	word	anion	1	325	57	21521	1.161727395411606	0.5804162110744343	AT4G27970	False	1.0		False		anion		SLAH2
k:DNA recombination	keyword	DNA recombination	1	325	57	21521	1.161727395411606	0.5804162110744343	AT5G15920	False	1.0		False		DNA recombination		SMC5
w:droplet	word	droplet	1	325	57	21521	1.161727395411606	0.5804162110744343	AT5G48010	False	1.0		False		droplet		THAS1
p:lipid droplet	phrase	lipid droplet	1	325	57	21521	1.161727395411606	0.5804162110744343	AT5G48010	False	1.0		False		lipid droplet		THAS1
w:developing	word	developing	1	325	57	21521	1.161727395411606	0.5804162110744343	AT5G52560	False	1.0		False		developing		USP
w:dual	word	dual	1	325	58	21521	1.1416976127320955	0.586769394609693	AT2G39020	False	1.0		False		dual		GNAT8
w:conformation	word	conformation	1	325	58	21521	1.1416976127320955	0.586769394609693	AT3G57660	False	1.0		False		conformation		NRPA1
p:active site	phrase	active site	1	325	58	21521	1.1416976127320955	0.586769394609693	AT3G57660	False	1.0		False		active site		NRPA1
w:agp	word	agp	1	325	58	21521	1.1416976127320955	0.586769394609693	AT3G61640	False	1.0		False		agp		AGP20
w:editing	word	editing	1	325	58	21521	1.1416976127320955	0.586769394609693	AT4G20020	False	1.0		False		editing		MORF1
w:promotion	word	promotion	1	325	59	21521	1.1223468057366361	0.5930266720989466	AT2G01830	False	1.0		False		promotion		WOL
w:monomer	word	monomer	1	325	59	21521	1.1223468057366361	0.5930266720989466	AT2G16700	False	1.0		False		monomer		ADF5
p:mitochondrial outer	phrase	mitochondrial outer	1	325	59	21521	1.1223468057366361	0.5930266720989466	AT2G19080	False	1.0		False		mitochondrial outer		MTX1
k:Phospholipid biosynthesis	keyword	Phospholipid biosynthesis	1	325	59	21521	1.1223468057366361	0.5930266720989466	AT4G01950	False	1.0		False		Phospholipid biosynthesis		GPAT3
w:facilitating	word	facilitating	1	325	59	21521	1.1223468057366361	0.5930266720989466	AT5G62090	False	1.0		False		facilitating		SLK2
k:Multifunctional enzyme	keyword	Multifunctional enzyme	1	325	60	21521	1.1036410256410256	0.5991894869143345	AT1G31860	False	1.0		False		Multifunctional enzyme		AT-IE
w:excision	word	excision	1	325	60	21521	1.1036410256410256	0.5991894869143345	AT3G18630	False	1.0		False		excision		UNG
p:circadian clock	phrase	circadian clock	1	325	60	21521	1.1036410256410256	0.5991894869143345	AT3G46640	False	1.0		False		circadian clock		PCL1
p:carboxyl terminal	phrase	carboxyl terminal	1	325	60	21521	1.1036410256410256	0.5991894869143345	AT3G63090	False	1.0		False		carboxyl terminal		AT3G63090
p:transcriptional repressor	phrase	transcriptional repressor	1	325	60	21521	1.1036410256410256	0.5991894869143345	AT5G13180	False	1.0		False		transcriptional repressor		NAC083
w:composed	word	composed	1	325	61	21521	1.0855485498108448	0.6052592607716961	AT1G29940	False	1.0		False		composed		NRPA2
w:pamp	word	pamp	1	325	61	21521	1.0855485498108448	0.6052592607716961	AT1G55020	False	1.0		False		pamp		LOX1
w:tubulin	word	tubulin	1	325	61	21521	1.0855485498108448	0.6052592607716961	AT1G77550	False	1.0		False		tubulin		AT1G77550
w:day	word	day	1	325	61	21521	1.0855485498108448	0.6052592607716961	AT1G78580	False	1.0		False		day		TPS1
k:mRNA transport	keyword	mRNA transport	1	325	61	21521	1.0855485498108448	0.6052592607716961	AT3G16310	False	1.0		False		mRNA transport		NUP35
w:feedback	word	feedback	1	325	61	21521	1.0855485498108448	0.6052592607716961	AT3G46640	False	1.0		False		feedback		PCL1
w:detection	word	detection	1	325	61	21521	1.0855485498108448	0.6052592607716961	AT3G49670	False	1.0		False		detection		BAM2
w:drug	word	drug	1	325	61	21521	1.0855485498108448	0.6052592607716961	AT4G15230	False	1.0		False		drug		ABCG30
p:nucleotide sugar	phrase	nucleotide sugar	1	325	61	21521	1.0855485498108448	0.6052592607716961	AT5G52560	False	1.0		False		nucleotide sugar		USP
p:occurring elicitor	phrase	occurring elicitor	1	325	62	21521	1.0680397022332506	0.6112373940545106	AT2G47260	False	1.0		False		occurring elicitor		WRKY23
p:adenine nucleotide	phrase	adenine nucleotide	1	325	62	21521	1.0680397022332506	0.6112373940545106	AT3G20240	False	1.0		False		adenine nucleotide		AT3G20240
w:ligand	word	ligand	1	325	62	21521	1.0680397022332506	0.6112373940545106	AT3G25655	False	1.0		False		ligand		IDL1
k:Phospholipid metabolism	keyword	Phospholipid metabolism	1	325	62	21521	1.0680397022332506	0.6112373940545106	AT4G01950	False	1.0		False		Phospholipid metabolism		GPAT3
w:corepressor	word	corepressor	1	325	62	21521	1.0680397022332506	0.6112373940545106	AT5G62090	False	1.0		False		corepressor		SLK2
w:carboxypeptidase	word	carboxypeptidase	1	325	63	21521	1.0510866910866912	0.6171252661329995	AT1G73300	False	1.0		False		carboxypeptidase		scpl2
p:responsive cis‑acting	phrase	responsive cis-acting	1	325	63	21521	1.0510866910866912	0.6171252661329995	AT2G47260	False	1.0		False		responsive cis-acting		WRKY23
w:frequently	word	frequently	1	325	63	21521	1.0510866910866912	0.6171252661329995	AT2G47260	False	1.0		False		frequently		WRKY23
p:frequently occurring	phrase	frequently occurring	1	325	63	21521	1.0510866910866912	0.6171252661329995	AT2G47260	False	1.0		False		frequently occurring		WRKY23
w:clock	word	clock	1	325	63	21521	1.0510866910866912	0.6171252661329995	AT3G46640	False	1.0		False		clock		PCL1
w:hyperosmotic	word	hyperosmotic	1	325	63	21521	1.0510866910866912	0.6171252661329995	AT5G49480	False	1.0		False		hyperosmotic		CP1
w:freezing	word	freezing	1	325	64	21521	1.0346634615384616	0.6229242356784728	AT2G31180	False	1.0		False		freezing		MYB14
p:wrky dna	phrase	wrky dna	1	325	64	21521	1.0346634615384616	0.6229242356784728	AT2G47260	False	1.0		False		wrky dna		WRKY23
p:elicitor responsive	phrase	elicitor responsive	1	325	64	21521	1.0346634615384616	0.6229242356784728	AT2G47260	False	1.0		False		elicitor responsive		WRKY23
w:tgac	word	tgac	1	325	64	21521	1.0346634615384616	0.6229242356784728	AT2G47260	False	1.0		False		tgac		WRKY23
w:nucleobase	word	nucleobase	1	325	64	21521	1.0346634615384616	0.6229242356784728	AT3G10960	False	1.0		False		nucleobase		AZG1
p:molecular pattern	phrase	molecular pattern	1	325	65	21521	1.0187455621301775	0.628635640972992	AT1G55020	False	1.0		False		molecular pattern		LOX1
w:eif	word	eif	1	325	65	21521	1.0187455621301775	0.628635640972992	AT5G06000	False	1.0		False		eif		EIF3G2
w:retrograde	word	retrograde	1	325	65	21521	1.0187455621301775	0.628635640972992	AT5G13610	False	1.0		False		retrograde		RRL
w:pigment	word	pigment	1	325	66	21521	1.0033100233100234	0.6342608002144062	AT2G28070	False	1.0		False		pigment		ABCG3
w:segregation	word	segregation	1	325	66	21521	1.0033100233100234	0.6342608002144062	AT2G31410	False	1.0		False		segregation		AT2G31410
p:eukaryotic translation	phrase	eukaryotic translation	1	325	66	21521	1.0033100233100234	0.6342608002144062	AT5G06000	False	1.0		False		eukaryotic translation		EIF3G2
w:alter	word	alter	1	325	67	21521	0.9883352468427096	0.6398010118168449	AT1G04240	False	1.0		False		alter		SHY2
k:Actin-binding	keyword	Actin-binding	1	325	67	21521	0.9883352468427096	0.6398010118168449	AT2G16700	False	1.0		False		Actin-binding		ADF5
w:oxo	word	oxo	1	325	67	21521	0.9883352468427096	0.6398010118168449	AT3G44550	False	1.0		False		oxo		FAR5
w:particle	word	particle	1	325	67	21521	0.9883352468427096	0.6398010118168449	AT4G05410	False	1.0		False		particle		YAO
w:carboxylic	word	carboxylic	1	325	67	21521	0.9883352468427096	0.6398010118168449	AT5G45950	False	1.0		False		carboxylic		AT5G45950
p:population proliferation	phrase	population proliferation	1	325	67	21521	0.9883352468427096	0.6398010118168449	AT5G50915	False	1.0		False		population proliferation		BHLH137
w:induce	word	induce	1	325	68	21521	0.9738009049773755	0.6452575547067269	AT1G03110	False	1.0		False		induce		TRM82
w:phytochrome	word	phytochrome	1	325	68	21521	0.9738009049773755	0.6452575547067269	AT1G10470	False	1.0		False		phytochrome		ARR4
w:extent	word	extent	1	325	68	21521	0.9738009049773755	0.6452575547067269	AT2G01830	False	1.0		False		extent		WOL
w:occurring	word	occurring	1	325	68	21521	0.9738009049773755	0.6452575547067269	AT2G47260	False	1.0		False		occurring		WRKY23
w:assimilation	word	assimilation	1	325	68	21521	0.9738009049773755	0.6452575547067269	AT3G15990	False	1.0		False		assimilation		SULTR3;4
w:bzip	word	bzip	1	325	68	21521	0.9738009049773755	0.6452575547067269	AT4G34590	False	1.0		False		bzip		GBF6
k:DNA replication	keyword	DNA replication	1	325	69	21521	0.9596878483835005	0.6506316886143534	AT1G79950	False	1.0		False		DNA replication		RTEL1
w:growing	word	growing	1	325	69	21521	0.9596878483835005	0.6506316886143534	AT2G36870	False	1.0		False		growing		XTH32
w:carboxylate	word	carboxylate	1	325	69	21521	0.9596878483835005	0.6506316886143534	AT3G30775	False	1.0		False		carboxylate		ERD5
p:manganese ion	phrase	manganese ion	1	325	69	21521	0.9596878483835005	0.6506316886143534	AT5G24290	False	1.0		False		manganese ion		MEB2
p:ankyrin repeat	phrase	ankyrin repeat	1	325	69	21521	0.9596878483835005	0.6506316886143534	AT5G65860	False	1.0		False		ankyrin repeat		AT5G65860
w:endoreduplication	word	endoreduplication	1	325	70	21521	0.9459780219780219	0.6559246543611523	AT1G20330	False	1.0		False		endoreduplication		SMT2
w:pump	word	pump	1	325	70	21521	0.9459780219780219	0.6559246543611523	AT4G24570	False	1.0		False		pump		DIC2
w:zip	word	zip	1	325	71	21521	0.9326543878656555	0.661137674142637	AT4G37790	False	1.0		False		zip		HAT22
p:lipase acylhydrolase	phrase	lipase acylhydrolase	1	325	71	21521	0.9326543878656555	0.661137674142637	AT5G45950	False	1.0		False		lipase acylhydrolase		AT5G45950
w:synthesized	word	synthesized	1	325	72	21521	0.9197008547008547	0.6662719518071425	AT1G18870	False	1.0		False		synthesized		ICS2
w:shape	word	shape	1	325	72	21521	0.9197008547008547	0.6662719518071425	AT3G49670	False	1.0		False		shape		BAM2
k:Hydroxylation	keyword	Hydroxylation	1	325	72	21521	0.9197008547008547	0.6662719518071425	AT3G61640	False	1.0		False		Hydroxylation		AGP20
w:increase	word	increase	1	325	72	21521	0.9197008547008547	0.6662719518071425	AT4G24570	False	1.0		False		increase		DIC2
w:independently	word	independently	1	325	72	21521	0.9197008547008547	0.6662719518071425	AT5G57280	False	1.0		False		independently		RID2
k:Fatty acid biosynthesis	keyword	Fatty acid biosynthesis	1	325	73	21521	0.9071022128556375	0.6713286731304062	AT1G55020	False	1.0		False		Fatty acid biosynthesis		LOX1
w:insertion	word	insertion	1	325	73	21521	0.9071022128556375	0.6713286731304062	AT1G61570	False	1.0		False		insertion		TIM13
w:targeted	word	targeted	1	325	73	21521	0.9071022128556375	0.6713286731304062	AT5G37890	False	1.0		False		targeted		AT5G37890
p:break repair	phrase	break repair	1	325	75	21521	0.8829128205128205	0.6812141011120211	AT1G79950	False	1.0		False		break repair		RTEL1
w:acidic	word	acidic	1	325	75	21521	0.8829128205128205	0.6812141011120211	AT5G04770	False	1.0		False		acidic		CAT6
w:alternative	word	alternative	1	325	75	21521	0.8829128205128205	0.6812141011120211	AT5G13610	False	1.0		False		alternative		RRL
w:efficiency	word	efficiency	1	325	76	21521	0.8712955465587044	0.6860450913730766	AT4G24570	False	1.0		False		efficiency		DIC2
w:translocase	word	translocase	1	325	77	21521	0.85998001998002	0.6908030930193227	AT1G61570	False	1.0		False		translocase		TIM13
p:phosphate starvation	phrase	phosphate starvation	1	325	77	21521	0.85998001998002	0.6908030930193227	AT2G01830	False	1.0		False		phosphate starvation		WOL
w:lower	word	lower	1	325	77	21521	0.85998001998002	0.6908030930193227	AT2G01830	False	1.0		False		lower		WOL
p:wrky transcription	phrase	wrky transcription	1	325	77	21521	0.85998001998002	0.6908030930193227	AT2G47260	False	1.0		False		wrky transcription		WRKY23
p:female gametophyte	phrase	female gametophyte	1	325	77	21521	0.85998001998002	0.6908030930193227	AT3G11964	False	1.0		False		female gametophyte		RRP5
w:spliceosomal	word	spliceosomal	1	325	77	21521	0.85998001998002	0.6908030930193227	AT3G62310	False	1.0		False		spliceosomal		AT3G62310
w:critical	word	critical	1	325	77	21521	0.85998001998002	0.6908030930193227	AT4G05410	False	1.0		False		critical		YAO
w:salinity	word	salinity	1	325	77	21521	0.85998001998002	0.6908030930193227	AT5G49480	False	1.0		False		salinity		CP1
w:space	word	space	1	325	78	21521	0.8489546351084813	0.6954892054409195	AT1G61570	False	1.0		False		space		TIM13
w:epimerase	word	epimerase	1	325	78	21521	0.8489546351084813	0.6954892054409195	AT2G45310	False	1.0		False		epimerase		GAE4
w:correct	word	correct	1	325	78	21521	0.8489546351084813	0.6954892054409195	AT4G05410	False	1.0		False		correct		YAO
w:aminotransferase	word	aminotransferase	1	325	79	21521	0.8382083739045764	0.7001045115189727	AT1G70560	False	1.0		False		aminotransferase		TAA1
p:cis‑acting element	phrase	cis-acting element	1	325	79	21521	0.8382083739045764	0.7001045115189727	AT2G47260	False	1.0		False		cis-acting element		WRKY23
w:ankyrin	word	ankyrin	1	325	79	21521	0.8382083739045764	0.7001045115189727	AT5G65860	False	1.0		False		ankyrin		AT5G65860
w:wrky	word	wrky	1	325	80	21521	0.8277307692307692	0.7046500778726867	AT2G47260	False	1.0		False		wrky		WRKY23
p:pre‑mrna splicing	phrase	pre-mrna splicing	1	325	80	21521	0.8277307692307692	0.7046500778726867	AT3G62310	False	1.0		False		pre-mrna splicing		AT3G62310
w:acylhydrolase	word	acylhydrolase	1	325	80	21521	0.8277307692307692	0.7046500778726867	AT5G45950	False	1.0		False		acylhydrolase		AT5G45950
w:wax	word	wax	1	325	81	21521	0.8175118708452042	0.7091269551028241	AT3G44550	False	1.0		False		wax		FAR5
w:phd	word	phd	1	325	81	21521	0.8175118708452042	0.7091269551028241	AT4G35510	False	1.0		False		phd		AT4G35510
w:phospholipase	word	phospholipase	1	325	81	21521	0.8175118708452042	0.7091269551028241	AT4G37070	False	1.0		False		phospholipase		PLP1
w:uridine	word	uridine	1	325	82	21521	0.8075422138836773	0.7135361780315359	AT4G20020	False	1.0		False		uridine		MORF1
w:diacylglycerol	word	diacylglycerol	1	325	83	21521	0.7978127896200186	0.7178787659386097	AT4G01950	False	1.0		False		diacylglycerol		GPAT3
w:anthocyanin	word	anthocyanin	1	325	83	21521	0.7978127896200186	0.7178787659386097	AT5G05860	False	1.0		False		anthocyanin		UGT76C2
w:short	word	short	1	325	84	21521	0.7883150183150183	0.722155722794191	AT1G04240	False	1.0		False		short		SHY2
w:arabinogalactan	word	arabinogalactan	1	325	84	21521	0.7883150183150183	0.722155722794191	AT3G61640	False	1.0		False		arabinogalactan		AGP20
w:somatic	word	somatic	1	325	84	21521	0.7883150183150183	0.722155722794191	AT4G28720	False	1.0		False		somatic		YUC8
w:manganese	word	manganese	1	325	84	21521	0.7883150183150183	0.722155722794191	AT5G24290	False	1.0		False		manganese		MEB2
w:pmei	word	pmei	1	325	84	21521	0.7883150183150183	0.722155722794191	AT5G64620	False	1.0		False		pmei		C/VIF2
w:cis	word	cis	1	325	85	21521	0.7790407239819004	0.7263680374880328	AT1G55020	False	1.0		False		cis		LOX1
w:carboxyl	word	carboxyl	1	325	85	21521	0.7790407239819004	0.7263680374880328	AT3G63090	False	1.0		False		carboxyl		AT3G63090
w:endocytosis	word	endocytosis	1	325	85	21521	0.7790407239819004	0.7263680374880328	AT5G05190	False	1.0		False		endocytosis		EDR4
w:inorganic	word	inorganic	1	325	87	21521	0.761131741821397	0.7346026218991288	AT2G03240	False	1.0		False		inorganic		PHO1-H5
p:gametophyte development	phrase	gametophyte development	1	325	87	21521	0.761131741821397	0.7346026218991288	AT3G49670	False	1.0		False		gametophyte development		BAM2
w:ras	word	ras	1	325	87	21521	0.761131741821397	0.7346026218991288	AT3G63130	False	1.0		False		ras		RANGAP1
p:electron transfer	phrase	electron transfer	1	325	87	21521	0.761131741821397	0.7346026218991288	AT5G47530	False	1.0		False		electron transfer		AT5G47530
w:metabolite	word	metabolite	1	325	88	21521	0.7524825174825175	0.7386267960095507	AT3G11240	False	1.0		False		metabolite		ATE2
w:agamous	word	agamous	1	325	88	21521	0.7524825174825175	0.7386267960095507	AT3G55510	False	1.0		False		agamous		RBL
w:absence	word	absence	1	325	89	21521	0.7440276577355228	0.7425901371795642	AT2G01830	False	1.0		False		absence		WOL
w:post‑translational	word	post-translational	1	325	89	21521	0.7440276577355228	0.7425901371795642	AT3G11240	False	1.0		False		post-translational		ATE2
w:aldehyde	word	aldehyde	1	325	89	21521	0.7440276577355228	0.7425901371795642	AT3G44550	False	1.0		False		aldehyde		FAR5
w:meiosis	word	meiosis	1	325	90	21521	0.7357606837606838	0.7464935622176678	AT1G79950	False	1.0		False		meiosis		RTEL1
p:pectin catabolic	phrase	pectin catabolic	1	325	91	21521	0.7276754015215553	0.7503379741573468	AT3G15720	False	1.0		False		pectin catabolic		AT3G15720
w:cis‑acting	word	cis-acting	1	325	92	21521	0.7197658862876255	0.7541242624634065	AT2G47260	False	1.0		False		cis-acting		WRKY23
p:translation initiation	phrase	translation initiation	1	325	92	21521	0.7197658862876255	0.7541242624634065	AT5G06000	False	1.0		False		translation initiation		EIF3G2
w:gated	word	gated	1	325	93	21521	0.7120264681555004	0.7578533032352295	AT4G27970	False	1.0		False		gated		SLAH2
w:elicitor	word	elicitor	1	325	94	21521	0.7044517184942716	0.7615259594069931	AT2G47260	False	1.0		False		elicitor		WRKY23
w:anther	word	anther	1	325	94	21521	0.7044517184942716	0.7615259594069931	AT3G49670	False	1.0		False		anther		BAM2
w:ros	word	ros	1	325	94	21521	0.7044517184942716	0.7615259594069931	AT5G13610	False	1.0		False		ros		RRL
w:stabilization	word	stabilization	1	325	95	21521	0.6970364372469636	0.7651430809448996	AT3G17310	False	1.0		False		stabilization		DRM3
w:triggered	word	triggered	1	325	95	21521	0.6970364372469636	0.7651430809448996	AT3G49670	False	1.0		False		triggered		BAM2
w:cytokinesis	word	cytokinesis	1	325	96	21521	0.6897756410256409	0.7687055050414604	AT3G63130	False	1.0		False		cytokinesis		RANGAP1
w:nodulin	word	nodulin	1	325	96	21521	0.6897756410256409	0.7687055050414604	AT4G19030	False	1.0		False		nodulin		NLM1
p:gdsl esterase	phrase	gdsl esterase	1	325	96	21521	0.6897756410256409	0.7687055050414604	AT5G45950	False	1.0		False		gdsl esterase		AT5G45950
k:ANK repeat	keyword	ANK repeat	1	325	96	21521	0.6897756410256409	0.7687055050414604	AT5G65860	False	1.0		False		ANK repeat		AT5G65860
w:branching	word	branching	1	325	97	21521	0.6826645519429024	0.7722140563068759	AT2G01830	False	1.0		False		branching		WOL
w:pore	word	pore	1	325	97	21521	0.6826645519429024	0.7722140563068759	AT3G16310	False	1.0		False		pore		NUP35
p:gdsl lipolytic	phrase	gdsl lipolytic	1	325	97	21521	0.6826645519429024	0.7722140563068759	AT5G45950	False	1.0		False		gdsl lipolytic		AT5G45950
w:invertase	word	invertase	1	325	97	21521	0.6826645519429024	0.7722140563068759	AT5G64620	False	1.0		False		invertase		C/VIF2
w:induction	word	induction	1	325	98	21521	0.6756985871271585	0.7756695469575605	AT1G04240	False	1.0		False		induction		SHY2
w:arf	word	arf	1	325	98	21521	0.6756985871271585	0.7756695469575605	AT1G04240	False	1.0		False		arf		SHY2
p:pyridoxal phosphate	phrase	pyridoxal phosphate	1	325	99	21521	0.6688733488733489	0.7790727770018486	AT1G70560	False	1.0		False		pyridoxal phosphate		TAA1
p:nuclear envelope	phrase	nuclear envelope	1	325	99	21521	0.6688733488733489	0.7790727770018486	AT3G63130	False	1.0		False		nuclear envelope		RANGAP1
p:esterase lipase	phrase	esterase lipase	1	325	100	21521	0.6621846153846154	0.7824245344229299	AT5G45950	False	1.0		False		esterase lipase		AT5G45950
w:cadmium	word	cadmium	1	325	101	21521	0.6556283320639756	0.7857255953590463	AT1G55020	False	1.0		False		cadmium		LOX1
w:polymer	word	polymer	1	325	101	21521	0.6556283320639756	0.7857255953590463	AT2G36870	False	1.0		False		polymer		XTH32
p:cell plate	phrase	cell plate	1	325	101	21521	0.6556283320639756	0.7857255953590463	AT3G63130	False	1.0		False		cell plate		RANGAP1
p:actin filament	phrase	actin filament	1	325	102	21521	0.6492006033182504	0.7889767242810031	AT2G16700	False	1.0		False		actin filament		ADF5
w:sirna	word	sirna	1	325	102	21521	0.6492006033182504	0.7889767242810031	AT3G17310	False	1.0		False		sirna		DRM3
w:trans	word	trans	1	325	102	21521	0.6492006033182504	0.7889767242810031	AT3G28180	False	1.0		False		trans		CSLC04
w:gdsl	word	gdsl	1	325	102	21521	0.6492006033182504	0.7889767242810031	AT5G45950	False	1.0		False		gdsl		AT5G45950
p:strand break	phrase	strand break	1	325	103	21521	0.6428976848394324	0.7921786741670234	AT1G79950	False	1.0		False		strand break		RTEL1
w:addition	word	addition	1	325	103	21521	0.6428976848394324	0.7921786741670234	AT3G57660	False	1.0		False		addition		NRPA1
w:acetyl	word	acetyl	1	325	103	21521	0.6428976848394324	0.7921786741670234	AT4G29720	False	1.0		False		acetyl		PAO5
p:systemic acquired	phrase	systemic acquired	1	325	104	21521	0.6367159763313609	0.7953321866749942	AT1G18870	False	1.0		False		systemic acquired		ICS2
p:acquired resistance	phrase	acquired resistance	1	325	104	21521	0.6367159763313609	0.7953321866749942	AT1G18870	False	1.0		False		acquired resistance		ICS2
w:ribonuclease	word	ribonuclease	1	325	104	21521	0.6367159763313609	0.7953321866749942	AT1G48460	False	1.0		False		ribonuclease		AT1G48460
p:stomatal closure	phrase	stomatal closure	1	325	104	21521	0.6367159763313609	0.7953321866749942	AT1G55020	False	1.0		False		stomatal closure		LOX1
w:length	word	length	1	325	104	21521	0.6367159763313609	0.7953321866749942	AT1G62570	False	1.0		False		length		FMOGS-OX4
w:limiting	word	limiting	1	325	105	21521	0.6306520146520146	0.7984379923121341	AT5G24140	False	1.0		False		limiting		SQP2
p:threonine phosphatase	phrase	threonine phosphatase	1	325	106	21521	0.6247024673439768	0.8014968106021303	AT2G01830	False	1.0		False		threonine phosphatase		WOL
w:phragmoplast	word	phragmoplast	1	325	106	21521	0.6247024673439768	0.8014968106021303	AT3G63130	False	1.0		False		phragmoplast		RANGAP1
w:tail	word	tail	1	325	106	21521	0.6247024673439768	0.8014968106021303	AT4G27490	False	1.0		False		tail		RRP41L
p:cytosolic large	phrase	cytosolic large	1	325	107	21521	0.6188641265276779	0.8045093502497749	AT1G15250	False	1.0		False		cytosolic large		RPL37A
p:double strand	phrase	double strand	1	325	107	21521	0.6188641265276779	0.8045093502497749	AT1G79950	False	1.0		False		double strand		RTEL1
w:pyridoxal	word	pyridoxal	1	325	108	21521	0.6131339031339031	0.807476309303143	AT1G70560	False	1.0		False		pyridoxal		TAA1
w:heterodimer	word	heterodimer	1	325	109	21521	0.6075088214537756	0.8103983753133459	AT1G04240	False	1.0		False		heterodimer		SHY2
w:plate	word	plate	1	325	109	21521	0.6075088214537756	0.8103983753133459	AT3G63130	False	1.0		False		plate		RANGAP1
p:lipid transfer	phrase	lipid transfer	1	325	110	21521	0.601986013986014	0.8132762254918983	AT1G55690	False	1.0		False		lipid transfer		SFH13
w:endo	word	endo	1	325	110	21521	0.601986013986014	0.8132762254918983	AT1G64390	False	1.0		False		endo		GH9C2
w:dehydratase	word	dehydratase	1	325	110	21521	0.601986013986014	0.8132762254918983	AT2G45310	False	1.0		False		dehydratase		GAE4
p:sugar transporter	phrase	sugar transporter	1	325	110	21521	0.601986013986014	0.8132762254918983	AT3G05400	False	1.0		False		sugar transporter		SUGTL5
w:nac	word	nac	1	325	110	21521	0.601986013986014	0.8132762254918983	AT5G13180	False	1.0		False		nac		NAC083
w:deposition	word	deposition	1	325	111	21521	0.5965627165627165	0.8161105268657312	AT1G78580	False	1.0		False		deposition		TPS1
p:high affinity	phrase	high affinity	1	325	111	21521	0.5965627165627165	0.8161105268657312	AT2G01830	False	1.0		False		high affinity		WOL
w:thioredoxin	word	thioredoxin	1	325	112	21521	0.5912362637362638	0.8189019364298897	AT2G30540	False	1.0		False		thioredoxin		GRXS9
w:locus	word	locus	1	325	112	21521	0.5912362637362638	0.8189019364298897	AT5G52470	False	1.0		False		locus		FIB1
w:closure	word	closure	1	325	113	21521	0.586004084411164	0.8216511012979494	AT1G55020	False	1.0		False		closure		LOX1
k:TPR repeat	keyword	TPR repeat	1	325	113	21521	0.586004084411164	0.8216511012979494	AT1G78120	False	1.0		False		TPR repeat		TPR12
w:meiotic	word	meiotic	1	325	113	21521	0.586004084411164	0.8216511012979494	AT1G79950	False	1.0		False		meiotic		RTEL1
w:acquired	word	acquired	1	325	114	21521	0.580863697705803	0.8243586588501806	AT1G18870	False	1.0		False		acquired		ICS2
k:Pyridoxal phosphate	keyword	Pyridoxal phosphate	1	325	114	21521	0.580863697705803	0.8243586588501806	AT1G70560	False	1.0		False		Pyridoxal phosphate		TAA1
w:non‑specific	word	non-specific	1	325	114	21521	0.580863697705803	0.8243586588501806	AT4G37070	False	1.0		False		non-specific		PLP1
p:lipolytic enzyme	phrase	lipolytic enzyme	1	325	116	21521	0.5708488063660477	0.8296514537352513	AT5G45950	False	1.0		False		lipolytic enzyme		AT5G45950
w:spindle	word	spindle	1	325	117	21521	0.5659697567389875	0.8322379184648024	AT3G63130	False	1.0		False		spindle		RANGAP1
w:heterodimerization	word	heterodimerization	1	325	117	21521	0.5659697567389875	0.8322379184648024	AT4G34590	False	1.0		False		heterodimerization		GBF6
w:peptidyl	word	peptidyl	1	325	118	21521	0.5611734028683181	0.8347852309530729	AT1G04870	False	1.0		False		peptidyl		PRMT10
w:able	word	able	1	325	118	21521	0.5611734028683181	0.8347852309530729	AT5G19260	False	1.0		False		able		FAF3
k:Dioxygenase	keyword	Dioxygenase	1	325	119	21521	0.5564576599870718	0.8372939820599387	AT1G55020	False	1.0		False		Dioxygenase		LOX1
w:sorting	word	sorting	1	325	120	21521	0.5518205128205128	0.8397647537555989	AT1G61570	False	1.0		False		sorting		TIM13
w:release	word	release	1	325	122	21521	0.5427742749054224	0.844594643143749	AT1G56350	False	1.0		False		release		PRFB2
k:Fatty acid metabolism	keyword	Fatty acid metabolism	1	325	124	21521	0.5340198511166253	0.8492793821028309	AT1G55020	False	1.0		False		Fatty acid metabolism		LOX1
w:epidermal	word	epidermal	1	325	124	21521	0.5340198511166253	0.8492793821028309	AT3G07050	False	1.0		False		epidermal		NSN1
w:stimulate	word	stimulate	1	325	124	21521	0.5340198511166253	0.8492793821028309	AT5G06000	False	1.0		False		stimulate		EIF3G2
k:Sugar transport	keyword	Sugar transport	1	325	125	21521	0.5297476923076924	0.8515686843796261	AT3G05400	False	1.0		False		Sugar transport		SUGTL5
w:bifunctional	word	bifunctional	1	325	126	21521	0.5255433455433456	0.8538233197122405	AT1G31860	False	1.0		False		bifunctional		AT-IE
w:post‑transcriptional	word	post-transcriptional	1	325	127	21521	0.521405208964264	0.8560438114670206	AT1G03360	False	1.0		False		post-transcriptional		RRP4
k:Protein phosphatase	keyword	Protein phosphatase	1	325	128	21521	0.5173317307692308	0.8582306751331523	AT2G01830	False	1.0		False		Protein phosphatase		WOL
w:inhibit	word	inhibit	1	325	128	21521	0.5173317307692308	0.8582306751331523	AT5G64620	False	1.0		False		inhibit		C/VIF2
w:recogniz	word	recogniz	1	325	129	21521	0.5133214072748956	0.8603844184408569	AT1G09810	False	1.0		False		recogniz		ECT11
p:stress granule	phrase	stress granule	1	325	129	21521	0.5133214072748956	0.8603844184408569	AT3G29250	False	1.0		False		stress granule		SDR4
p:dna damage	phrase	dna damage	1	325	129	21521	0.5133214072748956	0.8603844184408569	AT5G15920	False	1.0		False		dna damage		SMC5
k:Myristate	keyword	Myristate	1	325	131	21521	0.5054844392248973	0.8645945368038785	AT5G59010	False	1.0		False		Myristate		BSK5
p:phase transition	phrase	phase transition	1	325	132	21521	0.5016550116550117	0.8666518895639876	AT1G04870	False	1.0		False		phase transition		PRMT10
w:poly	word	poly	1	325	132	21521	0.5016550116550117	0.8666518895639876	AT4G27490	False	1.0		False		poly		RRP41L
p:electron transport	phrase	electron transport	1	325	132	21521	0.5016550116550117	0.8666518895639876	AT5G61310	False	1.0		False		electron transport		AT5G61310
p:mitochondrial matrix	phrase	mitochondrial matrix	1	325	134	21521	0.4941676234213548	0.870673571557808	AT1G80720	False	1.0		False		mitochondrial matrix		AT1G80720
w:derived	word	derived	1	325	135	21521	0.49050712250712253	0.8726388350002596	AT1G55020	False	1.0		False		derived		LOX1
w:state	word	state	1	325	135	21521	0.49050712250712253	0.8726388350002596	AT3G63130	False	1.0		False		state		RANGAP1
w:virus	word	virus	1	325	135	21521	0.49050712250712253	0.8726388350002596	AT5G13180	False	1.0		False		virus		NAC083
p:ester bond	phrase	ester bond	1	325	135	21521	0.49050712250712253	0.8726388350002596	AT5G45950	False	1.0		False		ester bond		AT5G45950
k:Isopeptide bond	keyword	Isopeptide bond	1	325	136	21521	0.48690045248868774	0.874574324508579	AT4G37410	False	1.0		False		Isopeptide bond		CYP81F4
w:organism	word	organism	1	325	136	21521	0.48690045248868774	0.874574324508579	AT5G60890	False	1.0		False		organism		MYB34
w:pre‑mrna	word	pre-mrna	1	325	137	21521	0.4833464345873105	0.8764804897896037	AT3G62310	False	1.0		False		pre-mrna		AT3G62310
k:Amino-acid biosynthesis	keyword	Amino-acid biosynthesis	1	325	138	21521	0.47984392419175026	0.8783577737784914	AT1G31860	False	1.0		False		Amino-acid biosynthesis		AT-IE
w:transporting	word	transporting	1	325	140	21521	0.47298901098901097	0.8820274363705036	AT2G01830	False	1.0		False		transporting		WOL
w:phosphorylate	word	phosphorylate	1	325	141	21521	0.46963447899618116	0.883820667892864	AT4G33770	False	1.0		False		phosphorylate		ITPK2
p:magnesium ion	phrase	magnesium ion	1	325	142	21521	0.46632719393282773	0.8855867241573551	AT4G33770	False	1.0		False		magnesium ion		ITPK2
w:oxoglutarate	word	oxoglutarate	1	325	143	21521	0.4630661646046262	0.8873260157354861	AT1G70560	False	1.0		False		oxoglutarate		TAA1
w:filament	word	filament	1	325	143	21521	0.4630661646046262	0.8873260157354861	AT2G16700	False	1.0		False		filament		ADF5
w:ribose	word	ribose	1	325	144	21521	0.45985042735042736	0.8890389470146499	AT5G52470	False	1.0		False		ribose		FIB1
w:potential	word	potential	1	325	144	21521	0.45985042735042736	0.8890389470146499	AT5G62090	False	1.0		False		potential		SLK2
k:Flowering	keyword	Flowering	1	325	151	21521	0.4385328578706062	0.9003240897410427	AT5G62090	False	1.0		False		Flowering		SLK2
w:oxygenase	word	oxygenase	1	325	152	21521	0.4356477732793522	0.9018399844922904	AT1G62570	False	1.0		False		oxygenase		FMOGS-OX4
w:maintaining	word	maintaining	1	325	152	21521	0.4356477732793522	0.9018399844922904	AT1G70560	False	1.0		False		maintaining		TAA1
w:cyclase	word	cyclase	1	325	154	21521	0.42999000999001	0.9048031687513872	AT5G48010	False	1.0		False		cyclase		THAS1
w:granule	word	granule	1	325	155	21521	0.42721588089330026	0.9062511478853696	AT3G29250	False	1.0		False		granule		SDR4
w:coupled	word	coupled	1	325	155	21521	0.42721588089330026	0.9062511478853696	AT4G15230	False	1.0		False		coupled		ABCG30
w:bound	word	bound	1	325	156	21521	0.4244773175542407	0.9076771694587691	AT3G63130	False	1.0		False		bound		RANGAP1
w:gdp	word	gdp	1	325	160	21521	0.4138653846153846	0.9131682447157073	AT3G63130	False	1.0		False		gdp		RANGAP1
w:effector	word	effector	1	325	160	21521	0.4138653846153846	0.9131682447157073	AT4G34760	False	1.0		False		effector		SAUR50
w:systemic	word	systemic	1	325	163	21521	0.40624823029731005	0.9170717722473432	AT1G18870	False	1.0		False		systemic		ICS2
w:respiratory	word	respiratory	1	325	163	21521	0.40624823029731005	0.9170717722473432	AT5G13610	False	1.0		False		respiratory		RRL
w:suppressor	word	suppressor	1	325	168	21521	0.39415750915750913	0.9231927103620211	AT1G04240	False	1.0		False		suppressor		SHY2
w:esterase	word	esterase	1	325	169	21521	0.3918252162039145	0.9243617437124797	AT5G45950	False	1.0		False		esterase		AT5G45950
k:Electron transport	keyword	Electron transport	1	325	170	21521	0.3895203619909502	0.9255130378907039	AT5G47530	False	1.0		False		Electron transport		AT5G47530
w:lumen	word	lumen	1	325	172	21521	0.38499105545617174	0.92776347812273	AT5G41190	False	1.0		False		lumen		NOB1
k:GPI-anchor	keyword	GPI-anchor	1	325	173	21521	0.3827656736327257	0.9288631488150394	AT3G61640	False	1.0		False		GPI-anchor		AGP20
k:Endosome	keyword	Endosome	1	325	174	21521	0.3805658709106985	0.9299461297329292	AT5G05190	False	1.0		False		Endosome		EDR4
w:diphosphate	word	diphosphate	1	325	180	21521	0.3678803418803419	0.9361074082872093	AT1G67110	False	1.0		False		diphosphate		CYP735A2
w:responsible	word	responsible	1	325	180	21521	0.3678803418803419	0.9361074082872093	AT4G28720	False	1.0		False		responsible		YUC8
w:magnesium	word	magnesium	1	325	180	21521	0.3678803418803419	0.9361074082872093	AT4G33770	False	1.0		False		magnesium		ITPK2
p:cytosolic ribosome	phrase	cytosolic ribosome	1	325	183	21521	0.361849516603615	0.938982354873864	AT3G04770	False	1.0		False		cytosolic ribosome		RPSAb
p:subsequent proteasomal	phrase	subsequent proteasomal	1	325	184	21521	0.35988294314381275	0.9399117172633097	AT5G37890	False	1.0		False		subsequent proteasomal		AT5G37890
w:activating	word	activating	1	325	187	21521	0.3541094199917729	0.9426159821800517	AT3G63130	False	1.0		False		activating		RANGAP1
w:late	word	late	1	325	189	21521	0.35036223036223035	0.9443510699850463	AT3G04770	False	1.0		False		late		RPSAb
p:immune response	phrase	immune response	1	325	189	21521	0.35036223036223035	0.9443510699850463	AT3G11240	False	1.0		False		immune response		ATE2
w:key	word	key	1	325	189	21521	0.35036223036223035	0.9443510699850463	AT3G11240	False	1.0		False		key		ATE2
w:monoatomic	word	monoatomic	1	325	195	21521	0.33958185404339253	0.9492487368885407	AT4G27970	False	1.0		False		monoatomic		SLAH2
p:alpha beta	phrase	alpha beta	1	325	198	21521	0.33443667443667446	0.9515339506471512	AT5G19290	False	1.0		False		alpha beta		MAGL16
w:mechanism	word	mechanism	1	325	202	21521	0.3278141660319878	0.9544221088935798	AT1G52160	False	1.0		False		mechanism		TRZ3
w:proteasome	word	proteasome	1	325	203	21521	0.32619931792345586	0.9551169264089224	AT1G32640	False	1.0		False		proteasome		MYC2
w:actin	word	actin	1	325	203	21521	0.32619931792345586	0.9551169264089224	AT2G16700	False	1.0		False		actin		ADF5
p:proteasomal degradation	phrase	proteasomal degradation	1	325	203	21521	0.32619931792345586	0.9551169264089224	AT5G37890	False	1.0		False		proteasomal degradation		AT5G37890
p:rna modification	phrase	rna modification	1	325	208	21521	0.31835798816568045	0.9584357761701071	AT4G20020	False	1.0		False		rna modification		MORF1
w:immune	word	immune	1	325	222	21521	0.29828135828135827	0.96648327802707	AT3G11240	False	1.0		False		immune		ATE2
w:translocation	word	translocation	1	325	226	21521	0.293002042205582	0.9684827844889129	AT3G57660	False	1.0		False		translocation		NRPA1
k:Ubl conjugation	keyword	Ubl conjugation	1	325	230	21521	0.28790635451505014	0.9703633515255441	AT4G37410	False	1.0		False		Ubl conjugation		CYP81F4
w:proteasomal	word	proteasomal	1	325	247	21521	0.26809093740267825	0.977185133618089	AT5G37890	False	1.0		False		proteasomal		AT5G37890
w:cytoskeleton	word	cytoskeleton	1	325	270	21521	0.24525356125356126	0.9839910440769921	AT2G16700	False	1.0		False		cytoskeleton		ADF5
w:peroxisome	word	peroxisome	1	325	275	21521	0.2407944055944056	0.9851784343183023	AT2G29440	False	1.0		False		peroxisome		GSTU6
w:iii	word	iii	1	325	275	21521	0.2407944055944056	0.9851784343183023	AT5G09380	False	1.0		False		iii		AT5G09380
w:adp	word	adp	1	325	278	21521	0.23819590481460987	0.9858482901018603	AT3G20240	False	1.0		False		adp		AT3G20240
w:secretory	word	secretory	1	325	279	21521	0.23734215605183348	0.9860647993386392	AT1G55690	False	1.0		False		secretory		SFH13
p:rich repeat	phrase	rich repeat	1	325	290	21521	0.22833952254641912	0.9882391242944043	AT3G49670	False	1.0		False		rich repeat		BAM2
w:chaperone	word	chaperone	1	325	291	21521	0.22755485064763414	0.9884191574819282	AT1G61570	False	1.0		False		chaperone		TIM13
k:Signal-anchor	keyword	Signal-anchor	1	325	291	21521	0.22755485064763414	0.9884191574819282	AT2G43200	False	1.0		False		Signal-anchor		AT2G43200
p:cell cycle	phrase	cell cycle	1	325	296	21521	0.2237110187110187	0.9892789366123655	AT4G26600	False	1.0		False		cell cycle		NOP2B
w:microtubule	word	microtubule	1	325	321	21521	0.20628804217589264	0.9927120226311063	AT5G60150	False	1.0		False		microtubule		AT5G60150
w:acceptor	word	acceptor	1	325	334	21521	0.19825886688162137	0.9940384357297102	AT3G44550	False	1.0		False		acceptor		FAR5
k:Manganese	keyword	Manganese	1	325	355	21521	0.18653087757313108	0.9956916687100424	AT1G52160	False	1.0		False		Manganese		TRZ3
k:Ion transport	keyword	Ion transport	1	325	360	21521	0.18394017094017096	0.9960124632382098	AT4G27970	False	1.0		False		Ion transport		SLAH2
w:lrr	word	lrr	1	325	366	21521	0.1809247583018075	0.9963661343503498	AT3G49670	False	1.0		False		lrr		BAM2
w:bond	word	bond	1	325	376	21521	0.1761129296235679	0.9968874463115277	AT5G45950	False	1.0		False		bond		AT5G45950
k:Protease	keyword	Protease	1	325	451	21521	0.1468258570697595	0.9990279184077252	AT1G73300	False	1.0		False		Protease		scpl2
w:cycle	word	cycle	1	325	460	21521	0.14395317725752507	0.9991548550065125	AT4G26600	False	1.0		False		cycle		NOP2B
w:peptidase	word	peptidase	1	325	525	21521	0.12613040293040292	0.9996929229665531	AT1G73300	False	1.0		False		peptidase		scpl2
k:Receptor	keyword	Receptor	1	325	550	21521	0.1203972027972028	0.9997921391171039	AT3G49670	False	1.0		False		Receptor		BAM2
w:envelope	word	envelope	1	325	594	21521	0.11147889147889148	0.9998955274041094	AT3G63130	False	1.0		False		envelope		RANGAP1
