concept	layer	label	k	n	K	N	fold	p	fdr	log10_p	log10_fdr	tested	status	representative	group	display	merged	genes	symbols
p:cell wall	phrase	cell wall	47	247	1141	21633	3.607713242521121	1.344053527522313e-14	2.0999492314008582e-10	-13.871583434969203	-9.677791204689406	True	significant	True	cell wall	cell wall	Cell wall biogenesis/degradation, wall, cell	AT1G10550, AT1G11545, AT1G13250, AT1G19300, AT1G24170, AT1G29670, AT1G32640, AT1G35140, AT1G65310, AT1G76670, AT2G06850, AT2G19800, AT2G21140, AT2G28110, AT2G30010, AT2G33570, AT2G34510, AT2G44500, AT3G02250, AT3G23730, AT3G28180, AT3G28200, AT3G28340, AT3G29030, AT3G43720, AT3G45230, AT3G57420, AT4G02330, AT4G08950, AT4G13340, AT4G15290, AT4G15800, AT4G16563, AT4G18030, AT4G25810, AT4G30280, AT4G30290, AT4G30440, AT4G31590, AT4G39990, AT5G11800, AT5G16590, AT5G22940, AT5G44670, AT5G51550, AT5G57560, AT5G62090	XTH33, XTH8, GATL3, PARVUS, LGT9, AtGELP16, MYC2, PHI-1, XTH17, URGT1, XTH4, MIOX2, PRP2, FRA8, TBL45, GALS1, ATHB-1, OFUT20, RRT2, XTH16, CSLC04, PER31, GATL10, EXPA5, LTPG2, APAP1, STL2, ATPMEPCRB, EXO, LRX3, ATCSLB05, RALFL33, AT4G16563, AT4G18030, XTR6, XTH18, XTH19, GAE1, CSLC5, RABA4B, KEA6, LRR1, F8H, GALS2, EXL3, TCH4, SLK2
k:Cell wall biogenesis/degradation	keyword	Cell wall biogenesis/degradation	28	247	410	21633	5.981277772291894	3.560764445417133e-14	2.781669184759859e-10	-13.44845675517696	-9.555694520561143	True	significant	False	cell wall	Cell wall biogenesis/degradation		AT1G10550, AT1G11545, AT1G13250, AT1G19300, AT1G24170, AT1G65310, AT1G75680, AT1G78240, AT2G06850, AT2G28110, AT2G33570, AT2G44500, AT3G02250, AT3G23730, AT3G28180, AT3G28340, AT3G29030, AT4G02330, AT4G13340, AT4G15290, AT4G24510, AT4G25810, AT4G30280, AT4G30290, AT4G31590, AT5G22940, AT5G44670, AT5G57560	XTH33, XTH8, GATL3, PARVUS, LGT9, XTH17, GH9B7, TSD2, XTH4, FRA8, GALS1, OFUT20, RRT2, XTH16, CSLC04, GATL10, EXPA5, ATPMEPCRB, LRX3, ATCSLB05, CER2, XTR6, XTH18, XTH19, CSLC5, F8H, GALS2, TCH4
w:xyloglucan	word	xyloglucan	14	247	71	21633	17.26988652563152	5.973272912818064e-14	3.1108805329956536e-10	-13.223787642322533	-9.507116666762396	True	significant	True	xyloglucan	xyloglucan	xyloglucan metabolic, religate xyloglucan, xyloglucan endohydrolysis, xyloglucan endotransglucosylase, xyloglucan polymer, glucan	AT1G10550, AT1G11545, AT1G65310, AT1G74380, AT2G06850, AT2G28110, AT3G23730, AT3G28180, AT4G25810, AT4G30280, AT4G30290, AT4G31590, AT5G57560, AT5G62220	XTH33, XTH8, XTH17, XXT5, XTH4, FRA8, XTH16, CSLC04, XTR6, XTH18, XTH19, CSLC5, TCH4, GT18
w:wall	word	wall	47	247	1244	21633	3.309003866331671	3.1635999711278986e-13	1.2357021487225546e-09	-12.49981843709445	-8.908086198142616	True	significant	False	cell wall	wall		AT1G10550, AT1G11545, AT1G13250, AT1G19300, AT1G24170, AT1G29670, AT1G32640, AT1G35140, AT1G65310, AT1G76670, AT2G06850, AT2G19800, AT2G21140, AT2G28110, AT2G30010, AT2G33570, AT2G34510, AT2G44500, AT3G02250, AT3G23730, AT3G28180, AT3G28200, AT3G28340, AT3G29030, AT3G43720, AT3G45230, AT3G57420, AT4G02330, AT4G08950, AT4G13340, AT4G15290, AT4G15800, AT4G16563, AT4G18030, AT4G25810, AT4G30280, AT4G30290, AT4G30440, AT4G31590, AT4G39990, AT5G11800, AT5G16590, AT5G22940, AT5G44670, AT5G51550, AT5G57560, AT5G62090	XTH33, XTH8, GATL3, PARVUS, LGT9, AtGELP16, MYC2, PHI-1, XTH17, URGT1, XTH4, MIOX2, PRP2, FRA8, TBL45, GALS1, ATHB-1, OFUT20, RRT2, XTH16, CSLC04, PER31, GATL10, EXPA5, LTPG2, APAP1, STL2, ATPMEPCRB, EXO, LRX3, ATCSLB05, RALFL33, AT4G16563, AT4G18030, XTR6, XTH18, XTH19, GAE1, CSLC5, RABA4B, KEA6, LRR1, F8H, GALS2, EXL3, TCH4, SLK2
w:cell	word	cell	88	247	3660	21633	2.105820667684343	8.332530923025432e-13	2.6037492628269822e-09	-12.079223065945333	-8.584400840001555	True	significant	False	cell wall	cell		AT1G02860, AT1G03870, AT1G10550, AT1G11260, AT1G11545, AT1G13250, AT1G13590, AT1G19300, AT1G24170, AT1G29440, AT1G29670, AT1G30690, AT1G32640, AT1G35140, AT1G44830, AT1G55330, AT1G65310, AT1G72430, AT1G76670, AT1G78170, AT1G78240, AT2G06850, AT2G19580, AT2G19800, AT2G20080, AT2G21140, AT2G26580, AT2G28110, AT2G30010, AT2G33460, AT2G33570, AT2G34510, AT2G34770, AT2G41420, AT2G42580, AT2G44500, AT2G45450, AT3G02170, AT3G02250, AT3G03830, AT3G04630, AT3G11700, AT3G20300, AT3G23730, AT3G28180, AT3G28200, AT3G28340, AT3G29030, AT3G43400, AT3G43720, AT3G45230, AT3G57420, AT3G58620, AT4G02330, AT4G08950, AT4G11280, AT4G13340, AT4G14750, AT4G15290, AT4G15800, AT4G16515, AT4G16563, AT4G18030, AT4G25810, AT4G27970, AT4G30280, AT4G30290, AT4G30440, AT4G31590, AT4G36110, AT4G37450, AT4G38860, AT4G39990, AT5G04870, AT5G11060, AT5G11800, AT5G13220, AT5G16590, AT5G22940, AT5G44670, AT5G46590, AT5G48870, AT5G50915, AT5G51550, AT5G57560, AT5G62090, AT5G64770, AT5G65390	NLA, FLA9, XTH33, STP1, XTH8, GATL3, PSK1, PARVUS, LGT9, SAUR63, AtGELP16, PATL4, MYC2, PHI-1, ERF014, AGP21, XTH17, SAUR78, URGT1, CLG4, TSD2, XTH4, TET2, MIOX2, SPEAR1, PRP2, YAB5, FRA8, TBL45, RIC1, GALS1, ATHB-1, FAH1, WIH2, TTL3, OFUT20, ZPR1, LNG2, RRT2, SAUR28, WDL1, FLA18, AT3G20300, XTH16, CSLC04, PER31, GATL10, EXPA5, ELMOD_D, LTPG2, APAP1, STL2, TTL4, ATPMEPCRB, EXO, ACS6, LRX3, IQD19, ATCSLB05, RALFL33, RGF6, AT4G16563, AT4G18030, XTR6, SLAH2, XTH18, XTH19, GAE1, CSLC5, SAUR9, AGP18, SAUR16, RABA4B, CPK1, KNAT4, KEA6, JAZ10, LRR1, F8H, GALS2, NAC096, SAD1, BHLH137, EXL3, TCH4, SLK2, RGF9, AGP7
p:auxin responsive	phrase	auxin responsive	16	247	142	21633	9.868506586075155	7.755728245502852e-12	2.0195916351289422e-08	-11.110377416657052	-7.6947364367608975	True	significant	True	auxin responsive	auxin responsive	responsive	AT1G04240, AT1G29430, AT1G29440, AT1G29450, AT1G29460, AT1G29500, AT1G29510, AT1G59500, AT1G72430, AT3G03830, AT4G03400, AT4G14560, AT4G36110, AT4G38840, AT4G38860, AT5G43700	SHY2, SAUR62, SAUR63, SAUR64, SAUR65, SAUR66, SAUR68, GH3.4, SAUR78, SAUR28, DFL2, IAA1, SAUR9, SAUR14, SAUR16, ATAUX2-11
p:xyloglucan metabolic	phrase	xyloglucan metabolic	10	247	42	21633	20.853094274146905	3.351311503256139e-11	5.4111212048339074e-08	-10.474785202765226	-7.266712738105672	True	significant	False	xyloglucan	xyloglucan metabolic		AT1G10550, AT1G11545, AT1G65310, AT1G74380, AT2G06850, AT3G23730, AT4G25810, AT4G30280, AT4G30290, AT5G57560	XTH33, XTH8, XTH17, XXT5, XTH4, XTH16, XTR6, XTH18, XTH19, TCH4
k:Growth regulation	keyword	Growth regulation	16	247	158	21633	8.869164146978937	3.9919141743127415e-11	5.4111212048339074e-08	-10.398818804564794	-7.266712738105672	True	significant	True	Growth regulation	Growth regulation		AT1G29430, AT1G29440, AT1G29450, AT1G29460, AT1G29500, AT1G29510, AT1G72430, AT1G75080, AT2G19620, AT2G26710, AT2G33460, AT3G03830, AT3G14370, AT4G36110, AT4G38840, AT4G38860	SAUR62, SAUR63, SAUR64, SAUR65, SAUR66, SAUR68, SAUR78, BZR1, NDL3, BAS1, RIC1, SAUR28, WAG2, SAUR9, SAUR14, SAUR16
w:saur	word	saur	11	247	58	21633	16.610568197682536	4.8822072215939544e-11	5.4111212048339074e-08	-10.311383791226723	-7.266712738105672	True	significant	True	saur	saur	auxin upregulated, upregulated	AT1G29430, AT1G29440, AT1G29450, AT1G29460, AT1G29500, AT1G29510, AT1G72430, AT3G03830, AT4G36110, AT4G38840, AT4G38860	SAUR62, SAUR63, SAUR64, SAUR65, SAUR66, SAUR68, SAUR78, SAUR28, SAUR9, SAUR14, SAUR16
w:xet	word	xet	9	247	32	21633	24.63271761133603	6.359891010330861e-11	5.4111212048339074e-08	-10.196550326807163	-7.266712738105672	True	significant	True	xet	xet	endotransglucosylase hydrolase, wall construction, xyloglucosyl transferase, endohydrolysis, endotransglucosylase, religate, xeh, xth, xyloglucosyl, construction, growing tissue, endotransglycosylation, polymer, growing, glycosyl compound, cleave, hydrolyzing, carbohydrate metabolic, participate, glycosyl hydrolase, Glycosidase, constituent	AT1G10550, AT1G11545, AT1G65310, AT2G06850, AT3G23730, AT4G25810, AT4G30280, AT4G30290, AT5G57560	XTH33, XTH8, XTH17, XTH4, XTH16, XTR6, XTH18, XTH19, TCH4
k:Golgi apparatus	keyword	Golgi apparatus	28	247	562	21633	4.363565634590171	6.923979675791897e-11	5.4111212048339074e-08	-10.159644215595081	-7.266712738105672	True	significant	True	Golgi apparatus	Golgi apparatus	golgi, golgi apparatus, apparatus	AT1G04430, AT1G13250, AT1G24170, AT1G32930, AT1G74380, AT1G76670, AT1G78240, AT2G28110, AT2G33570, AT2G34300, AT2G44500, AT3G02250, AT3G23300, AT3G28180, AT3G28340, AT3G57420, AT4G14360, AT4G15290, AT4G18030, AT4G30440, AT4G31590, AT4G39990, AT5G03520, AT5G04160, AT5G11800, AT5G22940, AT5G44670, AT5G62220	AT1G04430, GATL3, LGT9, GALT31A, XXT5, URGT1, TSD2, FRA8, GALS1, AT2G34300, OFUT20, RRT2, AT3G23300, CSLC04, GATL10, STL2, AT4G14360, ATCSLB05, AT4G18030, GAE1, CSLC5, RABA4B, RAB8C, UUAT1, KEA6, F8H, GALS2, GT18
p:wall biogenesis	phrase	wall biogenesis	16	247	165	21633	8.492896577107103	7.702227707317771e-11	5.4111212048339074e-08	-10.113383646117109	-7.266712738105672	True	significant	True	wall biogenesis	wall biogenesis	biogenesis	AT1G10550, AT1G11545, AT1G32640, AT1G65310, AT1G76670, AT2G06850, AT2G28110, AT2G33570, AT3G23730, AT4G13340, AT4G25810, AT4G30280, AT4G30290, AT4G39990, AT5G44670, AT5G57560	XTH33, XTH8, MYC2, XTH17, URGT1, XTH4, FRA8, GALS1, XTH16, LRX3, XTR6, XTH18, XTH19, RABA4B, GALS2, TCH4
p:endotransglucosylase hydrolase	phrase	endotransglucosylase hydrolase	9	247	33	21633	23.88627162311373	8.658348062010217e-11	5.4111212048339074e-08	-10.062564959713432	-7.266712738105672	True	significant	False	xet	endotransglucosylase hydrolase		AT1G10550, AT1G11545, AT1G65310, AT2G06850, AT3G23730, AT4G25810, AT4G30280, AT4G30290, AT5G57560	XTH33, XTH8, XTH17, XTH4, XTH16, XTR6, XTH18, XTH19, TCH4
p:religate xyloglucan	phrase	religate xyloglucan	9	247	33	21633	23.88627162311373	8.658348062010217e-11	5.4111212048339074e-08	-10.062564959713432	-7.266712738105672	True	significant	False	xyloglucan	religate xyloglucan		AT1G10550, AT1G11545, AT1G65310, AT2G06850, AT3G23730, AT4G25810, AT4G30280, AT4G30290, AT5G57560	XTH33, XTH8, XTH17, XTH4, XTH16, XTR6, XTH18, XTH19, TCH4
p:wall construction	phrase	wall construction	9	247	33	21633	23.88627162311373	8.658348062010217e-11	5.4111212048339074e-08	-10.062564959713432	-7.266712738105672	True	significant	False	xet	wall construction		AT1G10550, AT1G11545, AT1G65310, AT2G06850, AT3G23730, AT4G25810, AT4G30280, AT4G30290, AT5G57560	XTH33, XTH8, XTH17, XTH4, XTH16, XTR6, XTH18, XTH19, TCH4
p:xyloglucan endohydrolysis	phrase	xyloglucan endohydrolysis	9	247	33	21633	23.88627162311373	8.658348062010217e-11	5.4111212048339074e-08	-10.062564959713432	-7.266712738105672	True	significant	False	xyloglucan	xyloglucan endohydrolysis		AT1G10550, AT1G11545, AT1G65310, AT2G06850, AT3G23730, AT4G25810, AT4G30280, AT4G30290, AT5G57560	XTH33, XTH8, XTH17, XTH4, XTH16, XTR6, XTH18, XTH19, TCH4
p:xyloglucan endotransglucosylase	phrase	xyloglucan endotransglucosylase	9	247	33	21633	23.88627162311373	8.658348062010217e-11	5.4111212048339074e-08	-10.062564959713432	-7.266712738105672	True	significant	False	xyloglucan	xyloglucan endotransglucosylase		AT1G10550, AT1G11545, AT1G65310, AT2G06850, AT3G23730, AT4G25810, AT4G30280, AT4G30290, AT5G57560	XTH33, XTH8, XTH17, XTH4, XTH16, XTR6, XTH18, XTH19, TCH4
p:xyloglucan polymer	phrase	xyloglucan polymer	9	247	33	21633	23.88627162311373	8.658348062010217e-11	5.4111212048339074e-08	-10.062564959713432	-7.266712738105672	True	significant	False	xyloglucan	xyloglucan polymer		AT1G10550, AT1G11545, AT1G65310, AT2G06850, AT3G23730, AT4G25810, AT4G30280, AT4G30290, AT5G57560	XTH33, XTH8, XTH17, XTH4, XTH16, XTR6, XTH18, XTH19, TCH4
p:xyloglucosyl transferase	phrase	xyloglucosyl transferase	9	247	33	21633	23.88627162311373	8.658348062010217e-11	5.4111212048339074e-08	-10.062564959713432	-7.266712738105672	True	significant	False	xet	xyloglucosyl transferase		AT1G10550, AT1G11545, AT1G65310, AT2G06850, AT3G23730, AT4G25810, AT4G30280, AT4G30290, AT5G57560	XTH33, XTH8, XTH17, XTH4, XTH16, XTR6, XTH18, XTH19, TCH4
w:endohydrolysis	word	endohydrolysis	9	247	33	21633	23.88627162311373	8.658348062010217e-11	5.4111212048339074e-08	-10.062564959713432	-7.266712738105672	True	significant	False	xet	endohydrolysis		AT1G10550, AT1G11545, AT1G65310, AT2G06850, AT3G23730, AT4G25810, AT4G30280, AT4G30290, AT5G57560	XTH33, XTH8, XTH17, XTH4, XTH16, XTR6, XTH18, XTH19, TCH4
w:endotransglucosylase	word	endotransglucosylase	9	247	33	21633	23.88627162311373	8.658348062010217e-11	5.4111212048339074e-08	-10.062564959713432	-7.266712738105672	True	significant	False	xet	endotransglucosylase		AT1G10550, AT1G11545, AT1G65310, AT2G06850, AT3G23730, AT4G25810, AT4G30280, AT4G30290, AT5G57560	XTH33, XTH8, XTH17, XTH4, XTH16, XTR6, XTH18, XTH19, TCH4
w:religate	word	religate	9	247	33	21633	23.88627162311373	8.658348062010217e-11	5.4111212048339074e-08	-10.062564959713432	-7.266712738105672	True	significant	False	xet	religate		AT1G10550, AT1G11545, AT1G65310, AT2G06850, AT3G23730, AT4G25810, AT4G30280, AT4G30290, AT5G57560	XTH33, XTH8, XTH17, XTH4, XTH16, XTR6, XTH18, XTH19, TCH4
w:xeh	word	xeh	9	247	33	21633	23.88627162311373	8.658348062010217e-11	5.4111212048339074e-08	-10.062564959713432	-7.266712738105672	True	significant	False	xet	xeh		AT1G10550, AT1G11545, AT1G65310, AT2G06850, AT3G23730, AT4G25810, AT4G30280, AT4G30290, AT5G57560	XTH33, XTH8, XTH17, XTH4, XTH16, XTR6, XTH18, XTH19, TCH4
w:xth	word	xth	9	247	33	21633	23.88627162311373	8.658348062010217e-11	5.4111212048339074e-08	-10.062564959713432	-7.266712738105672	True	significant	False	xet	xth		AT1G10550, AT1G11545, AT1G65310, AT2G06850, AT3G23730, AT4G25810, AT4G30280, AT4G30290, AT5G57560	XTH33, XTH8, XTH17, XTH4, XTH16, XTR6, XTH18, XTH19, TCH4
w:xyloglucosyl	word	xyloglucosyl	9	247	33	21633	23.88627162311373	8.658348062010217e-11	5.4111212048339074e-08	-10.062564959713432	-7.266712738105672	True	significant	False	xet	xyloglucosyl		AT1G10550, AT1G11545, AT1G65310, AT2G06850, AT3G23730, AT4G25810, AT4G30280, AT4G30290, AT5G57560	XTH33, XTH8, XTH17, XTH4, XTH16, XTR6, XTH18, XTH19, TCH4
w:polysaccharide	word	polysaccharide	19	247	255	21633	6.525791855203621	1.2453782693080583e-10	7.483765415257346e-08	-9.904698716583091	-7.125879834274111	True	significant	True	polysaccharide	polysaccharide		AT1G04680, AT1G10550, AT1G11545, AT1G65310, AT2G06850, AT2G28110, AT2G30010, AT2G33570, AT2G44500, AT3G23730, AT3G28180, AT4G15290, AT4G25810, AT4G30280, AT4G30290, AT4G31590, AT5G04160, AT5G44670, AT5G57560	PLL26, XTH33, XTH8, XTH17, XTH4, FRA8, TBL45, GALS1, OFUT20, XTH16, CSLC04, ATCSLB05, XTR6, XTH18, XTH19, CSLC5, UUAT1, GALS2, TCH4
w:construction	word	construction	9	247	35	21633	22.521341816078657	1.5539420017073816e-10	8.992144383213392e-08	-9.80856519454958	-7.046136728428769	True	significant	False	xet	construction		AT1G10550, AT1G11545, AT1G65310, AT2G06850, AT3G23730, AT4G25810, AT4G30280, AT4G30290, AT5G57560	XTH33, XTH8, XTH17, XTH4, XTH16, XTR6, XTH18, XTH19, TCH4
w:responsive	word	responsive	32	247	767	21633	3.654049374765768	2.592221235441998e-10	1.4464594493766345e-07	-9.586327935968315	-6.8396937370307365	True	significant	False	auxin responsive	responsive		AT1G04240, AT1G11260, AT1G21910, AT1G29430, AT1G29440, AT1G29450, AT1G29460, AT1G29500, AT1G29510, AT1G35140, AT1G44830, AT1G59500, AT1G72430, AT1G78170, AT2G26710, AT3G03830, AT3G30775, AT3G54810, AT4G03400, AT4G08950, AT4G14560, AT4G24510, AT4G31800, AT4G36110, AT4G38840, AT4G38860, AT5G05410, AT5G25190, AT5G43700, AT5G46590, AT5G48870, AT5G50915	SHY2, STP1, DREB26, SAUR62, SAUR63, SAUR64, SAUR65, SAUR66, SAUR68, PHI-1, ERF014, GH3.4, SAUR78, CLG4, BAS1, SAUR28, ERD5, BME3, DFL2, EXO, IAA1, CER2, WRKY18, SAUR9, SAUR14, SAUR16, DREB2A, ESE3, ATAUX2-11, NAC096, SAD1, BHLH137
w:auxin	word	auxin	34	247	893	21633	3.3346269455186763	7.416209416719187e-10	3.995546756097258e-07	-9.129818015211798	-6.398423782830957	True	significant	True	auxin	auxin		AT1G04240, AT1G04610, AT1G29430, AT1G29440, AT1G29450, AT1G29460, AT1G29500, AT1G29510, AT1G30690, AT1G59500, AT1G72430, AT2G06850, AT2G19580, AT2G19620, AT2G33460, AT2G42580, AT3G03830, AT3G14370, AT3G28200, AT4G03400, AT4G11280, AT4G14560, AT4G16515, AT4G27280, AT4G30290, AT4G36110, AT4G38840, AT4G38860, AT5G37770, AT5G43700, AT5G46590, AT5G57560, AT5G62090, AT5G64770	SHY2, YUC3, SAUR62, SAUR63, SAUR64, SAUR65, SAUR66, SAUR68, PATL4, GH3.4, SAUR78, XTH4, TET2, NDL3, RIC1, TTL3, SAUR28, WAG2, PER31, DFL2, ACS6, IAA1, RGF6, KRP1, XTH19, SAUR9, SAUR14, SAUR16, TCH2, ATAUX2-11, NAC096, TCH4, SLK2, RGF9
p:growing tissue	phrase	growing tissue	9	247	42	21633	18.767784846732212	9.153854218172455e-10	4.767327276824214e-07	-9.038396008311102	-6.321725032750966	True	significant	False	xet	growing tissue		AT1G10550, AT1G11545, AT1G65310, AT2G06850, AT3G23730, AT4G25810, AT4G30280, AT4G30290, AT5G57560	XTH33, XTH8, XTH17, XTH4, XTH16, XTR6, XTH18, XTH19, TCH4
w:golgi	word	golgi	37	247	1047	21633	3.095101098569655	9.491408912843066e-10	4.783670092072911e-07	-9.022669315743755	-6.320238779298229	True	significant	False	Golgi apparatus	golgi		AT1G04200, AT1G04430, AT1G12500, AT1G13250, AT1G19300, AT1G24170, AT1G32930, AT1G35140, AT1G74380, AT1G76670, AT1G78240, AT2G28110, AT2G33570, AT2G34300, AT2G44500, AT3G02250, AT3G23300, AT3G28180, AT3G28340, AT3G57420, AT4G08950, AT4G14360, AT4G15290, AT4G18030, AT4G25810, AT4G30280, AT4G30440, AT4G31590, AT4G39990, AT5G03520, AT5G04160, AT5G11800, AT5G22940, AT5G25110, AT5G44670, AT5G57560, AT5G62220	AT1G04200, AT1G04430, AT1G12500, GATL3, PARVUS, LGT9, GALT31A, PHI-1, XXT5, URGT1, TSD2, FRA8, GALS1, AT2G34300, OFUT20, RRT2, AT3G23300, CSLC04, GATL10, STL2, EXO, AT4G14360, ATCSLB05, AT4G18030, XTR6, XTH18, GAE1, CSLC5, RABA4B, RAB8C, UUAT1, KEA6, F8H, CIPK25, GALS2, TCH4, GT18
k:Signal-anchor	keyword	Signal-anchor	19	247	291	21633	5.71847739888977	1.1605967992909397e-09	5.666613872538011e-07	-8.93531863147285	-6.246676379512958	True	significant	True	Signal-anchor	Signal-anchor		AT1G04430, AT1G13250, AT1G19300, AT1G24170, AT1G32930, AT1G74380, AT1G78240, AT2G28110, AT2G30010, AT2G34300, AT2G44500, AT3G02250, AT3G23300, AT3G28340, AT3G57420, AT4G14360, AT4G18030, AT5G22940, AT5G62220	AT1G04430, GATL3, PARVUS, LGT9, GALT31A, XXT5, TSD2, FRA8, TBL45, AT2G34300, OFUT20, RRT2, AT3G23300, GATL10, STL2, AT4G14360, AT4G18030, F8H, GT18
w:response	word	response	103	247	5289	21633	1.7056246139149085	1.555514956948878e-09	7.364656268899788e-07	-8.808125808605979	-6.132847518204068	True	significant	True	response	response		AT1G02860, AT1G04200, AT1G04240, AT1G04610, AT1G10140, AT1G21910, AT1G29430, AT1G29440, AT1G29450, AT1G29460, AT1G29500, AT1G29510, AT1G30690, AT1G32640, AT1G35140, AT1G44810, AT1G44830, AT1G61350, AT1G65310, AT1G66180, AT1G66400, AT1G70700, AT1G72430, AT1G74890, AT1G75080, AT1G76670, AT1G78070, AT1G78170, AT1G78240, AT2G04240, AT2G05940, AT2G06850, AT2G19620, AT2G21190, AT2G26710, AT2G31730, AT2G33460, AT2G33570, AT2G34770, AT2G36220, AT2G38610, AT2G41940, AT2G42580, AT2G45400, AT3G02170, AT3G03830, AT3G04630, AT3G11700, AT3G15530, AT3G28200, AT3G28340, AT3G29030, AT3G30775, AT3G43720, AT3G50830, AT3G51810, AT3G53810, AT3G54810, AT3G56880, AT3G58620, AT4G01120, AT4G02330, AT4G03400, AT4G08950, AT4G09890, AT4G11280, AT4G14560, AT4G15800, AT4G16515, AT4G23060, AT4G27280, AT4G30280, AT4G30290, AT4G30340, AT4G30440, AT4G31800, AT4G35320, AT4G36110, AT4G37240, AT4G38860, AT5G04870, AT5G05410, AT5G11060, AT5G13220, AT5G16590, AT5G17640, AT5G25110, AT5G25190, AT5G37770, AT5G43700, AT5G43760, AT5G44060, AT5G44670, AT5G46590, AT5G46790, AT5G48870, AT5G50570, AT5G50915, AT5G54640, AT5G57560, AT5G61450, AT5G62090, AT5G64770	NLA, AT1G04200, SHY2, YUC3, AT1G10140, DREB26, SAUR62, SAUR63, SAUR64, SAUR65, SAUR66, SAUR68, PATL4, MYC2, PHI-1, GPL4, ERF014, AT1G61350, XTH17, AT1G66180, CML23, TIFY7, SAUR78, ARR15, BZR1, URGT1, AT1G78070, CLG4, TSD2, XERICO, RIPK, XTH4, NDL3, AT2G21190, BAS1, BHLH154, RIC1, GALS1, FAH1, AT2G36220, KH9, ZFP8, TTL3, BEN1, LNG2, SAUR28, WDL1, FLA18, AT3G15530, PER31, GATL10, EXPA5, ERD5, LTPG2, COR413-PM2, EM1, LECRK42, BME3, VQ24, TTL4, GBF2, ATPMEPCRB, DFL2, EXO, AT4G09890, ACS6, IAA1, RALFL33, RGF6, IQD22, KRP1, XTH18, XTH19, DGK7, GAE1, WRKY18, AT4G35320, SAUR9, AP22.53, SAUR16, CPK1, DREB2A, KNAT4, JAZ10, LRR1, ASG1, CIPK25, ESE3, TCH2, ATAUX2-11, KCS20, MRH10.17, GALS2, NAC096, PYL1, SAD1, SPL13A, BHLH137, RAT5, TCH4, MCI2.1, SLK2, RGF9
w:endotransglycosylation	word	endotransglycosylation	8	247	31	21633	22.602063471333423	1.6216210055005721e-09	7.451825467629686e-07	-8.790050638689799	-6.127737325452256	True	significant	False	xet	endotransglycosylation		AT1G10550, AT1G11545, AT1G65310, AT2G06850, AT3G23730, AT4G25810, AT4G30280, AT5G57560	XTH33, XTH8, XTH17, XTH4, XTH16, XTR6, XTH18, TCH4
k:Glycoprotein	keyword	Glycoprotein	53	247	2012	21633	2.3071067521993545	5.774142715637223e-09	2.5775773082604567e-06	-8.238512486155376	-5.588788300225853	True	significant	True	Glycoprotein	Glycoprotein		AT1G03870, AT1G04430, AT1G04680, AT1G10550, AT1G11545, AT1G13250, AT1G19300, AT1G24170, AT1G55330, AT1G65310, AT1G66180, AT1G74380, AT1G75680, AT1G76160, AT1G78240, AT2G06850, AT2G28110, AT2G34300, AT2G34510, AT2G41820, AT2G44500, AT3G02250, AT3G09780, AT3G11700, AT3G23300, AT3G23730, AT3G28200, AT3G28340, AT3G43720, AT3G53810, AT3G57420, AT4G02330, AT4G13340, AT4G14360, AT4G15800, AT4G16563, AT4G18030, AT4G22010, AT4G25810, AT4G28780, AT4G30280, AT4G30290, AT4G31590, AT4G37450, AT5G15350, AT5G22940, AT5G45950, AT5G51550, AT5G56170, AT5G57560, AT5G57920, AT5G62220, AT5G65390	FLA9, AT1G04430, PLL26, XTH33, XTH8, GATL3, PARVUS, LGT9, AGP21, XTH17, AT1G66180, XXT5, GH9B7, sks5, TSD2, XTH4, FRA8, AT2G34300, ATHB-1, PXC3, OFUT20, RRT2, CCR1, FLA18, AT3G23300, XTH16, PER31, GATL10, LTPG2, LECRK42, STL2, ATPMEPCRB, LRX3, AT4G14360, RALFL33, AT4G16563, AT4G18030, sks4, XTR6, AtGELP82, XTH18, XTH19, CSLC5, AGP18, ENODL17, F8H, AtGELP102, EXL3, LLG1, TCH4, ENODL10, GT18, AGP7
p:auxin upregulated	phrase	auxin upregulated	9	247	53	21633	14.872584218165152	8.156275270114403e-09	3.5398234672296553e-06	-8.088508125430147	-5.451018395917636	True	significant	False	saur	auxin upregulated		AT1G29430, AT1G29450, AT1G29460, AT1G29500, AT1G29510, AT1G72430, AT4G36110, AT4G38840, AT4G38860	SAUR62, SAUR64, SAUR65, SAUR66, SAUR68, SAUR78, SAUR9, SAUR14, SAUR16
w:hypoxia	word	hypoxia	32	247	924	21633	3.0331773489668223	2.350403966865095e-08	9.925057183324393e-06	-7.628857488578084	-5.003266982365281	True	significant	True	hypoxia	hypoxia		AT1G04200, AT1G10140, AT1G35140, AT1G61350, AT1G66180, AT1G72430, AT1G78070, AT2G21190, AT2G33570, AT2G36220, AT3G02170, AT3G04630, AT3G11700, AT3G15530, AT3G28340, AT3G29030, AT3G30775, AT3G50830, AT3G56880, AT4G09890, AT4G27280, AT4G30280, AT4G30440, AT4G35320, AT5G05410, AT5G17640, AT5G25110, AT5G44060, AT5G44670, AT5G46790, AT5G57560, AT5G61450	AT1G04200, AT1G10140, PHI-1, AT1G61350, AT1G66180, SAUR78, AT1G78070, AT2G21190, GALS1, AT2G36220, LNG2, WDL1, FLA18, AT3G15530, GATL10, EXPA5, ERD5, COR413-PM2, VQ24, AT4G09890, KRP1, XTH18, GAE1, AT4G35320, DREB2A, ASG1, CIPK25, MRH10.17, GALS2, PYL1, TCH4, MCI2.1
p:golgi apparatus	phrase	golgi apparatus	30	247	832	21633	3.158040719402055	2.7652114227243566e-08	1.1369385070696149e-05	-7.5582716577725675	-4.9442630241095795	True	significant	False	Golgi apparatus	golgi apparatus		AT1G04200, AT1G04430, AT1G13250, AT1G32930, AT1G35140, AT1G74380, AT1G76670, AT1G78240, AT2G28110, AT2G33570, AT2G34300, AT3G23300, AT3G28180, AT3G57420, AT4G08950, AT4G14360, AT4G15290, AT4G18030, AT4G25810, AT4G30280, AT4G30440, AT4G31590, AT4G39990, AT5G03520, AT5G04160, AT5G11800, AT5G22940, AT5G25110, AT5G57560, AT5G62220	AT1G04200, AT1G04430, GATL3, GALT31A, PHI-1, XXT5, URGT1, TSD2, FRA8, GALS1, AT2G34300, AT3G23300, CSLC04, STL2, EXO, AT4G14360, ATCSLB05, AT4G18030, XTR6, XTH18, GAE1, CSLC5, RABA4B, RAB8C, UUAT1, KEA6, F8H, CIPK25, TCH4, GT18
w:polymer	word	polymer	11	247	111	21633	8.679395995185468	5.962650350444987e-08	2.38872946347058e-05	-7.224560656916967	-4.621833033663668	True	significant	False	xet	polymer		AT1G10550, AT1G11545, AT1G65310, AT2G06850, AT2G19800, AT2G30010, AT3G23730, AT4G25810, AT4G30280, AT4G30290, AT5G57560	XTH33, XTH8, XTH17, XTH4, MIOX2, TBL45, XTH16, XTR6, XTH18, XTH19, TCH4
w:brassinosteroid	word	brassinosteroid	14	247	197	21633	6.224172301115929	6.586195875481213e-08	2.572568108962962e-05	-7.181365357381225	-4.589633118429389	True	significant	True	brassinosteroid	brassinosteroid		AT1G35140, AT1G73830, AT1G75080, AT2G26710, AT2G41820, AT2G42580, AT2G45400, AT3G05800, AT4G02330, AT4G08950, AT4G36110, AT4G38860, AT5G51550, AT5G57560	PHI-1, BEE3, BZR1, BAS1, PXC3, TTL3, BEN1, AIF1, ATPMEPCRB, EXO, SAUR9, SAUR16, EXL3, TCH4
w:apparatus	word	apparatus	30	247	871	21633	3.01663591107062	7.572161842573666e-08	2.8855477226431953e-05	-7.120780112274863	-4.5397717387148	True	significant	False	Golgi apparatus	apparatus		AT1G04200, AT1G04430, AT1G13250, AT1G32930, AT1G35140, AT1G74380, AT1G76670, AT1G78240, AT2G28110, AT2G33570, AT2G34300, AT3G23300, AT3G28180, AT3G57420, AT4G08950, AT4G14360, AT4G15290, AT4G18030, AT4G25810, AT4G30280, AT4G30440, AT4G31590, AT4G39990, AT5G03520, AT5G04160, AT5G11800, AT5G22940, AT5G25110, AT5G57560, AT5G62220	AT1G04200, AT1G04430, GATL3, GALT31A, PHI-1, XXT5, URGT1, TSD2, FRA8, GALS1, AT2G34300, AT3G23300, CSLC04, STL2, EXO, AT4G14360, ATCSLB05, AT4G18030, XTR6, XTH18, GAE1, CSLC5, RABA4B, RAB8C, UUAT1, KEA6, F8H, CIPK25, TCH4, GT18
k:Cell membrane	keyword	Cell membrane	38	247	1308	21633	2.544460127028935	1.0529288547141564e-07	3.91689533953666e-05	-6.977600972640634	-4.407058032758736	True	significant	True	Cell membrane	Cell membrane		AT1G02860, AT1G03870, AT1G10550, AT1G11260, AT1G29430, AT1G29440, AT1G29450, AT1G29460, AT1G29500, AT1G29510, AT1G52290, AT1G52540, AT1G55330, AT1G65310, AT1G68780, AT2G05940, AT2G40270, AT2G41820, AT3G03830, AT3G14380, AT3G43720, AT3G50830, AT3G53810, AT4G14750, AT4G23060, AT4G27970, AT4G36110, AT4G37450, AT4G38860, AT5G03520, AT5G03960, AT5G15350, AT5G16590, AT5G46790, AT5G52900, AT5G56170, AT5G57920, AT5G65390	NLA, FLA9, XTH33, STP1, SAUR62, SAUR63, SAUR64, SAUR65, SAUR66, SAUR68, PERK15, AT1G52540, AGP21, XTH17, AT1G68780, RIPK, AT2G40270, PXC3, SAUR28, CASPL2A2, LTPG2, COR413-PM2, LECRK42, IQD19, IQD22, SLAH2, SAUR9, AGP18, SAUR16, RAB8C, IQD12, ENODL17, LRR1, PYL1, MAKR6, LLG1, ENODL10, AGP7
w:osmotic	word	osmotic	32	247	997	21633	2.811089137858921	1.3437505221478788e-07	4.882501897218251e-05	-6.871681353984302	-4.31135757928409	True	significant	True	osmotic	osmotic stress	osmotic stress, salt, salt stress	AT1G04200, AT1G10140, AT1G21910, AT1G61350, AT1G66180, AT1G78070, AT2G04240, AT2G21190, AT2G33570, AT2G36220, AT2G42580, AT3G02170, AT3G04630, AT3G11700, AT3G15530, AT3G28340, AT3G29030, AT3G30775, AT3G50830, AT3G56880, AT3G58620, AT4G09890, AT4G35320, AT5G11800, AT5G17640, AT5G44060, AT5G44670, AT5G46590, AT5G46790, AT5G48870, AT5G61450, AT5G62090	AT1G04200, AT1G10140, DREB26, AT1G61350, AT1G66180, AT1G78070, XERICO, AT2G21190, GALS1, AT2G36220, TTL3, LNG2, WDL1, FLA18, AT3G15530, GATL10, EXPA5, ERD5, COR413-PM2, VQ24, TTL4, AT4G09890, AT4G35320, KEA6, ASG1, MRH10.17, GALS2, NAC096, PYL1, SAD1, MCI2.1, SLK2
p:stamen filament	phrase	stamen filament	6	247	24	21633	21.89574898785425	2.3622203545926053e-07	8.388029731853389e-05	-6.6266795926158295	-4.076340038822218	True	significant	True	stamen filament	stamen filament	stimulated, filament, petal, stamen	AT1G29430, AT1G29440, AT1G29450, AT1G29460, AT1G29500, AT1G29510	SAUR62, SAUR63, SAUR64, SAUR65, SAUR66, SAUR68
p:osmotic stress	phrase	osmotic stress	31	247	974	21633	2.78754915245783	2.582790168134733e-07	8.967447463763789e-05	-6.587910875484782	-4.047331158980328	True	significant	False	osmotic	osmotic stress		AT1G04200, AT1G10140, AT1G21910, AT1G61350, AT1G66180, AT1G78070, AT2G04240, AT2G21190, AT2G33570, AT2G36220, AT2G42580, AT3G02170, AT3G04630, AT3G11700, AT3G15530, AT3G28340, AT3G29030, AT3G30775, AT3G50830, AT3G56880, AT3G58620, AT4G09890, AT4G35320, AT5G17640, AT5G44060, AT5G44670, AT5G46590, AT5G46790, AT5G48870, AT5G61450, AT5G62090	AT1G04200, AT1G10140, DREB26, AT1G61350, AT1G66180, AT1G78070, XERICO, AT2G21190, GALS1, AT2G36220, TTL3, LNG2, WDL1, FLA18, AT3G15530, GATL10, EXPA5, ERD5, COR413-PM2, VQ24, TTL4, AT4G09890, AT4G35320, ASG1, MRH10.17, GALS2, NAC096, PYL1, SAD1, MCI2.1, SLK2
w:pectin	word	pectin	17	247	334	21633	4.457817159203859	3.2918889476162345e-07	0.00011180972373381746	-6.482554824204293	-3.951520425606069	True	significant	True	pectin	pectin		AT1G04680, AT1G13250, AT1G19300, AT1G24170, AT1G44830, AT1G78240, AT2G28110, AT2G30010, AT2G33570, AT3G02250, AT3G06770, AT3G28340, AT3G45230, AT4G02330, AT4G30440, AT5G22940, AT5G44670	PLL26, GATL3, PARVUS, LGT9, ERF014, TSD2, FRA8, TBL45, GALS1, RRT2, PGF4, GATL10, APAP1, ATPMEPCRB, GAE1, F8H, GALS2
k:Secreted	keyword	Secreted	31	247	992	21633	2.7369686234817814	3.8374418780143194e-07	0.00012756636574913984	-6.415958189299465	-3.8942638169553843	True	significant	True	Secreted	Secreted		AT1G10550, AT1G10740, AT1G11545, AT1G13590, AT1G29660, AT1G29670, AT1G35140, AT1G65310, AT1G75680, AT2G06850, AT2G21140, AT2G34510, AT3G11700, AT3G23730, AT3G28200, AT3G29030, AT4G02330, AT4G08950, AT4G13340, AT4G15800, AT4G16515, AT4G18970, AT4G25810, AT4G28780, AT4G30280, AT4G30290, AT5G45670, AT5G45950, AT5G51550, AT5G57560, AT5G64770	XTH33, LDAH1, XTH8, PSK1, AtGELP15, AtGELP16, PHI-1, XTH17, GH9B7, XTH4, PRP2, ATHB-1, FLA18, XTH16, PER31, EXPA5, ATPMEPCRB, EXO, LRX3, RALFL33, RGF6, AtGELP80, XTR6, AtGELP82, XTH18, XTH19, AtGELP100, AtGELP102, EXL3, TCH4, RGF9
k:Apoplast	keyword	Apoplast	13	247	197	21633	5.779588565321934	4.5971131685996067e-07	0.00014963603363791724	-6.337514804952458	-3.824963812048247	True	significant	True	Apoplast	Apoplast	apoplast	AT1G10550, AT1G11545, AT1G29660, AT1G35140, AT1G65310, AT2G06850, AT3G23730, AT4G08950, AT4G25810, AT4G30280, AT4G30290, AT5G51550, AT5G57560	XTH33, XTH8, AtGELP15, PHI-1, XTH17, XTH4, XTH16, EXO, XTR6, XTH18, XTH19, EXL3, TCH4
w:glucan	word	glucan	13	247	198	21633	5.750398724082934	4.870851015961935e-07	0.00015531056382324336	-6.312395153929594	-3.8087990036783097	True	significant	False	xyloglucan	glucan		AT1G10550, AT1G11545, AT1G65310, AT2G06850, AT3G23730, AT3G28180, AT3G29030, AT4G25810, AT4G30280, AT4G30290, AT4G31590, AT5G57560, AT5G62220	XTH33, XTH8, XTH17, XTH4, XTH16, CSLC04, EXPA5, XTR6, XTH18, XTH19, CSLC5, TCH4, GT18
w:bending	word	bending	7	247	43	21633	14.257697015346952	5.274317321472524e-07	0.00016481186766137347	-6.277833745073713	-3.783011519129934	True	significant	True	bending	bending		AT1G75080, AT3G28180, AT4G16515, AT4G31590, AT4G36110, AT4G38860, AT5G64770	BZR1, CSLC04, RGF6, CSLC5, SAUR9, SAUR16, RGF9
w:aba	word	aba	38	247	1409	21633	2.3620680242397776	6.774552529451449e-07	0.0002075404092551951	-6.16911938538462	-3.6828973312027578	True	significant	True	aba	aba		AT1G04200, AT1G10140, AT1G32640, AT1G61350, AT1G66180, AT1G75080, AT1G78070, AT1G78170, AT2G04240, AT2G21190, AT2G33460, AT2G33570, AT2G36220, AT2G38610, AT2G41940, AT3G02170, AT3G04630, AT3G11700, AT3G15530, AT3G28340, AT3G29030, AT3G50830, AT3G51810, AT3G54810, AT3G56880, AT4G09890, AT4G24510, AT4G35320, AT5G17640, AT5G25110, AT5G37770, AT5G44060, AT5G44670, AT5G46590, AT5G46790, AT5G48870, AT5G61450, AT5G63470	AT1G04200, AT1G10140, MYC2, AT1G61350, AT1G66180, BZR1, AT1G78070, CLG4, XERICO, AT2G21190, RIC1, GALS1, AT2G36220, KH9, ZFP8, LNG2, WDL1, FLA18, AT3G15530, GATL10, EXPA5, COR413-PM2, EM1, BME3, VQ24, AT4G09890, CER2, AT4G35320, ASG1, CIPK25, TCH2, MRH10.17, GALS2, NAC096, PYL1, SAD1, MCI2.1, NF-YC4
w:apoplast	word	apoplast	18	247	414	21633	3.8079563457137824	1.4521172608231563e-06	0.0004363053862134805	-5.837998312236326	-3.3602094255913277	True	significant	False	Apoplast	apoplast		AT1G10550, AT1G11545, AT1G29440, AT1G29660, AT1G29670, AT1G35140, AT1G65310, AT2G06850, AT3G23730, AT4G08950, AT4G15800, AT4G25810, AT4G30280, AT4G30290, AT4G36110, AT4G38860, AT5G51550, AT5G57560	XTH33, XTH8, SAUR63, AtGELP15, AtGELP16, PHI-1, XTH17, XTH4, XTH16, EXO, RALFL33, XTR6, XTH18, XTH19, SAUR9, SAUR16, EXL3, TCH4
w:stimulated	word	stimulated	8	247	72	21633	9.73144399460189	1.6438955914015642e-06	0.00048460801358600074	-5.784125769227903	-3.314609408548894	True	significant	False	stamen filament	stimulated		AT1G29430, AT1G29440, AT1G29450, AT1G29460, AT1G29500, AT1G29510, AT1G70700, AT5G13220	SAUR62, SAUR63, SAUR64, SAUR65, SAUR66, SAUR68, TIFY7, JAZ10
w:hypocotyl	word	hypocotyl	21	247	563	21633	3.266861305470261	2.2286102008148888e-06	0.0006448112181024412	-5.65196588595631	-3.1905674154994803	True	significant	True	hypocotyl	hypocotyl		AT1G04240, AT1G19300, AT1G29430, AT1G29440, AT1G29450, AT1G29460, AT1G29500, AT1G29510, AT1G66400, AT1G75080, AT1G78240, AT2G26710, AT3G04630, AT3G57420, AT4G03400, AT4G11280, AT4G14560, AT4G16515, AT4G24510, AT5G46590, AT5G64770	SHY2, PARVUS, SAUR62, SAUR63, SAUR64, SAUR65, SAUR66, SAUR68, CML23, BZR1, TSD2, BAS1, WDL1, STL2, DFL2, ACS6, IAA1, RGF6, CER2, NAC096, RGF9
k:Auxin signaling pathway	keyword	Auxin signaling pathway	11	247	168	21633	5.7346009253903985	3.842169072091342e-06	0.001091455446951911	-5.415423528214373	-2.9619939874288193	True	significant	True	Auxin signaling pathway	Auxin signaling pathway		AT1G04240, AT1G29430, AT1G29440, AT1G29450, AT1G29460, AT1G29500, AT1G29510, AT3G03830, AT3G14370, AT4G14560, AT5G43700	SHY2, SAUR62, SAUR63, SAUR64, SAUR65, SAUR66, SAUR68, SAUR28, WAG2, IAA1, ATAUX2-11
w:glycosyltransferase	word	glycosyltransferase	18	247	448	21633	3.5189596587622898	4.3858640962814335e-06	0.0012236560828625194	-5.357944829828922	-2.9123406265553244	True	significant	True	glycosyltransferase	glycosyltransferase	Glycosyltransferase	AT1G12990, AT1G13250, AT1G19300, AT1G24170, AT1G32930, AT1G74380, AT2G28110, AT2G33570, AT2G44500, AT3G02250, AT3G28180, AT3G28340, AT3G57420, AT4G15290, AT4G31590, AT5G22940, AT5G44670, AT5G62220	AT1G12990, GATL3, PARVUS, LGT9, GALT31A, XXT5, FRA8, GALS1, OFUT20, RRT2, CSLC04, GATL10, STL2, ATCSLB05, CSLC5, F8H, GALS2, GT18
w:endohydrolytic	word	endohydrolytic	3	247	4	21633	65.68724696356276	5.832814254073742e-06	0.001571239481131865	-5.234121853454305	-2.803757616737444	True	significant	True	endohydrolytic	endohydrolytic	non-detectable	AT1G65310, AT4G30280, AT4G30290	XTH17, XTH18, XTH19
w:non‑detectable	word	non-detectable	3	247	4	21633	65.68724696356276	5.832814254073742e-06	0.001571239481131865	-5.234121853454305	-2.803757616737444	True	significant	False	endohydrolytic	non-detectable		AT1G65310, AT4G30280, AT4G30290	XTH17, XTH18, XTH19
k:Glycosyltransferase	keyword	Glycosyltransferase	18	247	461	21633	3.41972652304882	6.498512661398858e-06	0.0017208942681643353	-5.187186030566565	-2.764245811928911	True	significant	False	glycosyltransferase	Glycosyltransferase		AT1G13250, AT1G19300, AT1G24170, AT1G32930, AT1G74380, AT2G28110, AT2G33570, AT2G44500, AT3G02250, AT3G28180, AT3G28340, AT3G57420, AT4G15290, AT4G31590, AT5G11160, AT5G22940, AT5G44670, AT5G62220	GATL3, PARVUS, LGT9, GALT31A, XXT5, FRA8, GALS1, OFUT20, RRT2, CSLC04, GATL10, STL2, ATCSLB05, CSLC5, APT5, F8H, GALS2, GT18
k:Cell wall	keyword	Cell wall	14	247	293	21633	4.184853048873167	7.5866917917050915e-06	0.0019569430181313073	-5.119947558730265	-2.7084218198562686	True	significant	True	Cell wall	Cell wall		AT1G10550, AT1G11545, AT1G65310, AT2G06850, AT2G21140, AT2G34510, AT3G23730, AT3G29030, AT4G02330, AT4G13340, AT4G25810, AT4G30280, AT4G30290, AT5G57560	XTH33, XTH8, XTH17, XTH4, PRP2, ATHB-1, XTH16, EXPA5, ATPMEPCRB, LRX3, XTR6, XTH18, XTH19, TCH4
w:rha	word	rha	4	247	12	21633	29.194331983805668	7.640394528034418e-06	0.0019569430181313073	-5.1168842151253	-2.7084218198562686	True	significant	True	rha	rha	gala, xyl	AT1G19300, AT1G76670, AT4G30440, AT5G04160	PARVUS, URGT1, GAE1, UUAT1
w:root	word	root	46	247	2087	21633	1.9304349850336284	1.0184922465134704e-05	0.002566600461213946	-4.992042272809357	-2.590641732027813	True	significant	True	root	root		AT1G04240, AT1G04610, AT1G11260, AT1G19300, AT1G32640, AT1G65310, AT1G70700, AT1G74380, AT1G74890, AT1G78240, AT2G19620, AT2G20080, AT2G33460, AT2G33570, AT2G42580, AT3G04630, AT3G09780, AT3G14370, AT3G28180, AT3G29030, AT3G30775, AT3G51810, AT3G54810, AT3G57420, AT3G58620, AT4G00360, AT4G08950, AT4G14560, AT4G15290, AT4G15800, AT4G16515, AT4G27280, AT4G30280, AT4G30290, AT4G30340, AT4G31590, AT4G36110, AT4G37450, AT4G39990, AT5G11060, AT5G13220, AT5G43760, AT5G46790, AT5G48870, AT5G62090, AT5G64770	SHY2, YUC3, STP1, PARVUS, MYC2, XTH17, TIFY7, XXT5, ARR15, TSD2, NDL3, SPEAR1, RIC1, GALS1, TTL3, WDL1, CCR1, WAG2, CSLC04, EXPA5, ERD5, EM1, BME3, STL2, TTL4, CYP86A2, EXO, IAA1, ATCSLB05, RALFL33, RGF6, KRP1, XTH18, XTH19, DGK7, CSLC5, SAUR9, AGP18, RABA4B, KNAT4, JAZ10, KCS20, PYL1, SAD1, SLK2, RGF9
w:col	word	col	26	247	884	21633	2.5759704691593237	1.0481335473964536e-05	0.002599371197543206	-4.979583378418852	-2.5851316975926353	True	significant	True	col	col	high throughput, seedling screened, throughput method, screened, throughput, method, bulk, stressor, oxidative stress, oxidative, heat	AT1G04200, AT1G10140, AT1G32640, AT1G61350, AT1G66180, AT1G70700, AT1G78070, AT2G21190, AT2G33570, AT2G36220, AT3G02170, AT3G04630, AT3G11700, AT3G15530, AT3G28340, AT3G29030, AT3G50830, AT3G56880, AT4G09890, AT4G35320, AT5G13220, AT5G17640, AT5G44060, AT5G44670, AT5G46790, AT5G61450	AT1G04200, AT1G10140, MYC2, AT1G61350, AT1G66180, TIFY7, AT1G78070, AT2G21190, GALS1, AT2G36220, LNG2, WDL1, FLA18, AT3G15530, GATL10, EXPA5, COR413-PM2, VQ24, AT4G09890, AT4G35320, JAZ10, ASG1, MRH10.17, GALS2, PYL1, MCI2.1
w:upregulated	word	upregulated	10	247	153	21633	5.724378820354053	1.0800878844136798e-05	0.0026007970856177	-4.966540905473187	-2.584893530170212	True	significant	False	saur	upregulated		AT1G29430, AT1G29450, AT1G29460, AT1G29500, AT1G29510, AT1G72430, AT4G36110, AT4G38840, AT4G38860, AT5G57560	SAUR62, SAUR64, SAUR65, SAUR66, SAUR68, SAUR78, SAUR9, SAUR14, SAUR16, TCH4
w:reduced	word	reduced	42	247	1835	21633	2.0046244304956478	1.0820008356704463e-05	0.0026007970856177	-4.965772403807154	-2.584893530170212	True	significant	True	reduced	reduced		AT1G01600, AT1G02860, AT1G11260, AT1G19300, AT1G29430, AT1G30690, AT1G65310, AT1G70700, AT1G75080, AT1G78170, AT1G78240, AT2G28110, AT2G33570, AT2G41820, AT2G42580, AT2G45400, AT2G47240, AT3G02170, AT3G28180, AT3G43720, AT3G54810, AT3G58620, AT4G00360, AT4G08950, AT4G11280, AT4G14560, AT4G14750, AT4G24510, AT4G30340, AT4G30440, AT4G31590, AT4G33790, AT5G04870, AT5G13220, AT5G25110, AT5G43760, AT5G44670, AT5G46790, AT5G50570, AT5G50915, AT5G54640, AT5G56170	CYP86A4, NLA, STP1, PARVUS, SAUR62, PATL4, XTH17, TIFY7, BZR1, CLG4, TSD2, FRA8, GALS1, PXC3, TTL3, BEN1, LACS1, LNG2, CSLC04, LTPG2, BME3, TTL4, CYP86A2, EXO, ACS6, IAA1, IQD19, CER2, DGK7, GAE1, CSLC5, CER4, CPK1, JAZ10, CIPK25, KCS20, GALS2, PYL1, SPL13A, BHLH137, RAT5, LLG1
w:change	word	change	28	247	1011	21633	2.4256418265476523	1.4241152737266492e-05	0.003205783744115937	-4.846454855701132	-2.494065777647764	True	significant	True	change	change	cold	AT1G04200, AT1G10140, AT1G35140, AT1G61350, AT1G66180, AT1G78070, AT2G21190, AT2G33570, AT2G36220, AT3G02170, AT3G04630, AT3G11700, AT3G15530, AT3G28340, AT3G29030, AT3G50830, AT3G56880, AT4G09890, AT4G11280, AT4G35320, AT5G17640, AT5G37770, AT5G44060, AT5G44670, AT5G46790, AT5G50570, AT5G57560, AT5G61450	AT1G04200, AT1G10140, PHI-1, AT1G61350, AT1G66180, AT1G78070, AT2G21190, GALS1, AT2G36220, LNG2, WDL1, FLA18, AT3G15530, GATL10, EXPA5, COR413-PM2, VQ24, AT4G09890, ACS6, AT4G35320, ASG1, TCH2, MRH10.17, GALS2, PYL1, SPL13A, TCH4, MCI2.1
p:auxin polar	phrase	auxin polar	8	247	96	21633	7.298582995951417	1.439366830945052e-05	0.003205783744115937	-4.8418285095014575	-2.494065777647764	True	significant	True	auxin polar	auxin polar	polar	AT1G29430, AT1G29440, AT1G30690, AT2G19620, AT3G03830, AT3G14370, AT4G16515, AT5G64770	SAUR62, SAUR63, PATL4, NDL3, SAUR28, WAG2, RGF6, RGF9
w:elongation	word	elongation	25	247	847	21633	2.5850943315058146	1.4745771445648516e-05	0.003205783744115937	-4.831332501794843	-2.494065777647764	True	significant	True	elongation	elongation		AT1G11260, AT1G19300, AT1G29430, AT1G29440, AT1G29450, AT1G29460, AT1G29500, AT1G29510, AT1G32930, AT1G66400, AT1G74380, AT2G26710, AT2G33460, AT2G45400, AT3G02170, AT3G30775, AT4G03400, AT4G14560, AT4G15290, AT4G24510, AT4G30340, AT4G36110, AT4G38860, AT5G11060, AT5G43760	STP1, PARVUS, SAUR62, SAUR63, SAUR64, SAUR65, SAUR66, SAUR68, GALT31A, CML23, XXT5, BAS1, RIC1, BEN1, LNG2, ERD5, DFL2, IAA1, ATCSLB05, CER2, DGK7, SAUR9, SAUR16, KNAT4, KCS20
p:high throughput	phrase	high throughput	23	247	741	21633	2.7185005490993137	1.497838026884686e-05	0.003205783744115937	-4.824535147807106	-2.494065777647764	True	significant	False	col	high throughput		AT1G04200, AT1G10140, AT1G61350, AT1G66180, AT1G78070, AT2G21190, AT2G33570, AT2G36220, AT3G02170, AT3G04630, AT3G11700, AT3G15530, AT3G28340, AT3G29030, AT3G50830, AT3G56880, AT4G09890, AT4G35320, AT5G17640, AT5G44060, AT5G44670, AT5G46790, AT5G61450	AT1G04200, AT1G10140, AT1G61350, AT1G66180, AT1G78070, AT2G21190, GALS1, AT2G36220, LNG2, WDL1, FLA18, AT3G15530, GATL10, EXPA5, COR413-PM2, VQ24, AT4G09890, AT4G35320, ASG1, MRH10.17, GALS2, PYL1, MCI2.1
p:seedling screened	phrase	seedling screened	23	247	741	21633	2.7185005490993137	1.497838026884686e-05	0.003205783744115937	-4.824535147807106	-2.494065777647764	True	significant	False	col	seedling screened		AT1G04200, AT1G10140, AT1G61350, AT1G66180, AT1G78070, AT2G21190, AT2G33570, AT2G36220, AT3G02170, AT3G04630, AT3G11700, AT3G15530, AT3G28340, AT3G29030, AT3G50830, AT3G56880, AT4G09890, AT4G35320, AT5G17640, AT5G44060, AT5G44670, AT5G46790, AT5G61450	AT1G04200, AT1G10140, AT1G61350, AT1G66180, AT1G78070, AT2G21190, GALS1, AT2G36220, LNG2, WDL1, FLA18, AT3G15530, GATL10, EXPA5, COR413-PM2, VQ24, AT4G09890, AT4G35320, ASG1, MRH10.17, GALS2, PYL1, MCI2.1
p:throughput method	phrase	throughput method	23	247	741	21633	2.7185005490993137	1.497838026884686e-05	0.003205783744115937	-4.824535147807106	-2.494065777647764	True	significant	False	col	throughput method		AT1G04200, AT1G10140, AT1G61350, AT1G66180, AT1G78070, AT2G21190, AT2G33570, AT2G36220, AT3G02170, AT3G04630, AT3G11700, AT3G15530, AT3G28340, AT3G29030, AT3G50830, AT3G56880, AT4G09890, AT4G35320, AT5G17640, AT5G44060, AT5G44670, AT5G46790, AT5G61450	AT1G04200, AT1G10140, AT1G61350, AT1G66180, AT1G78070, AT2G21190, GALS1, AT2G36220, LNG2, WDL1, FLA18, AT3G15530, GATL10, EXPA5, COR413-PM2, VQ24, AT4G09890, AT4G35320, ASG1, MRH10.17, GALS2, PYL1, MCI2.1
w:screened	word	screened	23	247	741	21633	2.7185005490993137	1.497838026884686e-05	0.003205783744115937	-4.824535147807106	-2.494065777647764	True	significant	False	col	screened		AT1G04200, AT1G10140, AT1G61350, AT1G66180, AT1G78070, AT2G21190, AT2G33570, AT2G36220, AT3G02170, AT3G04630, AT3G11700, AT3G15530, AT3G28340, AT3G29030, AT3G50830, AT3G56880, AT4G09890, AT4G35320, AT5G17640, AT5G44060, AT5G44670, AT5G46790, AT5G61450	AT1G04200, AT1G10140, AT1G61350, AT1G66180, AT1G78070, AT2G21190, GALS1, AT2G36220, LNG2, WDL1, FLA18, AT3G15530, GATL10, EXPA5, COR413-PM2, VQ24, AT4G09890, AT4G35320, ASG1, MRH10.17, GALS2, PYL1, MCI2.1
w:throughput	word	throughput	23	247	741	21633	2.7185005490993137	1.497838026884686e-05	0.003205783744115937	-4.824535147807106	-2.494065777647764	True	significant	False	col	throughput		AT1G04200, AT1G10140, AT1G61350, AT1G66180, AT1G78070, AT2G21190, AT2G33570, AT2G36220, AT3G02170, AT3G04630, AT3G11700, AT3G15530, AT3G28340, AT3G29030, AT3G50830, AT3G56880, AT4G09890, AT4G35320, AT5G17640, AT5G44060, AT5G44670, AT5G46790, AT5G61450	AT1G04200, AT1G10140, AT1G61350, AT1G66180, AT1G78070, AT2G21190, GALS1, AT2G36220, LNG2, WDL1, FLA18, AT3G15530, GATL10, EXPA5, COR413-PM2, VQ24, AT4G09890, AT4G35320, ASG1, MRH10.17, GALS2, PYL1, MCI2.1
w:method	word	method	23	247	742	21633	2.714836801728559	1.5301782825879472e-05	0.0032307439847505527	-4.815257966154014	-2.4906974556051917	True	significant	False	col	method		AT1G04200, AT1G10140, AT1G61350, AT1G66180, AT1G78070, AT2G21190, AT2G33570, AT2G36220, AT3G02170, AT3G04630, AT3G11700, AT3G15530, AT3G28340, AT3G29030, AT3G50830, AT3G56880, AT4G09890, AT4G35320, AT5G17640, AT5G44060, AT5G44670, AT5G46790, AT5G61450	AT1G04200, AT1G10140, AT1G61350, AT1G66180, AT1G78070, AT2G21190, GALS1, AT2G36220, LNG2, WDL1, FLA18, AT3G15530, GATL10, EXPA5, COR413-PM2, VQ24, AT4G09890, AT4G35320, ASG1, MRH10.17, GALS2, PYL1, MCI2.1
w:stem	word	stem	18	247	494	21633	3.191283253290498	1.6523371185703502e-05	0.0034248575398833753	-4.781901340914976	-2.4653574886764567	True	significant	True	stem	stem		AT1G01600, AT1G19300, AT1G75080, AT2G21140, AT2G28110, AT2G45450, AT2G47240, AT3G02170, AT3G28180, AT3G43720, AT4G00360, AT4G16515, AT4G24510, AT4G30290, AT4G31590, AT4G33790, AT5G43760, AT5G64770	CYP86A4, PARVUS, BZR1, PRP2, FRA8, ZPR1, LACS1, LNG2, CSLC04, LTPG2, CYP86A2, RGF6, CER2, XTH19, CSLC5, CER4, KCS20, RGF9
w:bulk	word	bulk	23	247	746	21633	2.7002800360356454	1.665957328668308e-05	0.0034248575398833753	-4.778336126675463	-2.4653574886764567	True	significant	False	col	bulk		AT1G04200, AT1G10140, AT1G61350, AT1G66180, AT1G78070, AT2G21190, AT2G33570, AT2G36220, AT3G02170, AT3G04630, AT3G11700, AT3G15530, AT3G28340, AT3G29030, AT3G50830, AT3G56880, AT4G09890, AT4G35320, AT5G17640, AT5G44060, AT5G44670, AT5G46790, AT5G61450	AT1G04200, AT1G10140, AT1G61350, AT1G66180, AT1G78070, AT2G21190, GALS1, AT2G36220, LNG2, WDL1, FLA18, AT3G15530, GATL10, EXPA5, COR413-PM2, VQ24, AT4G09890, AT4G35320, ASG1, MRH10.17, GALS2, PYL1, MCI2.1
w:stressor	word	stressor	23	247	753	21633	2.6751778311853798	1.930035830575387e-05	0.003916218158040241	-4.714434628361796	-2.40713312325448	True	significant	False	col	stressor		AT1G04200, AT1G10140, AT1G61350, AT1G66180, AT1G78070, AT2G21190, AT2G33570, AT2G36220, AT3G02170, AT3G04630, AT3G11700, AT3G15530, AT3G28340, AT3G29030, AT3G50830, AT3G56880, AT4G09890, AT4G35320, AT5G17640, AT5G44060, AT5G44670, AT5G46790, AT5G61450	AT1G04200, AT1G10140, AT1G61350, AT1G66180, AT1G78070, AT2G21190, GALS1, AT2G36220, LNG2, WDL1, FLA18, AT3G15530, GATL10, EXPA5, COR413-PM2, VQ24, AT4G09890, AT4G35320, ASG1, MRH10.17, GALS2, PYL1, MCI2.1
k:Transferase	keyword	Transferase	58	247	2977	21633	1.7063532970044295	2.4254886131446e-05	0.0048584402681758005	-4.615200759900039	-2.313503132310721	True	significant	True	Transferase	Transferase		AT1G02860, AT1G04430, AT1G10550, AT1G11545, AT1G13250, AT1G19300, AT1G24170, AT1G32930, AT1G52290, AT1G52540, AT1G60890, AT1G65310, AT1G66160, AT1G67050, AT1G74380, AT1G78240, AT2G04240, AT2G05940, AT2G06850, AT2G28110, AT2G33570, AT2G34300, AT2G41820, AT2G42160, AT2G44500, AT2G45340, AT3G02250, AT3G09780, AT3G14370, AT3G14510, AT3G15530, AT3G23300, AT3G23730, AT3G24515, AT3G28180, AT3G28340, AT3G53810, AT3G57420, AT3G61550, AT4G01950, AT4G14360, AT4G15290, AT4G18030, AT4G25810, AT4G30280, AT4G30290, AT4G30340, AT4G31590, AT5G01210, AT5G04870, AT5G11160, AT5G18150, AT5G22940, AT5G25110, AT5G43760, AT5G44670, AT5G57560, AT5G62220	NLA, AT1G04430, XTH33, XTH8, GATL3, PARVUS, LGT9, GALT31A, PERK15, AT1G52540, PIP5K8, XTH17, CMPG1, AT1G67050, XXT5, TSD2, XERICO, RIPK, XTH4, FRA8, GALS1, AT2G34300, PXC3, BRIZ1, OFUT20, AT2G45340, RRT2, CCR1, WAG2, IDS5, AT3G15530, AT3G23300, XTH16, UBC37, CSLC04, GATL10, LECRK42, STL2, ATL68, GPAT3, AT4G14360, ATCSLB05, AT4G18030, XTR6, XTH18, XTH19, DGK7, CSLC5, AT5G01210, CPK1, APT5, MRG7.11, F8H, CIPK25, KCS20, GALS2, TCH4, GT18
p:oxidative stress	phrase	oxidative stress	29	247	1100	21633	2.309006256900994	2.468381989999375e-05	0.0048817721787025635	-4.607587630979262	-2.3114224919899056	True	significant	False	col	oxidative stress		AT1G04200, AT1G10140, AT1G30690, AT1G32640, AT1G61350, AT1G66180, AT1G78070, AT2G21190, AT2G33570, AT2G34770, AT2G36220, AT3G02170, AT3G04630, AT3G11700, AT3G15530, AT3G28200, AT3G28340, AT3G29030, AT3G30775, AT3G50830, AT3G56880, AT4G09890, AT4G11280, AT4G35320, AT5G17640, AT5G44060, AT5G44670, AT5G46790, AT5G61450	AT1G04200, AT1G10140, PATL4, MYC2, AT1G61350, AT1G66180, AT1G78070, AT2G21190, GALS1, FAH1, AT2G36220, LNG2, WDL1, FLA18, AT3G15530, PER31, GATL10, EXPA5, ERD5, COR413-PM2, VQ24, AT4G09890, ACS6, AT4G35320, ASG1, MRH10.17, GALS2, PYL1, MCI2.1
p:xyloglucan synthesizing	phrase	xyloglucan synthesizing	3	247	6	21633	43.7914979757085	2.867306595989041e-05	0.005530715834041088	-4.54252586623487	-2.2572186548337214	True	significant	True	xyloglucan synthesizing	xyloglucan synthesizing	synthesizing	AT1G74380, AT3G28180, AT5G62220	XXT5, CSLC04, GT18
w:gala	word	gala	3	247	6	21633	43.7914979757085	2.867306595989041e-05	0.005530715834041088	-4.54252586623487	-2.2572186548337214	True	significant	False	rha	gala		AT1G19300, AT4G30440, AT5G04160	PARVUS, GAE1, UUAT1
w:growth	word	growth	50	247	2452	21633	1.785950162141456	3.185871141088008e-05	0.00607025008638525	-4.496771794086102	-2.2167934161900202	True	significant	True	growth	growth		AT1G02860, AT1G04240, AT1G10550, AT1G11260, AT1G13590, AT1G19300, AT1G32640, AT1G35140, AT1G44810, AT1G53690, AT1G65310, AT1G70700, AT1G72430, AT1G75080, AT1G78240, AT2G06850, AT2G28110, AT2G33460, AT2G33570, AT2G42160, AT3G02170, AT3G03830, AT3G04630, AT3G14370, AT3G29030, AT3G54810, AT3G57420, AT4G08950, AT4G11280, AT4G13340, AT4G14560, AT4G15800, AT4G16515, AT4G30340, AT4G31800, AT4G36110, AT4G38860, AT4G39990, AT5G11800, AT5G13220, AT5G16590, AT5G37770, AT5G43760, AT5G46790, AT5G48870, AT5G50900, AT5G50915, AT5G51550, AT5G56170, AT5G64770	NLA, SHY2, XTH33, STP1, PSK1, PARVUS, MYC2, PHI-1, GPL4, NRPB12L, XTH17, TIFY7, SAUR78, BZR1, TSD2, XTH4, FRA8, RIC1, GALS1, BRIZ1, LNG2, SAUR28, WDL1, WAG2, EXPA5, BME3, STL2, EXO, ACS6, LRX3, IAA1, RALFL33, RGF6, DGK7, WRKY18, SAUR9, SAUR16, RABA4B, KEA6, JAZ10, LRR1, TCH2, KCS20, PYL1, SAD1, AT5G50900, BHLH137, EXL3, LLG1, RGF9
w:growing	word	growing	9	247	141	21633	5.590403996898957	3.603765178696222e-05	0.006783762307463832	-4.4432435153952365	-2.168529377491512	True	significant	False	xet	growing		AT1G10550, AT1G11545, AT1G65310, AT2G06850, AT3G23730, AT4G25810, AT4G30280, AT4G30290, AT5G57560	XTH33, XTH8, XTH17, XTH4, XTH16, XTR6, XTH18, XTH19, TCH4
p:trans cisterna	phrase	trans cisterna	6	247	55	21633	9.554508649245491	3.78475262864434e-05	0.007039639889278475	-4.421962500714911	-2.1524495564969945	True	significant	True	trans cisterna	trans cisterna	golgi trans, cisterna, trans	AT1G04430, AT1G74380, AT1G78240, AT3G28180, AT4G14360, AT4G30440	AT1G04430, XXT5, TSD2, CSLC04, AT4G14360, GAE1
p:golgi trans	phrase	golgi trans	6	247	56	21633	9.383892423366108	4.198772641770067e-05	0.007633348176021181	-4.376877641222494	-2.1172849279136834	True	significant	False	trans cisterna	golgi trans		AT1G04430, AT1G74380, AT1G78240, AT3G28180, AT4G14360, AT4G30440	AT1G04430, XXT5, TSD2, CSLC04, AT4G14360, GAE1
w:cellulose	word	cellulose	11	247	217	21633	4.4396910390119215	4.2471340476340034e-05	0.007633348176021181	-4.371904031632574	-2.1172849279136834	True	significant	True	cellulose	cellulose		AT2G28110, AT2G30010, AT2G33460, AT2G34510, AT3G28180, AT3G29030, AT3G57420, AT3G58620, AT4G15290, AT4G30440, AT4G31590	FRA8, TBL45, RIC1, ATHB-1, CSLC04, EXPA5, STL2, TTL4, ATCSLB05, GAE1, CSLC5
w:salt	word	salt	33	247	1374	21633	2.103521736824426	4.250520297707643e-05	0.007633348176021181	-4.371557905574863	-2.1172849279136834	True	significant	False	osmotic	salt		AT1G04200, AT1G10140, AT1G21910, AT1G61350, AT1G66180, AT1G78070, AT2G04240, AT2G21190, AT2G33570, AT2G36220, AT2G42580, AT3G02170, AT3G04630, AT3G11700, AT3G15530, AT3G28340, AT3G29030, AT3G50830, AT3G54810, AT3G56880, AT3G58620, AT4G09890, AT4G13340, AT4G35320, AT5G11800, AT5G17640, AT5G25110, AT5G25190, AT5G44060, AT5G44670, AT5G46790, AT5G61450, AT5G62090	AT1G04200, AT1G10140, DREB26, AT1G61350, AT1G66180, AT1G78070, XERICO, AT2G21190, GALS1, AT2G36220, TTL3, LNG2, WDL1, FLA18, AT3G15530, GATL10, EXPA5, COR413-PM2, BME3, VQ24, TTL4, AT4G09890, LRX3, AT4G35320, KEA6, ASG1, CIPK25, ESE3, MRH10.17, GALS2, PYL1, MCI2.1, SLK2
p:plasma membrane	phrase	plasma membrane	55	247	2837	21633	1.6979431714233117	4.8064254753929445e-05	0.008519970761100252	-4.318177787124199	-2.0695618956458124	True	significant	True	plasma membrane	plasma membrane	plasma	AT1G02860, AT1G03870, AT1G10550, AT1G11260, AT1G12500, AT1G29430, AT1G29440, AT1G29450, AT1G29460, AT1G29500, AT1G29510, AT1G30690, AT1G52290, AT1G52540, AT1G55330, AT1G65310, AT1G68780, AT1G75680, AT1G76670, AT2G05940, AT2G19580, AT2G33460, AT2G34300, AT2G38610, AT2G40270, AT2G41420, AT2G41820, AT2G42580, AT3G03830, AT3G11700, AT3G14380, AT3G18200, AT3G20300, AT3G43720, AT3G50830, AT3G53810, AT4G13340, AT4G14750, AT4G23060, AT4G27280, AT4G27970, AT4G36110, AT4G37450, AT4G38860, AT4G39990, AT5G03520, AT5G03960, AT5G04870, AT5G15350, AT5G16590, AT5G46790, AT5G52900, AT5G56170, AT5G57920, AT5G65390	NLA, FLA9, XTH33, STP1, AT1G12500, SAUR62, SAUR63, SAUR64, SAUR65, SAUR66, SAUR68, PATL4, PERK15, AT1G52540, AGP21, XTH17, AT1G68780, GH9B7, URGT1, RIPK, TET2, RIC1, AT2G34300, KH9, AT2G40270, WIH2, PXC3, TTL3, SAUR28, FLA18, CASPL2A2, UMAMIT4, AT3G20300, LTPG2, COR413-PM2, LECRK42, LRX3, IQD19, IQD22, KRP1, SLAH2, SAUR9, AGP18, SAUR16, RABA4B, RAB8C, IQD12, CPK1, ENODL17, LRR1, PYL1, MAKR6, LLG1, ENODL10, AGP7
w:plasma	word	plasma	55	247	2838	21633	1.697344882779399	4.853285955823875e-05	0.008519970761100252	-4.313964119280698	-2.0695618956458124	True	significant	False	plasma membrane	plasma		AT1G02860, AT1G03870, AT1G10550, AT1G11260, AT1G12500, AT1G29430, AT1G29440, AT1G29450, AT1G29460, AT1G29500, AT1G29510, AT1G30690, AT1G52290, AT1G52540, AT1G55330, AT1G65310, AT1G68780, AT1G75680, AT1G76670, AT2G05940, AT2G19580, AT2G33460, AT2G34300, AT2G38610, AT2G40270, AT2G41420, AT2G41820, AT2G42580, AT3G03830, AT3G11700, AT3G14380, AT3G18200, AT3G20300, AT3G43720, AT3G50830, AT3G53810, AT4G13340, AT4G14750, AT4G23060, AT4G27280, AT4G27970, AT4G36110, AT4G37450, AT4G38860, AT4G39990, AT5G03520, AT5G03960, AT5G04870, AT5G15350, AT5G16590, AT5G46790, AT5G52900, AT5G56170, AT5G57920, AT5G65390	NLA, FLA9, XTH33, STP1, AT1G12500, SAUR62, SAUR63, SAUR64, SAUR65, SAUR66, SAUR68, PATL4, PERK15, AT1G52540, AGP21, XTH17, AT1G68780, GH9B7, URGT1, RIPK, TET2, RIC1, AT2G34300, KH9, AT2G40270, WIH2, PXC3, TTL3, SAUR28, FLA18, CASPL2A2, UMAMIT4, AT3G20300, LTPG2, COR413-PM2, LECRK42, LRX3, IQD19, IQD22, KRP1, SLAH2, SAUR9, AGP18, SAUR16, RABA4B, RAB8C, IQD12, CPK1, ENODL17, LRR1, PYL1, MAKR6, LLG1, ENODL10, AGP7
w:shorter	word	shorter	15	247	393	21633	3.342862440893778	5.016860179175666e-05	0.008709269271048951	-4.2995680026714	-2.060018281830927	True	significant	True	shorter	shorter		AT1G11260, AT1G32640, AT1G70700, AT1G75080, AT2G28110, AT2G33460, AT2G33570, AT3G28180, AT3G57420, AT4G14560, AT4G15290, AT4G16515, AT4G27280, AT4G31590, AT5G13220	STP1, MYC2, TIFY7, BZR1, FRA8, RIC1, GALS1, CSLC04, STL2, IAA1, ATCSLB05, RGF6, KRP1, CSLC5, JAZ10
w:arabinogalactan	word	arabinogalactan	7	247	85	21633	7.212717313646106	5.3778049836609936e-05	0.009233277479639488	-4.269394950728474	-2.0346441127697696	True	significant	True	arabinogalactan	arabinogalactan		AT1G03870, AT1G32930, AT1G55330, AT3G11700, AT3G45230, AT4G37450, AT5G65390	FLA9, GALT31A, AGP21, FLA18, APAP1, AGP18, AGP7
w:cisterna	word	cisterna	9	247	150	21633	5.254979757085019	5.847898444315578e-05	0.009931257097172451	-4.23300017802289	-2.002995775088648	True	significant	False	trans cisterna	cisterna		AT1G04430, AT1G74380, AT1G78240, AT2G34300, AT3G23300, AT3G28180, AT4G14360, AT4G18030, AT4G30440	AT1G04430, XXT5, TSD2, AT2G34300, AT3G23300, CSLC04, AT4G14360, AT4G18030, GAE1
p:carboxylic ester	phrase	carboxylic ester	5	247	38	21633	11.524078414660131	6.875618710342851e-05	0.011551039433375996	-4.1626882152580365	-1.9373789335321734	True	significant	True	carboxylic ester	carboxylic ester	acyltransferase lipase, catalyze acyltransfer, esterase acyltransferase, non-lipid substrate, acyltransfer, non-lipid, lipase acylhydrolase, carboxylic, acylhydrolase, broad substrate, gdsl esterase, gdsl lipolytic, esterase lipase, gdsl, lipolytic enzyme, substrate specificity, lipolytic, ester bond, Lipid degradation	AT1G29660, AT1G29670, AT4G18970, AT5G45670, AT5G45950	AtGELP15, AtGELP16, AtGELP80, AtGELP100, AtGELP102
w:potential	word	potential	11	247	230	21633	4.1887519802851605	7.18108028290248e-05	0.011935872163837062	-4.143810217928639	-1.9231458412485394	True	significant	True	potential	potential		AT1G29440, AT1G66400, AT2G42580, AT2G43290, AT3G30775, AT3G58620, AT4G14750, AT4G23060, AT4G27280, AT5G03960, AT5G62090	SAUR63, CML23, TTL3, MSS3, ERD5, TTL4, IQD19, IQD22, KRP1, IQD12, SLK2
w:glycosyl	word	glycosyl	16	247	455	21633	3.0798416158740043	7.448647140958515e-05	0.012250280308456405	-4.127922598737496	-1.9118539737465456	True	significant	True	glycosyl	glycosyl		AT1G10550, AT1G11545, AT1G19300, AT1G24170, AT1G65310, AT1G75680, AT2G06850, AT2G28110, AT3G06770, AT3G23730, AT3G56730, AT4G25810, AT4G30280, AT4G30290, AT5G22940, AT5G57560	XTH33, XTH8, PARVUS, LGT9, XTH17, GH9B7, XTH4, FRA8, PGF4, XTH16, AT3G56730, XTR6, XTH18, XTH19, F8H, TCH4
w:exordium	word	exordium	3	247	8	21633	32.84362348178138	7.893435561120186e-05	0.012846566375723107	-4.1027339320898655	-1.8912129348496358	True	significant	True	exordium	exordium		AT1G35140, AT4G08950, AT5G51550	PHI-1, EXO, EXL3
p:mechanical stimulus	phrase	mechanical stimulus	4	247	21	21633	16.682475419317523	8.519843323568784e-05	0.013723096091488531	-4.069568391657615	-1.8625478956440618	True	significant	True	mechanical stimulus	mechanical stimulus	mechanical	AT2G06850, AT4G11280, AT5G37770, AT5G57560	XTH4, ACS6, TCH2, TCH4
p:acyltransferase lipase	phrase	acyltransferase lipase	6	247	65	21633	8.084584241669262	9.805528351233019e-05	0.01487393931647231	-4.00852900027841	-1.8275739947037843	True	significant	False	carboxylic ester	acyltransferase lipase		AT1G29660, AT1G29670, AT4G18970, AT4G28780, AT5G45670, AT5G45950	AtGELP15, AtGELP16, AtGELP80, AtGELP82, AtGELP100, AtGELP102
p:catalyze acyltransfer	phrase	catalyze acyltransfer	6	247	65	21633	8.084584241669262	9.805528351233019e-05	0.01487393931647231	-4.00852900027841	-1.8275739947037843	True	significant	False	carboxylic ester	catalyze acyltransfer		AT1G29660, AT1G29670, AT4G18970, AT4G28780, AT5G45670, AT5G45950	AtGELP15, AtGELP16, AtGELP80, AtGELP82, AtGELP100, AtGELP102
p:esterase acyltransferase	phrase	esterase acyltransferase	6	247	65	21633	8.084584241669262	9.805528351233019e-05	0.01487393931647231	-4.00852900027841	-1.8275739947037843	True	significant	False	carboxylic ester	esterase acyltransferase		AT1G29660, AT1G29670, AT4G18970, AT4G28780, AT5G45670, AT5G45950	AtGELP15, AtGELP16, AtGELP80, AtGELP82, AtGELP100, AtGELP102
p:non‑lipid substrate	phrase	non-lipid substrate	6	247	65	21633	8.084584241669262	9.805528351233019e-05	0.01487393931647231	-4.00852900027841	-1.8275739947037843	True	significant	False	carboxylic ester	non-lipid substrate		AT1G29660, AT1G29670, AT4G18970, AT4G28780, AT5G45670, AT5G45950	AtGELP15, AtGELP16, AtGELP80, AtGELP82, AtGELP100, AtGELP102
w:acyltransfer	word	acyltransfer	6	247	65	21633	8.084584241669262	9.805528351233019e-05	0.01487393931647231	-4.00852900027841	-1.8275739947037843	True	significant	False	carboxylic ester	acyltransfer		AT1G29660, AT1G29670, AT4G18970, AT4G28780, AT5G45670, AT5G45950	AtGELP15, AtGELP16, AtGELP80, AtGELP82, AtGELP100, AtGELP102
w:non‑lipid	word	non-lipid	6	247	65	21633	8.084584241669262	9.805528351233019e-05	0.01487393931647231	-4.00852900027841	-1.8275739947037843	True	significant	False	carboxylic ester	non-lipid		AT1G29660, AT1G29670, AT4G18970, AT4G28780, AT5G45670, AT5G45950	AtGELP15, AtGELP16, AtGELP80, AtGELP82, AtGELP100, AtGELP102
p:glycosyl compound	phrase	glycosyl compound	10	247	199	21633	4.40115557544809	0.00010173280123797611	0.01528339698598211	-3.9925389969310707	-1.815780105950053	True	significant	False	xet	glycosyl compound		AT1G10550, AT1G11545, AT1G65310, AT1G75680, AT2G06850, AT3G23730, AT4G25810, AT4G30280, AT4G30290, AT5G57560	XTH33, XTH8, XTH17, GH9B7, XTH4, XTH16, XTR6, XTH18, XTH19, TCH4
w:cold	word	cold	29	247	1196	21633	2.1236679620326866	0.00010908674419164078	0.016232107535716148	-3.962228020027508	-1.7896250888176484	True	significant	False	change	cold		AT1G04200, AT1G10140, AT1G61350, AT1G66180, AT1G78070, AT2G19620, AT2G21190, AT2G33570, AT2G36220, AT3G02170, AT3G04630, AT3G11700, AT3G15530, AT3G28340, AT3G29030, AT3G50830, AT3G56880, AT4G02330, AT4G09890, AT4G30340, AT4G35320, AT5G17640, AT5G37770, AT5G43760, AT5G44060, AT5G44670, AT5G46790, AT5G57560, AT5G61450	AT1G04200, AT1G10140, AT1G61350, AT1G66180, AT1G78070, NDL3, AT2G21190, GALS1, AT2G36220, LNG2, WDL1, FLA18, AT3G15530, GATL10, EXPA5, COR413-PM2, VQ24, ATPMEPCRB, AT4G09890, DGK7, AT4G35320, ASG1, TCH2, KCS20, MRH10.17, GALS2, PYL1, TCH4, MCI2.1
k:Developmental protein	keyword	Developmental protein	18	247	577	21633	2.7322251769939445	0.00012224993096111042	0.01785077496576065	-3.912751377465833	-1.7483429248712445	True	significant	True	Developmental protein	Developmental protein		AT1G13590, AT1G29430, AT1G29440, AT1G29450, AT1G29460, AT1G29500, AT1G29510, AT1G72430, AT2G33460, AT2G41940, AT2G45400, AT3G03830, AT3G14370, AT3G53810, AT4G36110, AT4G38840, AT4G38860, AT5G62090	PSK1, SAUR62, SAUR63, SAUR64, SAUR65, SAUR66, SAUR68, SAUR78, RIC1, ZFP8, BEN1, SAUR28, WAG2, LECRK42, SAUR9, SAUR14, SAUR16, SLK2
w:organ	word	organ	18	247	577	21633	2.7322251769939445	0.00012224993096111042	0.01785077496576065	-3.912751377465833	-1.7483429248712445	True	significant	True	organ	organ		AT1G11260, AT1G19300, AT1G29430, AT1G29440, AT1G29450, AT1G29460, AT1G29500, AT1G29510, AT2G19620, AT2G41940, AT2G45400, AT3G04630, AT3G14370, AT3G14380, AT3G28180, AT4G31590, AT5G37770, AT5G62090	STP1, PARVUS, SAUR62, SAUR63, SAUR64, SAUR65, SAUR66, SAUR68, NDL3, ZFP8, BEN1, WDL1, WAG2, CASPL2A2, CSLC04, CSLC5, TCH2, SLK2
w:signaling	word	signaling	36	247	1648	21633	1.913220785346488	0.0001291637362969357	0.018685687184290027	-3.8888594007122266	-1.7284909259193784	True	significant	True	signaling	signaling		AT1G04240, AT1G29660, AT1G32640, AT1G44830, AT1G66400, AT1G70700, AT1G72430, AT1G73830, AT1G74890, AT1G75080, AT2G05940, AT2G19580, AT2G19620, AT2G20080, AT2G33460, AT2G41940, AT2G42580, AT3G05800, AT3G14370, AT4G08950, AT4G14750, AT4G15800, AT4G16515, AT4G23060, AT4G30340, AT5G03960, AT5G13220, AT5G25190, AT5G46590, AT5G46790, AT5G48870, AT5G50915, AT5G52900, AT5G56170, AT5G63470, AT5G64770	SHY2, AtGELP15, MYC2, ERF014, CML23, TIFY7, SAUR78, BEE3, ARR15, BZR1, RIPK, TET2, NDL3, SPEAR1, RIC1, ZFP8, TTL3, AIF1, WAG2, EXO, IQD19, RALFL33, RGF6, IQD22, DGK7, IQD12, JAZ10, ESE3, NAC096, PYL1, SAD1, BHLH137, MAKR6, LLG1, NF-YC4, RGF9
w:primary	word	primary	17	247	531	21633	2.8039753882751204	0.00013883819114292168	0.019738346985402683	-3.857491053181014	-1.7046892207230098	True	significant	True	primary	primary		AT1G10550, AT1G11545, AT1G65310, AT1G76670, AT2G06850, AT2G33460, AT2G33570, AT3G23730, AT3G29030, AT3G57420, AT4G14560, AT4G25810, AT4G27280, AT4G30280, AT4G30290, AT4G33790, AT5G57560	XTH33, XTH8, XTH17, URGT1, XTH4, RIC1, GALS1, XTH16, EXPA5, STL2, IAA1, XTR6, KRP1, XTH18, XTH19, CER4, TCH4
w:oxidative	word	oxidative	29	247	1213	21633	2.0939050969423687	0.0001389668566560608	0.019738346985402683	-3.857088765844583	-1.7046892207230098	True	significant	False	col	oxidative		AT1G04200, AT1G10140, AT1G30690, AT1G32640, AT1G61350, AT1G66180, AT1G78070, AT2G21190, AT2G33570, AT2G34770, AT2G36220, AT3G02170, AT3G04630, AT3G11700, AT3G15530, AT3G28200, AT3G28340, AT3G29030, AT3G30775, AT3G50830, AT3G56880, AT4G09890, AT4G11280, AT4G35320, AT5G17640, AT5G44060, AT5G44670, AT5G46790, AT5G61450	AT1G04200, AT1G10140, PATL4, MYC2, AT1G61350, AT1G66180, AT1G78070, AT2G21190, GALS1, FAH1, AT2G36220, LNG2, WDL1, FLA18, AT3G15530, PER31, GATL10, EXPA5, ERD5, COR413-PM2, VQ24, AT4G09890, ACS6, AT4G35320, ASG1, MRH10.17, GALS2, PYL1, MCI2.1
w:extracellular	word	extracellular	39	247	1854	21633	1.842360756259581	0.00014499042550392043	0.02035923922784165	-3.838660675614017	-1.6912384544945795	True	significant	True	extracellular	extracellular		AT1G03870, AT1G04680, AT1G10550, AT1G10740, AT1G11260, AT1G11545, AT1G13090, AT1G13250, AT1G13590, AT1G29660, AT1G29670, AT1G32640, AT1G35140, AT1G65310, AT1G75680, AT2G06850, AT2G40090, AT3G06770, AT3G11700, AT3G20300, AT3G23730, AT3G28200, AT3G29030, AT3G53810, AT4G00360, AT4G02330, AT4G08950, AT4G15800, AT4G16515, AT4G16563, AT4G18970, AT4G25810, AT4G28780, AT4G30280, AT4G30290, AT5G45670, AT5G45950, AT5G51550, AT5G64770	FLA9, PLL26, XTH33, LDAH1, STP1, XTH8, CYP71B28, GATL3, PSK1, AtGELP15, AtGELP16, MYC2, PHI-1, XTH17, GH9B7, XTH4, ATH9, PGF4, FLA18, AT3G20300, XTH16, PER31, EXPA5, LECRK42, CYP86A2, ATPMEPCRB, EXO, RALFL33, RGF6, AT4G16563, AtGELP80, XTR6, AtGELP82, XTH18, XTH19, AtGELP100, AtGELP102, EXL3, RGF9
p:alpha galacturonosyltransferase	phrase	alpha galacturonosyltransferase	4	247	24	21633	14.597165991902834	0.00014724744193203435	0.02035923922784165	-3.831952241290958	-1.6912384544945795	True	significant	True	alpha galacturonosyltransferase	alpha galacturonosyltransferase	polygalacturonate, galacturonosyltransferase	AT1G13250, AT1G19300, AT1G24170, AT3G28340	GATL3, PARVUS, LGT9, GATL10
w:polygalacturonate	word	polygalacturonate	4	247	24	21633	14.597165991902834	0.00014724744193203435	0.02035923922784165	-3.831952241290958	-1.6912384544945795	True	significant	False	alpha galacturonosyltransferase	polygalacturonate		AT1G13250, AT1G19300, AT1G24170, AT3G28340	GATL3, PARVUS, LGT9, GATL10
p:lipase acylhydrolase	phrase	lipase acylhydrolase	6	247	71	21633	7.401379939556366	0.00016060391925703697	0.0220111897760697	-3.7942438607327076	-1.6573564817893822	True	significant	False	carboxylic ester	lipase acylhydrolase		AT1G29660, AT1G29670, AT4G18970, AT4G28780, AT5G45670, AT5G45950	AtGELP15, AtGELP16, AtGELP80, AtGELP82, AtGELP100, AtGELP102
p:epicuticular wax	phrase	epicuticular wax	4	247	26	21633	13.47430706944877	0.00020348533684680492	0.026942838160122714	-3.691466880571233	-1.5695566575975604	True	significant	True	epicuticular wax	epicuticular wax	epicuticular, eceriferum, bright green, wax	AT2G47240, AT4G24510, AT4G33790, AT5G43760	LACS1, CER2, CER4, KCS20
p:wax layer	phrase	wax layer	4	247	26	21633	13.47430706944877	0.00020348533684680492	0.026942838160122714	-3.691466880571233	-1.5695566575975604	True	significant	True	wax layer	wax layer	layer	AT2G47240, AT3G43720, AT4G24510, AT4G33790	LACS1, LTPG2, CER2, CER4
w:epicuticular	word	epicuticular	4	247	26	21633	13.47430706944877	0.00020348533684680492	0.026942838160122714	-3.691466880571233	-1.5695566575975604	True	significant	False	epicuticular wax	epicuticular		AT2G47240, AT4G24510, AT4G33790, AT5G43760	LACS1, CER2, CER4, KCS20
w:galacturonosyltransferase	word	galacturonosyltransferase	4	247	26	21633	13.47430706944877	0.00020348533684680492	0.026942838160122714	-3.691466880571233	-1.5695566575975604	True	significant	False	alpha galacturonosyltransferase	galacturonosyltransferase		AT1G13250, AT1G19300, AT1G24170, AT3G28340	GATL3, PARVUS, LGT9, GATL10
w:cleave	word	cleave	9	247	179	21633	4.403614321579626	0.00022459983859972533	0.029488637632622782	-3.648590560163937	-1.5303452912766695	True	significant	False	xet	cleave		AT1G10550, AT1G11545, AT1G65310, AT2G06850, AT3G23730, AT4G25810, AT4G30280, AT4G30290, AT5G57560	XTH33, XTH8, XTH17, XTH4, XTH16, XTR6, XTH18, XTH19, TCH4
w:trans	word	trans	7	247	107	21633	5.729728707102047	0.00022978118846155797	0.029753181230523694	-3.6386855286579576	-1.5264665923892418	True	significant	False	trans cisterna	trans		AT1G04430, AT1G74380, AT1G78240, AT3G14510, AT3G28180, AT4G14360, AT4G30440	AT1G04430, XXT5, TSD2, IDS5, CSLC04, AT4G14360, GAE1
w:inducible	word	inducible	10	247	220	21633	3.9810452705189543	0.00023042338254565845	0.029753181230523694	-3.6374734523525896	-1.5264665923892418	True	significant	True	inducible	inducible		AT1G04240, AT1G04610, AT1G32640, AT3G30775, AT3G51810, AT4G14560, AT5G05410, AT5G25190, AT5G43700, AT5G46590	SHY2, YUC3, MYC2, ERD5, EM1, IAA1, DREB2A, ESE3, ATAUX2-11, NAC096
k:Proteoglycan	keyword	Proteoglycan	5	247	49	21633	8.937040403205817	0.0002358516920408575	0.030204482265953746	-3.6273610037033266	-1.519928604098277	True	significant	True	Proteoglycan	Proteoglycan	agp, proteoglycan	AT1G03870, AT1G55330, AT3G11700, AT4G37450, AT5G65390	FLA9, AGP21, FLA18, AGP18, AGP7
w:resistant	word	resistant	11	247	265	21633	3.6355205866625924	0.00024871326894001947	0.03159265133267369	-3.6043010443492465	-1.5004139255088464	True	significant	True	resistant	resistant		AT1G75080, AT2G04240, AT2G45340, AT3G14370, AT4G14560, AT4G24510, AT4G31800, AT5G04160, AT5G37770, AT5G48870, AT5G54640	BZR1, XERICO, AT2G45340, WAG2, IAA1, CER2, WRKY18, UUAT1, TCH2, SAD1, RAT5
w:stress	word	stress	51	247	2734	21633	1.6337720532268718	0.00025263029157093287	0.031831416737937546	-3.5975145766889556	-1.4971440315713926	True	significant	True	stress	stress		AT1G04200, AT1G10140, AT1G21910, AT1G30690, AT1G32640, AT1G35140, AT1G44830, AT1G61350, AT1G66180, AT1G78070, AT2G04240, AT2G19620, AT2G21190, AT2G33570, AT2G34770, AT2G36220, AT2G42580, AT3G02170, AT3G04630, AT3G11700, AT3G15530, AT3G28200, AT3G28340, AT3G29030, AT3G30775, AT3G50830, AT3G51810, AT3G54810, AT3G56880, AT3G58620, AT4G02330, AT4G09890, AT4G11280, AT4G15800, AT4G30340, AT4G35320, AT4G37240, AT5G05410, AT5G16590, AT5G17640, AT5G25190, AT5G37770, AT5G44060, AT5G44670, AT5G46590, AT5G46790, AT5G48870, AT5G57560, AT5G58620, AT5G61450, AT5G62090	AT1G04200, AT1G10140, DREB26, PATL4, MYC2, PHI-1, ERF014, AT1G61350, AT1G66180, AT1G78070, XERICO, NDL3, AT2G21190, GALS1, FAH1, AT2G36220, TTL3, LNG2, WDL1, FLA18, AT3G15530, PER31, GATL10, EXPA5, ERD5, COR413-PM2, EM1, BME3, VQ24, TTL4, ATPMEPCRB, AT4G09890, ACS6, RALFL33, DGK7, AT4G35320, AP22.53, DREB2A, LRR1, ASG1, ESE3, TCH2, MRH10.17, GALS2, NAC096, PYL1, SAD1, TCH4, AtC3H66, MCI2.1, SLK2
w:carboxylic	word	carboxylic	6	247	79	21633	6.651873110234202	0.00028893331264384506	0.035827730767836796	-3.539202383170166	-1.445780698007931	True	significant	False	carboxylic ester	carboxylic		AT1G29660, AT1G29670, AT4G11280, AT4G18970, AT5G45670, AT5G45950	AtGELP15, AtGELP16, ACS6, AtGELP80, AtGELP100, AtGELP102
w:xylan	word	xylan	6	247	79	21633	6.651873110234202	0.00028893331264384506	0.035827730767836796	-3.539202383170166	-1.445780698007931	True	significant	True	xylan	xylan		AT1G13250, AT1G19300, AT1G24170, AT2G28110, AT3G28340, AT3G45230	GATL3, PARVUS, LGT9, FRA8, GATL10, APAP1
p:jasmonate zim	phrase	jasmonate zim	3	247	12	21633	21.89574898785425	0.00029977293942867235	0.03659103441901233	-3.523207573579895	-1.4366253129479651	True	significant	True	jasmonate zim	jasmonate zim	zim, tify jaz, tify, jaz	AT1G32640, AT1G70700, AT5G13220	MYC2, TIFY7, JAZ10
w:galactan	word	galactan	3	247	12	21633	21.89574898785425	0.00029977293942867235	0.03659103441901233	-3.523207573579895	-1.4366253129479651	True	significant	True	galactan	galactan	galactosyltransferase	AT1G32930, AT2G33570, AT5G44670	GALT31A, GALS1, GALS2
w:acylhydrolase	word	acylhydrolase	6	247	81	21633	6.487629329734593	0.00033101792472129267	0.04009165934763938	-3.4801484884092546	-1.3969459684287053	True	significant	False	carboxylic ester	acylhydrolase		AT1G29660, AT1G29670, AT4G18970, AT4G28780, AT5G45670, AT5G45950	AtGELP15, AtGELP16, AtGELP80, AtGELP82, AtGELP100, AtGELP102
w:biogenesis	word	biogenesis	16	247	524	21633	2.674289952715023	0.0003683780782223027	0.044273377647271205	-3.433706222097228	-1.353857344124267	True	significant	False	wall biogenesis	biogenesis		AT1G10550, AT1G11545, AT1G32640, AT1G65310, AT1G76670, AT2G06850, AT2G28110, AT2G33570, AT3G23730, AT4G13340, AT4G25810, AT4G30280, AT4G30290, AT4G39990, AT5G44670, AT5G57560	XTH33, XTH8, MYC2, XTH17, URGT1, XTH4, FRA8, GALS1, XTH16, LRX3, XTR6, XTH18, XTH19, RABA4B, GALS2, TCH4
w:xyg	word	xyg	3	247	13	21633	20.211460604173155	0.00038642365973311194	0.04528179799260925	-3.4129362907012584	-1.3440763370590556	True	significant	True	xyg	xyg	glucan backbone	AT3G28180, AT4G31590, AT5G62220	CSLC04, CSLC5, GT18
w:dahliae	word	dahliae	2	247	3	21633	58.388663967611336	0.0003865877929952886	0.04528179799260925	-3.4127518634954783	-1.3440763370590556	True	significant	True	dahliae	dahliae	verticillium	AT2G05940, AT5G50570	RIPK, SPL13A
w:plumbaginifolia	word	plumbaginifolia	2	247	3	21633	58.388663967611336	0.0003865877929952886	0.04528179799260925	-3.4127518634954783	-1.3440763370590556	True	significant	True	plumbaginifolia	plumbaginifolia	glucuronoxylan glucuronosyltransferase, fragile fiber, hemicellulose glucuronoxylan, glucuronyltransferase	AT2G28110, AT5G22940	FRA8, F8H
w:heat	word	heat	27	247	1165	21633	2.029820507028549	0.0003890554613996548	0.04528179799260925	-3.4099884838595664	-1.3440763370590556	True	significant	False	col	heat		AT1G04200, AT1G10140, AT1G21910, AT1G61350, AT1G66180, AT1G78070, AT2G21190, AT2G33570, AT2G36220, AT3G02170, AT3G04630, AT3G11700, AT3G15530, AT3G28340, AT3G29030, AT3G50830, AT3G56880, AT4G09890, AT4G35320, AT5G05410, AT5G17640, AT5G37770, AT5G44060, AT5G44670, AT5G46790, AT5G57560, AT5G61450	AT1G04200, AT1G10140, DREB26, AT1G61350, AT1G66180, AT1G78070, AT2G21190, GALS1, AT2G36220, LNG2, WDL1, FLA18, AT3G15530, GATL10, EXPA5, COR413-PM2, VQ24, AT4G09890, AT4G35320, DREB2A, ASG1, TCH2, MRH10.17, GALS2, PYL1, TCH4, MCI2.1
w:inhibition	word	inhibition	12	247	326	21633	3.223913961401853	0.0003931812300595409	0.04528179799260925	-3.405407222976573	-1.3440763370590556	True	significant	True	inhibition	inhibition		AT1G44810, AT3G14370, AT3G54810, AT4G14560, AT4G24510, AT4G36110, AT4G38860, AT5G04870, AT5G13220, AT5G25110, AT5G37770, AT5G46790	GPL4, WAG2, BME3, IAA1, CER2, SAUR9, SAUR16, CPK1, JAZ10, CIPK25, TCH2, PYL1
w:seedling	word	seedling	34	247	1614	21633	1.844994958084373	0.00039415799583940444	0.04528179799260925	-3.4043296589686363	-1.3440763370590556	True	significant	True	seedling	seedling		AT1G04200, AT1G10140, AT1G11260, AT1G19300, AT1G61350, AT1G66180, AT1G73830, AT1G78070, AT1G78170, AT2G21190, AT2G33570, AT2G36220, AT2G41940, AT3G02170, AT3G04630, AT3G11700, AT3G14370, AT3G15530, AT3G28340, AT3G29030, AT3G50830, AT3G56880, AT3G57420, AT4G09890, AT4G11280, AT4G30340, AT4G35320, AT5G11800, AT5G17640, AT5G37770, AT5G44060, AT5G44670, AT5G46790, AT5G61450	AT1G04200, AT1G10140, STP1, PARVUS, AT1G61350, AT1G66180, BEE3, AT1G78070, CLG4, AT2G21190, GALS1, AT2G36220, ZFP8, LNG2, WDL1, FLA18, WAG2, AT3G15530, GATL10, EXPA5, COR413-PM2, VQ24, STL2, AT4G09890, ACS6, DGK7, AT4G35320, KEA6, ASG1, TCH2, MRH10.17, GALS2, PYL1, MCI2.1
p:broad substrate	phrase	broad substrate	6	247	84	21633	6.255928282244072	0.0004029838749560168	0.04595781067381613	-3.3947123314214966	-1.3376406682981052	True	significant	False	carboxylic ester	broad substrate		AT1G29660, AT1G29670, AT4G18970, AT4G28780, AT5G45670, AT5G45950	AtGELP15, AtGELP16, AtGELP80, AtGELP82, AtGELP100, AtGELP102
w:hydrolyzing	word	hydrolyzing	10	247	239	21633	3.664560500059289	0.0004445988568567557	0.05033632275021705	-3.3520316582844445	-1.2981185144058829	True	trend	False	xet	hydrolyzing		AT1G10550, AT1G11545, AT1G65310, AT1G75680, AT2G06850, AT3G23730, AT4G25810, AT4G30280, AT4G30290, AT5G57560	XTH33, XTH8, XTH17, GH9B7, XTH4, XTH16, XTR6, XTH18, XTH19, TCH4
p:carbohydrate metabolic	phrase	carbohydrate metabolic	12	247	332	21633	3.1656504560753134	0.0004626714929169397	0.051634138609530464	-3.334727258335128	-1.287063063733568	True	trend	False	xet	carbohydrate metabolic		AT1G10550, AT1G11545, AT1G65310, AT1G75680, AT2G06850, AT3G06770, AT3G23730, AT3G54690, AT4G25810, AT4G30280, AT4G30290, AT5G57560	XTH33, XTH8, XTH17, GH9B7, XTH4, PGF4, XTH16, SETH3, XTR6, XTH18, XTH19, TCH4
w:participate	word	participate	12	247	332	21633	3.1656504560753134	0.0004626714929169397	0.051634138609530464	-3.334727258335128	-1.287063063733568	True	trend	False	xet	participate		AT1G04240, AT1G10550, AT1G11545, AT1G65310, AT1G75080, AT2G06850, AT2G33460, AT3G23730, AT4G25810, AT4G30280, AT4G30290, AT5G57560	SHY2, XTH33, XTH8, XTH17, BZR1, XTH4, RIC1, XTH16, XTR6, XTH18, XTH19, TCH4
p:glucan backbone	phrase	glucan backbone	3	247	14	21633	18.767784846732216	0.0004876733248746477	0.054038354807386536	-3.3118709991276822	-1.2672978815032638	True	trend	False	xyg	glucan backbone		AT3G28180, AT4G31590, AT5G62220	CSLC04, CSLC5, GT18
w:expansion	word	expansion	11	247	289	21633	3.3336088424414774	0.0005175921247173559	0.05694971377876038	-3.2860123401790298	-1.244508454282288	True	trend	True	expansion	expansion		AT1G29440, AT1G72430, AT2G26710, AT2G33460, AT3G02170, AT3G03830, AT3G04630, AT4G08950, AT4G36110, AT4G38860, AT5G50915	SAUR63, SAUR78, BAS1, RIC1, LNG2, SAUR28, WDL1, EXO, SAUR9, SAUR16, BHLH137
p:acetic acid	phrase	acetic acid	6	247	89	21633	5.904471637174179	0.0005494888809032902	0.059619543578006994	-3.260041091249958	-1.2246113530654097	True	trend	True	acetic acid	acetic acid	acetic, indole	AT1G04240, AT1G59500, AT4G03400, AT4G14560, AT5G37770, AT5G43700	SHY2, GH3.4, DFL2, IAA1, TCH2, ATAUX2-11
w:acetic	word	acetic	6	247	89	21633	5.904471637174179	0.0005494888809032902	0.059619543578006994	-3.260041091249958	-1.2246113530654097	True	trend	False	acetic acid	acetic		AT1G04240, AT1G59500, AT4G03400, AT4G14560, AT5G37770, AT5G43700	SHY2, GH3.4, DFL2, IAA1, TCH2, ATAUX2-11
w:agp	word	agp	5	247	59	21633	7.422287792492966	0.0005644633968148468	0.0608219042195529	-3.2483642150795538	-1.2159399870347305	True	trend	False	Proteoglycan	agp		AT1G03870, AT1G55330, AT3G11700, AT4G37450, AT5G65390	FLA9, AGP21, FLA18, AGP18, AGP7
w:vlcfa	word	vlcfa	4	247	34	21633	10.303881876637295	0.000587621351637086	0.06288353423272487	-3.2309024321981608	-1.2014630577027998	True	trend	True	vlcfa	vlcfa		AT2G34770, AT2G47240, AT4G24510, AT5G43760	FAH1, LACS1, CER2, KCS20
w:synthesizing	word	synthesizing	3	247	15	21633	17.5165991902834	0.0006044647363398888	0.06381187189577313	-3.2186290302204337	-1.195098515335593	True	trend	False	xyloglucan synthesizing	synthesizing		AT1G74380, AT3G28180, AT5G62220	XXT5, CSLC04, GT18
w:zim	word	zim	3	247	15	21633	17.5165991902834	0.0006044647363398888	0.06381187189577313	-3.2186290302204337	-1.195098515335593	True	trend	False	jasmonate zim	zim		AT1G32640, AT1G70700, AT5G13220	MYC2, TIFY7, JAZ10
w:fucose	word	fucose	4	247	35	21633	10.009485251590515	0.0006575433128063273	0.06894937395494001	-3.1820756346355585	-1.1614696727680345	True	trend	True	fucose	fucose		AT1G11260, AT1G76670, AT3G28180, AT4G31590	STP1, URGT1, CSLC04, CSLC5
w:promote	word	promote	21	247	845	21633	2.1766188342955703	0.0007344810072549879	0.07582810758225113	-3.134019430031657	-1.1201697824262191	True	trend	True	promote	promote		AT1G13590, AT1G29430, AT1G29440, AT1G29450, AT1G29460, AT1G29500, AT1G29510, AT1G30690, AT1G70700, AT1G72430, AT1G74890, AT1G75080, AT2G26580, AT2G33460, AT3G04630, AT4G31000, AT5G05410, AT5G11800, AT5G15920, AT5G50915, AT5G62090	PSK1, SAUR62, SAUR63, SAUR64, SAUR65, SAUR66, SAUR68, PATL4, TIFY7, SAUR78, ARR15, BZR1, YAB5, RIC1, WDL1, CBP60F, DREB2A, KEA6, SMC5, BHLH137, SLK2
k:Growth factor	keyword	Growth factor	3	247	16	21633	16.42181174089069	0.0007377030435549265	0.07582810758225113	-3.1321184247612446	-1.1201697824262191	True	trend	True	Growth factor	Growth factor	Sulfation, population proliferation	AT1G13590, AT4G16515, AT5G64770	PSK1, RGF6, RGF9
p:tify jaz	phrase	tify jaz	3	247	16	21633	16.42181174089069	0.0007377030435549265	0.07582810758225113	-3.1321184247612446	-1.1201697824262191	True	trend	False	jasmonate zim	tify jaz		AT1G32640, AT1G70700, AT5G13220	MYC2, TIFY7, JAZ10
p:salt stress	phrase	salt stress	27	247	1217	21633	1.9430902963749048	0.0007563779675793077	0.07630297713423428	-3.1212611301417637	-1.1174585167273507	True	trend	False	osmotic	salt stress		AT1G04200, AT1G10140, AT1G61350, AT1G66180, AT1G78070, AT2G04240, AT2G21190, AT2G33570, AT2G36220, AT2G42580, AT3G02170, AT3G04630, AT3G11700, AT3G15530, AT3G28340, AT3G29030, AT3G50830, AT3G56880, AT3G58620, AT4G09890, AT4G35320, AT5G17640, AT5G44060, AT5G44670, AT5G46790, AT5G61450, AT5G62090	AT1G04200, AT1G10140, AT1G61350, AT1G66180, AT1G78070, XERICO, AT2G21190, GALS1, AT2G36220, TTL3, LNG2, WDL1, FLA18, AT3G15530, GATL10, EXPA5, COR413-PM2, VQ24, TTL4, AT4G09890, AT4G35320, ASG1, MRH10.17, GALS2, PYL1, MCI2.1, SLK2
p:trans‑golgi network	phrase	trans-golgi network	10	247	256	21633	3.4212107793522266	0.0007569739795062921	0.07630297713423428	-3.1209190488368574	-1.1174585167273507	True	trend	True	trans-golgi network	trans-golgi network	trans-golgi, endosome	AT1G04430, AT1G74380, AT1G78240, AT2G34300, AT3G23300, AT3G28180, AT4G14360, AT4G18030, AT4G30440, AT4G39990	AT1G04430, XXT5, TSD2, AT2G34300, AT3G23300, CSLC04, AT4G14360, AT4G18030, GAE1, RABA4B
w:trans‑golgi	word	trans-golgi	10	247	256	21633	3.4212107793522266	0.0007569739795062921	0.07630297713423428	-3.1209190488368574	-1.1174585167273507	True	trend	False	trans-golgi network	trans-golgi		AT1G04430, AT1G74380, AT1G78240, AT2G34300, AT3G23300, AT3G28180, AT4G14360, AT4G18030, AT4G30440, AT4G39990	AT1G04430, XXT5, TSD2, AT2G34300, AT3G23300, CSLC04, AT4G14360, AT4G18030, GAE1, RABA4B
p:male sporogenesis	phrase	male sporogenesis	2	247	4	21633	43.7914979757085	0.0007673427717365033	0.07636282462172697	-3.1150105935216255	-1.117118015651061	True	trend	True	male sporogenesis	male sporogenesis	tetratricopetide, ttl, sporogenesis	AT2G42580, AT3G58620	TTL3, TTL4
w:tetratricopetide	word	tetratricopetide	2	247	4	21633	43.7914979757085	0.0007673427717365033	0.07636282462172697	-3.1150105935216255	-1.117118015651061	True	trend	False	male sporogenesis	tetratricopetide		AT2G42580, AT3G58620	TTL3, TTL4
w:decreased	word	decreased	22	247	909	21633	2.1197204740716984	0.0007794717533589125	0.07707890300303577	-3.1081996182334812	-1.1130644749081058	True	trend	True	decreased	decreased		AT1G61350, AT1G66180, AT1G78070, AT2G33570, AT3G04630, AT3G15530, AT3G28340, AT3G30775, AT3G50830, AT3G56880, AT4G08950, AT4G09890, AT4G11280, AT4G14560, AT4G30440, AT5G05410, AT5G16590, AT5G43760, AT5G44060, AT5G44670, AT5G46790, AT5G61450	AT1G61350, AT1G66180, AT1G78070, GALS1, WDL1, AT3G15530, GATL10, ERD5, COR413-PM2, VQ24, EXO, AT4G09890, ACS6, IAA1, GAE1, DREB2A, LRR1, KCS20, MRH10.17, GALS2, PYL1, MCI2.1
p:gdsl esterase	phrase	gdsl esterase	6	247	96	21633	5.473937246963563	0.0008204989428409699	0.08062563196822216	-3.08592197417046	-1.0935268682111134	True	trend	False	carboxylic ester	gdsl esterase		AT1G29660, AT1G29670, AT4G18970, AT4G28780, AT5G45670, AT5G45950	AtGELP15, AtGELP16, AtGELP80, AtGELP82, AtGELP100, AtGELP102
w:indole	word	indole	8	247	172	21633	4.073627718670558	0.0008331921670828697	0.08136121511564229	-3.079254821547956	-1.0895825739240825	True	trend	False	acetic acid	indole		AT1G04240, AT1G04610, AT1G32640, AT1G59500, AT4G03400, AT4G14560, AT5G37770, AT5G43700	SHY2, YUC3, MYC2, GH3.4, DFL2, IAA1, TCH2, ATAUX2-11
k:GPI-anchor	keyword	GPI-anchor	8	247	173	21633	4.0500807376377805	0.000865151373482049	0.08355742030757204	-3.0629078984122025	-1.0780149765840301	True	trend	True	GPI-anchor	GPI-anchor		AT1G03870, AT1G55330, AT3G43720, AT4G37450, AT5G15350, AT5G56170, AT5G57920, AT5G65390	FLA9, AGP21, LTPG2, AGP18, ENODL17, LLG1, ENODL10, AGP7
p:gdsl lipolytic	phrase	gdsl lipolytic	6	247	97	21633	5.417504904211361	0.0008663787819909538	0.08355742030757204	-3.0622921923211974	-1.0780149765840301	True	trend	False	carboxylic ester	gdsl lipolytic		AT1G29660, AT1G29670, AT4G18970, AT4G28780, AT5G45670, AT5G45950	AtGELP15, AtGELP16, AtGELP80, AtGELP82, AtGELP100, AtGELP102
w:rapidly	word	rapidly	5	247	65	21633	6.737153534724385	0.0008810784060764577	0.08445379764747597	-3.0549854425400342	-1.0733808166641938	True	trend	True	rapidly	rapidly		AT1G02860, AT1G04240, AT1G11260, AT4G08950, AT5G57560	NLA, SHY2, STP1, EXO, TCH4
k:Sulfation	keyword	Sulfation	3	247	17	21633	15.455822814955942	0.0008882566337904957	0.0846226929655043	-3.0514615403735648	-1.0725131581414646	True	trend	False	Growth factor	Sulfation		AT1G13590, AT4G16515, AT5G64770	PSK1, RGF6, RGF9
w:proteoglycan	word	proteoglycan	4	247	38	21633	9.219262731728106	0.0009024835790702426	0.08545699054177863	-3.044560691454505	-1.068252405388613	True	trend	False	Proteoglycan	proteoglycan		AT1G55330, AT3G45230, AT4G37450, AT5G65390	AGP21, APAP1, AGP18, AGP7
w:stimulus	word	stimulus	13	247	412	21633	2.7635411343893717	0.0009628742448096469	0.09062618795726464	-3.016430429751415	-1.042746287511672	True	trend	True	stimulus	stimulus		AT1G30690, AT1G70700, AT1G75080, AT2G06850, AT3G03830, AT4G03400, AT4G11280, AT4G30290, AT5G11060, AT5G37770, AT5G43760, AT5G50915, AT5G57560	PATL4, TIFY7, BZR1, XTH4, SAUR28, DFL2, ACS6, XTH19, KNAT4, TCH2, KCS20, BHLH137, TCH4
p:esterase lipase	phrase	esterase lipase	6	247	101	21633	5.2029502545396245	0.0010699767741278422	0.10010369532319406	-2.970625649396652	-0.9995498902644373	True	trend	False	carboxylic ester	esterase lipase		AT1G29660, AT1G29670, AT4G18970, AT4G28780, AT5G45670, AT5G45950	AtGELP15, AtGELP16, AtGELP80, AtGELP82, AtGELP100, AtGELP102
w:gdsl	word	gdsl	6	247	102	21633	5.151940938318647	0.0011261777069361898	0.10473452674506568	-2.9483930739142283	-0.9799101253602931	True	trend	False	carboxylic ester	gdsl		AT1G29660, AT1G29670, AT4G18970, AT4G28780, AT5G45670, AT5G45950	AtGELP15, AtGELP16, AtGELP80, AtGELP82, AtGELP100, AtGELP102
w:tify	word	tify	3	247	19	21633	13.828894097592158	0.0012446046222628494	0.11332002080301193	-2.9049685904481883	-0.9456933544248756	True	trend	False	jasmonate zim	tify		AT1G32640, AT1G70700, AT5G13220	MYC2, TIFY7, JAZ10
w:xyl	word	xyl	3	247	19	21633	13.828894097592158	0.0012446046222628494	0.11332002080301193	-2.9049685904481883	-0.9456933544248756	True	trend	False	rha	xyl		AT1G19300, AT4G30440, AT5G04160	PARVUS, GAE1, UUAT1
p:backbone substituted	phrase	backbone substituted	2	247	5	21633	35.0331983805668	0.001269265465983556	0.11332002080301193	-2.8964475360183792	-0.9456933544248756	True	trend	True	backbone substituted	backbone substituted	following pollination, indicating weaker, work simultaneously, xyloglucan backbone, detectable xyloglucan, simultaneously, lack detectable	AT3G28180, AT4G31590	CSLC04, CSLC5
p:following pollination	phrase	following pollination	2	247	5	21633	35.0331983805668	0.001269265465983556	0.11332002080301193	-2.8964475360183792	-0.9456933544248756	True	trend	False	backbone substituted	following pollination		AT3G28180, AT4G31590	CSLC04, CSLC5
p:indicating weaker	phrase	indicating weaker	2	247	5	21633	35.0331983805668	0.001269265465983556	0.11332002080301193	-2.8964475360183792	-0.9456933544248756	True	trend	False	backbone substituted	indicating weaker		AT3G28180, AT4G31590	CSLC04, CSLC5
p:work simultaneously	phrase	work simultaneously	2	247	5	21633	35.0331983805668	0.001269265465983556	0.11332002080301193	-2.8964475360183792	-0.9456933544248756	True	trend	False	backbone substituted	work simultaneously		AT3G28180, AT4G31590	CSLC04, CSLC5
p:xyloglucan backbone	phrase	xyloglucan backbone	2	247	5	21633	35.0331983805668	0.001269265465983556	0.11332002080301193	-2.8964475360183792	-0.9456933544248756	True	trend	False	backbone substituted	xyloglucan backbone		AT3G28180, AT4G31590	CSLC04, CSLC5
p:cuticular wax	phrase	cuticular wax	4	247	42	21633	8.341237709658762	0.0013205495173143384	0.11656647264700122	-2.8792453091914934	-0.9334263452735021	True	trend	True	cuticular wax	cuticular wax	cuticular	AT2G47240, AT3G43720, AT4G33790, AT5G43760	LACS1, LTPG2, CER4, KCS20
w:hemicellulose	word	hemicellulose	4	247	42	21633	8.341237709658762	0.0013205495173143384	0.11656647264700122	-2.8792453091914934	-0.9334263452735021	True	trend	True	hemicellulose	hemicellulose		AT2G28110, AT4G15290, AT5G22940, AT5G62220	FRA8, ATCSLB05, F8H, GT18
p:glycosyl hydrolase	phrase	glycosyl hydrolase	12	247	376	21633	2.7952019984494787	0.001360991099049521	0.11946137601994222	-2.8661447150952086	-0.9227724871243046	True	trend	False	xet	glycosyl hydrolase		AT1G10550, AT1G11545, AT1G65310, AT1G75680, AT2G06850, AT3G06770, AT3G23730, AT3G56730, AT4G25810, AT4G30280, AT4G30290, AT5G57560	XTH33, XTH8, XTH17, GH9B7, XTH4, PGF4, XTH16, AT3G56730, XTR6, XTH18, XTH19, TCH4
w:adenosyl	word	adenosyl	8	247	186	21633	3.76701057855557	0.0013776294433929636	0.12024627052274671	-2.8608675838299926	-0.9199283845300879	True	trend	True	adenosyl	adenosyl		AT1G04430, AT1G78240, AT2G34300, AT3G15530, AT3G23300, AT4G11280, AT4G14360, AT4G18030	AT1G04430, TSD2, AT2G34300, AT3G15530, AT3G23300, ACS6, AT4G14360, AT4G18030
k:Hydroxylation	keyword	Hydroxylation	5	247	72	21633	6.082152496626181	0.0013991757520659168	0.12111828725589485	-2.854127729855294	-0.916790279196158	True	trend	True	Hydroxylation	Hydroxylation		AT1G55330, AT4G13340, AT4G16515, AT5G64770, AT5G65390	AGP21, LRX3, RGF6, RGF9, AGP7
w:polar	word	polar	9	247	231	21633	3.412324517587675	0.0014031240395108143	0.12111828725589485	-2.8529039346067715	-0.916790279196158	True	trend	False	auxin polar	polar		AT1G29430, AT1G29440, AT1G30690, AT2G19620, AT3G02170, AT3G03830, AT3G14370, AT4G16515, AT5G64770	SAUR62, SAUR63, PATL4, NDL3, LNG2, SAUR28, WAG2, RGF6, RGF9
w:alkane	word	alkane	3	247	20	21633	13.13744939271255	0.0014519597569657722	0.12464516067490788	-2.838045420529797	-0.9043245782350735	True	trend	True	alkane	alkane		AT1G01600, AT3G43720, AT4G00360	CYP86A4, LTPG2, CYP86A2
w:botrytis	word	botrytis	5	247	74	21633	5.917769996717365	0.0015814993881757891	0.13502375104294287	-2.8009309717608604	-0.8695898312114916	True	trend	True	botrytis	botrytis	botrytis cinerea	AT1G32640, AT4G02330, AT4G11280, AT4G30440, AT4G31800	MYC2, ATPMEPCRB, ACS6, GAE1, WRKY18
w:layer	word	layer	7	247	150	21633	4.087206477732793	0.0017152241199442182	0.1456449002717852	-2.7656791247782375	-0.8367047175079758	True	trend	False	wax layer	layer		AT2G47240, AT3G43720, AT4G16515, AT4G24510, AT4G33790, AT5G43760, AT5G64770	LACS1, LTPG2, RGF6, CER2, CER4, KCS20, RGF9
w:gravitropism	word	gravitropism	6	247	112	21633	4.691946211683054	0.0018209720509079947	0.1521778941727421	-2.739696719899524	-0.8176484299311282	True	trend	True	gravitropism	gravitropism		AT1G04240, AT2G33460, AT3G14370, AT4G14560, AT4G16515, AT5G64770	SHY2, RIC1, WAG2, IAA1, RGF6, RGF9
w:high	word	high	30	247	1493	21633	1.7598726580994708	0.0018418856952972303	0.1521778941727421	-2.734737324976297	-0.8176484299311282	True	trend	True	high	high		AT1G04200, AT1G10140, AT1G61350, AT1G66180, AT1G78070, AT1G78240, AT2G21190, AT2G28110, AT2G33570, AT2G36220, AT3G02170, AT3G04630, AT3G11700, AT3G15530, AT3G28340, AT3G29030, AT3G30775, AT3G50830, AT3G56880, AT4G09890, AT4G15800, AT4G30340, AT4G35320, AT5G05410, AT5G17640, AT5G22940, AT5G44060, AT5G44670, AT5G46790, AT5G61450	AT1G04200, AT1G10140, AT1G61350, AT1G66180, AT1G78070, TSD2, AT2G21190, FRA8, GALS1, AT2G36220, LNG2, WDL1, FLA18, AT3G15530, GATL10, EXPA5, ERD5, COR413-PM2, VQ24, AT4G09890, RALFL33, DGK7, AT4G35320, DREB2A, ASG1, F8H, MRH10.17, GALS2, PYL1, MCI2.1
w:mechanical	word	mechanical	4	247	46	21633	7.6159126914275665	0.0018579124099237705	0.1521778941727421	-2.730974764391594	-0.8176484299311282	True	trend	False	mechanical stimulus	mechanical		AT2G06850, AT4G11280, AT5G37770, AT5G57560	XTH4, ACS6, TCH2, TCH4
k:Glycosidase	keyword	Glycosidase	11	247	339	21633	2.8419261223173655	0.001877464757250164	0.1521778941727421	-2.7264282065876744	-0.8176484299311282	True	trend	False	xet	Glycosidase		AT1G10550, AT1G11545, AT1G65310, AT1G75680, AT2G06850, AT3G06770, AT3G23730, AT4G25810, AT4G30280, AT4G30290, AT5G57560	XTH33, XTH8, XTH17, GH9B7, XTH4, PGF4, XTH16, XTR6, XTH18, XTH19, TCH4
p:anticlinal asymmetric	phrase	anticlinal asymmetric	2	247	6	21633	29.194331983805668	0.001889561665995389	0.1521778941727421	-2.7236389302807003	-0.8176484299311282	True	trend	True	anticlinal asymmetric	anticlinal asymmetric	innermost layer, transit amplifying, golven, amplifying, innermost, rgfs, anticlinal, tyrosine sulfated, rgf	AT4G16515, AT5G64770	RGF6, RGF9
p:constitutive short‑root	phrase	constitutive short-root	2	247	6	21633	29.194331983805668	0.001889561665995389	0.1521778941727421	-2.7236389302807003	-0.8176484299311282	True	trend	True	constitutive short-root	constitutive short-root	jas, poor reproductive, reproductive performance, robust resistance, antagonism	AT1G70700, AT5G13220	TIFY7, JAZ10
p:glucuronoxylan glucuronosyltransferase	phrase	glucuronoxylan glucuronosyltransferase	2	247	6	21633	29.194331983805668	0.001889561665995389	0.1521778941727421	-2.7236389302807003	-0.8176484299311282	True	trend	False	plumbaginifolia	glucuronoxylan glucuronosyltransferase		AT2G28110, AT5G22940	FRA8, F8H
p:innermost layer	phrase	innermost layer	2	247	6	21633	29.194331983805668	0.001889561665995389	0.1521778941727421	-2.7236389302807003	-0.8176484299311282	True	trend	False	anticlinal asymmetric	innermost layer		AT4G16515, AT5G64770	RGF6, RGF9
p:transit amplifying	phrase	transit amplifying	2	247	6	21633	29.194331983805668	0.001889561665995389	0.1521778941727421	-2.7236389302807003	-0.8176484299311282	True	trend	False	anticlinal asymmetric	transit amplifying		AT4G16515, AT5G64770	RGF6, RGF9
w:strongest	word	strongest	2	247	6	21633	29.194331983805668	0.001889561665995389	0.1521778941727421	-2.7236389302807003	-0.8176484299311282	True	trend	True	strongest	strongest		AT3G51810, AT4G30340	EM1, DGK7
w:tissue	word	tissue	18	247	730	21633	2.1595807220897343	0.0019016005841679196	0.15219059249432723	-2.720880697865454	-0.8176121922045656	True	trend	True	tissue	tissue		AT1G10550, AT1G11545, AT1G65310, AT2G06850, AT2G33460, AT2G41820, AT2G42580, AT3G14370, AT3G23730, AT3G28200, AT3G51810, AT4G25810, AT4G30280, AT4G30290, AT5G11060, AT5G37770, AT5G46590, AT5G57560	XTH33, XTH8, XTH17, XTH4, RIC1, PXC3, TTL3, WAG2, XTH16, PER31, EM1, XTR6, XTH18, XTH19, KNAT4, TCH2, NAC096, TCH4
p:udp glucuronic	phrase	udp glucuronic	3	247	22	21633	11.943135811556864	0.001928682623776035	0.15219059249432723	-2.7147392322228328	-0.8176121922045656	True	trend	True	udp glucuronic	udp glucuronic		AT2G19800, AT4G30440, AT5G04160	MIOX2, GAE1, UUAT1
w:glucuronoxylan	word	glucuronoxylan	3	247	22	21633	11.943135811556864	0.001928682623776035	0.15219059249432723	-2.7147392322228328	-0.8176121922045656	True	trend	True	glucuronoxylan	glucuronoxylan		AT1G19300, AT2G28110, AT5G22940	PARVUS, FRA8, F8H
w:xylosyltransferase	word	xylosyltransferase	3	247	22	21633	11.943135811556864	0.001928682623776035	0.15219059249432723	-2.7147392322228328	-0.8176121922045656	True	trend	True	xylosyltransferase	xylosyltransferase		AT1G74380, AT3G28180, AT4G31590	XXT5, CSLC04, CSLC5
p:lipolytic enzyme	phrase	lipolytic enzyme	6	247	116	21633	4.530154963004328	0.002175069194401174	0.17077025675037152	-2.6625269224938917	-0.7675877686238004	True	trend	False	carboxylic ester	lipolytic enzyme		AT1G29660, AT1G29670, AT4G18970, AT4G28780, AT5G45670, AT5G45950	AtGELP15, AtGELP16, AtGELP80, AtGELP82, AtGELP100, AtGELP102
w:rhamnose	word	rhamnose	3	247	23	21633	11.42386903714135	0.0021994132651418194	0.17181816427287894	-2.6576931599490066	-0.7649309253331897	True	trend	True	rhamnose	rhamnose		AT1G76670, AT3G02250, AT5G04160	URGT1, RRT2, UUAT1
p:substrate specificity	phrase	substrate specificity	6	247	117	21633	4.491435689816257	0.0022711848681431497	0.17654225064611226	-2.6437475139763094	-0.7531513411170003	True	trend	False	carboxylic ester	substrate specificity		AT1G29660, AT1G29670, AT4G18970, AT4G28780, AT5G45670, AT5G45950	AtGELP15, AtGELP16, AtGELP80, AtGELP82, AtGELP100, AtGELP102
w:cuticular	word	cuticular	4	247	50	21633	7.006639676113361	0.0025304588147744365	0.19572222040611778	-2.5968007267850517	-0.7083598659518775	True	trend	False	cuticular wax	cuticular		AT2G47240, AT3G43720, AT4G33790, AT5G43760	LACS1, LTPG2, CER4, KCS20
w:backbone	word	backbone	5	247	83	21633	5.276084093458856	0.0026240689769330217	0.19721429499414045	-2.5810247531730286	-0.7050616086033883	True	trend	True	backbone	backbone		AT3G28180, AT4G15290, AT4G30440, AT4G31590, AT5G62220	CSLC04, ATCSLB05, GAE1, CSLC5, GT18
p:detectable xyloglucan	phrase	detectable xyloglucan	2	247	7	21633	25.023713128976286	0.0026254847259844596	0.19721429499414045	-2.580790503920425	-0.7050616086033883	True	trend	False	backbone substituted	detectable xyloglucan		AT3G28180, AT4G31590	CSLC04, CSLC5
p:omega hydroxylation	phrase	omega hydroxylation	2	247	7	21633	25.023713128976286	0.0026254847259844596	0.19721429499414045	-2.580790503920425	-0.7050616086033883	True	trend	True	omega hydroxylation	omega hydroxylation	hydroxylation	AT1G01600, AT4G00360	CYP86A4, CYP86A2
w:golven	word	golven	2	247	7	21633	25.023713128976286	0.0026254847259844596	0.19721429499414045	-2.580790503920425	-0.7050616086033883	True	trend	False	anticlinal asymmetric	golven		AT4G16515, AT5G64770	RGF6, RGF9
w:jas	word	jas	2	247	7	21633	25.023713128976286	0.0026254847259844596	0.19721429499414045	-2.580790503920425	-0.7050616086033883	True	trend	False	constitutive short-root	jas		AT1G70700, AT5G13220	TIFY7, JAZ10
w:ttl	word	ttl	2	247	7	21633	25.023713128976286	0.0026254847259844596	0.19721429499414045	-2.580790503920425	-0.7050616086033883	True	trend	False	male sporogenesis	ttl		AT2G42580, AT3G58620	TTL3, TTL4
w:carbohydrate	word	carbohydrate	16	247	635	21633	2.206815646019956	0.00271546535820088	0.20299727634703607	-2.5661557332278866	-0.6925097890591427	True	trend	True	carbohydrate	carbohydrate		AT1G10550, AT1G11260, AT1G11545, AT1G65310, AT1G75680, AT2G06850, AT3G06770, AT3G23730, AT3G53810, AT3G54690, AT4G25810, AT4G30280, AT4G30290, AT5G15350, AT5G57560, AT5G57920	XTH33, STP1, XTH8, XTH17, GH9B7, XTH4, PGF4, XTH16, LECRK42, SETH3, XTR6, XTH18, XTH19, ENODL17, TCH4, ENODL10
w:fungal	word	fungal	7	247	163	21633	3.761232954968828	0.0027417846501485593	0.20398877797105297	-2.5619666592930312	-0.6903937237471522	True	trend	True	fungal	fungal	fungal pathogen	AT1G02860, AT1G44830, AT1G70700, AT2G05940, AT3G43720, AT4G31800, AT5G13220	NLA, ERF014, TIFY7, RIPK, LTPG2, WRKY18, JAZ10
w:eceriferum	word	eceriferum	3	247	25	21633	10.509959514170042	0.002808786606916603	0.20798332676049774	-2.5514812543758305	-0.681971479393725	True	trend	False	epicuticular wax	eceriferum		AT2G47240, AT4G24510, AT4G33790	LACS1, CER2, CER4
w:acyltransferase	word	acyltransferase	10	247	306	21633	2.8621894101770264	0.0028374379496496536	0.20911382323267086	-2.5470736270391416	-0.6796172576880948	True	trend	True	acyltransferase	acyltransferase		AT1G29660, AT1G29670, AT4G01950, AT4G18970, AT4G24510, AT4G28780, AT5G01210, AT5G43760, AT5G45670, AT5G45950	AtGELP15, AtGELP16, GPAT3, AtGELP80, CER2, AtGELP82, AT5G01210, KCS20, AtGELP100, AtGELP102
w:increased	word	increased	28	247	1405	21633	1.7454262538360685	0.0029388768603008796	0.21474051123552762	-2.531818610597073	-0.6680860172946006	True	trend	True	increased	increased		AT1G02860, AT1G66180, AT1G70700, AT1G78170, AT1G78240, AT2G21190, AT2G26710, AT2G33570, AT2G47240, AT3G04630, AT3G09780, AT3G15530, AT3G28340, AT3G54810, AT4G01120, AT4G11280, AT4G24510, AT4G30440, AT4G35320, AT5G13220, AT5G16590, AT5G17640, AT5G37770, AT5G44670, AT5G46790, AT5G48870, AT5G50570, AT5G61450	NLA, AT1G66180, TIFY7, CLG4, TSD2, AT2G21190, BAS1, GALS1, LACS1, WDL1, CCR1, AT3G15530, GATL10, BME3, GBF2, ACS6, CER2, GAE1, AT4G35320, JAZ10, LRR1, ASG1, TCH2, GALS2, PYL1, SAD1, SPL13A, MCI2.1
w:biosynthesis	word	biosynthesis	27	247	1338	21633	1.7673698734590875	0.0029412742834359264	0.21474051123552762	-2.5314644742252077	-0.6680860172946006	True	trend	True	biosynthesis	biosynthesis		AT1G01600, AT1G02860, AT1G04610, AT1G13250, AT1G19300, AT1G24170, AT1G32640, AT1G32930, AT1G74380, AT1G75080, AT2G19800, AT2G28110, AT2G33570, AT2G44500, AT2G47240, AT3G28200, AT3G28340, AT3G43720, AT4G00360, AT4G01950, AT4G24510, AT4G30440, AT4G33790, AT5G11800, AT5G43760, AT5G44670, AT5G48870	CYP86A4, NLA, YUC3, GATL3, PARVUS, LGT9, MYC2, GALT31A, XXT5, BZR1, MIOX2, FRA8, GALS1, OFUT20, LACS1, PER31, GATL10, LTPG2, CYP86A2, GPAT3, CER2, GAE1, CER4, KEA6, KCS20, GALS2, SAD1
p:bright green	phrase	bright green	3	247	26	21633	10.105730302086577	0.0031486085117083144	0.2285467767908503	-2.5018813348459354	-0.6410248992130603	True	trend	False	epicuticular wax	bright green		AT2G47240, AT4G24510, AT4G33790	LACS1, CER2, CER4
w:lipolytic	word	lipolytic	6	247	125	21633	4.203983805668016	0.0031596328588596794	0.2285467767908503	-2.5003633783419277	-0.6410248992130603	True	trend	False	carboxylic ester	lipolytic		AT1G29660, AT1G29670, AT4G18970, AT4G28780, AT5G45670, AT5G45950	AtGELP15, AtGELP16, AtGELP80, AtGELP82, AtGELP100, AtGELP102
p:inflorescence stem	phrase	inflorescence stem	5	247	87	21633	5.033505514449254	0.0032190600067324325	0.23070914470269524	-2.492270927523808	-0.6369351908486145	True	trend	True	inflorescence stem	inflorescence stem		AT1G19300, AT2G28110, AT3G28180, AT4G30290, AT4G31590	PARVUS, FRA8, CSLC04, XTH19, CSLC5
w:diverse	word	diverse	5	247	87	21633	5.033505514449254	0.0032190600067324325	0.23070914470269524	-2.492270927523808	-0.6369351908486145	True	trend	True	diverse	diverse	diverse developmental	AT1G32640, AT1G55330, AT4G01120, AT4G37450, AT5G65390	MYC2, AGP21, GBF2, AGP18, AGP7
k:Lipid metabolism	keyword	Lipid metabolism	13	247	474	21633	2.4020652898067953	0.00329114842150005	0.23479864355030491	-2.482652531809244	-0.6293044163695645	True	trend	True	Lipid metabolism	Lipid metabolism		AT1G10740, AT1G29660, AT1G29670, AT2G34770, AT2G45400, AT2G47240, AT4G01950, AT4G03140, AT4G18970, AT4G28780, AT4G33790, AT5G45670, AT5G45950	LDAH1, AtGELP15, AtGELP16, FAH1, BEN1, LACS1, GPAT3, AT4G03140, AtGELP80, AtGELP82, CER4, AtGELP100, AtGELP102
k:Transmembrane helix	keyword	Transmembrane helix	71	247	4612	21633	1.3483071796510424	0.0034298500103324718	0.23704370169294817	-2.4647248715342647	-0.6251715794985224	True	trend	True	Transmembrane helix	Transmembrane helix	Transmembrane	AT1G01600, AT1G04430, AT1G10550, AT1G10740, AT1G11260, AT1G12500, AT1G12990, AT1G13090, AT1G13250, AT1G17620, AT1G19300, AT1G24170, AT1G32930, AT1G35180, AT1G52290, AT1G52540, AT1G64950, AT1G74290, AT1G74380, AT1G76670, AT1G78240, AT1G78260, AT2G04240, AT2G14100, AT2G19580, AT2G21190, AT2G26710, AT2G28110, AT2G30010, AT2G33570, AT2G34300, AT2G34770, AT2G37950, AT2G40270, AT2G41420, AT2G41820, AT2G44500, AT2G45340, AT3G02250, AT3G07540, AT3G09780, AT3G14380, AT3G15530, AT3G18200, AT3G20300, AT3G23300, AT3G28180, AT3G28340, AT3G29170, AT3G45230, AT3G50830, AT3G53810, AT3G57420, AT3G61550, AT4G00360, AT4G01950, AT4G14360, AT4G15290, AT4G18030, AT4G27970, AT4G30440, AT4G31590, AT5G04160, AT5G11800, AT5G16590, AT5G22940, AT5G23850, AT5G43760, AT5G44670, AT5G59350, AT5G62220	CYP86A4, AT1G04430, XTH33, LDAH1, STP1, AT1G12500, AT1G12990, CYP71B28, GATL3, AT1G17620, PARVUS, LGT9, GALT31A, AT1G35180, PERK15, AT1G52540, CYP89A5, AT1G74290, XXT5, URGT1, TSD2, AT1G78260, XERICO, CYP705A13, TET2, AT2G21190, BAS1, FRA8, TBL45, GALS1, AT2G34300, FAH1, AT2G37950, AT2G40270, WIH2, PXC3, OFUT20, AT2G45340, RRT2, FH10, CCR1, CASPL2A2, AT3G15530, UMAMIT4, AT3G20300, AT3G23300, CSLC04, GATL10, AT3G29170, APAP1, COR413-PM2, LECRK42, STL2, ATL68, CYP86A2, GPAT3, AT4G14360, ATCSLB05, AT4G18030, SLAH2, GAE1, CSLC5, UUAT1, KEA6, LRR1, F8H, MRO11.11, KCS20, GALS2, AT5G59350, GT18
p:fragile fiber	phrase	fragile fiber	2	247	8	21633	21.89574898785425	0.0034743348494422114	0.23704370169294817	-2.4591283274384326	-0.6251715794985224	True	trend	False	plumbaginifolia	fragile fiber		AT2G28110, AT5G22940	FRA8, F8H
p:hemicellulose glucuronoxylan	phrase	hemicellulose glucuronoxylan	2	247	8	21633	21.89574898785425	0.0034743348494422114	0.23704370169294817	-2.4591283274384326	-0.6251715794985224	True	trend	False	plumbaginifolia	hemicellulose glucuronoxylan		AT2G28110, AT5G22940	FRA8, F8H
w:amplifying	word	amplifying	2	247	8	21633	21.89574898785425	0.0034743348494422114	0.23704370169294817	-2.4591283274384326	-0.6251715794985224	True	trend	False	anticlinal asymmetric	amplifying		AT4G16515, AT5G64770	RGF6, RGF9
w:galactosyl	word	galactosyl	2	247	8	21633	21.89574898785425	0.0034743348494422114	0.23704370169294817	-2.4591283274384326	-0.6251715794985224	True	trend	True	galactosyl	galactosyl		AT2G33570, AT5G62220	GALS1, GT18
w:glucuronyltransferase	word	glucuronyltransferase	2	247	8	21633	21.89574898785425	0.0034743348494422114	0.23704370169294817	-2.4591283274384326	-0.6251715794985224	True	trend	False	plumbaginifolia	glucuronyltransferase		AT2G28110, AT5G22940	FRA8, F8H
w:innermost	word	innermost	2	247	8	21633	21.89574898785425	0.0034743348494422114	0.23704370169294817	-2.4591283274384326	-0.6251715794985224	True	trend	False	anticlinal asymmetric	innermost		AT4G16515, AT5G64770	RGF6, RGF9
w:rgfs	word	rgfs	2	247	8	21633	21.89574898785425	0.0034743348494422114	0.23704370169294817	-2.4591283274384326	-0.6251715794985224	True	trend	False	anticlinal asymmetric	rgfs		AT4G16515, AT5G64770	RGF6, RGF9
w:sporogenesis	word	sporogenesis	2	247	8	21633	21.89574898785425	0.0034743348494422114	0.23704370169294817	-2.4591283274384326	-0.6251715794985224	True	trend	False	male sporogenesis	sporogenesis		AT2G42580, AT3G58620	TTL3, TTL4
w:verticillium	word	verticillium	2	247	8	21633	21.89574898785425	0.0034743348494422114	0.23704370169294817	-2.4591283274384326	-0.6251715794985224	True	trend	False	dahliae	verticillium		AT2G05940, AT5G50570	RIPK, SPL13A
w:cam	word	cam	4	247	55	21633	6.369672432830328	0.0035847888454147337	0.24351626487286865	-2.4455364204625556	-0.6134720262003506	True	trend	True	cam	cam	recruit calmodulin, potential scaffold, cooperative, iqd	AT2G43290, AT4G14750, AT4G23060, AT5G03960	MSS3, IQD19, IQD22, IQD12
w:light	word	light	22	247	1029	21633	1.8725227511478852	0.0036450218327001775	0.2465360221389938	-2.4382998660311053	-0.6081196156434516	True	trend	True	light	light		AT1G04240, AT1G19300, AT1G32640, AT1G35140, AT1G66180, AT1G75080, AT2G06850, AT2G26710, AT2G45400, AT3G03830, AT3G54810, AT3G57420, AT4G01120, AT4G03400, AT4G11280, AT4G24510, AT4G36110, AT4G38860, AT5G11060, AT5G20110, AT5G37770, AT5G43760	SHY2, PARVUS, MYC2, PHI-1, AT1G66180, BZR1, XTH4, BAS1, BEN1, SAUR28, BME3, STL2, GBF2, DFL2, ACS6, CER2, SAUR9, SAUR16, KNAT4, AT5G20110, TCH2, KCS20
w:uncharacterised	word	uncharacterised	4	247	56	21633	6.255928282244072	0.0038264805924862278	0.2576936757629518	-2.4172004850256337	-0.5888962396367354	True	trend	True	uncharacterised	uncharacterised		AT1G10140, AT3G14380, AT5G51620, AT5G64780	AT1G10140, CASPL2A2, AT5G51620, MVP7.11
p:noncellulosic polysaccharide	phrase	noncellulosic polysaccharide	3	247	28	21633	9.383892423366108	0.0039012540427190235	0.25937529005720017	-2.4087957682837646	-0.5860714002757028	True	trend	True	noncellulosic polysaccharide	noncellulosic polysaccharide	noncellulosic, cellulose synthase	AT3G28180, AT4G15290, AT4G31590	CSLC04, ATCSLB05, CSLC5
p:short‑lived transcriptional	phrase	short-lived transcriptional	3	247	28	21633	9.383892423366108	0.0039012540427190235	0.25937529005720017	-2.4087957682837646	-0.5860714002757028	True	trend	True	short-lived transcriptional	short-lived transcriptional	short-lived, indoleacetic acid, indoleacetic	AT1G04240, AT4G14560, AT5G43700	SHY2, IAA1, ATAUX2-11
w:noncellulosic	word	noncellulosic	3	247	28	21633	9.383892423366108	0.0039012540427190235	0.25937529005720017	-2.4087957682837646	-0.5860714002757028	True	trend	False	noncellulosic polysaccharide	noncellulosic		AT3G28180, AT4G15290, AT4G31590	CSLC04, ATCSLB05, CSLC5
w:regulator	word	regulator	26	247	1300	21633	1.75165991902834	0.003945490818403104	0.2612048667234326	-2.4038989629323764	-0.583018735622685	True	trend	True	regulator	regulator		AT1G02860, AT1G04240, AT1G32640, AT1G44810, AT1G67050, AT1G73830, AT1G74890, AT1G75080, AT2G05940, AT2G19620, AT2G26580, AT2G34510, AT2G41940, AT3G14370, AT4G14560, AT4G14750, AT4G37240, AT4G39990, AT5G04870, AT5G43700, AT5G46790, AT5G48870, AT5G50915, AT5G52900, AT5G62090, AT5G63470	NLA, SHY2, MYC2, GPL4, AT1G67050, BEE3, ARR15, BZR1, RIPK, NDL3, YAB5, ATHB-1, ZFP8, WAG2, IAA1, IQD19, AP22.53, RABA4B, CPK1, ATAUX2-11, PYL1, SAD1, BHLH137, MAKR6, SLK2, NF-YC4
p:hypocotyl elongation	phrase	hypocotyl elongation	6	247	131	21633	4.011434929072535	0.003979442816077037	0.2623409896978381	-2.4001777316557025	-0.5811338473860084	True	trend	True	hypocotyl elongation	hypocotyl elongation		AT1G19300, AT1G29510, AT1G66400, AT2G26710, AT4G03400, AT4G14560	PARVUS, SAUR68, CML23, BAS1, DFL2, IAA1
w:slow	word	slow	6	247	133	21633	3.9511125993120455	0.004284836169471856	0.27974651954231267	-2.368065778654329	-0.5532353080273906	True	trend	True	slow	slow		AT1G11260, AT1G70700, AT2G42160, AT4G13340, AT4G27970, AT5G13220	STP1, TIFY7, BRIZ1, LRX3, SLAH2, JAZ10
p:diverse developmental	phrase	diverse developmental	3	247	29	21633	9.060309926008657	0.0043150864829555385	0.27974651954231267	-2.3650104957323204	-0.5532353080273906	True	trend	False	diverse	diverse developmental		AT1G55330, AT4G37450, AT5G65390	AGP21, AGP18, AGP7
p:recruit calmodulin	phrase	recruit calmodulin	3	247	29	21633	9.060309926008657	0.0043150864829555385	0.27974651954231267	-2.3650104957323204	-0.5532353080273906	True	trend	False	cam	recruit calmodulin		AT4G14750, AT4G23060, AT5G03960	IQD19, IQD22, IQD12
w:jaz	word	jaz	3	247	29	21633	9.060309926008657	0.0043150864829555385	0.27974651954231267	-2.3650104957323204	-0.5532353080273906	True	trend	False	jasmonate zim	jaz		AT1G32640, AT1G70700, AT5G13220	MYC2, TIFY7, JAZ10
w:regulate	word	regulate	31	247	1654	21633	1.6415192711571505	0.004410978870603295	0.280438679348591	-2.3554650225667237	-0.552162086749743	True	trend	True	regulate	regulate		AT1G02860, AT1G04240, AT1G32640, AT1G44830, AT1G66400, AT1G70700, AT1G75080, AT1G78170, AT2G19620, AT2G26580, AT2G33460, AT2G45400, AT3G02170, AT3G04630, AT3G05800, AT3G14370, AT3G57420, AT4G14750, AT4G15800, AT4G16515, AT4G23060, AT4G36110, AT4G38860, AT5G03960, AT5G05410, AT5G13220, AT5G16590, AT5G37770, AT5G48870, AT5G63470, AT5G64770	NLA, SHY2, MYC2, ERF014, CML23, TIFY7, BZR1, CLG4, NDL3, YAB5, RIC1, BEN1, LNG2, WDL1, AIF1, WAG2, STL2, IQD19, RALFL33, RGF6, IQD22, SAUR9, SAUR16, IQD12, DREB2A, JAZ10, LRR1, TCH2, SAD1, NF-YC4, RGF9
p:mechanistic link	phrase	mechanistic link	2	247	9	21633	19.46288798920378	0.004433458384479133	0.280438679348591	-2.3532573637698753	-0.552162086749743	True	trend	True	mechanistic link	mechanistic link	terminal autoinhibitory, mechanistic, branch angle, facilitation, autoinhibitory	AT4G36110, AT4G38860	SAUR9, SAUR16
p:terminal autoinhibitory	phrase	terminal autoinhibitory	2	247	9	21633	19.46288798920378	0.004433458384479133	0.280438679348591	-2.3532573637698753	-0.552162086749743	True	trend	False	mechanistic link	terminal autoinhibitory		AT4G36110, AT4G38860	SAUR9, SAUR16
w:fall	word	fall	2	247	9	21633	19.46288798920378	0.004433458384479133	0.280438679348591	-2.3532573637698753	-0.552162086749743	True	trend	True	fall	fall		AT1G78240, AT4G37450	TSD2, AGP18
w:simultaneously	word	simultaneously	2	247	9	21633	19.46288798920378	0.004433458384479133	0.280438679348591	-2.3532573637698753	-0.552162086749743	True	trend	False	backbone substituted	simultaneously		AT3G28180, AT4G31590	CSLC04, CSLC5
w:started	word	started	2	247	9	21633	19.46288798920378	0.004433458384479133	0.280438679348591	-2.3532573637698753	-0.552162086749743	True	trend	True	started	started		AT1G02860, AT5G11060	NLA, KNAT4
p:ester bond	phrase	ester bond	6	247	135	21633	3.8925775978407557	0.004607203421478513	0.29025381555314633	-2.3365626119549936	-0.5372220625014119	True	trend	False	carboxylic ester	ester bond		AT1G29660, AT1G29670, AT4G18970, AT4G28780, AT5G45670, AT5G45950	AtGELP15, AtGELP16, AtGELP80, AtGELP82, AtGELP100, AtGELP102
p:potential scaffold	phrase	potential scaffold	3	247	30	21633	8.7582995951417	0.004754553054269672	0.29714054767963755	-2.322890302109838	-0.5270380805020776	True	trend	False	cam	potential scaffold		AT4G14750, AT4G23060, AT5G03960	IQD19, IQD22, IQD12
w:accompanied	word	accompanied	3	247	30	21633	8.7582995951417	0.004754553054269672	0.29714054767963755	-2.322890302109838	-0.5270380805020776	True	trend	True	accompanied	accompanied		AT1G02860, AT1G70700, AT5G13220	NLA, TIFY7, JAZ10
p:cellulose synthase	phrase	cellulose synthase	4	247	60	21633	5.838866396761134	0.004903490729305685	0.30282245613356584	-2.3094946414540263	-0.5188119223909968	True	trend	False	noncellulosic polysaccharide	cellulose synthase		AT3G28180, AT3G57420, AT4G15290, AT4G31590	CSLC04, STL2, ATCSLB05, CSLC5
p:fungal pathogen	phrase	fungal pathogen	5	247	96	21633	4.561614372469635	0.0049036150410773265	0.30282245613356584	-2.309483631494977	-0.5188119223909968	True	trend	False	fungal	fungal pathogen		AT1G02860, AT1G44830, AT1G70700, AT4G31800, AT5G13220	NLA, ERF014, TIFY7, WRKY18, JAZ10
w:axis	word	axis	5	247	96	21633	4.561614372469635	0.0049036150410773265	0.30282245613356584	-2.309483631494977	-0.5188119223909968	True	trend	True	axis	axis		AT2G26580, AT2G33460, AT2G45450, AT3G54810, AT5G11060	YAB5, RIC1, ZPR1, BME3, KNAT4
w:development	word	development	48	247	2903	21633	1.448151500402348	0.004963605118982665	0.3053203400747448	-2.3042027762201065	-0.5152442625602465	True	trend	True	development	development		AT1G02860, AT1G03870, AT1G19300, AT1G21910, AT1G29430, AT1G29440, AT1G32640, AT1G32930, AT1G35140, AT1G66400, AT1G70700, AT1G75080, AT1G78170, AT1G78240, AT2G06850, AT2G26580, AT2G33460, AT2G41820, AT2G41940, AT2G44500, AT2G45450, AT3G04630, AT3G11700, AT3G14370, AT3G28180, AT3G29030, AT3G43720, AT3G46600, AT3G51810, AT3G53810, AT4G00360, AT4G15800, AT4G16515, AT4G24510, AT4G30340, AT4G31590, AT4G36110, AT5G04160, AT5G11800, AT5G13220, AT5G37770, AT5G44060, AT5G48870, AT5G50570, AT5G51550, AT5G56170, AT5G62090, AT5G64770	NLA, FLA9, PARVUS, DREB26, SAUR62, SAUR63, MYC2, GALT31A, PHI-1, CML23, TIFY7, BZR1, CLG4, TSD2, XTH4, YAB5, RIC1, PXC3, ZFP8, OFUT20, ZPR1, WDL1, FLA18, WAG2, CSLC04, EXPA5, LTPG2, SCL30, EM1, LECRK42, CYP86A2, RALFL33, RGF6, CER2, DGK7, CSLC5, SAUR9, UUAT1, KEA6, JAZ10, TCH2, MRH10.17, SAD1, SPL13A, EXL3, LLG1, SLK2, RGF9
w:esterase	word	esterase	7	247	183	21633	3.3501692440432733	0.005168770332816951	0.3154565143747346	-2.286612764680097	-0.5010604997121484	True	trend	True	esterase	esterase	lipase	AT1G29660, AT1G29670, AT2G30010, AT4G18970, AT4G28780, AT5G45670, AT5G45950	AtGELP15, AtGELP16, TBL45, AtGELP80, AtGELP82, AtGELP100, AtGELP102
w:lipase	word	lipase	7	247	183	21633	3.3501692440432733	0.005168770332816951	0.3154565143747346	-2.286612764680097	-0.5010604997121484	True	trend	False	esterase	lipase		AT1G10740, AT1G29660, AT1G29670, AT4G18970, AT4G28780, AT5G45670, AT5G45950	LDAH1, AtGELP15, AtGELP16, AtGELP80, AtGELP82, AtGELP100, AtGELP102
w:pollination	word	pollination	3	247	31	21633	8.475773801750034	0.005220091892957684	0.3171064986870985	-2.2823218517385087	-0.4987948575786314	True	trend	True	pollination	pollination		AT1G29430, AT3G28180, AT4G31590	SAUR62, CSLC04, CSLC5
w:endosome	word	endosome	11	247	389	21633	2.476639988343411	0.005317111252802054	0.3171064986870985	-2.2743242526118044	-0.4987948575786314	True	trend	False	trans-golgi network	endosome		AT1G04430, AT1G74380, AT1G78240, AT2G34300, AT2G43290, AT3G23300, AT3G28180, AT4G14360, AT4G18030, AT4G30440, AT4G39990	AT1G04430, XXT5, TSD2, AT2G34300, MSS3, AT3G23300, CSLC04, AT4G14360, AT4G18030, GAE1, RABA4B
w:filament	word	filament	7	247	184	21633	3.3319618024995603	0.005322324244876138	0.3171064986870985	-2.2738986710339764	-0.4987948575786314	True	trend	False	stamen filament	filament		AT1G29430, AT1G29440, AT1G29450, AT1G29460, AT1G29500, AT1G29510, AT3G07540	SAUR62, SAUR63, SAUR64, SAUR65, SAUR66, SAUR68, FH10
k:Lipoprotein	keyword	Lipoprotein	13	247	503	21633	2.2635764361201214	0.005388647725646469	0.3171064986870985	-2.268520206793381	-0.4987948575786314	True	trend	True	Lipoprotein	Lipoprotein		AT1G03870, AT1G04200, AT1G55330, AT3G43720, AT4G37450, AT4G39990, AT5G03520, AT5G04870, AT5G15350, AT5G24580, AT5G56170, AT5G57920, AT5G65390	FLA9, AT1G04200, AGP21, LTPG2, AGP18, RABA4B, RAB8C, CPK1, ENODL17, HIPP09, LLG1, ENODL10, AGP7
k:Transmembrane	keyword	Transmembrane	71	247	4696	21633	1.3241892488395672	0.005407950923293904	0.3171064986870985	-2.2669672582349407	-0.4987948575786314	True	trend	False	Transmembrane helix	Transmembrane		AT1G01600, AT1G04430, AT1G10550, AT1G10740, AT1G11260, AT1G12500, AT1G12990, AT1G13090, AT1G13250, AT1G17620, AT1G19300, AT1G24170, AT1G32930, AT1G35180, AT1G52290, AT1G52540, AT1G64950, AT1G74290, AT1G74380, AT1G76670, AT1G78240, AT1G78260, AT2G04240, AT2G14100, AT2G19580, AT2G21190, AT2G26710, AT2G28110, AT2G30010, AT2G33570, AT2G34300, AT2G34770, AT2G37950, AT2G40270, AT2G41420, AT2G41820, AT2G44500, AT2G45340, AT3G02250, AT3G07540, AT3G09780, AT3G14380, AT3G15530, AT3G18200, AT3G20300, AT3G23300, AT3G28180, AT3G28340, AT3G29170, AT3G45230, AT3G50830, AT3G53810, AT3G57420, AT3G61550, AT4G00360, AT4G01950, AT4G14360, AT4G15290, AT4G18030, AT4G27970, AT4G30440, AT4G31590, AT5G04160, AT5G11800, AT5G16590, AT5G22940, AT5G23850, AT5G43760, AT5G44670, AT5G59350, AT5G62220	CYP86A4, AT1G04430, XTH33, LDAH1, STP1, AT1G12500, AT1G12990, CYP71B28, GATL3, AT1G17620, PARVUS, LGT9, GALT31A, AT1G35180, PERK15, AT1G52540, CYP89A5, AT1G74290, XXT5, URGT1, TSD2, AT1G78260, XERICO, CYP705A13, TET2, AT2G21190, BAS1, FRA8, TBL45, GALS1, AT2G34300, FAH1, AT2G37950, AT2G40270, WIH2, PXC3, OFUT20, AT2G45340, RRT2, FH10, CCR1, CASPL2A2, AT3G15530, UMAMIT4, AT3G20300, AT3G23300, CSLC04, GATL10, AT3G29170, APAP1, COR413-PM2, LECRK42, STL2, ATL68, CYP86A2, GPAT3, AT4G14360, ATCSLB05, AT4G18030, SLAH2, GAE1, CSLC5, UUAT1, KEA6, LRR1, F8H, MRO11.11, KCS20, GALS2, AT5G59350, GT18
w:abundant	word	abundant	6	247	140	21633	3.7535569693464432	0.005490987692605643	0.3171064986870985	-2.260349529708843	-0.4987948575786314	True	trend	True	abundant	abundant		AT1G02860, AT1G17620, AT2G33570, AT3G02250, AT3G51810, AT5G44670	NLA, AT1G17620, GALS1, RRT2, EM1, GALS2
p:amido synthetase	phrase	amido synthetase	2	247	10	21633	17.5165991902834	0.005500247129045295	0.3171064986870985	-2.2596177969840237	-0.4987948575786314	True	trend	True	amido synthetase	amido synthetase	cope	AT1G59500, AT4G03400	GH3.4, DFL2
p:lack detectable	phrase	lack detectable	2	247	10	21633	17.5165991902834	0.005500247129045295	0.3171064986870985	-2.2596177969840237	-0.4987948575786314	True	trend	False	backbone substituted	lack detectable		AT3G28180, AT4G31590	CSLC04, CSLC5
p:poor reproductive	phrase	poor reproductive	2	247	10	21633	17.5165991902834	0.005500247129045295	0.3171064986870985	-2.2596177969840237	-0.4987948575786314	True	trend	False	constitutive short-root	poor reproductive		AT1G70700, AT5G13220	TIFY7, JAZ10
p:reproductive performance	phrase	reproductive performance	2	247	10	21633	17.5165991902834	0.005500247129045295	0.3171064986870985	-2.2596177969840237	-0.4987948575786314	True	trend	False	constitutive short-root	reproductive performance		AT1G70700, AT5G13220	TIFY7, JAZ10
p:robust resistance	phrase	robust resistance	2	247	10	21633	17.5165991902834	0.005500247129045295	0.3171064986870985	-2.2596177969840237	-0.4987948575786314	True	trend	False	constitutive short-root	robust resistance		AT1G70700, AT5G13220	TIFY7, JAZ10
w:antagonism	word	antagonism	2	247	10	21633	17.5165991902834	0.005500247129045295	0.3171064986870985	-2.2596177969840237	-0.4987948575786314	True	trend	False	constitutive short-root	antagonism		AT1G70700, AT5G13220	TIFY7, JAZ10
w:anticlinal	word	anticlinal	2	247	10	21633	17.5165991902834	0.005500247129045295	0.3171064986870985	-2.2596177969840237	-0.4987948575786314	True	trend	False	anticlinal asymmetric	anticlinal		AT4G16515, AT5G64770	RGF6, RGF9
w:castasterone	word	castasterone	2	247	10	21633	17.5165991902834	0.005500247129045295	0.3171064986870985	-2.2596177969840237	-0.4987948575786314	True	trend	True	castasterone	castasterone		AT2G26710, AT2G45400	BAS1, BEN1
w:mechanistic	word	mechanistic	2	247	10	21633	17.5165991902834	0.005500247129045295	0.3171064986870985	-2.2596177969840237	-0.4987948575786314	True	trend	False	mechanistic link	mechanistic		AT4G36110, AT4G38860	SAUR9, SAUR16
p:lateral root	phrase	lateral root	10	247	338	21633	2.5912128979709173	0.005685744408598533	0.3245312646888094	-2.2452126670567933	-0.48874345779191763	True	trend	True	lateral root	lateral root		AT1G04240, AT1G32640, AT1G65310, AT2G33460, AT3G09780, AT4G14560, AT4G16515, AT4G30280, AT4G30290, AT5G64770	SHY2, MYC2, XTH17, RIC1, CCR1, IAA1, RGF6, XTH18, XTH19, RGF9
p:tpt transporter	phrase	tpt transporter	3	247	32	21633	8.210905870445345	0.005712115833936418	0.3245312646888094	-2.243202994241453	-0.48874345779191763	True	trend	True	tpt transporter	tpt transporter	tpt	AT1G12500, AT1G76670, AT5G04160	AT1G12500, URGT1, UUAT1
w:cooperative	word	cooperative	3	247	32	21633	8.210905870445345	0.005712115833936418	0.3245312646888094	-2.243202994241453	-0.48874345779191763	True	trend	False	cam	cooperative		AT4G14750, AT4G23060, AT5G03960	IQD19, IQD22, IQD12
w:iqd	word	iqd	3	247	32	21633	8.210905870445345	0.005712115833936418	0.3245312646888094	-2.243202994241453	-0.48874345779191763	True	trend	False	cam	iqd		AT4G14750, AT4G23060, AT5G03960	IQD19, IQD22, IQD12
w:detectable	word	detectable	4	247	63	21633	5.560825139772508	0.0058330211106161845	0.3278241792527601	-2.2341064517874494	-0.4843590174257275	True	trend	True	detectable	detectable		AT3G28180, AT3G50830, AT4G31590, AT5G37770	CSLC04, COR413-PM2, CSLC5, TCH2
w:galactosyltransferase	word	galactosyltransferase	4	247	63	21633	5.560825139772508	0.0058330211106161845	0.3278241792527601	-2.2341064517874494	-0.4843590174257275	True	trend	False	galactan	galactosyltransferase		AT1G32930, AT2G33570, AT5G44670, AT5G62220	GALT31A, GALS1, GALS2, GT18
w:hydroxylation	word	hydroxylation	4	247	63	21633	5.560825139772508	0.0058330211106161845	0.3278241792527601	-2.2341064517874494	-0.4843590174257275	True	trend	False	omega hydroxylation	hydroxylation		AT1G01600, AT2G26710, AT2G34770, AT4G00360	CYP86A4, BAS1, FAH1, CYP86A2
w:tpt	word	tpt	3	247	33	21633	7.96209054103791	0.006231013060668891	0.3489367313974581	-2.2054413384306044	-0.45725331142440373	True	trend	False	tpt transporter	tpt		AT1G12500, AT1G76670, AT5G04160	AT1G12500, URGT1, UUAT1
w:cuticle	word	cuticle	4	247	65	21633	5.389722827779508	0.006513794830485348	0.36196346729002193	-2.186165924830301	-0.441335260281738	True	trend	True	cuticle	cuticle		AT1G78170, AT2G47240, AT3G43720, AT4G00360	CLG4, LACS1, LTPG2, CYP86A2
w:constituent	word	constituent	12	247	457	21633	2.299772322575501	0.006536819923127619	0.36196346729002193	-2.1846334788506954	-0.441335260281738	True	trend	False	xet	constituent		AT1G10550, AT1G11545, AT1G65310, AT2G06850, AT3G23730, AT3G53650, AT4G13340, AT4G25810, AT4G30280, AT4G30290, AT5G54640, AT5G57560	XTH33, XTH8, XTH17, XTH4, XTH16, HTB6, LRX3, XTR6, XTH18, XTH19, RAT5, TCH4
p:branch angle	phrase	branch angle	2	247	11	21633	15.924181082075819	0.006672137645899023	0.36196346729002193	-2.175735002802305	-0.441335260281738	True	trend	False	mechanistic link	branch angle		AT4G36110, AT4G38860	SAUR9, SAUR16
p:hook curvature	phrase	hook curvature	2	247	11	21633	15.924181082075819	0.006672137645899023	0.36196346729002193	-2.175735002802305	-0.441335260281738	True	trend	True	hook curvature	hook curvature		AT1G32640, AT4G11280	MYC2, ACS6
p:tyrosine sulfated	phrase	tyrosine sulfated	2	247	11	21633	15.924181082075819	0.006672137645899023	0.36196346729002193	-2.175735002802305	-0.441335260281738	True	trend	False	anticlinal asymmetric	tyrosine sulfated		AT4G16515, AT5G64770	RGF6, RGF9
w:ear	word	ear	2	247	11	21633	15.924181082075819	0.006672137645899023	0.36196346729002193	-2.175735002802305	-0.441335260281738	True	trend	True	ear	ear		AT1G78170, AT2G20080	CLG4, SPEAR1
w:facilitation	word	facilitation	2	247	11	21633	15.924181082075819	0.006672137645899023	0.36196346729002193	-2.175735002802305	-0.441335260281738	True	trend	False	mechanistic link	facilitation		AT4G36110, AT4G38860	SAUR9, SAUR16
w:megasporogenesis	word	megasporogenesis	2	247	11	21633	15.924181082075819	0.006672137645899023	0.36196346729002193	-2.175735002802305	-0.441335260281738	True	trend	True	megasporogenesis	megasporogenesis		AT2G41420, AT4G37450	WIH2, AGP18
w:rgf	word	rgf	2	247	11	21633	15.924181082075819	0.006672137645899023	0.36196346729002193	-2.175735002802305	-0.441335260281738	True	trend	False	anticlinal asymmetric	rgf		AT4G16515, AT5G64770	RGF6, RGF9
w:petal	word	petal	6	247	146	21633	3.5993012034828906	0.006708179421581444	0.3626594992484032	-2.173395329971636	-0.44050094244838567	True	trend	False	stamen filament	petal		AT1G29430, AT1G29440, AT1G29450, AT1G29460, AT1G29500, AT1G29510	SAUR62, SAUR63, SAUR64, SAUR65, SAUR66, SAUR68
w:angle	word	angle	3	247	34	21633	7.727911407477971	0.006777147742188091	0.36371827342873	-2.168953046613532	-0.4392348791765128	True	trend	True	angle	angle		AT3G14370, AT4G36110, AT4G38860	WAG2, SAUR9, SAUR16
p:abscisic acid	phrase	abscisic acid	17	247	762	21633	1.9539513532468358	0.00679760214037309	0.36371827342873	-2.1676442580078925	-0.4392348791765128	True	trend	True	abscisic acid	abscisic acid	abscisic	AT1G32640, AT1G75080, AT2G04240, AT2G19620, AT2G38610, AT2G41940, AT3G51810, AT4G24510, AT4G36110, AT4G38860, AT5G17640, AT5G37770, AT5G46590, AT5G46790, AT5G48870, AT5G52900, AT5G63470	MYC2, BZR1, XERICO, NDL3, KH9, ZFP8, EM1, CER2, SAUR9, SAUR16, ASG1, TCH2, NAC096, PYL1, SAD1, MAKR6, NF-YC4
w:abscisic	word	abscisic	17	247	762	21633	1.9539513532468358	0.00679760214037309	0.36371827342873	-2.1676442580078925	-0.4392348791765128	True	trend	False	abscisic acid	abscisic		AT1G32640, AT1G75080, AT2G04240, AT2G19620, AT2G38610, AT2G41940, AT3G51810, AT4G24510, AT4G36110, AT4G38860, AT5G17640, AT5G37770, AT5G46590, AT5G46790, AT5G48870, AT5G52900, AT5G63470	MYC2, BZR1, XERICO, NDL3, KH9, ZFP8, EM1, CER2, SAUR9, SAUR16, ASG1, TCH2, NAC096, PYL1, SAD1, MAKR6, NF-YC4
w:seem	word	seem	11	247	403	21633	2.3906028671602653	0.006869000272535988	0.36628416470342073	-2.163106466392401	-0.4361818564667126	True	trend	True	seem	seem		AT1G55330, AT1G74890, AT1G75080, AT1G78170, AT2G05940, AT2G47240, AT3G28180, AT4G24510, AT4G31590, AT4G37450, AT5G65390	AGP21, ARR15, BZR1, CLG4, RIPK, LACS1, CSLC04, CER2, CSLC5, AGP18, AGP7
w:synthesis	word	synthesis	17	247	765	21633	1.9462887989203779	0.007056463540269629	0.37500063385432897	-2.1514128980620426	-0.4259679981944018	True	trend	True	synthesis	synthesis		AT1G02860, AT1G19300, AT1G59500, AT1G74380, AT1G78240, AT2G28110, AT2G30010, AT2G47240, AT3G28180, AT3G49640, AT4G03400, AT4G30440, AT4G31590, AT5G11160, AT5G22940, AT5G43760, AT5G62220	NLA, PARVUS, GH3.4, XXT5, TSD2, FRA8, TBL45, LACS1, CSLC04, AT3G49640, DFL2, GAE1, CSLC5, APT5, F8H, KCS20, GT18
p:botrytis cinerea	phrase	botrytis cinerea	4	247	67	21633	5.228835579189075	0.007245276972920171	0.38118075866944073	-2.139945007637713	-0.41886902989780106	True	trend	False	botrytis	botrytis cinerea		AT4G02330, AT4G11280, AT4G30440, AT4G31800	ATPMEPCRB, ACS6, GAE1, WRKY18
p:population proliferation	phrase	population proliferation	4	247	67	21633	5.228835579189075	0.007245276972920171	0.38118075866944073	-2.139945007637713	-0.41886902989780106	True	trend	False	Growth factor	population proliferation		AT1G13590, AT4G16515, AT5G50915, AT5G64770	PSK1, RGF6, BHLH137, RGF9
w:plate	word	plate	7	247	195	21633	3.1440049828713796	0.0072459476014352184	0.38118075866944073	-2.139904810860387	-0.41886902989780106	True	trend	True	plate	plate		AT1G11260, AT1G30690, AT1G78170, AT2G33570, AT3G14370, AT4G24510, AT4G33790	STP1, PATL4, CLG4, GALS1, WAG2, CER2, CER4
w:rhamnogalacturonan	word	rhamnogalacturonan	3	247	35	21633	7.5071139386928865	0.007350860657442639	0.3841132003741935	-2.1336618096374638	-0.41554076768209525	True	trend	True	rhamnogalacturonan	rhamnogalacturonan		AT2G33570, AT3G02250, AT5G44670	GALS1, RRT2, GALS2
w:short‑lived	word	short-lived	3	247	35	21633	7.5071139386928865	0.007350860657442639	0.3841132003741935	-2.1336618096374638	-0.41554076768209525	True	trend	False	short-lived transcriptional	short-lived		AT1G04240, AT4G14560, AT5G43700	SHY2, IAA1, ATAUX2-11
w:cis‑regulatory	word	cis-regulatory	16	247	707	21633	1.9820762874436662	0.007497024880822757	0.3904450557932492	-2.125111047832546	-0.4084400722724104	True	trend	True	cis-regulatory	transcription cis-regulatory	transcription cis-regulatory	AT1G04240, AT1G21910, AT1G32640, AT1G44810, AT1G44830, AT1G75080, AT2G26580, AT2G41940, AT3G05800, AT3G46600, AT3G54810, AT4G01120, AT4G09460, AT4G14560, AT5G05410, AT5G43700	SHY2, DREB26, MYC2, GPL4, ERF014, BZR1, YAB5, ZFP8, AIF1, SCL30, BME3, GBF2, MYB6, IAA1, DREB2A, ATAUX2-11
w:stamen	word	stamen	6	247	150	21633	3.50331983805668	0.007621415252779309	0.39560462428380033	-2.1179643751955965	-0.40273864050964203	True	trend	False	stamen filament	stamen		AT1G29430, AT1G29440, AT1G29450, AT1G29460, AT1G29500, AT1G29510	SAUR62, SAUR63, SAUR64, SAUR65, SAUR66, SAUR68
w:promoter	word	promoter	16	247	710	21633	1.973701317215031	0.007790656079398124	0.4030503661738952	-2.10842596727424	-0.39464067995159224	True	trend	True	promoter	promoter		AT1G04240, AT1G21910, AT1G32640, AT1G44830, AT1G75080, AT3G30775, AT3G54810, AT4G01120, AT4G14560, AT5G05410, AT5G11060, AT5G25190, AT5G43700, AT5G46590, AT5G50570, AT5G63470	SHY2, DREB26, MYC2, ERF014, BZR1, ERD5, BME3, GBF2, IAA1, DREB2A, KNAT4, ESE3, ATAUX2-11, NAC096, SPL13A, NF-YC4
w:anoxia	word	anoxia	2	247	12	21633	14.597165991902834	0.00794661058719309	0.40737504349983644	-2.09981806847007	-0.3900055801524811	True	trend	True	anoxia	anoxia		AT1G35140, AT5G25110	PHI-1, CIPK25
w:touch	word	touch	2	247	12	21633	14.597165991902834	0.00794661058719309	0.40737504349983644	-2.09981806847007	-0.3900055801524811	True	trend	True	touch	touch		AT5G37770, AT5G57560	TCH2, TCH4
w:saturated	word	saturated	3	247	36	21633	7.298582995951417	0.007952469807184465	0.40737504349983644	-2.0994979710854933	-0.3900055801524811	True	trend	True	saturated	saturated		AT1G01600, AT4G00360, AT4G33790	CYP86A4, CYP86A2, CER4
w:dehydration	word	dehydration	6	247	152	21633	3.4572235243980396	0.008110192074442893	0.4140968659186136	-2.0909688602299203	-0.3828980564317024	True	trend	True	dehydration	dehydration		AT1G21910, AT1G32640, AT2G19620, AT3G30775, AT5G05410, AT5G46590	DREB26, MYC2, NDL3, ERD5, DREB2A, NAC096
w:brassinolide	word	brassinolide	3	247	37	21633	7.101323996060839	0.008582271013615292	0.43677329744861676	-2.066397775300988	-0.35974392049837656	True	trend	True	brassinolide	brassinolide		AT1G75080, AT2G26710, AT2G45400	BZR1, BAS1, BEN1
w:glycoprotein	word	glycoprotein	8	247	252	21633	2.780412569886254	0.008616313448112698	0.436886530496878	-2.064678510463371	-0.35963134467256586	True	trend	True	glycoprotein	glycoprotein		AT1G17620, AT1G32930, AT2G28110, AT3G45230, AT4G13340, AT4G37450, AT5G22940, AT5G62220	AT1G17620, GALT31A, FRA8, APAP1, LRX3, AGP18, F8H, GT18
w:wax	word	wax	5	247	110	21633	3.9810452705189543	0.008640421014051157	0.436886530496878	-2.0634650955275293	-0.35963134467256586	True	trend	False	epicuticular wax	wax		AT2G47240, AT3G43720, AT4G24510, AT4G33790, AT5G43760	LACS1, LTPG2, CER2, CER4, KCS20
p:transcription cis‑regulatory	phrase	transcription cis-regulatory	15	247	660	21633	1.9905226352594771	0.009145849954947577	0.45991537084030665	-2.038775927848496	-0.33732207561931826	True	trend	False	cis-regulatory	transcription cis-regulatory		AT1G04240, AT1G21910, AT1G32640, AT1G44810, AT1G44830, AT2G26580, AT2G41940, AT3G05800, AT3G46600, AT3G54810, AT4G01120, AT4G09460, AT4G14560, AT5G05410, AT5G43700	SHY2, DREB26, MYC2, GPL4, ERF014, YAB5, ZFP8, AIF1, SCL30, BME3, GBF2, MYB6, IAA1, DREB2A, ATAUX2-11
k:Lipid degradation	keyword	Lipid degradation	6	247	156	21633	3.3685767673621925	0.009154741444657919	0.45991537084030665	-2.038353916872279	-0.33732207561931826	True	trend	False	carboxylic ester	Lipid degradation		AT1G29660, AT1G29670, AT4G18970, AT4G28780, AT5G45670, AT5G45950	AtGELP15, AtGELP16, AtGELP80, AtGELP82, AtGELP100, AtGELP102
p:lobed plate	phrase	lobed plate	2	247	13	21633	13.47430706944877	0.009321190028549446	0.46086795255081187	-2.0305286380923966	-0.3364234904310024	True	trend	True	lobed plate	lobed plate		AT4G24510, AT4G33790	CER2, CER4
w:autoinhibitory	word	autoinhibitory	2	247	13	21633	13.47430706944877	0.009321190028549446	0.46086795255081187	-2.0305286380923966	-0.3364234904310024	True	trend	False	mechanistic link	autoinhibitory		AT4G36110, AT4G38860	SAUR9, SAUR16
w:cope	word	cope	2	247	13	21633	13.47430706944877	0.009321190028549446	0.46086795255081187	-2.0305286380923966	-0.3364234904310024	True	trend	False	amido synthetase	cope		AT1G59500, AT4G03400	GH3.4, DFL2
w:example	word	example	2	247	13	21633	13.47430706944877	0.009321190028549446	0.46086795255081187	-2.0305286380923966	-0.3364234904310024	True	trend	True	example	example		AT1G32640, AT1G35140	MYC2, PHI-1
w:glossy	word	glossy	2	247	13	21633	13.47430706944877	0.009321190028549446	0.46086795255081187	-2.0305286380923966	-0.3364234904310024	True	trend	True	glossy	glossy		AT4G33790, AT5G43760	CER4, KCS20
p:indoleacetic acid	phrase	indoleacetic acid	3	247	39	21633	6.737153534724385	0.009927525506490946	0.4862309044307669	-2.0031589884429724	-0.31315744122035527	True	trend	False	short-lived transcriptional	indoleacetic acid		AT1G04240, AT4G14560, AT5G43700	SHY2, IAA1, ATAUX2-11
w:indoleacetic	word	indoleacetic	3	247	39	21633	6.737153534724385	0.009927525506490946	0.4862309044307669	-2.0031589884429724	-0.31315744122035527	True	trend	False	short-lived transcriptional	indoleacetic		AT1G04240, AT4G14560, AT5G43700	SHY2, IAA1, ATAUX2-11
w:ram	word	ram	3	247	39	21633	6.737153534724385	0.009927525506490946	0.4862309044307669	-2.0031589884429724	-0.31315744122035527	True	trend	True	ram	ram		AT1G30690, AT4G16515, AT5G64770	PATL4, RGF6, RGF9
w:petiole	word	petiole	6	247	159	21633	3.3050187151478116	0.009998856272193475	0.4881941574898467	-2.000049674308266	-0.3114074223483736	True	trend	True	petiole	petiole		AT1G65310, AT1G75080, AT2G45400, AT3G02170, AT3G04630, AT4G14560	XTH17, BZR1, BEN1, LNG2, WDL1, IAA1
w:smaller	word	smaller	10	247	369	21633	2.3735229255126558	0.010215503865891705	0.4972181694725611	-1.9907402075161498	-0.30345300964122357	True		False		smaller		AT1G19300, AT2G28110, AT3G28180, AT4G08950, AT4G11280, AT4G14560, AT4G27280, AT4G30440, AT4G31590, AT5G50915	PARVUS, FRA8, CSLC04, EXO, ACS6, IAA1, KRP1, GAE1, CSLC5, BHLH137
p:golgi medial	phrase	golgi medial	3	247	40	21633	6.568724696356275	0.010643464774267326	0.5110204560679573	-1.972916972849195	-0.2915617147779659	True		False		golgi medial		AT2G34300, AT3G23300, AT4G18030	AT2G34300, AT3G23300, AT4G18030
p:medial cisterna	phrase	medial cisterna	3	247	40	21633	6.568724696356275	0.010643464774267326	0.5110204560679573	-1.972916972849195	-0.2915617147779659	True		False		medial cisterna		AT2G34300, AT3G23300, AT4G18030	AT2G34300, AT3G23300, AT4G18030
w:curling	word	curling	3	247	40	21633	6.568724696356275	0.010643464774267326	0.5110204560679573	-1.972916972849195	-0.2915617147779659	True		False		curling		AT3G04630, AT3G14370, AT4G11280	WDL1, WAG2, ACS6
w:work	word	work	3	247	40	21633	6.568724696356275	0.010643464774267326	0.5110204560679573	-1.972916972849195	-0.2915617147779659	True		False		work		AT1G32930, AT3G28180, AT4G31590	GALT31A, CSLC04, CSLC5
p:insect herbivore	phrase	insect herbivore	2	247	14	21633	12.511856564488143	0.01079344281249525	0.5110204560679573	-1.9668400051798767	-0.2915617147779659	True		False		insect herbivore		AT1G70700, AT5G13220	TIFY7, JAZ10
w:axial	word	axial	2	247	14	21633	12.511856564488143	0.01079344281249525	0.5110204560679573	-1.9668400051798767	-0.2915617147779659	True		False		axial		AT1G78240, AT2G26580	TSD2, YAB5
w:cultured	word	cultured	2	247	14	21633	12.511856564488143	0.01079344281249525	0.5110204560679573	-1.9668400051798767	-0.2915617147779659	True		False		cultured		AT1G11260, AT1G44830	STP1, ERF014
w:sulfated	word	sulfated	2	247	14	21633	12.511856564488143	0.01079344281249525	0.5110204560679573	-1.9668400051798767	-0.2915617147779659	True		False		sulfated		AT4G16515, AT5G64770	RGF6, RGF9
w:undergoing	word	undergoing	2	247	14	21633	12.511856564488143	0.01079344281249525	0.5110204560679573	-1.9668400051798767	-0.2915617147779659	True		False		undergoing		AT1G19300, AT5G37770	PARVUS, TCH2
w:modulate	word	modulate	11	247	430	21633	2.2404952452688067	0.010845298552872541	0.5119243038975244	-1.9647584880868165	-0.2907942515827373	True		False		modulate		AT1G04240, AT1G73830, AT1G75080, AT2G19620, AT2G26710, AT3G04630, AT4G13340, AT4G14560, AT4G31800, AT5G04160, AT5G43700	SHY2, BEE3, BZR1, NDL3, BAS1, WDL1, LRX3, IAA1, WRKY18, UUAT1, ATAUX2-11
p:glucuronic acid	phrase	glucuronic acid	3	247	41	21633	6.408511898884171	0.0113885691783631	0.5336178057627776	-1.943530835795793	-0.27276968730833184	True		False		glucuronic acid		AT2G19800, AT4G30440, AT5G04160	MIOX2, GAE1, UUAT1
w:glucuronic	word	glucuronic	3	247	41	21633	6.408511898884171	0.0113885691783631	0.5336178057627776	-1.943530835795793	-0.27276968730833184	True		False		glucuronic		AT2G19800, AT4G30440, AT5G04160	MIOX2, GAE1, UUAT1
w:transcriptional	word	transcriptional	19	247	937	21633	1.7759625646498647	0.011424839947073263	0.5336178057627776	-1.9421498753359925	-0.27276968730833184	True		False		transcriptional		AT1G04240, AT1G21910, AT1G32640, AT1G44810, AT1G44830, AT1G75080, AT2G20080, AT2G38610, AT3G54810, AT4G14560, AT4G14750, AT4G23060, AT4G37240, AT5G03960, AT5G05410, AT5G25190, AT5G43700, AT5G46590, AT5G62090	SHY2, DREB26, MYC2, GPL4, ERF014, BZR1, SPEAR1, KH9, BME3, IAA1, IQD19, IQD22, AP22.53, IQD12, DREB2A, ESE3, ATAUX2-11, NAC096, SLK2
w:induction	word	induction	7	247	213	21633	2.878314420938587	0.011441498011426673	0.5336178057627776	-1.941517110551285	-0.27276968730833184	True		False		induction		AT1G04240, AT4G00360, AT4G01120, AT5G37770, AT5G46790, AT5G48870, AT5G57560	SHY2, CYP86A2, GBF2, TCH2, PYL1, SAD1, TCH4
w:rosette	word	rosette	12	247	493	21633	2.1318376296490955	0.0115014411122583	0.5348170117200107	-1.939247739829878	-0.2717947869399242	True		False		rosette		AT1G02860, AT1G11260, AT1G19300, AT1G32640, AT1G70700, AT2G28110, AT2G45400, AT3G28180, AT4G11280, AT4G24510, AT4G31590, AT5G13220	NLA, STP1, PARVUS, MYC2, TIFY7, FRA8, BEN1, CSLC04, ACS6, CER2, CSLC5, JAZ10
w:methionine	word	methionine	8	247	266	21633	2.6340750662080303	0.011680697021241542	0.5415406832637327	-1.9325312408326156	-0.2663689114241561	True		False		methionine		AT1G04430, AT1G78240, AT2G34300, AT3G15530, AT3G23300, AT4G11280, AT4G14360, AT4G18030	AT1G04430, TSD2, AT2G34300, AT3G15530, AT3G23300, ACS6, AT4G14360, AT4G18030
p:bhlh transcription	phrase	bhlh transcription	5	247	120	21633	3.6492914979757085	0.012284058827776459	0.5678288021455014	-1.910658112408265	-0.24578258240612172	True		False		bhlh transcription		AT1G32640, AT1G73830, AT2G31730, AT3G05800, AT5G50915	MYC2, BEE3, BHLH154, AIF1, BHLH137
w:consequence	word	consequence	2	247	15	21633	11.677732793522267	0.01236097790113454	0.5696988753018469	-1.907947170002314	-0.24435463792559808	True		False		consequence		AT4G30290, AT5G37770	XTH19, TCH2
w:broad	word	broad	6	247	167	21633	3.1466944653203717	0.012518430557431308	0.5734783877330216	-1.9024501154524072	-0.24148294439767648	True		False		broad		AT1G29660, AT1G29670, AT4G18970, AT4G28780, AT5G45670, AT5G45950	AtGELP15, AtGELP16, AtGELP80, AtGELP82, AtGELP100, AtGELP102
w:height	word	height	6	247	167	21633	3.1466944653203717	0.012518430557431308	0.5734783877330216	-1.9024501154524072	-0.24148294439767648	True		False		height		AT1G19300, AT1G75680, AT2G28110, AT2G47240, AT4G11280, AT4G24510	PARVUS, GH9B7, FRA8, LACS1, ACS6, CER2
w:induced	word	induced	22	247	1149	21633	1.6769590173465396	0.012553098348994707	0.5734783877330216	-1.9012490686213397	-0.24148294439767648	True		False		induced		AT1G02860, AT1G04240, AT1G29430, AT1G32640, AT1G35140, AT1G44810, AT1G66180, AT1G66400, AT2G04240, AT2G05940, AT3G30775, AT3G51810, AT4G08950, AT4G11280, AT4G14560, AT4G31800, AT5G13220, AT5G17640, AT5G25110, AT5G37770, AT5G43700, AT5G46790	NLA, SHY2, SAUR62, MYC2, PHI-1, GPL4, AT1G66180, CML23, XERICO, RIPK, ERD5, EM1, EXO, ACS6, IAA1, WRKY18, JAZ10, ASG1, CIPK25, TCH2, ATAUX2-11, PYL1
p:basic helix	phrase	basic helix	5	247	121	21633	3.619132064108141	0.012697683513774479	0.5783924408723399	-1.8962755017957869	-0.2377773915587591	True		False		basic helix		AT1G32640, AT1G73830, AT2G31730, AT3G05800, AT5G50915	MYC2, BEE3, BHLH154, AIF1, BHLH137
w:length	word	length	12	247	501	21633	2.0977963102135813	0.012921930880369529	0.586896069985156	-1.8886725863382883	-0.23143879863002015	True		False		length		AT1G01600, AT1G19300, AT2G42580, AT3G02170, AT3G54810, AT3G58620, AT4G00360, AT4G08950, AT4G11280, AT4G16515, AT5G43760, AT5G64770	CYP86A4, PARVUS, TTL3, LNG2, BME3, TTL4, CYP86A2, EXO, ACS6, RGF6, KCS20, RGF9
p:helix loop	phrase	helix loop	5	247	122	21633	3.5894670471892214	0.013120637049393018	0.5924763967043832	-1.8820450780457672	-0.22732894655874558	True		False		helix loop		AT1G32640, AT1G73830, AT2G31730, AT3G05800, AT5G50915	MYC2, BEE3, BHLH154, AIF1, BHLH137
p:loop helix	phrase	loop helix	5	247	122	21633	3.5894670471892214	0.013120637049393018	0.5924763967043832	-1.8820450780457672	-0.22732894655874558	True		False		loop helix		AT1G32640, AT1G73830, AT2G31730, AT3G05800, AT5G50915	MYC2, BEE3, BHLH154, AIF1, BHLH137
k:Jasmonic acid signaling pathway	keyword	Jasmonic acid signaling pathway	3	247	44	21633	5.971567905778432	0.013800714702472534	0.6196045014696296	-1.8600984220550887	-0.20788543572187113	True		False		Jasmonic acid signaling pathway		AT1G32640, AT1G70700, AT5G13220	MYC2, TIFY7, JAZ10
w:bright	word	bright	3	247	44	21633	5.971567905778432	0.013800714702472534	0.6196045014696296	-1.8600984220550887	-0.20788543572187113	True		False		bright		AT2G47240, AT4G24510, AT4G33790	LACS1, CER2, CER4
p:uncharacterised conserved	phrase	uncharacterised conserved	2	247	16	21633	10.947874493927126	0.014021445737931619	0.6259173377412679	-1.8532072043697154	-0.2034830184401928	True		False		uncharacterised conserved		AT1G10140, AT5G64780	AT1G10140, MVP7.11
w:spl	word	spl	2	247	16	21633	10.947874493927126	0.014021445737931619	0.6259173377412679	-1.8532072043697154	-0.2034830184401928	True		False		spl		AT2G20080, AT2G41420	SPEAR1, WIH2
p:signal transduction	phrase	signal transduction	17	247	825	21633	1.8047405226352595	0.01413643226643839	0.6292524721676167	-1.8496601833613207	-0.20117506954734665	True		False		signal transduction		AT1G13590, AT1G21910, AT1G44830, AT1G47380, AT1G52540, AT1G68410, AT1G74890, AT2G26710, AT4G03400, AT4G16515, AT4G30340, AT4G36110, AT5G04870, AT5G25110, AT5G25190, AT5G47540, AT5G64770	PSK1, DREB26, ERF014, AT1G47380, AT1G52540, AT1G68410, ARR15, BAS1, DFL2, RGF6, DGK7, SAUR9, CPK1, CIPK25, ESE3, AT5G47540, RGF9
w:bolting	word	bolting	4	247	82	21633	4.272341265922781	0.014489898702651816	0.6431539128699771	-1.838934650624969	-0.19168508382330218	True		False		bolting		AT1G02860, AT1G70700, AT5G13220, AT5G63470	NLA, TIFY7, JAZ10, NF-YC4
w:showed	word	showed	8	247	277	21633	2.5294728072611408	0.014601406007910628	0.646267329936532	-1.8356053228404274	-0.1895877979484517	True		False		showed		AT1G02860, AT1G19300, AT1G35140, AT2G28110, AT3G57420, AT5G11060, AT5G13220, AT5G25110	NLA, PARVUS, PHI-1, FRA8, STL2, KNAT4, JAZ10, CIPK25
p:signaling pathway	phrase	signaling pathway	20	247	1030	21633	1.7006406980857671	0.01477792764788846	0.6522326033068067	-1.8303864640595455	-0.18559749580553486	True		False		signaling pathway		AT1G32640, AT1G44830, AT1G74890, AT1G75080, AT2G05940, AT2G19580, AT2G19620, AT2G20080, AT2G33460, AT2G41940, AT2G42580, AT3G05800, AT4G08950, AT4G30340, AT5G13220, AT5G25190, AT5G46590, AT5G46790, AT5G50915, AT5G63470	MYC2, ERF014, ARR15, BZR1, RIPK, TET2, NDL3, SPEAR1, RIC1, ZFP8, TTL3, AIF1, EXO, DGK7, JAZ10, ESE3, NAC096, PYL1, BHLH137, NF-YC4
w:signal	word	signal	22	247	1168	21633	1.6496797182629914	0.014911676473121058	0.6562817837071646	-1.8264735274325887	-0.18290965020788486	True		False		signal		AT1G13590, AT1G21910, AT1G44830, AT1G47380, AT1G52540, AT1G68410, AT1G74890, AT2G26710, AT2G33460, AT4G03400, AT4G08950, AT4G15800, AT4G16515, AT4G30340, AT4G36110, AT5G04870, AT5G13220, AT5G25110, AT5G25190, AT5G47540, AT5G52900, AT5G64770	PSK1, DREB26, ERF014, AT1G47380, AT1G52540, AT1G68410, ARR15, BAS1, RIC1, DFL2, EXO, RALFL33, RGF6, DGK7, SAUR9, CPK1, JAZ10, CIPK25, ESE3, AT5G47540, MAKR6, RGF9
p:cell population	phrase	cell population	4	247	83	21633	4.220867274767085	0.015090700207751506	0.66229522484806	-1.8212906085141698	-0.17894837620724724	True		False		cell population		AT1G13590, AT4G16515, AT5G50915, AT5G64770	PSK1, RGF6, BHLH137, RGF9
p:secretory vesicle	phrase	secretory vesicle	5	247	127	21633	3.4481494469061813	0.015378406293256697	0.673031428363705	-1.81308866934	-0.171964655172395	True		False		secretory vesicle		AT1G03870, AT1G29660, AT3G11700, AT4G13340, AT5G57560	FLA9, AtGELP15, FLA18, LRX3, TCH4
w:metabolic	word	metabolic	27	247	1524	21633	1.5516672511077816	0.015459917213333882	0.6747087892210294	-1.810792836024973	-0.17088363238904947	True		False		metabolic		AT1G01600, AT1G02860, AT1G10550, AT1G11545, AT1G12990, AT1G60890, AT1G65310, AT1G66400, AT1G74380, AT1G75680, AT2G04240, AT2G06850, AT2G26710, AT2G34770, AT2G45400, AT2G47240, AT3G06770, AT3G23730, AT3G54690, AT4G00360, AT4G01120, AT4G25810, AT4G30280, AT4G30290, AT5G37770, AT5G57560, AT5G63470	CYP86A4, NLA, XTH33, XTH8, AT1G12990, PIP5K8, XTH17, CML23, XXT5, GH9B7, XERICO, XTH4, BAS1, FAH1, BEN1, LACS1, PGF4, XTH16, SETH3, CYP86A2, GBF2, XTR6, XTH18, XTH19, TCH2, TCH4, NF-YC4
p:fatty acyl	phrase	fatty acyl	3	247	46	21633	5.711934518570675	0.015557693037898295	0.6770058454703036	-1.8080548016387568	-0.16940758147063528	True		False		fatty acyl		AT2G34770, AT3G23470, AT4G33790	FAH1, AT3G23470, CER4
w:etiolated	word	etiolated	4	247	84	21633	4.170618854829381	0.015707003018969733	0.6770058454703036	-1.803906672788762	-0.16940758147063528	True		False		etiolated		AT3G04630, AT3G57420, AT4G11280, AT5G11800	WDL1, STL2, ACS6, KEA6
p:amido conjugating	phrase	amido conjugating	2	247	17	21633	10.303881876637295	0.015772537618483778	0.6770058454703036	-1.8020984281013772	-0.16940758147063528	True		False		amido conjugating		AT1G59500, AT4G03400	GH3.4, DFL2
p:iaa amido	phrase	iaa amido	2	247	17	21633	10.303881876637295	0.015772537618483778	0.6770058454703036	-1.8020984281013772	-0.16940758147063528	True		False		iaa amido		AT1G59500, AT4G03400	GH3.4, DFL2
w:adding	word	adding	2	247	17	21633	10.303881876637295	0.015772537618483778	0.6770058454703036	-1.8020984281013772	-0.16940758147063528	True		False		adding		AT1G32930, AT5G62220	GALT31A, GT18
w:syndrome	word	syndrome	2	247	17	21633	10.303881876637295	0.015772537618483778	0.6770058454703036	-1.8020984281013772	-0.16940758147063528	True		False		syndrome		AT1G04200, AT1G73830	AT1G04200, BEE3
w:bhlh	word	bhlh	5	247	128	21633	3.4212107793522266	0.015859155325277513	0.6788587474031121	-1.7997199473677137	-0.16822058154439024	True		False		bhlh		AT1G32640, AT1G73830, AT2G31730, AT3G05800, AT5G50915	MYC2, BEE3, BHLH154, AIF1, BHLH137
w:transduction	word	transduction	17	247	837	21633	1.77886610654013	0.016061745057041204	0.6856521988284482	-1.7942072717925737	-0.1638961269071859	True		False		transduction		AT1G13590, AT1G21910, AT1G44830, AT1G47380, AT1G52540, AT1G68410, AT1G74890, AT2G26710, AT4G03400, AT4G16515, AT4G30340, AT4G36110, AT5G04870, AT5G25110, AT5G25190, AT5G47540, AT5G64770	PSK1, DREB26, ERF014, AT1G47380, AT1G52540, AT1G68410, ARR15, BAS1, DFL2, RGF6, DGK7, SAUR9, CPK1, CIPK25, ESE3, AT5G47540, RGF9
w:polarity	word	polarity	5	247	129	21633	3.394689765558799	0.01634982791210494	0.6960482596695574	-1.7864868140872756	-0.15736064805956707	True		False		polarity		AT2G26580, AT2G45450, AT3G04630, AT3G07540, AT3G14370	YAB5, ZPR1, WDL1, FH10, WAG2
p:templated transcription	phrase	templated transcription	28	247	1604	21633	1.5288802285783516	0.016457686968112877	0.6978385941420955	-1.7836312023906167	-0.1562450154562005	True		False		templated transcription		AT1G04240, AT1G21910, AT1G32640, AT1G44810, AT1G44830, AT1G53690, AT1G73830, AT1G74890, AT1G75080, AT2G20080, AT2G26580, AT2G31730, AT2G41940, AT3G05800, AT3G46600, AT3G54810, AT4G01120, AT4G09460, AT4G14560, AT4G31800, AT5G05410, AT5G11060, AT5G25190, AT5G43700, AT5G46590, AT5G50570, AT5G50915, AT5G58620	SHY2, DREB26, MYC2, GPL4, ERF014, NRPB12L, BEE3, ARR15, BZR1, SPEAR1, YAB5, BHLH154, ZFP8, AIF1, SCL30, BME3, GBF2, MYB6, IAA1, WRKY18, DREB2A, KNAT4, ESE3, ATAUX2-11, NAC096, SPL13A, BHLH137, AtC3H66
p:potential calcium	phrase	potential calcium	3	247	47	21633	5.590403996898957	0.01648121103676607	0.6978385941420955	-1.7830108795769384	-0.1562450154562005	True		False		potential calcium		AT1G66400, AT2G43290, AT4G27280	CML23, MSS3, KRP1
w:adhesion	word	adhesion	3	247	48	21633	5.473937246963563	0.01743487122103808	0.7304188387227508	-1.7585812560998255	-0.13642803414869187	True		False		adhesion		AT1G03870, AT1G78240, AT3G11700	FLA9, TSD2, FLA18
p:dna templated	phrase	dna templated	28	247	1613	21633	1.5203495887412748	0.017592328161110258	0.7304188387227508	-1.7546766823949862	-0.13642803414869187	True		False		dna templated		AT1G04240, AT1G21910, AT1G32640, AT1G44810, AT1G44830, AT1G53690, AT1G73830, AT1G74890, AT1G75080, AT2G20080, AT2G26580, AT2G31730, AT2G41940, AT3G05800, AT3G46600, AT3G54810, AT4G01120, AT4G09460, AT4G14560, AT4G31800, AT5G05410, AT5G11060, AT5G25190, AT5G43700, AT5G46590, AT5G50570, AT5G50915, AT5G58620	SHY2, DREB26, MYC2, GPL4, ERF014, NRPB12L, BEE3, ARR15, BZR1, SPEAR1, YAB5, BHLH154, ZFP8, AIF1, SCL30, BME3, GBF2, MYB6, IAA1, WRKY18, DREB2A, KNAT4, ESE3, ATAUX2-11, NAC096, SPL13A, BHLH137, AtC3H66
p:surface adhesion	phrase	surface adhesion	2	247	18	21633	9.73144399460189	0.01761198507016239	0.7304188387227508	-1.754191691367681	-0.13642803414869187	True		False		surface adhesion		AT1G03870, AT3G11700	FLA9, FLA18
p:udp glca	phrase	udp glca	2	247	18	21633	9.73144399460189	0.01761198507016239	0.7304188387227508	-1.754191691367681	-0.13642803414869187	True		False		udp glca		AT2G19800, AT5G04160	MIOX2, UUAT1
w:enodl	word	enodl	2	247	18	21633	9.73144399460189	0.01761198507016239	0.7304188387227508	-1.754191691367681	-0.13642803414869187	True		False		enodl		AT5G15350, AT5G57920	ENODL17, ENODL10
w:gal	word	gal	2	247	18	21633	9.73144399460189	0.01761198507016239	0.7304188387227508	-1.754191691367681	-0.13642803414869187	True		False		gal		AT1G76670, AT4G30440	URGT1, GAE1
w:short‑root	word	short-root	2	247	18	21633	9.73144399460189	0.01761198507016239	0.7304188387227508	-1.754191691367681	-0.13642803414869187	True		False		short-root		AT1G70700, AT5G13220	TIFY7, JAZ10
w:network	word	network	10	247	402	21633	2.1786814913287813	0.017624673719820603	0.7304188387227508	-1.753878914222697	-0.13642803414869187	True		False		network		AT1G04430, AT1G74380, AT1G78240, AT2G34300, AT3G23300, AT3G28180, AT4G14360, AT4G18030, AT4G30440, AT4G39990	AT1G04430, XXT5, TSD2, AT2G34300, AT3G23300, CSLC04, AT4G14360, AT4G18030, GAE1, RABA4B
w:recruit	word	recruit	4	247	88	21633	3.9810452705189547	0.018329514051122413	0.753336349320651	-1.7368490488246677	-0.1230110768678001	True		False		recruit		AT3G02170, AT4G14750, AT4G23060, AT5G03960	LNG2, IQD19, IQD22, IQD12
w:templated	word	templated	28	247	1619	21633	1.5147151863123385	0.01838288150378753	0.753336349320651	-1.7355864122584121	-0.1230110768678001	True		False		templated		AT1G04240, AT1G21910, AT1G32640, AT1G44810, AT1G44830, AT1G53690, AT1G73830, AT1G74890, AT1G75080, AT2G20080, AT2G26580, AT2G31730, AT2G41940, AT3G05800, AT3G46600, AT3G54810, AT4G01120, AT4G09460, AT4G14560, AT4G31800, AT5G05410, AT5G11060, AT5G25190, AT5G43700, AT5G46590, AT5G50570, AT5G50915, AT5G58620	SHY2, DREB26, MYC2, GPL4, ERF014, NRPB12L, BEE3, ARR15, BZR1, SPEAR1, YAB5, BHLH154, ZFP8, AIF1, SCL30, BME3, GBF2, MYB6, IAA1, WRKY18, DREB2A, KNAT4, ESE3, ATAUX2-11, NAC096, SPL13A, BHLH137, AtC3H66
p:udp galactose	phrase	udp galactose	3	247	49	21633	5.3622242419234905	0.018418745867926824	0.753336349320651	-1.7347399442358893	-0.1230110768678001	True		False		udp galactose		AT1G32930, AT1G76670, AT2G33570	GALT31A, URGT1, GALS1
w:meristematic	word	meristematic	3	247	49	21633	5.3622242419234905	0.018418745867926824	0.753336349320651	-1.7347399442358893	-0.1230110768678001	True		False		meristematic		AT2G42580, AT3G58620, AT5G62090	TTL3, TTL4, SLK2
w:tagged	word	tagged	3	247	49	21633	5.3622242419234905	0.018418745867926824	0.753336349320651	-1.7347399442358893	-0.1230110768678001	True		False		tagged		AT2G26710, AT2G33460, AT3G05800	BAS1, RIC1, AIF1
k:Differentiation	keyword	Differentiation	5	247	134	21633	3.2680222369931715	0.01895477125566293	0.7730075313285264	-1.722281452229516	-0.11181627477703504	True		False		Differentiation		AT1G13590, AT2G41940, AT4G16515, AT5G62090, AT5G64770	PSK1, ZFP8, RGF6, SLK2, RGF9
w:methyltransferase	word	methyltransferase	9	247	348	21633	2.2650774815021637	0.018998649003466088	0.7730075313285264	-1.7212772806893022	-0.11181627477703504	True		False		methyltransferase		AT1G04430, AT1G78240, AT2G34300, AT3G15530, AT3G23300, AT3G23470, AT4G14360, AT4G18030, AT5G18150	AT1G04430, TSD2, AT2G34300, AT3G15530, AT3G23300, AT3G23470, AT4G14360, AT4G18030, MRG7.11
w:leave	word	leave	22	247	1198	21633	1.6083688738991435	0.019339983446687057	0.7848516918728278	-1.7135439019704704	-0.10521240119917286	True		False		leave		AT1G02860, AT1G04240, AT1G11260, AT1G19300, AT1G74890, AT1G75080, AT1G75680, AT2G21140, AT2G28110, AT2G41940, AT2G45400, AT4G00360, AT4G08950, AT4G11280, AT4G14560, AT4G24510, AT4G30440, AT4G37450, AT5G11060, AT5G43760, AT5G50915, AT5G63470	NLA, SHY2, STP1, PARVUS, ARR15, BZR1, GH9B7, PRP2, FRA8, ZFP8, BEN1, CYP86A2, EXO, ACS6, IAA1, CER2, GAE1, AGP18, KNAT4, KCS20, BHLH137, NF-YC4
w:robust	word	robust	2	247	19	21633	9.219262731728106	0.019537559240503516	0.7887721591049793	-1.7091296921315653	-0.10304842687067861	True		False		robust		AT1G70700, AT5G13220	TIFY7, JAZ10
w:thinner	word	thinner	2	247	19	21633	9.219262731728106	0.019537559240503516	0.7887721591049793	-1.7091296921315653	-0.10304842687067861	True		False		thinner		AT1G11260, AT1G19300	STP1, PARVUS
w:transcription	word	transcription	40	247	2521	21633	1.389654834611932	0.019599872999398454	0.789248494181963	-1.7077467427169497	-0.10278623803135867	True		False		transcription		AT1G04240, AT1G21910, AT1G32640, AT1G44810, AT1G44830, AT1G53690, AT1G70700, AT1G73830, AT1G74890, AT1G75080, AT1G78170, AT2G20080, AT2G26580, AT2G31730, AT2G41940, AT2G45450, AT3G05800, AT3G46600, AT3G51810, AT3G53650, AT3G54810, AT4G01120, AT4G09460, AT4G09890, AT4G14560, AT4G31000, AT4G31800, AT5G04870, AT5G05410, AT5G11060, AT5G13220, AT5G25190, AT5G43700, AT5G46590, AT5G50570, AT5G50915, AT5G54640, AT5G58620, AT5G62090, AT5G63470	SHY2, DREB26, MYC2, GPL4, ERF014, NRPB12L, TIFY7, BEE3, ARR15, BZR1, CLG4, SPEAR1, YAB5, BHLH154, ZFP8, ZPR1, AIF1, SCL30, EM1, HTB6, BME3, GBF2, MYB6, AT4G09890, IAA1, CBP60F, WRKY18, CPK1, DREB2A, KNAT4, JAZ10, ESE3, ATAUX2-11, NAC096, SPL13A, BHLH137, RAT5, AtC3H66, SLK2, NF-YC4
w:wounding	word	wounding	8	247	294	21633	2.3832107741882176	0.02011138723246436	0.8077643036504454	-1.696557971838585	-0.09271534288449468	True		False		wounding		AT1G32640, AT2G06850, AT3G28200, AT4G11280, AT4G15800, AT5G13220, AT5G46590, AT5G54640	MYC2, XTH4, PER31, ACS6, RALFL33, JAZ10, NAC096, RAT5
w:auxre	word	auxre	3	247	51	21633	5.151940938318647	0.02047735108456665	0.8182560955121982	-1.6887262236610519	-0.0871107507771205	True		False		auxre		AT1G04240, AT4G14560, AT5G43700	SHY2, IAA1, ATAUX2-11
w:medial	word	medial	3	247	51	21633	5.151940938318647	0.02047735108456665	0.8182560955121982	-1.6887262236610519	-0.0871107507771205	True		False		medial		AT2G34300, AT3G23300, AT4G18030	AT2G34300, AT3G23300, AT4G18030
w:transferase	word	transferase	19	247	997	21633	1.6690841756037345	0.02054950853544974	0.8190446973414972	-1.6871985603034614	-0.08669239704412046	True		False		transferase		AT1G02860, AT1G10550, AT1G11545, AT1G19300, AT1G24170, AT1G65310, AT1G66160, AT2G04240, AT2G06850, AT2G30010, AT2G42160, AT3G23730, AT3G61550, AT4G24510, AT4G25810, AT4G30280, AT4G30290, AT5G01210, AT5G57560	NLA, XTH33, XTH8, PARVUS, LGT9, XTH17, CMPG1, XERICO, XTH4, TBL45, BRIZ1, XTH16, ATL68, CER2, XTR6, XTH18, XTH19, AT5G01210, TCH4
w:repressor	word	repressor	9	247	353	21633	2.2329942310559576	0.020616555864289055	0.8196261293222703	-1.6857838848365192	-0.08638420493214793	True		False		repressor		AT1G04240, AT1G70700, AT1G75080, AT1G78170, AT2G20080, AT4G09460, AT4G14560, AT5G13220, AT5G43700	SHY2, TIFY7, BZR1, CLG4, SPEAR1, MYB6, IAA1, JAZ10, ATAUX2-11
w:sugar	word	sugar	9	247	354	21633	2.2266863377478896	0.02095171531576141	0.8308365484605496	-1.678780415577186	-0.08048440712296179	True		False		sugar		AT1G11260, AT1G12500, AT1G19300, AT1G24170, AT1G76670, AT1G78240, AT2G19800, AT3G54690, AT5G04160	STP1, AT1G12500, PARVUS, LGT9, URGT1, TSD2, MIOX2, SETH3, UUAT1
w:population	word	population	4	247	92	21633	3.8079563457137833	0.02120868606227832	0.8388974962962957	-1.6734862364140357	-0.07629110176069753	True		False		population		AT1G13590, AT4G16515, AT5G50915, AT5G64770	PSK1, RGF6, BHLH137, RGF9
w:cytokinin	word	cytokinin	7	247	242	21633	2.5333924448756986	0.021527074575906743	0.8493409423585024	-1.6670149846616071	-0.07091794030732146	True		False		cytokinin		AT1G04240, AT1G11260, AT1G74890, AT1G78240, AT2G41940, AT5G11160, AT5G50915	SHY2, STP1, ARR15, TSD2, ZFP8, APT5, BHLH137
w:lateral	word	lateral	11	247	477	21633	2.0197336592569957	0.021701284756255337	0.8540576146895048	-1.663514554352588	-0.06851283083590509	True		False		lateral		AT1G04240, AT1G32640, AT1G65310, AT2G19620, AT2G33460, AT3G09780, AT4G14560, AT4G16515, AT4G30280, AT4G30290, AT5G64770	SHY2, MYC2, XTH17, NDL3, RIC1, CCR1, IAA1, RGF6, XTH18, XTH19, RGF9
w:regulation	word	regulation	59	247	4024	21633	1.2841443243373767	0.021855857867813022	0.8579797068510324	-1.6604321422768016	-0.06652298407069113	True		False		regulation		AT1G02860, AT1G04240, AT1G21910, AT1G32640, AT1G44810, AT1G44830, AT1G47380, AT1G66400, AT1G68410, AT1G72430, AT1G73830, AT1G74890, AT1G75080, AT2G05940, AT2G19580, AT2G19620, AT2G20080, AT2G26580, AT2G26710, AT2G31730, AT2G38610, AT2G41940, AT2G42160, AT2G45400, AT3G02170, AT3G03830, AT3G05800, AT3G14370, AT3G20300, AT3G46600, AT3G53650, AT3G54810, AT3G57420, AT4G01120, AT4G02330, AT4G09460, AT4G14560, AT4G16515, AT4G31800, AT4G37450, AT5G04870, AT5G05410, AT5G11060, AT5G13220, AT5G25190, AT5G37770, AT5G43700, AT5G46590, AT5G46790, AT5G48870, AT5G50570, AT5G50915, AT5G51550, AT5G54640, AT5G56170, AT5G58620, AT5G62090, AT5G63470, AT5G64770	NLA, SHY2, DREB26, MYC2, GPL4, ERF014, AT1G47380, CML23, AT1G68410, SAUR78, BEE3, ARR15, BZR1, RIPK, TET2, NDL3, SPEAR1, YAB5, BAS1, BHLH154, KH9, ZFP8, BRIZ1, BEN1, LNG2, SAUR28, AIF1, WAG2, AT3G20300, SCL30, HTB6, BME3, STL2, GBF2, ATPMEPCRB, MYB6, IAA1, RGF6, WRKY18, AGP18, CPK1, DREB2A, KNAT4, JAZ10, ESE3, TCH2, ATAUX2-11, NAC096, PYL1, SAD1, SPL13A, BHLH137, EXL3, RAT5, LLG1, AtC3H66, SLK2, NF-YC4, RGF9
w:feedback	word	feedback	4	247	93	21633	3.76701057855557	0.021969281736124526	0.8585764111544194	-1.6581841416747043	-0.06622104765974735	True		False		feedback		AT1G02860, AT1G75080, AT2G45450, AT5G48870	NLA, BZR1, ZPR1, SAD1
k:Methyltransferase	keyword	Methyltransferase	8	247	299	21633	2.3433577512084818	0.021980962907179196	0.8585764111544194	-1.657953286611583	-0.06622104765974735	True		False		Methyltransferase		AT1G04430, AT1G78240, AT2G34300, AT3G15530, AT3G23300, AT4G14360, AT4G18030, AT5G18150	AT1G04430, TSD2, AT2G34300, AT3G15530, AT3G23300, AT4G14360, AT4G18030, MRG7.11
w:alter	word	alter	4	247	95	21633	3.6877050926912425	0.023540008497855282	0.9022788825198367	-1.6281933847138674	-0.044659207003868495	True		False		alter		AT1G04240, AT4G14560, AT5G43700, AT5G57560	SHY2, IAA1, ATAUX2-11, TCH4
p:necrotrophic fungal	phrase	necrotrophic fungal	2	247	21	21633	8.341237709658762	0.0236383668187888	0.9022788825198367	-1.6263825322784995	-0.044659207003868495	True		False		necrotrophic fungal		AT1G02860, AT4G31800	NLA, WRKY18
w:amido	word	amido	2	247	21	21633	8.341237709658762	0.0236383668187888	0.9022788825198367	-1.6263825322784995	-0.044659207003868495	True		False		amido		AT1G59500, AT4G03400	GH3.4, DFL2
w:fragile	word	fragile	2	247	21	21633	8.341237709658762	0.0236383668187888	0.9022788825198367	-1.6263825322784995	-0.044659207003868495	True		False		fragile		AT2G28110, AT5G22940	FRA8, F8H
w:myc	word	myc	2	247	21	21633	8.341237709658762	0.0236383668187888	0.9022788825198367	-1.6263825322784995	-0.044659207003868495	True		False		myc		AT1G32640, AT2G19620	MYC2, NDL3
w:phytocyanin	word	phytocyanin	2	247	21	21633	8.341237709658762	0.0236383668187888	0.9022788825198367	-1.6263825322784995	-0.044659207003868495	True		False		phytocyanin		AT5G15350, AT5G57920	ENODL17, ENODL10
w:post‑germination	word	post-germination	2	247	21	21633	8.341237709658762	0.0236383668187888	0.9022788825198367	-1.6263825322784995	-0.044659207003868495	True		False		post-germination		AT1G75080, AT2G42160	BZR1, BRIZ1
w:weaker	word	weaker	2	247	21	21633	8.341237709658762	0.0236383668187888	0.9022788825198367	-1.6263825322784995	-0.044659207003868495	True		False		weaker		AT3G28180, AT4G31590	CSLC04, CSLC5
w:small	word	small	21	247	1152	21633	1.5965650303643724	0.02366639231642691	0.9022788825198367	-1.6258679404859044	-0.044659207003868495	True		False		small		AT1G11260, AT1G19300, AT1G29430, AT1G29440, AT1G29450, AT1G29460, AT1G29500, AT1G29510, AT1G72430, AT2G04240, AT2G45450, AT3G03830, AT3G04630, AT3G51810, AT3G53810, AT4G36110, AT4G38840, AT4G38860, AT4G39990, AT5G03520, AT5G48870	STP1, PARVUS, SAUR62, SAUR63, SAUR64, SAUR65, SAUR66, SAUR68, SAUR78, XERICO, ZPR1, SAUR28, WDL1, EM1, LECRK42, SAUR9, SAUR14, SAUR16, RABA4B, RAB8C, SAD1
p:significant reduction	phrase	significant reduction	3	247	54	21633	4.865721997300945	0.023792812314271168	0.9022788825198367	-1.6235542212505318	-0.044659207003868495	True		False		significant reduction		AT1G02860, AT2G41940, AT5G43760	NLA, ZFP8, KCS20
w:dag	word	dag	3	247	54	21633	4.865721997300945	0.023792812314271168	0.9022788825198367	-1.6235542212505318	-0.044659207003868495	True		False		dag		AT1G02860, AT2G41820, AT4G30340	NLA, PXC3, DGK7
w:dreb	word	dreb	3	247	54	21633	4.865721997300945	0.023792812314271168	0.9022788825198367	-1.6235542212505318	-0.044659207003868495	True		False		dreb		AT1G21910, AT1G44830, AT5G05410	DREB26, ERF014, DREB2A
w:freezing	word	freezing	4	247	96	21633	3.6492914979757085	0.024350286474236933	0.9169055260273711	-1.61349592506748	-0.037675409846528396	True		False		freezing		AT1G21910, AT2G33570, AT5G05410, AT5G44670	DREB26, GALS1, DREB2A, GALS2
w:total	word	total	4	247	96	21633	3.6492914979757085	0.024350286474236933	0.9169055260273711	-1.61349592506748	-0.037675409846528396	True		False		total		AT1G02860, AT1G19300, AT3G43720, AT5G43760	NLA, PARVUS, LTPG2, KCS20
k:Transcription regulation	keyword	Transcription regulation	31	247	1880	21633	1.4441876991988973	0.02435456946373262	0.9169055260273711	-1.6134195434142342	-0.037675409846528396	True		False		Transcription regulation		AT1G04240, AT1G21910, AT1G32640, AT1G44810, AT1G44830, AT1G70700, AT1G73830, AT1G74890, AT1G75080, AT2G20080, AT2G31730, AT2G41940, AT2G45450, AT3G05800, AT3G46600, AT3G54810, AT4G01120, AT4G09460, AT4G14560, AT4G31000, AT4G31800, AT5G05090, AT5G05410, AT5G13220, AT5G25190, AT5G43700, AT5G46590, AT5G50570, AT5G50915, AT5G62090, AT5G63470	SHY2, DREB26, MYC2, GPL4, ERF014, TIFY7, BEE3, ARR15, BZR1, SPEAR1, BHLH154, ZFP8, ZPR1, AIF1, SCL30, BME3, GBF2, MYB6, IAA1, CBP60F, WRKY18, MUG13.5, DREB2A, JAZ10, ESE3, ATAUX2-11, NAC096, SPL13A, BHLH137, SLK2, NF-YC4
p:fresh weight	phrase	fresh weight	3	247	55	21633	4.777254324622746	0.0249586598220898	0.9373896660104114	-1.6027787382002407	-0.02807983854718543	True		False		fresh weight		AT1G32640, AT1G70700, AT5G13220	MYC2, TIFY7, JAZ10
w:gibberellin	word	gibberellin	6	247	196	21633	2.6811121209617452	0.025353466273263976	0.9499341895766821	-1.5959626564316243	-0.022306481125583755	True		False		gibberellin		AT2G04240, AT2G31730, AT2G41940, AT4G23060, AT4G24510, AT5G50915	XERICO, BHLH154, ZFP8, IQD22, CER2, BHLH137
k:Monooxygenase	keyword	Monooxygenase	7	247	251	21633	2.4425536719518686	0.02562417953214612	0.9555569994384935	-1.5913500315114513	-0.019743401959795737	True		False		Monooxygenase		AT1G01600, AT1G04610, AT1G13090, AT1G64950, AT2G14100, AT2G26710, AT4G00360	CYP86A4, YUC3, CYP71B28, CYP89A5, CYP705A13, BAS1, CYP86A2
w:drastically	word	drastically	2	247	22	21633	7.9620905410379095	0.025809335238290074	0.9555569994384935	-1.58822318127792	-0.019743401959795737	True		False		drastically		AT2G28110, AT2G47240	FRA8, LACS1
w:fasciclin	word	fasciclin	2	247	22	21633	7.9620905410379095	0.025809335238290074	0.9555569994384935	-1.58822318127792	-0.019743401959795737	True		False		fasciclin		AT1G03870, AT3G11700	FLA9, FLA18
w:nicotiana	word	nicotiana	2	247	22	21633	7.9620905410379095	0.025809335238290074	0.9555569994384935	-1.58822318127792	-0.019743401959795737	True		False		nicotiana		AT2G28110, AT5G22940	FRA8, F8H
w:subjected	word	subjected	2	247	22	21633	7.9620905410379095	0.025809335238290074	0.9555569994384935	-1.58822318127792	-0.019743401959795737	True		False		subjected		AT1G32640, AT5G37770	MYC2, TCH2
w:biosynthetic	word	biosynthetic	29	247	1744	21633	1.4563686253389294	0.0263585521840497	0.9735839700321335	-1.5790784482413966	-0.011626585336641071	True		False		biosynthetic		AT1G02860, AT1G04610, AT1G13250, AT1G19300, AT1G24170, AT1G32640, AT1G32930, AT1G44830, AT1G78240, AT2G05940, AT2G28110, AT2G33570, AT2G45400, AT2G47240, AT3G02250, AT3G14510, AT3G28340, AT3G57420, AT4G01950, AT4G11280, AT4G15290, AT4G24510, AT4G30440, AT4G33790, AT5G22940, AT5G43760, AT5G45950, AT5G62220, AT5G63470	NLA, YUC3, GATL3, PARVUS, LGT9, MYC2, GALT31A, ERF014, TSD2, RIPK, FRA8, GALS1, BEN1, LACS1, RRT2, IDS5, GATL10, STL2, GPAT3, ACS6, ATCSLB05, CER2, GAE1, CER4, F8H, KCS20, AtGELP102, GT18, NF-YC4
w:compound	word	compound	11	247	492	21633	1.958156413547941	0.02644665968830106	0.9745344598349429	-1.5776291731769205	-0.011202799489855142	True		False		compound		AT1G02860, AT1G10550, AT1G11545, AT1G65310, AT1G75680, AT2G06850, AT3G23730, AT4G25810, AT4G30280, AT4G30290, AT5G57560	NLA, XTH33, XTH8, XTH17, GH9B7, XTH4, XTH16, XTR6, XTH18, XTH19, TCH4
w:embryogenesis	word	embryogenesis	9	247	370	21633	2.1303971988182515	0.026862029784939772	0.9875114196703507	-1.5708611736817306	-0.005457873452244133	True		False		embryogenesis		AT1G03870, AT1G13590, AT1G17620, AT1G32930, AT1G55330, AT3G11700, AT3G51810, AT4G37450, AT5G65390	FLA9, PSK1, AT1G17620, GALT31A, AGP21, FLA18, EM1, AGP18, AGP7
k:Hypersensitive response elicitation	keyword	Hypersensitive response elicitation	1	247	2	21633	43.7914979757085	0.02270563979888277	1.0	-1.6438662560528408	0.0	False		False		Hypersensitive response elicitation		AT2G05940	RIPK
k:Proline metabolism	keyword	Proline metabolism	1	247	2	21633	43.7914979757085	0.02270563979888277	1.0	-1.6438662560528408	0.0	False		False		Proline metabolism		AT3G30775	ERD5
p:cyclopropane fatty	phrase	cyclopropane fatty	1	247	2	21633	43.7914979757085	0.02270563979888277	1.0	-1.6438662560528408	0.0	False		False		cyclopropane fatty		AT3G23470	AT3G23470
p:non‑functional heterodimer	phrase	non-functional heterodimer	1	247	2	21633	43.7914979757085	0.02270563979888277	1.0	-1.6438662560528408	0.0	False		False		non-functional heterodimer		AT2G45450	ZPR1
p:rapidly dividing	phrase	rapidly dividing	1	247	2	21633	43.7914979757085	0.02270563979888277	1.0	-1.6438662560528408	0.0	False		False		rapidly dividing		AT4G08950	EXO
p:recruiting tpl	phrase	recruiting tpl	1	247	2	21633	43.7914979757085	0.02270563979888277	1.0	-1.6438662560528408	0.0	False		False		recruiting tpl		AT2G20080	SPEAR1
p:tpl tpr	phrase	tpl tpr	1	247	2	21633	43.7914979757085	0.02270563979888277	1.0	-1.6438662560528408	0.0	False		False		tpl tpr		AT2G20080	SPEAR1
w:adaptability	word	adaptability	1	247	2	21633	43.7914979757085	0.02270563979888277	1.0	-1.6438662560528408	0.0	False		False		adaptability		AT1G02860	NLA
w:api	word	api	1	247	2	21633	43.7914979757085	0.02270563979888277	1.0	-1.6438662560528408	0.0	False		False		api		AT3G54690	SETH3
w:applying	word	applying	1	247	2	21633	43.7914979757085	0.02270563979888277	1.0	-1.6438662560528408	0.0	False		False		applying		AT4G30340	DGK7
w:arabinoogalactan	word	arabinoogalactan	1	247	2	21633	43.7914979757085	0.02270563979888277	1.0	-1.6438662560528408	0.0	False		False		arabinoogalactan		AT1G03870	FLA9
w:atcipk	word	atcipk	1	247	2	21633	43.7914979757085	0.02270563979888277	1.0	-1.6438662560528408	0.0	False		False		atcipk		AT5G25110	CIPK25
w:brassiolide	word	brassiolide	1	247	2	21633	43.7914979757085	0.02270563979888277	1.0	-1.6438662560528408	0.0	False		False		brassiolide		AT2G26710	BAS1
w:cataseterone	word	cataseterone	1	247	2	21633	43.7914979757085	0.02270563979888277	1.0	-1.6438662560528408	0.0	False		False		cataseterone		AT2G26710	BAS1
w:cgta	word	cgta	1	247	2	21633	43.7914979757085	0.02270563979888277	1.0	-1.6438662560528408	0.0	False		False		cgta		AT5G46590	NAC096
w:channeling	word	channeling	1	247	2	21633	43.7914979757085	0.02270563979888277	1.0	-1.6438662560528408	0.0	False		False		channeling		AT1G02860	NLA
w:cinera	word	cinera	1	247	2	21633	43.7914979757085	0.02270563979888277	1.0	-1.6438662560528408	0.0	False		False		cinera		AT1G32640	MYC2
w:cml	word	cml	1	247	2	21633	43.7914979757085	0.02270563979888277	1.0	-1.6438662560528408	0.0	False		False		cml		AT2G43290	MSS3
w:comparative	word	comparative	1	247	2	21633	43.7914979757085	0.02270563979888277	1.0	-1.6438662560528408	0.0	False		False		comparative		AT2G28110	FRA8
w:co‑variance	word	co-variance	1	247	2	21633	43.7914979757085	0.02270563979888277	1.0	-1.6438662560528408	0.0	False		False		co-variance		AT1G19300	PARVUS
w:dying	word	dying	1	247	2	21633	43.7914979757085	0.02270563979888277	1.0	-1.6438662560528408	0.0	False		False		dying		AT1G02860	NLA
w:elmod	word	elmod	1	247	2	21633	43.7914979757085	0.02270563979888277	1.0	-1.6438662560528408	0.0	False		False		elmod		AT3G43400	ELMOD_D
w:healing	word	healing	1	247	2	21633	43.7914979757085	0.02270563979888277	1.0	-1.6438662560528408	0.0	False		False		healing		AT5G46590	NAC096
w:hll	word	hll	1	247	2	21633	43.7914979757085	0.02270563979888277	1.0	-1.6438662560528408	0.0	False		False		hll		AT1G75080	BZR1
w:hydroxypalmitate	word	hydroxypalmitate	1	247	2	21633	43.7914979757085	0.02270563979888277	1.0	-1.6438662560528408	0.0	False		False		hydroxypalmitate		AT1G01600	CYP86A4
w:jojoba	word	jojoba	1	247	2	21633	43.7914979757085	0.02270563979888277	1.0	-1.6438662560528408	0.0	False		False		jojoba		AT4G33790	CER4
w:lamellation	word	lamellation	1	247	2	21633	43.7914979757085	0.02270563979888277	1.0	-1.6438662560528408	0.0	False		False		lamellation		AT5G43760	KCS20
w:lamin	word	lamin	1	247	2	21633	43.7914979757085	0.02270563979888277	1.0	-1.6438662560528408	0.0	False		False		lamin		AT5G15350	ENODL17
w:mgcl	word	mgcl	1	247	2	21633	43.7914979757085	0.02270563979888277	1.0	-1.6438662560528408	0.0	False		False		mgcl		AT5G37770	TCH2
w:nla	word	nla	1	247	2	21633	43.7914979757085	0.02270563979888277	1.0	-1.6438662560528408	0.0	False		False		nla		AT1G02860	NLA
w:non‑dehiscent	word	non-dehiscent	1	247	2	21633	43.7914979757085	0.02270563979888277	1.0	-1.6438662560528408	0.0	False		False		non-dehiscent		AT1G19300	PARVUS
w:oat	word	oat	1	247	2	21633	43.7914979757085	0.02270563979888277	1.0	-1.6438662560528408	0.0	False		False		oat		AT1G04240	SHY2
w:opg	word	opg	1	247	2	21633	43.7914979757085	0.02270563979888277	1.0	-1.6438662560528408	0.0	False		False		opg		AT4G30340	DGK7
w:oversensitive	word	oversensitive	1	247	2	21633	43.7914979757085	0.02270563979888277	1.0	-1.6438662560528408	0.0	False		False		oversensitive		AT1G78240	TSD2
w:pog	word	pog	1	247	2	21633	43.7914979757085	0.02270563979888277	1.0	-1.6438662560528408	0.0	False		False		pog		AT4G30340	DGK7
w:qian	word	qian	1	247	2	21633	43.7914979757085	0.02270563979888277	1.0	-1.6438662560528408	0.0	False		False		qian		AT5G16590	LRR1
w:shou	word	shou	1	247	2	21633	43.7914979757085	0.02270563979888277	1.0	-1.6438662560528408	0.0	False		False		shou		AT5G16590	LRR1
w:slg	word	slg	1	247	2	21633	43.7914979757085	0.02270563979888277	1.0	-1.6438662560528408	0.0	False		False		slg		AT4G30340	DGK7
w:stello	word	stello	1	247	2	21633	43.7914979757085	0.02270563979888277	1.0	-1.6438662560528408	0.0	False		False		stello		AT3G57420	STL2
w:stressful	word	stressful	1	247	2	21633	43.7914979757085	0.02270563979888277	1.0	-1.6438662560528408	0.0	False		False		stressful		AT5G57560	TCH4
w:tprs	word	tprs	1	247	2	21633	43.7914979757085	0.02270563979888277	1.0	-1.6438662560528408	0.0	False		False		tprs		AT2G42580	TTL3
w:tumorous	word	tumorous	1	247	2	21633	43.7914979757085	0.02270563979888277	1.0	-1.6438662560528408	0.0	False		False		tumorous		AT1G78240	TSD2
w:ubp	word	ubp	1	247	2	21633	43.7914979757085	0.02270563979888277	1.0	-1.6438662560528408	0.0	False		False		ubp		AT2G42160	BRIZ1
w:union	word	union	1	247	2	21633	43.7914979757085	0.02270563979888277	1.0	-1.6438662560528408	0.0	False		False		union		AT5G46590	NAC096
w:windhose	word	windhose	1	247	2	21633	43.7914979757085	0.02270563979888277	1.0	-1.6438662560528408	0.0	False		False		windhose		AT2G41420	WIH2
w:zipiii	word	zipiii	1	247	2	21633	43.7914979757085	0.02270563979888277	1.0	-1.6438662560528408	0.0	False		False		zipiii		AT2G45450	ZPR1
w:znf	word	znf	1	247	2	21633	43.7914979757085	0.02270563979888277	1.0	-1.6438662560528408	0.0	False		False		znf		AT2G42160	BRIZ1
w:size	word	size	11	247	495	21633	1.9462887989203776	0.027479420150099628	1.0	-1.560992435668854	0.0	True		False		size		AT1G04240, AT1G19300, AT1G30690, AT2G28110, AT2G42580, AT2G45400, AT3G02170, AT3G58620, AT4G11280, AT4G14750, AT4G27280	SHY2, PARVUS, PATL4, FRA8, TTL3, BEN1, LNG2, TTL4, ACS6, IQD19, KRP1
w:esr	word	esr	2	247	23	21633	7.6159126914275665	0.028057899235732767	1.0	-1.551944848791734	0.0	True		False		esr		AT4G16515, AT5G64770	RGF6, RGF9
w:arfs	word	arfs	3	247	58	21633	4.530154963004328	0.02863791617901069	1.0	-1.5430585863949688	0.0	True		False		arfs		AT1G04240, AT4G14560, AT5G43700	SHY2, IAA1, ATAUX2-11
w:multiprotein	word	multiprotein	3	247	58	21633	4.530154963004328	0.02863791617901069	1.0	-1.5430585863949688	0.0	True		False		multiprotein		AT1G74380, AT3G28180, AT5G62220	XXT5, CSLC04, GT18
w:resulted	word	resulted	3	247	58	21633	4.530154963004328	0.02863791617901069	1.0	-1.5430585863949688	0.0	True		False		resulted		AT1G02860, AT4G30340, AT5G05410	NLA, DGK7, DREB2A
w:localization	word	localization	9	247	375	21633	2.101991902834008	0.028928940320562188	1.0	-1.5386674744529927	0.0	True		False		localization		AT1G30690, AT2G33460, AT3G57420, AT4G01120, AT4G16515, AT5G11060, AT5G52900, AT5G56170, AT5G64770	PATL4, RIC1, STL2, GBF2, RGF6, KNAT4, MAKR6, LLG1, RGF9
p:aux iaa	phrase	aux iaa	3	247	59	21633	4.453372675495779	0.0299247367508197	1.0	-1.523969661411752	0.0	True		False		aux iaa		AT1G04240, AT4G14560, AT5G43700	SHY2, IAA1, ATAUX2-11
w:analyse	word	analyse	3	247	59	21633	4.453372675495779	0.0299247367508197	1.0	-1.523969661411752	0.0	True		False		analyse		AT2G28110, AT2G33460, AT5G05410	FRA8, RIC1, DREB2A
w:aux	word	aux	3	247	59	21633	4.453372675495779	0.0299247367508197	1.0	-1.523969661411752	0.0	True		False		aux		AT1G04240, AT4G14560, AT5G43700	SHY2, IAA1, ATAUX2-11
w:flavoprotein	word	flavoprotein	2	247	24	21633	7.298582995951417	0.030382019183407154	1.0	-1.5173833663826777	0.0	True		False		flavoprotein		AT1G01600, AT4G00360	CYP86A4, CYP86A2
w:glca	word	glca	2	247	24	21633	7.298582995951417	0.030382019183407154	1.0	-1.5173833663826777	0.0	True		False		glca		AT2G19800, AT5G04160	MIOX2, UUAT1
w:calmodulin	word	calmodulin	7	247	261	21633	2.3489692400763182	0.030769274441683734	1.0	-1.5118827445613885	0.0	True		False		calmodulin		AT1G66400, AT2G43290, AT4G14750, AT4G23060, AT4G31000, AT5G03960, AT5G37770	CML23, MSS3, IQD19, IQD22, CBP60F, IQD12, TCH2
w:enhanced	word	enhanced	9	247	380	21633	2.0743341146388237	0.03110513616456271	1.0	-1.507167893167517	0.0	True		False		enhanced		AT1G73830, AT1G78240, AT2G26710, AT2G45400, AT4G11280, AT4G31800, AT5G13220, AT5G37770, AT5G48870	BEE3, TSD2, BAS1, BEN1, ACS6, WRKY18, JAZ10, TCH2, SAD1
w:asp	word	asp	3	247	60	21633	4.37914979757085	0.031241644436162525	1.0	-1.5052661146553208	0.0	True		False		asp		AT1G59500, AT1G66180, AT1G74890	GH3.4, AT1G66180, ARR15
w:cinerea	word	cinerea	4	247	104	21633	3.3685767673621925	0.031438537307059596	1.0	-1.502537667920477	0.0	True		False		cinerea		AT4G02330, AT4G11280, AT4G30440, AT4G31800	ATPMEPCRB, ACS6, GAE1, WRKY18
w:young	word	young	4	247	104	21633	3.3685767673621925	0.031438537307059596	1.0	-1.502537667920477	0.0	True		False		young		AT1G19300, AT4G30340, AT4G37450, AT5G11060	PARVUS, DGK7, AGP18, KNAT4
w:carboxylate	word	carboxylate	4	247	105	21633	3.336495083863505	0.03240105883507965	1.0	-1.489440797240345	0.0	True		False		carboxylate		AT2G42580, AT3G30775, AT3G58620, AT4G11280	TTL3, ERD5, TTL4, ACS6
w:galactose	word	galactose	6	247	208	21633	2.5264325755216444	0.032570353530139595	1.0	-1.4871775274235965	0.0	True		False		galactose		AT1G11260, AT1G32930, AT1G76670, AT2G33570, AT3G28180, AT4G31590	STP1, GALT31A, URGT1, GALS1, CSLC04, CSLC5
w:oligosaccharide	word	oligosaccharide	3	247	61	21633	4.307360456627066	0.03258855431971796	1.0	-1.486934905103899	0.0	True		False		oligosaccharide		AT1G19300, AT1G32930, AT3G02250	PARVUS, GALT31A, RRT2
w:xylose	word	xylose	3	247	61	21633	4.307360456627066	0.03258855431971796	1.0	-1.486934905103899	0.0	True		False		xylose		AT1G11260, AT3G28180, AT4G31590	STP1, CSLC04, CSLC5
w:activation	word	activation	11	247	509	21633	1.8927562975748269	0.03268660672331753	1.0	-1.4856301622531995	0.0	True		False		activation		AT2G05940, AT2G26710, AT2G33460, AT2G47240, AT3G05800, AT4G15800, AT5G04870, AT5G05410, AT5G25110, AT5G46590, AT5G46790	RIPK, BAS1, RIC1, LACS1, AIF1, RALFL33, CPK1, DREB2A, CIPK25, NAC096, PYL1
p:diphospho sugar	phrase	diphospho sugar	2	247	25	21633	7.006639676113361	0.03277969158136285	1.0	-1.4843951369504604	0.0	True		False		diphospho sugar		AT1G19300, AT1G24170	PARVUS, LGT9
p:nucleotide diphospho	phrase	nucleotide diphospho	2	247	25	21633	7.006639676113361	0.03277969158136285	1.0	-1.4843951369504604	0.0	True		False		nucleotide diphospho		AT1G19300, AT1G24170	PARVUS, LGT9
w:expanding	word	expanding	2	247	25	21633	7.006639676113361	0.03277969158136285	1.0	-1.4843951369504604	0.0	True		False		expanding		AT1G19300, AT2G21140	PARVUS, PRP2
w:niche	word	niche	2	247	25	21633	7.006639676113361	0.03277969158136285	1.0	-1.4843951369504604	0.0	True		False		niche		AT4G16515, AT5G64770	RGF6, RGF9
w:performance	word	performance	2	247	25	21633	7.006639676113361	0.03277969158136285	1.0	-1.4843951369504604	0.0	True		False		performance		AT1G70700, AT5G13220	TIFY7, JAZ10
w:ralf	word	ralf	2	247	25	21633	7.006639676113361	0.03277969158136285	1.0	-1.4843951369504604	0.0	True		False		ralf		AT4G13340, AT4G15800	LRX3, RALFL33
w:catalyze	word	catalyze	26	247	1558	21633	1.461590433078846	0.03331868016617088	1.0	-1.477312210383549	0.0	True		False		catalyze		AT1G01600, AT1G10550, AT1G11545, AT1G19300, AT1G29660, AT1G29670, AT1G59500, AT1G65310, AT2G06850, AT3G14510, AT3G23730, AT3G24515, AT3G49640, AT3G54690, AT4G00360, AT4G03400, AT4G11280, AT4G18970, AT4G25810, AT4G28780, AT4G30280, AT4G33790, AT5G11160, AT5G45670, AT5G45950, AT5G57560	CYP86A4, XTH33, XTH8, PARVUS, AtGELP15, AtGELP16, GH3.4, XTH17, XTH4, IDS5, XTH16, UBC37, AT3G49640, SETH3, CYP86A2, DFL2, ACS6, AtGELP80, XTR6, AtGELP82, XTH18, CER4, APT5, AtGELP100, AtGELP102, TCH4
p:glucosyltransferase rumi	phrase	glucosyltransferase rumi	1	247	3	21633	29.194331983805668	0.03386516580182649	1.0	-1.470246793772604	0.0	False		False		glucosyltransferase rumi		AT5G23850	MRO11.11
w:arabinoxylan	word	arabinoxylan	1	247	3	21633	29.194331983805668	0.03386516580182649	1.0	-1.470246793772604	0.0	False		False		arabinoxylan		AT3G45230	APAP1
w:biomechanics	word	biomechanics	1	247	3	21633	29.194331983805668	0.03386516580182649	1.0	-1.470246793772604	0.0	False		False		biomechanics		AT2G44500	OFUT20
w:brittle	word	brittle	1	247	3	21633	29.194331983805668	0.03386516580182649	1.0	-1.470246793772604	0.0	False		False		brittle		AT4G30440	GAE1
w:clockwise	word	clockwise	1	247	3	21633	29.194331983805668	0.03386516580182649	1.0	-1.470246793772604	0.0	False		False		clockwise		AT3G04630	WDL1
w:daisy	word	daisy	1	247	3	21633	29.194331983805668	0.03386516580182649	1.0	-1.470246793772604	0.0	False		False		daisy		AT5G43760	KCS20
w:deoxyglucose	word	deoxyglucose	1	247	3	21633	29.194331983805668	0.03386516580182649	1.0	-1.470246793772604	0.0	False		False		deoxyglucose		AT1G11260	STP1
w:dioleoyl	word	dioleoyl	1	247	3	21633	29.194331983805668	0.03386516580182649	1.0	-1.470246793772604	0.0	False		False		dioleoyl		AT4G30340	DGK7
w:distinguish	word	distinguish	1	247	3	21633	29.194331983805668	0.03386516580182649	1.0	-1.470246793772604	0.0	False		False		distinguish		AT2G43290	MSS3
w:distinguished	word	distinguished	1	247	3	21633	29.194331983805668	0.03386516580182649	1.0	-1.470246793772604	0.0	False		False		distinguished		AT1G19300	PARVUS
w:eicosenoate	word	eicosenoate	1	247	3	21633	29.194331983805668	0.03386516580182649	1.0	-1.470246793772604	0.0	False		False		eicosenoate		AT2G47240	LACS1
w:epistasis	word	epistasis	1	247	3	21633	29.194331983805668	0.03386516580182649	1.0	-1.470246793772604	0.0	False		False		epistasis		AT1G12990	AT1G12990
w:exgt	word	exgt	1	247	3	21633	29.194331983805668	0.03386516580182649	1.0	-1.470246793772604	0.0	False		False		exgt		AT2G06850	XTH4
w:gel	word	gel	1	247	3	21633	29.194331983805668	0.03386516580182649	1.0	-1.470246793772604	0.0	False		False		gel		AT5G05410	DREB2A
w:holocarboxylase	word	holocarboxylase	1	247	3	21633	29.194331983805668	0.03386516580182649	1.0	-1.470246793772604	0.0	False		False		holocarboxylase		AT5G64780	MVP7.11
w:improvement	word	improvement	1	247	3	21633	29.194331983805668	0.03386516580182649	1.0	-1.470246793772604	0.0	False		False		improvement		AT1G44830	ERF014
w:infloresence	word	infloresence	1	247	3	21633	29.194331983805668	0.03386516580182649	1.0	-1.470246793772604	0.0	False		False		infloresence		AT3G28180	CSLC04
w:kic	word	kic	1	247	3	21633	29.194331983805668	0.03386516580182649	1.0	-1.470246793772604	0.0	False		False		kic		AT4G27280	KRP1
w:lorelei	word	lorelei	1	247	3	21633	29.194331983805668	0.03386516580182649	1.0	-1.470246793772604	0.0	False		False		lorelei		AT5G56170	LLG1
w:mechanically	word	mechanically	1	247	3	21633	29.194331983805668	0.03386516580182649	1.0	-1.470246793772604	0.0	False		False		mechanically		AT5G57560	TCH4
w:multi‑gene	word	multi-gene	1	247	3	21633	29.194331983805668	0.03386516580182649	1.0	-1.470246793772604	0.0	False		False		multi-gene		AT4G37450	AGP18
w:mybs	word	mybs	1	247	3	21633	29.194331983805668	0.03386516580182649	1.0	-1.470246793772604	0.0	False		False		mybs		AT1G32640	MYC2
w:ndrg	word	ndrg	1	247	3	21633	29.194331983805668	0.03386516580182649	1.0	-1.470246793772604	0.0	False		False		ndrg		AT2G19620	NDL3
w:nzz	word	nzz	1	247	3	21633	29.194331983805668	0.03386516580182649	1.0	-1.470246793772604	0.0	False		False		nzz		AT2G41420	WIH2
w:quasimodo	word	quasimodo	1	247	3	21633	29.194331983805668	0.03386516580182649	1.0	-1.470246793772604	0.0	False		False		quasimodo		AT1G78240	TSD2
w:rap	word	rap	1	247	3	21633	29.194331983805668	0.03386516580182649	1.0	-1.470246793772604	0.0	False		False		rap		AT1G32640	MYC2
w:redei	word	redei	1	247	3	21633	29.194331983805668	0.03386516580182649	1.0	-1.470246793772604	0.0	False		False		redei		AT4G24510	CER2
w:roothair	word	roothair	1	247	3	21633	29.194331983805668	0.03386516580182649	1.0	-1.470246793772604	0.0	False		False		roothair		AT1G74380	XXT5
w:rumi	word	rumi	1	247	3	21633	29.194331983805668	0.03386516580182649	1.0	-1.470246793772604	0.0	False		False		rumi		AT5G23850	MRO11.11
w:supersensitive	word	supersensitive	1	247	3	21633	29.194331983805668	0.03386516580182649	1.0	-1.470246793772604	0.0	False		False		supersensitive		AT5G48870	SAD1
w:took	word	took	1	247	3	21633	29.194331983805668	0.03386516580182649	1.0	-1.470246793772604	0.0	False		False		took		AT1G02860	NLA
w:twelve	word	twelve	1	247	3	21633	29.194331983805668	0.03386516580182649	1.0	-1.470246793772604	0.0	False		False		twelve		AT2G42160	BRIZ1
w:variance	word	variance	1	247	3	21633	29.194331983805668	0.03386516580182649	1.0	-1.470246793772604	0.0	False		False		variance		AT1G12990	AT1G12990
w:xerico	word	xerico	1	247	3	21633	29.194331983805668	0.03386516580182649	1.0	-1.470246793772604	0.0	False		False		xerico		AT2G04240	XERICO
w:xxxg	word	xxxg	1	247	3	21633	29.194331983805668	0.03386516580182649	1.0	-1.470246793772604	0.0	False		False		xxxg		AT5G62220	GT18
k:Transcription	keyword	Transcription	31	247	1936	21633	1.4024136748419045	0.034503310232345014	1.0	-1.4621392369071042	0.0	True		False		Transcription		AT1G04240, AT1G21910, AT1G32640, AT1G44810, AT1G44830, AT1G70700, AT1G73830, AT1G74890, AT1G75080, AT2G20080, AT2G31730, AT2G41940, AT2G45450, AT3G05800, AT3G46600, AT3G54810, AT4G01120, AT4G09460, AT4G14560, AT4G31000, AT4G31800, AT5G05090, AT5G05410, AT5G13220, AT5G25190, AT5G43700, AT5G46590, AT5G50570, AT5G50915, AT5G62090, AT5G63470	SHY2, DREB26, MYC2, GPL4, ERF014, TIFY7, BEE3, ARR15, BZR1, SPEAR1, BHLH154, ZFP8, ZPR1, AIF1, SCL30, BME3, GBF2, MYB6, IAA1, CBP60F, WRKY18, MUG13.5, DREB2A, JAZ10, ESE3, ATAUX2-11, NAC096, SPL13A, BHLH137, SLK2, NF-YC4
w:fatty	word	fatty	9	247	388	21633	2.03156433907926	0.0348204735028205	1.0	-1.4581653274672828	0.0	True		False		fatty		AT1G01600, AT2G34770, AT2G47240, AT3G23470, AT3G43720, AT4G00360, AT4G24510, AT4G33790, AT5G43760	CYP86A4, FAH1, LACS1, AT3G23470, LTPG2, CYP86A2, CER2, CER4, KCS20
w:diphospho	word	diphospho	2	247	26	21633	6.737153534724385	0.03524894850383404	1.0	-1.4528538337305612	0.0	True		False		diphospho		AT1G19300, AT1G24170	PARVUS, LGT9
w:trp	word	trp	2	247	26	21633	6.737153534724385	0.03524894850383404	1.0	-1.4528538337305612	0.0	True		False		trp		AT1G32640, AT1G59500	MYC2, GH3.4
w:associate	word	associate	3	247	64	21633	4.105452935222672	0.03680829111056599	1.0	-1.4340543449678722	0.0	True		False		associate		AT4G14750, AT4G23060, AT5G03960	IQD19, IQD22, IQD12
w:kanamycin	word	kanamycin	3	247	64	21633	4.105452935222672	0.03680829111056599	1.0	-1.4340543449678722	0.0	True		False		kanamycin		AT2G45340, AT5G04160, AT5G48870	AT2G45340, UUAT1, SAD1
w:tyr	word	tyr	3	247	64	21633	4.105452935222672	0.03680829111056599	1.0	-1.4340543449678722	0.0	True		False		tyr		AT1G52540, AT1G59500, AT2G41820	AT1G52540, GH3.4, PXC3
w:elevated	word	elevated	5	247	160	21633	2.7369686234817814	0.036853463418723434	1.0	-1.4335216917137599	0.0	True		False		elevated		AT1G70700, AT2G28110, AT5G13220, AT5G46790, AT5G50900	TIFY7, FRA8, JAZ10, PYL1, AT5G50900
p:nitric oxide	phrase	nitric oxide	2	247	27	21633	6.4876293297345935	0.03778785705351439	1.0	-1.4226477361915413	0.0	True		False		nitric oxide		AT1G66400, AT5G37770	CML23, TCH2
w:lobed	word	lobed	2	247	27	21633	6.4876293297345935	0.03778785705351439	1.0	-1.4226477361915413	0.0	True		False		lobed		AT4G24510, AT4G33790	CER2, CER4
w:successive	word	successive	2	247	27	21633	6.4876293297345935	0.03778785705351439	1.0	-1.4226477361915413	0.0	True		False		successive		AT2G33570, AT3G51810	GALS1, EM1
w:low	word	low	14	247	721	21633	1.7006406980857671	0.037950482458560635	1.0	-1.420782698615437	0.0	True		False		low		AT1G04240, AT1G15260, AT1G35140, AT1G65310, AT1G78240, AT2G06850, AT2G47240, AT3G09780, AT3G30775, AT4G14560, AT4G30440, AT5G05410, AT5G11160, AT5G43700	SHY2, AT1G15260, PHI-1, XTH17, TSD2, XTH4, LACS1, CCR1, ERD5, IAA1, GAE1, DREB2A, APT5, ATAUX2-11
w:severe	word	severe	6	247	216	21633	2.4328609986504723	0.03805601753142964	1.0	-1.4195766615197976	0.0	True		False		severe		AT1G02860, AT1G19300, AT2G47240, AT3G43720, AT5G13220, AT5G50570	NLA, PARVUS, LACS1, LTPG2, JAZ10, SPL13A
w:adaxial	word	adaxial	3	247	65	21633	4.042292120834631	0.03827415383379567	1.0	-1.4170944019197202	0.0	True		False		adaxial		AT1G19300, AT2G26580, AT2G45450	PARVUS, YAB5, ZPR1
w:region	word	region	5	247	162	21633	2.703178887389414	0.0385486405879248	1.0	-1.4139909326732756	0.0	True		False		region		AT1G65310, AT4G30280, AT4G30290, AT5G37770, AT5G62090	XTH17, XTH18, XTH19, TCH2, SLK2
w:providing	word	providing	3	247	66	21633	3.981045270518955	0.039769442037189115	1.0	-1.4004505020959843	0.0	True		False		providing		AT1G59500, AT2G19800, AT4G03400	GH3.4, MIOX2, DFL2
w:basic	word	basic	7	247	277	21633	2.2132887063534983	0.040372239305826035	1.0	-1.393917161137321	0.0	True		False		basic		AT1G32640, AT1G73830, AT2G31730, AT3G05800, AT3G51810, AT4G01120, AT5G50915	MYC2, BEE3, BHLH154, AIF1, EM1, GBF2, BHLH137
p:tissue examined	phrase	tissue examined	2	247	28	21633	6.255928282244072	0.040394518823575566	1.0	-1.3936775607847103	0.0	True		False		tissue examined		AT2G33460, AT5G11060	RIC1, KNAT4
w:coreceptor	word	coreceptor	2	247	28	21633	6.255928282244072	0.040394518823575566	1.0	-1.3936775607847103	0.0	True		False		coreceptor		AT5G16590, AT5G56170	LRR1, LLG1
w:strength	word	strength	2	247	28	21633	6.255928282244072	0.040394518823575566	1.0	-1.3936775607847103	0.0	True		False		strength		AT2G28110, AT5G57560	FRA8, TCH4
w:initiation	word	initiation	10	247	463	21633	1.891641381240108	0.04071052845548601	1.0	-1.390293260091445	0.0	True		False		initiation		AT1G75080, AT2G19620, AT2G26580, AT2G41940, AT4G14750, AT4G16515, AT5G46590, AT5G50570, AT5G62090, AT5G64770	BZR1, NDL3, YAB5, ZFP8, IQD19, RGF6, NAC096, SPL13A, SLK2, RGF9
p:sugar transporter	phrase	sugar transporter	4	247	114	21633	3.073087577242702	0.04183691339096522	1.0	-1.3784403639763325	0.0	True		False		sugar transporter		AT1G11260, AT1G12500, AT1G76670, AT5G04160	STP1, AT1G12500, URGT1, UUAT1
w:branch	word	branch	5	247	166	21633	2.638042046729428	0.04208010491342395	1.0	-1.375923186077124	0.0	True		False		branch		AT2G41940, AT4G14560, AT4G14750, AT4G36110, AT4G38860	ZFP8, IAA1, IQD19, SAUR9, SAUR16
w:fungus	word	fungus	8	247	340	21633	2.060776375327459	0.04212424883690781	1.0	-1.3754678304267076	0.0	True		False		fungus		AT2G05940, AT3G43720, AT4G02330, AT4G30440, AT4G31800, AT5G16590, AT5G25110, AT5G50570	RIPK, LTPG2, ATPMEPCRB, GAE1, WRKY18, LRR1, CIPK25, SPL13A
w:phosphorylation	word	phosphorylation	9	247	403	21633	1.9559478004038533	0.04259007994200323	1.0	-1.3706915447504284	0.0	True		False		phosphorylation		AT1G74890, AT1G75080, AT2G05940, AT3G14370, AT4G36110, AT4G38860, AT5G04870, AT5G46790, AT5G58620	ARR15, BZR1, RIPK, WAG2, SAUR9, SAUR16, CPK1, PYL1, AtC3H66
w:inflorescence	word	inflorescence	8	247	341	21633	2.054733042848493	0.04273044483734249	1.0	-1.3692625860174021	0.0	True		False		inflorescence		AT1G19300, AT2G19620, AT2G28110, AT2G41940, AT2G45400, AT3G28180, AT4G30290, AT4G31590	PARVUS, NDL3, FRA8, ZFP8, BEN1, CSLC04, XTH19, CSLC5
w:udp	word	udp	8	247	341	21633	2.054733042848493	0.04273044483734249	1.0	-1.3692625860174021	0.0	True		False		udp		AT1G32930, AT1G76670, AT2G19800, AT2G33570, AT3G02250, AT4G15290, AT4G30440, AT5G04160	GALT31A, URGT1, MIOX2, GALS1, RRT2, ATCSLB05, GAE1, UUAT1
p:calcium sensor	phrase	calcium sensor	3	247	68	21633	3.8639557037389856	0.042847712473826065	1.0	-1.3680723589569599	0.0	True		False		calcium sensor		AT1G66400, AT2G43290, AT4G27280	CML23, MSS3, KRP1
p:freezing tolerance	phrase	freezing tolerance	3	247	68	21633	3.8639557037389856	0.042847712473826065	1.0	-1.3680723589569599	0.0	True		False		freezing tolerance		AT2G33570, AT5G05410, AT5G44670	GALS1, DREB2A, GALS2
w:survival	word	survival	3	247	68	21633	3.8639557037389856	0.042847712473826065	1.0	-1.3680723589569599	0.0	True		False		survival		AT1G35140, AT4G37450, AT5G25110	PHI-1, AGP18, CIPK25
p:vascular tissue	phrase	vascular tissue	4	247	115	21633	3.046365076571026	0.042971480956766964	1.0	-1.3668196786579943	0.0	True		False		vascular tissue		AT2G41820, AT2G42580, AT5G37770, AT5G46590	PXC3, TTL3, TCH2, NAC096
w:glucuronosyltransferase	word	glucuronosyltransferase	2	247	29	21633	6.040206617339104	0.04306706936732523	1.0	-1.3658546801506233	0.0	True		False		glucuronosyltransferase		AT2G28110, AT5G22940	FRA8, F8H
w:nitric	word	nitric	2	247	29	21633	6.040206617339104	0.04306706936732523	1.0	-1.3658546801506233	0.0	True		False		nitric		AT1G66400, AT5G37770	CML23, TCH2
w:sometime	word	sometime	2	247	29	21633	6.040206617339104	0.04306706936732523	1.0	-1.3658546801506233	0.0	True		False		sometime		AT1G11260, AT2G28110	STP1, FRA8
w:trait	word	trait	2	247	29	21633	6.040206617339104	0.04306706936732523	1.0	-1.3658546801506233	0.0	True		False		trait		AT1G70700, AT5G13220	TIFY7, JAZ10
w:remain	word	remain	3	247	69	21633	3.807956345713783	0.0444303822406883	1.0	-1.3523199504479069	0.0	True		False		remain		AT2G42160, AT3G30775, AT4G31800	BRIZ1, ERD5, WRKY18
w:redundant	word	redundant	6	247	225	21633	2.3355465587044533	0.04489459043339071	1.0	-1.3478059860894205	0.0	True		False		redundant		AT1G04610, AT2G41940, AT4G16515, AT4G31800, AT5G43760, AT5G64770	YUC3, ZFP8, RGF6, WRKY18, KCS20, RGF9
p:conjugate asp	phrase	conjugate asp	1	247	4	21633	21.89574898785425	0.04489777347852316	1.0	-1.3477751955215587	0.0	False		False		conjugate asp		AT1G59500	GH3.4
p:cytoplasmic dynein	phrase	cytoplasmic dynein	1	247	4	21633	21.89574898785425	0.04489777347852316	1.0	-1.3477751955215587	0.0	False		False		cytoplasmic dynein		AT5G20110	AT5G20110
w:adherent	word	adherent	1	247	4	21633	21.89574898785425	0.04489777347852316	1.0	-1.3477751955215587	0.0	False		False		adherent		AT5G04160	UUAT1
w:amphiphilic	word	amphiphilic	1	247	4	21633	21.89574898785425	0.04489777347852316	1.0	-1.3477751955215587	0.0	False		False		amphiphilic		AT1G78170	CLG4
w:avrac	word	avrac	1	247	4	21633	21.89574898785425	0.04489777347852316	1.0	-1.3477751955215587	0.0	False		False		avrac		AT2G05940	RIPK
w:ccacgtgg	word	ccacgtgg	1	247	4	21633	21.89574898785425	0.04489777347852316	1.0	-1.3477751955215587	0.0	False		False		ccacgtgg		AT4G01120	GBF2
w:classification	word	classification	1	247	4	21633	21.89574898785425	0.04489777347852316	1.0	-1.3477751955215587	0.0	False		False		classification		AT4G24510	CER2
w:compressed	word	compressed	1	247	4	21633	21.89574898785425	0.04489777347852316	1.0	-1.3477751955215587	0.0	False		False		compressed		AT1G12990	AT1G12990
w:cumulative	word	cumulative	1	247	4	21633	21.89574898785425	0.04489777347852316	1.0	-1.3477751955215587	0.0	False		False		cumulative		AT4G14750	IQD19
w:dihydroceramide	word	dihydroceramide	1	247	4	21633	21.89574898785425	0.04489777347852316	1.0	-1.3477751955215587	0.0	False		False		dihydroceramide		AT2G34770	FAH1
w:earliest	word	earliest	1	247	4	21633	21.89574898785425	0.04489777347852316	1.0	-1.3477751955215587	0.0	False		False		earliest		AT1G19300	PARVUS
w:endoxyloglucan	word	endoxyloglucan	1	247	4	21633	21.89574898785425	0.04489777347852316	1.0	-1.3477751955215587	0.0	False		False		endoxyloglucan		AT2G06850	XTH4
w:illegitimate	word	illegitimate	1	247	4	21633	21.89574898785425	0.04489777347852316	1.0	-1.3477751955215587	0.0	False		False		illegitimate		AT5G54640	RAT5
w:incised	word	incised	1	247	4	21633	21.89574898785425	0.04489777347852316	1.0	-1.3477751955215587	0.0	False		False		incised		AT4G30290	XTH19
w:inclined	word	inclined	1	247	4	21633	21.89574898785425	0.04489777347852316	1.0	-1.3477751955215587	0.0	False		False		inclined		AT3G14370	WAG2
w:longifolia	word	longifolia	1	247	4	21633	21.89574898785425	0.04489777347852316	1.0	-1.3477751955215587	0.0	False		False		longifolia		AT3G02170	LNG2
w:meaning	word	meaning	1	247	4	21633	21.89574898785425	0.04489777347852316	1.0	-1.3477751955215587	0.0	False		False		meaning		AT2G26710	BAS1
w:nok	word	nok	1	247	4	21633	21.89574898785425	0.04489777347852316	1.0	-1.3477751955215587	0.0	False		False		nok		AT4G14750	IQD19
w:pre‑invasive	word	pre-invasive	1	247	4	21633	21.89574898785425	0.04489777347852316	1.0	-1.3477751955215587	0.0	False		False		pre-invasive		AT3G43720	LTPG2
w:proceeded	word	proceeded	1	247	4	21633	21.89574898785425	0.04489777347852316	1.0	-1.3477751955215587	0.0	False		False		proceeded		AT1G02860	NLA
w:qqs	word	qqs	1	247	4	21633	21.89574898785425	0.04489777347852316	1.0	-1.3477751955215587	0.0	False		False		qqs		AT5G63470	NF-YC4
w:regionalization	word	regionalization	1	247	4	21633	21.89574898785425	0.04489777347852316	1.0	-1.3477751955215587	0.0	False		False		regionalization		AT2G26580	YAB5
w:reunion	word	reunion	1	247	4	21633	21.89574898785425	0.04489777347852316	1.0	-1.3477751955215587	0.0	False		False		reunion		AT4G30290	XTH19
w:sis	word	sis	1	247	4	21633	21.89574898785425	0.04489777347852316	1.0	-1.3477751955215587	0.0	False		False		sis		AT3G54690	SETH3
w:stratified	word	stratified	1	247	4	21633	21.89574898785425	0.04489777347852316	1.0	-1.3477751955215587	0.0	False		False		stratified		AT3G54810	BME3
w:xopac	word	xopac	1	247	4	21633	21.89574898785425	0.04489777347852316	1.0	-1.3477751955215587	0.0	False		False		xopac		AT2G05940	RIPK
w:heterodimerization	word	heterodimerization	4	247	117	21633	2.9942904598775044	0.045292310778138	1.0	-1.3439755213882854	0.0	True		False		heterodimerization		AT2G42160, AT3G53650, AT5G54640, AT5G63470	BRIZ1, HTB6, RAT5, NF-YC4
w:nacl	word	nacl	4	247	117	21633	2.9942904598775044	0.045292310778138	1.0	-1.3439755213882854	0.0	True		False		nacl		AT2G33570, AT3G54810, AT5G11800, AT5G48870	GALS1, BME3, KEA6, SAD1
p:abaxial axis	phrase	abaxial axis	2	247	30	21633	5.838866396761134	0.04580367767540056	1.0	-1.3390996501618533	0.0	True		False		abaxial axis		AT2G26580, AT2G45450	YAB5, ZPR1
p:enhanced susceptibility	phrase	enhanced susceptibility	2	247	30	21633	5.838866396761134	0.04580367767540056	1.0	-1.3390996501618533	0.0	True		False		enhanced susceptibility		AT4G11280, AT4G31800	ACS6, WRKY18
w:consist	word	consist	4	247	118	21633	2.9689151169971866	0.04647855208567309	1.0	-1.3327474096839254	0.0	True		False		consist		AT1G52290, AT3G28180, AT4G15800, AT4G31590	PERK15, CSLC04, RALFL33, CSLC5
p:jasmonic acid	phrase	jasmonic acid	7	247	286	21633	2.143639761048668	0.04654804608142879	1.0	-1.3320985444111755	0.0	True		False		jasmonic acid		AT1G21910, AT1G32640, AT1G44830, AT1G70700, AT2G19620, AT4G11280, AT5G13220	DREB26, MYC2, ERF014, TIFY7, NDL3, ACS6, JAZ10
w:jasmonic	word	jasmonic	7	247	286	21633	2.143639761048668	0.04654804608142879	1.0	-1.3320985444111755	0.0	True		False		jasmonic		AT1G21910, AT1G32640, AT1G44830, AT1G70700, AT2G19620, AT4G11280, AT5G13220	DREB26, MYC2, ERF014, TIFY7, NDL3, ACS6, JAZ10
w:lipid	word	lipid	15	247	812	21633	1.6179124867872599	0.046592549920609454	1.0	-1.331683520799986	0.0	True		False		lipid		AT1G01600, AT1G10740, AT1G29660, AT1G29670, AT1G30690, AT1G35180, AT2G34770, AT2G40090, AT2G47240, AT3G43720, AT4G00360, AT4G18970, AT4G28780, AT5G45670, AT5G45950	CYP86A4, LDAH1, AtGELP15, AtGELP16, PATL4, AT1G35180, FAH1, ATH9, LACS1, LTPG2, CYP86A2, AtGELP80, AtGELP82, AtGELP100, AtGELP102
w:helix	word	helix	5	247	171	21633	2.560906314368918	0.04676076727131418	1.0	-1.3301183713561335	0.0	True		False		helix		AT1G32640, AT1G73830, AT2G31730, AT3G05800, AT5G50915	MYC2, BEE3, BHLH154, AIF1, BHLH137
w:synthetase	word	synthetase	5	247	171	21633	2.560906314368918	0.04676076727131418	1.0	-1.3301183713561335	0.0	True		False		synthetase		AT1G59500, AT2G47240, AT3G14510, AT4G03400, AT5G64780	GH3.4, LACS1, IDS5, DFL2, MVP7.11
w:canonical	word	canonical	2	247	31	21633	5.650515867833356	0.04860254566039666	1.0	-1.3133409830564435	0.0	True		False		canonical		AT1G78170, AT2G43290	CLG4, MSS3
w:cle	word	cle	2	247	31	21633	5.650515867833356	0.04860254566039666	1.0	-1.3133409830564435	0.0	True		False		cle		AT4G16515, AT5G64770	RGF6, RGF9
w:cooperatively	word	cooperatively	2	247	31	21633	5.650515867833356	0.04860254566039666	1.0	-1.3133409830564435	0.0	True		False		cooperatively		AT1G02860, AT1G32930	NLA, GALT31A
w:determining	word	determining	2	247	31	21633	5.650515867833356	0.04860254566039666	1.0	-1.3133409830564435	0.0	True		False		determining		AT1G04240, AT2G20080	SHY2, SPEAR1
w:fraction	word	fraction	2	247	31	21633	5.650515867833356	0.04860254566039666	1.0	-1.3133409830564435	0.0	True		False		fraction		AT2G28110, AT2G34510	FRA8, ATHB-1
w:maybe	word	maybe	2	247	31	21633	5.650515867833356	0.04860254566039666	1.0	-1.3133409830564435	0.0	True		False		maybe		AT1G29660, AT4G30290	AtGELP15, XTH19
w:morphologically	word	morphologically	2	247	31	21633	5.650515867833356	0.04860254566039666	1.0	-1.3133409830564435	0.0	True		False		morphologically		AT1G19300, AT3G14370	PARVUS, WAG2
w:iaa	word	iaa	5	247	173	21633	2.531300461023613	0.04871629927879471	1.0	-1.3123257101913213	0.0	True		False		iaa		AT1G04240, AT1G59500, AT4G03400, AT4G14560, AT5G43700	SHY2, GH3.4, DFL2, IAA1, ATAUX2-11
w:acid	word	acid	44	247	3009	21633	1.2807084818419234	0.04887426564710451	1.0	-1.3109197549731868	0.0	True		False		acid		AT1G01600, AT1G02860, AT1G04240, AT1G21910, AT1G32640, AT1G44830, AT1G59500, AT1G70700, AT1G75080, AT2G04240, AT2G19620, AT2G19800, AT2G34770, AT2G38610, AT2G41940, AT2G47240, AT3G18200, AT3G43720, AT3G51810, AT4G00360, AT4G03400, AT4G11280, AT4G14560, AT4G14750, AT4G23060, AT4G24510, AT4G30340, AT4G30440, AT4G31800, AT4G33790, AT4G36110, AT4G38860, AT5G03960, AT5G04160, AT5G13220, AT5G17640, AT5G37770, AT5G43700, AT5G43760, AT5G46590, AT5G46790, AT5G48870, AT5G52900, AT5G63470	CYP86A4, NLA, SHY2, DREB26, MYC2, ERF014, GH3.4, TIFY7, BZR1, XERICO, NDL3, MIOX2, FAH1, KH9, ZFP8, LACS1, UMAMIT4, LTPG2, EM1, CYP86A2, DFL2, ACS6, IAA1, IQD19, IQD22, CER2, DGK7, GAE1, WRKY18, CER4, SAUR9, SAUR16, IQD12, UUAT1, JAZ10, ASG1, TCH2, ATAUX2-11, KCS20, NAC096, PYL1, SAD1, MAKR6, NF-YC4
w:visible	word	visible	14	247	748	21633	1.6392539349195696	0.048883834263995195	1.0	-1.310834737004709	0.0	True		False		visible		AT1G10550, AT1G11545, AT1G65310, AT2G41820, AT2G43290, AT3G23730, AT4G30440, AT4G37450, AT5G04160, AT5G04870, AT5G43700, AT5G56170, AT5G57560, AT5G62090	XTH33, XTH8, XTH17, PXC3, MSS3, XTH16, GAE1, AGP18, UUAT1, CPK1, ATAUX2-11, LLG1, TCH4, SLK2
p:cell division	phrase	cell division	9	247	414	21633	1.9039781728568912	0.04897968359223727	1.0	-1.3099840247357888	0.0	True		False		cell division		AT1G65310, AT2G20080, AT3G20300, AT4G11280, AT4G16515, AT4G30280, AT4G30290, AT5G46590, AT5G64770	XTH17, SPEAR1, AT3G20300, ACS6, RGF6, XTH18, XTH19, NAC096, RGF9
k:Abscisic acid signaling pathway	keyword	Abscisic acid signaling pathway	5	247	174	21633	2.516752757224627	0.049711952386785385	1.0	-1.3035391800483516	0.0	True		False		Abscisic acid signaling pathway		AT1G32640, AT2G41940, AT5G46790, AT5G52900, AT5G63470	MYC2, ZFP8, PYL1, MAKR6, NF-YC4
w:synthase	word	synthase	14	247	750	21633	1.6348825910931175	0.04977281005498958	1.0	-1.3030078393257987	0.0	True		False		synthase		AT1G59500, AT2G33570, AT2G47240, AT3G14510, AT3G23470, AT3G28180, AT3G28340, AT3G49640, AT3G57420, AT4G11280, AT4G15290, AT4G31590, AT5G43760, AT5G44670	GH3.4, GALS1, LACS1, IDS5, AT3G23470, CSLC04, GATL10, AT3G49640, STL2, ACS6, ATCSLB05, CSLC5, KCS20, GALS2
k:Tyrosine-protein kinase	keyword	Tyrosine-protein kinase	2	247	32	21633	5.473937246963563	0.05146190764882733	1.0	-1.2885141189029092	0.0	True		False		Tyrosine-protein kinase		AT1G52540, AT2G41820	AT1G52540, PXC3
p:kanamycin resistant	phrase	kanamycin resistant	2	247	32	21633	5.473937246963563	0.05146190764882733	1.0	-1.2885141189029092	0.0	True		False		kanamycin resistant		AT5G04160, AT5G48870	UUAT1, SAD1
w:elongating	word	elongating	2	247	32	21633	5.473937246963563	0.05146190764882733	1.0	-1.2885141189029092	0.0	True		False		elongating		AT1G11260, AT4G30290	STP1, XTH19
p:transcriptional activator	phrase	transcriptional activator	7	247	294	21633	2.0853094274146904	0.05252017452622706	1.0	-1.2796738394056462	0.0	True		False		transcriptional activator		AT1G21910, AT1G32640, AT1G44830, AT3G54810, AT5G05410, AT5G25190, AT5G46590	DREB26, MYC2, ERF014, BME3, DREB2A, ESE3, NAC096
p:fatty acid	phrase	fatty acid	8	247	356	21633	1.968157212391393	0.05252292056480895	1.0	-1.279651132736494	0.0	True		False		fatty acid		AT1G01600, AT2G34770, AT2G47240, AT3G43720, AT4G00360, AT4G24510, AT4G33790, AT5G43760	CYP86A4, FAH1, LACS1, LTPG2, CYP86A2, CER2, CER4, KCS20
p:coat mucilage	phrase	coat mucilage	2	247	33	21633	5.30806036069194	0.05438002988032147	1.0	-1.2645605581156543	0.0	True		False		coat mucilage		AT3G02250, AT5G04160	RRT2, UUAT1
w:acidification	word	acidification	2	247	33	21633	5.30806036069194	0.05438002988032147	1.0	-1.2645605581156543	0.0	True		False		acidification		AT4G36110, AT4G38860	SAUR9, SAUR16
w:extensive	word	extensive	2	247	33	21633	5.30806036069194	0.05438002988032147	1.0	-1.2645605581156543	0.0	True		False		extensive		AT3G43720, AT4G31800	LTPG2, WRKY18
w:inactivation	word	inactivation	2	247	33	21633	5.30806036069194	0.05438002988032147	1.0	-1.2645605581156543	0.0	True		False		inactivation		AT2G26710, AT5G11160	BAS1, APT5
w:hand	word	hand	3	247	75	21633	3.50331983805668	0.05452480458762639	1.0	-1.263405882221846	0.0	True		False		hand		AT2G43290, AT4G27280, AT5G37770	MSS3, KRP1, TCH2
k:Sugar transport	keyword	Sugar transport	4	247	125	21633	2.8026558704453444	0.055262498357941746	1.0	-1.2575694849906043	0.0	True		False		Sugar transport		AT1G11260, AT1G12500, AT1G76670, AT5G04160	STP1, AT1G12500, URGT1, UUAT1
k:Cell adhesion	keyword	Cell adhesion	1	247	5	21633	17.5165991902834	0.055804900481658065	1.0	-1.2533276620177207	0.0	False		False		Cell adhesion		AT1G78240	TSD2
p:auxin naphthaleneacetic	phrase	auxin naphthaleneacetic	1	247	5	21633	17.5165991902834	0.055804900481658065	1.0	-1.2533276620177207	0.0	False		False		auxin naphthaleneacetic		AT1G59500	GH3.4
p:chlorinated synthetic	phrase	chlorinated synthetic	1	247	5	21633	17.5165991902834	0.055804900481658065	1.0	-1.2533276620177207	0.0	False		False		chlorinated synthetic		AT1G59500	GH3.4
p:cuticle permeability	phrase	cuticle permeability	1	247	5	21633	17.5165991902834	0.055804900481658065	1.0	-1.2533276620177207	0.0	False		False		cuticle permeability		AT2G47240	LACS1
p:dihydrouridine synthase	phrase	dihydrouridine synthase	1	247	5	21633	17.5165991902834	0.055804900481658065	1.0	-1.2533276620177207	0.0	False		False		dihydrouridine synthase		AT3G49640	AT3G49640
p:elmo ced	phrase	elmo ced	1	247	5	21633	17.5165991902834	0.055804900481658065	1.0	-1.2533276620177207	0.0	False		False		elmo ced		AT3G43400	ELMOD_D
p:environmental stimuli	phrase	environmental stimuli	1	247	5	21633	17.5165991902834	0.055804900481658065	1.0	-1.2533276620177207	0.0	False		False		environmental stimuli		AT5G57560	TCH4
p:extremely dwarfed	phrase	extremely dwarfed	1	247	5	21633	17.5165991902834	0.055804900481658065	1.0	-1.2533276620177207	0.0	False		False		extremely dwarfed		AT1G04240	SHY2
p:nucleocytoplasmic shuttling	phrase	nucleocytoplasmic shuttling	1	247	5	21633	17.5165991902834	0.055804900481658065	1.0	-1.2533276620177207	0.0	False		False		nucleocytoplasmic shuttling		AT1G75080	BZR1
p:produce unbranched	phrase	produce unbranched	1	247	5	21633	17.5165991902834	0.055804900481658065	1.0	-1.2533276620177207	0.0	False		False		produce unbranched		AT4G14750	IQD19
p:provascular tissue	phrase	provascular tissue	1	247	5	21633	17.5165991902834	0.055804900481658065	1.0	-1.2533276620177207	0.0	False		False		provascular tissue		AT3G51810	EM1
p:trna dihydrouridine	phrase	trna dihydrouridine	1	247	5	21633	17.5165991902834	0.055804900481658065	1.0	-1.2533276620177207	0.0	False		False		trna dihydrouridine		AT3G49640	AT3G49640
w:adapt	word	adapt	1	247	5	21633	17.5165991902834	0.055804900481658065	1.0	-1.2533276620177207	0.0	False		False		adapt		AT1G02860	NLA
w:anisic	word	anisic	1	247	5	21633	17.5165991902834	0.055804900481658065	1.0	-1.2533276620177207	0.0	False		False		anisic		AT1G59500	GH3.4
w:atbi	word	atbi	1	247	5	21633	17.5165991902834	0.055804900481658065	1.0	-1.2533276620177207	0.0	False		False		atbi		AT2G34770	FAH1
w:bee	word	bee	1	247	5	21633	17.5165991902834	0.055804900481658065	1.0	-1.2533276620177207	0.0	False		False		bee		AT1G73830	BEE3
w:bzr	word	bzr	1	247	5	21633	17.5165991902834	0.055804900481658065	1.0	-1.2533276620177207	0.0	False		False		bzr		AT1G75080	BZR1
w:ced	word	ced	1	247	5	21633	17.5165991902834	0.055804900481658065	1.0	-1.2533276620177207	0.0	False		False		ced		AT3G43400	ELMOD_D
w:chlorinated	word	chlorinated	1	247	5	21633	17.5165991902834	0.055804900481658065	1.0	-1.2533276620177207	0.0	False		False		chlorinated		AT1G59500	GH3.4
w:choice	word	choice	1	247	5	21633	17.5165991902834	0.055804900481658065	1.0	-1.2533276620177207	0.0	False		False		choice		AT2G34510	ATHB-1
w:costly	word	costly	1	247	5	21633	17.5165991902834	0.055804900481658065	1.0	-1.2533276620177207	0.0	False		False		costly		AT5G11160	APT5
w:dichloro	word	dichloro	1	247	5	21633	17.5165991902834	0.055804900481658065	1.0	-1.2533276620177207	0.0	False		False		dichloro		AT1G59500	GH3.4
w:dihydrouridine	word	dihydrouridine	1	247	5	21633	17.5165991902834	0.055804900481658065	1.0	-1.2533276620177207	0.0	False		False		dihydrouridine		AT3G49640	AT3G49640
w:dus	word	dus	1	247	5	21633	17.5165991902834	0.055804900481658065	1.0	-1.2533276620177207	0.0	False		False		dus		AT3G49640	AT3G49640
w:elmo	word	elmo	1	247	5	21633	17.5165991902834	0.055804900481658065	1.0	-1.2533276620177207	0.0	False		False		elmo		AT3G43400	ELMOD_D
w:energically	word	energically	1	247	5	21633	17.5165991902834	0.055804900481658065	1.0	-1.2533276620177207	0.0	False		False		energically		AT5G11160	APT5
w:galacturonate	word	galacturonate	1	247	5	21633	17.5165991902834	0.055804900481658065	1.0	-1.2533276620177207	0.0	False		False		galacturonate		AT4G30440	GAE1
w:good	word	good	1	247	5	21633	17.5165991902834	0.055804900481658065	1.0	-1.2533276620177207	0.0	False		False		good		AT1G19300	PARVUS
w:graft	word	graft	1	247	5	21633	17.5165991902834	0.055804900481658065	1.0	-1.2533276620177207	0.0	False		False		graft		AT5G46590	NAC096
w:greatest	word	greatest	1	247	5	21633	17.5165991902834	0.055804900481658065	1.0	-1.2533276620177207	0.0	False		False		greatest		AT5G11060	KNAT4
w:hydrotropism	word	hydrotropism	1	247	5	21633	17.5165991902834	0.055804900481658065	1.0	-1.2533276620177207	0.0	False		False		hydrotropism		AT2G20080	SPEAR1
w:ketol	word	ketol	1	247	5	21633	17.5165991902834	0.055804900481658065	1.0	-1.2533276620177207	0.0	False		False		ketol		AT3G54690	SETH3
w:makr	word	makr	1	247	5	21633	17.5165991902834	0.055804900481658065	1.0	-1.2533276620177207	0.0	False		False		makr		AT5G52900	MAKR6
w:methylglucose	word	methylglucose	1	247	5	21633	17.5165991902834	0.055804900481658065	1.0	-1.2533276620177207	0.0	False		False		methylglucose		AT1G11260	STP1
w:mpn	word	mpn	1	247	5	21633	17.5165991902834	0.055804900481658065	1.0	-1.2533276620177207	0.0	False		False		mpn		AT5G51620	AT5G51620
w:ninefold	word	ninefold	1	247	5	21633	17.5165991902834	0.055804900481658065	1.0	-1.2533276620177207	0.0	False		False		ninefold		AT4G31800	WRKY18
w:phosphoribosylation	word	phosphoribosylation	1	247	5	21633	17.5165991902834	0.055804900481658065	1.0	-1.2533276620177207	0.0	False		False		phosphoribosylation		AT5G11160	APT5
w:pointy	word	pointy	1	247	5	21633	17.5165991902834	0.055804900481658065	1.0	-1.2533276620177207	0.0	False		False		pointy		AT1G75680	GH9B7
w:propagation	word	propagation	1	247	5	21633	17.5165991902834	0.055804900481658065	1.0	-1.2533276620177207	0.0	False		False		propagation		AT2G33460	RIC1
w:pumping	word	pumping	1	247	5	21633	17.5165991902834	0.055804900481658065	1.0	-1.2533276620177207	0.0	False		False		pumping		AT1G29440	SAUR63
w:seu	word	seu	1	247	5	21633	17.5165991902834	0.055804900481658065	1.0	-1.2533276620177207	0.0	False		False		seu		AT5G62090	SLK2
w:sob	word	sob	1	247	5	21633	17.5165991902834	0.055804900481658065	1.0	-1.2533276620177207	0.0	False		False		sob		AT2G26710	BAS1
w:srnas	word	srnas	1	247	5	21633	17.5165991902834	0.055804900481658065	1.0	-1.2533276620177207	0.0	False		False		srnas		AT5G50570	SPL13A
w:sustaining	word	sustaining	1	247	5	21633	17.5165991902834	0.055804900481658065	1.0	-1.2533276620177207	0.0	False		False		sustaining		AT5G62090	SLK2
w:typhasterol	word	typhasterol	1	247	5	21633	17.5165991902834	0.055804900481658065	1.0	-1.2533276620177207	0.0	False		False		typhasterol		AT2G45400	BEN1
w:grown	word	grown	10	247	491	21633	1.7837677383180655	0.05625288867767795	1.0	-1.2498551709132448	0.0	True		False		grown		AT1G04240, AT1G11260, AT1G19300, AT1G75080, AT2G33570, AT3G14370, AT3G30775, AT3G54810, AT3G57420, AT4G11280	SHY2, STP1, PARVUS, BZR1, GALS1, WAG2, ERD5, BME3, STL2, ACS6
w:absence	word	absence	6	247	239	21633	2.1987363000355735	0.05697125902086846	1.0	-1.2443441828642967	0.0	True		False		absence		AT2G45400, AT3G03830, AT4G11280, AT4G24510, AT5G37770, AT5G48870	BEN1, SAUR28, ACS6, CER2, TCH2, SAD1
k:Fucose metabolism	keyword	Fucose metabolism	2	247	34	21633	5.151940938318647	0.05735521001395477	1.0	-1.241427125669605	0.0	True		False		Fucose metabolism		AT2G44500, AT3G02250	OFUT20, RRT2
w:fuct	word	fuct	2	247	34	21633	5.151940938318647	0.05735521001395477	1.0	-1.241427125669605	0.0	True		False		fuct		AT2G44500, AT3G02250	OFUT20, RRT2
w:humidity	word	humidity	2	247	34	21633	5.151940938318647	0.05735521001395477	1.0	-1.241427125669605	0.0	True		False		humidity		AT2G47240, AT5G46790	LACS1, PYL1
w:perform	word	perform	2	247	34	21633	5.151940938318647	0.05735521001395477	1.0	-1.241427125669605	0.0	True		False		perform		AT3G43720, AT4G27970	LTPG2, SLAH2
w:prasad	word	prasad	2	247	34	21633	5.151940938318647	0.05735521001395477	1.0	-1.241427125669605	0.0	True		False		prasad		AT2G42580, AT3G58620	TTL3, TTL4
w:specificity	word	specificity	7	247	301	21633	2.0368138593352794	0.05812430616812597	1.0	-1.235642218259456	0.0	True		False		specificity		AT1G29660, AT1G29670, AT4G18970, AT4G28780, AT4G30340, AT5G45670, AT5G45950	AtGELP15, AtGELP16, AtGELP80, AtGELP82, DGK7, AtGELP100, AtGELP102
w:tube	word	tube	9	247	430	21633	1.833132473401751	0.05935858531132436	1.0	-1.2265164581132402	0.0	True		False		tube		AT1G29430, AT1G53690, AT2G33460, AT2G47240, AT3G28180, AT4G24510, AT4G31590, AT4G39990, AT5G56170	SAUR62, NRPB12L, RIC1, LACS1, CSLC04, CER2, CSLC5, RABA4B, LLG1
p:cold acclimation	phrase	cold acclimation	3	247	78	21633	3.3685767673621925	0.059947827380577585	1.0	-1.2222265519099922	0.0	True		False		cold acclimation		AT2G33570, AT3G50830, AT5G44670	GALS1, COR413-PM2, GALS2
p:carboxylate clamp	phrase	carboxylate clamp	2	247	35	21633	5.004742625795258	0.06038577664162216	1.0	-1.2190653437213415	0.0	True		False		carboxylate clamp		AT2G42580, AT3G58620	TTL3, TTL4
p:leaf blade	phrase	leaf blade	2	247	35	21633	5.004742625795258	0.06038577664162216	1.0	-1.2190653437213415	0.0	True		False		leaf blade		AT2G45400, AT4G11280	BEN1, ACS6
w:dramatic	word	dramatic	2	247	35	21633	5.004742625795258	0.06038577664162216	1.0	-1.2190653437213415	0.0	True		False		dramatic		AT2G28110, AT4G11280	FRA8, ACS6
w:pubmed	word	pubmed	2	247	35	21633	5.004742625795258	0.06038577664162216	1.0	-1.2190653437213415	0.0	True		False		pubmed		AT2G42580, AT3G58620	TTL3, TTL4
k:Disulfide bond	keyword	Disulfide bond	18	247	1060	21633	1.487258421816515	0.06102434803992305	1.0	-1.2144968517170225	0.0	True		False		Disulfide bond		AT1G10550, AT1G11545, AT1G65310, AT2G06850, AT3G09780, AT3G23730, AT3G28200, AT3G29030, AT3G43720, AT4G02330, AT4G15800, AT4G16563, AT4G25810, AT4G30280, AT4G30290, AT5G15350, AT5G57560, AT5G57920	XTH33, XTH8, XTH17, XTH4, CCR1, XTH16, PER31, EXPA5, LTPG2, ATPMEPCRB, RALFL33, AT4G16563, XTR6, XTH18, XTH19, ENODL17, TCH4, ENODL10
w:corresponding	word	corresponding	3	247	79	21633	3.325936555117101	0.06180974437304435	1.0	-1.2089430525189306	0.0	True		False		corresponding		AT1G35140, AT3G51810, AT5G11160	PHI-1, EM1, APT5
w:fresh	word	fresh	3	247	79	21633	3.325936555117101	0.06180974437304435	1.0	-1.2089430525189306	0.0	True		False		fresh		AT1G32640, AT1G70700, AT5G13220	MYC2, TIFY7, JAZ10
w:integrase	word	integrase	3	247	79	21633	3.325936555117101	0.06180974437304435	1.0	-1.2089430525189306	0.0	True		False		integrase		AT1G21910, AT1G44830, AT5G25190	DREB26, ERF014, ESE3
w:predominantly	word	predominantly	3	247	79	21633	3.325936555117101	0.06180974437304435	1.0	-1.2089430525189306	0.0	True		False		predominantly		AT3G51810, AT4G14750, AT5G11060	EM1, IQD19, KNAT4
p:erf transcription	phrase	erf transcription	4	247	130	21633	2.694861413889754	0.062047187791744805	1.0	-1.2072778975529113	0.0	True		False		erf transcription		AT1G21910, AT1G44830, AT5G05410, AT5G25190	DREB26, ERF014, DREB2A, ESE3
p:far red	phrase	far red	4	247	130	21633	2.694861413889754	0.062047187791744805	1.0	-1.2072778975529113	0.0	True		False		far red		AT1G32640, AT2G26710, AT4G36110, AT4G38860	MYC2, BAS1, SAUR9, SAUR16
p:ethylene responsive	phrase	ethylene responsive	4	247	131	21633	2.674289952715023	0.06345461859454994	1.0	-1.1975367619518225	0.0	True		False		ethylene responsive		AT1G21910, AT1G44830, AT1G78170, AT5G25190	DREB26, ERF014, CLG4, ESE3
p:unsaturated fatty	phrase	unsaturated fatty	2	247	36	21633	4.865721997300945	0.0634700888083538	1.0	-1.197430894013899	0.0	True		False		unsaturated fatty		AT1G01600, AT4G00360	CYP86A4, CYP86A2
w:dramatically	word	dramatically	2	247	36	21633	4.865721997300945	0.0634700888083538	1.0	-1.197430894013899	0.0	True		False		dramatically		AT3G28180, AT4G31590	CSLC04, CSLC5
w:homogalacturonan	word	homogalacturonan	2	247	36	21633	4.865721997300945	0.0634700888083538	1.0	-1.197430894013899	0.0	True		False		homogalacturonan		AT1G78240, AT4G30440	TSD2, GAE1
w:substantially	word	substantially	2	247	36	21633	4.865721997300945	0.0634700888083538	1.0	-1.197430894013899	0.0	True		False		substantially		AT3G54810, AT4G33790	BME3, CER4
p:functionally redundant	phrase	functionally redundant	3	247	80	21633	3.2843623481781377	0.06369839772069064	1.0	-1.1958714918375593	0.0	True		False		functionally redundant		AT4G16515, AT5G43760, AT5G64770	RGF6, KCS20, RGF9
p:red light	phrase	red light	5	247	189	21633	2.317010474905212	0.0660791044034181	1.0	-1.179935851814934	0.0	True		False		red light		AT1G32640, AT2G26710, AT4G03400, AT4G36110, AT4G38860	MYC2, BAS1, DFL2, SAUR9, SAUR16
p:actin microfilament	phrase	actin microfilament	1	247	6	21633	14.597165991902834	0.0665879682447906	1.0	-1.176604236249333	0.0	False		False		actin microfilament		AT2G33460	RIC1
p:adenine phosphoribosyltransferase	phrase	adenine phosphoribosyltransferase	1	247	6	21633	14.597165991902834	0.0665879682447906	1.0	-1.176604236249333	0.0	False		False		adenine phosphoribosyltransferase		AT5G11160	APT5
p:air humidity	phrase	air humidity	1	247	6	21633	14.597165991902834	0.0665879682447906	1.0	-1.176604236249333	0.0	False		False		air humidity		AT5G46790	PYL1
p:charged monosaccharide	phrase	charged monosaccharide	1	247	6	21633	14.597165991902834	0.0665879682447906	1.0	-1.176604236249333	0.0	False		False		charged monosaccharide		AT4G30440	GAE1
p:chromatid alignment	phrase	chromatid alignment	1	247	6	21633	14.597165991902834	0.0665879682447906	1.0	-1.176604236249333	0.0	False		False		chromatid alignment		AT5G15920	SMC5
p:cpxc zinc	phrase	cpxc zinc	1	247	6	21633	14.597165991902834	0.0665879682447906	1.0	-1.176604236249333	0.0	False		False		cpxc zinc		AT1G78170	CLG4
p:diverse stimuli	phrase	diverse stimuli	1	247	6	21633	14.597165991902834	0.0665879682447906	1.0	-1.176604236249333	0.0	False		False		diverse stimuli		AT4G01120	GBF2
p:functionally equivalent	phrase	functionally equivalent	1	247	6	21633	14.597165991902834	0.0665879682447906	1.0	-1.176604236249333	0.0	False		False		functionally equivalent		AT2G41940	ZFP8
p:hydroxylated fatty	phrase	hydroxylated fatty	1	247	6	21633	14.597165991902834	0.0665879682447906	1.0	-1.176604236249333	0.0	False		False		hydroxylated fatty		AT4G00360	CYP86A2
p:interactive crib	phrase	interactive crib	1	247	6	21633	14.597165991902834	0.0665879682447906	1.0	-1.176604236249333	0.0	False		False		interactive crib		AT2G33460	RIC1
p:isoprenyl diphosphate	phrase	isoprenyl diphosphate	1	247	6	21633	14.597165991902834	0.0665879682447906	1.0	-1.176604236249333	0.0	False		False		isoprenyl diphosphate		AT3G14510	IDS5
p:mobility shift	phrase	mobility shift	1	247	6	21633	14.597165991902834	0.0665879682447906	1.0	-1.176604236249333	0.0	False		False		mobility shift		AT5G58620	AtC3H66
p:multicopy suppressor	phrase	multicopy suppressor	1	247	6	21633	14.597165991902834	0.0665879682447906	1.0	-1.176604236249333	0.0	False		False		multicopy suppressor		AT2G43290	MSS3
p:rac interactive	phrase	rac interactive	1	247	6	21633	14.597165991902834	0.0665879682447906	1.0	-1.176604236249333	0.0	False		False		rac interactive		AT2G33460	RIC1
p:remain unchanged	phrase	remain unchanged	1	247	6	21633	14.597165991902834	0.0665879682447906	1.0	-1.176604236249333	0.0	False		False		remain unchanged		AT4G31800	WRKY18
p:retaining receptor	phrase	retaining receptor	1	247	6	21633	14.597165991902834	0.0665879682447906	1.0	-1.176604236249333	0.0	False		False		retaining receptor		AT2G21190	AT2G21190
p:rha udp	phrase	rha udp	1	247	6	21633	14.597165991902834	0.0665879682447906	1.0	-1.176604236249333	0.0	False		False		rha udp		AT1G76670	URGT1
p:rhamnose udp	phrase	rhamnose udp	1	247	6	21633	14.597165991902834	0.0665879682447906	1.0	-1.176604236249333	0.0	False		False		rhamnose udp		AT1G76670	URGT1
p:udp rha	phrase	udp rha	1	247	6	21633	14.597165991902834	0.0665879682447906	1.0	-1.176604236249333	0.0	False		False		udp rha		AT1G76670	URGT1
w:add	word	add	1	247	6	21633	14.597165991902834	0.0665879682447906	1.0	-1.176604236249333	0.0	False		False		add		AT2G33570	GALS1
w:aldol	word	aldol	1	247	6	21633	14.597165991902834	0.0665879682447906	1.0	-1.176604236249333	0.0	False		False		aldol		AT3G54690	SETH3
w:bgh	word	bgh	1	247	6	21633	14.597165991902834	0.0665879682447906	1.0	-1.176604236249333	0.0	False		False		bgh		AT3G43720	LTPG2
w:brs	word	brs	1	247	6	21633	14.597165991902834	0.0665879682447906	1.0	-1.176604236249333	0.0	False		False		brs		AT2G26710	BAS1
w:cazy	word	cazy	1	247	6	21633	14.597165991902834	0.0665879682447906	1.0	-1.176604236249333	0.0	False		False		cazy		AT1G32930	GALT31A
w:cpxc	word	cpxc	1	247	6	21633	14.597165991902834	0.0665879682447906	1.0	-1.176604236249333	0.0	False		False		cpxc		AT1G78170	CLG4
w:crib	word	crib	1	247	6	21633	14.597165991902834	0.0665879682447906	1.0	-1.176604236249333	0.0	False		False		crib		AT2G33460	RIC1
w:dicamba	word	dicamba	1	247	6	21633	14.597165991902834	0.0665879682447906	1.0	-1.176604236249333	0.0	False		False		dicamba		AT1G59500	GH3.4
w:enabling	word	enabling	1	247	6	21633	14.597165991902834	0.0665879682447906	1.0	-1.176604236249333	0.0	False		False		enabling		AT5G57560	TCH4
w:extending	word	extending	1	247	6	21633	14.597165991902834	0.0665879682447906	1.0	-1.176604236249333	0.0	False		False		extending		AT5G11060	KNAT4
w:kea	word	kea	1	247	6	21633	14.597165991902834	0.0665879682447906	1.0	-1.176604236249333	0.0	False		False		kea		AT5G11800	KEA6
w:linoleoyl	word	linoleoyl	1	247	6	21633	14.597165991902834	0.0665879682447906	1.0	-1.176604236249333	0.0	False		False		linoleoyl		AT4G30340	DGK7
w:neck	word	neck	1	247	6	21633	14.597165991902834	0.0665879682447906	1.0	-1.176604236249333	0.0	False		False		neck		AT2G33460	RIC1
w:patellin	word	patellin	1	247	6	21633	14.597165991902834	0.0665879682447906	1.0	-1.176604236249333	0.0	False		False		patellin		AT1G30690	PATL4
w:photoassimilate	word	photoassimilate	1	247	6	21633	14.597165991902834	0.0665879682447906	1.0	-1.176604236249333	0.0	False		False		photoassimilate		AT1G19300	PARVUS
w:pinoid	word	pinoid	1	247	6	21633	14.597165991902834	0.0665879682447906	1.0	-1.176604236249333	0.0	False		False		pinoid		AT3G14370	WAG2
w:quaking	word	quaking	1	247	6	21633	14.597165991902834	0.0665879682447906	1.0	-1.176604236249333	0.0	False		False		quaking		AT2G38610	KH9
w:rhamnosyltransferase	word	rhamnosyltransferase	1	247	6	21633	14.597165991902834	0.0665879682447906	1.0	-1.176604236249333	0.0	False		False		rhamnosyltransferase		AT3G02250	RRT2
w:sclerotiorun	word	sclerotiorun	1	247	6	21633	14.597165991902834	0.0665879682447906	1.0	-1.176604236249333	0.0	False		False		sclerotiorun		AT4G37240	AP22.53
w:seuss	word	seuss	1	247	6	21633	14.597165991902834	0.0665879682447906	1.0	-1.176604236249333	0.0	False		False		seuss		AT5G62090	SLK2
w:sixfold	word	sixfold	1	247	6	21633	14.597165991902834	0.0665879682447906	1.0	-1.176604236249333	0.0	False		False		sixfold		AT4G31800	WRKY18
w:tetrasaccharide	word	tetrasaccharide	1	247	6	21633	14.597165991902834	0.0665879682447906	1.0	-1.176604236249333	0.0	False		False		tetrasaccharide		AT1G19300	PARVUS
w:try	word	try	1	247	6	21633	14.597165991902834	0.0665879682447906	1.0	-1.176604236249333	0.0	False		False		try		AT4G14750	IQD19
w:darker	word	darker	2	247	37	21633	4.734215997373893	0.06660653553948173	1.0	-1.1764831550717865	0.0	True		False		darker		AT1G19300, AT1G75080	PARVUS, BZR1
w:extended	word	extended	2	247	37	21633	4.734215997373893	0.06660653553948173	1.0	-1.1764831550717865	0.0	True		False		extended		AT1G32640, AT1G35140	MYC2, PHI-1
w:polyubiquitination	word	polyubiquitination	2	247	37	21633	4.734215997373893	0.06660653553948173	1.0	-1.1764831550717865	0.0	True		False		polyubiquitination		AT1G02860, AT1G32640	NLA, MYC2
w:somewhat	word	somewhat	3	247	82	21633	3.2042559494420857	0.06755495295020639	1.0	-1.170342804153607	0.0	True		False		somewhat		AT1G11260, AT1G75680, AT2G47240	STP1, GH9B7, LACS1
w:tobacco	word	tobacco	3	247	82	21633	3.2042559494420857	0.06755495295020639	1.0	-1.170342804153607	0.0	True		False		tobacco		AT2G28110, AT4G15800, AT5G22940	FRA8, RALFL33, F8H
p:root hair	phrase	root hair	7	247	312	21633	1.9650031142946123	0.06765273462217396	1.0	-1.169714643895375	0.0	True		False		root hair		AT1G70700, AT1G74380, AT3G28180, AT4G15290, AT4G31590, AT4G39990, AT5G13220	TIFY7, XXT5, CSLC04, ATCSLB05, CSLC5, RABA4B, JAZ10
p:programmed cell	phrase	programmed cell	5	247	191	21633	2.2927485851156284	0.06846371781721368	1.0	-1.1645395208618885	0.0	True		False		programmed cell		AT1G55330, AT2G34770, AT4G37450, AT5G04870, AT5G65390	AGP21, FAH1, AGP18, CPK1, AGP7
k:Calmodulin-binding	keyword	Calmodulin-binding	4	247	135	21633	2.5950517318938373	0.0692508269708591	1.0	-1.1595750360290535	0.0	True		False		Calmodulin-binding		AT4G14750, AT4G23060, AT4G31000, AT5G03960	IQD19, IQD22, CBP60F, IQD12
p:rho gtpase	phrase	rho gtpase	2	247	38	21633	4.609631365864053	0.06979353537456372	1.0	-1.1561848020355099	0.0	True		False		rho gtpase		AT2G33460, AT5G56170	RIC1, LLG1
w:endodermis	word	endodermis	2	247	38	21633	4.609631365864053	0.06979353537456372	1.0	-1.1561848020355099	0.0	True		False		endodermis		AT5G11060, AT5G43760	KNAT4, KCS20
p:leucine zipper	phrase	leucine zipper	4	247	136	21633	2.5759704691593237	0.07074118904474068	1.0	-1.1503276446735191	0.0	True		False		leucine zipper		AT1G32640, AT2G45450, AT3G51810, AT4G01120	MYC2, ZPR1, EM1, GBF2
w:cortical	word	cortical	4	247	136	21633	2.5759704691593237	0.07074118904474068	1.0	-1.1503276446735191	0.0	True		False		cortical		AT2G33460, AT3G04630, AT4G16515, AT5G64770	RIC1, WDL1, RGF6, RGF9
w:zipper	word	zipper	4	247	136	21633	2.5759704691593237	0.07074118904474068	1.0	-1.1503276446735191	0.0	True		False		zipper		AT1G32640, AT2G45450, AT3G51810, AT4G01120	MYC2, ZPR1, EM1, GBF2
w:tip	word	tip	5	247	193	21633	2.2689895324201297	0.07089560072337635	1.0	-1.149380713206769	0.0	True		False		tip		AT1G65310, AT3G51810, AT4G11280, AT4G30280, AT4G39990	XTH17, EM1, ACS6, XTH18, RABA4B
w:promoting	word	promoting	7	247	316	21633	1.9401296571516424	0.07133757584068004	1.0	-1.1466816527339077	0.0	True		False		promoting		AT2G41420, AT3G02170, AT4G36110, AT4G38860, AT5G05410, AT5G16590, AT5G48870	WIH2, LNG2, SAUR9, SAUR16, DREB2A, LRR1, SAD1
w:week	word	week	3	247	84	21633	3.127964141122036	0.07151552388764401	1.0	-1.1455996755842117	0.0	True		False		week		AT1G02860, AT1G19300, AT3G57420	NLA, PARVUS, STL2
w:erf	word	erf	4	247	137	21633	2.557167765004876	0.07224794139468765	1.0	-1.1411745230166004	0.0	True		False		erf		AT1G21910, AT1G44830, AT5G05410, AT5G25190	DREB26, ERF014, DREB2A, ESE3
w:far	word	far	4	247	137	21633	2.557167765004876	0.07224794139468765	1.0	-1.1411745230166004	0.0	True		False		far		AT1G32640, AT2G26710, AT4G36110, AT4G38860	MYC2, BAS1, SAUR9, SAUR16
w:lower	word	lower	8	247	382	21633	1.8341988680925028	0.07269225137595202	1.0	-1.138511880255347	0.0	True		False		lower		AT1G32640, AT1G70700, AT2G04240, AT3G30775, AT3G54810, AT4G15800, AT4G18970, AT5G13220	MYC2, TIFY7, XERICO, ERD5, BME3, RALFL33, AtGELP80, JAZ10
w:arabinose	word	arabinose	2	247	39	21633	4.491435689816257	0.07302953590797304	1.0	-1.1365014592277383	0.0	True		False		arabinose		AT1G11260, AT3G54690	STP1, SETH3
w:longitudinal	word	longitudinal	2	247	39	21633	4.491435689816257	0.07302953590797304	1.0	-1.1365014592277383	0.0	True		False		longitudinal		AT3G02170, AT5G11060	LNG2, KNAT4
w:hair	word	hair	7	247	321	21633	1.9099095690340155	0.07610885382940226	1.0	-1.1185648183202552	0.0	True		False		hair		AT1G70700, AT1G74380, AT3G28180, AT4G15290, AT4G31590, AT4G39990, AT5G13220	TIFY7, XXT5, CSLC04, ATCSLB05, CSLC5, RABA4B, JAZ10
p:multicopper oxidase	phrase	multicopper oxidase	2	247	40	21633	4.37914979757085	0.07631301333606286	1.0	-1.1174013973250356	0.0	True		False		multicopper oxidase		AT1G76160, AT4G22010	sks5, sks4
w:multicopper	word	multicopper	2	247	40	21633	4.37914979757085	0.07631301333606286	1.0	-1.1174013973250356	0.0	True		False		multicopper		AT1G76160, AT4G22010	sks5, sks4
w:monooxygenase	word	monooxygenase	5	247	198	21633	2.211691816954975	0.07718095861958983	1.0	-1.1124898316131238	0.0	True		False		monooxygenase		AT1G01600, AT1G04610, AT1G13090, AT2G26710, AT4G00360	CYP86A4, YUC3, CYP71B28, BAS1, CYP86A2
w:programmed	word	programmed	5	247	198	21633	2.211691816954975	0.07718095861958983	1.0	-1.1124898316131238	0.0	True		False		programmed		AT1G55330, AT2G34770, AT4G37450, AT5G04870, AT5G65390	AGP21, FAH1, AGP18, CPK1, AGP7
p:amp salvage	phrase	amp salvage	1	247	7	21633	12.511856564488143	0.0772483821645916	1.0	-1.1121106073639433	0.0	False		False		amp salvage		AT5G11160	APT5
p:anion efflux	phrase	anion efflux	1	247	7	21633	12.511856564488143	0.0772483821645916	1.0	-1.1121106073639433	0.0	False		False		anion efflux		AT4G27970	SLAH2
p:carrying recessive	phrase	carrying recessive	1	247	7	21633	12.511856564488143	0.0772483821645916	1.0	-1.1121106073639433	0.0	False		False		carrying recessive		AT4G33790	CER4
p:dynein light	phrase	dynein light	1	247	7	21633	12.511856564488143	0.0772483821645916	1.0	-1.1121106073639433	0.0	False		False		dynein light		AT5G20110	AT5G20110
p:interphase cortical	phrase	interphase cortical	1	247	7	21633	12.511856564488143	0.0772483821645916	1.0	-1.1121106073639433	0.0	False		False		interphase cortical		AT3G04630	WDL1
p:jasmonoyl isoleucine	phrase	jasmonoyl isoleucine	1	247	7	21633	12.511856564488143	0.0772483821645916	1.0	-1.1121106073639433	0.0	False		False		jasmonoyl isoleucine		AT1G70700	TIFY7
p:longitudinal direction	phrase	longitudinal direction	1	247	7	21633	12.511856564488143	0.0772483821645916	1.0	-1.1121106073639433	0.0	False		False		longitudinal direction		AT3G02170	LNG2
p:messenger diacylglycerol	phrase	messenger diacylglycerol	1	247	7	21633	12.511856564488143	0.0772483821645916	1.0	-1.1121106073639433	0.0	False		False		messenger diacylglycerol		AT4G30340	DGK7
p:shortened petiole	phrase	shortened petiole	1	247	7	21633	12.511856564488143	0.0772483821645916	1.0	-1.1121106073639433	0.0	False		False		shortened petiole		AT2G45400	BEN1
p:stem strength	phrase	stem strength	1	247	7	21633	12.511856564488143	0.0772483821645916	1.0	-1.1121106073639433	0.0	False		False		stem strength		AT2G28110	FRA8
p:unbranched trichome	phrase	unbranched trichome	1	247	7	21633	12.511856564488143	0.0772483821645916	1.0	-1.1121106073639433	0.0	False		False		unbranched trichome		AT4G14750	IQD19
p:unexpanded cotyledon	phrase	unexpanded cotyledon	1	247	7	21633	12.511856564488143	0.0772483821645916	1.0	-1.1121106073639433	0.0	False		False		unexpanded cotyledon		AT2G42160	BRIZ1
p:vertical plate	phrase	vertical plate	1	247	7	21633	12.511856564488143	0.0772483821645916	1.0	-1.1121106073639433	0.0	False		False		vertical plate		AT3G14370	WAG2
w:coexpression	word	coexpression	1	247	7	21633	12.511856564488143	0.0772483821645916	1.0	-1.1121106073639433	0.0	False		False		coexpression		AT4G31800	WRKY18
w:cyclopropane	word	cyclopropane	1	247	7	21633	12.511856564488143	0.0772483821645916	1.0	-1.1121106073639433	0.0	False		False		cyclopropane		AT3G23470	AT3G23470
w:deoxotyphasterol	word	deoxotyphasterol	1	247	7	21633	12.511856564488143	0.0772483821645916	1.0	-1.1121106073639433	0.0	False		False		deoxotyphasterol		AT2G26710	BAS1
w:dgk	word	dgk	1	247	7	21633	12.511856564488143	0.0772483821645916	1.0	-1.1121106073639433	0.0	False		False		dgk		AT4G30340	DGK7
w:easily	word	easily	1	247	7	21633	12.511856564488143	0.0772483821645916	1.0	-1.1121106073639433	0.0	False		False		easily		AT4G30440	GAE1
w:engulfment	word	engulfment	1	247	7	21633	12.511856564488143	0.0772483821645916	1.0	-1.1121106073639433	0.0	False		False		engulfment		AT3G43400	ELMOD_D
w:hemibiotrophic	word	hemibiotrophic	1	247	7	21633	12.511856564488143	0.0772483821645916	1.0	-1.1121106073639433	0.0	False		False		hemibiotrophic		AT4G31800	WRKY18
w:hydathode	word	hydathode	1	247	7	21633	12.511856564488143	0.0772483821645916	1.0	-1.1121106073639433	0.0	False		False		hydathode		AT5G37770	TCH2
w:microarray	word	microarray	1	247	7	21633	12.511856564488143	0.0772483821645916	1.0	-1.1121106073639433	0.0	False		False		microarray		AT5G05410	DREB2A
w:multicopy	word	multicopy	1	247	7	21633	12.511856564488143	0.0772483821645916	1.0	-1.1121106073639433	0.0	False		False		multicopy		AT2G43290	MSS3
w:phabulosa	word	phabulosa	1	247	7	21633	12.511856564488143	0.0772483821645916	1.0	-1.1121106073639433	0.0	False		False		phabulosa		AT5G62090	SLK2
w:plant'	word	plant'	1	247	7	21633	12.511856564488143	0.0772483821645916	1.0	-1.1121106073639433	0.0	False		False		plant'		AT5G50570	SPL13A
w:psm	word	psm	1	247	7	21633	12.511856564488143	0.0772483821645916	1.0	-1.1121106073639433	0.0	False		False		psm		AT4G31800	WRKY18
w:shuttling	word	shuttling	1	247	7	21633	12.511856564488143	0.0772483821645916	1.0	-1.1121106073639433	0.0	False		False		shuttling		AT1G75080	BZR1
w:tdr	word	tdr	1	247	7	21633	12.511856564488143	0.0772483821645916	1.0	-1.1121106073639433	0.0	False		False		tdr		AT2G41820	PXC3
w:tram	word	tram	1	247	7	21633	12.511856564488143	0.0772483821645916	1.0	-1.1121106073639433	0.0	False		False		tram		AT1G35180	AT1G35180
w:unexpanded	word	unexpanded	1	247	7	21633	12.511856564488143	0.0772483821645916	1.0	-1.1121106073639433	0.0	False		False		unexpanded		AT2G42160	BRIZ1
w:yabby	word	yabby	1	247	7	21633	12.511856564488143	0.0772483821645916	1.0	-1.1121106073639433	0.0	False		False		yabby		AT2G26580	YAB5
w:proliferation	word	proliferation	6	247	260	21633	2.0211460604173155	0.07842158047179897	1.0	-1.1055644093800552	0.0	True		False		proliferation		AT1G13590, AT4G16515, AT4G30290, AT5G46590, AT5G50915, AT5G64770	PSK1, RGF6, XTH19, NAC096, BHLH137, RGF9
w:asymmetric	word	asymmetric	4	247	141	21633	2.484623998621759	0.07843739017095848	1.0	-1.1054768649431557	0.0	True		False		asymmetric		AT1G11260, AT2G33460, AT4G16515, AT5G64770	STP1, RIC1, RGF6, RGF9
w:functionally	word	functionally	4	247	141	21633	2.484623998621759	0.07843739017095848	1.0	-1.1054768649431557	0.0	True		False		functionally		AT2G41940, AT4G16515, AT5G43760, AT5G64770	ZFP8, RGF6, KCS20, RGF9
w:acyl	word	acyl	8	247	389	21633	1.8011927187952084	0.07882870165379514	1.0	-1.1033156264148642	0.0	True		False		acyl		AT2G34770, AT2G47240, AT3G23470, AT4G01950, AT4G24510, AT4G33790, AT5G01210, AT5G43760	FAH1, LACS1, AT3G23470, GPAT3, CER2, CER4, AT5G01210, KCS20
p:adaxial abaxial	phrase	adaxial abaxial	2	247	41	21633	4.272341265922781	0.0796424720108167	1.0	-1.098855268433737	0.0	True		False		adaxial abaxial		AT2G26580, AT2G45450	YAB5, ZPR1
p:trichome branching	phrase	trichome branching	2	247	41	21633	4.272341265922781	0.0796424720108167	1.0	-1.098855268433737	0.0	True		False		trichome branching		AT2G41940, AT4G14750	ZFP8, IQD19
w:curvature	word	curvature	2	247	41	21633	4.272341265922781	0.0796424720108167	1.0	-1.098855268433737	0.0	True		False		curvature		AT1G32640, AT4G11280	MYC2, ACS6
w:examined	word	examined	2	247	41	21633	4.272341265922781	0.0796424720108167	1.0	-1.098855268433737	0.0	True		False		examined		AT2G33460, AT5G11060	RIC1, KNAT4
w:stimuli	word	stimuli	2	247	41	21633	4.272341265922781	0.0796424720108167	1.0	-1.098855268433737	0.0	True		False		stimuli		AT4G01120, AT5G57560	GBF2, TCH4
w:old	word	old	3	247	89	21633	2.9522358185870896	0.08185846376761245	1.0	-1.0869364099901535	0.0	True		False		old		AT2G38610, AT2G41820, AT3G57420	KH9, PXC3, STL2
p:chromosomal stability	phrase	chromosomal stability	2	247	42	21633	4.170618854829381	0.08301644399989688	1.0	-1.0808358735146906	0.0	True		False		chromosomal stability		AT3G53650, AT5G54640	HTB6, RAT5
p:nucleosome wrap	phrase	nucleosome wrap	2	247	42	21633	4.170618854829381	0.08301644399989688	1.0	-1.0808358735146906	0.0	True		False		nucleosome wrap		AT3G53650, AT5G54640	HTB6, RAT5
w:substituted	word	substituted	2	247	42	21633	4.170618854829381	0.08301644399989688	1.0	-1.0808358735146906	0.0	True		False		substituted		AT3G28180, AT4G31590	CSLC04, CSLC5
w:weight	word	weight	4	247	144	21633	2.4328609986504723	0.08324783787410978	1.0	-1.0796270372395058	0.0	True		False		weight		AT1G32640, AT1G70700, AT3G30775, AT5G13220	MYC2, TIFY7, ERD5, JAZ10
w:reduction	word	reduction	13	247	741	21633	1.5365437886213509	0.08369030786189735	1.0	-1.0773248345494122	0.0	True		False		reduction		AT1G01600, AT1G02860, AT1G13090, AT1G19300, AT1G74380, AT1G78240, AT2G26710, AT2G28110, AT2G41940, AT4G00360, AT4G31800, AT4G33790, AT5G43760	CYP86A4, NLA, CYP71B28, PARVUS, XXT5, TSD2, BAS1, FRA8, ZFP8, CYP86A2, WRKY18, CER4, KCS20
w:composition	word	composition	3	247	91	21633	2.887351514881879	0.08616659926250082	1.0	-1.0646610470181583	0.0	True		False		composition		AT3G43720, AT4G13340, AT5G04160	LTPG2, LRX3, UUAT1
w:reducing	word	reducing	3	247	91	21633	2.887351514881879	0.08616659926250082	1.0	-1.0646610470181583	0.0	True		False		reducing		AT1G19300, AT2G28110, AT5G22940	PARVUS, FRA8, F8H
w:scaffold	word	scaffold	3	247	91	21633	2.887351514881879	0.08616659926250082	1.0	-1.0646610470181583	0.0	True		False		scaffold		AT4G14750, AT4G23060, AT5G03960	IQD19, IQD22, IQD12
k:Nucleosome core	keyword	Nucleosome core	2	247	43	21633	4.073627718670558	0.0864334886530033	1.0	-1.0633179575290037	0.0	True		False		Nucleosome core		AT3G53650, AT5G54640	HTB6, RAT5
p:etiolated seedling	phrase	etiolated seedling	2	247	43	21633	4.073627718670558	0.0864334886530033	1.0	-1.0633179575290037	0.0	True		False		etiolated seedling		AT4G11280, AT5G11800	ACS6, KEA6
w:agar	word	agar	2	247	43	21633	4.073627718670558	0.0864334886530033	1.0	-1.0633179575290037	0.0	True		False		agar		AT1G19300, AT3G14370	PARVUS, WAG2
w:modulator	word	modulator	2	247	43	21633	4.073627718670558	0.0864334886530033	1.0	-1.0633179575290037	0.0	True		False		modulator		AT4G27280, AT5G13220	KRP1, JAZ10
w:monosaccharide	word	monosaccharide	2	247	43	21633	4.073627718670558	0.0864334886530033	1.0	-1.0633179575290037	0.0	True		False		monosaccharide		AT1G11260, AT4G30440	STP1, GAE1
w:oxide	word	oxide	2	247	43	21633	4.073627718670558	0.0864334886530033	1.0	-1.0633179575290037	0.0	True		False		oxide		AT1G66400, AT5G37770	CML23, TCH2
k:Brassinosteroid biosynthesis	keyword	Brassinosteroid biosynthesis	1	247	8	21633	10.947874493927126	0.0877875317810415	1.0	-1.0565671613513543	0.0	False		False		Brassinosteroid biosynthesis		AT2G45400	BEN1
k:Purine salvage	keyword	Purine salvage	1	247	8	21633	10.947874493927126	0.0877875317810415	1.0	-1.0565671613513543	0.0	False		False		Purine salvage		AT5G11160	APT5
p:crystalline cellulose	phrase	crystalline cellulose	1	247	8	21633	10.947874493927126	0.0877875317810415	1.0	-1.0565671613513543	0.0	False		False		crystalline cellulose		AT3G58620	TTL4
p:curling tip	phrase	curling tip	1	247	8	21633	10.947874493927126	0.0877875317810415	1.0	-1.0565671613513543	0.0	False		False		curling tip		AT4G11280	ACS6
p:endocytic recycling	phrase	endocytic recycling	1	247	8	21633	10.947874493927126	0.0877875317810415	1.0	-1.0565671613513543	0.0	False		False		endocytic recycling		AT4G39990	RABA4B
p:hypocotyl gravistimulation	phrase	hypocotyl gravistimulation	1	247	8	21633	10.947874493927126	0.0877875317810415	1.0	-1.0565671613513543	0.0	False		False		hypocotyl gravistimulation		AT4G11280	ACS6
p:meristematic region	phrase	meristematic region	1	247	8	21633	10.947874493927126	0.0877875317810415	1.0	-1.0565671613513543	0.0	False		False		meristematic region		AT5G62090	SLK2
p:plectosphaerella cucumerina	phrase	plectosphaerella cucumerina	1	247	8	21633	10.947874493927126	0.0877875317810415	1.0	-1.0565671613513543	0.0	False		False		plectosphaerella cucumerina		AT1G02860	NLA
p:rapidly elongating	phrase	rapidly elongating	1	247	8	21633	10.947874493927126	0.0877875317810415	1.0	-1.0565671613513543	0.0	False		False		rapidly elongating		AT1G11260	STP1
p:tale knox	phrase	tale knox	1	247	8	21633	10.947874493927126	0.0877875317810415	1.0	-1.0565671613513543	0.0	False		False		tale knox		AT5G11060	KNAT4
p:udp gal	phrase	udp gal	1	247	8	21633	10.947874493927126	0.0877875317810415	1.0	-1.0565671613513543	0.0	False		False		udp gal		AT1G76670	URGT1
p:wax crystal	phrase	wax crystal	1	247	8	21633	10.947874493927126	0.0877875317810415	1.0	-1.0565671613513543	0.0	False		False		wax crystal		AT5G43760	KCS20
w:bipartite	word	bipartite	1	247	8	21633	10.947874493927126	0.0877875317810415	1.0	-1.0565671613513543	0.0	False		False		bipartite		AT5G11060	KNAT4
w:blot	word	blot	1	247	8	21633	10.947874493927126	0.0877875317810415	1.0	-1.0565671613513543	0.0	False		False		blot		AT5G05410	DREB2A
w:circumnutation	word	circumnutation	1	247	8	21633	10.947874493927126	0.0877875317810415	1.0	-1.0565671613513543	0.0	False		False		circumnutation		AT3G04630	WDL1
w:experimental	word	experimental	1	247	8	21633	10.947874493927126	0.0877875317810415	1.0	-1.0565671613513543	0.0	False		False		experimental		AT1G35140	PHI-1
w:gaaattttgg	word	gaaattttgg	1	247	8	21633	10.947874493927126	0.0877875317810415	1.0	-1.0565671613513543	0.0	False		False		gaaattttgg		AT4G31000	CBP60F
w:gis	word	gis	1	247	8	21633	10.947874493927126	0.0877875317810415	1.0	-1.0565671613513543	0.0	False		False		gis		AT2G41940	ZFP8
w:inferred	word	inferred	1	247	8	21633	10.947874493927126	0.0877875317810415	1.0	-1.0565671613513543	0.0	False		False		inferred		AT5G58620	AtC3H66
w:naphthaleneacetic	word	naphthaleneacetic	1	247	8	21633	10.947874493927126	0.0877875317810415	1.0	-1.0565671613513543	0.0	False		False		naphthaleneacetic		AT1G59500	GH3.4
w:plectosphaerella	word	plectosphaerella	1	247	8	21633	10.947874493927126	0.0877875317810415	1.0	-1.0565671613513543	0.0	False		False		plectosphaerella		AT1G02860	NLA
w:primer	word	primer	1	247	8	21633	10.947874493927126	0.0877875317810415	1.0	-1.0565671613513543	0.0	False		False		primer		AT1G19300	PARVUS
w:pxy	word	pxy	1	247	8	21633	10.947874493927126	0.0877875317810415	1.0	-1.0565671613513543	0.0	False		False		pxy		AT2G41820	PXC3
w:regime	word	regime	1	247	8	21633	10.947874493927126	0.0877875317810415	1.0	-1.0565671613513543	0.0	False		False		regime		AT1G35140	PHI-1
w:shedding	word	shedding	1	247	8	21633	10.947874493927126	0.0877875317810415	1.0	-1.0565671613513543	0.0	False		False		shedding		AT3G14380	CASPL2A2
w:spx	word	spx	1	247	8	21633	10.947874493927126	0.0877875317810415	1.0	-1.0565671613513543	0.0	False		False		spx		AT1G02860	NLA
w:thermo	word	thermo	1	247	8	21633	10.947874493927126	0.0877875317810415	1.0	-1.0565671613513543	0.0	False		False		thermo		AT3G03830	SAUR28
w:threefold	word	threefold	1	247	8	21633	10.947874493927126	0.0877875317810415	1.0	-1.0565671613513543	0.0	False		False		threefold		AT4G31800	WRKY18
w:vertically	word	vertically	1	247	8	21633	10.947874493927126	0.0877875317810415	1.0	-1.0565671613513543	0.0	False		False		vertically		AT3G14370	WAG2
w:youngest	word	youngest	1	247	8	21633	10.947874493927126	0.0877875317810415	1.0	-1.0565671613513543	0.0	False		False		youngest		AT1G02860	NLA
w:trafficking	word	trafficking	8	247	399	21633	1.7560500441386868	0.08811733959580294	1.0	-1.0549386233721996	0.0	True		False		trafficking		AT1G02860, AT1G30690, AT3G57420, AT4G14750, AT4G23060, AT4G39990, AT5G03520, AT5G03960	NLA, PATL4, STL2, IQD19, IQD22, RABA4B, RAB8C, IQD12
w:jasmonate	word	jasmonate	4	247	147	21633	2.3832107741882176	0.08820004845756747	1.0	-1.0545311762644571	0.0	True		False		jasmonate		AT1G02860, AT1G32640, AT1G70700, AT5G13220	NLA, MYC2, TIFY7, JAZ10
w:hydrolase	word	hydrolase	22	247	1417	21633	1.3597924565498758	0.08851346390099223	1.0	-1.052990663164738	0.0	True		False		hydrolase		AT1G10550, AT1G10740, AT1G11545, AT1G29660, AT1G29670, AT1G65310, AT1G74290, AT1G75680, AT2G06850, AT2G42160, AT3G06770, AT3G23730, AT3G56730, AT4G18970, AT4G25810, AT4G28780, AT4G30280, AT4G30290, AT5G45670, AT5G45950, AT5G57560, AT5G61450	XTH33, LDAH1, XTH8, AtGELP15, AtGELP16, XTH17, AT1G74290, GH9B7, XTH4, BRIZ1, PGF4, XTH16, AT3G56730, AtGELP80, XTR6, AtGELP82, XTH18, XTH19, AtGELP100, AtGELP102, TCH4, MCI2.1
w:tolerance	word	tolerance	11	247	606	21633	1.5897903555537738	0.08867263793020955	1.0	-1.0522103714778281	0.0	True		False		tolerance		AT1G21910, AT2G33570, AT2G42580, AT3G58620, AT4G37240, AT5G05410, AT5G11800, AT5G16590, AT5G25110, AT5G37770, AT5G44670	DREB26, GALS1, TTL3, TTL4, AP22.53, DREB2A, KEA6, LRR1, CIPK25, TCH2, GALS2
w:condition	word	condition	14	247	821	21633	1.493498103921849	0.08892458146093289	1.0	-1.05097817022017	0.0	True		False		condition		AT1G02860, AT1G11260, AT1G32640, AT1G35140, AT1G65310, AT2G28110, AT2G47240, AT3G30775, AT3G54810, AT4G15290, AT4G24510, AT5G46590, AT5G48870, AT5G50900	NLA, STP1, MYC2, PHI-1, XTH17, FRA8, LACS1, ERD5, BME3, ATCSLB05, CER2, NAC096, SAD1, AT5G50900
p:wall polymer	phrase	wall polymer	2	247	44	21633	3.9810452705189547	0.08989219217445715	1.0	-1.0462780284314797	0.0	True		False		wall polymer		AT2G19800, AT2G30010	MIOX2, TBL45
w:columella	word	columella	2	247	44	21633	3.9810452705189547	0.08989219217445715	1.0	-1.0462780284314797	0.0	True		False		columella		AT4G16515, AT5G64770	RGF6, RGF9
w:flux	word	flux	2	247	44	21633	3.9810452705189547	0.08989219217445715	1.0	-1.0462780284314797	0.0	True		False		flux		AT1G02860, AT3G14370	NLA, WAG2
w:media	word	media	3	247	93	21633	2.8252579339166775	0.0905690888458222	1.0	-1.043020001377501	0.0	True		False		media		AT2G33570, AT2G42160, AT4G30340	GALS1, BRIZ1, DGK7
w:ester	word	ester	6	247	271	21633	1.9391069214335868	0.09124815852604222	1.0	-1.039775891255577	0.0	True		False		ester		AT1G29660, AT1G29670, AT4G18970, AT4G28780, AT5G45670, AT5G45950	AtGELP15, AtGELP16, AtGELP80, AtGELP82, AtGELP100, AtGELP102
w:abaxial	word	abaxial	3	247	94	21633	2.7952019984494787	0.09280500285024244	1.0	-1.0324286115861945	0.0	True		False		abaxial		AT1G19300, AT2G26580, AT2G45450	PARVUS, YAB5, ZPR1
w:influencing	word	influencing	3	247	94	21633	2.7952019984494787	0.09280500285024244	1.0	-1.0324286115861945	0.0	True		False		influencing		AT2G30010, AT4G16515, AT5G64770	TBL45, RGF6, RGF9
p:day photoperiodism	phrase	day photoperiodism	2	247	45	21633	3.8925775978407557	0.09339116720192492	1.0	-1.029694196755574	0.0	True		False		day photoperiodism		AT5G37770, AT5G63470	TCH2, NF-YC4
w:ile	word	ile	2	247	45	21633	3.8925775978407557	0.09339116720192492	1.0	-1.029694196755574	0.0	True		False		ile		AT1G59500, AT1G70700	GH3.4, TIFY7
w:suberin	word	suberin	2	247	45	21633	3.8925775978407557	0.09339116720192492	1.0	-1.029694196755574	0.0	True		False		suberin		AT3G43720, AT5G43760	LTPG2, KCS20
w:wrap	word	wrap	2	247	45	21633	3.8925775978407557	0.09339116720192492	1.0	-1.029694196755574	0.0	True		False		wrap		AT3G53650, AT5G54640	HTB6, RAT5
p:abiotic stress	phrase	abiotic stress	5	247	211	21633	2.0754264443463746	0.09487485907773352	1.0	-1.0228488561748101	0.0	True		False		abiotic stress		AT1G21910, AT4G30340, AT4G37240, AT5G17640, AT5G62090	DREB26, DGK7, AP22.53, ASG1, SLK2
w:red	word	red	5	247	211	21633	2.0754264443463746	0.09487485907773352	1.0	-1.0228488561748101	0.0	True		False		red		AT1G32640, AT2G26710, AT4G03400, AT4G36110, AT4G38860	MYC2, BAS1, DFL2, SAUR9, SAUR16
w:belong	word	belong	6	247	274	21633	1.917875823753657	0.09493301117550051	1.0	-1.0225827435428334	0.0	True		False		belong		AT1G04610, AT2G42580, AT3G14370, AT4G16515, AT5G05410, AT5G64770	YUC3, TTL3, WAG2, RGF6, DREB2A, RGF9
w:surface	word	surface	6	247	274	21633	1.917875823753657	0.09493301117550051	1.0	-1.0225827435428334	0.0	True		False		surface		AT1G03870, AT1G19300, AT3G11700, AT3G43720, AT4G15800, AT4G33790	FLA9, PARVUS, FLA18, LTPG2, RALFL33, CER4
w:heterodimer	word	heterodimer	4	247	151	21633	2.320079362951444	0.09501920216754352	1.0	-1.022188620472149	0.0	True		False		heterodimer		AT1G04240, AT2G45450, AT4G14560, AT5G43700	SHY2, ZPR1, IAA1, ATAUX2-11
w:cis‑acting	word	cis-acting	3	247	95	21633	2.765778819518432	0.09506364397042906	1.0	-1.02198554238801	0.0	True		False		cis-acting		AT4G01120, AT4G31800, AT5G46590	GBF2, WRKY18, NAC096
p:powdery mildew	phrase	powdery mildew	2	247	46	21633	3.8079563457137833	0.09692905239119888	1.0	-1.0135460330409356	0.0	True		False		powdery mildew		AT3G43720, AT4G31800	LTPG2, WRKY18
w:insensitivity	word	insensitivity	2	247	46	21633	3.8079563457137833	0.09692905239119888	1.0	-1.0135460330409356	0.0	True		False		insensitivity		AT5G13220, AT5G46790	JAZ10, PYL1
w:poor	word	poor	2	247	46	21633	3.8079563457137833	0.09692905239119888	1.0	-1.0135460330409356	0.0	True		False		poor		AT1G70700, AT5G13220	TIFY7, JAZ10
w:postembryonic	word	postembryonic	2	247	46	21633	3.8079563457137833	0.09692905239119888	1.0	-1.0135460330409356	0.0	True		False		postembryonic		AT4G16515, AT5G64770	RGF6, RGF9
w:powdery	word	powdery	2	247	46	21633	3.8079563457137833	0.09692905239119888	1.0	-1.0135460330409356	0.0	True		False		powdery		AT3G43720, AT4G31800	LTPG2, WRKY18
w:insect	word	insect	3	247	96	21633	2.7369686234817814	0.09734472001869315	1.0	-1.011687599654304	0.0	True		False		insect		AT1G32640, AT1G70700, AT5G13220	MYC2, TIFY7, JAZ10
w:cytoskeleton	word	cytoskeleton	6	247	276	21633	1.9039781728568914	0.09743349747248267	1.0	-1.0112917077371821	0.0	True		False		cytoskeleton		AT2G33460, AT3G02170, AT3G04630, AT3G07540, AT4G14750, AT5G37770	RIC1, LNG2, WDL1, FH10, IQD19, TCH2
k:Fruit ripening	keyword	Fruit ripening	1	247	9	21633	9.73144399460189	0.0982067909556118	1.0	-1.007858479905757	0.0	False		False		Fruit ripening		AT4G11280	ACS6
p:adding side	phrase	adding side	1	247	9	21633	9.73144399460189	0.0982067909556118	1.0	-1.007858479905757	0.0	False		False		adding side		AT5G62220	GT18
p:esterify acyl	phrase	esterify acyl	1	247	9	21633	9.73144399460189	0.0982067909556118	1.0	-1.007858479905757	0.0	False		False		esterify acyl		AT4G01950	GPAT3
p:galactinol synthase	phrase	galactinol synthase	1	247	9	21633	9.73144399460189	0.0982067909556118	1.0	-1.007858479905757	0.0	False		False		galactinol synthase		AT3G28340	GATL10
p:gdp fucose	phrase	gdp fucose	1	247	9	21633	9.73144399460189	0.0982067909556118	1.0	-1.007858479905757	0.0	False		False		gdp fucose		AT1G76670	URGT1
p:gpat dapat	phrase	gpat dapat	1	247	9	21633	9.73144399460189	0.0982067909556118	1.0	-1.007858479905757	0.0	False		False		gpat dapat		AT4G01950	GPAT3
p:ipp onto	phrase	ipp onto	1	247	9	21633	9.73144399460189	0.0982067909556118	1.0	-1.007858479905757	0.0	False		False		ipp onto		AT3G14510	IDS5
p:methionine methylthioadenosine	phrase	methionine methylthioadenosine	1	247	9	21633	9.73144399460189	0.0982067909556118	1.0	-1.007858479905757	0.0	False		False		methionine methylthioadenosine		AT4G11280	ACS6
p:methylthioadenosine lyase	phrase	methylthioadenosine lyase	1	247	9	21633	9.73144399460189	0.0982067909556118	1.0	-1.007858479905757	0.0	False		False		methylthioadenosine lyase		AT4G11280	ACS6
p:onto dmapp	phrase	onto dmapp	1	247	9	21633	9.73144399460189	0.0982067909556118	1.0	-1.007858479905757	0.0	False		False		onto dmapp		AT3G14510	IDS5
p:phytoalexin camalexin	phrase	phytoalexin camalexin	1	247	9	21633	9.73144399460189	0.0982067909556118	1.0	-1.007858479905757	0.0	False		False		phytoalexin camalexin		AT1G02860	NLA
p:preferentially uses	phrase	preferentially uses	1	247	9	21633	9.73144399460189	0.0982067909556118	1.0	-1.007858479905757	0.0	False		False		preferentially uses		AT2G47240	LACS1
p:purine pyrimidine	phrase	purine pyrimidine	1	247	9	21633	9.73144399460189	0.0982067909556118	1.0	-1.007858479905757	0.0	False		False		purine pyrimidine		AT5G11160	APT5
p:pyrabactin resistance	phrase	pyrabactin resistance	1	247	9	21633	9.73144399460189	0.0982067909556118	1.0	-1.007858479905757	0.0	False		False		pyrabactin resistance		AT5G46790	PYL1
p:pyrimidine phosphoribosyltransferase	phrase	pyrimidine phosphoribosyltransferase	1	247	9	21633	9.73144399460189	0.0982067909556118	1.0	-1.007858479905757	0.0	False		False		pyrimidine phosphoribosyltransferase		AT5G11160	APT5
p:pyrimidine requiring	phrase	pyrimidine requiring	1	247	9	21633	9.73144399460189	0.0982067909556118	1.0	-1.007858479905757	0.0	False		False		pyrimidine requiring		AT4G24510	CER2
p:redundant yucca	phrase	redundant yucca	1	247	9	21633	9.73144399460189	0.0982067909556118	1.0	-1.007858479905757	0.0	False		False		redundant yucca		AT1G04610	YUC3
p:strict counter	phrase	strict counter	1	247	9	21633	9.73144399460189	0.0982067909556118	1.0	-1.007858479905757	0.0	False		False		strict counter		AT1G76670	URGT1
p:symbiotic fungus	phrase	symbiotic fungus	1	247	9	21633	9.73144399460189	0.0982067909556118	1.0	-1.007858479905757	0.0	False		False		symbiotic fungus		AT5G16590	LRR1
p:uses palmitate	phrase	uses palmitate	1	247	9	21633	9.73144399460189	0.0982067909556118	1.0	-1.007858479905757	0.0	False		False		uses palmitate		AT2G47240	LACS1
p:xanthomonas campestris	phrase	xanthomonas campestris	1	247	9	21633	9.73144399460189	0.0982067909556118	1.0	-1.007858479905757	0.0	False		False		xanthomonas campestris		AT2G05940	RIPK
p:xyloglucan endotransglycosylase	phrase	xyloglucan endotransglycosylase	1	247	9	21633	9.73144399460189	0.0982067909556118	1.0	-1.007858479905757	0.0	False		False		xyloglucan endotransglycosylase		AT4G25810	XTR6
p:xylosylated glucan	phrase	xylosylated glucan	1	247	9	21633	9.73144399460189	0.0982067909556118	1.0	-1.007858479905757	0.0	False		False		xylosylated glucan		AT5G62220	GT18
w:abolish	word	abolish	1	247	9	21633	9.73144399460189	0.0982067909556118	1.0	-1.007858479905757	0.0	False		False		abolish		AT3G14370	WAG2
w:approx	word	approx	1	247	9	21633	9.73144399460189	0.0982067909556118	1.0	-1.007858479905757	0.0	False		False		approx		AT4G37450	AGP18
w:avrb	word	avrb	1	247	9	21633	9.73144399460189	0.0982067909556118	1.0	-1.007858479905757	0.0	False		False		avrb		AT2G05940	RIPK
w:brassinazole	word	brassinazole	1	247	9	21633	9.73144399460189	0.0982067909556118	1.0	-1.007858479905757	0.0	False		False		brassinazole		AT1G75080	BZR1
w:brevipedicellus	word	brevipedicellus	1	247	9	21633	9.73144399460189	0.0982067909556118	1.0	-1.007858479905757	0.0	False		False		brevipedicellus		AT4G24510	CER2
w:cease	word	cease	1	247	9	21633	9.73144399460189	0.0982067909556118	1.0	-1.007858479905757	0.0	False		False		cease		AT4G30290	XTH19
w:dapat	word	dapat	1	247	9	21633	9.73144399460189	0.0982067909556118	1.0	-1.007858479905757	0.0	False		False		dapat		AT4G01950	GPAT3
w:endotransglycosylase	word	endotransglycosylase	1	247	9	21633	9.73144399460189	0.0982067909556118	1.0	-1.007858479905757	0.0	False		False		endotransglycosylase		AT4G25810	XTR6
w:equal	word	equal	1	247	9	21633	9.73144399460189	0.0982067909556118	1.0	-1.007858479905757	0.0	False		False		equal		AT5G50570	SPL13A
w:esterify	word	esterify	1	247	9	21633	9.73144399460189	0.0982067909556118	1.0	-1.007858479905757	0.0	False		False		esterify		AT4G01950	GPAT3
w:extend	word	extend	1	247	9	21633	9.73144399460189	0.0982067909556118	1.0	-1.007858479905757	0.0	False		False		extend		AT1G19300	PARVUS
w:gols	word	gols	1	247	9	21633	9.73144399460189	0.0982067909556118	1.0	-1.007858479905757	0.0	False		False		gols		AT3G28340	GATL10
w:heteromeric	word	heteromeric	1	247	9	21633	9.73144399460189	0.0982067909556118	1.0	-1.007858479905757	0.0	False		False		heteromeric		AT2G42160	BRIZ1
w:homotetramerization	word	homotetramerization	1	247	9	21633	9.73144399460189	0.0982067909556118	1.0	-1.007858479905757	0.0	False		False		homotetramerization		AT1G32640	MYC2
w:incision	word	incision	1	247	9	21633	9.73144399460189	0.0982067909556118	1.0	-1.007858479905757	0.0	False		False		incision		AT5G46590	NAC096
w:lsm	word	lsm	1	247	9	21633	9.73144399460189	0.0982067909556118	1.0	-1.007858479905757	0.0	False		False		lsm		AT5G48870	SAD1
w:methylenetetrahydrofolate	word	methylenetetrahydrofolate	1	247	9	21633	9.73144399460189	0.0982067909556118	1.0	-1.007858479905757	0.0	False		False		methylenetetrahydrofolate		AT3G30775	ERD5
w:monitoring	word	monitoring	1	247	9	21633	9.73144399460189	0.0982067909556118	1.0	-1.007858479905757	0.0	False		False		monitoring		AT1G75080	BZR1
w:nfyc	word	nfyc	1	247	9	21633	9.73144399460189	0.0982067909556118	1.0	-1.007858479905757	0.0	False		False		nfyc		AT5G63470	NF-YC4
w:paa	word	paa	1	247	9	21633	9.73144399460189	0.0982067909556118	1.0	-1.007858479905757	0.0	False		False		paa		AT1G59500	GH3.4
w:palmitoleate	word	palmitoleate	1	247	9	21633	9.73144399460189	0.0982067909556118	1.0	-1.007858479905757	0.0	False		False		palmitoleate		AT2G47240	LACS1
w:presumed	word	presumed	1	247	9	21633	9.73144399460189	0.0982067909556118	1.0	-1.007858479905757	0.0	False		False		presumed		AT1G70700	TIFY7
w:pyrabactin	word	pyrabactin	1	247	9	21633	9.73144399460189	0.0982067909556118	1.0	-1.007858479905757	0.0	False		False		pyrabactin		AT5G46790	PYL1
w:pyruvic	word	pyruvic	1	247	9	21633	9.73144399460189	0.0982067909556118	1.0	-1.007858479905757	0.0	False		False		pyruvic		AT1G59500	GH3.4
w:retaining	word	retaining	1	247	9	21633	9.73144399460189	0.0982067909556118	1.0	-1.007858479905757	0.0	False		False		retaining		AT2G21190	AT2G21190
w:tlc	word	tlc	1	247	9	21633	9.73144399460189	0.0982067909556118	1.0	-1.007858479905757	0.0	False		False		tlc		AT1G35180	AT1G35180
w:vertical	word	vertical	1	247	9	21633	9.73144399460189	0.0982067909556118	1.0	-1.007858479905757	0.0	False		False		vertical		AT3G14370	WAG2
w:waving	word	waving	1	247	9	21633	9.73144399460189	0.0982067909556118	1.0	-1.007858479905757	0.0	False		False		waving		AT3G14370	WAG2
w:wounded	word	wounded	1	247	9	21633	9.73144399460189	0.0982067909556118	1.0	-1.007858479905757	0.0	False		False		wounded		AT4G30290	XTH19
w:homologous	word	homologous	6	247	278	21633	1.8902804881600792	0.09996889975701091	1.0	-1.0001350876465422	0.0	True		False		homologous		AT1G32640, AT1G53690, AT2G38610, AT4G16515, AT5G15920, AT5G64770	MYC2, NRPB12L, KH9, RGF6, SMC5, RGF9
w:accessibility	word	accessibility	2	247	47	21633	3.7269359979326384	0.10050451200695144	1.0	-0.9978144407734895	0.0	True		False		accessibility		AT3G53650, AT5G54640	HTB6, RAT5
w:diameter	word	diameter	2	247	47	21633	3.7269359979326384	0.10050451200695144	1.0	-0.9978144407734895	0.0	True		False		diameter		AT1G11260, AT1G19300	STP1, PARVUS
w:point	word	point	2	247	47	21633	3.7269359979326384	0.10050451200695144	1.0	-0.9978144407734895	0.0	True		False		point		AT1G02860, AT2G26710	NLA, BAS1
w:pathway	word	pathway	30	247	2064	21633	1.2730086620845495	0.10086496663423401	1.0	-0.996259650803742	0.0	True		False		pathway		AT1G02860, AT1G21910, AT1G29510, AT1G32640, AT1G35140, AT1G44830, AT1G74890, AT1G75080, AT2G05940, AT2G19580, AT2G19620, AT2G20080, AT2G26710, AT2G33460, AT2G41420, AT2G41940, AT2G42580, AT2G45400, AT2G47240, AT3G05800, AT4G08950, AT4G30340, AT4G36110, AT5G04870, AT5G13220, AT5G25190, AT5G46590, AT5G46790, AT5G50915, AT5G63470	NLA, DREB26, SAUR68, MYC2, PHI-1, ERF014, ARR15, BZR1, RIPK, TET2, NDL3, SPEAR1, BAS1, RIC1, WIH2, ZFP8, TTL3, BEN1, LACS1, AIF1, EXO, DGK7, SAUR9, CPK1, JAZ10, ESE3, NAC096, PYL1, BHLH137, NF-YC4
w:homeostasis	word	homeostasis	10	247	551	21633	1.589528057194501	0.10143582834224409	1.0	-0.9938086199236783	0.0	True		False		homeostasis		AT1G02860, AT1G59500, AT2G04240, AT2G26710, AT2G40090, AT3G43720, AT4G27970, AT5G11800, AT5G25110, AT5G37770	NLA, GH3.4, XERICO, BAS1, ATH9, LTPG2, SLAH2, KEA6, CIPK25, TCH2
w:microtubule	word	microtubule	7	247	345	21633	1.777046294666432	0.10155039767684908	1.0	-0.9933183715351669	0.0	True		False		microtubule		AT2G33460, AT2G42580, AT3G02170, AT3G04630, AT4G14750, AT4G23060, AT5G03960	RIC1, TTL3, LNG2, WDL1, IQD19, IQD22, IQD12
w:flavin	word	flavin	4	247	155	21633	2.260206347133342	0.1020796162726411	1.0	-0.9910609711756926	0.0	True		False		flavin		AT1G01600, AT1G04610, AT3G49640, AT4G00360	CYP86A4, YUC3, AT3G49640, CYP86A2
w:mature	word	mature	6	247	280	21633	1.8767784846732216	0.10253901776009545	1.0	-0.9891108470615411	0.0	True		False		mature		AT1G01600, AT1G19300, AT1G65310, AT1G78240, AT4G11280, AT4G30280	CYP86A4, PARVUS, XTH17, TSD2, ACS6, XTH18
w:vascular	word	vascular	6	247	280	21633	1.8767784846732216	0.10253901776009545	1.0	-0.9891108470615411	0.0	True		False		vascular		AT1G04240, AT2G33460, AT2G41820, AT2G42580, AT5G37770, AT5G46590	SHY2, RIC1, PXC3, TTL3, TCH2, NAC096
w:occur	word	occur	4	247	156	21633	2.2457178449081283	0.10388162925435108	1.0	-0.9834612476196936	0.0	True		False		occur		AT1G02860, AT1G65310, AT4G30280, AT5G37770	NLA, XTH17, XTH18, TCH2
p:histone code	phrase	histone code	2	247	48	21633	3.6492914979757085	0.10411623551938246	1.0	-0.9824815428554939	0.0	True		False		histone code		AT3G53650, AT5G54640	HTB6, RAT5
w:omega	word	omega	2	247	48	21633	3.6492914979757085	0.10411623551938246	1.0	-0.9824815428554939	0.0	True		False		omega		AT1G01600, AT4G00360	CYP86A4, CYP86A2
w:shade	word	shade	2	247	48	21633	3.6492914979757085	0.10411623551938246	1.0	-0.9824815428554939	0.0	True		False		shade		AT1G65310, AT1G73830	XTH17, BEE3
w:nodulin	word	nodulin	3	247	99	21633	2.65403018034597	0.10431960455719921	1.0	-0.9816340678827818	0.0	True		False		nodulin		AT3G18200, AT5G15350, AT5G57920	UMAMIT4, ENODL17, ENODL10
w:silique	word	silique	9	247	485	21633	1.625251471263408	0.10522150231734219	1.0	-0.9778955017835467	0.0	True		False		silique		AT1G02860, AT1G19300, AT2G21140, AT2G47240, AT3G43720, AT4G24510, AT4G33790, AT5G11060, AT5G43760	NLA, PARVUS, PRP2, LACS1, LTPG2, CER2, CER4, KNAT4, KCS20
w:blue	word	blue	4	247	158	21633	2.2172910367447343	0.10752917814910964	1.0	-0.9684736735183537	0.0	True		False		blue		AT1G32640, AT2G26710, AT3G54810, AT4G01120	MYC2, BAS1, BME3, GBF2
p:nucleosome remodeling	phrase	nucleosome remodeling	2	247	49	21633	3.574816161282327	0.10776293720667843	1.0	-0.9675305799124991	0.0	True		False		nucleosome remodeling		AT3G53650, AT5G54640	HTB6, RAT5
w:alone	word	alone	2	247	49	21633	3.574816161282327	0.10776293720667843	1.0	-0.9675305799124991	0.0	True		False		alone		AT2G33570, AT3G09780	GALS1, CCR1
w:ath	word	ath	2	247	49	21633	3.574816161282327	0.10776293720667843	1.0	-0.9675305799124991	0.0	True		False		ath		AT2G40090, AT3G29030	ATH9, EXPA5
w:fucosyltransferase	word	fucosyltransferase	2	247	49	21633	3.574816161282327	0.10776293720667843	1.0	-0.9675305799124991	0.0	True		False		fucosyltransferase		AT2G44500, AT3G02250	OFUT20, RRT2
w:relatively	word	relatively	2	247	49	21633	3.574816161282327	0.10776293720667843	1.0	-0.9675305799124991	0.0	True		False		relatively		AT4G24510, AT4G33790	CER2, CER4
p:avoidance syndrome	phrase	avoidance syndrome	1	247	10	21633	8.7582995951417	0.10850751804745257	1.0	-0.9645401702632878	0.0	False		False		avoidance syndrome		AT1G73830	BEE3
p:bahd acyltransferase	phrase	bahd acyltransferase	1	247	10	21633	8.7582995951417	0.10850751804745257	1.0	-0.9645401702632878	0.0	False		False		bahd acyltransferase		AT4G24510	CER2
p:greenhouse condition	phrase	greenhouse condition	1	247	10	21633	8.7582995951417	0.10850751804745257	1.0	-0.9645401702632878	0.0	False		False		greenhouse condition		AT2G28110	FRA8
p:hemicellulose xyloglucan	phrase	hemicellulose xyloglucan	1	247	10	21633	8.7582995951417	0.10850751804745257	1.0	-0.9645401702632878	0.0	False		False		hemicellulose xyloglucan		AT5G62220	GT18
p:non canonical	phrase	non canonical	1	247	10	21633	8.7582995951417	0.10850751804745257	1.0	-0.9645401702632878	0.0	False		False		non canonical		AT1G78170	CLG4
p:phenylalanine ammonia	phrase	phenylalanine ammonia	1	247	10	21633	8.7582995951417	0.10850751804745257	1.0	-0.9645401702632878	0.0	False		False		phenylalanine ammonia		AT5G04870	CPK1
p:promoting decapping	phrase	promoting decapping	1	247	10	21633	8.7582995951417	0.10850751804745257	1.0	-0.9645401702632878	0.0	False		False		promoting decapping		AT5G48870	SAD1
p:xyloglucan galactosyltransferase	phrase	xyloglucan galactosyltransferase	1	247	10	21633	8.7582995951417	0.10850751804745257	1.0	-0.9645401702632878	0.0	False		False		xyloglucan galactosyltransferase		AT5G62220	GT18
w:achieve	word	achieve	1	247	10	21633	8.7582995951417	0.10850751804745257	1.0	-0.9645401702632878	0.0	False		False		achieve		AT1G19300	PARVUS
w:adaptive	word	adaptive	1	247	10	21633	8.7582995951417	0.10850751804745257	1.0	-0.9645401702632878	0.0	False		False		adaptive		AT5G57560	TCH4
w:added	word	added	1	247	10	21633	8.7582995951417	0.10850751804745257	1.0	-0.9645401702632878	0.0	False		False		added		AT1G02860	NLA
w:asymmetrically	word	asymmetrically	1	247	10	21633	8.7582995951417	0.10850751804745257	1.0	-0.9645401702632878	0.0	False		False		asymmetrically		AT4G01120	GBF2
w:athlecrk	word	athlecrk	1	247	10	21633	8.7582995951417	0.10850751804745257	1.0	-0.9645401702632878	0.0	False		False		athlecrk		AT3G53810	LECRK42
w:crystalline	word	crystalline	1	247	10	21633	8.7582995951417	0.10850751804745257	1.0	-0.9645401702632878	0.0	False		False		crystalline		AT3G58620	TTL4
w:desi	word	desi	1	247	10	21633	8.7582995951417	0.10850751804745257	1.0	-0.9645401702632878	0.0	False		False		desi		AT5G25170	AT5G25170
w:dog	word	dog	1	247	10	21633	8.7582995951417	0.10850751804745257	1.0	-0.9645401702632878	0.0	False		False		dog		AT4G30340	DGK7
w:dynein	word	dynein	1	247	10	21633	8.7582995951417	0.10850751804745257	1.0	-0.9645401702632878	0.0	False		False		dynein		AT5G20110	AT5G20110
w:fer	word	fer	1	247	10	21633	8.7582995951417	0.10850751804745257	1.0	-0.9645401702632878	0.0	False		False		fer		AT5G56170	LLG1
w:fuc	word	fuc	1	247	10	21633	8.7582995951417	0.10850751804745257	1.0	-0.9645401702632878	0.0	False		False		fuc		AT4G30440	GAE1
w:gpat	word	gpat	1	247	10	21633	8.7582995951417	0.10850751804745257	1.0	-0.9645401702632878	0.0	False		False		gpat		AT4G01950	GPAT3
w:internalization	word	internalization	1	247	10	21633	8.7582995951417	0.10850751804745257	1.0	-0.9645401702632878	0.0	False		False		internalization		AT2G33460	RIC1
w:licl	word	licl	1	247	10	21633	8.7582995951417	0.10850751804745257	1.0	-0.9645401702632878	0.0	False		False		licl		AT5G11800	KEA6
w:monopolar	word	monopolar	1	247	10	21633	8.7582995951417	0.10850751804745257	1.0	-0.9645401702632878	0.0	False		False		monopolar		AT3G02170	LNG2
w:monounsaturated	word	monounsaturated	1	247	10	21633	8.7582995951417	0.10850751804745257	1.0	-0.9645401702632878	0.0	False		False		monounsaturated		AT4G33790	CER4
w:occurrence	word	occurrence	1	247	10	21633	8.7582995951417	0.10850751804745257	1.0	-0.9645401702632878	0.0	False		False		occurrence		AT1G02860	NLA
w:ones	word	ones	1	247	10	21633	8.7582995951417	0.10850751804745257	1.0	-0.9645401702632878	0.0	False		False		ones		AT1G19300	PARVUS
w:provascular	word	provascular	1	247	10	21633	8.7582995951417	0.10850751804745257	1.0	-0.9645401702632878	0.0	False		False		provascular		AT3G51810	EM1
w:pyrroline	word	pyrroline	1	247	10	21633	8.7582995951417	0.10850751804745257	1.0	-0.9645401702632878	0.0	False		False		pyrroline		AT3G30775	ERD5
w:sharp	word	sharp	1	247	10	21633	8.7582995951417	0.10850751804745257	1.0	-0.9645401702632878	0.0	False		False		sharp		AT4G33790	CER4
w:stearoyl	word	stearoyl	1	247	10	21633	8.7582995951417	0.10850751804745257	1.0	-0.9645401702632878	0.0	False		False		stearoyl		AT4G30340	DGK7
w:tpl	word	tpl	1	247	10	21633	8.7582995951417	0.10850751804745257	1.0	-0.9645401702632878	0.0	False		False		tpl		AT2G20080	SPEAR1
w:trans‑addition	word	trans-addition	1	247	10	21633	8.7582995951417	0.10850751804745257	1.0	-0.9645401702632878	0.0	False		False		trans-addition		AT3G14510	IDS5
w:unbranched	word	unbranched	1	247	10	21633	8.7582995951417	0.10850751804745257	1.0	-0.9645401702632878	0.0	False		False		unbranched		AT4G14750	IQD19
w:uronic	word	uronic	1	247	10	21633	8.7582995951417	0.10850751804745257	1.0	-0.9645401702632878	0.0	False		False		uronic		AT5G04160	UUAT1
w:xylosylated	word	xylosylated	1	247	10	21633	8.7582995951417	0.10850751804745257	1.0	-0.9645401702632878	0.0	False		False		xylosylated		AT5G62220	GT18
w:yucca	word	yucca	1	247	10	21633	8.7582995951417	0.10850751804745257	1.0	-0.9645401702632878	0.0	False		False		yucca		AT1G04610	YUC3
k:Heme	keyword	Heme	7	247	351	21633	1.7466694349285445	0.108557751087535	1.0	-0.9643391622200074	0.0	True		False		Heme		AT1G01600, AT1G13090, AT1G64950, AT2G14100, AT2G26710, AT3G28200, AT4G00360	CYP86A4, CYP71B28, CYP89A5, CYP705A13, BAS1, PER31, CYP86A2
w:repression	word	repression	5	247	222	21633	1.9725899989057885	0.11132185836605475	1.0	-0.9534195523255408	0.0	True		False		repression		AT1G04240, AT1G78170, AT4G00360, AT4G14560, AT5G43700	SHY2, CLG4, CYP86A2, IAA1, ATAUX2-11
w:clamp	word	clamp	2	247	50	21633	3.5033198380566803	0.11144335576320487	1.0	-0.9529458189862834	0.0	True		False		clamp		AT2G42580, AT3G58620	TTL3, TTL4
w:organogenesis	word	organogenesis	2	247	50	21633	3.5033198380566803	0.11144335576320487	1.0	-0.9529458189862834	0.0	True		False		organogenesis		AT1G13590, AT3G14370	PSK1, WAG2
w:undergoe	word	undergoe	2	247	50	21633	3.5033198380566803	0.11144335576320487	1.0	-0.9529458189862834	0.0	True		False		undergoe		AT3G51810, AT5G37770	EM1, TCH2
p:stomatal closure	phrase	stomatal closure	4	247	161	21633	2.1759750546935903	0.11310760163648634	1.0	-0.946508206411062	0.0	True		False		stomatal closure		AT1G30690, AT5G25110, AT5G46590, AT5G46790	PATL4, CIPK25, NAC096, PYL1
w:sensor	word	sensor	4	247	161	21633	2.1759750546935903	0.11310760163648634	1.0	-0.946508206411062	0.0	True		False		sensor		AT1G66400, AT2G43290, AT4G27280, AT5G46790	CML23, MSS3, KRP1, PYL1
w:long	word	long	10	247	565	21633	1.550141521264018	0.11436523032043754	1.0	-0.9417059910600961	0.0	True		False		long		AT1G29660, AT2G26710, AT2G33460, AT2G34770, AT2G47240, AT4G24510, AT4G33790, AT5G37770, AT5G43760, AT5G63470	AtGELP15, BAS1, RIC1, FAH1, LACS1, CER2, CER4, TCH2, KCS20, NF-YC4
k:Ethylene signaling pathway	keyword	Ethylene signaling pathway	4	247	162	21633	2.162543109911531	0.11499517027062711	1.0	-0.9393203993756276	0.0	True		False		Ethylene signaling pathway		AT1G21910, AT1G44830, AT1G72430, AT5G25190	DREB26, ERF014, SAUR78, ESE3
w:sensitivity	word	sensitivity	8	247	425	21633	1.648621100261967	0.11511466741407703	1.0	-0.9388693369161446	0.0	True		False		sensitivity		AT1G11260, AT1G70700, AT1G78170, AT2G33570, AT3G54810, AT4G24510, AT5G13220, AT5G48870	STP1, TIFY7, CLG4, GALS1, BME3, CER2, JAZ10, SAD1
k:Cytokinin signaling pathway	keyword	Cytokinin signaling pathway	2	247	51	21633	3.4346272922124315	0.11515625391335327	1.0	-0.9387124713662125	0.0	True		False		Cytokinin signaling pathway		AT1G74890, AT2G41940	ARR15, ZFP8
w:biomass	word	biomass	2	247	51	21633	3.4346272922124315	0.11515625391335327	1.0	-0.9387124713662125	0.0	True		False		biomass		AT1G35140, AT4G08950	PHI-1, EXO
w:dividing	word	dividing	2	247	51	21633	3.4346272922124315	0.11515625391335327	1.0	-0.9387124713662125	0.0	True		False		dividing		AT4G08950, AT4G30290	EXO, XTH19
w:herbivore	word	herbivore	2	247	51	21633	3.4346272922124315	0.11515625391335327	1.0	-0.9387124713662125	0.0	True		False		herbivore		AT1G70700, AT5G13220	TIFY7, JAZ10
p:box pathogenesis	phrase	box pathogenesis	3	247	104	21633	2.5264325755216444	0.11636528311338465	1.0	-0.934176569524457	0.0	True		False		box pathogenesis		AT1G21910, AT1G44830, AT5G25190	DREB26, ERF014, ESE3
w:post‑translational	word	post-translational	3	247	104	21633	2.5264325755216444	0.11636528311338465	1.0	-0.934176569524457	0.0	True		False		post-translational		AT2G04240, AT3G53650, AT5G54640	XERICO, HTB6, RAT5
w:loop	word	loop	8	247	428	21633	1.637065344886299	0.11848959578171803	1.0	-0.9263197820839224	0.0	True		False		loop		AT1G32640, AT1G73830, AT2G31730, AT2G45450, AT3G05800, AT3G49640, AT5G50915, AT5G61450	MYC2, BEE3, BHLH154, ZPR1, AIF1, AT3G49640, BHLH137, MCI2.1
p:accurate splicing	phrase	accurate splicing	1	247	11	21633	7.9620905410379095	0.11869105608760784	1.0	-0.9255820058823457	0.0	False		False		accurate splicing		AT5G48870	SAD1
p:ammonia lyase	phrase	ammonia lyase	1	247	11	21633	7.9620905410379095	0.11869105608760784	1.0	-0.9255820058823457	0.0	False		False		ammonia lyase		AT5G04870	CPK1
p:competitive inhibitor	phrase	competitive inhibitor	1	247	11	21633	7.9620905410379095	0.11869105608760784	1.0	-0.9255820058823457	0.0	False		False		competitive inhibitor		AT2G45450	ZPR1
p:diphosphoinositide kinase	phrase	diphosphoinositide kinase	1	247	11	21633	7.9620905410379095	0.11869105608760784	1.0	-0.9255820058823457	0.0	False		False		diphosphoinositide kinase		AT1G60890	PIP5K8
p:exchange mode	phrase	exchange mode	1	247	11	21633	7.9620905410379095	0.11869105608760784	1.0	-0.9255820058823457	0.0	False		False		exchange mode		AT1G76670	URGT1
p:hybrid assay	phrase	hybrid assay	1	247	11	21633	7.9620905410379095	0.11869105608760784	1.0	-0.9255820058823457	0.0	False		False		hybrid assay		AT1G70700	TIFY7
p:master regulator	phrase	master regulator	1	247	11	21633	7.9620905410379095	0.11869105608760784	1.0	-0.9255820058823457	0.0	False		False		master regulator		AT5G04870	CPK1
p:pyruvate monooxygenase	phrase	pyruvate monooxygenase	1	247	11	21633	7.9620905410379095	0.11869105608760784	1.0	-0.9255820058823457	0.0	False		False		pyruvate monooxygenase		AT1G04610	YUC3
p:rop interactive	phrase	rop interactive	1	247	11	21633	7.9620905410379095	0.11869105608760784	1.0	-0.9255820058823457	0.0	False		False		rop interactive		AT2G33460	RIC1
w:bahd	word	bahd	1	247	11	21633	7.9620905410379095	0.11869105608760784	1.0	-0.9255820058823457	0.0	False		False		bahd		AT4G24510	CER2
w:brz	word	brz	1	247	11	21633	7.9620905410379095	0.11869105608760784	1.0	-0.9255820058823457	0.0	False		False		brz		AT1G75080	BZR1
w:campestris	word	campestris	1	247	11	21633	7.9620905410379095	0.11869105608760784	1.0	-0.9255820058823457	0.0	False		False		campestris		AT2G05940	RIPK
w:crinkly	word	crinkly	1	247	11	21633	7.9620905410379095	0.11869105608760784	1.0	-0.9255820058823457	0.0	False		False		crinkly		AT3G09780	CCR1
w:cucumerina	word	cucumerina	1	247	11	21633	7.9620905410379095	0.11869105608760784	1.0	-0.9255820058823457	0.0	False		False		cucumerina		AT1G02860	NLA
w:diphosphoinositide	word	diphosphoinositide	1	247	11	21633	7.9620905410379095	0.11869105608760784	1.0	-0.9255820058823457	0.0	False		False		diphosphoinositide		AT1G60890	PIP5K8
w:emc	word	emc	1	247	11	21633	7.9620905410379095	0.11869105608760784	1.0	-0.9255820058823457	0.0	False		False		emc		AT5G51620	AT5G51620
w:farnesyltranstransferase	word	farnesyltranstransferase	1	247	11	21633	7.9620905410379095	0.11869105608760784	1.0	-0.9255820058823457	0.0	False		False		farnesyltranstransferase		AT3G14510	IDS5
w:gradually	word	gradually	1	247	11	21633	7.9620905410379095	0.11869105608760784	1.0	-0.9255820058823457	0.0	False		False		gradually		AT1G02860	NLA
w:isoprenyl	word	isoprenyl	1	247	11	21633	7.9620905410379095	0.11869105608760784	1.0	-0.9255820058823457	0.0	False		False		isoprenyl		AT3G14510	IDS5
w:it's	word	it's	1	247	11	21633	7.9620905410379095	0.11869105608760784	1.0	-0.9255820058823457	0.0	False		False		it's		AT1G10550	XTH33
w:methylthioadenosine	word	methylthioadenosine	1	247	11	21633	7.9620905410379095	0.11869105608760784	1.0	-0.9255820058823457	0.0	False		False		methylthioadenosine		AT4G11280	ACS6
w:pal	word	pal	1	247	11	21633	7.9620905410379095	0.11869105608760784	1.0	-0.9255820058823457	0.0	False		False		pal		AT5G04870	CPK1
w:pppde	word	pppde	1	247	11	21633	7.9620905410379095	0.11869105608760784	1.0	-0.9255820058823457	0.0	False		False		pppde		AT5G25170	AT5G25170
w:rev	word	rev	1	247	11	21633	7.9620905410379095	0.11869105608760784	1.0	-0.9255820058823457	0.0	False		False		rev		AT2G45450	ZPR1
w:simultaneous	word	simultaneous	1	247	11	21633	7.9620905410379095	0.11869105608760784	1.0	-0.9255820058823457	0.0	False		False		simultaneous		AT3G14370	WAG2
w:symbiotic	word	symbiotic	1	247	11	21633	7.9620905410379095	0.11869105608760784	1.0	-0.9255820058823457	0.0	False		False		symbiotic		AT5G16590	LRR1
w:side	word	side	4	247	164	21633	2.1361706329613903	0.11881173254295274	1.0	-0.9251406710798005	0.0	True		False		side		AT1G32930, AT2G33570, AT5G44670, AT5G62220	GALT31A, GALS1, GALS2, GT18
p:delayed flowering	phrase	delayed flowering	3	247	105	21633	2.5023713128976284	0.11883481912157023	1.0	-0.9250562905267403	0.0	True		False		delayed flowering		AT4G08950, AT5G50570, AT5G63470	EXO, SPL13A, NF-YC4
w:arf	word	arf	3	247	105	21633	2.5023713128976284	0.11883481912157023	1.0	-0.9250562905267403	0.0	True		False		arf		AT1G04240, AT4G14560, AT5G43700	SHY2, IAA1, ATAUX2-11
w:provide	word	provide	3	247	105	21633	2.5023713128976284	0.11883481912157023	1.0	-0.9250562905267403	0.0	True		False		provide		AT3G51810, AT4G36110, AT4G38860	EM1, SAUR9, SAUR16
w:unique	word	unique	2	247	52	21633	3.3685767673621925	0.1189004180309659	1.0	-0.9248166184828844	0.0	True		False		unique		AT1G13590, AT2G43290	PSK1, MSS3
k:Repressor	keyword	Repressor	5	247	227	21633	1.9291408799871588	0.11922581957325439	1.0	-0.9236296834890333	0.0	True		False		Repressor		AT1G04240, AT2G20080, AT4G09460, AT4G14560, AT5G43700	SHY2, SPEAR1, MYB6, IAA1, ATAUX2-11
p:activated signaling	phrase	activated signaling	8	247	429	21633	1.633249341751366	0.11962628099457313	1.0	-0.9221733986328992	0.0	True		False		activated signaling		AT1G74890, AT2G19580, AT2G41940, AT2G42580, AT5G25190, AT5G46590, AT5G46790, AT5G63470	ARR15, TET2, ZFP8, TTL3, ESE3, NAC096, PYL1, NF-YC4
w:recognition	word	recognition	6	247	293	21633	1.7935084495170717	0.12007530227875594	1.0	-0.9205463113903913	0.0	True		False		recognition		AT1G32640, AT1G55330, AT2G05940, AT4G37450, AT5G16590, AT5G65390	MYC2, AGP21, RIPK, AGP18, LRR1, AGP7
w:pathogen	word	pathogen	11	247	644	21633	1.4959828501018433	0.12093550911888087	1.0	-0.9174461627443106	0.0	True		False		pathogen		AT1G02860, AT1G44830, AT1G70700, AT2G05940, AT3G28200, AT3G43720, AT4G30340, AT4G31800, AT4G37240, AT5G04870, AT5G13220	NLA, ERF014, TIFY7, RIPK, PER31, LTPG2, DGK7, WRKY18, AP22.53, CPK1, JAZ10
p:cellulose microfibril	phrase	cellulose microfibril	2	247	53	21633	3.3050187151478116	0.12267465776426045	1.0	-0.9112451449329488	0.0	True		False		cellulose microfibril		AT2G33460, AT3G29030	RIC1, EXPA5
p:light grown	phrase	light grown	2	247	53	21633	3.3050187151478116	0.12267465776426045	1.0	-0.9112451449329488	0.0	True		False		light grown		AT3G57420, AT4G11280	STL2, ACS6
w:little	word	little	2	247	53	21633	3.3050187151478116	0.12267465776426045	1.0	-0.9112451449329488	0.0	True		False		little		AT1G59500, AT2G45450	GH3.4, ZPR1
w:showing	word	showing	2	247	53	21633	3.3050187151478116	0.12267465776426045	1.0	-0.9112451449329488	0.0	True		False		showing		AT1G02860, AT4G15800	NLA, RALFL33
p:gcc box	phrase	gcc box	3	247	107	21633	2.4555980173294487	0.12383183931692147	1.0	-0.9071676763027262	0.0	True		False		gcc box		AT1G21910, AT1G44830, AT5G25190	DREB26, ERF014, ESE3
k:Ubl conjugation	keyword	Ubl conjugation	5	247	230	21633	1.9039781728568914	0.12409224066736822	1.0	-0.9062553735431624	0.0	True		False		Ubl conjugation		AT1G30690, AT1G70700, AT3G53650, AT5G05410, AT5G13220	PATL4, TIFY7, HTB6, DREB2A, JAZ10
p:primary root	phrase	primary root	5	247	230	21633	1.9039781728568914	0.12409224066736822	1.0	-0.9062553735431624	0.0	True		False		primary root		AT2G33460, AT2G33570, AT3G29030, AT3G57420, AT4G27280	RIC1, GALS1, EXPA5, STL2, KRP1
p:proline rich	phrase	proline rich	3	247	108	21633	2.4328609986504723	0.12635870667086685	1.0	-0.8983948279123487	0.0	True		False		proline rich		AT1G52290, AT2G21140, AT2G41420	PERK15, PRP2, WIH2
w:gcc	word	gcc	3	247	108	21633	2.4328609986504723	0.12635870667086685	1.0	-0.8983948279123487	0.0	True		False		gcc		AT1G21910, AT1G44830, AT5G25190	DREB26, ERF014, ESE3
w:greater	word	greater	3	247	108	21633	2.4328609986504723	0.12635870667086685	1.0	-0.8983948279123487	0.0	True		False		greater		AT2G45400, AT3G09780, AT4G14560	BEN1, CCR1, IAA1
p:basic leucine	phrase	basic leucine	2	247	54	21633	3.2438146648672967	0.12647780566618322	1.0	-0.8979856778270727	0.0	True		False		basic leucine		AT3G51810, AT4G01120	EM1, GBF2
w:hxxxd	word	hxxxd	2	247	54	21633	3.2438146648672967	0.12647780566618322	1.0	-0.8979856778270727	0.0	True		False		hxxxd		AT4G24510, AT5G01210	CER2, AT5G01210
w:necrotrophic	word	necrotrophic	2	247	54	21633	3.2438146648672967	0.12647780566618322	1.0	-0.8979856778270727	0.0	True		False		necrotrophic		AT1G02860, AT4G31800	NLA, WRKY18
w:restrict	word	restrict	2	247	54	21633	3.2438146648672967	0.12647780566618322	1.0	-0.8979856778270727	0.0	True		False		restrict		AT1G04240, AT2G33460	SHY2, RIC1
w:dimerization	word	dimerization	5	247	232	21633	1.88756456791847	0.1273871651071702	1.0	-0.8948743271335784	0.0	True		False		dimerization		AT1G32640, AT1G73830, AT2G31730, AT3G05800, AT5G50915	MYC2, BEE3, BHLH154, AIF1, BHLH137
w:acclimation	word	acclimation	4	247	169	21633	2.072970318376734	0.1285890417908742	1.0	-0.8907960399073735	0.0	True		False		acclimation		AT2G33570, AT3G50830, AT5G05410, AT5G44670	GALS1, COR413-PM2, DREB2A, GALS2
p:alternatively spliced	phrase	alternatively spliced	1	247	12	21633	7.298582995951417	0.128758732951282	1.0	-0.8902233056348707	0.0	False		False		alternatively spliced		AT5G13220	JAZ10
p:bacteria pseudomonas	phrase	bacteria pseudomonas	1	247	12	21633	7.298582995951417	0.128758732951282	1.0	-0.8902233056348707	0.0	False		False		bacteria pseudomonas		AT3G53810	LECRK42
p:polygalacturonase clade	phrase	polygalacturonase clade	1	247	12	21633	7.298582995951417	0.128758732951282	1.0	-0.8902233056348707	0.0	False		False		polygalacturonase clade		AT3G06770	PGF4
p:trans‑farnesyl diphosphate	phrase	trans-farnesyl diphosphate	1	247	12	21633	7.298582995951417	0.128758732951282	1.0	-0.8902233056348707	0.0	False		False		trans-farnesyl diphosphate		AT3G14510	IDS5
p:wax load	phrase	wax load	1	247	12	21633	7.298582995951417	0.128758732951282	1.0	-0.8902233056348707	0.0	False		False		wax load		AT3G43720	LTPG2
w:ara	word	ara	1	247	12	21633	7.298582995951417	0.128758732951282	1.0	-0.8902233056348707	0.0	False		False		ara		AT4G30440	GAE1
w:bundling	word	bundling	1	247	12	21633	7.298582995951417	0.128758732951282	1.0	-0.8902233056348707	0.0	False		False		bundling		AT2G33460	RIC1
w:destruction	word	destruction	1	247	12	21633	7.298582995951417	0.128758732951282	1.0	-0.8902233056348707	0.0	False		False		destruction		AT1G32640	MYC2
w:diglyceride	word	diglyceride	1	247	12	21633	7.298582995951417	0.128758732951282	1.0	-0.8902233056348707	0.0	False		False		diglyceride		AT4G30340	DGK7
w:gebp	word	gebp	1	247	12	21633	7.298582995951417	0.128758732951282	1.0	-0.8902233056348707	0.0	False		False		gebp		AT1G44810	GPL4
w:geranyltranstransferase	word	geranyltranstransferase	1	247	12	21633	7.298582995951417	0.128758732951282	1.0	-0.8902233056348707	0.0	False		False		geranyltranstransferase		AT3G14510	IDS5
w:hth	word	hth	1	247	12	21633	7.298582995951417	0.128758732951282	1.0	-0.8902233056348707	0.0	False		False		hth		AT4G37240	AP22.53
w:output	word	output	1	247	12	21633	7.298582995951417	0.128758732951282	1.0	-0.8902233056348707	0.0	False		False		output		AT5G13220	JAZ10
w:palmitate	word	palmitate	1	247	12	21633	7.298582995951417	0.128758732951282	1.0	-0.8902233056348707	0.0	False		False		palmitate		AT2G47240	LACS1
w:psk	word	psk	1	247	12	21633	7.298582995951417	0.128758732951282	1.0	-0.8902233056348707	0.0	False		False		psk		AT1G13590	PSK1
w:remobilization	word	remobilization	1	247	12	21633	7.298582995951417	0.128758732951282	1.0	-0.8902233056348707	0.0	False		False		remobilization		AT1G02860	NLA
w:smc	word	smc	1	247	12	21633	7.298582995951417	0.128758732951282	1.0	-0.8902233056348707	0.0	False		False		smc		AT5G15920	SMC5
w:storekeeper	word	storekeeper	1	247	12	21633	7.298582995951417	0.128758732951282	1.0	-0.8902233056348707	0.0	False		False		storekeeper		AT1G44810	GPL4
w:transverse	word	transverse	1	247	12	21633	7.298582995951417	0.128758732951282	1.0	-0.8902233056348707	0.0	False		False		transverse		AT2G33460	RIC1
w:trans‑farnesyl	word	trans-farnesyl	1	247	12	21633	7.298582995951417	0.128758732951282	1.0	-0.8902233056348707	0.0	False		False		trans-farnesyl		AT3G14510	IDS5
w:yuc	word	yuc	1	247	12	21633	7.298582995951417	0.128758732951282	1.0	-0.8902233056348707	0.0	False		False		yuc		AT1G04610	YUC3
w:meristem	word	meristem	11	247	654	21633	1.473108494595699	0.13040038371611795	1.0	-0.8847211306474463	0.0	True		False		meristem		AT1G04240, AT1G78240, AT2G19620, AT2G26580, AT2G45450, AT3G09780, AT4G16515, AT4G27280, AT5G50570, AT5G62090, AT5G64770	SHY2, TSD2, NDL3, YAB5, ZPR1, CCR1, RGF6, KRP1, SPL13A, SLK2, RGF9
w:abiotic	word	abiotic	5	247	234	21633	1.8714315374234403	0.13072199681235644	1.0	-0.8836513268003043	0.0	True		False		abiotic		AT1G21910, AT4G30340, AT4G37240, AT5G17640, AT5G62090	DREB26, DGK7, AP22.53, ASG1, SLK2
w:rate	word	rate	8	247	439	21633	1.5960454843082825	0.13131121930254616	1.0	-0.8816981659666749	0.0	True		False		rate		AT1G11260, AT1G19300, AT1G65310, AT2G38610, AT3G54810, AT4G15800, AT5G50570, AT5G50900	STP1, PARVUS, XTH17, KH9, BME3, RALFL33, SPL13A, AT5G50900
w:indicating	word	indicating	3	247	110	21633	2.388627162311373	0.13146760938633575	1.0	-0.881181234227753	0.0	True		False		indicating		AT3G14370, AT3G28180, AT4G31590	WAG2, CSLC04, CSLC5
w:terminus	word	terminus	3	247	110	21633	2.388627162311373	0.13146760938633575	1.0	-0.881181234227753	0.0	True		False		terminus		AT2G04240, AT3G02170, AT3G14370	XERICO, LNG2, WAG2
w:basal	word	basal	5	247	235	21633	1.8634679989663192	0.13240421094072855	1.0	-0.8780982025153474	0.0	True		False		basal		AT1G65310, AT2G05940, AT3G14370, AT4G30280, AT5G46790	XTH17, RIPK, WAG2, XTH18, PYL1
p:floral organ	phrase	floral organ	4	247	171	21633	2.0487250514951345	0.1325916781128206	1.0	-0.8774837328173436	0.0	True		False		floral organ		AT1G19300, AT2G41940, AT3G14380, AT5G37770	PARVUS, ZFP8, CASPL2A2, TCH2
w:branching	word	branching	4	247	171	21633	2.0487250514951345	0.1325916781128206	1.0	-0.8774837328173436	0.0	True		False		branching		AT2G19620, AT2G41940, AT4G11280, AT4G14750	NDL3, ZFP8, ACS6, IQD19
p:acquired resistance	phrase	acquired resistance	3	247	111	21633	2.3671079986869463	0.13404902483872644	1.0	-0.872736341014936	0.0	True		False		acquired resistance		AT1G02860, AT1G29660, AT5G13220	NLA, AtGELP15, JAZ10
p:systemic acquired	phrase	systemic acquired	3	247	111	21633	2.3671079986869463	0.13404902483872644	1.0	-0.872736341014936	0.0	True		False		systemic acquired		AT1G02860, AT1G29660, AT5G13220	NLA, AtGELP15, JAZ10
w:germination	word	germination	13	247	806	21633	1.4126289669583385	0.13406609439641728	1.0	-0.8726810422705398	0.0	True		False		germination		AT1G19300, AT1G70700, AT2G38610, AT2G41940, AT2G42160, AT3G51810, AT3G54810, AT4G24510, AT5G13220, AT5G37770, AT5G46790, AT5G48870, AT5G63470	PARVUS, TIFY7, KH9, ZFP8, BRIZ1, EM1, BME3, CER2, JAZ10, TCH2, PYL1, SAD1, NF-YC4
p:epimerase dehydratase	phrase	epimerase dehydratase	2	247	56	21633	3.127964141122036	0.1341662685308354	1.0	-0.8723566587744169	0.0	True		False		epimerase dehydratase		AT2G45400, AT4G30440	BEN1, GAE1
p:post‑translational modification	phrase	post-translational modification	2	247	56	21633	3.127964141122036	0.1341662685308354	1.0	-0.8723566587744169	0.0	True		False		post-translational modification		AT3G53650, AT5G54640	HTB6, RAT5
w:atom	word	atom	2	247	56	21633	3.127964141122036	0.1341662685308354	1.0	-0.8723566587744169	0.0	True		False		atom		AT1G01600, AT4G00360	CYP86A4, CYP86A2
w:code	word	code	2	247	56	21633	3.127964141122036	0.1341662685308354	1.0	-0.8723566587744169	0.0	True		False		code		AT3G53650, AT5G54640	HTB6, RAT5
w:ability	word	ability	4	247	172	21633	2.036813859335279	0.13461213297783756	1.0	-0.8709157941399107	0.0	True		False		ability		AT1G04240, AT1G74890, AT4G14560, AT5G43700	SHY2, ARR15, IAA1, ATAUX2-11
p:paired donor	phrase	paired donor	4	247	173	21633	2.0250403688188903	0.13664517046183872	1.0	-0.864405713249321	0.0	True		False		paired donor		AT1G01600, AT1G13090, AT2G26710, AT4G00360	CYP86A4, CYP71B28, BAS1, CYP86A2
p:pseudomonas syringae	phrase	pseudomonas syringae	4	247	173	21633	2.0250403688188903	0.13664517046183872	1.0	-0.864405713249321	0.0	True		False		pseudomonas syringae		AT2G05940, AT3G53810, AT4G31800, AT5G04870	RIPK, LECRK42, WRKY18, CPK1
w:closure	word	closure	4	247	173	21633	2.0250403688188903	0.13664517046183872	1.0	-0.864405713249321	0.0	True		False		closure		AT1G30690, AT5G25110, AT5G46590, AT5G46790	PATL4, CIPK25, NAC096, PYL1
w:green	word	green	7	247	374	21633	1.6392539349195696	0.1377194067138538	1.0	-0.8610048568753983	0.0	True		False		green		AT1G19300, AT1G65310, AT1G78170, AT2G47240, AT4G24510, AT4G33790, AT5G43760	PARVUS, XTH17, CLG4, LACS1, CER2, CER4, KCS20
p:anthocyanin accumulation	phrase	anthocyanin accumulation	2	247	57	21633	3.073087577242702	0.13804935987074837	1.0	-0.8599656028258498	0.0	True		False		anthocyanin accumulation		AT1G02860, AT1G78240	NLA, TSD2
p:rab gtpase	phrase	rab gtpase	2	247	57	21633	3.073087577242702	0.13804935987074837	1.0	-0.8599656028258498	0.0	True		False		rab gtpase		AT4G39990, AT5G03520	RABA4B, RAB8C
w:desiccation	word	desiccation	2	247	57	21633	3.073087577242702	0.13804935987074837	1.0	-0.8599656028258498	0.0	True		False		desiccation		AT1G32640, AT3G51810	MYC2, EM1
p:bacterial flagellin	phrase	bacterial flagellin	1	247	13	21633	6.737153534724385	0.13871186152817633	1.0	-0.8578863999506909	0.0	False		False		bacterial flagellin		AT4G11280	ACS6
p:blumeria graminis	phrase	blumeria graminis	1	247	13	21633	6.737153534724385	0.13871186152817633	1.0	-0.8578863999506909	0.0	False		False		blumeria graminis		AT3G43720	LTPG2
p:classical arabinogalactan	phrase	classical arabinogalactan	1	247	13	21633	6.737153534724385	0.13871186152817633	1.0	-0.8578863999506909	0.0	False		False		classical arabinogalactan		AT5G65390	AGP7
p:conformational change	phrase	conformational change	1	247	13	21633	6.737153534724385	0.13871186152817633	1.0	-0.8578863999506909	0.0	False		False		conformational change		AT5G37770	TCH2
p:hydrogen symport	phrase	hydrogen symport	1	247	13	21633	6.737153534724385	0.13871186152817633	1.0	-0.8578863999506909	0.0	False		False		hydrogen symport		AT1G11260	STP1
p:stomatal index	phrase	stomatal index	1	247	13	21633	6.737153534724385	0.13871186152817633	1.0	-0.8578863999506909	0.0	False		False		stomatal index		AT5G46790	PYL1
w:adck	word	adck	1	247	13	21633	6.737153534724385	0.13871186152817633	1.0	-0.8578863999506909	0.0	False		False		adck		AT2G40090	ATH9
w:agps	word	agps	1	247	13	21633	6.737153534724385	0.13871186152817633	1.0	-0.8578863999506909	0.0	False		False		agps		AT4G37450	AGP18
w:angustifolia	word	angustifolia	1	247	13	21633	6.737153534724385	0.13871186152817633	1.0	-0.8578863999506909	0.0	False		False		angustifolia		AT4G24510	CER2
w:ant	word	ant	1	247	13	21633	6.737153534724385	0.13871186152817633	1.0	-0.8578863999506909	0.0	False		False		ant		AT1G75080	BZR1
w:benzoic	word	benzoic	1	247	13	21633	6.737153534724385	0.13871186152817633	1.0	-0.8578863999506909	0.0	False		False		benzoic		AT1G02860	NLA
w:crt	word	crt	1	247	13	21633	6.737153534724385	0.13871186152817633	1.0	-0.8578863999506909	0.0	False		False		crt		AT5G05410	DREB2A
w:defence	word	defence	1	247	13	21633	6.737153534724385	0.13871186152817633	1.0	-0.8578863999506909	0.0	False		False		defence		AT5G58620	AtC3H66
w:hordei	word	hordei	1	247	13	21633	6.737153534724385	0.13871186152817633	1.0	-0.8578863999506909	0.0	False		False		hordei		AT3G43720	LTPG2
w:jasmonoyl	word	jasmonoyl	1	247	13	21633	6.737153534724385	0.13871186152817633	1.0	-0.8578863999506909	0.0	False		False		jasmonoyl		AT1G70700	TIFY7
w:naa	word	naa	1	247	13	21633	6.737153534724385	0.13871186152817633	1.0	-0.8578863999506909	0.0	False		False		naa		AT1G59500	GH3.4
w:penetration	word	penetration	1	247	13	21633	6.737153534724385	0.13871186152817633	1.0	-0.8578863999506909	0.0	False		False		penetration		AT3G43720	LTPG2
w:phytosulfokine	word	phytosulfokine	1	247	13	21633	6.737153534724385	0.13871186152817633	1.0	-0.8578863999506909	0.0	False		False		phytosulfokine		AT1G13590	PSK1
w:rops	word	rops	1	247	13	21633	6.737153534724385	0.13871186152817633	1.0	-0.8578863999506909	0.0	False		False		rops		AT2G33460	RIC1
w:selectively	word	selectively	1	247	13	21633	6.737153534724385	0.13871186152817633	1.0	-0.8578863999506909	0.0	False		False		selectively		AT4G39990	RABA4B
w:shaping	word	shaping	1	247	13	21633	6.737153534724385	0.13871186152817633	1.0	-0.8578863999506909	0.0	False		False		shaping		AT2G45450	ZPR1
w:submergence	word	submergence	1	247	13	21633	6.737153534724385	0.13871186152817633	1.0	-0.8578863999506909	0.0	False		False		submergence		AT5G25110	CIPK25
w:ten	word	ten	1	247	13	21633	6.737153534724385	0.13871186152817633	1.0	-0.8578863999506909	0.0	False		False		ten		AT4G27970	SLAH2
w:twisting	word	twisting	1	247	13	21633	6.737153534724385	0.13871186152817633	1.0	-0.8578863999506909	0.0	False		False		twisting		AT3G04630	WDL1
w:cytochrome	word	cytochrome	7	247	375	21633	1.6348825910931175	0.1390673375328258	1.0	-0.8567748599069123	0.0	True		False		cytochrome		AT1G01600, AT1G13090, AT1G64950, AT2G14100, AT2G26710, AT3G51810, AT4G00360	CYP86A4, CYP71B28, CYP89A5, CYP705A13, BAS1, EM1, CYP86A2
w:homodimerization	word	homodimerization	5	247	239	21633	1.8322802500296445	0.13923012260398063	1.0	-0.8562667944278608	0.0	True		False		homodimerization		AT3G09780, AT3G28180, AT4G31590, AT5G13220, AT5G46790	CCR1, CSLC04, CSLC5, JAZ10, PYL1
w:differentiation	word	differentiation	8	247	446	21633	1.5709954430747446	0.13982874827403716	1.0	-0.8544035300693547	0.0	True		False		differentiation		AT1G13590, AT1G55330, AT2G19580, AT2G41940, AT4G16515, AT4G37450, AT5G64770, AT5G65390	PSK1, AGP21, TET2, ZFP8, RGF6, AGP18, RGF9, AGP7
k:Prenylation	keyword	Prenylation	3	247	114	21633	2.3048156829320265	0.1418974029339421	1.0	-0.8480255531103879	0.0	True		False		Prenylation		AT4G39990, AT5G03520, AT5G24580	RABA4B, RAB8C, HIPP09
w:implicated	word	implicated	3	247	114	21633	2.3048156829320265	0.1418974029339421	1.0	-0.8480255531103879	0.0	True		False		implicated		AT1G55330, AT4G37450, AT5G65390	AGP21, AGP18, AGP7
p:smaller rosette	phrase	smaller rosette	2	247	58	21633	3.020103308669552	0.14195691143116745	1.0	-0.84784345820436	0.0	True		False		smaller rosette		AT3G28180, AT4G31590	CSLC04, CSLC5
w:solute	word	solute	2	247	58	21633	3.020103308669552	0.14195691143116745	1.0	-0.84784345820436	0.0	True		False		solute		AT4G36110, AT4G38860	SAUR9, SAUR16
w:pattern	word	pattern	8	247	448	21633	1.563982070561018	0.14231241272890768	1.0	-0.8467572183657038	0.0	True		False		pattern		AT1G02860, AT1G19300, AT2G05940, AT2G42580, AT3G14370, AT4G16515, AT5G11060, AT5G64770	NLA, PARVUS, RIPK, TTL3, WAG2, RGF6, KNAT4, RGF9
w:localized	word	localized	13	247	817	21633	1.3936094827030856	0.14398217459251286	1.0	-0.8416912714832092	0.0	True		False		localized		AT1G02860, AT1G10550, AT1G30690, AT1G44830, AT1G74380, AT2G33460, AT2G43290, AT4G08950, AT4G14560, AT4G15290, AT5G04160, AT5G16590, AT5G62220	NLA, XTH33, PATL4, ERF014, XXT5, RIC1, MSS3, EXO, IAA1, ATCSLB05, UUAT1, LRR1, GT18
w:motif	word	motif	5	247	242	21633	1.8095660320540705	0.14444949106417726	1.0	-0.8402839839576093	0.0	True		False		motif		AT1G78260, AT2G46780, AT3G54810, AT4G01120, AT5G52900	AT1G78260, AT2G46780, BME3, GBF2, MAKR6
w:gradient	word	gradient	3	247	115	21633	2.2847738074282695	0.14454720441547372	1.0	-0.8399903032923477	0.0	True		False		gradient		AT2G19620, AT4G16515, AT5G64770	NDL3, RGF6, RGF9
w:blade	word	blade	2	247	59	21633	2.9689151169971866	0.14588786492872355	1.0	-0.8359808315724587	0.0	True		False		blade		AT2G45400, AT4G11280	BEN1, ACS6
w:common	word	common	2	247	59	21633	2.9689151169971866	0.14588786492872355	1.0	-0.8359808315724587	0.0	True		False		common		AT1G32640, AT1G53690	MYC2, NRPB12L
w:share	word	share	2	247	59	21633	2.9689151169971866	0.14588786492872355	1.0	-0.8359808315724587	0.0	True		False		share		AT2G28110, AT4G24510	FRA8, CER2
w:significant	word	significant	5	247	243	21633	1.8021192582596093	0.14620793118196962	1.0	-0.8350290680406856	0.0	True		False		significant		AT1G02860, AT2G28110, AT2G41940, AT5G05410, AT5G43760	NLA, FRA8, ZFP8, DREB2A, KCS20
w:pseudomonas	word	pseudomonas	4	247	178	21633	1.968157212391393	0.14699442338317786	1.0	-0.8326991410331395	0.0	True		False		pseudomonas		AT2G05940, AT3G53810, AT4G31800, AT5G04870	RIPK, LECRK42, WRKY18, CPK1
p:hydroxyproline rich	phrase	hydroxyproline rich	3	247	116	21633	2.265077481502164	0.14721332622276956	1.0	-0.8320528744886438	0.0	True		False		hydroxyproline rich		AT1G17620, AT3G45230, AT4G13340	AT1G17620, APAP1, LRX3
k:DNA-binding	keyword	DNA-binding	24	247	1675	21633	1.2549205390053781	0.14770492553107958	1.0	-0.8306050219845907	0.0	True		False		DNA-binding		AT1G21910, AT1G32640, AT1G44830, AT1G73830, AT1G75080, AT2G26580, AT2G31730, AT3G05800, AT3G53650, AT3G54810, AT4G01120, AT4G09460, AT4G31000, AT4G31800, AT5G05090, AT5G05410, AT5G11060, AT5G25190, AT5G46590, AT5G50570, AT5G50915, AT5G54640, AT5G58620, AT5G63470	DREB26, MYC2, ERF014, BEE3, BZR1, YAB5, BHLH154, AIF1, HTB6, BME3, GBF2, MYB6, CBP60F, WRKY18, MUG13.5, DREB2A, KNAT4, ESE3, NAC096, SPL13A, BHLH137, RAT5, AtC3H66, NF-YC4
k:Abscisic acid biosynthesis	keyword	Abscisic acid biosynthesis	1	247	14	21633	6.255928282244072	0.1485517398909211	1.0	-0.8281222572187752	0.0	False		False		Abscisic acid biosynthesis		AT2G04240	XERICO
k:Ascorbate biosynthesis	keyword	Ascorbate biosynthesis	1	247	14	21633	6.255928282244072	0.1485517398909211	1.0	-0.8281222572187752	0.0	False		False		Ascorbate biosynthesis		AT2G19800	MIOX2
k:Protein phosphatase inhibitor	keyword	Protein phosphatase inhibitor	1	247	14	21633	6.255928282244072	0.1485517398909211	1.0	-0.8281222572187752	0.0	False		False		Protein phosphatase inhibitor		AT5G46790	PYL1
p:classical agp	phrase	classical agp	1	247	14	21633	6.255928282244072	0.1485517398909211	1.0	-0.8281222572187752	0.0	False		False		classical agp		AT5G65390	AGP7
p:downward curling	phrase	downward curling	1	247	14	21633	6.255928282244072	0.1485517398909211	1.0	-0.8281222572187752	0.0	False		False		downward curling		AT4G11280	ACS6
p:rop gtpase	phrase	rop gtpase	1	247	14	21633	6.255928282244072	0.1485517398909211	1.0	-0.8281222572187752	0.0	False		False		rop gtpase		AT2G33460	RIC1
p:udp rhamnose	phrase	udp rhamnose	1	247	14	21633	6.255928282244072	0.1485517398909211	1.0	-0.8281222572187752	0.0	False		False		udp rhamnose		AT1G76670	URGT1
w:blumeria	word	blumeria	1	247	14	21633	6.255928282244072	0.1485517398909211	1.0	-0.8281222572187752	0.0	False		False		blumeria		AT3G43720	LTPG2
w:brx	word	brx	1	247	14	21633	6.255928282244072	0.1485517398909211	1.0	-0.8281222572187752	0.0	False		False		brx		AT1G04240	SHY2
w:build	word	build	1	247	14	21633	6.255928282244072	0.1485517398909211	1.0	-0.8281222572187752	0.0	False		False		build		AT3G43720	LTPG2
w:competitive	word	competitive	1	247	14	21633	6.255928282244072	0.1485517398909211	1.0	-0.8281222572187752	0.0	False		False		competitive		AT2G45450	ZPR1
w:conformational	word	conformational	1	247	14	21633	6.255928282244072	0.1485517398909211	1.0	-0.8281222572187752	0.0	False		False		conformational		AT5G37770	TCH2
w:depletion	word	depletion	1	247	14	21633	6.255928282244072	0.1485517398909211	1.0	-0.8281222572187752	0.0	False		False		depletion		AT1G02860	NLA
w:dimethylallyltranstransferase	word	dimethylallyltranstransferase	1	247	14	21633	6.255928282244072	0.1485517398909211	1.0	-0.8281222572187752	0.0	False		False		dimethylallyltranstransferase		AT3G14510	IDS5
w:electroneutral	word	electroneutral	1	247	14	21633	6.255928282244072	0.1485517398909211	1.0	-0.8281222572187752	0.0	False		False		electroneutral		AT5G11800	KEA6
w:germ	word	germ	1	247	14	21633	6.255928282244072	0.1485517398909211	1.0	-0.8281222572187752	0.0	False		False		germ		AT2G41420	WIH2
w:monomerization	word	monomerization	1	247	14	21633	6.255928282244072	0.1485517398909211	1.0	-0.8281222572187752	0.0	False		False		monomerization		AT5G46790	PYL1
w:non‑functional	word	non-functional	1	247	14	21633	6.255928282244072	0.1485517398909211	1.0	-0.8281222572187752	0.0	False		False		non-functional		AT2G45450	ZPR1
w:non‑host	word	non-host	1	247	14	21633	6.255928282244072	0.1485517398909211	1.0	-0.8281222572187752	0.0	False		False		non-host		AT3G43720	LTPG2
w:npa	word	npa	1	247	14	21633	6.255928282244072	0.1485517398909211	1.0	-0.8281222572187752	0.0	False		False		npa		AT3G14370	WAG2
w:perk	word	perk	1	247	14	21633	6.255928282244072	0.1485517398909211	1.0	-0.8281222572187752	0.0	False		False		perk		AT1G52290	PERK15
w:polyprenyl	word	polyprenyl	1	247	14	21633	6.255928282244072	0.1485517398909211	1.0	-0.8281222572187752	0.0	False		False		polyprenyl		AT3G14510	IDS5
w:sesquiterpene	word	sesquiterpene	1	247	14	21633	6.255928282244072	0.1485517398909211	1.0	-0.8281222572187752	0.0	False		False		sesquiterpene		AT1G32640	MYC2
w:supplied	word	supplied	1	247	14	21633	6.255928282244072	0.1485517398909211	1.0	-0.8281222572187752	0.0	False		False		supplied		AT1G02860	NLA
w:supporting	word	supporting	1	247	14	21633	6.255928282244072	0.1485517398909211	1.0	-0.8281222572187752	0.0	False		False		supporting		AT5G11800	KEA6
w:twofold	word	twofold	1	247	14	21633	6.255928282244072	0.1485517398909211	1.0	-0.8281222572187752	0.0	False		False		twofold		AT4G31800	WRKY18
w:ubiquitinate	word	ubiquitinate	1	247	14	21633	6.255928282244072	0.1485517398909211	1.0	-0.8281222572187752	0.0	False		False		ubiquitinate		AT1G02860	NLA
w:xanthomonas	word	xanthomonas	1	247	14	21633	6.255928282244072	0.1485517398909211	1.0	-0.8281222572187752	0.0	False		False		xanthomonas		AT2G05940	RIPK
w:xylogen	word	xylogen	1	247	14	21633	6.255928282244072	0.1485517398909211	1.0	-0.8281222572187752	0.0	False		False		xylogen		AT3G43720	LTPG2
k:Aspartyl protease	keyword	Aspartyl protease	2	247	60	21633	2.919433198380567	0.1498411828767429	1.0	-0.8243688072104051	0.0	True		False		Aspartyl protease		AT1G66180, AT4G16563	AT1G66180, AT4G16563
p:cauline leave	phrase	cauline leave	2	247	60	21633	2.919433198380567	0.1498411828767429	1.0	-0.8243688072104051	0.0	True		False		cauline leave		AT1G02860, AT2G41940	NLA, ZFP8
p:eukaryotic aspartyl	phrase	eukaryotic aspartyl	2	247	60	21633	2.919433198380567	0.1498411828767429	1.0	-0.8243688072104051	0.0	True		False		eukaryotic aspartyl		AT1G66180, AT4G16563	AT1G66180, AT4G16563
p:gpi anchored	phrase	gpi anchored	2	247	60	21633	2.919433198380567	0.1498411828767429	1.0	-0.8243688072104051	0.0	True		False		gpi anchored		AT3G43720, AT5G56170	LTPG2, LLG1
w:activated	word	activated	12	247	749	21633	1.4031988670453992	0.15080197791786923	1.0	-0.8215929622249787	0.0	True		False		activated		AT1G04240, AT1G74890, AT2G19580, AT2G33460, AT2G41940, AT2G42580, AT3G51810, AT4G15800, AT5G25190, AT5G46590, AT5G46790, AT5G63470	SHY2, ARR15, TET2, RIC1, ZFP8, TTL3, EM1, RALFL33, ESE3, NAC096, PYL1, NF-YC4
p:rich glycoprotein	phrase	rich glycoprotein	3	247	118	21633	2.2266863377478896	0.15259329054178453	1.0	-0.8164645616939799	0.0	True		False		rich glycoprotein		AT1G17620, AT3G45230, AT4G13340	AT1G17620, APAP1, LRX3
w:phosphorylate	word	phosphorylate	4	247	181	21633	1.9355358221307626	0.15334634221147833	1.0	-0.8143265788358276	0.0	True		False		phosphorylate		AT2G05940, AT3G14370, AT4G30340, AT5G04870	RIPK, WAG2, DGK7, CPK1
w:drive	word	drive	2	247	61	21633	2.871573637751377	0.1538158482515574	1.0	-0.8129989151613393	0.0	True		False		drive		AT4G36110, AT4G38860	SAUR9, SAUR16
w:pavement	word	pavement	2	247	61	21633	2.871573637751377	0.1538158482515574	1.0	-0.8129989151613393	0.0	True		False		pavement		AT1G19300, AT2G33460	PARVUS, RIC1
w:template	word	template	2	247	61	21633	2.871573637751377	0.1538158482515574	1.0	-0.8129989151613393	0.0	True		False		template		AT3G53650, AT5G54640	HTB6, RAT5
w:systemic	word	systemic	4	247	182	21633	1.9249010099212527	0.15548655029830233	1.0	-0.808307171806625	0.0	True		False		systemic		AT1G02860, AT1G29660, AT1G44830, AT5G13220	NLA, AtGELP15, ERF014, JAZ10
p:aspartyl protease	phrase	aspartyl protease	2	247	62	21633	2.825257933916678	0.15781086416367243	1.0	-0.8018631019889513	0.0	True		False		aspartyl protease		AT1G66180, AT4G16563	AT1G66180, AT4G16563
w:adaptation	word	adaptation	2	247	62	21633	2.825257933916678	0.15781086416367243	1.0	-0.8018631019889513	0.0	True		False		adaptation		AT1G02860, AT5G57560	NLA, TCH4
w:fiber	word	fiber	2	247	62	21633	2.825257933916678	0.15781086416367243	1.0	-0.8018631019889513	0.0	True		False		fiber		AT2G28110, AT5G22940	FRA8, F8H
p:hypocotyl phototropism	phrase	hypocotyl phototropism	1	247	15	21633	5.838866396761134	0.15827965146162004	1.0	-0.800574914739481	0.0	False		False		hypocotyl phototropism		AT4G14560	IAA1
p:knox homeobox	phrase	knox homeobox	1	247	15	21633	5.838866396761134	0.15827965146162004	1.0	-0.800574914739481	0.0	False		False		knox homeobox		AT5G11060	KNAT4
p:left handed	phrase	left handed	1	247	15	21633	5.838866396761134	0.15827965146162004	1.0	-0.800574914739481	0.0	False		False		left handed		AT3G04630	WDL1
p:low humidity	phrase	low humidity	1	247	15	21633	5.838866396761134	0.15827965146162004	1.0	-0.800574914739481	0.0	False		False		low humidity		AT2G47240	LACS1
p:stomatal conductance	phrase	stomatal conductance	1	247	15	21633	5.838866396761134	0.15827965146162004	1.0	-0.800574914739481	0.0	False		False		stomatal conductance		AT5G46790	PYL1
w:ccgac	word	ccgac	1	247	15	21633	5.838866396761134	0.15827965146162004	1.0	-0.800574914739481	0.0	False		False		ccgac		AT5G05410	DREB2A
w:closest	word	closest	1	247	15	21633	5.838866396761134	0.15827965146162004	1.0	-0.800574914739481	0.0	False		False		closest		AT3G14370	WAG2
w:dre	word	dre	1	247	15	21633	5.838866396761134	0.15827965146162004	1.0	-0.800574914739481	0.0	False		False		dre		AT5G05410	DREB2A
w:galactinol	word	galactinol	1	247	15	21633	5.838866396761134	0.15827965146162004	1.0	-0.800574914739481	0.0	False		False		galactinol		AT3G28340	GATL10
w:galacturonic	word	galacturonic	1	247	15	21633	5.838866396761134	0.15827965146162004	1.0	-0.800574914739481	0.0	False		False		galacturonic		AT5G04160	UUAT1
w:gravistimulation	word	gravistimulation	1	247	15	21633	5.838866396761134	0.15827965146162004	1.0	-0.800574914739481	0.0	False		False		gravistimulation		AT4G11280	ACS6
w:knotted	word	knotted	1	247	15	21633	5.838866396761134	0.15827965146162004	1.0	-0.800574914739481	0.0	False		False		knotted		AT5G11060	KNAT4
w:master	word	master	1	247	15	21633	5.838866396761134	0.15827965146162004	1.0	-0.800574914739481	0.0	False		False		master		AT5G04870	CPK1
w:mixed	word	mixed	1	247	15	21633	5.838866396761134	0.15827965146162004	1.0	-0.800574914739481	0.0	False		False		mixed		AT1G12990	AT1G12990
w:phytoalexin	word	phytoalexin	1	247	15	21633	5.838866396761134	0.15827965146162004	1.0	-0.800574914739481	0.0	False		False		phytoalexin		AT1G02860	NLA
w:polymerize	word	polymerize	1	247	15	21633	5.838866396761134	0.15827965146162004	1.0	-0.800574914739481	0.0	False		False		polymerize		AT4G15290	ATCSLB05
w:sink	word	sink	1	247	15	21633	5.838866396761134	0.15827965146162004	1.0	-0.800574914739481	0.0	False		False		sink		AT1G02860	NLA
w:snrnas	word	snrnas	1	247	15	21633	5.838866396761134	0.15827965146162004	1.0	-0.800574914739481	0.0	False		False		snrnas		AT5G48870	SAD1
w:substitution	word	substitution	1	247	15	21633	5.838866396761134	0.15827965146162004	1.0	-0.800574914739481	0.0	False		False		substitution		AT5G62220	GT18
w:tncgtacaa	word	tncgtacaa	1	247	15	21633	5.838866396761134	0.15827965146162004	1.0	-0.800574914739481	0.0	False		False		tncgtacaa		AT5G50570	SPL13A
w:vii	word	vii	1	247	15	21633	5.838866396761134	0.15827965146162004	1.0	-0.800574914739481	0.0	False		False		vii		AT2G43290	MSS3
w:wilting	word	wilting	1	247	15	21633	5.838866396761134	0.15827965146162004	1.0	-0.800574914739481	0.0	False		False		wilting		AT5G16590	LRR1
w:concentration	word	concentration	5	247	250	21633	1.7516599190283402	0.15877045784626614	1.0	-0.7992303028403075	0.0	True		False		concentration		AT1G02860, AT1G04240, AT4G14560, AT4G15800, AT5G43700	NLA, SHY2, IAA1, RALFL33, ATAUX2-11
w:set	word	set	5	247	250	21633	1.7516599190283402	0.15877045784626614	1.0	-0.7992303028403075	0.0	True		False		set		AT1G04610, AT1G19300, AT3G53650, AT5G54640, AT5G56170	YUC3, PARVUS, HTB6, RAT5, LLG1
w:polypeptide	word	polypeptide	6	247	319	21633	1.6473290774561191	0.1592219294146483	1.0	-0.7979971177045588	0.0	True		False		polypeptide		AT1G01600, AT1G13090, AT1G64950, AT2G14100, AT4G00360, AT5G48870	CYP86A4, CYP71B28, CYP89A5, CYP705A13, CYP86A2, SAD1
p:innate immune	phrase	innate immune	3	247	121	21633	2.1714792384648844	0.16077789786019417	1.0	-0.7937736539526288	0.0	True		False		innate immune		AT1G44830, AT2G05940, AT5G37770	ERF014, RIPK, TCH2
w:division	word	division	9	247	536	21633	1.4706100066469272	0.161663738577465	1.0	-0.7913873820833718	0.0	True		False		division		AT1G65310, AT2G20080, AT3G20300, AT4G11280, AT4G16515, AT4G30280, AT4G30290, AT5G46590, AT5G64770	XTH17, SPEAR1, AT3G20300, ACS6, RGF6, XTH18, XTH19, NAC096, RGF9
p:actin cytoskeleton	phrase	actin cytoskeleton	2	247	63	21633	2.780412569886254	0.16182525353372754	1.0	-0.7909537038946908	0.0	True		False		actin cytoskeleton		AT3G07540, AT5G37770	FH10, TCH2
w:onto	word	onto	2	247	63	21633	2.780412569886254	0.16182525353372754	1.0	-0.7909537038946908	0.0	True		False		onto		AT1G19300, AT3G14510	PARVUS, IDS5
w:pectic	word	pectic	2	247	63	21633	2.780412569886254	0.16182525353372754	1.0	-0.7909537038946908	0.0	True		False		pectic		AT2G30010, AT4G30440	TBL45, GAE1
w:respect	word	respect	2	247	63	21633	2.780412569886254	0.16182525353372754	1.0	-0.7909537038946908	0.0	True		False		respect		AT1G19300, AT3G30775	PARVUS, ERD5
p:rossmann fold	phrase	rossmann fold	3	247	122	21633	2.153680228313533	0.1635354425533651	1.0	-0.7863881094425672	0.0	True		False		rossmann fold		AT2G45400, AT3G50560, AT4G03140	BEN1, AT3G50560, AT4G03140
w:darkness	word	darkness	3	247	122	21633	2.153680228313533	0.1635354425533651	1.0	-0.7863881094425672	0.0	True		False		darkness		AT1G19300, AT5G37770, AT5G46790	PARVUS, TCH2, PYL1
w:rossmann	word	rossmann	3	247	122	21633	2.153680228313533	0.1635354425533651	1.0	-0.7863881094425672	0.0	True		False		rossmann		AT2G45400, AT3G50560, AT4G03140	BEN1, AT3G50560, AT4G03140
w:morphogenesis	word	morphogenesis	7	247	393	21633	1.5600024724170967	0.16440416660679757	1.0	-0.7840871800355662	0.0	True		False		morphogenesis		AT2G33460, AT2G41940, AT3G04630, AT4G13340, AT4G16515, AT5G57560, AT5G64770	RIC1, ZFP8, WDL1, LRX3, RGF6, TCH4, RGF9
p:dark green	phrase	dark green	2	247	64	21633	2.7369686234817814	0.16585805877318457	1.0	-0.7802634219696611	0.0	True		False		dark green		AT1G19300, AT4G24510	PARVUS, CER2
w:microfibril	word	microfibril	2	247	64	21633	2.7369686234817814	0.16585805877318457	1.0	-0.7802634219696611	0.0	True		False		microfibril		AT2G33460, AT3G29030	RIC1, EXPA5
w:transit	word	transit	2	247	64	21633	2.7369686234817814	0.16585805877318457	1.0	-0.7802634219696611	0.0	True		False		transit		AT4G16515, AT5G64770	RGF6, RGF9
w:paired	word	paired	4	247	187	21633	1.873433068479508	0.1663530514890234	1.0	-0.7789692282626093	0.0	True		False		paired		AT1G01600, AT1G13090, AT2G26710, AT4G00360	CYP86A4, CYP71B28, BAS1, CYP86A2
w:intracellular	word	intracellular	10	247	614	21633	1.4264331588178665	0.16645284000147348	1.0	-0.7787087905556982	0.0	True		False		intracellular		AT1G47380, AT1G59500, AT1G68410, AT3G43720, AT3G57420, AT4G15800, AT4G27970, AT5G25110, AT5G46790, AT5G47540	AT1G47380, GH3.4, AT1G68410, LTPG2, STL2, RALFL33, SLAH2, CIPK25, PYL1, AT5G47540
k:Ethylene biosynthesis	keyword	Ethylene biosynthesis	1	247	16	21633	5.473937246963563	0.16789686517653268	1.0	-0.7749574125530965	0.0	False		False		Ethylene biosynthesis		AT4G11280	ACS6
p:acyl acp	phrase	acyl acp	1	247	16	21633	5.473937246963563	0.16789686517653268	1.0	-0.7749574125530965	0.0	False		False		acyl acp		AT4G01950	GPAT3
p:almost completely	phrase	almost completely	1	247	16	21633	5.473937246963563	0.16789686517653268	1.0	-0.7749574125530965	0.0	False		False		almost completely		AT1G19300	PARVUS
p:fpp ggpp	phrase	fpp ggpp	1	247	16	21633	5.473937246963563	0.16789686517653268	1.0	-0.7749574125530965	0.0	False		False		fpp ggpp		AT3G14510	IDS5
p:geranylgeranyl pyrophosphate	phrase	geranylgeranyl pyrophosphate	1	247	16	21633	5.473937246963563	0.16789686517653268	1.0	-0.7749574125530965	0.0	False		False		geranylgeranyl pyrophosphate		AT3G14510	IDS5
p:ggpp synthase	phrase	ggpp synthase	1	247	16	21633	5.473937246963563	0.16789686517653268	1.0	-0.7749574125530965	0.0	False		False		ggpp synthase		AT3G14510	IDS5
p:premature senescence	phrase	premature senescence	1	247	16	21633	5.473937246963563	0.16789686517653268	1.0	-0.7749574125530965	0.0	False		False		premature senescence		AT5G25110	CIPK25
p:squamosa promoter	phrase	squamosa promoter	1	247	16	21633	5.473937246963563	0.16789686517653268	1.0	-0.7749574125530965	0.0	False		False		squamosa promoter		AT5G50570	SPL13A
p:subcellular compartment	phrase	subcellular compartment	1	247	16	21633	5.473937246963563	0.16789686517653268	1.0	-0.7749574125530965	0.0	False		False		subcellular compartment		AT1G02860	NLA
w:acs	word	acs	1	247	16	21633	5.473937246963563	0.16789686517653268	1.0	-0.7749574125530965	0.0	False		False		acs		AT4G11280	ACS6
w:adjustment	word	adjustment	1	247	16	21633	5.473937246963563	0.16789686517653268	1.0	-0.7749574125530965	0.0	False		False		adjustment		AT5G11800	KEA6
w:antagonize	word	antagonize	1	247	16	21633	5.473937246963563	0.16789686517653268	1.0	-0.7749574125530965	0.0	False		False		antagonize		AT2G33460	RIC1
w:coronatine	word	coronatine	1	247	16	21633	5.473937246963563	0.16789686517653268	1.0	-0.7749574125530965	0.0	False		False		coronatine		AT1G70700	TIFY7
w:graminis	word	graminis	1	247	16	21633	5.473937246963563	0.16789686517653268	1.0	-0.7749574125530965	0.0	False		False		graminis		AT3G43720	LTPG2
w:hydrophilic	word	hydrophilic	1	247	16	21633	5.473937246963563	0.16789686517653268	1.0	-0.7749574125530965	0.0	False		False		hydrophilic		AT3G51810	EM1
w:load	word	load	1	247	16	21633	5.473937246963563	0.16789686517653268	1.0	-0.7749574125530965	0.0	False		False		load		AT3G43720	LTPG2
w:squamosa	word	squamosa	1	247	16	21633	5.473937246963563	0.16789686517653268	1.0	-0.7749574125530965	0.0	False		False		squamosa		AT5G50570	SPL13A
w:subclass	word	subclass	1	247	16	21633	5.473937246963563	0.16789686517653268	1.0	-0.7749574125530965	0.0	False		False		subclass		AT4G37450	AGP18
w:trans‑membrane	word	trans-membrane	1	247	16	21633	5.473937246963563	0.16789686517653268	1.0	-0.7749574125530965	0.0	False		False		trans-membrane		AT2G04240	XERICO
w:upper	word	upper	1	247	16	21633	5.473937246963563	0.16789686517653268	1.0	-0.7749574125530965	0.0	False		False		upper		AT2G41940	ZFP8
w:syringae	word	syringae	5	247	255	21633	1.7173136461062157	0.16800521715180736	1.0	-0.7746772316963955	0.0	True		False		syringae		AT2G05940, AT3G53810, AT4G31800, AT5G04870, AT5G13220	RIPK, LECRK42, WRKY18, CPK1, JAZ10
w:morphology	word	morphology	5	247	256	21633	1.7106053896761133	0.16987729362238635	1.0	-0.769864666531288	0.0	True		False		morphology		AT1G10550, AT1G19300, AT2G33460, AT3G02170, AT5G48870	XTH33, PARVUS, RIC1, LNG2, SAD1
w:corepressor	word	corepressor	2	247	65	21633	2.694861413889754	0.16990834146967307	1.0	-0.7697852993809642	0.0	True		False		corepressor		AT2G20080, AT5G62090	SPEAR1, SLK2
w:unsaturated	word	unsaturated	2	247	65	21633	2.694861413889754	0.16990834146967307	1.0	-0.7697852993809642	0.0	True		False		unsaturated		AT1G01600, AT4G00360	CYP86A4, CYP86A2
w:delayed	word	delayed	7	247	397	21633	1.544284563375111	0.17030013165087102	1.0	-0.7687850163050166	0.0	True		False		delayed		AT1G70700, AT4G08950, AT4G11280, AT5G13220, AT5G46790, AT5G50570, AT5G63470	TIFY7, EXO, ACS6, JAZ10, PYL1, SPL13A, NF-YC4
p:pollen tube	phrase	pollen tube	7	247	398	21633	1.5404044514068316	0.17178855834141393	1.0	-0.7650057649207325	0.0	True		False		pollen tube		AT1G29430, AT1G53690, AT2G33460, AT3G28180, AT4G31590, AT4G39990, AT5G56170	SAUR62, NRPB12L, RIC1, CSLC04, CSLC5, RABA4B, LLG1
k:Activator	keyword	Activator	8	247	472	21633	1.4844575584985933	0.17377861501233244	1.0	-0.7600036683566458	0.0	True		False		Activator		AT1G21910, AT1G32640, AT1G44830, AT3G54810, AT4G31000, AT5G05410, AT5G25190, AT5G63470	DREB26, MYC2, ERF014, BME3, CBP60F, DREB2A, ESE3, NF-YC4
w:hydroxyproline	word	hydroxyproline	3	247	126	21633	2.0853094274146904	0.17470415176082887	1.0	-0.7576967740932382	0.0	True		False		hydroxyproline		AT1G17620, AT3G45230, AT4G13340	AT1G17620, APAP1, LRX3
w:inactive	word	inactive	4	247	191	21633	1.8341988680925028	0.1752362920175625	1.0	-0.7563759450245	0.0	True		False		inactive		AT2G40270, AT2G42580, AT5G11160, AT5G16590	AT2G40270, TTL3, APT5, LRR1
p:acyl coenzyme	phrase	acyl coenzyme	1	247	17	21633	5.151940938318647	0.17740463564891074	1.0	-0.751035036080175	0.0	False		False		acyl coenzyme		AT2G47240	LACS1
p:counter exchange	phrase	counter exchange	1	247	17	21633	5.151940938318647	0.17740463564891074	1.0	-0.751035036080175	0.0	False		False		counter exchange		AT1G76670	URGT1
p:darker green	phrase	darker green	1	247	17	21633	5.151940938318647	0.17740463564891074	1.0	-0.751035036080175	0.0	False		False		darker green		AT1G19300	PARVUS
p:dry weight	phrase	dry weight	1	247	17	21633	5.151940938318647	0.17740463564891074	1.0	-0.751035036080175	0.0	False		False		dry weight		AT3G30775	ERD5
p:hexose transporter	phrase	hexose transporter	1	247	17	21633	5.151940938318647	0.17740463564891074	1.0	-0.751035036080175	0.0	False		False		hexose transporter		AT1G11260	STP1
p:tube reception	phrase	tube reception	1	247	17	21633	5.151940938318647	0.17740463564891074	1.0	-0.751035036080175	0.0	False		False		tube reception		AT5G56170	LLG1
w:apetala	word	apetala	1	247	17	21633	5.151940938318647	0.17740463564891074	1.0	-0.751035036080175	0.0	False		False		apetala		AT4G24510	CER2
w:counter	word	counter	1	247	17	21633	5.151940938318647	0.17740463564891074	1.0	-0.751035036080175	0.0	False		False		counter		AT1G76670	URGT1
w:crystal	word	crystal	1	247	17	21633	5.151940938318647	0.17740463564891074	1.0	-0.751035036080175	0.0	False		False		crystal		AT5G43760	KCS20
w:divergent	word	divergent	1	247	17	21633	5.151940938318647	0.17740463564891074	1.0	-0.751035036080175	0.0	False		False		divergent		AT1G70700	TIFY7
w:emerge	word	emerge	1	247	17	21633	5.151940938318647	0.17740463564891074	1.0	-0.751035036080175	0.0	False		False		emerge		AT2G42160	BRIZ1
w:kinetics	word	kinetics	1	247	17	21633	5.151940938318647	0.17740463564891074	1.0	-0.751035036080175	0.0	False		False		kinetics		AT5G46790	PYL1
w:lactate	word	lactate	1	247	17	21633	5.151940938318647	0.17740463564891074	1.0	-0.751035036080175	0.0	False		False		lactate		AT3G51810	EM1
w:megaspore	word	megaspore	1	247	17	21633	5.151940938318647	0.17740463564891074	1.0	-0.751035036080175	0.0	False		False		megaspore		AT4G37450	AGP18
w:microfilament	word	microfilament	1	247	17	21633	5.151940938318647	0.17740463564891074	1.0	-0.751035036080175	0.0	False		False		microfilament		AT2G33460	RIC1
w:micropylar	word	micropylar	1	247	17	21633	5.151940938318647	0.17740463564891074	1.0	-0.751035036080175	0.0	False		False		micropylar		AT3G54810	BME3
w:rbcs	word	rbcs	1	247	17	21633	5.151940938318647	0.17740463564891074	1.0	-0.751035036080175	0.0	False		False		rbcs		AT4G01120	GBF2
w:wilty	word	wilty	1	247	17	21633	5.151940938318647	0.17740463564891074	1.0	-0.751035036080175	0.0	False		False		wilty		AT2G28110	FRA8
k:Carbohydrate metabolism	keyword	Carbohydrate metabolism	4	247	192	21633	1.8246457489878543	0.17748230332612347	1.0	-0.7508449437410674	0.0	True		False		Carbohydrate metabolism		AT1G75680, AT2G44500, AT3G02250, AT4G30440	GH9B7, OFUT20, RRT2, GAE1
p:light stimulus	phrase	light stimulus	4	247	192	21633	1.8246457489878543	0.17748230332612347	1.0	-0.7508449437410674	0.0	True		False		light stimulus		AT1G75080, AT4G03400, AT5G11060, AT5G43760	BZR1, DFL2, KNAT4, KCS20
w:residue	word	residue	7	247	402	21633	1.5250770439301469	0.17779892085859342	1.0	-0.7500708792858295	0.0	True		False		residue		AT1G19300, AT1G32930, AT1G70700, AT1G74890, AT2G33570, AT3G02250, AT3G14370	PARVUS, GALT31A, TIFY7, ARR15, GALS1, RRT2, WAG2
w:cauline	word	cauline	2	247	67	21633	2.6144177895945373	0.17805767960931843	1.0	-0.7494392905096632	0.0	True		False		cauline		AT1G02860, AT2G41940	NLA, ZFP8
w:cutin	word	cutin	2	247	67	21633	2.6144177895945373	0.17805767960931843	1.0	-0.7494392905096632	0.0	True		False		cutin		AT2G47240, AT4G00360	LACS1, CYP86A2
w:extension	word	extension	2	247	67	21633	2.6144177895945373	0.17805767960931843	1.0	-0.7494392905096632	0.0	True		False		extension		AT2G43290, AT3G29030	MSS3, EXPA5
w:recruiting	word	recruiting	2	247	67	21633	2.6144177895945373	0.17805767960931843	1.0	-0.7494392905096632	0.0	True		False		recruiting		AT2G20080, AT3G02170	SPEAR1, LNG2
w:secreted	word	secreted	2	247	67	21633	2.6144177895945373	0.17805767960931843	1.0	-0.7494392905096632	0.0	True		False		secreted		AT4G16515, AT5G64770	RGF6, RGF9
w:almost	word	almost	3	247	128	21633	2.052726467611336	0.18036735967381634	1.0	-0.7438420521383864	0.0	True		False		almost		AT1G19300, AT4G31800, AT5G63470	PARVUS, WRKY18, NF-YC4
w:apical	word	apical	7	247	406	21633	1.510051654334776	0.18389815007273086	1.0	-0.7354226395343307	0.0	True		False		apical		AT1G11260, AT2G26580, AT2G33460, AT2G45450, AT3G14370, AT4G16515, AT5G64770	STP1, YAB5, RIC1, ZPR1, WAG2, RGF6, RGF9
w:suppressor	word	suppressor	5	247	264	21633	1.6587688627162311	0.18514167556171604	1.0	-0.7324958101545657	0.0	True		False		suppressor		AT1G04240, AT2G26710, AT2G43290, AT3G05800, AT3G14370	SHY2, BAS1, MSS3, AIF1, WAG2
w:ethylene	word	ethylene	7	247	407	21633	1.506341453709875	0.18543655909955115	1.0	-0.7318046399327985	0.0	True		False		ethylene		AT1G04610, AT1G21910, AT1G44830, AT1G72430, AT1G78170, AT4G11280, AT5G25190	YUC3, DREB26, ERF014, SAUR78, CLG4, ACS6, ESE3
w:chlorosis	word	chlorosis	2	247	69	21633	2.5386375638091887	0.1862661325078614	1.0	-0.7298661027099853	0.0	True		False		chlorosis		AT4G31800, AT5G13220	WRKY18, JAZ10
w:co‑chaperone	word	co-chaperone	2	247	69	21633	2.5386375638091887	0.1862661325078614	1.0	-0.7298661027099853	0.0	True		False		co-chaperone		AT2G42580, AT3G58620	TTL3, TTL4
p:concomitant activation	phrase	concomitant activation	1	247	18	21633	4.865721997300945	0.18680420333001355	1.0	-0.728613355822775	0.0	False		False		concomitant activation		AT4G15800	RALFL33
p:fungal origin	phrase	fungal origin	1	247	18	21633	4.865721997300945	0.18680420333001355	1.0	-0.728613355822775	0.0	False		False		fungal origin		AT2G05940	RIPK
p:geranyl diphosphate	phrase	geranyl diphosphate	1	247	18	21633	4.865721997300945	0.18680420333001355	1.0	-0.728613355822775	0.0	False		False		geranyl diphosphate		AT3G14510	IDS5
p:intracellular mitogen	phrase	intracellular mitogen	1	247	18	21633	4.865721997300945	0.18680420333001355	1.0	-0.728613355822775	0.0	False		False		intracellular mitogen		AT4G15800	RALFL33
p:pyl rcar	phrase	pyl rcar	1	247	18	21633	4.865721997300945	0.18680420333001355	1.0	-0.728613355822775	0.0	False		False		pyl rcar		AT5G46790	PYL1
p:pyr pyl	phrase	pyr pyl	1	247	18	21633	4.865721997300945	0.18680420333001355	1.0	-0.728613355822775	0.0	False		False		pyr pyl		AT5G46790	PYL1
p:rcar abscisic	phrase	rcar abscisic	1	247	18	21633	4.865721997300945	0.18680420333001355	1.0	-0.728613355822775	0.0	False		False		rcar abscisic		AT5G46790	PYL1
p:rnai construct	phrase	rnai construct	1	247	18	21633	4.865721997300945	0.18680420333001355	1.0	-0.728613355822775	0.0	False		False		rnai construct		AT5G13220	JAZ10
p:tobacco rapid	phrase	tobacco rapid	1	247	18	21633	4.865721997300945	0.18680420333001355	1.0	-0.728613355822775	0.0	False		False		tobacco rapid		AT4G15800	RALFL33
w:alignment	word	alignment	1	247	18	21633	4.865721997300945	0.18680420333001355	1.0	-0.728613355822775	0.0	False		False		alignment		AT5G15920	SMC5
w:diversely	word	diversely	1	247	18	21633	4.865721997300945	0.18680420333001355	1.0	-0.728613355822775	0.0	False		False		diversely		AT4G15800	RALFL33
w:eti	word	eti	1	247	18	21633	4.865721997300945	0.18680420333001355	1.0	-0.728613355822775	0.0	False		False		eti		AT2G05940	RIPK
w:greenhouse	word	greenhouse	1	247	18	21633	4.865721997300945	0.18680420333001355	1.0	-0.728613355822775	0.0	False		False		greenhouse		AT2G28110	FRA8
w:linoleate	word	linoleate	1	247	18	21633	4.865721997300945	0.18680420333001355	1.0	-0.728613355822775	0.0	False		False		linoleate		AT2G47240	LACS1
w:narrower	word	narrower	1	247	18	21633	4.865721997300945	0.18680420333001355	1.0	-0.728613355822775	0.0	False		False		narrower		AT1G19300	PARVUS
w:pyl	word	pyl	1	247	18	21633	4.865721997300945	0.18680420333001355	1.0	-0.728613355822775	0.0	False		False		pyl		AT5G46790	PYL1
w:pyr	word	pyr	1	247	18	21633	4.865721997300945	0.18680420333001355	1.0	-0.728613355822775	0.0	False		False		pyr		AT5G46790	PYL1
w:rcar	word	rcar	1	247	18	21633	4.865721997300945	0.18680420333001355	1.0	-0.728613355822775	0.0	False		False		rcar		AT5G46790	PYL1
w:sbp	word	sbp	1	247	18	21633	4.865721997300945	0.18680420333001355	1.0	-0.728613355822775	0.0	False		False		sbp		AT5G50570	SPL13A
p:late flowering	phrase	late flowering	3	247	131	21633	2.0057174645362674	0.18895394166785445	1.0	-0.7236440440658679	0.0	True		False		late flowering		AT1G75080, AT4G11280, AT4G24510	BZR1, ACS6, CER2
w:acquired	word	acquired	3	247	131	21633	2.0057174645362674	0.18895394166785445	1.0	-0.7236440440658679	0.0	True		False		acquired		AT1G02860, AT1G29660, AT5G13220	NLA, AtGELP15, JAZ10
w:toward	word	toward	5	247	266	21633	1.646296916380019	0.1890346481764038	1.0	-0.7234585866589989	0.0	True		False		toward		AT1G65310, AT4G30280, AT4G30290, AT5G11060, AT5G11160	XTH17, XTH18, XTH19, KNAT4, APT5
w:excess	word	excess	2	247	70	21633	2.502371312897629	0.19039037601821346	1.0	-0.7203550084085809	0.0	True		False		excess		AT1G59500, AT4G03400	GH3.4, DFL2
w:origin	word	origin	2	247	70	21633	2.502371312897629	0.19039037601821346	1.0	-0.7203550084085809	0.0	True		False		origin		AT2G05940, AT4G31800	RIPK, WRKY18
w:rho	word	rho	2	247	70	21633	2.502371312897629	0.19039037601821346	1.0	-0.7203550084085809	0.0	True		False		rho		AT2G33460, AT5G56170	RIC1, LLG1
w:post‑transcriptional	word	post-transcriptional	3	247	132	21633	1.9905226352594776	0.1918394110670151	1.0	-0.7170621674955296	0.0	True		False		post-transcriptional		AT4G14750, AT4G23060, AT5G03960	IQD19, IQD22, IQD12
w:hormone	word	hormone	4	247	199	21633	1.760462230179236	0.19347042750091908	1.0	-0.7133854087054031	0.0	True		False		hormone		AT4G01120, AT4G15800, AT4G16515, AT5G64770	GBF2, RALFL33, RGF6, RGF9
w:chromosomal	word	chromosomal	2	247	71	21633	2.4671266465187887	0.1945268521617673	1.0	-0.711020440915334	0.0	True		False		chromosomal		AT3G53650, AT5G54640	HTB6, RAT5
w:fungi	word	fungi	2	247	71	21633	2.4671266465187887	0.1945268521617673	1.0	-0.711020440915334	0.0	True		False		fungi		AT4G30440, AT5G16590	GAE1, LRR1
w:mildew	word	mildew	2	247	71	21633	2.4671266465187887	0.1945268521617673	1.0	-0.711020440915334	0.0	True		False		mildew		AT3G43720, AT4G31800	LTPG2, WRKY18
w:amount	word	amount	3	247	133	21633	1.9755562996560228	0.19473602333133563	1.0	-0.7105537028872333	0.0	True		False		amount		AT1G02860, AT2G04240, AT5G43760	NLA, XERICO, KCS20
w:impaired	word	impaired	5	247	269	21633	1.6279367277215058	0.19492901041688696	1.0	-0.7101235219578331	0.0	True		False		impaired		AT1G35140, AT2G33570, AT5G44670, AT5G46790, AT5G48870	PHI-1, GALS1, GALS2, PYL1, SAD1
p:generate phosphatidic	phrase	generate phosphatidic	1	247	19	21633	4.609631365864053	0.19609679466831967	1.0	-0.707529505104467	0.0	False		False		generate phosphatidic		AT4G30340	DGK7
p:irregular xylem	phrase	irregular xylem	1	247	19	21633	4.609631365864053	0.19609679466831967	1.0	-0.707529505104467	0.0	False		False		irregular xylem		AT2G28110	FRA8
p:phosphate translocator	phrase	phosphate translocator	1	247	19	21633	4.609631365864053	0.19609679466831967	1.0	-0.707529505104467	0.0	False		False		phosphate translocator		AT1G12500	AT1G12500
p:tim barrel	phrase	tim barrel	1	247	19	21633	4.609631365864053	0.19609679466831967	1.0	-0.707529505104467	0.0	False		False		tim barrel		AT3G49640	AT3G49640
w:alternatively	word	alternatively	1	247	19	21633	4.609631365864053	0.19609679466831967	1.0	-0.707529505104467	0.0	False		False		alternatively		AT5G13220	JAZ10
w:became	word	became	1	247	19	21633	4.609631365864053	0.19609679466831967	1.0	-0.707529505104467	0.0	False		False		became		AT1G35140	PHI-1
w:cut	word	cut	1	247	19	21633	4.609631365864053	0.19609679466831967	1.0	-0.707529505104467	0.0	False		False		cut		AT4G15800	RALFL33
w:entire	word	entire	1	247	19	21633	4.609631365864053	0.19609679466831967	1.0	-0.707529505104467	0.0	False		False		entire		AT5G13220	JAZ10
w:evident	word	evident	1	247	19	21633	4.609631365864053	0.19609679466831967	1.0	-0.707529505104467	0.0	False		False		evident		AT1G35140	PHI-1
w:helice	word	helice	1	247	19	21633	4.609631365864053	0.19609679466831967	1.0	-0.707529505104467	0.0	False		False		helice		AT4G27970	SLAH2
w:index	word	index	1	247	19	21633	4.609631365864053	0.19609679466831967	1.0	-0.707529505104467	0.0	False		False		index		AT5G46790	PYL1
w:made	word	made	1	247	19	21633	4.609631365864053	0.19609679466831967	1.0	-0.707529505104467	0.0	False		False		made		AT4G31800	WRKY18
w:oleoyl	word	oleoyl	1	247	19	21633	4.609631365864053	0.19609679466831967	1.0	-0.707529505104467	0.0	False		False		oleoyl		AT4G30340	DGK7
w:ordered	word	ordered	1	247	19	21633	4.609631365864053	0.19609679466831967	1.0	-0.707529505104467	0.0	False		False		ordered		AT2G33460	RIC1
w:padre	word	padre	1	247	19	21633	4.609631365864053	0.19609679466831967	1.0	-0.707529505104467	0.0	False		False		padre		AT4G37240	AP22.53
w:reception	word	reception	1	247	19	21633	4.609631365864053	0.19609679466831967	1.0	-0.707529505104467	0.0	False		False		reception		AT5G56170	LLG1
w:similarly	word	similarly	1	247	19	21633	4.609631365864053	0.19609679466831967	1.0	-0.707529505104467	0.0	False		False		similarly		AT5G62090	SLK2
w:vlcfas	word	vlcfas	1	247	19	21633	4.609631365864053	0.19609679466831967	1.0	-0.707529505104467	0.0	False		False		vlcfas		AT5G43760	KCS20
p:endomembrane system	phrase	endomembrane system	3	247	134	21633	1.960813342195903	0.19764348362198825	1.0	-0.7041174999330293	0.0	True		False		endomembrane system		AT2G43290, AT3G29170, AT5G11800	MSS3, AT3G29170, KEA6
w:throughout	word	throughout	3	247	134	21633	1.960813342195903	0.19764348362198825	1.0	-0.7041174999330293	0.0	True		False		throughout		AT1G02860, AT4G30290, AT4G30340	NLA, XTH19, DGK7
w:alteration	word	alteration	2	247	72	21633	2.4328609986504723	0.19867474832737725	1.0	-0.7018573284562837	0.0	True		False		alteration		AT2G28110, AT3G43720	FRA8, LTPG2
w:gly	word	gly	2	247	73	21633	2.3995341356552604	0.20283326872313737	1.0	-0.6928608104930497	0.0	True		False		gly		AT1G59500, AT1G66160	GH3.4, CMPG1
w:transient	word	transient	2	247	73	21633	2.3995341356552604	0.20283326872313737	1.0	-0.6928608104930497	0.0	True		False		transient		AT4G15800, AT5G11060	RALFL33, KNAT4
p:agar plate	phrase	agar plate	1	247	20	21633	4.37914979757085	0.2052836222669558	1.0	-0.6876456976961941	0.0	False		False		agar plate		AT3G14370	WAG2
p:asp residue	phrase	asp residue	1	247	20	21633	4.37914979757085	0.2052836222669558	1.0	-0.6876456976961941	0.0	False		False		asp residue		AT1G74890	ARR15
p:male sterility	phrase	male sterility	1	247	20	21633	4.37914979757085	0.2052836222669558	1.0	-0.6876456976961941	0.0	False		False		male sterility		AT4G33790	CER4
p:preferred substrate	phrase	preferred substrate	1	247	20	21633	4.37914979757085	0.2052836222669558	1.0	-0.6876456976961941	0.0	False		False		preferred substrate		AT4G33790	CER4
p:rapid alkalinization	phrase	rapid alkalinization	1	247	20	21633	4.37914979757085	0.2052836222669558	1.0	-0.6876456976961941	0.0	False		False		rapid alkalinization		AT4G15800	RALFL33
p:take place	phrase	take place	1	247	20	21633	4.37914979757085	0.2052836222669558	1.0	-0.6876456976961941	0.0	False		False		take place		AT1G19300	PARVUS
p:transient increase	phrase	transient increase	1	247	20	21633	4.37914979757085	0.2052836222669558	1.0	-0.6876456976961941	0.0	False		False		transient increase		AT4G15800	RALFL33
p:wall thickening	phrase	wall thickening	1	247	20	21633	4.37914979757085	0.2052836222669558	1.0	-0.6876456976961941	0.0	False		False		wall thickening		AT1G19300	PARVUS
w:additively	word	additively	1	247	20	21633	4.37914979757085	0.2052836222669558	1.0	-0.6876456976961941	0.0	False		False		additively		AT1G32640	MYC2
w:alkalinization	word	alkalinization	1	247	20	21633	4.37914979757085	0.2052836222669558	1.0	-0.6876456976961941	0.0	False		False		alkalinization		AT4G15800	RALFL33
w:electrochemical	word	electrochemical	1	247	20	21633	4.37914979757085	0.2052836222669558	1.0	-0.6876456976961941	0.0	False		False		electrochemical		AT1G29440	SAUR63
w:fifth	word	fifth	1	247	20	21633	4.37914979757085	0.2052836222669558	1.0	-0.6876456976961941	0.0	False		False		fifth		AT1G02860	NLA
w:handed	word	handed	1	247	20	21633	4.37914979757085	0.2052836222669558	1.0	-0.6876456976961941	0.0	False		False		handed		AT3G04630	WDL1
w:inactivate	word	inactivate	1	247	20	21633	4.37914979757085	0.2052836222669558	1.0	-0.6876456976961941	0.0	False		False		inactivate		AT2G26710	BAS1
w:kcs	word	kcs	1	247	20	21633	4.37914979757085	0.2052836222669558	1.0	-0.6876456976961941	0.0	False		False		kcs		AT5G43760	KCS20
w:left	word	left	1	247	20	21633	4.37914979757085	0.2052836222669558	1.0	-0.6876456976961941	0.0	False		False		left		AT3G04630	WDL1
w:mode	word	mode	1	247	20	21633	4.37914979757085	0.2052836222669558	1.0	-0.6876456976961941	0.0	False		False		mode		AT1G76670	URGT1
w:post‑transcriptionally	word	post-transcriptionally	1	247	20	21633	4.37914979757085	0.2052836222669558	1.0	-0.6876456976961941	0.0	False		False		post-transcriptionally		AT5G58620	AtC3H66
w:prominent	word	prominent	1	247	20	21633	4.37914979757085	0.2052836222669558	1.0	-0.6876456976961941	0.0	False		False		prominent		AT5G11060	KNAT4
w:selected	word	selected	1	247	20	21633	4.37914979757085	0.2052836222669558	1.0	-0.6876456976961941	0.0	False		False		selected		AT5G48870	SAD1
w:tetraspanin	word	tetraspanin	1	247	20	21633	4.37914979757085	0.2052836222669558	1.0	-0.6876456976961941	0.0	False		False		tetraspanin		AT2G19580	TET2
w:transported	word	transported	1	247	20	21633	4.37914979757085	0.2052836222669558	1.0	-0.6876456976961941	0.0	False		False		transported		AT1G19300	PARVUS
w:unchanged	word	unchanged	1	247	20	21633	4.37914979757085	0.2052836222669558	1.0	-0.6876456976961941	0.0	False		False		unchanged		AT4G31800	WRKY18
w:exogenous	word	exogenous	3	247	137	21633	1.917875823753657	0.2064280262368379	1.0	-0.6852313399241253	0.0	True		False		exogenous		AT1G70700, AT2G04240, AT5G13220	TIFY7, XERICO, JAZ10
p:cell death	phrase	cell death	6	247	347	21633	1.5144033882089396	0.20670021203667469	1.0	-0.6846590778656457	0.0	True		False		cell death		AT1G02860, AT1G55330, AT2G34770, AT4G37450, AT5G04870, AT5G65390	NLA, AGP21, FAH1, AGP18, CPK1, AGP7
w:conjugate	word	conjugate	2	247	74	21633	2.3671079986869463	0.207001634100895	1.0	-0.6840262261459789	0.0	True		False		conjugate		AT1G59500, AT4G03400	GH3.4, DFL2
w:dwarfed	word	dwarfed	2	247	74	21633	2.3671079986869463	0.207001634100895	1.0	-0.6840262261459789	0.0	True		False		dwarfed		AT1G04240, AT1G78240	SHY2, TSD2
w:exposed	word	exposed	2	247	74	21633	2.3671079986869463	0.207001634100895	1.0	-0.6840262261459789	0.0	True		False		exposed		AT3G54810, AT5G25110	BME3, CIPK25
w:affect	word	affect	5	247	276	21633	1.5866484773807428	0.2089266471780681	1.0	-0.6800061651688023	0.0	True		False		affect		AT1G30690, AT1G75080, AT2G38610, AT4G30440, AT5G50570	PATL4, BZR1, KH9, GAE1, SPL13A
p:long day	phrase	long day	3	247	138	21633	1.9039781728568914	0.20937595987106994	1.0	-0.679073184618466	0.0	True		False		long day		AT4G24510, AT5G37770, AT5G63470	CER2, TCH2, NF-YC4
w:constitutive	word	constitutive	3	247	138	21633	1.9039781728568914	0.20937595987106994	1.0	-0.679073184618466	0.0	True		False		constitutive		AT1G70700, AT4G31800, AT5G13220	TIFY7, WRKY18, JAZ10
w:glycerol	word	glycerol	2	247	75	21633	2.3355465587044533	0.2111790814848204	1.0	-0.675349103399817	0.0	True		False		glycerol		AT4G01950, AT4G30340	GPAT3, DGK7
w:nomenclature	word	nomenclature	2	247	75	21633	2.3355465587044533	0.2111790814848204	1.0	-0.675349103399817	0.0	True		False		nomenclature		AT1G29510, AT2G30010	SAUR68, TBL45
w:leaf	word	leaf	17	247	1200	21633	1.2407591093117407	0.21216950778290308	1.0	-0.6733170311470696	0.0	True		False		leaf		AT1G02860, AT1G19300, AT1G75680, AT2G26580, AT2G42580, AT2G45400, AT2G45450, AT3G02170, AT3G04630, AT4G08950, AT4G11280, AT4G14750, AT4G18970, AT4G30340, AT5G04870, AT5G13220, AT5G50570	NLA, PARVUS, GH9B7, YAB5, TTL3, BEN1, ZPR1, LNG2, WDL1, EXO, ACS6, IQD19, AtGELP80, DGK7, CPK1, JAZ10, SPL13A
w:immune	word	immune	5	247	278	21633	1.5752337401333993	0.21298560483303547	1.0	-0.6716497484525479	0.0	True		False		immune		AT1G02860, AT1G44830, AT2G05940, AT5G04870, AT5G37770	NLA, ERF014, RIPK, CPK1, TCH2
p:axis specification	phrase	axis specification	1	247	21	21633	4.170618854829381	0.2143658850393643	1.0	-0.6688443286715386	0.0	False		False		axis specification		AT2G45450	ZPR1
p:sterol desaturase	phrase	sterol desaturase	1	247	21	21633	4.170618854829381	0.2143658850393643	1.0	-0.6688443286715386	0.0	False		False		sterol desaturase		AT2G34770	FAH1
p:vascular patterning	phrase	vascular patterning	1	247	21	21633	4.170618854829381	0.2143658850393643	1.0	-0.6688443286715386	0.0	False		False		vascular patterning		AT2G33460	RIC1
p:vlcfa condensing	phrase	vlcfa condensing	1	247	21	21633	4.170618854829381	0.2143658850393643	1.0	-0.6688443286715386	0.0	False		False		vlcfa condensing		AT5G43760	KCS20
w:ggpp	word	ggpp	1	247	21	21633	4.170618854829381	0.2143658850393643	1.0	-0.6688443286715386	0.0	False		False		ggpp		AT3G14510	IDS5
w:interactive	word	interactive	1	247	21	21633	4.170618854829381	0.2143658850393643	1.0	-0.6688443286715386	0.0	False		False		interactive		AT2G33460	RIC1
w:stele	word	stele	1	247	21	21633	4.170618854829381	0.2143658850393643	1.0	-0.6688443286715386	0.0	False		False		stele		AT2G41820	PXC3
w:thickness	word	thickness	1	247	21	21633	4.170618854829381	0.2143658850393643	1.0	-0.6688443286715386	0.0	False		False		thickness		AT2G28110	FRA8
w:twice	word	twice	1	247	21	21633	4.170618854829381	0.2143658850393643	1.0	-0.6688443286715386	0.0	False		False		twice		AT5G63470	NF-YC4
w:hydrogen	word	hydrogen	5	247	279	21633	1.5695877410648207	0.21502458243471015	1.0	-0.6675118870357362	0.0	True		False		hydrogen		AT1G11260, AT3G28200, AT5G04870, AT5G05410, AT5G37770	STP1, PER31, CPK1, DREB2A, TCH2
w:increase	word	increase	7	247	426	21633	1.4391572104692936	0.21563989057405464	1.0	-0.6662708972250388	0.0	True		False		increase		AT1G11260, AT1G44830, AT2G41940, AT4G14750, AT4G15800, AT5G43760, AT5G48870	STP1, ERF014, ZFP8, IQD19, RALFL33, KCS20, SAD1
w:effector	word	effector	4	247	209	21633	1.6762295875869282	0.21704386508993997	1.0	-0.663452485315909	0.0	True		False		effector		AT2G05940, AT2G33460, AT3G03830, AT5G04870	RIPK, RIC1, SAUR28, CPK1
k:Chromosome	keyword	Chromosome	3	247	141	21633	1.8634679989663192	0.21827499930829317	1.0	-0.6609960044843264	0.0	True		False		Chromosome		AT3G53650, AT5G15920, AT5G54640	HTB6, SMC5, RAT5
p:increased sensitivity	phrase	increased sensitivity	3	247	141	21633	1.8634679989663192	0.21827499930829317	1.0	-0.6609960044843264	0.0	True		False		increased sensitivity		AT1G70700, AT2G33570, AT5G13220	TIFY7, GALS1, JAZ10
p:unidimensional cell	phrase	unidimensional cell	3	247	141	21633	1.8634679989663192	0.21827499930829317	1.0	-0.6609960044843264	0.0	True		False		unidimensional cell		AT2G06850, AT3G02170, AT3G29030	XTH4, LNG2, EXPA5
w:unidimensional	word	unidimensional	3	247	141	21633	1.8634679989663192	0.21827499930829317	1.0	-0.6609960044843264	0.0	True		False		unidimensional		AT2G06850, AT3G02170, AT3G29030	XTH4, LNG2, EXPA5
w:water	word	water	9	247	579	21633	1.3613937194520778	0.21844961614139777	1.0	-0.660648714093892	0.0	True		False		water		AT1G75080, AT3G30775, AT3G54810, AT4G11280, AT4G36110, AT4G38860, AT5G05410, AT5G46590, AT5G48870	BZR1, ERD5, BME3, ACS6, SAUR9, SAUR16, DREB2A, NAC096, SAD1
w:deficient	word	deficient	4	247	210	21633	1.6682475419317524	0.2194438300754926	1.0	-0.6586766253536925	0.0	True		False		deficient		AT4G15290, AT4G33790, AT5G48870, AT5G54640	ATCSLB05, CER4, SAD1, RAT5
w:aspartyl	word	aspartyl	2	247	77	21633	2.274883011725117	0.2195582501288345	1.0	-0.6584502391876518	0.0	True		False		aspartyl		AT1G66180, AT4G16563	AT1G66180, AT4G16563
w:nearly	word	nearly	2	247	77	21633	2.274883011725117	0.2195582501288345	1.0	-0.6584502391876518	0.0	True		False		nearly		AT3G14370, AT4G14750	WAG2, IQD19
w:pair	word	pair	2	247	77	21633	2.274883011725117	0.2195582501288345	1.0	-0.6584502391876518	0.0	True		False		pair		AT1G19300, AT4G14750	PARVUS, IQD19
w:leucine	word	leucine	8	247	504	21633	1.390206284943127	0.22006192833298252	1.0	-0.6574550857750215	0.0	True		False		leucine		AT1G32640, AT2G41820, AT2G45340, AT2G45450, AT3G51810, AT4G01120, AT4G13340, AT5G16590	MYC2, PXC3, AT2G45340, ZPR1, EM1, GBF2, LRX3, LRR1
p:hydrogen peroxide	phrase	hydrogen peroxide	4	247	211	21633	1.6603411554770997	0.22185095994984555	1.0	-0.6539386877496852	0.0	True		False		hydrogen peroxide		AT3G28200, AT5G04870, AT5G05410, AT5G37770	PER31, CPK1, DREB2A, TCH2
k:Carotenoid biosynthesis	keyword	Carotenoid biosynthesis	1	247	22	21633	3.9810452705189547	0.22334476836322495	1.0	-0.6510242160042897	0.0	False		False		Carotenoid biosynthesis		AT3G14510	IDS5
p:condensing enzyme	phrase	condensing enzyme	1	247	22	21633	3.9810452705189547	0.22334476836322495	1.0	-0.6510242160042897	0.0	False		False		condensing enzyme		AT5G43760	KCS20
w:agravitropic	word	agravitropic	1	247	22	21633	3.9810452705189547	0.22334476836322495	1.0	-0.6510242160042897	0.0	False		False		agravitropic		AT1G30690	PATL4
w:areas	word	areas	1	247	22	21633	3.9810452705189547	0.22334476836322495	1.0	-0.6510242160042897	0.0	False		False		areas		AT4G08950	EXO
w:condensing	word	condensing	1	247	22	21633	3.9810452705189547	0.22334476836322495	1.0	-0.6510242160042897	0.0	False		False		condensing		AT5G43760	KCS20
w:deadenylation	word	deadenylation	1	247	22	21633	3.9810452705189547	0.22334476836322495	1.0	-0.6510242160042897	0.0	False		False		deadenylation		AT5G48870	SAD1
w:directional	word	directional	1	247	22	21633	3.9810452705189547	0.22334476836322495	1.0	-0.6510242160042897	0.0	False		False		directional		AT3G14370	WAG2
w:dmapp	word	dmapp	1	247	22	21633	3.9810452705189547	0.22334476836322495	1.0	-0.6510242160042897	0.0	False		False		dmapp		AT3G14510	IDS5
w:geranyl	word	geranyl	1	247	22	21633	3.9810452705189547	0.22334476836322495	1.0	-0.6510242160042897	0.0	False		False		geranyl		AT3G14510	IDS5
w:isolate	word	isolate	1	247	22	21633	3.9810452705189547	0.22334476836322495	1.0	-0.6510242160042897	0.0	False		False		isolate		AT4G30440	GAE1
w:limitation	word	limitation	1	247	22	21633	3.9810452705189547	0.22334476836322495	1.0	-0.6510242160042897	0.0	False		False		limitation		AT1G02860	NLA
w:mixture	word	mixture	1	247	22	21633	3.9810452705189547	0.22334476836322495	1.0	-0.6510242160042897	0.0	False		False		mixture		AT1G32930	GALT31A
w:motility	word	motility	1	247	22	21633	3.9810452705189547	0.22334476836322495	1.0	-0.6510242160042897	0.0	False		False		motility		AT3G43400	ELMOD_D
w:observable	word	observable	1	247	22	21633	3.9810452705189547	0.22334476836322495	1.0	-0.6510242160042897	0.0	False		False		observable		AT5G63470	NF-YC4
w:pid	word	pid	1	247	22	21633	3.9810452705189547	0.22334476836322495	1.0	-0.6510242160042897	0.0	False		False		pid		AT3G14370	WAG2
w:rounded	word	rounded	1	247	22	21633	3.9810452705189547	0.22334476836322495	1.0	-0.6510242160042897	0.0	False		False		rounded		AT2G45400	BEN1
w:sporopollenin	word	sporopollenin	1	247	22	21633	3.9810452705189547	0.22334476836322495	1.0	-0.6510242160042897	0.0	False		False		sporopollenin		AT3G43720	LTPG2
w:wavy	word	wavy	1	247	22	21633	3.9810452705189547	0.22334476836322495	1.0	-0.6510242160042897	0.0	False		False		wavy		AT3G14370	WAG2
w:trichome	word	trichome	5	247	284	21633	1.541954154074243	0.22531091116166135	1.0	-0.6472177761298796	0.0	True		False		trichome		AT1G19300, AT2G30010, AT2G41940, AT4G14750, AT5G37770	PARVUS, TBL45, ZFP8, IQD19, TCH2
p:seed coat	phrase	seed coat	3	247	144	21633	1.8246457489878543	0.22725095616959662	1.0	-0.6434942807867168	0.0	True		False		seed coat		AT2G42160, AT3G02250, AT5G04160	BRIZ1, RRT2, UUAT1
p:apical meristem	phrase	apical meristem	4	247	214	21633	1.637065344886299	0.22911388262434634	1.0	-0.6399485949464245	0.0	True		False		apical meristem		AT2G26580, AT2G45450, AT4G16515, AT5G64770	YAB5, ZPR1, RGF6, RGF9
w:phloem	word	phloem	4	247	214	21633	1.637065344886299	0.22911388262434634	1.0	-0.6399485949464245	0.0	True		False		phloem		AT1G19300, AT1G29660, AT4G11280, AT5G11060	PARVUS, AtGELP15, ACS6, KNAT4
p:guard cell	phrase	guard cell	3	247	145	21633	1.8120619852017312	0.2302587311086791	1.0	-0.6377838929425015	0.0	True		False		guard cell		AT1G19300, AT4G27970, AT5G48870	PARVUS, SLAH2, SAD1
w:endosomal	word	endosomal	2	247	80	21633	2.189574898785425	0.23217695003882205	1.0	-0.6341808981540289	0.0	True		False		endosomal		AT1G02860, AT5G11800	NLA, KEA6
w:epimerase	word	epimerase	2	247	80	21633	2.189574898785425	0.23217695003882205	1.0	-0.6341808981540289	0.0	True		False		epimerase		AT2G45400, AT4G30440	BEN1, GAE1
w:glycan	word	glycan	2	247	80	21633	2.189574898785425	0.23217695003882205	1.0	-0.6341808981540289	0.0	True		False		glycan		AT3G45230, AT4G15290	APAP1, ATCSLB05
w:met	word	met	2	247	80	21633	2.189574898785425	0.23217695003882205	1.0	-0.6341808981540289	0.0	True		False		met		AT1G59500, AT1G66160	GH3.4, CMPG1
w:pin	word	pin	2	247	80	21633	2.189574898785425	0.23217695003882205	1.0	-0.6341808981540289	0.0	True		False		pin		AT1G04240, AT3G14370	SHY2, WAG2
w:promotion	word	promotion	2	247	80	21633	2.189574898785425	0.23217695003882205	1.0	-0.6341808981540289	0.0	True		False		promotion		AT2G41420, AT5G46590	WIH2, NAC096
k:Cellulose degradation	keyword	Cellulose degradation	1	247	23	21633	3.8079563457137833	0.23222144423265645	1.0	-0.6340976783016069	0.0	False		False		Cellulose degradation		AT1G75680	GH9B7
p:alpha expansin	phrase	alpha expansin	1	247	23	21633	3.8079563457137833	0.23222144423265645	1.0	-0.6340976783016069	0.0	False		False		alpha expansin		AT3G29030	EXPA5
p:ath expalpha	phrase	ath expalpha	1	247	23	21633	3.8079563457137833	0.23222144423265645	1.0	-0.6340976783016069	0.0	False		False		ath expalpha		AT3G29030	EXPA5
p:ketoacyl coa	phrase	ketoacyl coa	1	247	23	21633	3.8079563457137833	0.23222144423265645	1.0	-0.6340976783016069	0.0	False		False		ketoacyl coa		AT5G43760	KCS20
p:ligand gated	phrase	ligand gated	1	247	23	21633	3.8079563457137833	0.23222144423265645	1.0	-0.6340976783016069	0.0	False		False		ligand gated		AT3G20300	AT3G20300
p:microtubule array	phrase	microtubule array	1	247	23	21633	3.8079563457137833	0.23222144423265645	1.0	-0.6340976783016069	0.0	False		False		microtubule array		AT2G33460	RIC1
p:polarity specification	phrase	polarity specification	1	247	23	21633	3.8079563457137833	0.23222144423265645	1.0	-0.6340976783016069	0.0	False		False		polarity specification		AT2G26580	YAB5
p:trichome branch	phrase	trichome branch	1	247	23	21633	3.8079563457137833	0.23222144423265645	1.0	-0.6340976783016069	0.0	False		False		trichome branch		AT4G14750	IQD19
w:expalpha	word	expalpha	1	247	23	21633	3.8079563457137833	0.23222144423265645	1.0	-0.6340976783016069	0.0	False		False		expalpha		AT3G29030	EXPA5
w:markedly	word	markedly	1	247	23	21633	3.8079563457137833	0.23222144423265645	1.0	-0.6340976783016069	0.0	False		False		markedly		AT5G46790	PYL1
w:regeneration	word	regeneration	1	247	23	21633	3.8079563457137833	0.23222144423265645	1.0	-0.6340976783016069	0.0	False		False		regeneration		AT4G15800	RALFL33
w:stimulating	word	stimulating	1	247	23	21633	3.8079563457137833	0.23222144423265645	1.0	-0.6340976783016069	0.0	False		False		stimulating		AT1G29440	SAUR63
w:stimulation	word	stimulation	1	247	23	21633	3.8079563457137833	0.23222144423265645	1.0	-0.6340976783016069	0.0	False		False		stimulation		AT4G14560	IAA1
w:peroxide	word	peroxide	4	247	216	21633	1.6219073324336484	0.2339889892270431	1.0	-0.6308045786174032	0.0	True		False		peroxide		AT3G28200, AT5G04870, AT5G05410, AT5G37770	PER31, CPK1, DREB2A, TCH2
w:environmental	word	environmental	3	247	147	21633	1.7874080806411632	0.23629631411217494	1.0	-0.6265430526936068	0.0	True		False		environmental		AT3G28200, AT4G08950, AT5G57560	PER31, EXO, TCH4
w:mucilage	word	mucilage	2	247	81	21633	2.162543109911531	0.23639374501381713	1.0	-0.6263640190848715	0.0	True		False		mucilage		AT3G02250, AT5G04160	RRT2, UUAT1
w:unable	word	unable	2	247	81	21633	2.162543109911531	0.23639374501381713	1.0	-0.6263640190848715	0.0	True		False		unable		AT3G05800, AT4G33790	AIF1, CER4
w:zone	word	zone	2	247	81	21633	2.162543109911531	0.23639374501381713	1.0	-0.6263640190848715	0.0	True		False		zone		AT1G04240, AT5G11060	SHY2, KNAT4
w:machinery	word	machinery	4	247	217	21633	1.6144331050952443	0.23643605540231735	1.0	-0.6262862948454699	0.0	True		False		machinery		AT3G43720, AT3G53650, AT4G24510, AT5G54640	LTPG2, HTB6, CER2, RAT5
w:downstream	word	downstream	5	247	290	21633	1.510051654334776	0.2378439113563071	1.0	-0.6237079617475628	0.0	True		False		downstream		AT1G75080, AT2G33460, AT2G41420, AT4G03400, AT4G30290	BZR1, RIC1, WIH2, DFL2, XTH19
w:flowering	word	flowering	11	247	749	21633	1.2862656281249492	0.23855483895363183	1.0	-0.6224117695911329	0.0	True		False		flowering		AT1G12990, AT1G19300, AT1G66400, AT1G75080, AT2G26710, AT4G08950, AT4G11280, AT4G24510, AT5G37770, AT5G50570, AT5G63470	AT1G12990, PARVUS, CML23, BZR1, BAS1, EXO, ACS6, CER2, TCH2, SPL13A, NF-YC4
k:Calcium	keyword	Calcium	7	247	440	21633	1.3933658446816342	0.2389696290118725	1.0	-0.6216572906446786	0.0	True		False		Calcium		AT1G04680, AT1G66400, AT2G43290, AT3G28200, AT4G27280, AT5G04870, AT5G37770	PLL26, CML23, MSS3, PER31, KRP1, CPK1, TCH2
p:conjugating enzyme	phrase	conjugating enzyme	3	247	148	21633	1.7753309990152097	0.23932557859718193	1.0	-0.6210108824565336	0.0	True		False		conjugating enzyme		AT1G59500, AT3G24515, AT4G03400	GH3.4, UBC37, DFL2
w:content	word	content	6	247	365	21633	1.4397204813931563	0.2396036430374164	1.0	-0.6205065830313932	0.0	True		False		content		AT1G78240, AT2G28110, AT2G47240, AT3G58620, AT4G30440, AT5G43760	TSD2, FRA8, LACS1, TTL4, GAE1, KCS20
w:death	word	death	6	247	365	21633	1.4397204813931563	0.2396036430374164	1.0	-0.6205065830313932	0.0	True		False		death		AT1G02860, AT1G55330, AT2G34770, AT4G37450, AT5G04870, AT5G65390	NLA, AGP21, FAH1, AGP18, CPK1, AGP7
w:clathrin	word	clathrin	2	247	82	21633	2.1361706329613903	0.24061471481540744	1.0	-0.6186778168643289	0.0	True		False		clathrin		AT1G02860, AT2G33460	NLA, RIC1
p:cdp diacylglycerol	phrase	cdp diacylglycerol	1	247	24	21633	3.6492914979757085	0.24099707140871068	1.0	-0.6179882349303787	0.0	False		False		cdp diacylglycerol		AT4G01950	GPAT3
p:chalcone stilbene	phrase	chalcone stilbene	1	247	24	21633	3.6492914979757085	0.24099707140871068	1.0	-0.6179882349303787	0.0	False		False		chalcone stilbene		AT5G43760	KCS20
p:dimethylaniline monooxygenase	phrase	dimethylaniline monooxygenase	1	247	24	21633	3.6492914979757085	0.24099707140871068	1.0	-0.6179882349303787	0.0	False		False		dimethylaniline monooxygenase		AT1G04610	YUC3
p:monoatomic anion	phrase	monoatomic anion	1	247	24	21633	3.6492914979757085	0.24099707140871068	1.0	-0.6179882349303787	0.0	False		False		monoatomic anion		AT4G27970	SLAH2
p:rosette diameter	phrase	rosette diameter	1	247	24	21633	3.6492914979757085	0.24099707140871068	1.0	-0.6179882349303787	0.0	False		False		rosette diameter		AT1G19300	PARVUS
p:stilbene synthase	phrase	stilbene synthase	1	247	24	21633	3.6492914979757085	0.24099707140871068	1.0	-0.6179882349303787	0.0	False		False		stilbene synthase		AT5G43760	KCS20
w:acidifying	word	acidifying	1	247	24	21633	3.6492914979757085	0.24099707140871068	1.0	-0.6179882349303787	0.0	False		False		acidifying		AT1G29440	SAUR63
w:dimethylaniline	word	dimethylaniline	1	247	24	21633	3.6492914979757085	0.24099707140871068	1.0	-0.6179882349303787	0.0	False		False		dimethylaniline		AT1G04610	YUC3
w:exostosin	word	exostosin	1	247	24	21633	3.6492914979757085	0.24099707140871068	1.0	-0.6179882349303787	0.0	False		False		exostosin		AT2G28110	FRA8
w:hydroxylated	word	hydroxylated	1	247	24	21633	3.6492914979757085	0.24099707140871068	1.0	-0.6179882349303787	0.0	False		False		hydroxylated		AT4G00360	CYP86A2
w:meja	word	meja	1	247	24	21633	3.6492914979757085	0.24099707140871068	1.0	-0.6179882349303787	0.0	False		False		meja		AT5G13220	JAZ10
w:modifying	word	modifying	1	247	24	21633	3.6492914979757085	0.24099707140871068	1.0	-0.6179882349303787	0.0	False		False		modifying		AT5G57560	TCH4
w:nap	word	nap	1	247	24	21633	3.6492914979757085	0.24099707140871068	1.0	-0.6179882349303787	0.0	False		False		nap		AT5G25110	CIPK25
w:pericycle	word	pericycle	1	247	24	21633	3.6492914979757085	0.24099707140871068	1.0	-0.6179882349303787	0.0	False		False		pericycle		AT5G11060	KNAT4
w:senescing	word	senescing	1	247	24	21633	3.6492914979757085	0.24099707140871068	1.0	-0.6179882349303787	0.0	False		False		senescing		AT1G02860	NLA
w:stilbene	word	stilbene	1	247	24	21633	3.6492914979757085	0.24099707140871068	1.0	-0.6179882349303787	0.0	False		False		stilbene		AT5G43760	KCS20
w:synergistic	word	synergistic	1	247	24	21633	3.6492914979757085	0.24099707140871068	1.0	-0.6179882349303787	0.0	False		False		synergistic		AT2G47240	LACS1
w:transducer	word	transducer	1	247	24	21633	3.6492914979757085	0.24099707140871068	1.0	-0.6179882349303787	0.0	False		False		transducer		AT4G27280	KRP1
k:Ligase	keyword	Ligase	4	247	219	21633	1.5996894237701735	0.24134849195434166	1.0	-0.6173554104891841	0.0	True		False		Ligase		AT1G59500, AT2G37950, AT2G47240, AT4G03400	GH3.4, AT2G37950, LACS1, DFL2
k:Lipid biosynthesis	keyword	Lipid biosynthesis	4	247	220	21633	1.592418108207582	0.2438135746418801	1.0	-0.6129421181272249	0.0	True		False		Lipid biosynthesis		AT2G34770, AT2G45400, AT4G01950, AT4G33790	FAH1, BEN1, GPAT3, CER4
p:iron ion	phrase	iron ion	5	247	293	21633	1.4945903745975597	0.24418226046048533	1.0	-0.6122858902026256	0.0	True		False		iron ion		AT1G01600, AT1G13090, AT2G19800, AT2G26710, AT4G00360	CYP86A4, CYP71B28, MIOX2, BAS1, CYP86A2
w:hook	word	hook	2	247	83	21633	2.1104336373835424	0.24483921734349043	1.0	-0.6111190174425226	0.0	True		False		hook		AT1G32640, AT4G11280	MYC2, ACS6
w:slightly	word	slightly	6	247	368	21633	1.4279836296426687	0.24523846055756493	1.0	-0.6104114187454769	0.0	True		False		slightly		AT1G19300, AT1G75080, AT4G08950, AT4G11280, AT4G30440, AT5G50570	PARVUS, BZR1, EXO, ACS6, GAE1, SPL13A
w:enzyme	word	enzyme	19	247	1399	21633	1.1894759993401882	0.2487190051430709	1.0	-0.6042910281059819	0.0	True		False		enzyme		AT1G29660, AT1G29670, AT1G59500, AT1G74380, AT2G34510, AT2G47240, AT3G24515, AT3G28180, AT4G02330, AT4G03400, AT4G11280, AT4G18970, AT4G28780, AT5G04870, AT5G43760, AT5G45670, AT5G45950, AT5G57560, AT5G62220	AtGELP15, AtGELP16, GH3.4, XXT5, ATHB-1, LACS1, UBC37, CSLC04, ATPMEPCRB, DFL2, ACS6, AtGELP80, AtGELP82, CPK1, KCS20, AtGELP100, AtGELP102, TCH4, GT18
p:molecular oxygen	phrase	molecular oxygen	4	247	222	21633	1.5780719991246308	0.24876075217042223	1.0	-0.6042181386933352	0.0	True		False		molecular oxygen		AT1G01600, AT1G13090, AT2G26710, AT4G00360	CYP86A4, CYP71B28, BAS1, CYP86A2
k:Antiport	keyword	Antiport	2	247	84	21633	2.0853094274146904	0.24906662450094996	1.0	-0.6036844650214731	0.0	True		False		Antiport		AT1G76670, AT5G11800	URGT1, KEA6
w:ligand	word	ligand	2	247	84	21633	2.0853094274146904	0.24906662450094996	1.0	-0.6036844650214731	0.0	True		False		ligand		AT3G20300, AT4G13340	AT3G20300, LRX3
w:pyrimidine	word	pyrimidine	2	247	84	21633	2.0853094274146904	0.24906662450094996	1.0	-0.6036844650214731	0.0	True		False		pyrimidine		AT4G24510, AT5G11160	CER2, APT5
p:actin nucleation	phrase	actin nucleation	1	247	25	21633	3.5033198380566803	0.24967279556818361	1.0	-0.6026287759436724	0.0	False		False		actin nucleation		AT3G07540	FH10
p:asp phosphorelay	phrase	asp phosphorelay	1	247	25	21633	3.5033198380566803	0.24967279556818361	1.0	-0.6026287759436724	0.0	False		False		asp phosphorelay		AT1G74890	ARR15
p:effector triggered	phrase	effector triggered	1	247	25	21633	3.5033198380566803	0.24967279556818361	1.0	-0.6026287759436724	0.0	False		False		effector triggered		AT2G05940	RIPK
p:ltp gpi	phrase	ltp gpi	1	247	25	21633	3.5033198380566803	0.24967279556818361	1.0	-0.6026287759436724	0.0	False		False		ltp gpi		AT3G43720	LTPG2
p:pectate lyase	phrase	pectate lyase	1	247	25	21633	3.5033198380566803	0.24967279556818361	1.0	-0.6026287759436724	0.0	False		False		pectate lyase		AT1G04680	PLL26
p:udp glucuronate	phrase	udp glucuronate	1	247	25	21633	3.5033198380566803	0.24967279556818361	1.0	-0.6026287759436724	0.0	False		False		udp glucuronate		AT4G30440	GAE1
p:week old	phrase	week old	1	247	25	21633	3.5033198380566803	0.24967279556818361	1.0	-0.6026287759436724	0.0	False		False		week old		AT3G57420	STL2
w:atltpg	word	atltpg	1	247	25	21633	3.5033198380566803	0.24967279556818361	1.0	-0.6026287759436724	0.0	False		False		atltpg		AT3G43720	LTPG2
w:begin	word	begin	1	247	25	21633	3.5033198380566803	0.24967279556818361	1.0	-0.6026287759436724	0.0	False		False		begin		AT4G30290	XTH19
w:diminished	word	diminished	1	247	25	21633	3.5033198380566803	0.24967279556818361	1.0	-0.6026287759436724	0.0	False		False		diminished		AT1G35140	PHI-1
w:dsbs	word	dsbs	1	247	25	21633	3.5033198380566803	0.24967279556818361	1.0	-0.6026287759436724	0.0	False		False		dsbs		AT5G15920	SMC5
w:fashion	word	fashion	1	247	25	21633	3.5033198380566803	0.24967279556818361	1.0	-0.6026287759436724	0.0	False		False		fashion		AT1G02860	NLA
w:glycerolipid	word	glycerolipid	1	247	25	21633	3.5033198380566803	0.24967279556818361	1.0	-0.6026287759436724	0.0	False		False		glycerolipid		AT4G01950	GPAT3
w:photoreceptor	word	photoreceptor	1	247	25	21633	3.5033198380566803	0.24967279556818361	1.0	-0.6026287759436724	0.0	False		False		photoreceptor		AT2G26710	BAS1
w:strigolactone	word	strigolactone	1	247	25	21633	3.5033198380566803	0.24967279556818361	1.0	-0.6026287759436724	0.0	False		False		strigolactone		AT1G04240	SHY2
p:rosette leave	phrase	rosette leave	4	247	223	21633	1.5709954430747446	0.2512425614431714	1.0	-0.5999067875694912	0.0	True		False		rosette leave		AT1G02860, AT1G19300, AT2G28110, AT4G11280	NLA, PARVUS, FRA8, ACS6
w:proline	word	proline	4	247	223	21633	1.5709954430747446	0.2512425614431714	1.0	-0.5999067875694912	0.0	True		False		proline		AT1G52290, AT2G21140, AT2G41420, AT3G30775	PERK15, PRP2, WIH2, ERD5
p:embryogenesis abundant	phrase	embryogenesis abundant	2	247	85	21633	2.060776375327459	0.25329632195982715	1.0	-0.5963711164240141	0.0	True		False		embryogenesis abundant		AT1G17620, AT3G51810	AT1G17620, EM1
w:diacylglycerol	word	diacylglycerol	2	247	85	21633	2.060776375327459	0.25329632195982715	1.0	-0.5963711164240141	0.0	True		False		diacylglycerol		AT4G01950, AT4G30340	GPAT3, DGK7
w:incorporation	word	incorporation	4	247	224	21633	1.563982070561018	0.253729661329251	1.0	-0.5956287602175934	0.0	True		False		incorporation		AT1G01600, AT1G13090, AT2G26710, AT4G00360	CYP86A4, CYP71B28, BAS1, CYP86A2
w:aborted	word	aborted	2	247	86	21633	2.036813859335279	0.2575277089309687	1.0	-0.5891760357940519	0.0	True		False		aborted		AT4G14750, AT5G50915	IQD19, BHLH137
w:eight	word	eight	2	247	86	21633	2.036813859335279	0.2575277089309687	1.0	-0.5891760357940519	0.0	True		False		eight		AT3G57420, AT5G05410	STL2, DREB2A
w:fully	word	fully	2	247	86	21633	2.036813859335279	0.2575277089309687	1.0	-0.5891760357940519	0.0	True		False		fully		AT1G19300, AT4G31800	PARVUS, WRKY18
k:Pyrrolidone carboxylic acid	keyword	Pyrrolidone carboxylic acid	1	247	26	21633	3.3685767673621925	0.25824974945075746	1.0	-0.5879600911527998	0.0	False		False		Pyrrolidone carboxylic acid		AT5G65390	AGP7
p:cadmium tolerance	phrase	cadmium tolerance	1	247	26	21633	3.3685767673621925	0.25824974945075746	1.0	-0.5879600911527998	0.0	False		False		cadmium tolerance		AT4G37240	AP22.53
p:geranylgeranyl diphosphate	phrase	geranylgeranyl diphosphate	1	247	26	21633	3.3685767673621925	0.25824974945075746	1.0	-0.5879600911527998	0.0	False		False		geranylgeranyl diphosphate		AT3G14510	IDS5
w:archaeal	word	archaeal	1	247	26	21633	3.3685767673621925	0.25824974945075746	1.0	-0.5879600911527998	0.0	False		False		archaeal		AT1G53690	NRPB12L
w:cooperation	word	cooperation	1	247	26	21633	3.3685767673621925	0.25824974945075746	1.0	-0.5879600911527998	0.0	False		False		cooperation		AT1G32640	MYC2
w:differentially	word	differentially	1	247	26	21633	3.3685767673621925	0.25824974945075746	1.0	-0.5879600911527998	0.0	False		False		differentially		AT1G44830	ERF014
w:glabra	word	glabra	1	247	26	21633	3.3685767673621925	0.25824974945075746	1.0	-0.5879600911527998	0.0	False		False		glabra		AT4G24510	CER2
w:indica	word	indica	1	247	26	21633	3.3685767673621925	0.25824974945075746	1.0	-0.5879600911527998	0.0	False		False		indica		AT5G16590	LRR1
w:inoculation	word	inoculation	1	247	26	21633	3.3685767673621925	0.25824974945075746	1.0	-0.5879600911527998	0.0	False		False		inoculation		AT1G02860	NLA
w:ler	word	ler	1	247	26	21633	3.3685767673621925	0.25824974945075746	1.0	-0.5879600911527998	0.0	False		False		ler		AT1G19300	PARVUS
w:multifunctional	word	multifunctional	1	247	26	21633	3.3685767673621925	0.25824974945075746	1.0	-0.5879600911527998	0.0	False		False		multifunctional		AT5G48870	SAD1
w:receiver	word	receiver	1	247	26	21633	3.3685767673621925	0.25824974945075746	1.0	-0.5879600911527998	0.0	False		False		receiver		AT1G74890	ARR15
w:strict	word	strict	1	247	26	21633	3.3685767673621925	0.25824974945075746	1.0	-0.5879600911527998	0.0	False		False		strict		AT1G76670	URGT1
w:innate	word	innate	3	247	155	21633	1.6951547603500066	0.26070107045774765	1.0	-0.583857185582962	0.0	True		False		innate		AT1G44830, AT2G05940, AT5G37770	ERF014, RIPK, TCH2
p:late embryogenesis	phrase	late embryogenesis	2	247	87	21633	2.0134022057797014	0.2617601979371064	1.0	-0.5820963896050402	0.0	True		False		late embryogenesis		AT1G17620, AT3G51810	AT1G17620, EM1
w:heme	word	heme	5	247	302	21633	1.4500496018446525	0.26345566111844887	1.0	-0.5792924648987902	0.0	True		False		heme		AT1G01600, AT1G13090, AT2G26710, AT3G28200, AT4G00360	CYP86A4, CYP71B28, BAS1, PER31, CYP86A2
w:secondary	word	secondary	6	247	378	21633	1.3902062849431271	0.2642913912926484	1.0	-0.5779169828198168	0.0	True		False		secondary		AT1G19300, AT1G32640, AT2G06850, AT2G28110, AT2G30010, AT5G22940	PARVUS, MYC2, XTH4, FRA8, TBL45, F8H
p:pectin lyase	phrase	pectin lyase	2	247	88	21633	1.9905226352594774	0.2659932145893192	1.0	-0.5751294419554092	0.0	True		False		pectin lyase		AT1G04680, AT3G06770	PLL26, PGF4
w:link	word	link	2	247	88	21633	1.9905226352594774	0.2659932145893192	1.0	-0.5751294419554092	0.0	True		False		link		AT4G36110, AT4G38860	SAUR9, SAUR16
p:elongation zone	phrase	elongation zone	1	247	27	21633	3.2438146648672967	0.26672905300449773	1.0	-0.5739296769522757	0.0	False		False		elongation zone		AT5G11060	KNAT4
p:glycosylphosphatidylinositol anchored	phrase	glycosylphosphatidylinositol anchored	1	247	27	21633	3.2438146648672967	0.26672905300449773	1.0	-0.5739296769522757	0.0	False		False		glycosylphosphatidylinositol anchored		AT3G43720	LTPG2
p:organ abscission	phrase	organ abscission	1	247	27	21633	3.2438146648672967	0.26672905300449773	1.0	-0.5739296769522757	0.0	False		False		organ abscission		AT3G14380	CASPL2A2
p:transparent testa	phrase	transparent testa	1	247	27	21633	3.2438146648672967	0.26672905300449773	1.0	-0.5739296769522757	0.0	False		False		transparent testa		AT4G24510	CER2
w:anisotropic	word	anisotropic	1	247	27	21633	3.2438146648672967	0.26672905300449773	1.0	-0.5739296769522757	0.0	False		False		anisotropic		AT3G04630	WDL1
w:beyond	word	beyond	1	247	27	21633	3.2438146648672967	0.26672905300449773	1.0	-0.5739296769522757	0.0	False		False		beyond		AT1G32930	GALT31A
w:candidate	word	candidate	1	247	27	21633	3.2438146648672967	0.26672905300449773	1.0	-0.5739296769522757	0.0	False		False		candidate		AT1G12990	AT1G12990
w:colocalize	word	colocalize	1	247	27	21633	3.2438146648672967	0.26672905300449773	1.0	-0.5739296769522757	0.0	False		False		colocalize		AT5G03520	RAB8C
w:enable	word	enable	1	247	27	21633	3.2438146648672967	0.26672905300449773	1.0	-0.5739296769522757	0.0	False		False		enable		AT3G14370	WAG2
w:fmo	word	fmo	1	247	27	21633	3.2438146648672967	0.26672905300449773	1.0	-0.5739296769522757	0.0	False		False		fmo		AT1G04610	YUC3
w:fpp	word	fpp	1	247	27	21633	3.2438146648672967	0.26672905300449773	1.0	-0.5739296769522757	0.0	False		False		fpp		AT3G14510	IDS5
w:ipp	word	ipp	1	247	27	21633	3.2438146648672967	0.26672905300449773	1.0	-0.5739296769522757	0.0	False		False		ipp		AT3G14510	IDS5
w:mobility	word	mobility	1	247	27	21633	3.2438146648672967	0.26672905300449773	1.0	-0.5739296769522757	0.0	False		False		mobility		AT5G58620	AtC3H66
w:model	word	model	1	247	27	21633	3.2438146648672967	0.26672905300449773	1.0	-0.5739296769522757	0.0	False		False		model		AT1G12990	AT1G12990
w:pectate	word	pectate	1	247	27	21633	3.2438146648672967	0.26672905300449773	1.0	-0.5739296769522757	0.0	False		False		pectate		AT1G04680	PLL26
w:polarization	word	polarization	1	247	27	21633	3.2438146648672967	0.26672905300449773	1.0	-0.5739296769522757	0.0	False		False		polarization		AT4G13340	LRX3
w:selection	word	selection	1	247	27	21633	3.2438146648672967	0.26672905300449773	1.0	-0.5739296769522757	0.0	False		False		selection		AT4G37450	AGP18
w:sense	word	sense	1	247	27	21633	3.2438146648672967	0.26672905300449773	1.0	-0.5739296769522757	0.0	False		False		sense		AT4G03400	DFL2
w:tim	word	tim	1	247	27	21633	3.2438146648672967	0.26672905300449773	1.0	-0.5739296769522757	0.0	False		False		tim		AT3G49640	AT3G49640
w:conjugating	word	conjugating	3	247	157	21633	1.6735604321926816	0.26685539862081104	1.0	-0.5737240067726597	0.0	True		False		conjugating		AT1G59500, AT3G24515, AT4G03400	GH3.4, UBC37, DFL2
w:enhance	word	enhance	3	247	158	21633	1.6629682775585506	0.2699391319202635	1.0	-0.5687341530679845	0.0	True		False		enhance		AT1G32930, AT3G03830, AT5G46790	GALT31A, SAUR28, PYL1
w:reaction	word	reaction	7	247	458	21633	1.3386047416155438	0.2700903255416515	1.0	-0.5684909716775024	0.0	True		False		reaction		AT1G29660, AT1G29670, AT4G18970, AT4G28780, AT5G11160, AT5G45670, AT5G45950	AtGELP15, AtGELP16, AtGELP80, AtGELP82, APT5, AtGELP100, AtGELP102
p:amino acyl	phrase	amino acyl	2	247	89	21633	1.968157212391393	0.2702261973668297	1.0	-0.5682725501313791	0.0	True		False		amino acyl		AT5G01210, AT5G43760	AT5G01210, KCS20
p:transferring group	phrase	transferring group	2	247	89	21633	1.968157212391393	0.2702261973668297	1.0	-0.5682725501313791	0.0	True		False		transferring group		AT5G01210, AT5G43760	AT5G01210, KCS20
w:degree	word	degree	2	247	89	21633	1.968157212391393	0.2702261973668297	1.0	-0.5682725501313791	0.0	True		False		degree		AT3G14370, AT4G03400	WAG2, DFL2
w:organization	word	organization	13	247	934	21633	1.2190352755550544	0.2711644741692088	1.0	-0.5667672089159809	0.0	True		False		organization		AT1G04200, AT2G21140, AT2G33460, AT2G40090, AT3G04630, AT3G07540, AT3G28180, AT3G29030, AT3G53650, AT4G13340, AT4G31590, AT5G15920, AT5G57560	AT1G04200, PRP2, RIC1, ATH9, WDL1, FH10, CSLC04, EXPA5, HTB6, LRX3, CSLC5, SMC5, TCH4
w:seed	word	seed	22	247	1671	21633	1.153097493076705	0.2735380376118959	1.0	-0.5629822730734642	0.0	True		False		seed		AT1G02860, AT1G03870, AT1G19300, AT1G32930, AT1G70700, AT1G75080, AT2G04240, AT2G38610, AT2G42160, AT3G02170, AT3G02250, AT3G11700, AT3G43720, AT3G51810, AT3G54810, AT5G04160, AT5G13220, AT5G46790, AT5G48870, AT5G56170, AT5G62090, AT5G63470	NLA, FLA9, PARVUS, GALT31A, TIFY7, BZR1, XERICO, KH9, BRIZ1, LNG2, RRT2, FLA18, LTPG2, EM1, BME3, UUAT1, JAZ10, PYL1, SAD1, LLG1, SLK2, NF-YC4
w:classical	word	classical	2	247	90	21633	1.9462887989203779	0.27445859740009126	1.0	-0.5615231604191229	0.0	True		False		classical		AT3G28200, AT5G65390	PER31, AGP7
w:gpi	word	gpi	2	247	90	21633	1.9462887989203779	0.27445859740009126	1.0	-0.5615231604191229	0.0	True		False		gpi		AT3G43720, AT5G56170	LTPG2, LLG1
w:messenger	word	messenger	2	247	90	21633	1.9462887989203779	0.27445859740009126	1.0	-0.5615231604191229	0.0	True		False		messenger		AT4G30340, AT5G04870	DGK7, CPK1
k:Hormone	keyword	Hormone	1	247	28	21633	3.127964141122036	0.27511181352971686	1.0	-0.5604907602442271	0.0	False		False		Hormone		AT4G15800	RALFL33
p:disrupting non‑covalent	phrase	disrupting non-covalent	1	247	28	21633	3.127964141122036	0.27511181352971686	1.0	-0.5604907602442271	0.0	False		False		disrupting non-covalent		AT3G29030	EXPA5
p:gtp bound	phrase	gtp bound	1	247	28	21633	3.127964141122036	0.27511181352971686	1.0	-0.5604907602442271	0.0	False		False		gtp bound		AT2G33460	RIC1
p:indole glucosinolate	phrase	indole glucosinolate	1	247	28	21633	3.127964141122036	0.27511181352971686	1.0	-0.5604907602442271	0.0	False		False		indole glucosinolate		AT1G32640	MYC2
p:matrix glucan	phrase	matrix glucan	1	247	28	21633	3.127964141122036	0.27511181352971686	1.0	-0.5604907602442271	0.0	False		False		matrix glucan		AT3G29030	EXPA5
p:non‑covalent bonding	phrase	non-covalent bonding	1	247	28	21633	3.127964141122036	0.27511181352971686	1.0	-0.5604907602442271	0.0	False		False		non-covalent bonding		AT3G29030	EXPA5
p:pathogenic bacteria	phrase	pathogenic bacteria	1	247	28	21633	3.127964141122036	0.27511181352971686	1.0	-0.5604907602442271	0.0	False		False		pathogenic bacteria		AT3G53810	LECRK42
p:stomatal density	phrase	stomatal density	1	247	28	21633	3.127964141122036	0.27511181352971686	1.0	-0.5604907602442271	0.0	False		False		stomatal density		AT5G46790	PYL1
w:decapping	word	decapping	1	247	28	21633	3.127964141122036	0.27511181352971686	1.0	-0.5604907602442271	0.0	False		False		decapping		AT5G48870	SAD1
w:differential	word	differential	1	247	28	21633	3.127964141122036	0.27511181352971686	1.0	-0.5604907602442271	0.0	False		False		differential		AT3G14370	WAG2
w:elongase	word	elongase	1	247	28	21633	3.127964141122036	0.27511181352971686	1.0	-0.5604907602442271	0.0	False		False		elongase		AT5G43760	KCS20
w:gat	word	gat	1	247	28	21633	3.127964141122036	0.27511181352971686	1.0	-0.5604907602442271	0.0	False		False		gat		AT3G54810	BME3
w:mutated	word	mutated	1	247	28	21633	3.127964141122036	0.27511181352971686	1.0	-0.5604907602442271	0.0	False		False		mutated		AT2G28110	FRA8
w:preferred	word	preferred	1	247	28	21633	3.127964141122036	0.27511181352971686	1.0	-0.5604907602442271	0.0	False		False		preferred		AT4G33790	CER4
w:prone	word	prone	1	247	28	21633	3.127964141122036	0.27511181352971686	1.0	-0.5604907602442271	0.0	False		False		prone		AT1G11260	STP1
w:referred	word	referred	1	247	28	21633	3.127964141122036	0.27511181352971686	1.0	-0.5604907602442271	0.0	False		False		referred		AT1G29510	SAUR68
w:early	word	early	13	247	939	21633	1.2125441399024717	0.2773352190327851	1.0	-0.5569949754983534	0.0	True		False		early		AT1G02860, AT1G04240, AT2G26710, AT2G41940, AT3G30775, AT4G11280, AT4G14560, AT4G39990, AT5G15350, AT5G16590, AT5G43700, AT5G56170, AT5G57920	NLA, SHY2, BAS1, ZFP8, ERD5, ACS6, IAA1, RABA4B, ENODL17, LRR1, ATAUX2-11, LLG1, ENODL10
w:secretory	word	secretory	5	247	309	21633	1.4172005817381392	0.27868228182234833	1.0	-0.5548906421636004	0.0	True		False		secretory		AT1G03870, AT1G29660, AT3G11700, AT4G13340, AT5G57560	FLA9, AtGELP15, FLA18, LRX3, TCH4
w:bacteria	word	bacteria	2	247	91	21633	1.9249010099212527	0.2786898782571156	1.0	-0.5548788041496554	0.0	True		False		bacteria		AT3G53810, AT4G30440	LECRK42, GAE1
w:inhibitor	word	inhibitor	7	247	463	21633	1.3241489668680757	0.278927369509239	1.0	-0.5545088688689694	0.0	True		False		inhibitor		AT1G75080, AT2G45450, AT3G14370, AT3G43720, AT4G02330, AT4G30340, AT5G46790	BZR1, ZPR1, WAG2, LTPG2, ATPMEPCRB, DGK7, PYL1
w:transfer	word	transfer	8	247	543	21633	1.2903572147538418	0.28181874455153677	1.0	-0.5500301241274314	0.0	True		False		transfer		AT1G19300, AT1G30690, AT1G32930, AT2G33570, AT3G02250, AT3G43720, AT5G15350, AT5G57920	PARVUS, PATL4, GALT31A, GALS1, RRT2, LTPG2, ENODL17, ENODL10
w:production	word	production	7	247	465	21633	1.3184537024944496	0.2824829142225768	1.0	-0.5490078150419017	0.0	True		False		production		AT1G11260, AT1G35140, AT1G70700, AT2G41940, AT4G11280, AT5G04870, AT5G13220	STP1, PHI-1, TIFY7, ZFP8, ACS6, CPK1, JAZ10
p:electron transfer	phrase	electron transfer	2	247	92	21633	1.9039781728568916	0.2829195157330004	1.0	-0.5483370939610938	0.0	True		False		electron transfer		AT5G15350, AT5G57920	ENODL17, ENODL10
k:Auxin biosynthesis	keyword	Auxin biosynthesis	1	247	29	21633	3.020103308669552	0.283399125821231	1.0	-0.5476014937201784	0.0	False		False		Auxin biosynthesis		AT1G04610	YUC3
p:camk ser	phrase	camk ser	1	247	29	21633	3.020103308669552	0.283399125821231	1.0	-0.5476014937201784	0.0	False		False		camk ser		AT5G25110	CIPK25
p:volker bischoff	phrase	volker bischoff	1	247	29	21633	3.020103308669552	0.283399125821231	1.0	-0.5476014937201784	0.0	False		False		volker bischoff		AT2G30010	TBL45
p:wolf scheible	phrase	wolf scheible	1	247	29	21633	3.020103308669552	0.283399125821231	1.0	-0.5476014937201784	0.0	False		False		wolf scheible		AT2G30010	TBL45
w:bischoff	word	bischoff	1	247	29	21633	3.020103308669552	0.283399125821231	1.0	-0.5476014937201784	0.0	False		False		bischoff		AT2G30010	TBL45
w:camalexin	word	camalexin	1	247	29	21633	3.020103308669552	0.283399125821231	1.0	-0.5476014937201784	0.0	False		False		camalexin		AT1G02860	NLA
w:charged	word	charged	1	247	29	21633	3.020103308669552	0.283399125821231	1.0	-0.5476014937201784	0.0	False		False		charged		AT4G30440	GAE1
w:collapsed	word	collapsed	1	247	29	21633	3.020103308669552	0.283399125821231	1.0	-0.5476014937201784	0.0	False		False		collapsed		AT3G53810	LECRK42
w:despite	word	despite	1	247	29	21633	3.020103308669552	0.283399125821231	1.0	-0.5476014937201784	0.0	False		False		despite		AT4G24510	CER2
w:glucuronate	word	glucuronate	1	247	29	21633	3.020103308669552	0.283399125821231	1.0	-0.5476014937201784	0.0	False		False		glucuronate		AT4G30440	GAE1
w:interphase	word	interphase	1	247	29	21633	3.020103308669552	0.283399125821231	1.0	-0.5476014937201784	0.0	False		False		interphase		AT3G04630	WDL1
w:pro	word	pro	1	247	29	21633	3.020103308669552	0.283399125821231	1.0	-0.5476014937201784	0.0	False		False		pro		AT1G66160	CMPG1
w:scheible	word	scheible	1	247	29	21633	3.020103308669552	0.283399125821231	1.0	-0.5476014937201784	0.0	False		False		scheible		AT2G30010	TBL45
w:shift	word	shift	1	247	29	21633	3.020103308669552	0.283399125821231	1.0	-0.5476014937201784	0.0	False		False		shift		AT5G58620	AtC3H66
w:spliced	word	spliced	1	247	29	21633	3.020103308669552	0.283399125821231	1.0	-0.5476014937201784	0.0	False		False		spliced		AT5G13220	JAZ10
w:translocator	word	translocator	1	247	29	21633	3.020103308669552	0.283399125821231	1.0	-0.5476014937201784	0.0	False		False		translocator		AT1G12500	AT1G12500
w:volker	word	volker	1	247	29	21633	3.020103308669552	0.283399125821231	1.0	-0.5476014937201784	0.0	False		False		volker		AT2G30010	TBL45
w:base	word	base	3	247	163	21633	1.6119569807009264	0.2854136440777122	1.0	-0.5445252694623506	0.0	True		False		base		AT3G49640, AT5G11060, AT5G11160	AT3G49640, KNAT4, APT5
k:Lipid-binding	keyword	Lipid-binding	2	247	93	21633	1.883505289277785	0.2871469976426093	1.0	-0.5418957202641108	0.0	True		False		Lipid-binding		AT1G30690, AT3G43720	PATL4, LTPG2
w:bond	word	bond	6	247	390	21633	1.347430706944877	0.2876353033962152	1.0	-0.5411578111638884	0.0	True		False		bond		AT1G29660, AT1G29670, AT4G18970, AT4G28780, AT5G45670, AT5G45950	AtGELP15, AtGELP16, AtGELP80, AtGELP82, AtGELP100, AtGELP102
w:adapter	word	adapter	3	247	164	21633	1.6021279747210428	0.2885180275224595	1.0	-0.5398270455622424	0.0	True		False		adapter		AT2G20080, AT2G42580, AT5G62090	SPEAR1, TTL3, SLK2
w:beta	word	beta	16	247	1193	21633	1.1746252600357687	0.2891259996381885	1.0	-0.5389128526680214	0.0	True		False		beta		AT1G10740, AT1G12990, AT1G13590, AT1G19300, AT1G32930, AT1G74290, AT1G75680, AT2G31730, AT2G33570, AT2G47240, AT3G02250, AT3G28180, AT3G50830, AT4G15290, AT4G31590, AT5G44670	LDAH1, AT1G12990, PSK1, PARVUS, GALT31A, AT1G74290, GH9B7, BHLH154, GALS1, LACS1, RRT2, CSLC04, COR413-PM2, ATCSLB05, CSLC5, GALS2
w:cys	word	cys	2	247	94	21633	1.8634679989663192	0.29137182361635605	1.0	-0.5355524478974781	0.0	True		False		cys		AT1G59500, AT1G66160	GH3.4, CMPG1
w:endocytosis	word	endocytosis	2	247	94	21633	1.8634679989663192	0.29137182361635605	1.0	-0.5355524478974781	0.0	True		False		endocytosis		AT1G02860, AT2G33460	NLA, RIC1
w:gated	word	gated	2	247	94	21633	1.8634679989663192	0.29137182361635605	1.0	-0.5355524478974781	0.0	True		False		gated		AT3G20300, AT4G27970	AT3G20300, SLAH2
w:ras	word	ras	2	247	94	21633	1.8634679989663192	0.29137182361635605	1.0	-0.5355524478974781	0.0	True		False		ras		AT4G39990, AT5G03520	RABA4B, RAB8C
p:budding yeast	phrase	budding yeast	1	247	30	21633	2.919433198380567	0.2915920723090182	1.0	-0.5352242876217242	0.0	False		False		budding yeast		AT1G53690	NRPB12L
p:polysaccharide lyase	phrase	polysaccharide lyase	1	247	30	21633	2.919433198380567	0.2915920723090182	1.0	-0.5352242876217242	0.0	False		False		polysaccharide lyase		AT1G04680	PLL26
w:air	word	air	1	247	30	21633	2.919433198380567	0.2915920723090182	1.0	-0.5352242876217242	0.0	False		False		air		AT5G46790	PYL1
w:atnf	word	atnf	1	247	30	21633	2.919433198380567	0.2915920723090182	1.0	-0.5352242876217242	0.0	False		False		atnf		AT5G63470	NF-YC4
w:bonding	word	bonding	1	247	30	21633	2.919433198380567	0.2915920723090182	1.0	-0.5352242876217242	0.0	False		False		bonding		AT3G29030	EXPA5
w:butyric	word	butyric	1	247	30	21633	2.919433198380567	0.2915920723090182	1.0	-0.5352242876217242	0.0	False		False		butyric		AT1G59500	GH3.4
w:camk	word	camk	1	247	30	21633	2.919433198380567	0.2915920723090182	1.0	-0.5352242876217242	0.0	False		False		camk		AT5G25110	CIPK25
w:hexosyltransferase	word	hexosyltransferase	1	247	30	21633	2.919433198380567	0.2915920723090182	1.0	-0.5352242876217242	0.0	False		False		hexosyltransferase		AT1G32930	GALT31A
w:ketoacyl	word	ketoacyl	1	247	30	21633	2.919433198380567	0.2915920723090182	1.0	-0.5352242876217242	0.0	False		False		ketoacyl		AT5G43760	KCS20
w:rac	word	rac	1	247	30	21633	2.919433198380567	0.2915920723090182	1.0	-0.5352242876217242	0.0	False		False		rac		AT2G33460	RIC1
w:rice	word	rice	1	247	30	21633	2.919433198380567	0.2915920723090182	1.0	-0.5352242876217242	0.0	False		False		rice		AT5G63470	NF-YC4
k:Stress response	keyword	Stress response	8	247	549	21633	1.276254950111723	0.2917229127131459	1.0	-0.5350294588656159	0.0	True		False		Stress response		AT1G21910, AT2G42580, AT3G30775, AT3G58620, AT4G30340, AT5G05410, AT5G46590, AT5G48870	DREB26, TTL3, ERD5, TTL4, DGK7, DREB2A, NAC096, SAD1
k:Receptor	keyword	Receptor	8	247	550	21633	1.2739344865660656	0.29338213071180297	1.0	-0.5325663416501785	0.0	True		False		Receptor		AT2G21190, AT2G40270, AT2G41820, AT2G45340, AT3G09780, AT3G53810, AT5G16590, AT5G46790	AT2G21190, AT2G40270, PXC3, AT2G45340, CCR1, LECRK42, LRR1, PYL1
w:guard	word	guard	3	247	166	21633	1.5828252280376567	0.29473438666905694	1.0	-0.5305691920448257	0.0	True		False		guard		AT1G19300, AT4G27970, AT5G48870	PARVUS, SLAH2, SAD1
p:cortical microtubule	phrase	cortical microtubule	2	247	95	21633	1.8438525463456212	0.29559350489906433	1.0	-0.529305112961536	0.0	True		False		cortical microtubule		AT2G33460, AT3G04630	RIC1, WDL1
p:seed germination	phrase	seed germination	6	247	396	21633	1.327015090172985	0.29947242611393166	1.0	-0.5236431590437987	0.0	True		False		seed germination		AT2G38610, AT2G42160, AT3G54810, AT5G46790, AT5G48870, AT5G63470	KH9, BRIZ1, BME3, PYL1, SAD1, NF-YC4
p:expansin working	phrase	expansin working	1	247	31	21633	2.825257933916678	0.29969172319730575	1.0	-0.5233252511129951	0.0	False		False		expansin working		AT3G29030	EXPA5
p:long distance	phrase	long distance	1	247	31	21633	2.825257933916678	0.29969172319730575	1.0	-0.5233252511129951	0.0	False		False		long distance		AT1G29660	AtGELP15
p:mol bio	phrase	mol bio	1	247	31	21633	2.825257933916678	0.29969172319730575	1.0	-0.5233252511129951	0.0	False		False		mol bio		AT3G29030	EXPA5
w:apoplastic	word	apoplastic	1	247	31	21633	2.825257933916678	0.29969172319730575	1.0	-0.5233252511129951	0.0	False		False		apoplastic		AT1G29660	AtGELP15
w:basipetal	word	basipetal	1	247	31	21633	2.825257933916678	0.29969172319730575	1.0	-0.5233252511129951	0.0	False		False		basipetal		AT2G19620	NDL3
w:bio	word	bio	1	247	31	21633	2.825257933916678	0.29969172319730575	1.0	-0.5233252511129951	0.0	False		False		bio		AT3G29030	EXPA5
w:correlated	word	correlated	1	247	31	21633	2.825257933916678	0.29969172319730575	1.0	-0.5233252511129951	0.0	False		False		correlated		AT2G41820	PXC3
w:formin	word	formin	1	247	31	21633	2.825257933916678	0.29969172319730575	1.0	-0.5233252511129951	0.0	False		False		formin		AT3G07540	FH10
w:kende	word	kende	1	247	31	21633	2.825257933916678	0.29969172319730575	1.0	-0.5233252511129951	0.0	False		False		kende		AT3G29030	EXPA5
w:non‑covalent	word	non-covalent	1	247	31	21633	2.825257933916678	0.29969172319730575	1.0	-0.5233252511129951	0.0	False		False		non-covalent		AT3G29030	EXPA5
w:permeability	word	permeability	1	247	31	21633	2.825257933916678	0.29969172319730575	1.0	-0.5233252511129951	0.0	False		False		permeability		AT2G47240	LACS1
w:phototropism	word	phototropism	1	247	31	21633	2.825257933916678	0.29969172319730575	1.0	-0.5233252511129951	0.0	False		False		phototropism		AT4G14560	IAA1
w:reporter	word	reporter	1	247	31	21633	2.825257933916678	0.29969172319730575	1.0	-0.5233252511129951	0.0	False		False		reporter		AT5G37770	TCH2
w:tale	word	tale	1	247	31	21633	2.825257933916678	0.29969172319730575	1.0	-0.5233252511129951	0.0	False		False		tale		AT5G11060	KNAT4
w:trans‑acting	word	trans-acting	1	247	31	21633	2.825257933916678	0.29969172319730575	1.0	-0.5233252511129951	0.0	False		False		trans-acting		AT5G50570	SPL13A
k:ANK repeat	keyword	ANK repeat	2	247	96	21633	1.8246457489878543	0.2998115641518383	1.0	-0.5231516198183849	0.0	True		False		ANK repeat		AT3G24530, AT5G58620	AT3G24530, AtC3H66
p:gibberellic acid	phrase	gibberellic acid	2	247	96	21633	1.8246457489878543	0.2998115641518383	1.0	-0.5231516198183849	0.0	True		False		gibberellic acid		AT2G04240, AT5G63470	XERICO, NF-YC4
p:pathogen attack	phrase	pathogen attack	2	247	96	21633	1.8246457489878543	0.2998115641518383	1.0	-0.5231516198183849	0.0	True		False		pathogen attack		AT3G28200, AT4G30340	PER31, DGK7
w:gibberellic	word	gibberellic	2	247	96	21633	1.8246457489878543	0.2998115641518383	1.0	-0.5231516198183849	0.0	True		False		gibberellic		AT2G04240, AT5G63470	XERICO, NF-YC4
w:soluble	word	soluble	2	247	96	21633	1.8246457489878543	0.2998115641518383	1.0	-0.5231516198183849	0.0	True		False		soluble		AT1G02860, AT5G04160	NLA, UUAT1
w:activator	word	activator	9	247	636	21633	1.2393820181804291	0.3034997094124724	1.0	-0.517841720406253	0.0	True		False		activator		AT1G21910, AT1G32640, AT1G44830, AT3G54810, AT4G31000, AT5G05410, AT5G25190, AT5G46590, AT5G47540	DREB26, MYC2, ERF014, BME3, CBP60F, DREB2A, ESE3, NAC096, AT5G47540
w:narrow	word	narrow	2	247	97	21633	1.8058349680704535	0.3040255352569209	1.0	-0.5170899382483454	0.0	True		False		narrow		AT1G75680, AT2G33460	GH9B7, RIC1
w:phosphatase	word	phosphatase	7	247	478	21633	1.282596175020751	0.30585239808010983	1.0	-0.5144881100039229	0.0	True		False		phosphatase		AT1G29440, AT1G47380, AT1G68410, AT1G75080, AT4G36110, AT4G38860, AT5G46790	SAUR63, AT1G47380, AT1G68410, BZR1, SAUR9, SAUR16, PYL1
w:dna	word	dna	34	247	2713	21633	1.097612186637736	0.30661206795659907	1.0	-0.5134107557314278	0.0	True		False		dna		AT1G04240, AT1G21910, AT1G32640, AT1G44810, AT1G44830, AT1G53690, AT1G73830, AT1G74890, AT1G75080, AT2G20080, AT2G26580, AT2G31730, AT2G41940, AT3G05800, AT3G46600, AT3G53650, AT3G54810, AT4G01120, AT4G09460, AT4G14560, AT4G31000, AT4G31800, AT5G05410, AT5G11060, AT5G15920, AT5G25190, AT5G43700, AT5G46590, AT5G50570, AT5G50915, AT5G54640, AT5G58620, AT5G62090, AT5G63470	SHY2, DREB26, MYC2, GPL4, ERF014, NRPB12L, BEE3, ARR15, BZR1, SPEAR1, YAB5, BHLH154, ZFP8, AIF1, SCL30, HTB6, BME3, GBF2, MYB6, IAA1, CBP60F, WRKY18, DREB2A, KNAT4, SMC5, ESE3, ATAUX2-11, NAC096, SPL13A, BHLH137, RAT5, AtC3H66, SLK2, NF-YC4
w:anthocyanin	word	anthocyanin	3	247	170	21633	1.5455822814955942	0.3071910546966498	1.0	-0.5125914349701052	0.0	True		False		anthocyanin		AT1G02860, AT1G11260, AT1G78240	NLA, STP1, TSD2
p:farnesyl diphosphate	phrase	farnesyl diphosphate	1	247	32	21633	2.7369686234817814	0.30769913660209547	1.0	-0.5118737223728591	0.0	False		False		farnesyl diphosphate		AT3G14510	IDS5
p:myo inositol	phrase	myo inositol	1	247	32	21633	2.7369686234817814	0.30769913660209547	1.0	-0.5118737223728591	0.0	False		False		myo inositol		AT2G19800	MIOX2
w:atgras	word	atgras	1	247	32	21633	2.7369686234817814	0.30769913660209547	1.0	-0.5118737223728591	0.0	False		False		atgras		AT3G46600	SCL30
w:downregulated	word	downregulated	1	247	32	21633	2.7369686234817814	0.30769913660209547	1.0	-0.5118737223728591	0.0	False		False		downregulated		AT2G19620	NDL3
w:flagellin	word	flagellin	1	247	32	21633	2.7369686234817814	0.30769913660209547	1.0	-0.5118737223728591	0.0	False		False		flagellin		AT4G11280	ACS6
w:gln	word	gln	1	247	32	21633	2.7369686234817814	0.30769913660209547	1.0	-0.5118737223728591	0.0	False		False		gln		AT1G59500	GH3.4
w:initiated	word	initiated	1	247	32	21633	2.7369686234817814	0.30769913660209547	1.0	-0.5118737223728591	0.0	False		False		initiated		AT1G02860	NLA
w:modify	word	modify	1	247	32	21633	2.7369686234817814	0.30769913660209547	1.0	-0.5118737223728591	0.0	False		False		modify		AT5G13220	JAZ10
w:myo	word	myo	1	247	32	21633	2.7369686234817814	0.30769913660209547	1.0	-0.5118737223728591	0.0	False		False		myo		AT2G19800	MIOX2
w:parallel	word	parallel	1	247	32	21633	2.7369686234817814	0.30769913660209547	1.0	-0.5118737223728591	0.0	False		False		parallel		AT3G51810	EM1
w:place	word	place	1	247	32	21633	2.7369686234817814	0.30769913660209547	1.0	-0.5118737223728591	0.0	False		False		place		AT1G19300	PARVUS
w:requiring	word	requiring	1	247	32	21633	2.7369686234817814	0.30769913660209547	1.0	-0.5118737223728591	0.0	False		False		requiring		AT4G24510	CER2
w:scarecrow	word	scarecrow	1	247	32	21633	2.7369686234817814	0.30769913660209547	1.0	-0.5118737223728591	0.0	False		False		scarecrow		AT3G46600	SCL30
w:suppressing	word	suppressing	1	247	32	21633	2.7369686234817814	0.30769913660209547	1.0	-0.5118737223728591	0.0	False		False		suppressing		AT1G29510	SAUR68
w:transparent	word	transparent	1	247	32	21633	2.7369686234817814	0.30769913660209547	1.0	-0.5118737223728591	0.0	False		False		transparent		AT4G24510	CER2
w:wolf	word	wolf	1	247	32	21633	2.7369686234817814	0.30769913660209547	1.0	-0.5118737223728591	0.0	False		False		wolf		AT2G30010	TBL45
w:consensus	word	consensus	2	247	98	21633	1.7874080806411634	0.3082349631254882	1.0	-0.511118100753034	0.0	True		False		consensus		AT5G46590, AT5G50570	NAC096, SPL13A
w:susceptible	word	susceptible	2	247	98	21633	1.7874080806411634	0.3082349631254882	1.0	-0.511118100753034	0.0	True		False		susceptible		AT4G30440, AT4G31800	GAE1, WRKY18
w:turnover	word	turnover	2	247	98	21633	1.7874080806411634	0.3082349631254882	1.0	-0.511118100753034	0.0	True		False		turnover		AT1G04240, AT1G32640	SHY2, MYC2
p:seed set	phrase	seed set	2	247	99	21633	1.7693534535639799	0.3124394035083396	1.0	-0.5052341999960734	0.0	True		False		seed set		AT1G19300, AT5G56170	PARVUS, LLG1
w:anchored	word	anchored	2	247	99	21633	1.7693534535639799	0.3124394035083396	1.0	-0.5052341999960734	0.0	True		False		anchored		AT3G43720, AT5G56170	LTPG2, LLG1
w:average	word	average	2	247	99	21633	1.7693534535639799	0.3124394035083396	1.0	-0.5052341999960734	0.0	True		False		average		AT1G75680, AT5G63470	GH9B7, NF-YC4
w:extensin	word	extensin	2	247	99	21633	1.7693534535639799	0.3124394035083396	1.0	-0.5052341999960734	0.0	True		False		extensin		AT1G52290, AT4G13340	PERK15, LRX3
w:recycling	word	recycling	2	247	99	21633	1.7693534535639799	0.3124394035083396	1.0	-0.5052341999960734	0.0	True		False		recycling		AT4G39990, AT5G11160	RABA4B, APT5
w:endomembrane	word	endomembrane	3	247	172	21633	1.5276103945014592	0.3134277782407303	1.0	-0.5038625158379021	0.0	True		False		endomembrane		AT2G43290, AT3G29170, AT5G11800	MSS3, AT3G29170, KEA6
p:salicylic acid	phrase	salicylic acid	5	247	325	21633	1.347430706944877	0.31408839856561654	1.0	-0.5029481047730513	0.0	True		False		salicylic acid		AT1G02860, AT1G21910, AT1G44830, AT2G38610, AT4G31800	NLA, DREB26, ERF014, KH9, WRKY18
k:CBS domain	keyword	CBS domain	1	247	33	21633	2.65403018034597	0.3156153586871507	1.0	-0.5008418710178091	0.0	False		False		CBS domain		AT3G54690	SETH3
k:Isoprene biosynthesis	keyword	Isoprene biosynthesis	1	247	33	21633	2.65403018034597	0.3156153586871507	1.0	-0.5008418710178091	0.0	False		False		Isoprene biosynthesis		AT3G14510	IDS5
p:efflux carrier	phrase	efflux carrier	1	247	33	21633	2.65403018034597	0.3156153586871507	1.0	-0.5008418710178091	0.0	False		False		efflux carrier		AT3G14370	WAG2
w:acetylglucosamine	word	acetylglucosamine	1	247	33	21633	2.65403018034597	0.3156153586871507	1.0	-0.5008418710178091	0.0	False		False		acetylglucosamine		AT1G12990	AT1G12990
w:casp	word	casp	1	247	33	21633	2.65403018034597	0.3156153586871507	1.0	-0.5008418710178091	0.0	False		False		casp		AT3G14380	CASPL2A2
w:cbs	word	cbs	1	247	33	21633	2.65403018034597	0.3156153586871507	1.0	-0.5008418710178091	0.0	False		False		cbs		AT3G54690	SETH3
w:ccaat	word	ccaat	1	247	33	21633	2.65403018034597	0.3156153586871507	1.0	-0.5008418710178091	0.0	False		False		ccaat		AT5G63470	NF-YC4
w:conferring	word	conferring	1	247	33	21633	2.65403018034597	0.3156153586871507	1.0	-0.5008418710178091	0.0	False		False		conferring		AT1G44830	ERF014
w:erecta	word	erecta	1	247	33	21633	2.65403018034597	0.3156153586871507	1.0	-0.5008418710178091	0.0	False		False		erecta		AT4G24510	CER2
w:glycosylphosphatidylinositol	word	glycosylphosphatidylinositol	1	247	33	21633	2.65403018034597	0.3156153586871507	1.0	-0.5008418710178091	0.0	False		False		glycosylphosphatidylinositol		AT3G43720	LTPG2
w:salicylic	word	salicylic	5	247	326	21633	1.3432974839174388	0.3163231901444331	1.0	-0.4998689681140603	0.0	True		False		salicylic		AT1G02860, AT1G21910, AT1G44830, AT2G38610, AT4G31800	NLA, DREB26, ERF014, KH9, WRKY18
w:rapid	word	rapid	2	247	100	21633	1.7516599190283402	0.31663842280944515	1.0	-0.49943638637309073	0.0	True		False		rapid		AT4G15800, AT5G11800	RALFL33, KEA6
w:bacterium	word	bacterium	7	247	484	21633	1.2666962224378493	0.3167708239198049	1.0	-0.49925482580143354	0.0	True		False		bacterium		AT1G02860, AT2G05940, AT3G30775, AT3G53810, AT4G30440, AT4G31800, AT5G54640	NLA, RIPK, ERD5, LECRK42, GAE1, WRKY18, RAT5
w:kinase	word	kinase	22	247	1718	21633	1.121551752579263	0.31854058611107966	1.0	-0.4968352251775241	0.0	True		False		kinase		AT1G32640, AT1G52290, AT1G52540, AT1G60890, AT1G67050, AT1G75080, AT2G05940, AT2G40090, AT2G40270, AT2G41820, AT2G45340, AT3G09780, AT3G14370, AT3G53810, AT4G15800, AT4G30340, AT4G39990, AT5G04870, AT5G16590, AT5G25110, AT5G47540, AT5G52900	MYC2, PERK15, AT1G52540, PIP5K8, AT1G67050, BZR1, RIPK, ATH9, AT2G40270, PXC3, AT2G45340, CCR1, WAG2, LECRK42, RALFL33, DGK7, RABA4B, CPK1, LRR1, CIPK25, AT5G47540, MAKR6
p:calcium ion	phrase	calcium ion	5	247	328	21633	1.3351066456008691	0.32079888044134386	1.0	-0.4937671560331202	0.0	True		False		calcium ion		AT1G66400, AT2G43290, AT4G27280, AT5G04870, AT5G37770	CML23, MSS3, KRP1, CPK1, TCH2
w:somatic	word	somatic	2	247	101	21633	1.734316751513208	0.32083159790231214	1.0	-0.49372286570324253	0.0	True		False		somatic		AT1G13590, AT2G41420	PSK1, WIH2
p:consensus core	phrase	consensus core	1	247	34	21633	2.5759704691593237	0.3234414237984597	1.0	-0.49020435989336125	0.0	False		False		consensus core		AT5G46590	NAC096
p:maintaining esterification	phrase	maintaining esterification	1	247	34	21633	2.5759704691593237	0.3234414237984597	1.0	-0.49020435989336125	0.0	False		False		maintaining esterification		AT2G30010	TBL45
w:cct	word	cct	1	247	34	21633	2.5759704691593237	0.3234414237984597	1.0	-0.49020435989336125	0.0	False		False		cct		AT1G70700	TIFY7
w:disrupting	word	disrupting	1	247	34	21633	2.5759704691593237	0.3234414237984597	1.0	-0.49020435989336125	0.0	False		False		disrupting		AT3G29030	EXPA5
w:frc	word	frc	1	247	34	21633	2.5759704691593237	0.3234414237984597	1.0	-0.49020435989336125	0.0	False		False		frc		AT4G14750	IQD19
w:gram	word	gram	1	247	34	21633	2.5759704691593237	0.3234414237984597	1.0	-0.49020435989336125	0.0	False		False		gram		AT4G30440	GAE1
w:gras	word	gras	1	247	34	21633	2.5759704691593237	0.3234414237984597	1.0	-0.49020435989336125	0.0	False		False		gras		AT3G46600	SCL30
w:integration	word	integration	1	247	34	21633	2.5759704691593237	0.3234414237984597	1.0	-0.49020435989336125	0.0	False		False		integration		AT5G54640	RAT5
w:measured	word	measured	1	247	34	21633	2.5759704691593237	0.3234414237984597	1.0	-0.49020435989336125	0.0	False		False		measured		AT2G26710	BAS1
w:partitioning	word	partitioning	1	247	34	21633	2.5759704691593237	0.3234414237984597	1.0	-0.49020435989336125	0.0	False		False		partitioning		AT5G63470	NF-YC4
w:photomorphogenic	word	photomorphogenic	1	247	34	21633	2.5759704691593237	0.3234414237984597	1.0	-0.49020435989336125	0.0	False		False		photomorphogenic		AT1G32640	MYC2
w:thickening	word	thickening	1	247	34	21633	2.5759704691593237	0.3234414237984597	1.0	-0.49020435989336125	0.0	False		False		thickening		AT1G19300	PARVUS
w:wider	word	wider	1	247	34	21633	2.5759704691593237	0.3234414237984597	1.0	-0.49020435989336125	0.0	False		False		wider		AT1G75080	BZR1
w:suppressed	word	suppressed	2	247	102	21633	1.7173136461062157	0.3250185159491198	1.0	-0.48809189703505973	0.0	True		False		suppressed		AT2G26710, AT5G46590	BAS1, NAC096
w:stomatal	word	stomatal	6	247	409	21633	1.2848361264266552	0.3254183332954189	1.0	-0.48755798359107805	0.0	True		False		stomatal		AT1G19300, AT1G30690, AT1G32640, AT5G25110, AT5G46590, AT5G46790	PARVUS, PATL4, MYC2, CIPK25, NAC096, PYL1
w:maintain	word	maintain	3	247	176	21633	1.492891976444608	0.32590931895520237	1.0	-0.48690322126864183	0.0	True		False		maintain		AT1G02860, AT4G16515, AT5G64770	NLA, RGF6, RGF9
p:potassium ion	phrase	potassium ion	2	247	103	21633	1.7006406980857671	0.3291987742226033	1.0	-0.4825417905598605	0.0	True		False		potassium ion		AT5G11800, AT5G25110	KEA6, CIPK25
w:curled	word	curled	2	247	103	21633	1.7006406980857671	0.3291987742226033	1.0	-0.4825417905598605	0.0	True		False		curled		AT1G04240, AT1G11260	SHY2, STP1
w:cotyledon	word	cotyledon	8	247	572	21633	1.2249370063135245	0.3304116270425454	1.0	-0.48094467844738376	0.0	True		False		cotyledon		AT1G04240, AT1G11260, AT1G19300, AT2G26710, AT2G42160, AT3G14370, AT4G11280, AT5G50915	SHY2, STP1, PARVUS, BAS1, BRIZ1, WAG2, ACS6, BHLH137
p:cipk serine	phrase	cipk serine	1	247	35	21633	2.502371312897629	0.3311783545971902	1.0	-0.4799380559034436	0.0	False		False		cipk serine		AT5G25110	CIPK25
p:gated monoatomic	phrase	gated monoatomic	1	247	35	21633	2.502371312897629	0.3311783545971902	1.0	-0.4799380559034436	0.0	False		False		gated monoatomic		AT4G27970	SLAH2
p:greatly reduced	phrase	greatly reduced	1	247	35	21633	2.502371312897629	0.3311783545971902	1.0	-0.4799380559034436	0.0	False		False		greatly reduced		AT1G19300	PARVUS
p:regulatory naf	phrase	regulatory naf	1	247	35	21633	2.502371312897629	0.3311783545971902	1.0	-0.4799380559034436	0.0	False		False		regulatory naf		AT5G25110	CIPK25
w:arr	word	arr	1	247	35	21633	2.502371312897629	0.3311783545971902	1.0	-0.4799380559034436	0.0	False		False		arr		AT1G74890	ARR15
w:coordinated	word	coordinated	1	247	35	21633	2.502371312897629	0.3311783545971902	1.0	-0.4799380559034436	0.0	False		False		coordinated		AT1G78240	TSD2
w:cotransporter	word	cotransporter	1	247	35	21633	2.502371312897629	0.3311783545971902	1.0	-0.4799380559034436	0.0	False		False		cotransporter		AT1G11260	STP1
w:farnesyl	word	farnesyl	1	247	35	21633	2.502371312897629	0.3311783545971902	1.0	-0.4799380559034436	0.0	False		False		farnesyl		AT3G14510	IDS5
w:gata	word	gata	1	247	35	21633	2.502371312897629	0.3311783545971902	1.0	-0.4799380559034436	0.0	False		False		gata		AT3G54810	BME3
w:hexose	word	hexose	1	247	35	21633	2.502371312897629	0.3311783545971902	1.0	-0.4799380559034436	0.0	False		False		hexose		AT1G11260	STP1
w:hipp	word	hipp	1	247	35	21633	2.502371312897629	0.3311783545971902	1.0	-0.4799380559034436	0.0	False		False		hipp		AT5G24580	HIPP09
w:isoleucine	word	isoleucine	1	247	35	21633	2.502371312897629	0.3311783545971902	1.0	-0.4799380559034436	0.0	False		False		isoleucine		AT1G70700	TIFY7
w:isoprenylated	word	isoprenylated	1	247	35	21633	2.502371312897629	0.3311783545971902	1.0	-0.4799380559034436	0.0	False		False		isoprenylated		AT5G24580	HIPP09
w:naf	word	naf	1	247	35	21633	2.502371312897629	0.3311783545971902	1.0	-0.4799380559034436	0.0	False		False		naf		AT5G25110	CIPK25
w:reveal	word	reveal	1	247	35	21633	2.502371312897629	0.3311783545971902	1.0	-0.4799380559034436	0.0	False		False		reveal		AT1G12990	AT1G12990
w:symport	word	symport	1	247	35	21633	2.502371312897629	0.3311783545971902	1.0	-0.4799380559034436	0.0	False		False		symport		AT1G11260	STP1
w:venation	word	venation	1	247	35	21633	2.502371312897629	0.3311783545971902	1.0	-0.4799380559034436	0.0	False		False		venation		AT2G42580	TTL3
w:system	word	system	8	247	574	21633	1.2206689331207945	0.33382059135848446	1.0	-0.476486877849857	0.0	True		False		system		AT1G74890, AT1G78240, AT2G26710, AT2G43290, AT3G29170, AT4G16515, AT5G11800, AT5G64770	ARR15, TSD2, BAS1, MSS3, AT3G29170, RGF6, KEA6, RGF9
w:control	word	control	12	247	901	21633	1.1664771935815805	0.3340139318634416	1.0	-0.47623541820272164	0.0	True		False		control		AT1G02860, AT1G10550, AT1G32640, AT1G35140, AT2G26710, AT2G42580, AT2G45400, AT3G58620, AT4G01120, AT4G08950, AT5G48870, AT5G58620	NLA, XTH33, MYC2, PHI-1, BAS1, TTL3, BEN1, TTL4, GBF2, EXO, SAD1, AtC3H66
w:molecule	word	molecule	5	247	335	21633	1.3072088947972687	0.33651912800671524	1.0	-0.4729902451051803	0.0	True		False		molecule		AT1G30690, AT2G05940, AT3G14510, AT4G30340, AT4G31800	PATL4, RIPK, IDS5, DGK7, WRKY18
w:hydroxylase	word	hydroxylase	2	247	105	21633	1.6682475419317524	0.33753775004342434	1.0	-0.47167764885152536	0.0	True		False		hydroxylase		AT2G26710, AT2G34770	BAS1, FAH1
w:rab	word	rab	2	247	105	21633	1.6682475419317524	0.33753775004342434	1.0	-0.47167764885152536	0.0	True		False		rab		AT4G39990, AT5G03520	RABA4B, RAB8C
w:antiporter	word	antiporter	3	247	180	21633	1.4597165991902834	0.3383905051129912	1.0	-0.47058183131529935	0.0	True		False		antiporter		AT1G12500, AT1G76670, AT5G11800	AT1G12500, URGT1, KEA6
p:confer sensitivity	phrase	confer sensitivity	1	247	36	21633	2.4328609986504723	0.3388271621911567	1.0	-0.47002178158544994	0.0	False		False		confer sensitivity		AT1G11260	STP1
p:esterification state	phrase	esterification state	1	247	36	21633	2.4328609986504723	0.3388271621911567	1.0	-0.47002178158544994	0.0	False		False		esterification state		AT2G30010	TBL45
p:pectic polymer	phrase	pectic polymer	1	247	36	21633	2.4328609986504723	0.3388271621911567	1.0	-0.47002178158544994	0.0	False		False		pectic polymer		AT2G30010	TBL45
p:tube tip	phrase	tube tip	1	247	36	21633	2.4328609986504723	0.3388271621911567	1.0	-0.47002178158544994	0.0	False		False		tube tip		AT4G39990	RABA4B
w:accurate	word	accurate	1	247	36	21633	2.4328609986504723	0.3388271621911567	1.0	-0.47002178158544994	0.0	False		False		accurate		AT5G48870	SAD1
w:adenylate	word	adenylate	1	247	36	21633	2.4328609986504723	0.3388271621911567	1.0	-0.47002178158544994	0.0	False		False		adenylate		AT5G11160	APT5
w:direction	word	direction	1	247	36	21633	2.4328609986504723	0.3388271621911567	1.0	-0.47002178158544994	0.0	False		False		direction		AT3G02170	LNG2
w:environment	word	environment	1	247	36	21633	2.4328609986504723	0.3388271621911567	1.0	-0.47002178158544994	0.0	False		False		environment		AT5G57560	TCH4
w:geranylgeranyl	word	geranylgeranyl	1	247	36	21633	2.4328609986504723	0.3388271621911567	1.0	-0.47002178158544994	0.0	False		False		geranylgeranyl		AT3G14510	IDS5
w:sibling	word	sibling	1	247	36	21633	2.4328609986504723	0.3388271621911567	1.0	-0.47002178158544994	0.0	False		False		sibling		AT2G28110	FRA8
w:take	word	take	1	247	36	21633	2.4328609986504723	0.3388271621911567	1.0	-0.47002178158544994	0.0	False		False		take		AT1G19300	PARVUS
w:tbr	word	tbr	1	247	36	21633	2.4328609986504723	0.3388271621911567	1.0	-0.47002178158544994	0.0	False		False		tbr		AT2G30010	TBL45
w:thiolase	word	thiolase	1	247	36	21633	2.4328609986504723	0.3388271621911567	1.0	-0.47002178158544994	0.0	False		False		thiolase		AT5G43760	KCS20
w:bacterial	word	bacterial	5	247	338	21633	1.2956064489854586	0.34327776214764716	1.0	-0.46435432966303325	0.0	True		False		bacterial		AT1G44830, AT2G05940, AT4G00360, AT4G11280, AT4G31800	ERF014, RIPK, CYP86A2, ACS6, WRKY18
w:central	word	central	5	247	338	21633	1.2956064489854586	0.34327776214764716	1.0	-0.46435432966303325	0.0	True		False		central		AT1G04240, AT3G53650, AT4G16515, AT5G54640, AT5G64770	SHY2, HTB6, RGF6, RAT5, RGF9
w:density	word	density	2	247	107	21633	1.637065344886299	0.34584549915786755	1.0	-0.4611178718679695	0.0	True		False		density		AT2G41940, AT5G46790	ZFP8, PYL1
w:gfp	word	gfp	2	247	107	21633	1.637065344886299	0.34584549915786755	1.0	-0.4611178718679695	0.0	True		False		gfp		AT4G27970, AT5G11060	SLAH2, KNAT4
p:udp forming	phrase	udp forming	1	247	37	21633	2.3671079986869463	0.3463888462648145	1.0	-0.4604361007298394	0.0	False		False		udp forming		AT4G15290	ATCSLB05
w:cdp	word	cdp	1	247	37	21633	2.3671079986869463	0.3463888462648145	1.0	-0.4604361007298394	0.0	False		False		cdp		AT4G01950	GPAT3
w:chalcone	word	chalcone	1	247	37	21633	2.3671079986869463	0.3463888462648145	1.0	-0.4604361007298394	0.0	False		False		chalcone		AT5G43760	KCS20
w:maize	word	maize	1	247	37	21633	2.3671079986869463	0.3463888462648145	1.0	-0.4604361007298394	0.0	False		False		maize		AT5G11060	KNAT4
w:specialized	word	specialized	1	247	37	21633	2.3671079986869463	0.3463888462648145	1.0	-0.4604361007298394	0.0	False		False		specialized		AT3G02250	RRT2
w:synthetic	word	synthetic	1	247	37	21633	2.3671079986869463	0.3463888462648145	1.0	-0.4604361007298394	0.0	False		False		synthetic		AT1G59500	GH3.4
w:ump	word	ump	1	247	37	21633	2.3671079986869463	0.3463888462648145	1.0	-0.4604361007298394	0.0	False		False		ump		AT1G76670	URGT1
w:day	word	day	4	247	261	21633	1.3422681371864675	0.34822019964832013	1.0	-0.45814603982019425	0.0	True		False		day		AT2G38610, AT4G24510, AT5G37770, AT5G63470	KH9, CER2, TCH2, NF-YC4
w:compact	word	compact	2	247	108	21633	1.6219073324336484	0.34998675939347174	1.0	-0.4559483854529336	0.0	True		False		compact		AT3G53650, AT5G54640	HTB6, RAT5
k:Oxidoreductase	keyword	Oxidoreductase	15	247	1164	21633	1.1286468550440336	0.35223010140812566	1.0	-0.45317353219375645	0.0	True		False		Oxidoreductase		AT1G01600, AT1G04610, AT1G13090, AT1G64950, AT2G14100, AT2G19800, AT2G26710, AT2G34770, AT2G45400, AT3G28200, AT3G30775, AT3G49640, AT4G00360, AT4G03140, AT4G33790	CYP86A4, YUC3, CYP71B28, CYP89A5, CYP705A13, MIOX2, BAS1, FAH1, BEN1, PER31, ERD5, AT3G49640, CYP86A2, AT4G03140, CER4
k:Pyruvate	keyword	Pyruvate	1	247	38	21633	2.3048156829320265	0.3538643952077943	1.0	-0.4511631325946895	0.0	False		False		Pyruvate		AT5G04160	UUAT1
p:beta glucanase	phrase	beta glucanase	1	247	38	21633	2.3048156829320265	0.3538643952077943	1.0	-0.4511631325946895	0.0	False		False		beta glucanase		AT1G75680	GH9B7
p:chromatid cohesion	phrase	chromatid cohesion	1	247	38	21633	2.3048156829320265	0.3538643952077943	1.0	-0.4511631325946895	0.0	False		False		chromatid cohesion		AT5G15920	SMC5
p:covalent attachment	phrase	covalent attachment	1	247	38	21633	2.3048156829320265	0.3538643952077943	1.0	-0.4511631325946895	0.0	False		False		covalent attachment		AT3G24515	UBC37
p:double fertilization	phrase	double fertilization	1	247	38	21633	2.3048156829320265	0.3538643952077943	1.0	-0.4511631325946895	0.0	False		False		double fertilization		AT5G56170	LLG1
p:non‑specific lipid	phrase	non-specific lipid	1	247	38	21633	2.3048156829320265	0.3538643952077943	1.0	-0.4511631325946895	0.0	False		False		non-specific lipid		AT3G43720	LTPG2
p:trichome birefringence	phrase	trichome birefringence	1	247	38	21633	2.3048156829320265	0.3538643952077943	1.0	-0.4511631325946895	0.0	False		False		trichome birefringence		AT2G30010	TBL45
w:apparent	word	apparent	1	247	38	21633	2.3048156829320265	0.3538643952077943	1.0	-0.4511631325946895	0.0	False		False		apparent		AT4G14750	IQD19
w:birefringence	word	birefringence	1	247	38	21633	2.3048156829320265	0.3538643952077943	1.0	-0.4511631325946895	0.0	False		False		birefringence		AT2G30010	TBL45
w:etiolation	word	etiolation	1	247	38	21633	2.3048156829320265	0.3538643952077943	1.0	-0.4511631325946895	0.0	False		False		etiolation		AT1G78240	TSD2
w:expansin	word	expansin	1	247	38	21633	2.3048156829320265	0.3538643952077943	1.0	-0.4511631325946895	0.0	False		False		expansin		AT3G29030	EXPA5
w:man	word	man	1	247	38	21633	2.3048156829320265	0.3538643952077943	1.0	-0.4511631325946895	0.0	False		False		man		AT4G30440	GAE1
w:multidimensional	word	multidimensional	1	247	38	21633	2.3048156829320265	0.3538643952077943	1.0	-0.4511631325946895	0.0	False		False		multidimensional		AT1G10550	XTH33
w:night	word	night	1	247	38	21633	2.3048156829320265	0.3538643952077943	1.0	-0.4511631325946895	0.0	False		False		night		AT1G35140	PHI-1
w:nucleocytoplasmic	word	nucleocytoplasmic	1	247	38	21633	2.3048156829320265	0.3538643952077943	1.0	-0.4511631325946895	0.0	False		False		nucleocytoplasmic		AT1G75080	BZR1
w:recessive	word	recessive	1	247	38	21633	2.3048156829320265	0.3538643952077943	1.0	-0.4511631325946895	0.0	False		False		recessive		AT4G33790	CER4
w:tbl	word	tbl	1	247	38	21633	2.3048156829320265	0.3538643952077943	1.0	-0.4511631325946895	0.0	False		False		tbl		AT2G30010	TBL45
w:traffic	word	traffic	1	247	38	21633	2.3048156829320265	0.3538643952077943	1.0	-0.4511631325946895	0.0	False		False		traffic		AT4G16515	RGF6
w:efflux	word	efflux	3	247	185	21633	1.4202647992121678	0.35397196582560697	1.0	-0.45103113223793356	0.0	True		False		efflux		AT3G14370, AT4G27970, AT5G11800	WAG2, SLAH2, KEA6
w:margin	word	margin	2	247	109	21633	1.6070274486498533	0.3541191461742738	1.0	-0.4508505915896811	0.0	True		False		margin		AT1G75680, AT5G62090	GH9B7, SLK2
w:stature	word	stature	2	247	109	21633	1.6070274486498533	0.3541191461742738	1.0	-0.4508505915896811	0.0	True		False		stature		AT1G19300, AT1G75080	PARVUS, BZR1
w:carbon	word	carbon	4	247	264	21633	1.327015090172985	0.3559854284829889	1.0	-0.4485677785972022	0.0	True		False		carbon		AT1G35140, AT2G26710, AT2G47240, AT5G43760	PHI-1, BAS1, LACS1, KCS20
p:arm repeat	phrase	arm repeat	2	247	110	21633	1.592418108207582	0.35824232278145784	1.0	-0.44582310786537027	0.0	True		False		arm repeat		AT1G61350, AT5G50900	AT1G61350, AT5G50900
w:area	word	area	2	247	110	21633	1.592418108207582	0.35824232278145784	1.0	-0.44582310786537027	0.0	True		False		area		AT4G16515, AT5G64770	RGF6, RGF9
w:dehydratase	word	dehydratase	2	247	110	21633	1.592418108207582	0.35824232278145784	1.0	-0.44582310786537027	0.0	True		False		dehydratase		AT2G45400, AT4G30440	BEN1, GAE1
p:anion channel	phrase	anion channel	1	247	39	21633	2.2457178449081283	0.36125478624199997	1.0	-0.44218639025693285	0.0	False		False		anion channel		AT4G27970	SLAH2
p:shade avoidance	phrase	shade avoidance	1	247	39	21633	2.2457178449081283	0.36125478624199997	1.0	-0.44218639025693285	0.0	False		False		shade avoidance		AT1G73830	BEE3
p:temperature stimulus	phrase	temperature stimulus	1	247	39	21633	2.2457178449081283	0.36125478624199997	1.0	-0.44218639025693285	0.0	False		False		temperature stimulus		AT3G03830	SAUR28
w:antisense	word	antisense	1	247	39	21633	2.2457178449081283	0.36125478624199997	1.0	-0.44218639025693285	0.0	False		False		antisense		AT4G03400	DFL2
w:cbl	word	cbl	1	247	39	21633	2.2457178449081283	0.36125478624199997	1.0	-0.44218639025693285	0.0	False		False		cbl		AT5G25110	CIPK25
w:cipk	word	cipk	1	247	39	21633	2.2457178449081283	0.36125478624199997	1.0	-0.44218639025693285	0.0	False		False		cipk		AT5G25110	CIPK25
w:cohesion	word	cohesion	1	247	39	21633	2.2457178449081283	0.36125478624199997	1.0	-0.44218639025693285	0.0	False		False		cohesion		AT5G15920	SMC5
w:equivalent	word	equivalent	1	247	39	21633	2.2457178449081283	0.36125478624199997	1.0	-0.44218639025693285	0.0	False		False		equivalent		AT2G41940	ZFP8
w:help	word	help	1	247	39	21633	2.2457178449081283	0.36125478624199997	1.0	-0.44218639025693285	0.0	False		False		help		AT1G02860	NLA
w:linkage	word	linkage	1	247	39	21633	2.2457178449081283	0.36125478624199997	1.0	-0.44218639025693285	0.0	False		False		linkage		AT2G33570	GALS1
w:rotational	word	rotational	1	247	39	21633	2.2457178449081283	0.36125478624199997	1.0	-0.44218639025693285	0.0	False		False		rotational		AT3G04630	WDL1
w:snrna	word	snrna	1	247	39	21633	2.2457178449081283	0.36125478624199997	1.0	-0.44218639025693285	0.0	False		False		snrna		AT5G48870	SAD1
p:acyl group	phrase	acyl group	2	247	111	21633	1.5780719991246308	0.3623559612758197	1.0	-0.44086458951916085	0.0	True		False		acyl group		AT5G01210, AT5G43760	AT5G01210, KCS20
p:light intensity	phrase	light intensity	2	247	111	21633	1.5780719991246308	0.3623559612758197	1.0	-0.44086458951916085	0.0	True		False		light intensity		AT2G06850, AT4G36110	XTH4, SAUR9
w:longer	word	longer	3	247	189	21633	1.3902062849431271	0.36640627027295164	1.0	-0.43603710290363495	0.0	True		False		longer		AT1G75080, AT2G45400, AT2G47240	BZR1, BEN1, LACS1
p:rnp motif	phrase	rnp motif	2	247	112	21633	1.563982070561018	0.3664597423426115	1.0	-0.4359737280863268	0.0	True		False		rnp motif		AT1G78260, AT2G46780	AT1G78260, AT2G46780
w:soil	word	soil	2	247	112	21633	1.563982070561018	0.3664597423426115	1.0	-0.4359737280863268	0.0	True		False		soil		AT1G19300, AT3G57420	PARVUS, STL2
w:treatment	word	treatment	5	247	349	21633	1.2547707156363468	0.36812567847180183	1.0	-0.4340038874442713	0.0	True		False		treatment		AT1G32640, AT1G74890, AT2G38610, AT2G41940, AT5G58620	MYC2, ARR15, KH9, ZFP8, AtC3H66
p:adp ribosylation	phrase	adp ribosylation	1	247	40	21633	2.189574898785425	0.3685609855472806	1.0	-0.4334906394324623	0.0	False		False		adp ribosylation		AT3G51810	EM1
p:metabolite exporter	phrase	metabolite exporter	1	247	40	21633	2.189574898785425	0.3685609855472806	1.0	-0.4334906394324623	0.0	False		False		metabolite exporter		AT3G18200	UMAMIT4
p:monovalent cation	phrase	monovalent cation	1	247	40	21633	2.189574898785425	0.3685609855472806	1.0	-0.4334906394324623	0.0	False		False		monovalent cation		AT5G11800	KEA6
p:vegetative phase	phrase	vegetative phase	1	247	40	21633	2.189574898785425	0.3685609855472806	1.0	-0.4334906394324623	0.0	False		False		vegetative phase		AT5G50570	SPL13A
w:chilling	word	chilling	1	247	40	21633	2.189574898785425	0.3685609855472806	1.0	-0.4334906394324623	0.0	False		False		chilling		AT4G02330	ATPMEPCRB
w:comparable	word	comparable	1	247	40	21633	2.189574898785425	0.3685609855472806	1.0	-0.4334906394324623	0.0	False		False		comparable		AT5G48870	SAD1
w:concanavalin	word	concanavalin	1	247	40	21633	2.189574898785425	0.3685609855472806	1.0	-0.4334906394324623	0.0	False		False		concanavalin		AT3G53810	LECRK42
w:determine	word	determine	1	247	40	21633	2.189574898785425	0.3685609855472806	1.0	-0.4334906394324623	0.0	False		False		determine		AT4G03400	DFL2
w:dmt	word	dmt	1	247	40	21633	2.189574898785425	0.3685609855472806	1.0	-0.4334906394324623	0.0	False		False		dmt		AT3G18200	UMAMIT4
w:knox	word	knox	1	247	40	21633	2.189574898785425	0.3685609855472806	1.0	-0.4334906394324623	0.0	False		False		knox		AT5G11060	KNAT4
w:largely	word	largely	1	247	40	21633	2.189574898785425	0.3685609855472806	1.0	-0.4334906394324623	0.0	False		False		largely		AT1G02860	NLA
w:pti	word	pti	1	247	40	21633	2.189574898785425	0.3685609855472806	1.0	-0.4334906394324623	0.0	False		False		pti		AT2G05940	RIPK
w:lack	word	lack	4	247	269	21633	1.3023493821772045	0.36892556351666167	1.0	-0.43306125068381385	0.0	True		False		lack		AT1G75080, AT3G28180, AT4G31590, AT5G13220	BZR1, CSLC04, CSLC5, JAZ10
w:nucleotide	word	nucleotide	9	247	677	21633	1.1643234321458686	0.3689361138719715	1.0	-0.43304883111729103	0.0	True		False		nucleotide		AT1G12500, AT1G19300, AT1G24170, AT1G76670, AT2G19800, AT3G51810, AT5G04160, AT5G11160, AT5G50570	AT1G12500, PARVUS, LGT9, URGT1, MIOX2, EM1, UUAT1, APT5, SPL13A
w:insensitive	word	insensitive	3	247	190	21633	1.382889409759216	0.3695090411784238	1.0	-0.4323749307850916	0.0	True		False		insensitive		AT1G32640, AT1G75080, AT2G41820	MYC2, BZR1, PXC3
k:TPR repeat	keyword	TPR repeat	2	247	113	21633	1.550141521264018	0.370553355138758	1.0	-0.43114925010291716	0.0	True		False		TPR repeat		AT2G42580, AT3G58620	TTL3, TTL4
w:wildtype	word	wildtype	2	247	113	21633	1.550141521264018	0.370553355138758	1.0	-0.43114925010291716	0.0	True		False		wildtype		AT2G04240, AT4G30440	XERICO, GAE1
w:end	word	end	4	247	271	21633	1.2927379476223912	0.37409833144361687	1.0	-0.4270142288412121	0.0	True		False		end		AT1G19300, AT2G28110, AT3G54810, AT5G22940	PARVUS, FRA8, BME3, F8H
p:acyl coa	phrase	acyl coa	2	247	114	21633	1.536543788621351	0.37463649714241526	1.0	-0.4263899158677442	0.0	True		False		acyl coa		AT2G47240, AT4G33790	LACS1, CER4
p:rbd rnp	phrase	rbd rnp	2	247	114	21633	1.536543788621351	0.37463649714241526	1.0	-0.4263899158677442	0.0	True		False		rbd rnp		AT1G78260, AT2G46780	AT1G78260, AT2G46780
p:rrm rbd	phrase	rrm rbd	2	247	114	21633	1.536543788621351	0.37463649714241526	1.0	-0.4263899158677442	0.0	True		False		rrm rbd		AT1G78260, AT2G46780	AT1G78260, AT2G46780
w:ratio	word	ratio	2	247	114	21633	1.536543788621351	0.37463649714241526	1.0	-0.4263899158677442	0.0	True		False		ratio		AT3G30775, AT3G54810	ERD5, BME3
k:FMN	keyword	FMN	1	247	41	21633	2.1361706329613903	0.37578394838569207	1.0	-0.4250617747315106	0.0	False		False		FMN		AT3G49640	AT3G49640
k:Steroid biosynthesis	keyword	Steroid biosynthesis	1	247	41	21633	2.1361706329613903	0.37578394838569207	1.0	-0.4250617747315106	0.0	False		False		Steroid biosynthesis		AT2G45400	BEN1
p:mrna decay	phrase	mrna decay	1	247	41	21633	2.1361706329613903	0.37578394838569207	1.0	-0.4250617747315106	0.0	False		False		mrna decay		AT5G48870	SAD1
p:pathogen pseudomonas	phrase	pathogen pseudomonas	1	247	41	21633	2.1361706329613903	0.37578394838569207	1.0	-0.4250617747315106	0.0	False		False		pathogen pseudomonas		AT4G31800	WRKY18
p:personal communication	phrase	personal communication	1	247	41	21633	2.1361706329613903	0.37578394838569207	1.0	-0.4250617747315106	0.0	False		False		personal communication		AT2G30010	TBL45
w:depending	word	depending	1	247	41	21633	2.1361706329613903	0.37578394838569207	1.0	-0.4250617747315106	0.0	False		False		depending		AT1G11260	STP1
w:emergence	word	emergence	1	247	41	21633	2.1361706329613903	0.37578394838569207	1.0	-0.4250617747315106	0.0	False		False		emergence		AT2G42160	BRIZ1
w:endoglucanase	word	endoglucanase	1	247	41	21633	2.1361706329613903	0.37578394838569207	1.0	-0.4250617747315106	0.0	False		False		endoglucanase		AT1G75680	GH9B7
w:enhancing	word	enhancing	1	247	41	21633	2.1361706329613903	0.37578394838569207	1.0	-0.4250617747315106	0.0	False		False		enhancing		AT3G14370	WAG2
w:near	word	near	1	247	41	21633	2.1361706329613903	0.37578394838569207	1.0	-0.4250617747315106	0.0	False		False		near		AT5G46590	NAC096
w:personal	word	personal	1	247	41	21633	2.1361706329613903	0.37578394838569207	1.0	-0.4250617747315106	0.0	False		False		personal		AT2G30010	TBL45
w:recovery	word	recovery	1	247	41	21633	2.1361706329613903	0.37578394838569207	1.0	-0.4250617747315106	0.0	False		False		recovery		AT5G25110	CIPK25
w:tandem	word	tandem	1	247	41	21633	2.1361706329613903	0.37578394838569207	1.0	-0.4250617747315106	0.0	False		False		tandem		AT5G58620	AtC3H66
w:tcp	word	tcp	1	247	41	21633	2.1361706329613903	0.37578394838569207	1.0	-0.4250617747315106	0.0	False		False		tcp		AT2G20080	SPEAR1
w:testa	word	testa	1	247	41	21633	2.1361706329613903	0.37578394838569207	1.0	-0.4250617747315106	0.0	False		False		testa		AT4G24510	CER2
w:developmental	word	developmental	7	247	516	21633	1.1881414179455796	0.3759394215960138	1.0	-0.42488213109933004	0.0	True		False		developmental		AT1G55330, AT2G26580, AT4G08950, AT4G11280, AT4G37450, AT5G48870, AT5G65390	AGP21, YAB5, EXO, ACS6, AGP18, SAD1, AGP7
w:dependent	word	dependent	34	247	2801	21633	1.0631281193674325	0.3780968873001375	1.0	-0.4223968979718695	0.0	True		False		dependent		AT1G02860, AT1G04430, AT1G15260, AT1G29660, AT1G32640, AT1G35140, AT1G44830, AT1G53690, AT1G70700, AT1G75080, AT1G78240, AT2G04240, AT2G05940, AT2G33460, AT2G34300, AT2G45400, AT2G47240, AT3G15530, AT3G23300, AT3G28200, AT4G11280, AT4G14360, AT4G15800, AT4G16515, AT4G18030, AT4G27280, AT4G27970, AT4G30340, AT4G30440, AT5G04870, AT5G25110, AT5G46790, AT5G48870, AT5G51550	NLA, AT1G04430, AT1G15260, AtGELP15, MYC2, PHI-1, ERF014, NRPB12L, TIFY7, BZR1, TSD2, XERICO, RIPK, RIC1, AT2G34300, BEN1, LACS1, AT3G15530, AT3G23300, PER31, ACS6, AT4G14360, RALFL33, RGF6, AT4G18030, KRP1, SLAH2, DGK7, GAE1, CPK1, CIPK25, PYL1, SAD1, EXL3
w:efficiency	word	efficiency	2	247	115	21633	1.523182538285513	0.37870887400483927	1.0	-0.4216945182586811	0.0	True		False		efficiency		AT5G48870, AT5G54640	SAD1, RAT5
w:non‑specific	word	non-specific	2	247	115	21633	1.523182538285513	0.37870887400483927	1.0	-0.4216945182586811	0.0	True		False		non-specific		AT1G52540, AT3G43720	AT1G52540, LTPG2
w:rbd	word	rbd	2	247	115	21633	1.523182538285513	0.37870887400483927	1.0	-0.4216945182586811	0.0	True		False		rbd		AT1G78260, AT2G46780	AT1G78260, AT2G46780
w:shaped	word	shaped	2	247	115	21633	1.523182538285513	0.37870887400483927	1.0	-0.4216945182586811	0.0	True		False		shaped		AT2G47240, AT4G24510	LACS1, CER2
w:tyrosine	word	tyrosine	3	247	193	21633	1.3613937194520778	0.3788006256351989	1.0	-0.4215893123781354	0.0	True		False		tyrosine		AT2G41820, AT4G16515, AT5G64770	PXC3, RGF6, RGF9
w:temperature	word	temperature	4	247	273	21633	1.2832673399475019	0.3792679075866448	1.0	-0.4210539043251289	0.0	True		False		temperature		AT1G19300, AT3G03830, AT4G18970, AT5G05410	PARVUS, SAUR28, AtGELP80, DREB2A
w:dark	word	dark	5	247	355	21633	1.2335633232593946	0.3816963799028655	1.0	-0.4182819589811212	0.0	True		False		dark		AT1G11260, AT1G19300, AT1G75080, AT4G24510, AT5G25110	STP1, PARVUS, BZR1, CER2, CIPK25
w:trigger	word	trigger	3	247	194	21633	1.3543762260528402	0.38189167907136085	1.0	-0.4180598042419252	0.0	True		False		trigger		AT1G02860, AT4G36110, AT4G38860	NLA, SAUR9, SAUR16
w:pmid	word	pmid	2	247	116	21633	1.510051654334776	0.3827701994045248	1.0	-0.4170618816004407	0.0	True		False		pmid		AT1G29510, AT1G52290	SAUR68, PERK15
k:Two-component regulatory system	keyword	Two-component regulatory system	1	247	42	21633	2.0853094274146904	0.3829246192243703	1.0	-0.41688671082761325	0.0	False		False		Two-component regulatory system		AT1G74890	ARR15
p:drug metabolite	phrase	drug metabolite	1	247	42	21633	2.0853094274146904	0.3829246192243703	1.0	-0.41688671082761325	0.0	False		False		drug metabolite		AT3G18200	UMAMIT4
p:somatic embryogenesis	phrase	somatic embryogenesis	1	247	42	21633	2.0853094274146904	0.3829246192243703	1.0	-0.41688671082761325	0.0	False		False		somatic embryogenesis		AT1G13590	PSK1
p:wall loosening	phrase	wall loosening	1	247	42	21633	2.0853094274146904	0.3829246192243703	1.0	-0.41688671082761325	0.0	False		False		wall loosening		AT3G29030	EXPA5
w:availability	word	availability	1	247	42	21633	2.0853094274146904	0.3829246192243703	1.0	-0.41688671082761325	0.0	False		False		availability		AT1G35140	PHI-1
w:della	word	della	1	247	42	21633	2.0853094274146904	0.3829246192243703	1.0	-0.41688671082761325	0.0	False		False		della		AT2G04240	XERICO
w:disordered	word	disordered	1	247	42	21633	2.0853094274146904	0.3829246192243703	1.0	-0.41688671082761325	0.0	False		False		disordered		AT4G37240	AP22.53
w:distance	word	distance	1	247	42	21633	2.0853094274146904	0.3829246192243703	1.0	-0.41688671082761325	0.0	False		False		distance		AT1G29660	AtGELP15
w:failed	word	failed	1	247	42	21633	2.0853094274146904	0.3829246192243703	1.0	-0.41688671082761325	0.0	False		False		failed		AT1G02860	NLA
w:modulated	word	modulated	1	247	42	21633	2.0853094274146904	0.3829246192243703	1.0	-0.41688671082761325	0.0	False		False		modulated		AT1G32640	MYC2
w:mol	word	mol	1	247	42	21633	2.0853094274146904	0.3829246192243703	1.0	-0.41688671082761325	0.0	False		False		mol		AT3G29030	EXPA5
w:phosphoribosyltransferase	word	phosphoribosyltransferase	1	247	42	21633	2.0853094274146904	0.3829246192243703	1.0	-0.41688671082761325	0.0	False		False		phosphoribosyltransferase		AT5G11160	APT5
w:steroid	word	steroid	1	247	42	21633	2.0853094274146904	0.3829246192243703	1.0	-0.41688671082761325	0.0	False		False		steroid		AT2G26710	BAS1
w:synergistically	word	synergistically	1	247	42	21633	2.0853094274146904	0.3829246192243703	1.0	-0.41688671082761325	0.0	False		False		synergistically		AT5G46590	NAC096
w:val	word	val	1	247	42	21633	2.0853094274146904	0.3829246192243703	1.0	-0.41688671082761325	0.0	False		False		val		AT1G59500	GH3.4
w:fewer	word	fewer	3	247	195	21633	1.347430706944877	0.38497938485152267	1.0	-0.4145625257770449	0.0	True		False		fewer		AT2G33460, AT4G14560, AT4G14750	RIC1, IAA1, IQD19
k:Endoplasmic reticulum	keyword	Endoplasmic reticulum	8	247	604	21633	1.160039681475722	0.38549468481873794	1.0	-0.4139816056021451	0.0	True		False		Endoplasmic reticulum		AT1G19300, AT2G21190, AT2G34770, AT2G47240, AT4G16515, AT4G24510, AT4G33790, AT5G64770	PARVUS, AT2G21190, FAH1, LACS1, RGF6, CER2, CER4, RGF9
k:Cytoskeleton	keyword	Cytoskeleton	4	247	276	21633	1.2693187819045944	0.387014417696211	1.0	-0.4122728556289635	0.0	True		False		Cytoskeleton		AT2G33460, AT3G02170, AT3G04630, AT4G14750	RIC1, LNG2, WDL1, IQD19
w:infection	word	infection	4	247	276	21633	1.2693187819045944	0.387014417696211	1.0	-0.4122728556289635	0.0	True		False		infection		AT2G05940, AT4G31800, AT4G37240, AT5G13220	RIPK, WRKY18, AP22.53, JAZ10
p:fyve phd	phrase	fyve phd	1	247	43	21633	2.036813859335279	0.38998393185702157	1.0	-0.4089532864339836	0.0	False		False		fyve phd		AT2G37950	AT2G37950
p:ring fyve	phrase	ring fyve	1	247	43	21633	2.036813859335279	0.38998393185702157	1.0	-0.4089532864339836	0.0	False		False		ring fyve		AT2G37950	AT2G37950
p:voltage gated	phrase	voltage gated	1	247	43	21633	2.036813859335279	0.38998393185702157	1.0	-0.4089532864339836	0.0	False		False		voltage gated		AT4G27970	SLAH2
w:aluminum	word	aluminum	1	247	43	21633	2.036813859335279	0.38998393185702157	1.0	-0.4089532864339836	0.0	False		False		aluminum		AT5G62090	SLK2
w:analog	word	analog	1	247	43	21633	2.036813859335279	0.38998393185702157	1.0	-0.4089532864339836	0.0	False		False		analog		AT1G59500	GH3.4
w:barrel	word	barrel	1	247	43	21633	2.036813859335279	0.38998393185702157	1.0	-0.4089532864339836	0.0	False		False		barrel		AT3G49640	AT3G49640
w:bridging	word	bridging	1	247	43	21633	2.036813859335279	0.38998393185702157	1.0	-0.4089532864339836	0.0	False		False		bridging		AT2G30010	TBL45
w:coordinate	word	coordinate	1	247	43	21633	2.036813859335279	0.38998393185702157	1.0	-0.4089532864339836	0.0	False		False		coordinate		AT4G08950	EXO
w:monovalent	word	monovalent	1	247	43	21633	2.036813859335279	0.38998393185702157	1.0	-0.4089532864339836	0.0	False		False		monovalent		AT5G11800	KEA6
w:non‑catalytic	word	non-catalytic	1	247	43	21633	2.036813859335279	0.38998393185702157	1.0	-0.4089532864339836	0.0	False		False		non-catalytic		AT1G53690	NRPB12L
w:ribosylation	word	ribosylation	1	247	43	21633	2.036813859335279	0.38998393185702157	1.0	-0.4089532864339836	0.0	False		False		ribosylation		AT3G51810	EM1
w:working	word	working	1	247	43	21633	2.036813859335279	0.38998393185702157	1.0	-0.4089532864339836	0.0	False		False		working		AT3G29030	EXPA5
w:male	word	male	5	247	359	21633	1.2198188851172285	0.39073968459449154	1.0	-0.40811247839597875	0.0	True		False		male		AT1G29430, AT2G42580, AT2G47240, AT3G58620, AT4G33790	SAUR62, TTL3, LACS1, TTL4, CER4
w:overall	word	overall	2	247	118	21633	1.4844575584985933	0.39085858980638133	1.0	-0.40798033921532045	0.0	True		False		overall		AT1G02860, AT2G28110	NLA, FRA8
w:suppression	word	suppression	2	247	118	21633	1.4844575584985933	0.39085858980638133	1.0	-0.40798033921532045	0.0	True		False		suppression		AT1G11260, AT2G34770	STP1, FAH1
w:lyase	word	lyase	4	247	279	21633	1.2556701928518565	0.39474899306409417	1.0	-0.40367896912781326	0.0	True		False		lyase		AT1G04680, AT3G06770, AT4G11280, AT5G04870	PLL26, PGF4, ACS6, CPK1
p:flavin adenine	phrase	flavin adenine	2	247	119	21633	1.4719831252338993	0.39488512102023	1.0	-0.40352922985056133	0.0	True		False		flavin adenine		AT1G04610, AT3G49640	YUC3, AT3G49640
w:floral	word	floral	5	247	361	21633	1.213060885753698	0.3952584276520269	1.0	-0.40311886132301333	0.0	True		False		floral		AT1G19300, AT2G41940, AT3G14380, AT5G37770, AT5G50570	PARVUS, ZFP8, CASPL2A2, TCH2, SPL13A
w:significantly	word	significantly	5	247	361	21633	1.213060885753698	0.3952584276520269	1.0	-0.40311886132301333	0.0	True		False		significantly		AT1G01600, AT1G19300, AT2G41820, AT3G43720, AT5G46790	CYP86A4, PARVUS, PXC3, LTPG2, PYL1
p:casparian strip	phrase	casparian strip	1	247	44	21633	1.9905226352594774	0.3969628095240581	1.0	-0.4012501793201598	0.0	False		False		casparian strip		AT3G14380	CASPL2A2
w:agrobacterium	word	agrobacterium	1	247	44	21633	1.9905226352594774	0.3969628095240581	1.0	-0.4012501793201598	0.0	False		False		agrobacterium		AT5G54640	RAT5
w:case	word	case	1	247	44	21633	1.9905226352594774	0.3969628095240581	1.0	-0.4012501793201598	0.0	False		False		case		AT5G57560	TCH4
w:casparian	word	casparian	1	247	44	21633	1.9905226352594774	0.3969628095240581	1.0	-0.4012501793201598	0.0	False		False		casparian		AT3G14380	CASPL2A2
w:concomitant	word	concomitant	1	247	44	21633	1.9905226352594774	0.3969628095240581	1.0	-0.4012501793201598	0.0	False		False		concomitant		AT4G15800	RALFL33
w:degraded	word	degraded	1	247	44	21633	1.9905226352594774	0.3969628095240581	1.0	-0.4012501793201598	0.0	False		False		degraded		AT3G51810	EM1
w:enriched	word	enriched	1	247	44	21633	1.9905226352594774	0.3969628095240581	1.0	-0.4012501793201598	0.0	False		False		enriched		AT2G34510	ATHB-1
w:longevity	word	longevity	1	247	44	21633	1.9905226352594774	0.3969628095240581	1.0	-0.4012501793201598	0.0	False		False		longevity		AT1G44830	ERF014
w:retardation	word	retardation	1	247	44	21633	1.9905226352594774	0.3969628095240581	1.0	-0.4012501793201598	0.0	False		False		retardation		AT5G43760	KCS20
w:ribulose	word	ribulose	1	247	44	21633	1.9905226352594774	0.3969628095240581	1.0	-0.4012501793201598	0.0	False		False		ribulose		AT3G54690	SETH3
w:rise	word	rise	1	247	44	21633	1.9905226352594774	0.3969628095240581	1.0	-0.4012501793201598	0.0	False		False		rise		AT1G70700	TIFY7
w:conserved	word	conserved	5	247	362	21633	1.2097098888317266	0.3975168201633077	1.0	-0.4006444902790567	0.0	True		False		conserved		AT1G10140, AT3G14370, AT4G15800, AT5G63470, AT5G64780	AT1G10140, WAG2, RALFL33, NF-YC4, MVP7.11
w:targeted	word	targeted	3	247	201	21633	1.3072088947972689	0.4034263599073442	1.0	-0.3942357283634874	0.0	True		False		targeted		AT1G02860, AT2G28110, AT5G58620	NLA, FRA8, AtC3H66
p:trichome morphogenesis	phrase	trichome morphogenesis	1	247	45	21633	1.9462887989203779	0.40386216503137906	1.0	-0.3937668308798928	0.0	False		False		trichome morphogenesis		AT2G41940	ZFP8
w:acetylglucosaminyltransferase	word	acetylglucosaminyltransferase	1	247	45	21633	1.9462887989203779	0.40386216503137906	1.0	-0.3937668308798928	0.0	False		False		acetylglucosaminyltransferase		AT1G12990	AT1G12990
w:color	word	color	1	247	45	21633	1.9462887989203779	0.40386216503137906	1.0	-0.3937668308798928	0.0	False		False		color		AT1G19300	PARVUS
w:defined	word	defined	1	247	45	21633	1.9462887989203779	0.40386216503137906	1.0	-0.3937668308798928	0.0	False		False		defined		AT4G01120	GBF2
w:dme	word	dme	1	247	45	21633	1.9462887989203779	0.40386216503137906	1.0	-0.3937668308798928	0.0	False		False		dme		AT3G18200	UMAMIT4
w:downward	word	downward	1	247	45	21633	1.9462887989203779	0.40386216503137906	1.0	-0.3937668308798928	0.0	False		False		downward		AT4G11280	ACS6
w:eama	word	eama	1	247	45	21633	1.9462887989203779	0.40386216503137906	1.0	-0.3937668308798928	0.0	False		False		eama		AT3G18200	UMAMIT4
w:esterification	word	esterification	1	247	45	21633	1.9462887989203779	0.40386216503137906	1.0	-0.3937668308798928	0.0	False		False		esterification		AT2G30010	TBL45
w:lecrk	word	lecrk	1	247	45	21633	1.9462887989203779	0.40386216503137906	1.0	-0.3937668308798928	0.0	False		False		lecrk		AT3G53810	LECRK42
w:loosening	word	loosening	1	247	45	21633	1.9462887989203779	0.40386216503137906	1.0	-0.3937668308798928	0.0	False		False		loosening		AT3G29030	EXPA5
w:phosphoinositide	word	phosphoinositide	1	247	45	21633	1.9462887989203779	0.40386216503137906	1.0	-0.3937668308798928	0.0	False		False		phosphoinositide		AT1G30690	PATL4
w:recognizing	word	recognizing	1	247	45	21633	1.9462887989203779	0.40386216503137906	1.0	-0.3937668308798928	0.0	False		False		recognizing		AT5G63470	NF-YC4
w:vessel	word	vessel	1	247	45	21633	1.9462887989203779	0.40386216503137906	1.0	-0.3937668308798928	0.0	False		False		vessel		AT2G28110	FRA8
w:plasmodesma	word	plasmodesma	9	247	700	21633	1.1260670908039327	0.4063302148751038	1.0	-0.3911208821637862	0.0	True		False		plasmodesma		AT1G11260, AT2G06850, AT2G34300, AT4G13340, AT4G14360, AT4G15800, AT5G15920, AT5G16590, AT5G51550	STP1, XTH4, AT2G34300, LRX3, AT4G14360, RALFL33, SMC5, LRR1, EXL3
w:deposition	word	deposition	3	247	202	21633	1.3007375636349061	0.4064861995720334	1.0	-0.3909541943539305	0.0	True		False		deposition		AT1G44830, AT2G30010, AT3G43720	ERF014, TBL45, LTPG2
w:modulating	word	modulating	3	247	202	21633	1.3007375636349061	0.4064861995720334	1.0	-0.3909541943539305	0.0	True		False		modulating		AT1G02860, AT4G16515, AT5G64770	NLA, RGF6, RGF9
w:maintenance	word	maintenance	6	247	449	21633	1.1703741107093586	0.406569366418248	1.0	-0.39086534703764586	0.0	True		False		maintenance		AT2G19620, AT4G16515, AT4G27970, AT5G15920, AT5G62090, AT5G64770	NDL3, RGF6, SLAH2, SMC5, SLK2, RGF9
w:attack	word	attack	2	247	122	21633	1.4357868188756886	0.40689101278261364	1.0	-0.39052190253310737	0.0	True		False		attack		AT3G28200, AT4G30340	PER31, DGK7
w:rnp	word	rnp	2	247	122	21633	1.4357868188756886	0.40689101278261364	1.0	-0.39052190253310737	0.0	True		False		rnp		AT1G78260, AT2G46780	AT1G78260, AT2G46780
k:Hydrolase	keyword	Hydrolase	27	247	2236	21633	1.0575764269625487	0.40910381528594053	1.0	-0.3881664702696427	0.0	True		False		Hydrolase		AT1G10550, AT1G10740, AT1G11545, AT1G29660, AT1G29670, AT1G47380, AT1G65310, AT1G66180, AT1G68410, AT1G75680, AT2G06850, AT2G42160, AT3G06770, AT3G23730, AT3G56730, AT4G02330, AT4G16563, AT4G18970, AT4G25810, AT4G28780, AT4G30280, AT4G30290, AT5G25170, AT5G45670, AT5G45950, AT5G57560, AT5G61450	XTH33, LDAH1, XTH8, AtGELP15, AtGELP16, AT1G47380, XTH17, AT1G66180, AT1G68410, GH9B7, XTH4, BRIZ1, PGF4, XTH16, AT3G56730, ATPMEPCRB, AT4G16563, AtGELP80, XTR6, AtGELP82, XTH18, XTH19, AT5G25170, AtGELP100, AtGELP102, TCH4, MCI2.1
w:site	word	site	7	247	534	21633	1.1480917072283128	0.40953926876511065	1.0	-0.38770444948268534	0.0	True		False		site		AT1G30690, AT1G32640, AT4G24510, AT5G37770, AT5G46590, AT5G46790, AT5G58620	PATL4, MYC2, CER2, TCH2, NAC096, PYL1, AtC3H66
p:feedback loop	phrase	feedback loop	1	247	46	21633	1.9039781728568916	0.4106829008678278	1.0	-0.38649337899037167	0.0	False		False		feedback loop		AT2G45450	ZPR1
w:aldolase	word	aldolase	1	247	46	21633	1.9039781728568916	0.4106829008678278	1.0	-0.38649337899037167	0.0	False		False		aldolase		AT3G49640	AT3G49640
w:cdpk	word	cdpk	1	247	46	21633	1.9039781728568916	0.4106829008678278	1.0	-0.38649337899037167	0.0	False		False		cdpk		AT5G04870	CPK1
w:disruption	word	disruption	1	247	46	21633	1.9039781728568916	0.4106829008678278	1.0	-0.38649337899037167	0.0	False		False		disruption		AT3G14370	WAG2
w:dry	word	dry	1	247	46	21633	1.9039781728568916	0.4106829008678278	1.0	-0.38649337899037167	0.0	False		False		dry		AT3G30775	ERD5
w:isolated	word	isolated	1	247	46	21633	1.9039781728568916	0.4106829008678278	1.0	-0.38649337899037167	0.0	False		False		isolated		AT5G54640	RAT5
w:mark	word	mark	1	247	46	21633	1.9039781728568916	0.4106829008678278	1.0	-0.38649337899037167	0.0	False		False		mark		AT4G39990	RABA4B
w:strip	word	strip	1	247	46	21633	1.9039781728568916	0.4106829008678278	1.0	-0.38649337899037167	0.0	False		False		strip		AT3G14380	CASPL2A2
w:double	word	double	11	247	872	21633	1.104831370946774	0.41129491246603384	1.0	-0.38584666248594557	0.0	True		False		double		AT1G75080, AT2G26710, AT2G47240, AT3G14370, AT3G57420, AT4G14750, AT4G30440, AT4G31800, AT5G15920, AT5G48870, AT5G56170	BZR1, BAS1, LACS1, WAG2, STL2, IQD19, GAE1, WRKY18, SMC5, SAD1, LLG1
w:nadp	word	nadp	3	247	204	21633	1.2879852345796619	0.4125919716565772	1.0	-0.3844792269182949	0.0	True		False		nadp		AT1G04610, AT3G30775, AT4G33790	YUC3, ERD5, CER4
k:Fatty acid metabolism	keyword	Fatty acid metabolism	2	247	124	21633	1.412628966958339	0.41483112862700666	1.0	-0.3821286619172833	0.0	True		False		Fatty acid metabolism		AT2G34770, AT2G47240	FAH1, LACS1
w:direct	word	direct	3	247	205	21633	1.2817023797768343	0.4156376161824766	1.0	-0.38128515466343654	0.0	True		False		direct		AT1G02860, AT4G11280, AT5G25110	NLA, ACS6, CIPK25
p:bacterial origin	phrase	bacterial origin	1	247	47	21633	1.8634679989663192	0.41742590932132473	1.0	-0.379420598092645	0.0	False		False		bacterial origin		AT4G31800	WRKY18
p:sister chromatid	phrase	sister chromatid	1	247	47	21633	1.8634679989663192	0.41742590932132473	1.0	-0.379420598092645	0.0	False		False		sister chromatid		AT5G15920	SMC5
w:acp	word	acp	1	247	47	21633	1.8634679989663192	0.41742590932132473	1.0	-0.379420598092645	0.0	False		False		acp		AT4G01950	GPAT3
w:aminocyclopropane	word	aminocyclopropane	1	247	47	21633	1.8634679989663192	0.41742590932132473	1.0	-0.379420598092645	0.0	False		False		aminocyclopropane		AT4G11280	ACS6
w:biological	word	biological	1	247	47	21633	1.8634679989663192	0.41742590932132473	1.0	-0.379420598092645	0.0	False		False		biological		AT4G24510	CER2
w:cellulase	word	cellulase	1	247	47	21633	1.8634679989663192	0.41742590932132473	1.0	-0.379420598092645	0.0	False		False		cellulase		AT1G75680	GH9B7
w:determined	word	determined	1	247	47	21633	1.8634679989663192	0.41742590932132473	1.0	-0.379420598092645	0.0	False		False		determined		AT4G11280	ACS6
w:dioxide	word	dioxide	1	247	47	21633	1.8634679989663192	0.41742590932132473	1.0	-0.379420598092645	0.0	False		False		dioxide		AT1G29510	SAUR68
w:efficiently	word	efficiently	1	247	47	21633	1.8634679989663192	0.41742590932132473	1.0	-0.379420598092645	0.0	False		False		efficiently		AT5G11160	APT5
w:glucanase	word	glucanase	1	247	47	21633	1.8634679989663192	0.41742590932132473	1.0	-0.379420598092645	0.0	False		False		glucanase		AT1G75680	GH9B7
w:sterility	word	sterility	1	247	47	21633	1.8634679989663192	0.41742590932132473	1.0	-0.379420598092645	0.0	False		False		sterility		AT4G33790	CER4
p:cytoskeleton organization	phrase	cytoskeleton organization	2	247	125	21633	1.4013279352226722	0.4187813615217351	1.0	-0.3780126554755009	0.0	True		False		cytoskeleton organization		AT3G04630, AT3G07540	WDL1, FH10
w:arm	word	arm	2	247	125	21633	1.4013279352226722	0.4187813615217351	1.0	-0.3780126554755009	0.0	True		False		arm		AT1G61350, AT5G50900	AT1G61350, AT5G50900
w:derived	word	derived	3	247	207	21633	1.2693187819045944	0.4217137187023633	1.0	-0.3749822707901507	0.0	True		False		derived		AT1G32640, AT1G32930, AT2G33460	MYC2, GALT31A, RIC1
p:adenine dinucleotide	phrase	adenine dinucleotide	2	247	126	21633	1.390206284943127	0.42271809071142713	1.0	-0.37394916563673486	0.0	True		False		adenine dinucleotide		AT1G04610, AT3G49640	YUC3, AT3G49640
w:derivative	word	derivative	2	247	126	21633	1.390206284943127	0.42271809071142713	1.0	-0.37394916563673486	0.0	True		False		derivative		AT3G54690, AT5G43760	SETH3, KCS20
w:metabolite	word	metabolite	2	247	126	21633	1.390206284943127	0.42271809071142713	1.0	-0.37394916563673486	0.0	True		False		metabolite		AT1G32640, AT3G18200	MYC2, UMAMIT4
w:nucleosome	word	nucleosome	2	247	126	21633	1.390206284943127	0.42271809071142713	1.0	-0.37394916563673486	0.0	True		False		nucleosome		AT3G53650, AT5G54640	HTB6, RAT5
w:chromatid	word	chromatid	1	247	48	21633	1.8246457489878543	0.4240920725937071	1.0	-0.3725398455808148	0.0	False		False		chromatid		AT5G15920	SMC5
w:nucleation	word	nucleation	1	247	48	21633	1.8246457489878543	0.4240920725937071	1.0	-0.3725398455808148	0.0	False		False		nucleation		AT3G07540	FH10
w:overlapping	word	overlapping	1	247	48	21633	1.8246457489878543	0.4240920725937071	1.0	-0.3725398455808148	0.0	False		False		overlapping		AT3G14370	WAG2
w:pronounced	word	pronounced	1	247	48	21633	1.8246457489878543	0.4240920725937071	1.0	-0.3725398455808148	0.0	False		False		pronounced		AT3G14370	WAG2
w:subgroup	word	subgroup	1	247	48	21633	1.8246457489878543	0.4240920725937071	1.0	-0.3725398455808148	0.0	False		False		subgroup		AT2G33460	RIC1
w:symptom	word	symptom	1	247	48	21633	1.8246457489878543	0.4240920725937071	1.0	-0.3725398455808148	0.0	False		False		symptom		AT1G02860	NLA
w:whole	word	whole	1	247	48	21633	1.8246457489878543	0.4240920725937071	1.0	-0.3725398455808148	0.0	False		False		whole		AT1G02860	NLA
w:fold	word	fold	4	247	291	21633	1.203889978713636	0.42551394135109555	1.0	-0.3710862063134379	0.0	True		False		fold		AT2G45400, AT3G50560, AT4G03140, AT5G37770	BEN1, AT3G50560, AT4G03140, TCH2
w:element	word	element	18	247	1480	21633	1.0651985994091258	0.4256894130719196	1.0	-0.37090715062535246	0.0	True		False		element		AT1G04240, AT1G21910, AT1G32640, AT1G44830, AT1G54926, AT1G75080, AT1G78170, AT2G45400, AT3G30775, AT3G47310, AT4G01120, AT4G08950, AT4G14560, AT4G31800, AT5G05410, AT5G25190, AT5G43700, AT5G46590	SHY2, DREB26, MYC2, ERF014, AT1G54926, BZR1, CLG4, BEN1, ERD5, AT3G47310, GBF2, EXO, IAA1, WRKY18, DREB2A, ESE3, ATAUX2-11, NAC096
w:carrier	word	carrier	4	247	292	21633	1.1997670678276302	0.4280618517270854	1.0	-0.36849347415737244	0.0	True		False		carrier		AT1G30690, AT2G19620, AT3G14370, AT3G24515	PATL4, NDL3, WAG2, UBC37
w:nad	word	nad	6	247	460	21633	1.1423869037141348	0.4288954028480117	1.0	-0.3676486087584574	0.0	True		False		nad		AT2G45400, AT3G30775, AT3G50560, AT4G03140, AT4G30440, AT4G33790	BEN1, ERD5, AT3G50560, AT4G03140, GAE1, CER4
k:Protein phosphatase	keyword	Protein phosphatase	2	247	128	21633	1.3684843117408907	0.43055021630159834	1.0	-0.36597618825020334	0.0	True		False		Protein phosphatase		AT1G47380, AT1G68410	AT1G47380, AT1G68410
w:delay	word	delay	2	247	128	21633	1.3684843117408907	0.43055021630159834	1.0	-0.36597618825020334	0.0	True		False		delay		AT3G51810, AT4G24510	EM1, CER2
p:metabolite transporter	phrase	metabolite transporter	1	247	49	21633	1.7874080806411634	0.43068226291427	1.0	-0.3658430137193522	0.0	False		False		metabolite transporter		AT3G18200	UMAMIT4
w:blocked	word	blocked	1	247	49	21633	1.7874080806411634	0.43068226291427	1.0	-0.3658430137193522	0.0	False		False		blocked		AT3G30775	ERD5
w:highest	word	highest	1	247	49	21633	1.7874080806411634	0.43068226291427	1.0	-0.3658430137193522	0.0	False		False		highest		AT1G01600	CYP86A4
w:palmitoyl	word	palmitoyl	1	247	49	21633	1.7874080806411634	0.43068226291427	1.0	-0.3658430137193522	0.0	False		False		palmitoyl		AT4G30340	DGK7
w:sphingolipid	word	sphingolipid	1	247	49	21633	1.7874080806411634	0.43068226291427	1.0	-0.3658430137193522	0.0	False		False		sphingolipid		AT2G34770	FAH1
w:spontaneous	word	spontaneous	1	247	49	21633	1.7874080806411634	0.43068226291427	1.0	-0.3658430137193522	0.0	False		False		spontaneous		AT1G02860	NLA
w:stigma	word	stigma	1	247	49	21633	1.7874080806411634	0.43068226291427	1.0	-0.3658430137193522	0.0	False		False		stigma		AT1G19300	PARVUS
w:inhibit	word	inhibit	3	247	210	21633	1.2511856564488142	0.43078785998639657	1.0	-0.3657365440351686	0.0	True		False		inhibit		AT1G29510, AT2G20080, AT5G46790	SAUR68, SPEAR1, PYL1
w:actin	word	actin	3	247	212	21633	1.2393820181804294	0.4368090705367251	1.0	-0.35970835188952155	0.0	True		False		actin		AT2G33460, AT3G07540, AT5G37770	RIC1, FH10, TCH2
w:xylem	word	xylem	3	247	212	21633	1.2393820181804294	0.4368090705367251	1.0	-0.35970835188952155	0.0	True		False		xylem		AT1G19300, AT2G28110, AT4G11280	PARVUS, FRA8, ACS6
p:male fertility	phrase	male fertility	1	247	50	21633	1.7516599190283402	0.4371973426520469	1.0	-0.35932248641826303	0.0	False		False		male fertility		AT1G29430	SAUR62
w:abscission	word	abscission	1	247	50	21633	1.7516599190283402	0.4371973426520469	1.0	-0.35932248641826303	0.0	False		False		abscission		AT3G14380	CASPL2A2
w:greatly	word	greatly	1	247	50	21633	1.7516599190283402	0.4371973426520469	1.0	-0.35932248641826303	0.0	False		False		greatly		AT1G19300	PARVUS
w:interactor	word	interactor	1	247	50	21633	1.7516599190283402	0.4371973426520469	1.0	-0.35932248641826303	0.0	False		False		interactor		AT2G20080	SPEAR1
w:intercellular	word	intercellular	1	247	50	21633	1.7516599190283402	0.4371973426520469	1.0	-0.35932248641826303	0.0	False		False		intercellular		AT3G14370	WAG2
w:phenylalanine	word	phenylalanine	1	247	50	21633	1.7516599190283402	0.4371973426520469	1.0	-0.35932248641826303	0.0	False		False		phenylalanine		AT5G04870	CPK1
w:physiology	word	physiology	1	247	50	21633	1.7516599190283402	0.4371973426520469	1.0	-0.35932248641826303	0.0	False		False		physiology		AT4G15800	RALFL33
k:Methylation	keyword	Methylation	2	247	130	21633	1.347430706944877	0.4383259257674625	1.0	-0.3582028412676475	0.0	True		False		Methylation		AT3G53650, AT5G24580	HTB6, HIPP09
w:atpase	word	atpase	6	247	465	21633	1.130103173566671	0.43900559512246773	1.0	-0.35752994464323506	0.0	True		False		atpase		AT1G29440, AT3G03830, AT3G24530, AT4G36110, AT4G38860, AT5G04870	SAUR63, SAUR28, AT3G24530, SAUR9, SAUR16, CPK1
k:Myristate	keyword	Myristate	2	247	131	21633	1.3371449763575114	0.44219215807908496	1.0	-0.3543889635510169	0.0	True		False		Myristate		AT1G04200, AT5G04870	AT1G04200, CPK1
w:cadmium	word	cadmium	2	247	131	21633	1.3371449763575114	0.44219215807908496	1.0	-0.3543889635510169	0.0	True		False		cadmium		AT1G44810, AT4G37240	GPL4, AP22.53
w:dinucleotide	word	dinucleotide	2	247	131	21633	1.3371449763575114	0.44219215807908496	1.0	-0.3543889635510169	0.0	True		False		dinucleotide		AT1G04610, AT3G49640	YUC3, AT3G49640
w:photomorphogenesis	word	photomorphogenesis	2	247	131	21633	1.3371449763575114	0.44219215807908496	1.0	-0.3543889635510169	0.0	True		False		photomorphogenesis		AT2G26710, AT5G63470	BAS1, NF-YC4
w:patterning	word	patterning	3	247	214	21633	1.2277990086647244	0.4428065179558727	1.0	-0.3537859950845633	0.0	True		False		patterning		AT1G30690, AT2G33460, AT3G14370	PATL4, RIC1, WAG2
k:Brassinosteroid signaling pathway	keyword	Brassinosteroid signaling pathway	1	247	51	21633	1.7173136461062157	0.4436381644268203	1.0	-0.35297110028881723	0.0	False		False		Brassinosteroid signaling pathway		AT1G75080	BZR1
p:leguminous lectin	phrase	leguminous lectin	1	247	51	21633	1.7173136461062157	0.4436381644268203	1.0	-0.35297110028881723	0.0	False		False		leguminous lectin		AT3G53810	LECRK42
w:conductance	word	conductance	1	247	51	21633	1.7173136461062157	0.4436381644268203	1.0	-0.35297110028881723	0.0	False		False		conductance		AT5G46790	PYL1
w:construct	word	construct	1	247	51	21633	1.7173136461062157	0.4436381644268203	1.0	-0.35297110028881723	0.0	False		False		construct		AT5G13220	JAZ10
w:mild	word	mild	1	247	51	21633	1.7173136461062157	0.4436381644268203	1.0	-0.35297110028881723	0.0	False		False		mild		AT2G28110	FRA8
w:phyb	word	phyb	1	247	51	21633	1.7173136461062157	0.4436381644268203	1.0	-0.35297110028881723	0.0	False		False		phyb		AT2G26710	BAS1
w:tgn	word	tgn	1	247	51	21633	1.7173136461062157	0.4436381644268203	1.0	-0.35297110028881723	0.0	False		False		tgn		AT4G39990	RABA4B
p:small gtpase	phrase	small gtpase	2	247	132	21633	1.327015090172985	0.44604373880234754	1.0	-0.35062255252299485	0.0	True		False		small gtpase		AT4G39990, AT5G03520	RABA4B, RAB8C
w:position	word	position	3	247	216	21633	1.2164304993252362	0.4487792198657252	1.0	-0.3479672607237843	0.0	True		False		position		AT1G32930, AT4G01950, AT5G62220	GALT31A, GPAT3, GT18
w:event	word	event	2	247	133	21633	1.3170375331040152	0.449880497817172	1.0	-0.3469028329601586	0.0	True		False		event		AT1G30690, AT4G15800	PATL4, RALFL33
w:intensity	word	intensity	2	247	133	21633	1.3170375331040152	0.449880497817172	1.0	-0.3469028329601586	0.0	True		False		intensity		AT2G06850, AT4G36110	XTH4, SAUR9
w:potassium	word	potassium	2	247	133	21633	1.3170375331040152	0.449880497817172	1.0	-0.3469028329601586	0.0	True		False		potassium		AT5G11800, AT5G25110	KEA6, CIPK25
k:Gibberellin signaling pathway	keyword	Gibberellin signaling pathway	1	247	52	21633	1.6842883836810962	0.4500055712188962	1.0	-0.34678210948099714	0.0	False		False		Gibberellin signaling pathway		AT2G41940	ZFP8
p:proton antiporter	phrase	proton antiporter	1	247	52	21633	1.6842883836810962	0.4500055712188962	1.0	-0.34678210948099714	0.0	False		False		proton antiporter		AT5G11800	KEA6
w:glc	word	glc	1	247	52	21633	1.6842883836810962	0.4500055712188962	1.0	-0.34678210948099714	0.0	False		False		glc		AT4G30440	GAE1
w:prenyltransferase	word	prenyltransferase	1	247	52	21633	1.6842883836810962	0.4500055712188962	1.0	-0.34678210948099714	0.0	False		False		prenyltransferase		AT3G14510	IDS5
w:twisted	word	twisted	1	247	52	21633	1.6842883836810962	0.4500055712188962	1.0	-0.34678210948099714	0.0	False		False		twisted		AT1G11260	STP1
w:width	word	width	1	247	52	21633	1.6842883836810962	0.4500055712188962	1.0	-0.34678210948099714	0.0	False		False		width		AT2G45400	BEN1
p:reduced fertility	phrase	reduced fertility	3	247	218	21633	1.20527058648739	0.454726226532611	1.0	-0.3422499969496677	0.0	True		False		reduced fertility		AT1G19300, AT2G47240, AT5G50915	PARVUS, LACS1, BHLH137
k:Host-virus interaction	keyword	Host-virus interaction	1	247	53	21633	1.6525093575739058	0.45630039647763926	1.0	-0.3407491538703895	0.0	False		False		Host-virus interaction		AT1G32640	MYC2
p:auxin efflux	phrase	auxin efflux	1	247	53	21633	1.6525093575739058	0.45630039647763926	1.0	-0.3407491538703895	0.0	False		False		auxin efflux		AT3G14370	WAG2
p:day old	phrase	day old	1	247	53	21633	1.6525093575739058	0.45630039647763926	1.0	-0.3407491538703895	0.0	False		False		day old		AT2G38610	KH9
p:heat acclimation	phrase	heat acclimation	1	247	53	21633	1.6525093575739058	0.45630039647763926	1.0	-0.3407491538703895	0.0	False		False		heat acclimation		AT5G05410	DREB2A
p:phosphorelay signal	phrase	phosphorelay signal	1	247	53	21633	1.6525093575739058	0.45630039647763926	1.0	-0.3407491538703895	0.0	False		False		phosphorelay signal		AT1G74890	ARR15
p:xylem histogenesis	phrase	xylem histogenesis	1	247	53	21633	1.6525093575739058	0.45630039647763926	1.0	-0.3407491538703895	0.0	False		False		xylem histogenesis		AT4G11280	ACS6
w:acc	word	acc	1	247	53	21633	1.6525093575739058	0.45630039647763926	1.0	-0.3407491538703895	0.0	False		False		acc		AT4G11280	ACS6
w:agent	word	agent	1	247	53	21633	1.6525093575739058	0.45630039647763926	1.0	-0.3407491538703895	0.0	False		False		agent		AT3G43720	LTPG2
w:aspartic	word	aspartic	1	247	53	21633	1.6525093575739058	0.45630039647763926	1.0	-0.3407491538703895	0.0	False		False		aspartic		AT4G16563	AT4G16563
w:carrying	word	carrying	1	247	53	21633	1.6525093575739058	0.45630039647763926	1.0	-0.3407491538703895	0.0	False		False		carrying		AT4G33790	CER4
w:desaturase	word	desaturase	1	247	53	21633	1.6525093575739058	0.45630039647763926	1.0	-0.3407491538703895	0.0	False		False		desaturase		AT2G34770	FAH1
w:stronger	word	stronger	1	247	53	21633	1.6525093575739058	0.45630039647763926	1.0	-0.3407491538703895	0.0	False		False		stronger		AT4G24510	CER2
w:virulent	word	virulent	1	247	53	21633	1.6525093575739058	0.45630039647763926	1.0	-0.3407491538703895	0.0	False		False		virulent		AT4G31800	WRKY18
p:mrna splicing	phrase	mrna splicing	2	247	135	21633	1.2975258659469187	0.45750889891311186	1.0	-0.3396004541411986	0.0	True		False		mrna splicing		AT2G38610, AT5G48870	KH9, SAD1
w:progression	word	progression	2	247	135	21633	1.2975258659469187	0.45750889891311186	1.0	-0.3396004541411986	0.0	True		False		progression		AT1G02860, AT1G32930	NLA, GALT31A
w:late	word	late	5	247	389	21633	1.1257454492470051	0.4579898201001939	1.0	-0.3391441751040918	0.0	True		False		late		AT1G17620, AT1G75080, AT3G51810, AT4G11280, AT4G24510	AT1G17620, BZR1, EM1, ACS6, CER2
p:ubiquitin transferase	phrase	ubiquitin transferase	4	247	304	21633	1.1524078414660133	0.45838880853375374	1.0	-0.33876599411956565	0.0	True		False		ubiquitin transferase		AT1G02860, AT1G66160, AT2G04240, AT3G61550	NLA, CMPG1, XERICO, ATL68
w:resistance	word	resistance	12	247	992	21633	1.0594717252187542	0.46073124109161034	1.0	-0.33655233827112474	0.0	True		False		resistance		AT1G02860, AT1G29660, AT1G32640, AT1G44830, AT1G61100, AT1G70700, AT2G05940, AT2G34770, AT3G53810, AT4G31800, AT5G13220, AT5G46790	NLA, AtGELP15, MYC2, ERF014, AT1G61100, TIFY7, RIPK, FAH1, LECRK42, WRKY18, JAZ10, PYL1
k:Isopeptide bond	keyword	Isopeptide bond	2	247	136	21633	1.2879852345796619	0.46130022910280344	1.0	-0.3360163297011662	0.0	True		False		Isopeptide bond		AT1G30690, AT3G53650	PATL4, HTB6
w:amp	word	amp	2	247	136	21633	1.2879852345796619	0.46130022910280344	1.0	-0.3360163297011662	0.0	True		False		amp		AT2G47240, AT5G11160	LACS1, APT5
w:catabolism	word	catabolism	2	247	136	21633	1.2879852345796619	0.46130022910280344	1.0	-0.3360163297011662	0.0	True		False		catabolism		AT3G28200, AT3G30775	PER31, ERD5
w:constitutively	word	constitutively	1	247	54	21633	1.6219073324336484	0.4625234642287988	1.0	-0.3348662302187834	0.0	False		False		constitutively		AT2G41820	PXC3
w:decay	word	decay	1	247	54	21633	1.6219073324336484	0.4625234642287988	1.0	-0.3348662302187834	0.0	False		False		decay		AT5G48870	SAD1
w:phosphorelay	word	phosphorelay	1	247	54	21633	1.6219073324336484	0.4625234642287988	1.0	-0.3348662302187834	0.0	False		False		phosphorelay		AT1G74890	ARR15
w:polygalacturonase	word	polygalacturonase	1	247	54	21633	1.6219073324336484	0.4625234642287988	1.0	-0.3348662302187834	0.0	False		False		polygalacturonase		AT3G06770	PGF4
w:protection	word	protection	1	247	54	21633	1.6219073324336484	0.4625234642287988	1.0	-0.3348662302187834	0.0	False		False		protection		AT3G51810	EM1
w:pst	word	pst	1	247	54	21633	1.6219073324336484	0.4625234642287988	1.0	-0.3348662302187834	0.0	False		False		pst		AT1G02860	NLA
w:wound	word	wound	1	247	54	21633	1.6219073324336484	0.4625234642287988	1.0	-0.3348662302187834	0.0	False		False		wound		AT5G46590	NAC096
w:wus	word	wus	1	247	54	21633	1.6219073324336484	0.4625234642287988	1.0	-0.3348662302187834	0.0	False		False		wus		AT2G41420	WIH2
w:drought	word	drought	4	247	306	21633	1.1448757640708105	0.463392992728259	1.0	-0.33405053775031485	0.0	True		False		drought		AT1G32640, AT5G05410, AT5G16590, AT5G48870	MYC2, DREB2A, LRR1, SAD1
w:break	word	break	2	247	137	21633	1.278583882502438	0.4650761135897064	1.0	-0.3324759653746953	0.0	True		False		break		AT4G30440, AT5G15920	GAE1, SMC5
k:Polysaccharide degradation	keyword	Polysaccharide degradation	1	247	55	21633	1.592418108207582	0.4686755891806266	1.0	-0.3291276659810386	0.0	False		False		Polysaccharide degradation		AT1G75680	GH9B7
w:heterozygote	word	heterozygote	1	247	55	21633	1.592418108207582	0.4686755891806266	1.0	-0.3291276659810386	0.0	False		False		heterozygote		AT1G29430	SAUR62
w:limit	word	limit	1	247	55	21633	1.592418108207582	0.4686755891806266	1.0	-0.3291276659810386	0.0	False		False		limit		AT1G04240	SHY2
w:repressed	word	repressed	1	247	55	21633	1.592418108207582	0.4686755891806266	1.0	-0.3291276659810386	0.0	False		False		repressed		AT2G04240	XERICO
w:responsiveness	word	responsiveness	1	247	55	21633	1.592418108207582	0.4686755891806266	1.0	-0.3291276659810386	0.0	False		False		responsiveness		AT3G03830	SAUR28
w:sister	word	sister	1	247	55	21633	1.592418108207582	0.4686755891806266	1.0	-0.3291276659810386	0.0	False		False		sister		AT5G15920	SMC5
w:trnas	word	trnas	1	247	55	21633	1.592418108207582	0.4686755891806266	1.0	-0.3291276659810386	0.0	False		False		trnas		AT3G49640	AT3G49640
w:core	word	core	5	247	395	21633	1.1086455183723671	0.47122499420258857	1.0	-0.32677168223542147	0.0	True		False		core		AT3G45230, AT3G53650, AT5G15920, AT5G46590, AT5G54640	APAP1, HTB6, SMC5, NAC096, RAT5
w:arg	word	arg	1	247	56	21633	1.563982070561018	0.4747575768288043	1.0	-0.3235280954720777	0.0	False		False		arg		AT1G59500	GH3.4
w:covalent	word	covalent	1	247	56	21633	1.563982070561018	0.4747575768288043	1.0	-0.3235280954720777	0.0	False		False		covalent		AT3G24515	UBC37
w:extremely	word	extremely	1	247	56	21633	1.563982070561018	0.4747575768288043	1.0	-0.3235280954720777	0.0	False		False		extremely		AT1G04240	SHY2
w:isoprenoid	word	isoprenoid	1	247	56	21633	1.563982070561018	0.4747575768288043	1.0	-0.3235280954720777	0.0	False		False		isoprenoid		AT3G14510	IDS5
w:leguminous	word	leguminous	1	247	56	21633	1.563982070561018	0.4747575768288043	1.0	-0.3235280954720777	0.0	False		False		leguminous		AT3G53810	LECRK42
w:new	word	new	1	247	56	21633	1.563982070561018	0.4747575768288043	1.0	-0.3235280954720777	0.0	False		False		new		AT1G19300	PARVUS
w:non	word	non	1	247	56	21633	1.563982070561018	0.4747575768288043	1.0	-0.3235280954720777	0.0	False		False		non		AT1G78170	CLG4
w:pathogenesis	word	pathogenesis	3	247	225	21633	1.1677732793522266	0.47532543875748184	1.0	-0.32300894224561366	0.0	True		False		pathogenesis		AT1G21910, AT1G44830, AT5G25190	DREB26, ERF014, ESE3
p:blue light	phrase	blue light	2	247	140	21633	1.2511856564488144	0.47630969483153063	1.0	-0.3221105787466775	0.0	True		False		blue light		AT1G32640, AT4G01120	MYC2, GBF2
p:zinc finger	phrase	zinc finger	8	247	657	21633	1.0664596158467823	0.477107024730903	1.0	-0.3213841890176647	0.0	True		False		zinc finger		AT1G78170, AT2G04240, AT2G37950, AT2G41940, AT2G42160, AT3G54810, AT3G61550, AT5G58620	CLG4, XERICO, AT2G37950, ZFP8, BRIZ1, BME3, ATL68, AtC3H66
w:uptake	word	uptake	3	247	226	21633	1.1626061409480135	0.4782394244860986	1.0	-0.32035462493498446	0.0	True		False		uptake		AT1G11260, AT4G36110, AT4G38860	STP1, SAUR9, SAUR16
w:lys	word	lys	2	247	141	21633	1.2423119993108795	0.4800224242635197	1.0	-0.31873847406934785	0.0	True		False		lys		AT1G59500, AT4G37450	GH3.4, AGP18
w:stimulate	word	stimulate	2	247	141	21633	1.2423119993108795	0.4800224242635197	1.0	-0.31873847406934785	0.0	True		False		stimulate		AT1G29440, AT5G63470	SAUR63, NF-YC4
k:DNA recombination	keyword	DNA recombination	1	247	57	21633	1.536543788621351	0.4807702235601981	1.0	-0.3180624381433188	0.0	False		False		DNA recombination		AT5G15920	SMC5
p:average height	phrase	average height	1	247	57	21633	1.536543788621351	0.4807702235601981	1.0	-0.3180624381433188	0.0	False		False		average height		AT1G75680	GH9B7
p:inorganic phosphate	phrase	inorganic phosphate	1	247	57	21633	1.536543788621351	0.4807702235601981	1.0	-0.3180624381433188	0.0	False		False		inorganic phosphate		AT1G02860	NLA
w:genetic	word	genetic	1	247	57	21633	1.536543788621351	0.4807702235601981	1.0	-0.3180624381433188	0.0	False		False		genetic		AT2G41420	WIH2
w:germinated	word	germinated	1	247	57	21633	1.536543788621351	0.4807702235601981	1.0	-0.3180624381433188	0.0	False		False		germinated		AT1G30690	PATL4
w:histogenesis	word	histogenesis	1	247	57	21633	1.536543788621351	0.4807702235601981	1.0	-0.3180624381433188	0.0	False		False		histogenesis		AT4G11280	ACS6
w:rop	word	rop	1	247	57	21633	1.536543788621351	0.4807702235601981	1.0	-0.3180624381433188	0.0	False		False		rop		AT2G33460	RIC1
w:salvage	word	salvage	1	247	57	21633	1.536543788621351	0.4807702235601981	1.0	-0.3180624381433188	0.0	False		False		salvage		AT5G11160	APT5
w:stable	word	stable	1	247	57	21633	1.536543788621351	0.4807702235601981	1.0	-0.3180624381433188	0.0	False		False		stable		AT3G51810	EM1
w:typical	word	typical	1	247	57	21633	1.536543788621351	0.4807702235601981	1.0	-0.3180624381433188	0.0	False		False		typical		AT1G32640	MYC2
w:defense	word	defense	14	247	1181	21633	1.0382404261810652	0.4817990602953165	1.0	-0.31713405138822887	0.0	True		False		defense		AT1G02860, AT1G32640, AT1G70700, AT2G05940, AT3G30775, AT3G43720, AT3G53810, AT4G02330, AT4G30440, AT4G31800, AT5G04870, AT5G13220, AT5G25110, AT5G46790	NLA, MYC2, TIFY7, RIPK, ERD5, LTPG2, LECRK42, ATPMEPCRB, GAE1, WRKY18, CPK1, JAZ10, CIPK25, PYL1
w:deficiency	word	deficiency	2	247	142	21633	1.2335633232593943	0.4837190472847258	1.0	-0.31540681116894664	0.0	True		False		deficiency		AT1G02860, AT2G43290	NLA, MSS3
w:thioredoxin	word	thioredoxin	2	247	142	21633	1.2335633232593943	0.4837190472847258	1.0	-0.31540681116894664	0.0	True		False		thioredoxin		AT2G42580, AT3G58620	TTL3, TTL4
p:guanine nucleotide	phrase	guanine nucleotide	1	247	58	21633	1.510051654334776	0.48671431675544397	1.0	-0.31272587874839786	0.0	False		False		guanine nucleotide		AT3G51810	EM1
w:rrm	word	rrm	2	247	143	21633	1.2249370063135245	0.4873994466617415	1.0	-0.31211496819989665	0.0	True		False		rrm		AT1G78260, AT2G46780	AT1G78260, AT2G46780
w:calcium	word	calcium	7	247	577	21633	1.062532013275423	0.4890438912648883	1.0	-0.3106521615742691	0.0	True		False		calcium		AT1G66400, AT2G43290, AT4G15800, AT4G27280, AT5G04870, AT5G25110, AT5G37770	CML23, MSS3, RALFL33, KRP1, CPK1, CIPK25, TCH2
k:Flavoprotein	keyword	Flavoprotein	3	247	230	21633	1.1423869037141348	0.4898194850662723	1.0	-0.30996394259136867	0.0	True		False		Flavoprotein		AT1G04610, AT3G30775, AT3G49640	YUC3, ERD5, AT3G49640
p:leucine rich	phrase	leucine rich	4	247	317	21633	1.1051482138980064	0.49061326062570393	1.0	-0.3092607175671793	0.0	True		False		leucine rich		AT2G41820, AT2G45340, AT4G13340, AT5G16590	PXC3, AT2G45340, LRX3, LRR1
w:matrix	word	matrix	4	247	317	21633	1.1051482138980064	0.49061326062570393	1.0	-0.3092607175671793	0.0	True		False		matrix		AT1G13590, AT2G44500, AT3G29030, AT3G45230	PSK1, OFUT20, EXPA5, APAP1
k:Phospholipid biosynthesis	keyword	Phospholipid biosynthesis	1	247	59	21633	1.4844575584985933	0.4925906348903878	1.0	-0.3075138492043651	0.0	False		False		Phospholipid biosynthesis		AT4G01950	GPAT3
w:exclusively	word	exclusively	1	247	59	21633	1.4844575584985933	0.4925906348903878	1.0	-0.3075138492043651	0.0	False		False		exclusively		AT4G14750	IQD19
w:fyve	word	fyve	1	247	59	21633	1.4844575584985933	0.4925906348903878	1.0	-0.3075138492043651	0.0	False		False		fyve		AT2G37950	AT2G37950
w:resemble	word	resemble	1	247	59	21633	1.4844575584985933	0.4925906348903878	1.0	-0.3075138492043651	0.0	False		False		resemble		AT2G33570	GALS1
w:slowly	word	slowly	1	247	59	21633	1.4844575584985933	0.4925906348903878	1.0	-0.3075138492043651	0.0	False		False		slowly		AT1G02860	NLA
w:voltage	word	voltage	1	247	59	21633	1.4844575584985933	0.4925906348903878	1.0	-0.3075138492043651	0.0	False		False		voltage		AT4G27970	SLAH2
w:forming	word	forming	3	247	231	21633	1.1374415058625584	0.49269506190787526	1.0	-0.30742179046896756	0.0	True		False		forming		AT2G45450, AT4G15290, AT4G33790	ZPR1, ATCSLB05, CER4
p:water deprivation	phrase	water deprivation	5	247	405	21633	1.0812715549557657	0.4930526799763197	1.0	-0.3071066762587717	0.0	True		False		water deprivation		AT1G75080, AT3G30775, AT4G11280, AT5G05410, AT5G48870	BZR1, ERD5, ACS6, DREB2A, SAD1
w:generate	word	generate	2	247	145	21633	1.208041323467821	0.4947111291920179	1.0	-0.3056483194876185	0.0	True		False		generate		AT2G33460, AT4G30340	RIC1, DGK7
w:ovule	word	ovule	3	247	232	21633	1.132538740751082	0.4955626827485546	1.0	-0.30490140464983045	0.0	True		False		ovule		AT1G75080, AT3G43720, AT5G62090	BZR1, LTPG2, SLK2
w:analysis	word	analysis	2	247	146	21633	1.1997670678276302	0.49834220124546696	1.0	-0.30247233379625954	0.0	True		False		analysis		AT2G33460, AT4G03400	RIC1, DFL2
w:phe	word	phe	1	247	60	21633	1.4597165991902834	0.49839994763638135	1.0	-0.30242201197736157	0.0	False		False		phe		AT1G59500	GH3.4
w:ptdin	word	ptdin	1	247	60	21633	1.4597165991902834	0.49839994763638135	1.0	-0.30242201197736157	0.0	False		False		ptdin		AT1G60890	PIP5K8
w:shortened	word	shortened	1	247	60	21633	1.4597165991902834	0.49839994763638135	1.0	-0.30242201197736157	0.0	False		False		shortened		AT2G45400	BEN1
w:short‑day	word	short-day	1	247	60	21633	1.4597165991902834	0.49839994763638135	1.0	-0.30242201197736157	0.0	False		False		short-day		AT1G35140	PHI-1
w:detected	word	detected	2	247	147	21633	1.1916053870941088	0.5019566272748914	1.0	-0.2993338074545096	0.0	True		False		detected		AT1G19300, AT5G11060	PARVUS, KNAT4
w:limiting	word	limiting	2	247	147	21633	1.1916053870941088	0.5019566272748914	1.0	-0.2993338074545096	0.0	True		False		limiting		AT3G53650, AT5G54640	HTB6, RAT5
w:activate	word	activate	4	247	322	21633	1.0879875273467952	0.5027999294251166	1.0	-0.29860479194527745	0.0	True		False		activate		AT1G32640, AT1G74890, AT2G05940, AT5G46590	MYC2, ARR15, RIPK, NAC096
w:accelerated	word	accelerated	1	247	61	21633	1.4357868188756886	0.5041430159594622	1.0	-0.2974462448415502	0.0	False		False		accelerated		AT1G02860	NLA
w:ammonia	word	ammonia	1	247	61	21633	1.4357868188756886	0.5041430159594622	1.0	-0.2974462448415502	0.0	False		False		ammonia		AT5G04870	CPK1
w:orientation	word	orientation	1	247	61	21633	1.4357868188756886	0.5041430159594622	1.0	-0.2974462448415502	0.0	False		False		orientation		AT3G04630	WDL1
w:serrated	word	serrated	1	247	61	21633	1.4357868188756886	0.5041430159594622	1.0	-0.2974462448415502	0.0	False		False		serrated		AT1G75680	GH9B7
w:triple	word	triple	2	247	148	21633	1.1835539993434732	0.5055543128732164	1.0	-0.2962321803023693	0.0	True		False		triple		AT2G33570, AT5G44670	GALS1, GALS2
w:abnormal	word	abnormal	5	247	412	21633	1.0629004363036045	0.5081366577453275	1.0	-0.2940194733002037	0.0	True		False		abnormal		AT1G10550, AT1G74380, AT2G42580, AT3G04630, AT5G43760	XTH33, XXT5, TTL3, WDL1, KCS20
w:cytoplasmic	word	cytoplasmic	6	247	500	21633	1.050995951417004	0.508559961854476	1.0	-0.2936578341526961	0.0	True		False		cytoplasmic		AT2G05940, AT2G33460, AT4G15800, AT5G20110, AT5G48870, AT5G58620	RIPK, RIC1, RALFL33, AT5G20110, SAD1, AtC3H66
k:Phospholipid metabolism	keyword	Phospholipid metabolism	1	247	62	21633	1.412628966958339	0.5098205922184094	1.0	-0.2925826268773195	0.0	False		False		Phospholipid metabolism		AT4G01950	GPAT3
p:drought tolerance	phrase	drought tolerance	1	247	62	21633	1.412628966958339	0.5098205922184094	1.0	-0.2925826268773195	0.0	False		False		drought tolerance		AT5G16590	LRR1
p:occurring elicitor	phrase	occurring elicitor	1	247	62	21633	1.412628966958339	0.5098205922184094	1.0	-0.2925826268773195	0.0	False		False		occurring elicitor		AT4G31800	WRKY18
p:pectinesterase inhibitor	phrase	pectinesterase inhibitor	1	247	62	21633	1.412628966958339	0.5098205922184094	1.0	-0.2925826268773195	0.0	False		False		pectinesterase inhibitor		AT4G02330	ATPMEPCRB
w:atypical	word	atypical	1	247	62	21633	1.412628966958339	0.5098205922184094	1.0	-0.2925826268773195	0.0	False		False		atypical		AT3G05800	AIF1
w:contributing	word	contributing	1	247	62	21633	1.412628966958339	0.5098205922184094	1.0	-0.2925826268773195	0.0	False		False		contributing		AT5G05410	DREB2A
w:exon	word	exon	1	247	62	21633	1.412628966958339	0.5098205922184094	1.0	-0.2925826268773195	0.0	False		False		exon		AT4G15800	RALFL33
w:ltp	word	ltp	1	247	62	21633	1.412628966958339	0.5098205922184094	1.0	-0.2925826268773195	0.0	False		False		ltp		AT3G43720	LTPG2
w:start	word	start	1	247	62	21633	1.412628966958339	0.5098205922184094	1.0	-0.2925826268773195	0.0	False		False		start		AT1G02860	NLA
w:support	word	support	1	247	62	21633	1.412628966958339	0.5098205922184094	1.0	-0.2925826268773195	0.0	False		False		support		AT5G62090	SLK2
w:possess	word	possess	4	247	325	21633	1.0779445655559017	0.5100511103409452	1.0	-0.29238630267291293	0.0	True		False		possess		AT3G14370, AT4G30290, AT5G11160, AT5G13220	WAG2, XTH19, APT5, JAZ10
p:serine threonine	phrase	serine threonine	12	247	1028	21633	1.0223696025457238	0.5106389915257675	1.0	-0.29188602627687793	0.0	True		False		serine threonine		AT1G47380, AT1G52290, AT1G52540, AT1G68410, AT2G05940, AT2G40270, AT3G09780, AT3G14370, AT3G53810, AT5G04870, AT5G25110, AT5G47540	AT1G47380, PERK15, AT1G52540, AT1G68410, RIPK, AT2G40270, CCR1, WAG2, LECRK42, CPK1, CIPK25, AT5G47540
w:eukaryotic	word	eukaryotic	5	247	414	21633	1.0577656515871618	0.5124140360748735	1.0	-0.290378982544884	0.0	True		False		eukaryotic		AT1G53690, AT1G66180, AT3G29170, AT4G16563, AT4G30340	NRPB12L, AT1G66180, AT3G29170, AT4G16563, DGK7
p:metal ion	phrase	metal ion	4	247	327	21633	1.0713516324332355	0.514858877306918	1.0	-0.2883117946592615	0.0	True		False		metal ion		AT1G02860, AT5G24580, AT5G37770, AT5G58620	NLA, HIPP09, TCH2, AtC3H66
k:Aspartyl esterase	keyword	Aspartyl esterase	1	247	63	21633	1.390206284943127	0.515433420261711	1.0	-0.2878274255897524	0.0	False		False		Aspartyl esterase		AT4G02330	ATPMEPCRB
p:frequently occurring	phrase	frequently occurring	1	247	63	21633	1.390206284943127	0.515433420261711	1.0	-0.2878274255897524	0.0	False		False		frequently occurring		AT4G31800	WRKY18
p:male sterile	phrase	male sterile	1	247	63	21633	1.390206284943127	0.515433420261711	1.0	-0.2878274255897524	0.0	False		False		male sterile		AT2G47240	LACS1
p:responsive cis‑acting	phrase	responsive cis-acting	1	247	63	21633	1.390206284943127	0.515433420261711	1.0	-0.2878274255897524	0.0	False		False		responsive cis-acting		AT4G31800	WRKY18
w:detection	word	detection	1	247	63	21633	1.390206284943127	0.515433420261711	1.0	-0.2878274255897524	0.0	False		False		detection		AT2G05940	RIPK
w:gynoecium	word	gynoecium	1	247	63	21633	1.390206284943127	0.515433420261711	1.0	-0.2878274255897524	0.0	False		False		gynoecium		AT5G62090	SLK2
w:host	word	host	1	247	63	21633	1.390206284943127	0.515433420261711	1.0	-0.2878274255897524	0.0	False		False		host		AT2G05940	RIPK
w:increasing	word	increasing	1	247	63	21633	1.390206284943127	0.515433420261711	1.0	-0.2878274255897524	0.0	False		False		increasing		AT1G29440	SAUR63
w:pathogenic	word	pathogenic	1	247	63	21633	1.390206284943127	0.515433420261711	1.0	-0.2878274255897524	0.0	False		False		pathogenic		AT3G53810	LECRK42
w:phenotypic	word	phenotypic	1	247	63	21633	1.390206284943127	0.515433420261711	1.0	-0.2878274255897524	0.0	False		False		phenotypic		AT1G35140	PHI-1
w:signalling	word	signalling	1	247	63	21633	1.390206284943127	0.515433420261711	1.0	-0.2878274255897524	0.0	False		False		signalling		AT1G75080	BZR1
p:shoot apical	phrase	shoot apical	2	247	152	21633	1.1524078414660133	0.5197759115339068	1.0	-0.28418385128808693	0.0	True		False		shoot apical		AT2G26580, AT2G45450	YAB5, ZPR1
w:following	word	following	2	247	152	21633	1.1524078414660133	0.5197759115339068	1.0	-0.28418385128808693	0.0	True		False		following		AT3G28180, AT4G31590	CSLC04, CSLC5
p:elicitor responsive	phrase	elicitor responsive	1	247	64	21633	1.3684843117408907	0.5209822355234331	1.0	-0.2831770850415098	0.0	False		False		elicitor responsive		AT4G31800	WRKY18
w:avoidance	word	avoidance	1	247	64	21633	1.3684843117408907	0.5209822355234331	1.0	-0.2831770850415098	0.0	False		False		avoidance		AT1G73830	BEE3
w:recruited	word	recruited	1	247	64	21633	1.3684843117408907	0.5209822355234331	1.0	-0.2831770850415098	0.0	False		False		recruited		AT5G57560	TCH4
w:sufficient	word	sufficient	1	247	64	21633	1.3684843117408907	0.5209822355234331	1.0	-0.2831770850415098	0.0	False		False		sufficient		AT3G14370	WAG2
w:tgac	word	tgac	1	247	64	21633	1.3684843117408907	0.5209822355234331	1.0	-0.2831770850415098	0.0	False		False		tgac		AT4G31800	WRKY18
w:thermotolerance	word	thermotolerance	1	247	64	21633	1.3684843117408907	0.5209822355234331	1.0	-0.2831770850415098	0.0	False		False		thermotolerance		AT5G05410	DREB2A
w:toxico	word	toxico	1	247	64	21633	1.3684843117408907	0.5209822355234331	1.0	-0.2831770850415098	0.0	False		False		toxico		AT3G61550	ATL68
w:glucosinolate	word	glucosinolate	2	247	153	21633	1.1448757640708105	0.5232886264175481	1.0	-0.281258704468776	0.0	True		False		glucosinolate		AT1G32640, AT4G01120	MYC2, GBF2
p:cytokinin activated	phrase	cytokinin activated	1	247	65	21633	1.347430706944877	0.526467765118023	1.0	-0.27862821490573386	0.0	False		False		cytokinin activated		AT1G74890	ARR15
p:lipid droplet	phrase	lipid droplet	1	247	65	21633	1.347430706944877	0.526467765118023	1.0	-0.27862821490573386	0.0	False		False		lipid droplet		AT1G10740	LDAH1
p:long days	phrase	long days	1	247	65	21633	1.347430706944877	0.526467765118023	1.0	-0.27862821490573386	0.0	False		False		long days		AT5G63470	NF-YC4
w:array	word	array	1	247	65	21633	1.347430706944877	0.526467765118023	1.0	-0.27862821490573386	0.0	False		False		array		AT2G33460	RIC1
w:chitin	word	chitin	1	247	65	21633	1.347430706944877	0.526467765118023	1.0	-0.27862821490573386	0.0	False		False		chitin		AT2G05940	RIPK
w:demethylesterification	word	demethylesterification	1	247	65	21633	1.347430706944877	0.526467765118023	1.0	-0.27862821490573386	0.0	False		False		demethylesterification		AT4G02330	ATPMEPCRB
w:gus	word	gus	1	247	65	21633	1.347430706944877	0.526467765118023	1.0	-0.27862821490573386	0.0	False		False		gus		AT5G11060	KNAT4
w:inhibiting	word	inhibiting	1	247	65	21633	1.347430706944877	0.526467765118023	1.0	-0.27862821490573386	0.0	False		False		inhibiting		AT1G29440	SAUR63
w:modified	word	modified	1	247	65	21633	1.347430706944877	0.526467765118023	1.0	-0.27862821490573386	0.0	False		False		modified		AT3G49640	AT3G49640
w:null	word	null	1	247	65	21633	1.347430706944877	0.526467765118023	1.0	-0.27862821490573386	0.0	False		False		null		AT2G26710	BAS1
p:rich repeat	phrase	rich repeat	4	247	334	21633	1.0488981551067904	0.5315128474048869	1.0	-0.2744862335120564	0.0	True		False		rich repeat		AT2G41820, AT2G45340, AT4G13340, AT5G16590	PXC3, AT2G45340, LRX3, LRR1
p:bifunctional inhibitor	phrase	bifunctional inhibitor	1	247	66	21633	1.327015090172985	0.5318907279340404	1.0	-0.2741775803546973	0.0	False		False		bifunctional inhibitor		AT3G43720	LTPG2
p:toxic reductant	phrase	toxic reductant	1	247	66	21633	1.327015090172985	0.5318907279340404	1.0	-0.2741775803546973	0.0	False		False		toxic reductant		AT3G28200	PER31
w:ala	word	ala	1	247	66	21633	1.327015090172985	0.5318907279340404	1.0	-0.2741775803546973	0.0	False		False		ala		AT1G59500	GH3.4
w:atperox	word	atperox	1	247	66	21633	1.327015090172985	0.5318907279340404	1.0	-0.2741775803546973	0.0	False		False		atperox		AT3G28200	PER31
w:drug	word	drug	1	247	66	21633	1.327015090172985	0.5318907279340404	1.0	-0.2741775803546973	0.0	False		False		drug		AT3G18200	UMAMIT4
w:hybrid	word	hybrid	1	247	66	21633	1.327015090172985	0.5318907279340404	1.0	-0.2741775803546973	0.0	False		False		hybrid		AT1G70700	TIFY7
w:levadura	word	levadura	1	247	66	21633	1.327015090172985	0.5318907279340404	1.0	-0.2741775803546973	0.0	False		False		levadura		AT3G61550	ATL68
w:anther	word	anther	2	247	156	21633	1.1228589224540642	0.5337231935655852	1.0	-0.272683924011697	0.0	True		False		anther		AT1G19300, AT5G50570	PARVUS, SPL13A
w:flower	word	flower	8	247	692	21633	1.0125201844094451	0.5359370355368922	1.0	-0.2708862303168175	0.0	True		False		flower		AT1G01600, AT1G19300, AT1G66400, AT2G21140, AT4G00360, AT4G30340, AT4G37450, AT5G37770	CYP86A4, PARVUS, CML23, PRP2, CYP86A2, DGK7, AGP18, TCH2
w:establishment	word	establishment	2	247	157	21633	1.115706954795121	0.5371666489842276	1.0	-0.26989095916740435	0.0	True		False		establishment		AT2G19620, AT2G45450	NDL3, ZPR1
w:localize	word	localize	2	247	157	21633	1.115706954795121	0.5371666489842276	1.0	-0.26989095916740435	0.0	True		False		localize		AT3G30775, AT4G27970	ERD5, SLAH2
p:finger ccch	phrase	finger ccch	1	247	67	21633	1.3072088947972687	0.537251834726839	1.0	-0.2698220927087733	0.0	False		False		finger ccch		AT5G58620	AtC3H66
p:globular stage	phrase	globular stage	1	247	67	21633	1.3072088947972687	0.537251834726839	1.0	-0.2698220927087733	0.0	False		False		globular stage		AT1G32930	GALT31A
p:mudr element	phrase	mudr element	1	247	67	21633	1.3072088947972687	0.537251834726839	1.0	-0.2698220927087733	0.0	False		False		mudr element		AT3G47310	AT3G47310
p:phosphatidic acid	phrase	phosphatidic acid	1	247	67	21633	1.3072088947972687	0.537251834726839	1.0	-0.2698220927087733	0.0	False		False		phosphatidic acid		AT4G30340	DGK7
w:action	word	action	1	247	67	21633	1.3072088947972687	0.537251834726839	1.0	-0.2698220927087733	0.0	False		False		action		AT4G30290	XTH19
w:communication	word	communication	1	247	67	21633	1.3072088947972687	0.537251834726839	1.0	-0.2698220927087733	0.0	False		False		communication		AT2G30010	TBL45
w:flavonoid	word	flavonoid	1	247	67	21633	1.3072088947972687	0.537251834726839	1.0	-0.2698220927087733	0.0	False		False		flavonoid		AT1G32640	MYC2
w:greening	word	greening	1	247	67	21633	1.3072088947972687	0.537251834726839	1.0	-0.2698220927087733	0.0	False		False		greening		AT3G54810	BME3
w:phosphatidic	word	phosphatidic	1	247	67	21633	1.3072088947972687	0.537251834726839	1.0	-0.2698220927087733	0.0	False		False		phosphatidic		AT4G30340	DGK7
w:uses	word	uses	1	247	67	21633	1.3072088947972687	0.537251834726839	1.0	-0.2698220927087733	0.0	False		False		uses		AT2G47240	LACS1
w:coat	word	coat	3	247	247	21633	1.063761084430166	0.5375671445499052	1.0	-0.26956728269366176	0.0	True		False		coat		AT2G42160, AT3G02250, AT5G04160	BRIZ1, RRT2, UUAT1
w:contribute	word	contribute	5	247	426	21633	1.0279694360494953	0.5377502649234004	1.0	-0.2694193669846791	0.0	True		False		contribute		AT1G19300, AT2G44500, AT3G43720, AT5G11160, AT5G57560	PARVUS, OFUT20, LTPG2, APT5, TCH4
w:photoperiodism	word	photoperiodism	2	247	158	21633	1.1086455183723671	0.5405926427927406	1.0	-0.26712986913721465	0.0	True		False		photoperiodism		AT5G37770, AT5G63470	TCH2, NF-YC4
p:auxin catabolism	phrase	auxin catabolism	1	247	68	21633	1.2879852345796619	0.5425517882102143	1.0	-0.2655588007781303	0.0	False		False		auxin catabolism		AT3G28200	PER31
p:inhibitor lipid	phrase	inhibitor lipid	1	247	68	21633	1.2879852345796619	0.5425517882102143	1.0	-0.2655588007781303	0.0	False		False		inhibitor lipid		AT3G43720	LTPG2
p:triggered immunity	phrase	triggered immunity	1	247	68	21633	1.2879852345796619	0.5425517882102143	1.0	-0.2655588007781303	0.0	False		False		triggered immunity		AT2G05940	RIPK
w:anchor	word	anchor	1	247	68	21633	1.2879852345796619	0.5425517882102143	1.0	-0.2655588007781303	0.0	False		False		anchor		AT2G34510	ATHB-1
w:contrast	word	contrast	1	247	68	21633	1.2879852345796619	0.5425517882102143	1.0	-0.2655588007781303	0.0	False		False		contrast		AT1G02860	NLA
w:deubiquitinase	word	deubiquitinase	1	247	68	21633	1.2879852345796619	0.5425517882102143	1.0	-0.2655588007781303	0.0	False		False		deubiquitinase		AT5G25170	AT5G25170
w:droplet	word	droplet	1	247	68	21633	1.2879852345796619	0.5425517882102143	1.0	-0.2655588007781303	0.0	False		False		droplet		AT1G10740	LDAH1
w:endocytic	word	endocytic	1	247	68	21633	1.2879852345796619	0.5425517882102143	1.0	-0.2655588007781303	0.0	False		False		endocytic		AT4G39990	RABA4B
w:lactoperoxidase	word	lactoperoxidase	1	247	68	21633	1.2879852345796619	0.5425517882102143	1.0	-0.2655588007781303	0.0	False		False		lactoperoxidase		AT3G28200	PER31
w:subcellular	word	subcellular	1	247	68	21633	1.2879852345796619	0.5425517882102143	1.0	-0.2655588007781303	0.0	False		False		subcellular		AT1G02860	NLA
w:suberization	word	suberization	1	247	68	21633	1.2879852345796619	0.5425517882102143	1.0	-0.2655588007781303	0.0	False		False		suberization		AT3G28200	PER31
w:viable	word	viable	1	247	68	21633	1.2879852345796619	0.5425517882102143	1.0	-0.2655588007781303	0.0	False		False		viable		AT1G02860	NLA
w:alpha	word	alpha	10	247	874	21633	1.0020937751878376	0.5426818514876361	1.0	-0.2654547019704879	0.0	True		False		alpha		AT1G10740, AT1G13250, AT1G13590, AT1G19300, AT1G24170, AT1G74290, AT1G74380, AT2G34770, AT3G28340, AT3G29030	LDAH1, GATL3, PSK1, PARVUS, LGT9, AT1G74290, XXT5, FAH1, GATL10, EXPA5
w:mechanism	word	mechanism	3	247	249	21633	1.0552168186917712	0.5430172288130102	1.0	-0.26518639092732504	0.0	True		False		mechanism		AT1G59500, AT4G03400, AT4G24510	GH3.4, DFL2, CER2
w:ascorbate	word	ascorbate	2	247	160	21633	1.0947874493927126	0.5473920427313516	1.0	-0.2617015200844316	0.0	True		False		ascorbate		AT1G66180, AT2G19800	AT1G66180, MIOX2
w:anion	word	anion	1	247	69	21633	1.2693187819045944	0.5477912831470133	1.0	-0.2613848828364783	0.0	False		False		anion		AT4G27970	SLAH2
w:ccch	word	ccch	1	247	69	21633	1.2693187819045944	0.5477912831470133	1.0	-0.2613848828364783	0.0	False		False		ccch		AT5G58620	AtC3H66
w:moderate	word	moderate	1	247	69	21633	1.2693187819045944	0.5477912831470133	1.0	-0.2613848828364783	0.0	False		False		moderate		AT4G00360	CYP86A2
w:deprivation	word	deprivation	5	247	432	21633	1.0136920827710303	0.5501926124197263	1.0	-0.25948524529291345	0.0	True		False		deprivation		AT1G75080, AT3G30775, AT4G11280, AT5G05410, AT5G48870	BZR1, ERD5, ACS6, DREB2A, SAD1
w:phosphate	word	phosphate	9	247	791	21633	0.9965195493840112	0.5517748948925371	1.0	-0.2582380632944412	0.0	True		False		phosphate		AT1G02860, AT1G12500, AT1G35140, AT1G60890, AT3G54690, AT4G01950, AT4G08950, AT4G11280, AT4G15290	NLA, AT1G12500, PHI-1, PIP5K8, SETH3, GPAT3, EXO, ACS6, ATCSLB05
p:nuclear ribonucleoprotein	phrase	nuclear ribonucleoprotein	1	247	70	21633	1.2511856564488144	0.5529710064387355	1.0	-0.2572976391722807	0.0	False		False		nuclear ribonucleoprotein		AT5G48870	SAD1
w:abundance	word	abundance	1	247	70	21633	1.2511856564488144	0.5529710064387355	1.0	-0.2572976391722807	0.0	False		False		abundance		AT1G02860	NLA
w:apex	word	apex	1	247	70	21633	1.2511856564488144	0.5529710064387355	1.0	-0.2572976391722807	0.0	False		False		apex		AT1G04610	YUC3
w:oxo	word	oxo	1	247	70	21633	1.2511856564488144	0.5529710064387355	1.0	-0.2572976391722807	0.0	False		False		oxo		AT4G33790	CER4
w:phospho	word	phospho	1	247	70	21633	1.2511856564488144	0.5529710064387355	1.0	-0.2572976391722807	0.0	False		False		phospho		AT5G58620	AtC3H66
w:premature	word	premature	1	247	70	21633	1.2511856564488144	0.5529710064387355	1.0	-0.2572976391722807	0.0	False		False		premature		AT5G25110	CIPK25
w:presumably	word	presumably	1	247	70	21633	1.2511856564488144	0.5529710064387355	1.0	-0.2572976391722807	0.0	False		False		presumably		AT2G30010	TBL45
w:transformation	word	transformation	1	247	70	21633	1.2511856564488144	0.5529710064387355	1.0	-0.2572976391722807	0.0	False		False		transformation		AT5G54640	RAT5
w:located	word	located	3	247	254	21633	1.0344448340718544	0.5564793270507103	1.0	-0.2545509648684752	0.0	True		False		located		AT1G19300, AT2G04240, AT4G03400	PARVUS, XERICO, DFL2
w:recombination	word	recombination	2	247	163	21633	1.0746379871339509	0.5574590014602417	1.0	-0.2537870674624404	0.0	True		False		recombination		AT5G15920, AT5G54640	SMC5, RAT5
p:low temperature	phrase	low temperature	1	247	71	21633	1.2335633232593943	0.55809163721412	1.0	-0.25329448516829256	0.0	False		False		low temperature		AT5G05410	DREB2A
p:surface receptor	phrase	surface receptor	1	247	71	21633	1.2335633232593943	0.55809163721412	1.0	-0.25329448516829256	0.0	False		False		surface receptor		AT4G15800	RALFL33
w:compartment	word	compartment	2	247	164	21633	1.0680853164806952	0.5607792603977444	1.0	-0.251208056491775	0.0	True		False		compartment		AT1G02860, AT4G39990	NLA, RABA4B
k:Kinase	keyword	Kinase	13	247	1155	21633	0.9857826384142173	0.5616198260810975	1.0	-0.2505575693155074	0.0	True		False		Kinase		AT1G52290, AT1G52540, AT1G60890, AT1G67050, AT2G05940, AT2G41820, AT2G45340, AT3G09780, AT3G14370, AT3G53810, AT4G30340, AT5G04870, AT5G25110	PERK15, AT1G52540, PIP5K8, AT1G67050, RIPK, PXC3, AT2G45340, CCR1, WAG2, LECRK42, DGK7, CPK1, CIPK25
w:peptide	word	peptide	6	247	528	21633	0.9952613176297388	0.5618659457624007	1.0	-0.25036728934246905	0.0	True		False		peptide		AT1G13590, AT1G55330, AT4G13340, AT4G15800, AT4G16515, AT5G64770	PSK1, AGP21, LRX3, RALFL33, RGF6, RGF9
w:threonine	word	threonine	12	247	1066	21633	0.9859249075206418	0.5619410887293952	1.0	-0.2503092114430316	0.0	True		False		threonine		AT1G47380, AT1G52290, AT1G52540, AT1G68410, AT2G05940, AT2G40270, AT3G09780, AT3G14370, AT3G53810, AT5G04870, AT5G25110, AT5G47540	AT1G47380, PERK15, AT1G52540, AT1G68410, RIPK, AT2G40270, CCR1, WAG2, LECRK42, CPK1, CIPK25, AT5G47540
w:target	word	target	9	247	798	21633	0.9877781498280113	0.5624681502736912	1.0	-0.2499020644201577	0.0	True		False		target		AT1G29510, AT1G74890, AT2G05940, AT2G33460, AT4G30290, AT4G31000, AT5G05410, AT5G25110, AT5G50570	SAUR68, ARR15, RIPK, RIC1, XTH19, CBP60F, DREB2A, CIPK25, SPL13A
p:dark grown	phrase	dark grown	1	247	72	21633	1.2164304993252362	0.5631538469167507	1.0	-0.24937294486506772	0.0	False		False		dark grown		AT1G19300	PARVUS
p:udp glucose	phrase	udp glucose	1	247	72	21633	1.2164304993252362	0.5631538469167507	1.0	-0.24937294486506772	0.0	False		False		udp glucose		AT1G76670	URGT1
w:mutator	word	mutator	1	247	72	21633	1.2164304993252362	0.5631538469167507	1.0	-0.24937294486506772	0.0	False		False		mutator		AT3G47310	AT3G47310
k:Fatty acid biosynthesis	keyword	Fatty acid biosynthesis	1	247	73	21633	1.1997670678276302	0.5681582993916623	1.0	-0.2455306449684001	0.0	False		False		Fatty acid biosynthesis		AT2G34770	FAH1
p:leaf margin	phrase	leaf margin	1	247	73	21633	1.1997670678276302	0.5681582993916623	1.0	-0.2455306449684001	0.0	False		False		leaf margin		AT1G75680	GH9B7
p:nucleotide exchange	phrase	nucleotide exchange	1	247	73	21633	1.1997670678276302	0.5681582993916623	1.0	-0.2455306449684001	0.0	False		False		nucleotide exchange		AT3G51810	EM1
w:accumulated	word	accumulated	1	247	73	21633	1.1997670678276302	0.5681582993916623	1.0	-0.2455306449684001	0.0	False		False		accumulated		AT1G02860	NLA
w:irregular	word	irregular	1	247	73	21633	1.1997670678276302	0.5681582993916623	1.0	-0.2455306449684001	0.0	False		False		irregular		AT2G28110	FRA8
w:mudr	word	mudr	1	247	73	21633	1.1997670678276302	0.5681582993916623	1.0	-0.2455306449684001	0.0	False		False		mudr		AT3G47310	AT3G47310
w:reductant	word	reductant	1	247	73	21633	1.1997670678276302	0.5681582993916623	1.0	-0.2455306449684001	0.0	False		False		reductant		AT3G28200	PER31
p:dna replication	phrase	dna replication	2	247	167	21633	1.0488981551067904	0.5706334068137555	1.0	-0.24364280686369816	0.0	True		False		dna replication		AT3G53650, AT5G54640	HTB6, RAT5
k:Hydrogen peroxide	keyword	Hydrogen peroxide	1	247	74	21633	1.1835539993434732	0.5731056509709882	1.0	-0.24176530926443146	0.0	False		False		Hydrogen peroxide		AT3G28200	PER31
p:molecular pattern	phrase	molecular pattern	1	247	74	21633	1.1835539993434732	0.5731056509709882	1.0	-0.24176530926443146	0.0	False		False		molecular pattern		AT2G05940	RIPK
p:peroxide catabolic	phrase	peroxide catabolic	1	247	74	21633	1.1835539993434732	0.5731056509709882	1.0	-0.24176530926443146	0.0	False		False		peroxide catabolic		AT3G28200	PER31
w:bzip	word	bzip	1	247	74	21633	1.1835539993434732	0.5731056509709882	1.0	-0.24176530926443146	0.0	False		False		bzip		AT4G01120	GBF2
w:facilitating	word	facilitating	1	247	74	21633	1.1835539993434732	0.5731056509709882	1.0	-0.24176530926443146	0.0	False		False		facilitating		AT5G62090	SLK2
w:glu	word	glu	1	247	74	21633	1.1835539993434732	0.5731056509709882	1.0	-0.24176530926443146	0.0	False		False		glu		AT1G59500	GH3.4
w:physically	word	physically	1	247	74	21633	1.1835539993434732	0.5731056509709882	1.0	-0.24176530926443146	0.0	False		False		physically		AT2G42580	TTL3
w:attachment	word	attachment	2	247	168	21633	1.0426547137073452	0.573882492043192	1.0	-0.24117702446895925	0.0	True		False		attachment		AT3G24515, AT5G46590	UBC37, NAC096
w:develop	word	develop	2	247	168	21633	1.0426547137073452	0.573882492043192	1.0	-0.24117702446895925	0.0	True		False		develop		AT1G19300, AT3G14370	PARVUS, WAG2
w:exchange	word	exchange	2	247	168	21633	1.0426547137073452	0.573882492043192	1.0	-0.24117702446895925	0.0	True		False		exchange		AT1G76670, AT3G51810	URGT1, EM1
w:sam	word	sam	3	247	262	21633	1.0028587322681337	0.5775204212459788	1.0	-0.23843265441826245	0.0	True		False		sam		AT2G26580, AT2G45450, AT4G11280	YAB5, ZPR1, ACS6
p:ankyrin repeat	phrase	ankyrin repeat	1	247	75	21633	1.1677732793522266	0.5779965505586385	1.0	-0.23807475340960785	0.0	False		False		ankyrin repeat		AT3G24530	AT3G24530
w:leu	word	leu	1	247	75	21633	1.1677732793522266	0.5779965505586385	1.0	-0.23807475340960785	0.0	False		False		leu		AT1G59500	GH3.4
w:move	word	move	1	247	75	21633	1.1677732793522266	0.5779965505586385	1.0	-0.23807475340960785	0.0	False		False		move		AT3G18200	UMAMIT4
w:transcript	word	transcript	5	247	446	21633	0.9818721519217153	0.5785839434197749	1.0	-0.23763362285006268	0.0	True		False		transcript		AT1G70700, AT1G74890, AT3G50830, AT5G37770, AT5G48870	TIFY7, ARR15, COR413-PM2, TCH2, SAD1
k:Manganese	keyword	Manganese	4	247	355	21633	0.9868506586075155	0.57971067697641	1.0	-0.2367887008208156	0.0	True		False		Manganese		AT1G32930, AT1G47380, AT1G68410, AT5G25110	GALT31A, AT1G47380, AT1G68410, CIPK25
p:defense response	phrase	defense response	11	247	991	21633	0.9721624172205722	0.5815701102970263	1.0	-0.23539792207102334	0.0	True		False		defense response		AT1G02860, AT1G32640, AT2G05940, AT3G30775, AT3G43720, AT3G53810, AT4G02330, AT4G30440, AT4G31800, AT5G25110, AT5G46790	NLA, MYC2, RIPK, ERD5, LTPG2, LECRK42, ATPMEPCRB, GAE1, WRKY18, CIPK25, PYL1
w:adenine	word	adenine	3	247	264	21633	0.9952613176297388	0.5826825658622252	1.0	-0.23456797601162335	0.0	True		False		adenine		AT1G04610, AT3G49640, AT5G11160	YUC3, AT3G49640, APT5
k:Potassium transport	keyword	Potassium transport	1	247	76	21633	1.1524078414660133	0.582831639714034	1.0	-0.23445688006567966	0.0	False		False		Potassium transport		AT5G11800	KEA6
p:microtubule cytoskeleton	phrase	microtubule cytoskeleton	1	247	76	21633	1.1524078414660133	0.582831639714034	1.0	-0.23445688006567966	0.0	False		False		microtubule cytoskeleton		AT3G04630	WDL1
p:stomatal opening	phrase	stomatal opening	1	247	76	21633	1.1524078414660133	0.582831639714034	1.0	-0.23445688006567966	0.0	False		False		stomatal opening		AT5G46790	PYL1
w:coenzyme	word	coenzyme	1	247	76	21633	1.1524078414660133	0.582831639714034	1.0	-0.23445688006567966	0.0	False		False		coenzyme		AT2G47240	LACS1
w:lea	word	lea	1	247	76	21633	1.1524078414660133	0.582831639714034	1.0	-0.23445688006567966	0.0	False		False		lea		AT1G17620	AT1G17620
w:susceptibility	word	susceptibility	2	247	172	21633	1.0184069296676395	0.586700158471904	1.0	-0.23158379447761046	0.0	True		False		susceptibility		AT4G11280, AT4G31800	ACS6, WRKY18
k:tRNA processing	keyword	tRNA processing	1	247	77	21633	1.1374415058625584	0.5876115527348922	1.0	-0.23090967435269152	0.0	False		False		tRNA processing		AT3G49640	AT3G49640
p:cadmium ion	phrase	cadmium ion	1	247	77	21633	1.1374415058625584	0.5876115527348922	1.0	-0.23090967435269152	0.0	False		False		cadmium ion		AT1G44810	GPL4
p:invertase pectin	phrase	invertase pectin	1	247	77	21633	1.1374415058625584	0.5876115527348922	1.0	-0.23090967435269152	0.0	False		False		invertase pectin		AT4G02330	ATPMEPCRB
p:wrky transcription	phrase	wrky transcription	1	247	77	21633	1.1374415058625584	0.5876115527348922	1.0	-0.23090967435269152	0.0	False		False		wrky transcription		AT4G31800	WRKY18
w:full	word	full	1	247	77	21633	1.1374415058625584	0.5876115527348922	1.0	-0.23090967435269152	0.0	False		False		full		AT1G19300	PARVUS
w:herbicide	word	herbicide	1	247	77	21633	1.1374415058625584	0.5876115527348922	1.0	-0.23090967435269152	0.0	False		False		herbicide		AT1G59500	GH3.4
w:pfam	word	pfam	1	247	77	21633	1.1374415058625584	0.5876115527348922	1.0	-0.23090967435269152	0.0	False		False		pfam		AT3G47310	AT3G47310
w:sdr	word	sdr	1	247	77	21633	1.1374415058625584	0.5876115527348922	1.0	-0.23090967435269152	0.0	False		False		sdr		AT4G03140	AT4G03140
p:naming convention	phrase	naming convention	1	247	78	21633	1.1228589224540642	0.5923369167390893	1.0	-0.22743119959533076	0.0	False		False		naming convention		AT3G29030	EXPA5
w:convention	word	convention	1	247	78	21633	1.1228589224540642	0.5923369167390893	1.0	-0.22743119959533076	0.0	False		False		convention		AT3G29030	EXPA5
w:frequency	word	frequency	1	247	78	21633	1.1228589224540642	0.5923369167390893	1.0	-0.22743119959533076	0.0	False		False		frequency		AT1G19300	PARVUS
w:ions	word	ions	1	247	78	21633	1.1228589224540642	0.5923369167390893	1.0	-0.22743119959533076	0.0	False		False		ions		AT5G11800	KEA6
w:naming	word	naming	1	247	78	21633	1.1228589224540642	0.5923369167390893	1.0	-0.22743119959533076	0.0	False		False		naming		AT3G29030	EXPA5
w:time	word	time	4	247	361	21633	0.9704487086029584	0.5929560634543033	1.0	-0.2269774855670599	0.0	True		False		time		AT1G19300, AT1G70700, AT5G13220, AT5G50570	PARVUS, TIFY7, JAZ10, SPL13A
w:vitro	word	vitro	8	247	728	21633	0.9624505049606263	0.5936985020890868	1.0	-0.22643404680455376	0.0	True		False		vitro		AT1G04240, AT1G19300, AT1G59500, AT2G33570, AT4G27280, AT4G30290, AT4G31800, AT5G04160	SHY2, PARVUS, GH3.4, GALS1, KRP1, XTH19, WRKY18, UUAT1
p:serine kinase	phrase	serine kinase	7	247	637	21633	0.9624505049606263	0.5938935827512812	1.0	-0.2262913674166384	0.0	True		False		serine kinase		AT1G52290, AT2G05940, AT3G09780, AT3G14370, AT3G53810, AT5G04870, AT5G25110	PERK15, RIPK, CCR1, WAG2, LECRK42, CPK1, CIPK25
k:Nucleus	keyword	Nucleus	42	247	3769	21633	0.9759845661871885	0.5955336349433157	1.0	-0.22509370511694143	0.0	True		False		Nucleus		AT1G02860, AT1G04240, AT1G21910, AT1G32640, AT1G44830, AT1G53690, AT1G70700, AT1G73830, AT1G74890, AT1G75080, AT2G26580, AT2G31730, AT2G38610, AT2G41940, AT3G05800, AT3G46600, AT3G53650, AT3G54810, AT4G01120, AT4G09460, AT4G14560, AT4G23060, AT4G24510, AT4G31000, AT4G31800, AT5G03960, AT5G05090, AT5G05410, AT5G08190, AT5G11060, AT5G13220, AT5G15920, AT5G25190, AT5G43700, AT5G46590, AT5G46790, AT5G48870, AT5G50570, AT5G50915, AT5G54640, AT5G62090, AT5G63470	NLA, SHY2, DREB26, MYC2, ERF014, NRPB12L, TIFY7, BEE3, ARR15, BZR1, YAB5, BHLH154, KH9, ZFP8, AIF1, SCL30, HTB6, BME3, GBF2, MYB6, IAA1, IQD22, CER2, CBP60F, WRKY18, IQD12, MUG13.5, DREB2A, NF-YB12, KNAT4, JAZ10, SMC5, ESE3, ATAUX2-11, NAC096, PYL1, SAD1, SPL13A, BHLH137, RAT5, SLK2, NF-YC4
w:transferring	word	transferring	2	247	175	21633	1.0009485251590515	0.5961254588194065	1.0	-0.2246623302948603	0.0	True		False		transferring		AT5G01210, AT5G43760	AT5G01210, KCS20
w:finger	word	finger	8	247	730	21633	0.9598136542621042	0.5968065181335769	1.0	-0.22416644228138927	0.0	True		False		finger		AT1G78170, AT2G04240, AT2G37950, AT2G41940, AT2G42160, AT3G54810, AT3G61550, AT5G58620	CLG4, XERICO, AT2G37950, ZFP8, BRIZ1, BME3, ATL68, AtC3H66
w:atl	word	atl	1	247	79	21633	1.1086455183723671	0.5970083517456048	1.0	-0.22401959334021238	0.0	False		False		atl		AT3G61550	ATL68
w:pamp	word	pamp	1	247	79	21633	1.1086455183723671	0.5970083517456048	1.0	-0.22401959334021238	0.0	False		False		pamp		AT2G05940	RIPK
w:perception	word	perception	1	247	79	21633	1.1086455183723671	0.5970083517456048	1.0	-0.22401959334021238	0.0	False		False		perception		AT5G46790	PYL1
w:purine	word	purine	1	247	79	21633	1.1086455183723671	0.5970083517456048	1.0	-0.22401959334021238	0.0	False		False		purine		AT5G11160	APT5
w:sensing	word	sensing	1	247	79	21633	1.1086455183723671	0.5970083517456048	1.0	-0.22401959334021238	0.0	False		False		sensing		AT1G35180	AT1G35180
w:adult	word	adult	1	247	80	21633	1.0947874493927126	0.6016264707545516	1.0	-0.220673063623656	0.0	False		False		adult		AT1G04240	SHY2
w:secretion	word	secretion	1	247	80	21633	1.0947874493927126	0.6016264707545516	1.0	-0.220673063623656	0.0	False		False		secretion		AT4G39990	RABA4B
w:developing	word	developing	2	247	178	21633	0.9840786061956965	0.6053895036134663	1.0	-0.21796511321471118	0.0	True		False		developing		AT1G02860, AT2G28110	NLA, FRA8
w:specification	word	specification	2	247	178	21633	0.9840786061956965	0.6053895036134663	1.0	-0.21796511321471118	0.0	True		False		specification		AT2G26580, AT2G45450	YAB5, ZPR1
p:dehydrogenase reductase	phrase	dehydrogenase reductase	1	247	81	21633	1.0812715549557654	0.6061918798263107	1.0	-0.21738988547127508	0.0	False		False		dehydrogenase reductase		AT4G03140	AT4G03140
p:short‑chain dehydrogenase	phrase	short-chain dehydrogenase	1	247	81	21633	1.0812715549557654	0.6061918798263107	1.0	-0.21738988547127508	0.0	False		False		short-chain dehydrogenase		AT4G03140	AT4G03140
w:albumin	word	albumin	1	247	81	21633	1.0812715549557654	0.6061918798263107	1.0	-0.21738988547127508	0.0	False		False		albumin		AT3G43720	LTPG2
w:exporter	word	exporter	1	247	81	21633	1.0812715549557654	0.6061918798263107	1.0	-0.21738988547127508	0.0	False		False		exporter		AT3G18200	UMAMIT4
w:spliceosomal	word	spliceosomal	1	247	81	21633	1.0812715549557654	0.6061918798263107	1.0	-0.21738988547127508	0.0	False		False		spliceosomal		AT5G48870	SAD1
w:transcribed	word	transcribed	1	247	81	21633	1.0812715549557654	0.6061918798263107	1.0	-0.21738988547127508	0.0	False		False		transcribed		AT5G48870	SAD1
k:Endonuclease	keyword	Endonuclease	1	247	82	21633	1.0680853164806952	0.6107051781597782	1.0	-0.21416839761231501	0.0	False		False		Endonuclease		AT3G56730	AT3G56730
w:hydrophobic	word	hydrophobic	1	247	82	21633	1.0680853164806952	0.6107051781597782	1.0	-0.21416839761231501	0.0	False		False		hydrophobic		AT1G30690	PATL4
w:used	word	used	1	247	82	21633	1.0680853164806952	0.6107051781597782	1.0	-0.21416839761231501	0.0	False		False		used		AT1G59500	GH3.4
w:spliceosome	word	spliceosome	2	247	180	21633	0.9731443994601889	0.6114759735876188	1.0	-0.21362060280318856	0.0	True		False		spliceosome		AT2G38610, AT5G48870	KH9, SAD1
w:suppress	word	suppress	2	247	180	21633	0.9731443994601889	0.6114759735876188	1.0	-0.21362060280318856	0.0	True		False		suppress		AT1G70700, AT5G13220	TIFY7, JAZ10
k:Symport	keyword	Symport	1	247	83	21633	1.0552168186917712	0.6151669581697333	1.0	-0.2110069993931179	0.0	False		False		Symport		AT1G11260	STP1
p:ethylene activated	phrase	ethylene activated	1	247	83	21633	1.0552168186917712	0.6151669581697333	1.0	-0.2110069993931179	0.0	False		False		ethylene activated		AT5G25190	ESE3
p:microtubule organization	phrase	microtubule organization	1	247	83	21633	1.0552168186917712	0.6151669581697333	1.0	-0.2110069993931179	0.0	False		False		microtubule organization		AT2G33460	RIC1
w:aminotransferase	word	aminotransferase	1	247	83	21633	1.0552168186917712	0.6151669581697333	1.0	-0.2110069993931179	0.0	False		False		aminotransferase		AT4G11280	ACS6
w:reversible	word	reversible	1	247	83	21633	1.0552168186917712	0.6151669581697333	1.0	-0.2110069993931179	0.0	False		False		reversible		AT3G54690	SETH3
w:stunted	word	stunted	1	247	83	21633	1.0552168186917712	0.6151669581697333	1.0	-0.2110069993931179	0.0	False		False		stunted		AT3G57420	STL2
w:tips	word	tips	1	247	83	21633	1.0552168186917712	0.6151669581697333	1.0	-0.2110069993931179	0.0	False		False		tips		AT1G02860	NLA
w:wrky	word	wrky	1	247	83	21633	1.0552168186917712	0.6151669581697333	1.0	-0.2110069993931179	0.0	False		False		wrky		AT4G31800	WRKY18
w:sterile	word	sterile	2	247	182	21633	0.9624505049606263	0.6174908666666208	1.0	-0.20936946168873807	0.0	True		False		sterile		AT1G19300, AT2G47240	PARVUS, LACS1
w:thr	word	thr	10	247	927	21633	0.9448003878254262	0.6178250989105938	1.0	-0.20913445262738298	0.0	True		False		thr		AT1G52290, AT1G59500, AT2G05940, AT2G40270, AT3G09780, AT3G14370, AT3G53810, AT5G04870, AT5G16590, AT5G25110	PERK15, GH3.4, RIPK, AT2G40270, CCR1, WAG2, LECRK42, CPK1, LRR1, CIPK25
p:homologous recombination	phrase	homologous recombination	1	247	84	21633	1.0426547137073452	0.6195778055633324	1.0	-0.20790414787541026	0.0	False		False		homologous recombination		AT5G15920	SMC5
p:mitogen activated	phrase	mitogen activated	1	247	84	21633	1.0426547137073452	0.6195778055633324	1.0	-0.20790414787541026	0.0	False		False		mitogen activated		AT4G15800	RALFL33
w:ankyrin	word	ankyrin	1	247	84	21633	1.0426547137073452	0.6195778055633324	1.0	-0.20790414787541026	0.0	False		False		ankyrin		AT3G24530	AT3G24530
w:mitogen	word	mitogen	1	247	84	21633	1.0426547137073452	0.6195778055633324	1.0	-0.20790414787541026	0.0	False		False		mitogen		AT4G15800	RALFL33
w:module	word	module	1	247	84	21633	1.0426547137073452	0.6195778055633324	1.0	-0.20790414787541026	0.0	False		False		module		AT5G25110	CIPK25
w:occurring	word	occurring	1	247	84	21633	1.0426547137073452	0.6195778055633324	1.0	-0.20790414787541026	0.0	False		False		occurring		AT4G31800	WRKY18
w:pmei	word	pmei	1	247	84	21633	1.0426547137073452	0.6195778055633324	1.0	-0.20790414787541026	0.0	False		False		pmei		AT4G02330	ATPMEPCRB
w:subset	word	subset	1	247	84	21633	1.0426547137073452	0.6195778055633324	1.0	-0.20790414787541026	0.0	False		False		subset		AT1G32640	MYC2
w:nitrogen	word	nitrogen	2	247	183	21633	0.9571912125837924	0.6204715015698163	1.0	-0.20727816097459903	0.0	True		False		nitrogen		AT1G02860, AT1G29510	NLA, SAUR68
w:produce	word	produce	4	247	374	21633	0.936716534239754	0.6207972698005537	1.0	-0.20705020172596547	0.0	True		False		produce		AT1G19300, AT2G45400, AT4G14750, AT5G63470	PARVUS, BEN1, IQD19, NF-YC4
w:gtpase	word	gtpase	4	247	375	21633	0.9342186234817814	0.6228890706684918	1.0	-0.20558928927356587	0.0	True		False		gtpase		AT2G33460, AT4G39990, AT5G03520, AT5G56170	RIC1, RABA4B, RAB8C, LLG1
w:ion	word	ion	22	247	2019	21633	0.9543466621749253	0.6237257036935482	1.0	-0.2050063583342192	0.0	True		False		ion		AT1G01600, AT1G02860, AT1G13090, AT1G44810, AT1G53690, AT1G66400, AT2G19800, AT2G26710, AT2G42160, AT2G43290, AT3G20300, AT3G54810, AT4G00360, AT4G27280, AT4G27970, AT5G04870, AT5G11800, AT5G24580, AT5G25110, AT5G37770, AT5G58620, AT5G62090	CYP86A4, NLA, CYP71B28, GPL4, NRPB12L, CML23, MIOX2, BAS1, BRIZ1, MSS3, AT3G20300, BME3, CYP86A2, KRP1, SLAH2, CPK1, KEA6, HIPP09, CIPK25, TCH2, AtC3H66, SLK2
w:aaa	word	aaa	1	247	85	21633	1.0303881876637295	0.6239382994157562	1.0	-0.20485835510627537	0.0	False		False		aaa		AT3G24530	AT3G24530
w:guanine	word	guanine	1	247	85	21633	1.0303881876637295	0.6239382994157562	1.0	-0.20485835510627537	0.0	False		False		guanine		AT3G51810	EM1
w:independently	word	independently	1	247	85	21633	1.0303881876637295	0.6239382994157562	1.0	-0.20485835510627537	0.0	False		False		independently		AT3G02170	LNG2
w:proposed	word	proposed	1	247	85	21633	1.0303881876637295	0.6239382994157562	1.0	-0.20485835510627537	0.0	False		False		proposed		AT2G30010	TBL45
w:endogenous	word	endogenous	2	247	185	21633	0.9468431994747785	0.6263792253280364	1.0	-0.20316265464585695	0.0	True		False		endogenous		AT2G04240, AT5G13220	XERICO, JAZ10
k:Iron	keyword	Iron	8	247	750	21633	0.9342186234817814	0.6272304131621443	1.0	-0.20257289173262635	0.0	True		False		Iron		AT1G01600, AT1G13090, AT1G64950, AT2G14100, AT2G19800, AT2G26710, AT3G28200, AT4G00360	CYP86A4, CYP71B28, CYP89A5, CYP705A13, MIOX2, BAS1, PER31, CYP86A2
p:heavy metal	phrase	heavy metal	1	247	86	21633	1.0184069296676395	0.6282490122449887	1.0	-0.20186818554778288	0.0	False		False		heavy metal		AT5G24580	HIPP09
w:absent	word	absent	1	247	86	21633	1.0184069296676395	0.6282490122449887	1.0	-0.20186818554778288	0.0	False		False		absent		AT2G47240	LACS1
w:budding	word	budding	1	247	86	21633	1.0184069296676395	0.6282490122449887	1.0	-0.20186818554778288	0.0	False		False		budding		AT1G53690	NRPB12L
w:clade	word	clade	1	247	86	21633	1.0184069296676395	0.6282490122449887	1.0	-0.20186818554778288	0.0	False		False		clade		AT3G06770	PGF4
w:compromised	word	compromised	1	247	86	21633	1.0184069296676395	0.6282490122449887	1.0	-0.20186818554778288	0.0	False		False		compromised		AT5G04870	CPK1
w:map	word	map	1	247	86	21633	1.0184069296676395	0.6282490122449887	1.0	-0.20186818554778288	0.0	False		False		map		AT3G04630	WDL1
p:epidermal cell	phrase	epidermal cell	2	247	186	21633	0.9417526446388925	0.6293063509560619	1.0	-0.20113788533299323	0.0	True		False		epidermal cell		AT1G78170, AT3G43720	CLG4, LTPG2
w:stability	word	stability	3	247	285	21633	0.9219262731728106	0.6344295559313813	1.0	-0.1976165929052866	0.0	True		False		stability		AT1G32640, AT3G53650, AT5G54640	MYC2, HTB6, RAT5
w:senescence	word	senescence	4	247	381	21633	0.9195065191749816	0.6352872431586284	1.0	-0.1970298653973667	0.0	True		False		senescence		AT1G02860, AT4G11280, AT5G04870, AT5G25110	NLA, ACS6, CPK1, CIPK25
w:phospholipase	word	phospholipase	1	247	88	21633	0.9952613176297387	0.6367233525627495	1.0	-0.1960492215934295	0.0	False		False		phospholipase		AT4G30340	DGK7
w:phytochrome	word	phytochrome	1	247	88	21633	0.9952613176297387	0.6367233525627495	1.0	-0.1960492215934295	0.0	False		False		phytochrome		AT1G04240	SHY2
w:vein	word	vein	1	247	88	21633	0.9952613176297387	0.6367233525627495	1.0	-0.1960492215934295	0.0	False		False		vein		AT2G42580	TTL3
w:altered	word	altered	4	247	382	21633	0.9170994340462514	0.6373279880909556	1.0	-0.19563700917341564	0.0	True		False		altered		AT3G30775, AT3G43720, AT4G33790, AT5G46790	ERD5, LTPG2, CER4, PYL1
p:methylesterase inhibitor	phrase	methylesterase inhibitor	1	247	89	21633	0.9840786061956965	0.6408880929627032	1.0	-0.19321779708285614	0.0	False		False		methylesterase inhibitor		AT4G02330	ATPMEPCRB
w:mediator	word	mediator	1	247	89	21633	0.9840786061956965	0.6408880929627032	1.0	-0.19321779708285614	0.0	False		False		mediator		AT4G09890	AT4G09890
w:producing	word	producing	1	247	89	21633	0.9840786061956965	0.6408880929627032	1.0	-0.19321779708285614	0.0	False		False		producing		AT1G02860	NLA
w:rich	word	rich	11	247	1038	21633	0.9281435023753246	0.6430712361734121	1.0	-0.1917409154686037	0.0	True		False		rich		AT1G17620, AT1G52290, AT2G21140, AT2G41420, AT2G41820, AT2G45340, AT3G14370, AT3G45230, AT4G13340, AT4G37450, AT5G16590	AT1G17620, PERK15, PRP2, WIH2, PXC3, AT2G45340, WAG2, APAP1, LRX3, AGP18, LRR1
w:substrate	word	substrate	10	247	946	21633	0.925824481516036	0.643227318561204	1.0	-0.19163551891066857	0.0	True		False		substrate		AT1G29660, AT1G29670, AT1G59500, AT1G75080, AT2G04240, AT4G18970, AT4G28780, AT4G33790, AT5G45670, AT5G45950	AtGELP15, AtGELP16, GH3.4, BZR1, XERICO, AtGELP80, AtGELP82, CER4, AtGELP100, AtGELP102
p:threonine kinase	phrase	threonine kinase	8	247	761	21633	0.9207148063223864	0.6434286464733056	1.0	-0.1914996075180842	0.0	True		False		threonine kinase		AT1G52290, AT2G05940, AT3G09780, AT3G14370, AT3G53810, AT5G04870, AT5G25110, AT5G47540	PERK15, RIPK, CCR1, WAG2, LECRK42, CPK1, CIPK25, AT5G47540
w:affecting	word	affecting	1	247	90	21633	0.9731443994601889	0.6450052783061032	1.0	-0.19043673136498823	0.0	False		False		affecting		AT2G42580	TTL3
w:pyruvate	word	pyruvate	1	247	90	21633	0.9731443994601889	0.6450052783061032	1.0	-0.19043673136498823	0.0	False		False		pyruvate		AT1G04610	YUC3
w:higher	word	higher	4	247	386	21633	0.9075958129680518	0.6454171421306689	1.0	-0.1901595040175004	0.0	True		False		higher		AT1G19300, AT2G38610, AT5G46790, AT5G50900	PARVUS, KH9, PYL1, AT5G50900
w:days	word	days	3	247	291	21633	0.9029174840352269	0.6483725612049945	1.0	-0.18817537255487346	0.0	True		False		days		AT1G02860, AT2G42160, AT5G63470	NLA, BRIZ1, NF-YC4
p:pollen grain	phrase	pollen grain	1	247	91	21633	0.9624505049606263	0.6490754494177584	1.0	-0.18770481728088562	0.0	False		False		pollen grain		AT1G19300	PARVUS
w:displayed	word	displayed	1	247	91	21633	0.9624505049606263	0.6490754494177584	1.0	-0.18770481728088562	0.0	False		False		displayed		AT1G02860	NLA
w:epidermis	word	epidermis	1	247	91	21633	0.9624505049606263	0.6490754494177584	1.0	-0.18770481728088562	0.0	False		False		epidermis		AT5G04160	UUAT1
w:initial	word	initial	1	247	91	21633	0.9624505049606263	0.6490754494177584	1.0	-0.18770481728088562	0.0	False		False		initial		AT4G11280	ACS6
w:pectinesterase	word	pectinesterase	1	247	91	21633	0.9624505049606263	0.6490754494177584	1.0	-0.18770481728088562	0.0	False		False		pectinesterase		AT4G02330	ATPMEPCRB
w:phd	word	phd	1	247	91	21633	0.9624505049606263	0.6490754494177584	1.0	-0.18770481728088562	0.0	False		False		phd		AT2G37950	AT2G37950
w:sterol	word	sterol	1	247	91	21633	0.9624505049606263	0.6490754494177584	1.0	-0.18770481728088562	0.0	False		False		sterol		AT2G34770	FAH1
w:tpr	word	tpr	3	247	292	21633	0.8998253008707227	0.6506595235871175	1.0	-0.18664620914061889	0.0	True		False		tpr		AT2G20080, AT2G42580, AT3G58620	SPEAR1, TTL3, TTL4
p:nuclear speck	phrase	nuclear speck	1	247	92	21633	0.9519890864284458	0.653099140996712	1.0	-0.18502088745442202	0.0	False		False		nuclear speck		AT1G02860	NLA
w:phenylpropanoid	word	phenylpropanoid	1	247	92	21633	0.9519890864284458	0.653099140996712	1.0	-0.18502088745442202	0.0	False		False		phenylpropanoid		AT1G02860	NLA
w:photoperiod	word	photoperiod	1	247	92	21633	0.9519890864284458	0.653099140996712	1.0	-0.18502088745442202	0.0	False		False		photoperiod		AT5G37770	TCH2
w:monoatomic	word	monoatomic	2	247	195	21633	0.8982871379632514	0.6548527713256433	1.0	-0.18385633021906206	0.0	True		False		monoatomic		AT4G27970, AT5G11800	SLAH2, KEA6
k:Palmitate	keyword	Palmitate	1	247	93	21633	0.9417526446388925	0.6570768816853436	1.0	-0.18238381257376468	0.0	False		False		Palmitate		AT5G04870	CPK1
w:homolog	word	homolog	1	247	93	21633	0.9417526446388925	0.6570768816853436	1.0	-0.18238381257376468	0.0	False		False		homolog		AT3G14370	WAG2
w:isomerization	word	isomerization	1	247	93	21633	0.9417526446388925	0.6570768816853436	1.0	-0.18238381257376468	0.0	False		False		isomerization		AT3G54690	SETH3
w:rnai	word	rnai	1	247	93	21633	0.9417526446388925	0.6570768816853436	1.0	-0.18238381257376468	0.0	False		False		rnai		AT5G13220	JAZ10
w:short‑chain	word	short-chain	1	247	93	21633	0.9417526446388925	0.6570768816853436	1.0	-0.18238381257376468	0.0	False		False		short-chain		AT4G03140	AT4G03140
w:timing	word	timing	1	247	93	21633	0.9417526446388925	0.6570768816853436	1.0	-0.18238381257376468	0.0	False		False		timing		AT1G19300	PARVUS
w:chromosome	word	chromosome	3	247	295	21633	0.890674535099156	0.6574570528165382	1.0	-0.1821326114069839	0.0	True		False		chromosome		AT3G53650, AT5G15920, AT5G54640	HTB6, SMC5, RAT5
w:molecular	word	molecular	5	247	488	21633	0.8973667617973053	0.6576824442966895	1.0	-0.1819837507313355	0.0	True		False		molecular		AT1G01600, AT1G13090, AT2G05940, AT2G26710, AT4G00360	CYP86A4, CYP71B28, RIPK, BAS1, CYP86A2
w:earlier	word	earlier	1	247	94	21633	0.9317339994831596	0.6610091941376981	1.0	-0.1797924997647403	0.0	False		False		earlier		AT1G02860	NLA
w:snrnp	word	snrnp	1	247	94	21633	0.9317339994831596	0.6610091941376981	1.0	-0.1797924997647403	0.0	False		False		snrnp		AT5G48870	SAD1
w:fertility	word	fertility	4	247	394	21633	0.8891674715879899	0.6612380713014536	1.0	-0.17964214953472876	0.0	True		False		fertility		AT1G19300, AT1G29430, AT2G47240, AT5G50915	PARVUS, SAUR62, LACS1, BHLH137
k:NADP	keyword	NADP	3	247	297	21633	0.8846767267819899	0.6619358934591714	1.0	-0.17918406866461628	0.0	True		False		NADP		AT1G04610, AT2G45400, AT4G33790	YUC3, BEN1, CER4
w:ser	word	ser	10	247	961	21633	0.911373527069896	0.6626280449067126	1.0	-0.17873018709202926	0.0	True		False		ser		AT1G52290, AT1G59500, AT2G05940, AT2G40270, AT3G09780, AT3G14370, AT3G53810, AT5G04870, AT5G16590, AT5G25110	PERK15, GH3.4, RIPK, AT2G40270, CCR1, WAG2, LECRK42, CPK1, LRR1, CIPK25
k:FAD	keyword	FAD	2	247	198	21633	0.8846767267819899	0.6630515510398342	1.0	-0.17845270468453614	0.0	True		False		FAD		AT1G04610, AT3G30775	YUC3, ERD5
w:medium	word	medium	2	247	198	21633	0.8846767267819899	0.6630515510398342	1.0	-0.17845270468453614	0.0	True		False		medium		AT1G19300, AT1G75080	PARVUS, BZR1
p:environmental stress	phrase	environmental stress	1	247	95	21633	0.9219262731728106	0.6648965950870454	1.0	-0.17724589105025443	0.0	False		False		environmental stress		AT3G28200	PER31
w:appearance	word	appearance	1	247	95	21633	0.9219262731728106	0.6648965950870454	1.0	-0.17724589105025443	0.0	False		False		appearance		AT5G43760	KCS20
w:inorganic	word	inorganic	1	247	95	21633	0.9219262731728106	0.6648965950870454	1.0	-0.17724589105025443	0.0	False		False		inorganic		AT1G02860	NLA
w:speck	word	speck	1	247	95	21633	0.9219262731728106	0.6648965950870454	1.0	-0.17724589105025443	0.0	False		False		speck		AT1G02860	NLA
w:structure	word	structure	4	247	396	21633	0.8846767267819899	0.6651182719600564	1.0	-0.1771011211743816	0.0	True		False		structure		AT2G47240, AT3G43720, AT4G24510, AT4G33790	LACS1, LTPG2, CER2, CER4
p:alpha beta	phrase	alpha beta	2	247	199	21633	0.880231115089618	0.6657496022236494	1.0	-0.17668908437400152	0.0	True		False		alpha beta		AT1G10740, AT1G74290	LDAH1, AT1G74290
w:aldehyde	word	aldehyde	1	247	96	21633	0.9123228744939271	0.6687395954126791	1.0	-0.1747429618903585	0.0	False		False		aldehyde		AT4G33790	CER4
w:cis	word	cis	1	247	96	21633	0.9123228744939271	0.6687395954126791	1.0	-0.1747429618903585	0.0	False		False		cis		AT5G05410	DREB2A
w:delta	word	delta	1	247	96	21633	0.9123228744939271	0.6687395954126791	1.0	-0.1747429618903585	0.0	False		False		delta		AT3G30775	ERD5
w:fertilization	word	fertilization	1	247	96	21633	0.9123228744939271	0.6687395954126791	1.0	-0.1747429618903585	0.0	False		False		fertilization		AT5G56170	LLG1
w:closely	word	closely	1	247	97	21633	0.9029174840352268	0.6725387002059683	1.0	-0.17228271979794615	0.0	False		False		closely		AT3G14370	WAG2
w:controlled	word	controlled	1	247	97	21633	0.9029174840352268	0.6725387002059683	1.0	-0.17228271979794615	0.0	False		False		controlled		AT5G13220	JAZ10
w:enlarged	word	enlarged	1	247	97	21633	0.9029174840352268	0.6725387002059683	1.0	-0.17228271979794615	0.0	False		False		enlarged		AT4G11280	ACS6
w:transition	word	transition	4	247	400	21633	0.8758299595141701	0.6727880794828065	1.0	-0.17212171200904688	0.0	True		False		transition		AT1G04240, AT1G66400, AT4G24510, AT5G50570	SHY2, CML23, CER2, SPL13A
p:disease resistance	phrase	disease resistance	3	247	304	21633	0.8643058810995099	0.6772786666527206	1.0	-0.16923260385756772	0.0	True		False		disease resistance		AT1G61100, AT2G05940, AT4G31800	AT1G61100, RIPK, WRKY18
k:Plant defense	keyword	Plant defense	8	247	785	21633	0.892565563836097	0.6773621651253987	1.0	-0.1691790650521122	0.0	True		False		Plant defense		AT1G70700, AT2G05940, AT3G43720, AT3G53810, AT4G00360, AT4G11280, AT4G30340, AT5G13220	TIFY7, RIPK, LTPG2, LECRK42, CYP86A2, ACS6, DGK7, JAZ10
p:early flowering	phrase	early flowering	2	247	204	21633	0.8586568230531079	0.6789802024546159	1.0	-0.16814288859146156	0.0	True		False		early flowering		AT2G26710, AT4G11280	BAS1, ACS6
w:homeodomain	word	homeodomain	2	247	204	21633	0.8586568230531079	0.6789802024546159	1.0	-0.16814288859146156	0.0	True		False		homeodomain		AT5G05090, AT5G11060	MUG13.5, KNAT4
w:carpel	word	carpel	1	247	99	21633	0.8846767267819899	0.6800072150124732	1.0	-0.16748647931805677	0.0	False		False		carpel		AT5G62090	SLK2
w:novo	word	novo	1	247	99	21633	0.8846767267819899	0.6800072150124732	1.0	-0.16748647931805677	0.0	False		False		novo		AT5G11160	APT5
w:rni	word	rni	1	247	99	21633	0.8846767267819899	0.6800072150124732	1.0	-0.16748647931805677	0.0	False		False		rni		AT1G68780	AT1G68780
w:variety	word	variety	1	247	99	21633	0.8846767267819899	0.6800072150124732	1.0	-0.16748647931805677	0.0	False		False		variety		AT2G26710	BAS1
w:arrested	word	arrested	1	247	100	21633	0.8758299595141701	0.6836776068529079	1.0	-0.1651486447298911	0.0	False		False		arrested		AT1G02860	NLA
w:certain	word	certain	1	247	100	21633	0.8758299595141701	0.6836776068529079	1.0	-0.1651486447298911	0.0	False		False		certain		AT4G01120	GBF2
w:fruit	word	fruit	1	247	100	21633	0.8758299595141701	0.6836776068529079	1.0	-0.1651486447298911	0.0	False		False		fruit		AT1G19300	PARVUS
w:invertase	word	invertase	1	247	100	21633	0.8758299595141701	0.6836776068529079	1.0	-0.1651486447298911	0.0	False		False		invertase		AT4G02330	ATPMEPCRB
p:pyridoxal phosphate	phrase	pyridoxal phosphate	1	247	101	21633	0.867158375756604	0.6873060669424139	1.0	-0.16284982249864655	0.0	False		False		pyridoxal phosphate		AT4G11280	ACS6
w:primordia	word	primordia	1	247	101	21633	0.867158375756604	0.6873060669424139	1.0	-0.16284982249864655	0.0	False		False		primordia		AT4G30290	XTH19
w:dwarf	word	dwarf	2	247	208	21633	0.8421441918405481	0.6892558862082594	1.0	-0.1616195163547954	0.0	True		False		dwarf		AT4G03400, AT4G24510	DFL2, CER2
w:ubiquitination	word	ubiquitination	6	247	603	21633	0.8714725965315124	0.6892897634106919	1.0	-0.1615981711318994	0.0	True		False		ubiquitination		AT1G02860, AT1G66160, AT2G04240, AT2G42160, AT3G24515, AT3G61550	NLA, CMPG1, XERICO, BRIZ1, UBC37, ATL68
p:apical dominance	phrase	apical dominance	1	247	102	21633	0.8586568230531079	0.6908930723977931	1.0	-0.16058916197596312	0.0	False		False		apical dominance		AT1G11260	STP1
p:bacterial pathogen	phrase	bacterial pathogen	1	247	102	21633	0.8586568230531079	0.6908930723977931	1.0	-0.16058916197596312	0.0	False		False		bacterial pathogen		AT4G31800	WRKY18
w:architecture	word	architecture	1	247	102	21633	0.8586568230531079	0.6908930723977931	1.0	-0.16058916197596312	0.0	False		False		architecture		AT3G03830	SAUR28
w:globular	word	globular	1	247	102	21633	0.8586568230531079	0.6908930723977931	1.0	-0.16058916197596312	0.0	False		False		globular		AT1G32930	GALT31A
w:integrity	word	integrity	1	247	102	21633	0.8586568230531079	0.6908930723977931	1.0	-0.16058916197596312	0.0	False		False		integrity		AT4G30440	GAE1
w:space	word	space	1	247	102	21633	0.8586568230531079	0.6908930723977931	1.0	-0.16058916197596312	0.0	False		False		space		AT4G15800	RALFL33
w:stomata	word	stomata	1	247	102	21633	0.8586568230531079	0.6908930723977931	1.0	-0.16058916197596312	0.0	False		False		stomata		AT5G37770	TCH2
p:leaf senescence	phrase	leaf senescence	2	247	209	21633	0.8381147937934641	0.6917823328425513	1.0	-0.16003053345632878	0.0	True		False		leaf senescence		AT1G02860, AT5G04870	NLA, CPK1
w:phospholipid	word	phospholipid	2	247	210	21633	0.8341237709658762	0.694291895081552	1.0	-0.15845790451429984	0.0	True		False		phospholipid		AT1G30690, AT3G23470	PATL4, AT3G23470
k:ER-Golgi transport	keyword	ER-Golgi transport	1	247	103	21633	0.8503203490428836	0.6944390949289224	1.0	-0.15836583760983922	0.0	False		False		ER-Golgi transport		AT2G21190	AT2G21190
w:frequently	word	frequently	1	247	103	21633	0.8503203490428836	0.6944390949289224	1.0	-0.15836583760983922	0.0	False		False		frequently		AT4G31800	WRKY18
w:fructose	word	fructose	1	247	103	21633	0.8503203490428836	0.6944390949289224	1.0	-0.15836583760983922	0.0	False		False		fructose		AT1G11260	STP1
w:isozyme	word	isozyme	1	247	103	21633	0.8503203490428836	0.6944390949289224	1.0	-0.15836583760983922	0.0	False		False		isozyme		AT3G28200	PER31
w:slight	word	slight	1	247	103	21633	0.8503203490428836	0.6944390949289224	1.0	-0.15836583760983922	0.0	False		False		slight		AT5G05410	DREB2A
k:Homeobox	keyword	Homeobox	1	247	104	21633	0.8421441918405481	0.6979446008997798	1.0	-0.1561790479762096	0.0	False		False		Homeobox		AT5G11060	KNAT4
w:autophosphorylation	word	autophosphorylation	1	247	104	21633	0.8421441918405481	0.6979446008997798	1.0	-0.1561790479762096	0.0	False		False		autophosphorylation		AT5G04870	CPK1
w:indistinguishable	word	indistinguishable	1	247	104	21633	0.8421441918405481	0.6979446008997798	1.0	-0.1561790479762096	0.0	False		False		indistinguishable		AT1G19300	PARVUS
w:pyrophosphate	word	pyrophosphate	1	247	104	21633	0.8421441918405481	0.6979446008997798	1.0	-0.1561790479762096	0.0	False		False		pyrophosphate		AT3G14510	IDS5
w:facilitate	word	facilitate	2	247	212	21633	0.8262546787869529	0.6992605850345258	1.0	-0.1553609507879811	0.0	True		False		facilitate		AT5G11800, AT5G15920	KEA6, SMC5
w:coa	word	coa	3	247	315	21633	0.8341237709658762	0.7003434176675922	1.0	-0.1546889488070114	0.0	True		False		coa		AT2G47240, AT4G33790, AT5G43760	LACS1, CER4, KCS20
w:characterized	word	characterized	1	247	105	21633	0.8341237709658762	0.7014100513887829	1.0	-0.1540280148568458	0.0	False		False		characterized		AT4G15800	RALFL33
w:stabilization	word	stabilization	1	247	105	21633	0.8341237709658762	0.7014100513887829	1.0	-0.1540280148568458	0.0	False		False		stabilization		AT5G48870	SAD1
p:ser thr	phrase	ser thr	9	247	898	21633	0.8777805830320189	0.701437965794105	1.0	-0.15401073134209564	0.0	True		False		ser thr		AT1G52290, AT2G05940, AT2G40270, AT3G09780, AT3G14370, AT3G53810, AT5G04870, AT5G16590, AT5G25110	PERK15, RIPK, AT2G40270, CCR1, WAG2, LECRK42, CPK1, LRR1, CIPK25
w:arrest	word	arrest	3	247	316	21633	0.8314841387792753	0.7023771121832447	1.0	-0.1534296488879337	0.0	True		False		arrest		AT2G42160, AT5G44060, AT5G58620	BRIZ1, MRH10.17, AtC3H66
w:reproductive	word	reproductive	3	247	316	21633	0.8314841387792753	0.7023771121832447	1.0	-0.1534296488879337	0.0	True		False		reproductive		AT1G70700, AT5G13220, AT5G50570	TIFY7, JAZ10, SPL13A
w:accumulate	word	accumulate	2	247	214	21633	0.8185326724431495	0.704162402812154	1.0	-0.15232716683628925	0.0	True		False		accumulate		AT1G74890, AT3G51810	ARR15, EM1
w:modulation	word	modulation	1	247	106	21633	0.8262546787869529	0.7048359022484527	1.0	-0.15191198236094136	0.0	False		False		modulation		AT3G03830	SAUR28
w:receptor	word	receptor	11	247	1091	21633	0.8830549545972384	0.7062799946341854	1.0	-0.1510230949565735	0.0	True		False		receptor		AT1G52290, AT1G72430, AT2G05940, AT2G21190, AT2G40270, AT2G41820, AT3G53810, AT4G15800, AT4G30340, AT5G16590, AT5G46790	PERK15, SAUR78, RIPK, AT2G21190, AT2G40270, PXC3, LECRK42, RALFL33, DGK7, LRR1, PYL1
w:phosphatidylinositol	word	phosphatidylinositol	2	247	215	21633	0.8147255437341117	0.7065883782167938	1.0	-0.1508335100059345	0.0	True		False		phosphatidylinositol		AT1G30690, AT1G60890	PATL4, PIP5K8
w:dominance	word	dominance	1	247	107	21633	0.8185326724431495	0.7082226041644015	1.0	-0.14983021608792643	0.0	False		False		dominance		AT1G11260	STP1
w:group	word	group	2	247	217	21633	0.8072165525476221	0.7113907567325913	1.0	-0.14789178200392078	0.0	True		False		group		AT5G01210, AT5G43760	AT5G01210, KCS20
p:actin filament	phrase	actin filament	1	247	108	21633	0.8109536662168242	0.7115706027136625	1.0	-0.14778200232920363	0.0	False		False		actin filament		AT3G07540	FH10
w:accept	word	accept	1	247	108	21633	0.8109536662168242	0.7115706027136625	1.0	-0.14778200232920363	0.0	False		False		accept		AT3G24515	UBC37
w:salinity	word	salinity	1	247	108	21633	0.8109536662168242	0.7115706027136625	1.0	-0.14778200232920363	0.0	False		False		salinity		AT5G05410	DREB2A
w:metal	word	metal	4	247	422	21633	0.8301705777385499	0.712798483845236	1.0	-0.14703323273429608	0.0	True		False		metal		AT1G02860, AT5G24580, AT5G37770, AT5G58620	NLA, HIPP09, TCH2, AtC3H66
w:shoot	word	shoot	6	247	619	21633	0.8489466489636543	0.7130814876051222	1.0	-0.14686083817745926	0.0	True		False		shoot		AT1G78240, AT2G19620, AT2G26580, AT2G45450, AT4G14560, AT4G37450	TSD2, NDL3, YAB5, ZPR1, IAA1, AGP18
p:tube growth	phrase	tube growth	2	247	218	21633	0.8035137243249266	0.713767280160369	1.0	-0.1464433644379336	0.0	True		False		tube growth		AT1G53690, AT2G33460	NRPB12L, RIC1
w:hypersensitive	word	hypersensitive	3	247	322	21633	0.8159906455100964	0.7143598016107853	1.0	-0.14608299201117278	0.0	True		False		hypersensitive		AT1G02860, AT1G78240, AT4G13340	NLA, TSD2, LRX3
w:cytokinesis	word	cytokinesis	1	247	109	21633	0.8035137243249266	0.7148803384223605	1.0	-0.1457666473066573	0.0	False		False		cytokinesis		AT1G30690	PATL4
w:extent	word	extent	1	247	110	21633	0.796209054103791	0.7181522468227359	1.0	-0.14378347644591988	0.0	False		False		extent		AT1G19300	PARVUS
w:nac	word	nac	1	247	110	21633	0.796209054103791	0.7181522468227359	1.0	-0.14378347644591988	0.0	False		False		nac		AT5G46590	NAC096
w:pyridoxal	word	pyridoxal	1	247	110	21633	0.796209054103791	0.7181522468227359	1.0	-0.14378347644591988	0.0	False		False		pyridoxal		AT4G11280	ACS6
w:appear	word	appear	4	247	427	21633	0.8204496107861078	0.721377676063654	1.0	-0.14183730159678287	0.0	True		False		appear		AT1G70700, AT1G75080, AT2G42580, AT5G16590	TIFY7, BZR1, TTL3, LRR1
k:Potassium	keyword	Potassium	1	247	111	21633	0.7890359995623154	0.7213867585095259	1.0	-0.1418318336825068	0.0	False		False		Potassium		AT5G11800	KEA6
p:lipid transfer	phrase	lipid transfer	1	247	111	21633	0.7890359995623154	0.7213867585095259	1.0	-0.1418318336825068	0.0	False		False		lipid transfer		AT3G43720	LTPG2
w:preventing	word	preventing	1	247	111	21633	0.7890359995623154	0.7213867585095259	1.0	-0.1418318336825068	0.0	False		False		preventing		AT3G43720	LTPG2
w:pollen	word	pollen	10	247	1010	21633	0.867158375756604	0.7216576886949808	1.0	-0.14166875695103875	0.0	True		False		pollen		AT1G19300, AT1G29430, AT1G53690, AT2G33460, AT3G28180, AT3G53810, AT4G24510, AT4G31590, AT4G39990, AT5G56170	PARVUS, SAUR62, NRPB12L, RIC1, CSLC04, LECRK42, CER2, CSLC5, RABA4B, LLG1
k:Acyltransferase	keyword	Acyltransferase	2	247	223	21633	0.7854977215373723	0.7254057136298728	1.0	-0.1394190280385276	0.0	True		False		Acyltransferase		AT4G01950, AT5G43760	GPAT3, KCS20
w:proper	word	proper	2	247	223	21633	0.7854977215373723	0.7254057136298728	1.0	-0.1394190280385276	0.0	True		False		proper		AT1G04240, AT2G45450	SHY2, ZPR1
w:reactive	word	reactive	2	247	223	21633	0.7854977215373723	0.7254057136298728	1.0	-0.1394190280385276	0.0	True		False		reactive		AT1G59500, AT2G05940	GH3.4, RIPK
w:nuclear	word	nuclear	10	247	1015	21633	0.862886659619872	0.7272900671222597	1.0	-0.13829234371338556	0.0	True		False		nuclear		AT1G02860, AT1G44830, AT1G53690, AT1G74890, AT4G01120, AT4G14560, AT5G08190, AT5G17640, AT5G48870, AT5G63470	NLA, ERF014, NRPB12L, ARR15, GBF2, IAA1, NF-YB12, ASG1, SAD1, NF-YC4
w:endo	word	endo	1	247	113	21633	0.775070760632009	0.7277452897676517	1.0	-0.13802059679198547	0.0	False		False		endo		AT1G75680	GH9B7
w:enzymatic	word	enzymatic	1	247	113	21633	0.775070760632009	0.7277452897676517	1.0	-0.13802059679198547	0.0	False		False		enzymatic		AT3G29030	EXPA5
w:gtp	word	gtp	3	247	330	21633	0.796209054103791	0.7297556269987397	1.0	-0.13682254756971085	0.0	True		False		gtp		AT2G33460, AT4G39990, AT5G03520	RIC1, RABA4B, RAB8C
k:Peroxidase	keyword	Peroxidase	1	247	114	21633	0.7682718943106756	0.7308701463395566	1.0	-0.13615977726609718	0.0	False		False		Peroxidase		AT3G28200	PER31
k:Pyridoxal phosphate	keyword	Pyridoxal phosphate	1	247	114	21633	0.7682718943106756	0.7308701463395566	1.0	-0.13615977726609718	0.0	False		False		Pyridoxal phosphate		AT4G11280	ACS6
w:nematode	word	nematode	1	247	114	21633	0.7682718943106756	0.7308701463395566	1.0	-0.13615977726609718	0.0	False		False		nematode		AT1G76670	URGT1
w:iron	word	iron	5	247	534	21633	0.8200655051630805	0.7326733725223861	1.0	-0.13508959169660234	0.0	True		False		iron		AT1G01600, AT1G13090, AT2G19800, AT2G26710, AT4G00360	CYP86A4, CYP71B28, MIOX2, BAS1, CYP86A2
p:monoatomic cation	phrase	monoatomic cation	1	247	115	21633	0.7615912691427565	0.7339592803074051	1.0	-0.13432803385552183	0.0	False		False		monoatomic cation		AT5G11800	KEA6
w:elicitor	word	elicitor	1	247	115	21633	0.7615912691427565	0.7339592803074051	1.0	-0.13432803385552183	0.0	False		False		elicitor		AT4G31800	WRKY18
w:energy	word	energy	1	247	115	21633	0.7615912691427565	0.7339592803074051	1.0	-0.13432803385552183	0.0	False		False		energy		AT1G35140	PHI-1
w:opening	word	opening	1	247	115	21633	0.7615912691427565	0.7339592803074051	1.0	-0.13432803385552183	0.0	False		False		opening		AT5G46790	PYL1
w:convert	word	convert	2	247	228	21633	0.7682718943106756	0.7366430509920207	1.0	-0.13274290364303404	0.0	True		False		convert		AT3G30775, AT5G11160	ERD5, APT5
w:replication	word	replication	2	247	228	21633	0.7682718943106756	0.7366430509920207	1.0	-0.13274290364303404	0.0	True		False		replication		AT3G53650, AT5G54640	HTB6, RAT5
p:pectin methylesterase	phrase	pectin methylesterase	1	247	116	21633	0.755025827167388	0.7370130984022125	1.0	-0.1325247936697776	0.0	False		False		pectin methylesterase		AT4G02330	ATPMEPCRB
w:endonuclease	word	endonuclease	1	247	116	21633	0.755025827167388	0.7370130984022125	1.0	-0.1325247936697776	0.0	False		False		endonuclease		AT3G56730	AT3G56730
w:rna	word	rna	20	247	1966	21633	0.8909765610520549	0.7385882995402709	1.0	-0.13159757657313254	0.0	True		False		rna		AT1G15260, AT1G29430, AT1G29440, AT1G29450, AT1G29460, AT1G29500, AT1G29510, AT1G53690, AT1G72430, AT1G78260, AT2G38610, AT2G46780, AT3G03830, AT4G09890, AT4G36110, AT4G38840, AT4G38860, AT5G05410, AT5G48870, AT5G58620	AT1G15260, SAUR62, SAUR63, SAUR64, SAUR65, SAUR66, SAUR68, NRPB12L, SAUR78, AT1G78260, KH9, AT2G46780, SAUR28, AT4G09890, SAUR9, SAUR14, SAUR16, DREB2A, SAD1, AtC3H66
w:completely	word	completely	1	247	117	21633	0.7485726149693761	0.7400320027427177	1.0	-0.13074949876356382	0.0	False		False		completely		AT1G19300	PARVUS
w:homeobox	word	homeobox	1	247	117	21633	0.7485726149693761	0.7400320027427177	1.0	-0.13074949876356382	0.0	False		False		homeobox		AT5G11060	KNAT4
k:Serine/threonine-protein kinase	keyword	Serine/threonine-protein kinase	8	247	835	21633	0.8391185240854324	0.7414462079597184	1.0	-0.12992035162641175	0.0	True		False		Serine/threonine-protein kinase		AT1G52290, AT1G52540, AT2G05940, AT3G09780, AT3G14370, AT3G53810, AT5G04870, AT5G25110	PERK15, AT1G52540, RIPK, CCR1, WAG2, LECRK42, CPK1, CIPK25
k:Leucine-rich repeat	keyword	Leucine-rich repeat	5	247	541	21633	0.8094546760759427	0.7429751751155994	1.0	-0.1290256969936965	0.0	True		False		Leucine-rich repeat		AT1G68780, AT2G41820, AT2G45340, AT4G13340, AT5G16590	AT1G68780, PXC3, AT2G45340, LRX3, LRR1
k:Spliceosome	keyword	Spliceosome	1	247	118	21633	0.7422287792492966	0.7430163908874727	1.0	-0.12900160562910729	0.0	False		False		Spliceosome		AT5G48870	SAD1
w:grain	word	grain	1	247	118	21633	0.7422287792492966	0.7430163908874727	1.0	-0.12900160562910729	0.0	False		False		grain		AT1G19300	PARVUS
k:Ubl conjugation pathway	keyword	Ubl conjugation pathway	7	247	739	21633	0.8296088926385914	0.7432334860658232	1.0	-0.1288747316220672	0.0	True		False		Ubl conjugation pathway		AT1G02860, AT1G66160, AT2G04240, AT2G37950, AT2G42160, AT3G24515, AT3G61550	NLA, CMPG1, XERICO, AT2G37950, BRIZ1, UBC37, ATL68
w:proteasome	word	proteasome	2	247	232	21633	0.755025827167388	0.7453497094973152	1.0	-0.12763991346656298	0.0	True		False		proteasome		AT1G32640, AT2G04240	MYC2, XERICO
w:glucosyltransferase	word	glucosyltransferase	1	247	119	21633	0.7359915626169496	0.7459666558863478	1.0	-0.12728058470991366	0.0	False		False		glucosyltransferase		AT5G23850	MRO11.11
w:open	word	open	1	247	119	21633	0.7359915626169496	0.7459666558863478	1.0	-0.12728058470991366	0.0	False		False		open		AT1G19300	PARVUS
w:peroxisomal	word	peroxisomal	1	247	119	21633	0.7359915626169496	0.7459666558863478	1.0	-0.12728058470991366	0.0	False		False		peroxisomal		AT5G04870	CPK1
w:iii	word	iii	3	247	339	21633	0.7750707606320089	0.7462927931377181	1.0	-0.12709075229040914	0.0	True		False		iii		AT2G33460, AT3G28200, AT4G00360	RIC1, PER31, CYP86A2
w:acceptor	word	acceptor	3	247	340	21633	0.7727911407477971	0.7480797066191587	1.0	-0.12605212633251642	0.0	True		False		acceptor		AT1G19300, AT2G33570, AT4G33790	PARVUS, GALS1, CER4
w:donor	word	donor	5	247	546	21633	0.8020420874671886	0.7501542959226513	1.0	-0.12484939930718893	0.0	True		False		donor		AT1G01600, AT1G13090, AT2G26710, AT4G00360, AT4G33790	CYP86A4, CYP71B28, BAS1, CYP86A2, CER4
w:complement	word	complement	1	247	121	21633	0.7238264128216282	0.7517663664075098	1.0	-0.12391710827154391	0.0	False		False		complement		AT4G27970	SLAH2
w:elongated	word	elongated	1	247	121	21633	0.7238264128216282	0.7517663664075098	1.0	-0.12391710827154391	0.0	False		False		elongated		AT2G45400	BEN1
p:endoplasmic reticulum	phrase	endoplasmic reticulum	10	247	1038	21633	0.8437668203412042	0.7522382774942887	1.0	-0.12364457136350461	0.0	True		False		endoplasmic reticulum		AT1G19300, AT1G29660, AT2G34300, AT2G34770, AT2G47240, AT4G16515, AT4G24510, AT4G33790, AT5G43760, AT5G64770	PARVUS, AtGELP15, AT2G34300, FAH1, LACS1, RGF6, CER2, CER4, KCS20, RGF9
w:reticulum	word	reticulum	10	247	1039	21633	0.8429547252301925	0.7532869731744845	1.0	-0.123039542891796	0.0	True		False		reticulum		AT1G19300, AT1G29660, AT2G34300, AT2G34770, AT2G47240, AT4G16515, AT4G24510, AT4G33790, AT5G43760, AT5G64770	PARVUS, AtGELP15, AT2G34300, FAH1, LACS1, RGF6, CER2, CER4, KCS20, RGF9
w:disease	word	disease	3	247	343	21633	0.7660320345604986	0.7533804004296543	1.0	-0.1229856823753443	0.0	True		False		disease		AT1G61100, AT2G05940, AT4G31800	AT1G61100, RIPK, WRKY18
w:endoplasmic	word	endoplasmic	10	247	1040	21633	0.8421441918405481	0.7543326581549454	1.0	-0.12243708948748719	0.0	True		False		endoplasmic		AT1G19300, AT1G29660, AT2G34300, AT2G34770, AT2G47240, AT4G16515, AT4G24510, AT4G33790, AT5G43760, AT5G64770	PARVUS, AtGELP15, AT2G34300, FAH1, LACS1, RGF6, CER2, CER4, KCS20, RGF9
w:regulatory	word	regulatory	5	247	549	21633	0.797659343819827	0.7543902947886246	1.0	-0.12240390742191883	0.0	True		False		regulatory		AT1G35140, AT4G01120, AT5G25110, AT5G37770, AT5G46790	PHI-1, GBF2, CIPK25, TCH2, PYL1
w:approximately	word	approximately	1	247	122	21633	0.7178934094378443	0.7546165759415998	1.0	-0.12227365929815136	0.0	False		False		approximately		AT3G54810	BME3
w:vacuole	word	vacuole	9	247	944	21633	0.8350073766554587	0.7550719828021859	1.0	-0.12201164407464446	0.0	True		False		vacuole		AT1G02860, AT1G04430, AT1G11260, AT3G11700, AT3G23300, AT3G50830, AT4G18030, AT5G15350, AT5G44670	NLA, AT1G04430, STP1, FLA18, AT3G23300, COR413-PM2, AT4G18030, ENODL17, GALS2
p:oxidant detoxification	phrase	oxidant detoxification	1	247	123	21633	0.7120568776537968	0.7574341904524279	1.0	-0.12065509479258402	0.0	False		False		oxidant detoxification		AT3G28200	PER31
w:locus	word	locus	2	247	238	21633	0.7359915626169496	0.7579480295661059	1.0	-0.12036057173792351	0.0	True		False		locus		AT1G29510, AT4G11280	SAUR68, ACS6
w:strong	word	strong	2	247	238	21633	0.7359915626169496	0.7579480295661059	1.0	-0.12036057173792351	0.0	True		False		strong		AT5G13220, AT5G46790	JAZ10, PYL1
w:precursor	word	precursor	4	247	450	21633	0.7785155195681511	0.7584107414056699	1.0	-0.12009552469402059	0.0	True		False		precursor		AT1G13590, AT2G41420, AT3G11700, AT4G11280	PSK1, WIH2, FLA18, ACS6
w:decrease	word	decrease	2	247	239	21633	0.7329121000118578	0.759994796393872	1.0	-0.11918938127863497	0.0	True		False		decrease		AT2G28110, AT4G14750	FRA8, IQD19
w:transporter	word	transporter	10	247	1050	21633	0.8341237709658762	0.7646237997780738	1.0	-0.11655218820108075	0.0	True		False		transporter		AT1G02860, AT1G11260, AT1G12500, AT1G76670, AT3G18200, AT5G04160, AT5G11800, AT5G15350, AT5G16590, AT5G57920	NLA, STP1, AT1G12500, URGT1, UMAMIT4, UUAT1, KEA6, ENODL17, LRR1, ENODL10
p:ubiquitin conjugating	phrase	ubiquitin conjugating	1	247	126	21633	0.6951031424715635	0.7656951554247691	1.0	-0.11594410069102422	0.0	False		False		ubiquitin conjugating		AT3G24515	UBC37
w:insertion	word	insertion	1	247	126	21633	0.6951031424715635	0.7656951554247691	1.0	-0.11594410069102422	0.0	False		False		insertion		AT5G54640	RAT5
w:mannose	word	mannose	1	247	127	21633	0.6896298893812363	0.7683860605538002	1.0	-0.1144205223625002	0.0	False		False		mannose		AT1G11260	STP1
p:double stranded	phrase	double stranded	1	247	128	21633	0.6842421558704453	0.7710461853116917	1.0	-0.11291960713027856	0.0	False		False		double stranded		AT5G15920	SMC5
w:acetylation	word	acetylation	1	247	128	21633	0.6842421558704453	0.7710461853116917	1.0	-0.11291960713027856	0.0	False		False		acetylation		AT2G30010	TBL45
w:grow	word	grow	1	247	128	21633	0.6842421558704453	0.7710461853116917	1.0	-0.11291960713027856	0.0	False		False		grow		AT4G30290	XTH19
w:inositol	word	inositol	1	247	128	21633	0.6842421558704453	0.7710461853116917	1.0	-0.11291960713027856	0.0	False		False		inositol		AT2G19800	MIOX2
w:ring	word	ring	6	247	664	21633	0.7914126140188283	0.773189071405405	1.0	-0.11171429310943135	0.0	True		False		ring		AT1G02860, AT1G66160, AT2G04240, AT2G37950, AT2G42160, AT3G61550	NLA, CMPG1, XERICO, AT2G37950, BRIZ1, ATL68
w:oxidant	word	oxidant	1	247	129	21633	0.6789379531117598	0.7736758803699579	1.0	-0.11144094222151658	0.0	False		False		oxidant		AT3G28200	PER31
w:peroxidase	word	peroxidase	1	247	129	21633	0.6789379531117598	0.7736758803699579	1.0	-0.11144094222151658	0.0	False		False		peroxidase		AT3G28200	PER31
w:distribution	word	distribution	1	247	130	21633	0.6737153534724385	0.77627549242114	1.0	-0.10998412461112068	0.0	False		False		distribution		AT2G33460	RIC1
w:fail	word	fail	1	247	130	21633	0.6737153534724385	0.77627549242114	1.0	-0.10998412461112068	0.0	False		False		fail		AT1G19300	PARVUS
w:metabolism	word	metabolism	3	247	359	21633	0.7318913310703371	0.780156314800709	1.0	-0.10781837185576106	0.0	True		False		metabolism		AT1G32640, AT2G04240, AT2G26710	MYC2, XERICO, BAS1
w:confer	word	confer	2	247	251	21633	0.6978724777005338	0.7834118083550821	1.0	-0.10600988662424832	0.0	True		False		confer		AT1G11260, AT5G37770	STP1, TCH2
p:reproductive phase	phrase	reproductive phase	1	247	133	21633	0.6585187665520076	0.7838972387137271	1.0	-0.10574086535720047	0.0	False		False		reproductive phase		AT5G50570	SPL13A
p:stress granule	phrase	stress granule	1	247	133	21633	0.6585187665520076	0.7838972387137271	1.0	-0.10574086535720047	0.0	False		False		stress granule		AT5G58620	AtC3H66
w:species	word	species	2	247	252	21633	0.6951031424715635	0.7852701209861728	1.0	-0.1049809268539252	0.0	True		False		species		AT2G05940, AT5G63470	RIPK, NF-YC4
p:circadian rhythm	phrase	circadian rhythm	1	247	134	21633	0.6536044473986343	0.7863799076457134	1.0	-0.10436759145017145	0.0	False		False		circadian rhythm		AT3G54810	BME3
w:serve	word	serve	1	247	134	21633	0.6536044473986343	0.7863799076457134	1.0	-0.10436759145017145	0.0	False		False		serve		AT2G26710	BAS1
w:epidermal	word	epidermal	2	247	253	21633	0.6923556992206878	0.7871144584362839	1.0	-0.10396211001334797	0.0	True		False		epidermal		AT1G78170, AT3G43720	CLG4, LTPG2
p:seed storage	phrase	seed storage	1	247	135	21633	0.6487629329734593	0.7888341689049118	1.0	-0.10301428588953483	0.0	False		False		seed storage		AT3G43720	LTPG2
w:subsequent	word	subsequent	3	247	365	21633	0.7198602406965782	0.789564075218503	1.0	-0.10261262007664479	0.0	True		False		subsequent		AT1G02860, AT1G19300, AT5G46790	NLA, PARVUS, PYL1
w:dormancy	word	dormancy	3	247	367	21633	0.7159372966055886	0.7926251962925601	1.0	-0.10093212625252643	0.0	True		False		dormancy		AT1G32930, AT3G54810, AT5G62090	GALT31A, BME3, SLK2
k:Lectin	keyword	Lectin	1	247	137	21633	0.639291941251219	0.7936587597121256	1.0	-0.10036618602267598	0.0	False		False		Lectin		AT3G53810	LECRK42
w:flc	word	flc	1	247	137	21633	0.639291941251219	0.7936587597121256	1.0	-0.10036618602267598	0.0	False		False		flc		AT4G11280	ACS6
w:inhibited	word	inhibited	1	247	137	21633	0.639291941251219	0.7936587597121256	1.0	-0.10036618602267598	0.0	False		False		inhibited		AT2G33460	RIC1
w:translational	word	translational	1	247	137	21633	0.639291941251219	0.7936587597121256	1.0	-0.10036618602267598	0.0	False		False		translational		AT5G11060	KNAT4
k:GTP-binding	keyword	GTP-binding	2	247	257	21633	0.6815797350304825	0.7943535636251801	1.0	-0.0999861517870913	0.0	True		False		GTP-binding		AT4G39990, AT5G03520	RABA4B, RAB8C
w:nitrate	word	nitrate	1	247	138	21633	0.6346593909522972	0.7960297257686526	1.0	-0.0990707143022154	0.0	False		False		nitrate		AT1G02860	NLA
k:Isomerase	keyword	Isomerase	2	247	259	21633	0.6763165710534131	0.797891227080112	1.0	-0.09805631002610558	0.0	True		False		Isomerase		AT3G54690, AT4G30440	SETH3, GAE1
p:phase transition	phrase	phase transition	1	247	139	21633	0.6300934960533597	0.7983735572520273	1.0	-0.09779385565067937	0.0	False		False		phase transition		AT5G50570	SPL13A
w:triggered	word	triggered	1	247	139	21633	0.6300934960533597	0.7983735572520273	1.0	-0.09779385565067937	0.0	False		False		triggered		AT2G05940	RIPK
w:remodeling	word	remodeling	2	247	260	21633	0.6737153534724385	0.7996398514283323	1.0	-0.09710557020156314	0.0	True		False		remodeling		AT3G53650, AT5G54640	HTB6, RAT5
w:bifunctional	word	bifunctional	1	247	140	21633	0.6255928282244072	0.800690563456491	1.0	-0.09653528984292856	0.0	False		False		bifunctional		AT3G43720	LTPG2
w:methylesterase	word	methylesterase	1	247	140	21633	0.6255928282244072	0.800690563456491	1.0	-0.09653528984292856	0.0	False		False		methylesterase		AT4G02330	ATPMEPCRB
w:removal	word	removal	1	247	140	21633	0.6255928282244072	0.800690563456491	1.0	-0.09653528984292856	0.0	False		False		removal		AT3G28200	PER31
w:thiol	word	thiol	1	247	140	21633	0.6255928282244072	0.800690563456491	1.0	-0.09653528984292856	0.0	False		False		thiol		AT5G25170	AT5G25170
w:immunity	word	immunity	2	247	261	21633	0.6711340685932338	0.8013751052423379	1.0	-0.09616415307353555	0.0	True		False		immunity		AT2G05940, AT4G30440	RIPK, GAE1
p:cysteine rich	phrase	cysteine rich	1	247	141	21633	0.6211559996554398	0.8029810501650125	1.0	-0.09529470367010655	0.0	False		False		cysteine rich		AT2G41420	WIH2
w:rhythm	word	rhythm	1	247	141	21633	0.6211559996554398	0.8029810501650125	1.0	-0.09529470367010655	0.0	False		False		rhythm		AT3G54810	BME3
w:export	word	export	2	247	263	21633	0.6660303874632472	0.8048058045976777	1.0	-0.09430889996253877	0.0	True		False		export		AT3G43720, AT5G48870	LTPG2, SAD1
w:aberrant	word	aberrant	1	247	142	21633	0.6167816616296972	0.8052453196889863	1.0	-0.09407179074193006	0.0	False		False		aberrant		AT4G00360	CYP86A2
p:dna damage	phrase	dna damage	1	247	143	21633	0.6124685031567623	0.807483670907488	1.0	-0.09286625129590122	0.0	False		False		dna damage		AT5G15920	SMC5
w:tir	word	tir	1	247	143	21633	0.6124685031567623	0.807483670907488	1.0	-0.09286625129590122	0.0	False		False		tir		AT1G61100	AT1G61100
w:accumulation	word	accumulation	7	247	796	21633	0.7702022257034158	0.80782375947795	1.0	-0.09268337763493234	0.0	True		False		accumulation		AT1G02860, AT1G78240, AT2G33570, AT4G30340, AT5G37770, AT5G43760, AT5G44670	NLA, TSD2, GALS1, DGK7, TCH2, KCS20, GALS2
w:acetyltransferase	word	acetyltransferase	1	247	144	21633	0.6082152496626181	0.8096963993060848	1.0	-0.09167779201315694	0.0	False		False		acetyltransferase		AT2G30010	TBL45
p:embryo sac	phrase	embryo sac	1	247	145	21633	0.6040206617339104	0.8118837970152104	1.0	-0.09050612584067685	0.0	False		False		embryo sac		AT5G44060	MRH10.17
w:critical	word	critical	1	247	145	21633	0.6040206617339104	0.8118837970152104	1.0	-0.09050612584067685	0.0	False		False		critical		AT5G48870	SAD1
p:development ending	phrase	development ending	2	247	268	21633	0.6536044473986343	0.8131538775780582	1.0	-0.08982726269681962	0.0	True		False		development ending		AT1G32930, AT5G62090	GALT31A, SLK2
w:oxygen	word	oxygen	5	247	596	21633	0.7347566774447736	0.8139126557075556	1.0	-0.08942219852546941	0.0	True		False		oxygen		AT1G01600, AT1G13090, AT2G05940, AT2G26710, AT4G00360	CYP86A4, CYP71B28, RIPK, BAS1, CYP86A2
w:transducin	word	transducin	1	247	146	21633	0.5998835339138151	0.8140461528481051	1.0	-0.08935097181958988	0.0	False		False		transducin		AT1G78070	AT1G78070
w:nadh	word	nadh	1	247	147	21633	0.5958026935470544	0.8161837523383326	1.0	-0.08821205491932668	0.0	False		False		nadh		AT3G30775	ERD5
w:weak	word	weak	1	247	147	21633	0.5958026935470544	0.8161837523383326	1.0	-0.08821205491932668	0.0	False		False		weak		AT4G27970	SLAH2
p:dna repair	phrase	dna repair	2	247	271	21633	0.6463689738111956	0.8180089473603676	1.0	-0.08724194600106841	0.0	True		False		dna repair		AT3G53650, AT5G54640	HTB6, RAT5
w:embryo	word	embryo	9	247	1008	21633	0.7819910352805088	0.8180297302475039	1.0	-0.08723091216265694	0.0	True		False		embryo		AT1G30690, AT1G32930, AT2G42160, AT3G51810, AT3G54810, AT5G15920, AT5G44060, AT5G50915, AT5G62090	PATL4, GALT31A, BRIZ1, EM1, BME3, SMC5, MRH10.17, BHLH137, SLK2
w:embryonic	word	embryonic	1	247	148	21633	0.5917769996717366	0.8182968777768709	1.0	-0.08708910587738355	0.0	False		False		embryonic		AT2G26580	YAB5
w:ending	word	ending	2	247	272	21633	0.6439926172898309	0.8196021291009956	1.0	-0.08639692209171522	0.0	True		False		ending		AT1G32930, AT5G62090	GALT31A, SLK2
w:lectin	word	lectin	1	247	150	21633	0.5838866396761133	0.8224508196694974	1.0	-0.08489006223481521	0.0	False		False		lectin		AT3G53810	LECRK42
w:phosphorylated	word	phosphorylated	1	247	150	21633	0.5838866396761133	0.8224508196694974	1.0	-0.08489006223481521	0.0	False		False		phosphorylated		AT1G04240	SHY2
w:vivo	word	vivo	1	247	150	21633	0.5838866396761133	0.8224508196694974	1.0	-0.08489006223481521	0.0	False		False		vivo		AT5G04870	CPK1
p:structural constituent	phrase	structural constituent	3	247	388	21633	0.6771881130264201	0.8225862473121961	1.0	-0.08481855566607632	0.0	True		False		structural constituent		AT3G53650, AT4G13340, AT5G54640	HTB6, LRX3, RAT5
w:vegetative	word	vegetative	3	247	389	21633	0.6754472695482031	0.8239166632391706	1.0	-0.0841167136981498	0.0	True		False		vegetative		AT1G70700, AT5G13220, AT5G50570	TIFY7, JAZ10, SPL13A
k:Flowering	keyword	Flowering	1	247	151	21633	0.580019840737861	0.8244921848206234	1.0	-0.08381345658145661	0.0	False		False		Flowering		AT5G62090	SLK2
w:morphological	word	morphological	1	247	151	21633	0.580019840737861	0.8244921848206234	1.0	-0.08381345658145661	0.0	False		False		morphological		AT2G45340	AT2G45340
w:rnas	word	rnas	1	247	151	21633	0.580019840737861	0.8244921848206234	1.0	-0.08381345658145661	0.0	False		False		rnas		AT5G48870	SAD1
w:active	word	active	4	247	499	21633	0.7020681038189739	0.8245210371747711	1.0	-0.08379825910695438	0.0	True		False		active		AT1G11260, AT1G59500, AT4G37450, AT5G11160	STP1, GH3.4, AGP18, APT5
w:stage	word	stage	4	247	500	21633	0.7006639676113361	0.8256989663414614	1.0	-0.08317825907912789	0.0	True		False		stage		AT1G32930, AT1G75080, AT3G51810, AT4G11280	GALT31A, BZR1, EM1, ACS6
w:preferentially	word	preferentially	1	247	152	21633	0.5762039207330066	0.8265101733854361	1.0	-0.08275179639626594	0.0	False		False		preferentially		AT2G47240	LACS1
w:ribonucleoprotein	word	ribonucleoprotein	1	247	152	21633	0.5762039207330066	0.8265101733854361	1.0	-0.08275179639626594	0.0	False		False		ribonucleoprotein		AT5G48870	SAD1
w:difference	word	difference	1	247	153	21633	0.5724378820354052	0.8285050519839089	1.0	-0.0817048390345721	0.0	False		False		difference		AT1G19300	PARVUS
w:body	word	body	2	247	278	21633	0.6300934960533597	0.8289021638785643	1.0	-0.08149672662116322	0.0	True		False		body		AT5G48870, AT5G58620	SAD1, AtC3H66
w:peroxisome	word	peroxisome	2	247	278	21633	0.6300934960533597	0.8289021638785643	1.0	-0.08149672662116322	0.0	True		False		peroxisome		AT5G04870, AT5G51620	CPK1, AT5G51620
w:repair	word	repair	3	247	393	21633	0.6685724881787557	0.829153846640671	1.0	-0.08136488012753554	0.0	True		False		repair		AT3G53650, AT5G15920, AT5G54640	HTB6, SMC5, RAT5
w:assay	word	assay	1	247	154	21633	0.5687207529312792	0.8304770842073714	1.0	-0.08067234676417485	0.0	False		False		assay		AT1G70700	TIFY7
w:yeast	word	yeast	3	247	395	21633	0.6651873110234203	0.8317222560130594	1.0	-0.0800216770974254	0.0	True		False		yeast		AT1G53690, AT1G70700, AT2G43290	NRPB12L, TIFY7, MSS3
w:oxygenase	word	oxygenase	1	247	155	21633	0.5650515867833354	0.8324265306527728	1.0	-0.07965408663858796	0.0	False		False		oxygenase		AT2G19800	MIOX2
k:Nuclease	keyword	Nuclease	1	247	156	21633	0.5614294612270321	0.8343536489565612	1.0	-0.07864983037434549	0.0	False		False		Nuclease		AT3G56730	AT3G56730
w:regulating	word	regulating	5	247	616	21633	0.7109009411640991	0.835502119159774	1.0	-0.07805244422872396	0.0	True		False		regulating		AT1G02860, AT2G19620, AT3G43720, AT3G57420, AT4G13340	NLA, NDL3, LTPG2, STL2, LRX3
w:repress	word	repress	2	247	284	21633	0.6167816616296972	0.8377698069896081	1.0	-0.07687529555523716	0.0	True		False		repress		AT1G32640, AT2G33460	MYC2, RIC1
w:redundantly	word	redundantly	2	247	285	21633	0.6146175154485404	0.8392068405659909	1.0	-0.07613098476688772	0.0	True		False		redundantly		AT2G41420, AT5G46590	WIH2, NAC096
k:Peroxisome	keyword	Peroxisome	1	247	159	21633	0.5508364525246353	0.8400035676759849	1.0	-0.07571886939204321	0.0	False		False		Peroxisome		AT5G04870	CPK1
w:nadph	word	nadph	1	247	159	21633	0.5508364525246353	0.8400035676759849	1.0	-0.07571886939204321	0.0	False		False		nadph		AT3G30775	ERD5
w:sac	word	sac	1	247	159	21633	0.5508364525246353	0.8400035676759849	1.0	-0.07571886939204321	0.0	False		False		sac		AT5G44060	MRH10.17
k:Zinc-finger	keyword	Zinc-finger	10	247	1140	21633	0.7682718943106756	0.8438522161800194	1.0	-0.07373360469812901	0.0	True		False		Zinc-finger		AT1G02860, AT2G04240, AT2G26580, AT2G37950, AT2G41940, AT2G42160, AT3G54810, AT3G61550, AT5G50570, AT5G58620	NLA, XERICO, YAB5, AT2G37950, ZFP8, BRIZ1, BME3, ATL68, SPL13A, AtC3H66
w:sensitive	word	sensitive	3	247	405	21633	0.6487629329734593	0.84407414239442	1.0	-0.07361940382630822	0.0	True		False		sensitive		AT1G19300, AT4G02330, AT4G11280	PARVUS, ATPMEPCRB, ACS6
w:coupled	word	coupled	1	247	162	21633	0.5406357774778827	0.8454615307856038	1.0	-0.07290614838276248	0.0	False		False		coupled		AT4G30340	DGK7
w:scf	word	scf	1	247	162	21633	0.5406357774778827	0.8454615307856038	1.0	-0.07290614838276248	0.0	False		False		scf		AT1G70700	TIFY7
p:tetratricopeptide repeat	phrase	tetratricopeptide repeat	2	247	290	21633	0.6040206617339104	0.8462211268131372	1.0	-0.07251613624434872	0.0	True		False		tetratricopeptide repeat		AT2G42580, AT3G58620	TTL3, TTL4
w:channel	word	channel	2	247	290	21633	0.6040206617339104	0.8462211268131372	1.0	-0.07251613624434872	0.0	True		False		channel		AT3G20300, AT4G27970	AT3G20300, SLAH2
w:gdp	word	gdp	1	247	163	21633	0.5373189935669754	0.8472393241765012	1.0	-0.07199389487824599	0.0	False		False		gdp		AT1G76670	URGT1
w:tetratricopeptide	word	tetratricopeptide	2	247	292	21633	0.5998835339138151	0.8489484644695007	1.0	-0.0711186728606916	0.0	True		False		tetratricopeptide		AT2G42580, AT3G58620	TTL3, TTL4
w:white	word	white	1	247	164	21633	0.5340426582403476	0.8489967478806656	1.0	-0.07109397333695015	0.0	False		False		white		AT2G42160	BRIZ1
w:oxidase	word	oxidase	3	247	410	21633	0.6408511898884172	0.8499515424596494	1.0	-0.07060583362956022	0.0	True		False		oxidase		AT1G76160, AT3G30775, AT4G22010	sks5, ERD5, sks4
w:vesicle	word	vesicle	5	247	635	21633	0.6896298893812363	0.8540842485983826	1.0	-0.06849928751153997	0.0	True		False		vesicle		AT1G03870, AT1G29660, AT3G11700, AT4G13340, AT5G57560	FLA9, AtGELP15, FLA18, LRX3, TCH4
w:novel	word	novel	1	247	167	21633	0.5244490775533952	0.8541491122410776	1.0	-0.06846630616044604	0.0	False		False		novel		AT2G33460	RIC1
k:Lyase	keyword	Lyase	2	247	296	21633	0.5917769996717366	0.8542719780718265	1.0	-0.06840383918119451	0.0	True		False		Lyase		AT1G04680, AT4G11280	PLL26, ACS6
k:Microtubule	keyword	Microtubule	1	247	168	21633	0.5213273568536726	0.8558273554757957	1.0	-0.0676138359377185	0.0	False		False		Microtubule		AT3G04630	WDL1
w:produced	word	produced	1	247	168	21633	0.5213273568536726	0.8558273554757957	1.0	-0.0676138359377185	0.0	False		False		produced		AT1G02860	NLA
k:DNA repair	keyword	DNA repair	1	247	169	21633	0.5182425795941835	0.8574863651751891	1.0	-0.06677277691347848	0.0	False		False		DNA repair		AT5G15920	SMC5
w:epigenetic	word	epigenetic	1	247	169	21633	0.5182425795941835	0.8574863651751891	1.0	-0.06677277691347848	0.0	False		False		epigenetic		AT1G10550	XTH33
w:starch	word	starch	1	247	169	21633	0.5182425795941835	0.8574863651751891	1.0	-0.06677277691347848	0.0	False		False		starch		AT5G63470	NF-YC4
w:amino	word	amino	5	247	640	21633	0.6842421558704453	0.8586755036674151	1.0	-0.06617092649666317	0.0	True		False		amino		AT1G02860, AT1G59500, AT4G03400, AT5G01210, AT5G43760	NLA, GH3.4, DFL2, AT5G01210, KCS20
p:ubiquitin ligase	phrase	ubiquitin ligase	3	247	418	21633	0.6285860953450981	0.8589561341636165	1.0	-0.06602901448904273	0.0	True		False		ubiquitin ligase		AT1G66160, AT1G70700, AT2G42160	CMPG1, TIFY7, BRIZ1
p:nucleic acid	phrase	nucleic acid	4	247	532	21633	0.6585187665520076	0.8600723217860118	1.0	-0.06546502825411735	0.0	True		False		nucleic acid		AT2G38610, AT4G14750, AT4G23060, AT5G03960	KH9, IQD19, IQD22, IQD12
w:nucleic	word	nucleic	4	247	532	21633	0.6585187665520076	0.8600723217860118	1.0	-0.06546502825411735	0.0	True		False		nucleic		AT2G38610, AT4G14750, AT4G23060, AT5G03960	KH9, IQD19, IQD22, IQD12
w:terminal	word	terminal	6	247	749	21633	0.7015994335226996	0.8603251453654586	1.0	-0.06533738346465949	0.0	True		False		terminal		AT1G10740, AT2G04240, AT2G43290, AT4G15800, AT4G36110, AT4G38860	LDAH1, XERICO, MSS3, RALFL33, SAUR9, SAUR16
w:electron	word	electron	2	247	301	21633	0.5819468169529369	0.8606863692877604	1.0	-0.06515507491279317	0.0	True		False		electron		AT5G15350, AT5G57920	ENODL17, ENODL10
w:induce	word	induce	1	247	171	21633	0.5121812628737836	0.860747559633966	1.0	-0.06512419992041904	0.0	False		False		induce		AT4G08950	EXO
w:mrnas	word	mrnas	1	247	171	21633	0.5121812628737836	0.860747559633966	1.0	-0.06512419992041904	0.0	False		False		mrnas		AT5G48870	SAD1
w:lignin	word	lignin	1	247	172	21633	0.5092034648338197	0.8623501760150308	1.0	-0.06431634365411729	0.0	False		False		lignin		AT3G28200	PER31
w:release	word	release	1	247	172	21633	0.5092034648338197	0.8623501760150308	1.0	-0.06431634365411729	0.0	False		False		release		AT5G58620	AtC3H66
w:alcohol	word	alcohol	1	247	173	21633	0.5062600922047226	0.8639344221603311	1.0	-0.06351922184377053	0.0	False		False		alcohol		AT4G33790	CER4
w:granule	word	granule	1	247	173	21633	0.5062600922047226	0.8639344221603311	1.0	-0.06351922184377053	0.0	False		False		granule		AT5G58620	AtC3H66
k:Endosome	keyword	Endosome	1	247	174	21633	0.5033505514449254	0.8655005077952983	1.0	-0.06273267298485388	0.0	False		False		Endosome		AT4G39990	RABA4B
w:heavy	word	heavy	1	247	176	21633	0.49763065881486934	0.8685790245395293	1.0	-0.06119066269740319	0.0	False		False		heavy		AT5G24580	HIPP09
p:triphosphate hydrolase	phrase	triphosphate hydrolase	1	247	177	21633	0.49481918616619774	0.8700918632839363	1.0	-0.060434892655913355	0.0	False		False		triphosphate hydrolase		AT5G61450	MCI2.1
w:isomerase	word	isomerase	1	247	177	21633	0.49481918616619774	0.8700918632839363	1.0	-0.060434892655913355	0.0	False		False		isomerase		AT3G54690	SETH3
w:circadian	word	circadian	1	247	178	21633	0.49203930309784827	0.8715873568413965	1.0	-0.05968907821219777	0.0	False		False		circadian		AT3G54810	BME3
w:toxic	word	toxic	1	247	178	21633	0.49203930309784827	0.8715873568413965	1.0	-0.05968907821219777	0.0	False		False		toxic		AT3G28200	PER31
w:use	word	use	1	247	179	21633	0.489290480175514	0.8730657032809293	1.0	-0.05895307187446788	0.0	False		False		use		AT4G33790	CER4
w:ligase	word	ligase	8	247	978	21633	0.7164253247559673	0.874468765066764	1.0	-0.05825569836530401	0.0	True		False		ligase		AT1G02860, AT1G66160, AT1G70700, AT1G78170, AT2G04240, AT2G42160, AT2G47240, AT3G61550	NLA, CMPG1, TIFY7, CLG4, XERICO, BRIZ1, LACS1, ATL68
k:DNA damage	keyword	DNA damage	1	247	181	21633	0.48388395553269065	0.8759717358444407	1.0	-0.05750990657715368	0.0	False		False		DNA damage		AT5G15920	SMC5
w:lumen	word	lumen	1	247	181	21633	0.48388395553269065	0.8759717358444407	1.0	-0.05750990657715368	0.0	False		False		lumen		AT2G21190	AT2G21190
w:oxidation	word	oxidation	2	247	316	21633	0.5543227591861836	0.8784138997947909	1.0	-0.05630080067584101	0.0	True		False		oxidation		AT2G47240, AT3G28200	LACS1, PER31
w:reductase	word	reductase	3	247	438	21633	0.5998835339138151	0.879431752538367	1.0	-0.05579785790752476	0.0	True		False		reductase		AT3G30775, AT4G03140, AT4G33790	ERD5, AT4G03140, CER4
p:oxygen species	phrase	oxygen species	1	247	185	21633	0.47342159973738923	0.8815865036609267	1.0	-0.05473506712029788	0.0	False		False		oxygen species		AT2G05940	RIPK
p:dependent manner	phrase	dependent manner	2	247	320	21633	0.5473937246963563	0.8827780994871195	1.0	-0.05414844962668828	0.0	True		False		dependent manner		AT4G16515, AT5G25110	RGF6, CIPK25
w:obvious	word	obvious	1	247	186	21633	0.47087632231944626	0.8829501801620342	1.0	-0.05406380048938263	0.0	False		False		obvious		AT3G54810	BME3
w:diphosphate	word	diphosphate	1	247	188	21633	0.4658669997415798	0.8856307871905332	1.0	-0.05274729448417079	0.0	False		False		diphosphate		AT3G14510	IDS5
w:identity	word	identity	1	247	189	21633	0.4634020949810424	0.8869480730643473	1.0	-0.05210180546900814	0.0	False		False		identity		AT2G26580	YAB5
k:NAD	keyword	NAD	2	247	324	21633	0.5406357774778827	0.8869975608726248	1.0	-0.052077574419701074	0.0	True		False		NAD		AT4G03140, AT4G30440	AT4G03140, GAE1
w:proton	word	proton	2	247	326	21633	0.5373189935669754	0.889054309298715	1.0	-0.051071708649210255	0.0	True		False		proton		AT1G29440, AT5G11800	SAUR63, KEA6
w:transposase	word	transposase	1	247	191	21633	0.4585497170231257	0.8895374827867164	1.0	-0.05083574715907323	0.0	False		False		transposase		AT3G47310	AT3G47310
p:nucleoside triphosphate	phrase	nucleoside triphosphate	1	247	192	21633	0.45616143724696356	0.8908099499890147	1.0	-0.05021494071614172	0.0	False		False		nucleoside triphosphate		AT5G61450	MCI2.1
k:Protease	keyword	Protease	3	247	451	21633	0.5825919908076519	0.8912887830174334	1.0	-0.04998155909350982	0.0	True		False		Protease		AT1G66180, AT4G16563, AT5G25170	AT1G66180, AT4G16563, AT5G25170
k:Cell division	keyword	Cell division	1	247	193	21633	0.4537979064840259	0.8920678177355151	1.0	-0.04960212796834748	0.0	False		False		Cell division		AT1G30690	PATL4
w:short	word	short	4	247	569	21633	0.615697686828942	0.8924730686824575	1.0	-0.049404880312765	0.0	True		False		short		AT1G04240, AT1G75080, AT1G78240, AT4G24510	SHY2, BZR1, TSD2, CER2
w:detoxification	word	detoxification	2	247	330	21633	0.530806036069194	0.8930643885369222	1.0	-0.04911722803396913	0.0	True		False		detoxification		AT3G28200, AT5G24580	PER31, HIPP09
p:reactive oxygen	phrase	reactive oxygen	1	247	194	21633	0.4514587420176134	0.8933112528576853	1.0	-0.04899719525868451	0.0	False		False		reactive oxygen		AT2G05940	RIPK
w:serine	word	serine	12	247	1425	21633	0.7375410185382485	0.8952355567922147	1.0	-0.048062676913145363	0.0	True		False		serine		AT1G47380, AT1G52290, AT1G52540, AT1G68410, AT2G05940, AT2G40270, AT3G09780, AT3G14370, AT3G53810, AT5G04870, AT5G25110, AT5G47540	AT1G47380, PERK15, AT1G52540, AT1G68410, RIPK, AT2G40270, CCR1, WAG2, LECRK42, CPK1, CIPK25, AT5G47540
w:manner	word	manner	3	247	457	21633	0.5749430806438752	0.8964020889497855	1.0	-0.04749714006836002	0.0	True		False		manner		AT4G16515, AT4G31000, AT5G25110	RGF6, CBP60F, CIPK25
w:cleavage	word	cleavage	1	247	197	21633	0.44458373579399496	0.8969566024408289	1.0	-0.0472285689697483	0.0	False		False		cleavage		AT3G51810	EM1
w:cluster	word	cluster	1	247	197	21633	0.44458373579399496	0.8969566024408289	1.0	-0.0472285689697483	0.0	False		False		cluster		AT4G14750	IQD19
k:mRNA splicing	keyword	mRNA splicing	1	247	200	21633	0.43791497975708504	0.9004778844934358	1.0	-0.04552694887488445	0.0	False		False		mRNA splicing		AT5G48870	SAD1
p:mitochondrial inner	phrase	mitochondrial inner	1	247	200	21633	0.43791497975708504	0.9004778844934358	1.0	-0.04552694887488445	0.0	False		False		mitochondrial inner		AT2G40090	ATH9
w:maintaining	word	maintaining	1	247	200	21633	0.43791497975708504	0.9004778844934358	1.0	-0.04552694887488445	0.0	False		False		maintaining		AT2G30010	TBL45
w:directed	word	directed	1	247	203	21633	0.431443329809936	0.9038793050062514	1.0	-0.043889556990626376	0.0	False		False		directed		AT1G53690	NRPB12L
w:facilitator	word	facilitator	1	247	203	21633	0.431443329809936	0.9038793050062514	1.0	-0.043889556990626376	0.0	False		False		facilitator		AT1G11260	STP1
p:seed dormancy	phrase	seed dormancy	2	247	344	21633	0.5092034648338197	0.906065707296162	1.0	-0.04284030642760043	0.0	True		False		seed dormancy		AT1G32930, AT5G62090	GALT31A, SLK2
w:bound	word	bound	1	247	205	21633	0.4272341265922781	0.9060823415335508	1.0	-0.04283233339524967	0.0	False		False		bound		AT2G33460	RIC1
w:helicase	word	helicase	1	247	207	21633	0.4231062606348648	0.9082350853545335	1.0	-0.041801725203656166	0.0	False		False		helicase		AT1G15260	AT1G15260
w:maturation	word	maturation	2	247	347	21633	0.5048011294029798	0.9086531621731668	1.0	-0.04160185770074749	0.0	True		False		maturation		AT3G43720, AT3G51810	LTPG2, EM1
w:splicing	word	splicing	2	247	349	21633	0.5019082862545386	0.9103410446679826	1.0	-0.04079587573419286	0.0	True		False		splicing		AT2G38610, AT5G48870	KH9, SAD1
w:plastid	word	plastid	8	247	1042	21633	0.6724222337920691	0.9125815810068967	1.0	-0.03972830101130077	0.0	True		False		plastid		AT5G15350, AT5G16590, AT5G46790, AT5G47540, AT5G48870, AT5G54640, AT5G56170, AT5G63470	ENODL17, LRR1, PYL1, AT5G47540, SAD1, RAT5, LLG1, NF-YC4
p:amino acid	phrase	amino acid	3	247	478	21633	0.5496840750088934	0.9126440252596187	1.0	-0.03969858501969816	0.0	True		False		amino acid		AT1G02860, AT1G59500, AT4G03400	NLA, GH3.4, DFL2
w:mitochondrion	word	mitochondrion	20	247	2272	21633	0.7709770770371215	0.9147276415481765	1.0	-0.038708197059634464	0.0	True		False		mitochondrion		AT1G01600, AT1G02860, AT1G29430, AT1G29440, AT1G29450, AT1G29460, AT1G29500, AT1G29510, AT1G75680, AT2G05940, AT2G06850, AT2G40090, AT2G45450, AT3G30775, AT3G50830, AT4G01950, AT4G16515, AT4G38860, AT5G57920, AT5G64770	CYP86A4, NLA, SAUR62, SAUR63, SAUR64, SAUR65, SAUR66, SAUR68, GH9B7, RIPK, XTH4, ATH9, ZPR1, ERD5, COR413-PM2, GPAT3, RGF6, SAUR16, ENODL10, RGF9
w:loss	word	loss	3	247	481	21633	0.5462556920046799	0.91476635933738	1.0	-0.038689815012798626	0.0	True		False		loss		AT1G35140, AT2G33460, AT5G46590	PHI-1, RIC1, NAC096
w:glucose	word	glucose	2	247	355	21633	0.49342532930375776	0.9152316162667481	1.0	-0.03846898578332518	0.0	True		False		glucose		AT1G11260, AT1G76670	STP1, URGT1
w:proteolysis	word	proteolysis	2	247	355	21633	0.49342532930375776	0.9152316162667481	1.0	-0.03846898578332518	0.0	True		False		proteolysis		AT1G32640, AT4G16563	MYC2, AT4G16563
k:WD repeat	keyword	WD repeat	1	247	214	21633	0.40926633622157477	0.9153899117226801	1.0	-0.03839387813038667	0.0	False		False		WD repeat		AT1G78070	AT1G78070
w:structural	word	structural	4	247	602	21633	0.5819468169529369	0.9156467649571383	1.0	-0.03827203464736249	0.0	True		False		structural		AT3G53650, AT4G13340, AT5G15920, AT5G54640	HTB6, LRX3, SMC5, RAT5
w:stranded	word	stranded	1	247	215	21633	0.40736277186705583	0.9163656198231749	1.0	-0.037931213023857	0.0	False		False		stranded		AT5G15920	SMC5
w:inner	word	inner	2	247	357	21633	0.4906610417446331	0.916805585118883	1.0	-0.03772274967541628	0.0	True		False		inner		AT2G40090, AT3G30775	ATH9, ERD5
k:Ion transport	keyword	Ion transport	2	247	360	21633	0.48657219973009447	0.9191153181256788	1.0	-0.03662999581333636	0.0	True		False		Ion transport		AT4G27970, AT5G11800	SLAH2, KEA6
w:activating	word	activating	1	247	218	21633	0.4017568621624633	0.9192260155130954	1.0	-0.036577692942596836	0.0	False		False		activating		AT4G30340	DGK7
w:affected	word	affected	1	247	221	21633	0.39630314910143444	0.9219889647953828	1.0	-0.03527427694762062	0.0	False		False		affected		AT3G14370	WAG2
w:myb	word	myb	1	247	221	21633	0.39630314910143444	0.9219889647953828	1.0	-0.03527427694762062	0.0	False		False		myb		AT4G09460	MYB6
w:dehydrogenase	word	dehydrogenase	3	247	498	21633	0.5276084093458856	0.925933699256163	1.0	-0.0334201095146718	0.0	True		False		dehydrogenase		AT3G30775, AT3G51810, AT4G03140	ERD5, EM1, AT4G03140
k:S-adenosyl-L-methionine	keyword	S-adenosyl-L-methionine	1	247	227	21633	0.38582817599743174	0.9272356392324647	1.0	-0.03280988417933949	0.0	False		False		S-adenosyl-L-methionine		AT4G11280	ACS6
w:damage	word	damage	1	247	228	21633	0.3841359471553378	0.928075254158634	1.0	-0.032416807034640505	0.0	False		False		damage		AT5G15920	SMC5
w:modification	word	modification	4	247	625	21633	0.5605311740890688	0.9290629629175393	1.0	-0.03195485272211755	0.0	True		False		modification		AT1G10550, AT3G53650, AT4G02330, AT5G54640	XTH33, HTB6, ATPMEPCRB, RAT5
k:Metal-binding	keyword	Metal-binding	30	247	3296	21633	0.7971753272277033	0.9297327915098502	1.0	-0.031641851281953244	0.0	True		False		Metal-binding		AT1G01600, AT1G02860, AT1G04680, AT1G13090, AT1G47380, AT1G53690, AT1G64950, AT1G66400, AT1G68410, AT2G04240, AT2G14100, AT2G19800, AT2G26580, AT2G26710, AT2G34770, AT2G37950, AT2G41940, AT2G42160, AT2G43290, AT3G14510, AT3G28200, AT3G54810, AT3G61550, AT4G00360, AT4G27280, AT5G04870, AT5G24580, AT5G37770, AT5G50570, AT5G58620	CYP86A4, NLA, PLL26, CYP71B28, AT1G47380, NRPB12L, CYP89A5, CML23, AT1G68410, XERICO, CYP705A13, MIOX2, YAB5, BAS1, FAH1, AT2G37950, ZFP8, BRIZ1, MSS3, IDS5, PER31, BME3, ATL68, CYP86A2, KRP1, CPK1, HIPP09, TCH2, SPL13A, AtC3H66
w:lysine	word	lysine	1	247	231	21633	0.3791471686208528	0.9305366431213951	1.0	-0.03126652033860403	0.0	False		False		lysine		AT4G37450	AGP18
w:suggesting	word	suggesting	1	247	232	21633	0.377512913583694	0.9313383181587288	1.0	-0.030892528450050964	0.0	False		False		suggesting		AT4G27970	SLAH2
w:free	word	free	1	247	233	21633	0.37589268648676827	0.9321307781098895	1.0	-0.030523151780103126	0.0	False		False		free		AT5G11160	APT5
w:starvation	word	starvation	1	247	233	21633	0.37589268648676827	0.9321307781098895	1.0	-0.030523151780103126	0.0	False		False		starvation		AT1G35140	PHI-1
w:subunit	word	subunit	1	247	237	21633	0.36954850612412243	0.935210559086713	1.0	-0.029090598374012115	0.0	False		False		subunit		AT5G05410	DREB2A
w:defect	word	defect	5	247	755	21633	0.580019840737861	0.935220040600735	1.0	-0.029086195356631435	0.0	True		False		defect		AT1G30690, AT3G54810, AT4G08950, AT4G13340, AT5G56170	PATL4, BME3, EXO, LRX3, LLG1
w:box	word	box	10	247	1309	21633	0.6690832387426815	0.9354442639587627	1.0	-0.028982083713153528	0.0	True		False		box		AT1G21910, AT1G32640, AT1G44830, AT1G66160, AT1G70700, AT2G04240, AT3G61550, AT4G01120, AT4G31800, AT5G25190	DREB26, MYC2, ERF014, CMPG1, TIFY7, XERICO, ATL68, GBF2, WRKY18, ESE3
w:fusion	word	fusion	1	247	239	21633	0.3664560500059289	0.9366978455511605	1.0	-0.028400478666405802	0.0	False		False		fusion		AT5G11060	KNAT4
w:state	word	state	1	247	239	21633	0.3664560500059289	0.9366978455511605	1.0	-0.028400478666405802	0.0	False		False		state		AT2G30010	TBL45
k:Zinc	keyword	Zinc	12	247	1527	21633	0.6882750172999372	0.9376559713926355	1.0	-0.027956476260453184	0.0	True		False		Zinc		AT1G02860, AT1G53690, AT2G04240, AT2G26580, AT2G34770, AT2G37950, AT2G41940, AT2G42160, AT3G54810, AT3G61550, AT5G50570, AT5G58620	NLA, NRPB12L, XERICO, YAB5, FAH1, AT2G37950, ZFP8, BRIZ1, BME3, ATL68, SPL13A, AtC3H66
p:flowering time	phrase	flowering time	1	247	241	21633	0.36341492096023653	0.9381511253856982	1.0	-0.027727196125791647	0.0	False		False		flowering time		AT5G50570	SPL13A
w:endopeptidase	word	endopeptidase	1	247	241	21633	0.36341492096023653	0.9381511253856982	1.0	-0.027727196125791647	0.0	False		False		endopeptidase		AT4G16563	AT4G16563
w:intermediate	word	intermediate	1	247	241	21633	0.36341492096023653	0.9381511253856982	1.0	-0.027727196125791647	0.0	False		False		intermediate		AT5G20110	AT5G20110
w:addition	word	addition	1	247	245	21633	0.35748161612823265	0.9409587454730985	1.0	-0.026429416961840674	0.0	False		False		addition		AT1G19300	PARVUS
w:targeting	word	targeting	1	247	245	21633	0.35748161612823265	0.9409587454730985	1.0	-0.026429416961840674	0.0	False		False		targeting		AT1G02860	NLA
w:nucleolus	word	nucleolus	2	247	395	21633	0.44345820734894686	0.9419679457877184	1.0	-0.025963875555711988	0.0	True		False		nucleolus		AT1G29500, AT5G54640	SAUR66, RAT5
w:peptidase	word	peptidase	3	247	528	21633	0.4976306588148694	0.942433931239074	1.0	-0.025749086007088355	0.0	True		False		peptidase		AT1G66180, AT4G16563, AT5G25170	AT1G66180, AT4G16563, AT5G25170
w:degradation	word	degradation	6	247	892	21633	0.5891232911530292	0.9442605068260381	1.0	-0.024908174060740324	0.0	True		False		degradation		AT1G02860, AT2G04240, AT2G47240, AT3G28200, AT5G13220, AT5G48870	NLA, XERICO, LACS1, PER31, JAZ10, SAD1
w:linked	word	linked	1	247	254	21633	0.34481494469061813	0.9468203847204932	1.0	-0.023732400429980705	0.0	False		False		linked		AT1G32930	GALT31A
p:transmembrane transport	phrase	transmembrane transport	7	247	1014	21633	0.6046163428598806	0.9472713417922863	1.0	-0.023525601393995132	0.0	True		False		transmembrane transport		AT1G11260, AT1G12500, AT1G76670, AT3G18200, AT4G27970, AT5G04160, AT5G11800	STP1, AT1G12500, URGT1, UMAMIT4, SLAH2, UUAT1, KEA6
w:storage	word	storage	1	247	259	21633	0.33815828552670657	0.9498225149616175	1.0	-0.022357539946990964	0.0	False		False		storage		AT3G43720	LTPG2
k:Cell cycle	keyword	Cell cycle	1	247	260	21633	0.33685767673621925	0.9504023708053754	1.0	-0.022092489001762174	0.0	False		False		Cell cycle		AT1G30690	PATL4
w:responsible	word	responsible	1	247	260	21633	0.33685767673621925	0.9504023708053754	1.0	-0.022092489001762174	0.0	False		False		responsible		AT1G04610	YUC3
w:affinity	word	affinity	1	247	262	21633	0.33428624408937785	0.9515421368421556	1.0	-0.021571975224732764	0.0	False		False		affinity		AT5G46790	PYL1
w:triphosphate	word	triphosphate	1	247	264	21633	0.33175377254324623	0.9526558143779743	1.0	-0.0210639775522616	0.0	False		False		triphosphate		AT5G61450	MCI2.1
w:zinc	word	zinc	9	247	1254	21633	0.628586095345098	0.9527420902908502	1.0	-0.02102464807381831	0.0	True		False		zinc		AT1G53690, AT1G78170, AT2G04240, AT2G37950, AT2G41940, AT2G42160, AT3G54810, AT3G61550, AT5G58620	NRPB12L, CLG4, XERICO, AT2G37950, ZFP8, BRIZ1, BME3, ATL68, AtC3H66
w:trna	word	trna	1	247	268	21633	0.32680222369931716	0.9548072695478556	1.0	-0.020084283095843408	0.0	False		False		trna		AT3G49640	AT3G49640
w:nucleoside	word	nucleoside	1	247	271	21633	0.3231844869055978	0.9563567048534578	1.0	-0.019380093021383105	0.0	False		False		nucleoside		AT5G61450	MCI2.1
w:ubiquitin	word	ubiquitin	8	247	1157	21633	0.6055868345819672	0.9566982827106107	1.0	-0.019225005602524135	0.0	True		False		ubiquitin		AT1G02860, AT1G66160, AT1G70700, AT1G78170, AT2G04240, AT2G42160, AT3G24515, AT3G61550	NLA, CMPG1, TIFY7, CLG4, XERICO, BRIZ1, UBC37, ATL68
k:Protein transport	keyword	Protein transport	3	247	563	21633	0.4666944722100373	0.957367313034365	1.0	-0.018921404523949713	0.0	True		False		Protein transport		AT2G21190, AT4G39990, AT5G03520	AT2G21190, RABA4B, RAB8C
k:Magnesium	keyword	Magnesium	4	247	691	21633	0.5069927406739045	0.9575684350344152	1.0	-0.0188301783037275	0.0	True		False		Magnesium		AT1G47380, AT1G68410, AT2G47240, AT3G14510	AT1G47380, AT1G68410, LACS1, IDS5
w:key	word	key	1	247	275	21633	0.3184836216415164	0.9583406196182028	1.0	-0.018480103730935345	0.0	False		False		key		AT5G04870	CPK1
p:transmembrane transporter	phrase	transmembrane transporter	4	247	694	21633	0.5048011294029798	0.958571096149596	1.0	-0.018375670453751797	0.0	True		False		transmembrane transporter		AT1G11260, AT1G76670, AT3G18200, AT5G16590	STP1, URGT1, UMAMIT4, LRR1
w:oxidoreductase	word	oxidoreductase	6	247	946	21633	0.5554946889096216	0.9617176459630845	1.0	-0.016952415279583535	0.0	True		False		oxidoreductase		AT1G01600, AT1G13090, AT2G26710, AT4G00360, AT4G03140, AT4G33790	CYP86A4, CYP71B28, BAS1, CYP86A2, AT4G03140, CER4
k:RNA-binding	keyword	RNA-binding	4	247	704	21633	0.49763065881486934	0.9617579001485436	1.0	-0.01693423759008156	0.0	True		False		RNA-binding		AT1G78260, AT2G38610, AT2G46780, AT5G48870	AT1G78260, KH9, AT2G46780, SAD1
w:adp	word	adp	1	247	285	21633	0.3073087577242702	0.9629161912371285	1.0	-0.016411510660684622	0.0	False		False		adp		AT3G51810	EM1
p:zinc ion	phrase	zinc ion	3	247	581	21633	0.45223577943933047	0.9635577118556331	1.0	-0.01612226835691417	0.0	True		False		zinc ion		AT1G53690, AT2G42160, AT3G54810	NRPB12L, BRIZ1, BME3
k:ATP-binding	keyword	ATP-binding	16	247	2052	21633	0.6829083504983783	0.9642560360313108	1.0	-0.015807633865201683	0.0	True		False		ATP-binding		AT1G52290, AT1G52540, AT1G60890, AT2G05940, AT2G41820, AT2G47240, AT3G09780, AT3G14370, AT3G24530, AT3G53810, AT3G54690, AT4G30340, AT5G04870, AT5G15920, AT5G16590, AT5G25110	PERK15, AT1G52540, PIP5K8, RIPK, PXC3, LACS1, CCR1, WAG2, AT3G24530, LECRK42, SETH3, DGK7, CPK1, SMC5, LRR1, CIPK25
p:embryo defective	phrase	embryo defective	1	247	289	21633	0.3030553493128616	0.9646030145556268	1.0	-0.015651385164676943	0.0	False		False		embryo defective		AT5G15920	SMC5
w:conversion	word	conversion	1	247	290	21633	0.3020103308669552	0.9650126404647703	1.0	-0.015466997901653791	0.0	False		False		conversion		AT4G11280	ACS6
w:transport	word	transport	17	247	2165	21633	0.6877186749072005	0.965842133772854	1.0	-0.01509385291587377	0.0	True		False		transport		AT1G11260, AT1G12500, AT1G29430, AT1G29440, AT1G30690, AT1G76670, AT2G19620, AT3G03830, AT3G14370, AT3G18200, AT3G43720, AT4G16515, AT4G27970, AT5G04160, AT5G11800, AT5G24580, AT5G64770	STP1, AT1G12500, SAUR62, SAUR63, PATL4, URGT1, NDL3, SAUR28, WAG2, UMAMIT4, LTPG2, RGF6, SLAH2, UUAT1, KEA6, HIPP09, RGF9
w:cytoplasm	word	cytoplasm	33	247	3781	21633	0.7644112315251947	0.9674208033751728	1.0	-0.014384577797367239	0.0	True		False		cytoplasm		AT1G02860, AT1G04430, AT1G11260, AT1G30690, AT1G60890, AT1G74890, AT2G06850, AT2G19620, AT2G19800, AT2G33460, AT2G34300, AT2G38610, AT2G42160, AT2G42580, AT2G45400, AT3G04630, AT3G14510, AT3G23300, AT3G49640, AT3G51810, AT4G01120, AT4G11280, AT4G14360, AT4G18030, AT4G31800, AT5G01210, AT5G11060, AT5G11160, AT5G43760, AT5G44670, AT5G46790, AT5G47540, AT5G48870	NLA, AT1G04430, STP1, PATL4, PIP5K8, ARR15, XTH4, NDL3, MIOX2, RIC1, AT2G34300, KH9, BRIZ1, TTL3, BEN1, WDL1, IDS5, AT3G23300, AT3G49640, EM1, GBF2, ACS6, AT4G14360, AT4G18030, WRKY18, AT5G01210, KNAT4, APT5, KCS20, GALS2, PYL1, AT5G47540, SAD1
w:assembly	word	assembly	4	247	730	21633	0.4799068271310521	0.9690145110579648	1.0	-0.013669719311243486	0.0	True		False		assembly		AT1G29430, AT2G33460, AT3G57420, AT4G13340	SAUR62, RIC1, STL2, LRX3
w:atp	word	atp	16	247	2081	21633	0.6733916075072908	0.969290953579783	1.0	-0.01354584052661081	0.0	True		False		atp		AT1G15260, AT1G32640, AT1G52290, AT1G60890, AT2G05940, AT2G40270, AT2G41820, AT2G47240, AT3G09780, AT3G14370, AT3G24530, AT3G53810, AT4G30340, AT5G04870, AT5G16590, AT5G25110	AT1G15260, MYC2, PERK15, PIP5K8, RIPK, AT2G40270, PXC3, LACS1, CCR1, WAG2, AT3G24530, LECRK42, DGK7, CPK1, LRR1, CIPK25
w:histone	word	histone	2	247	461	21633	0.37996961367209114	0.9694545675221514	1.0	-0.013472538866616425	0.0	True		False		histone		AT3G53650, AT5G54640	HTB6, RAT5
k:Nucleotide-binding	keyword	Nucleotide-binding	19	247	2395	21633	0.6948129115143729	0.9695764760767512	1.0	-0.013417929929019435	0.0	True		False		Nucleotide-binding		AT1G52290, AT1G52540, AT1G60890, AT2G05940, AT2G41820, AT2G47240, AT3G09780, AT3G14370, AT3G24530, AT3G49640, AT3G53810, AT3G54690, AT4G30340, AT4G39990, AT5G03520, AT5G04870, AT5G15920, AT5G16590, AT5G25110	PERK15, AT1G52540, PIP5K8, RIPK, PXC3, LACS1, CCR1, WAG2, AT3G24530, AT3G49640, LECRK42, SETH3, DGK7, RABA4B, RAB8C, CPK1, SMC5, LRR1, CIPK25
k:mRNA processing	keyword	mRNA processing	1	247	310	21633	0.2825257933916677	0.972282189484419	1.0	-0.012207669693445068	0.0	False		False		mRNA processing		AT5G48870	SAD1
w:protease	word	protease	2	247	472	21633	0.3711143896246483	0.9726011140854618	1.0	-0.0120652372962279	0.0	True		False		protease		AT1G66180, AT4G16563	AT1G66180, AT4G16563
w:phase	word	phase	1	247	316	21633	0.2771613795930918	0.9741539227280858	1.0	-0.01137241631443009	0.0	False		False		phase		AT5G50570	SPL13A
w:chromatin	word	chromatin	2	247	480	21633	0.36492914979757085	0.9746912021669151	1.0	-0.011132953980092085	0.0	True		False		chromatin		AT3G53650, AT5G54640	HTB6, RAT5
w:chaperone	word	chaperone	1	247	319	21633	0.27455484624268656	0.9750420291534904	1.0	-0.010976663649118394	0.0	False		False		chaperone		AT5G56170	LLG1
w:effect	word	effect	1	247	326	21633	0.2686594967834877	0.9769978520829296	1.0	-0.010106391070947181	0.0	False		False		effect		AT1G30690	PATL4
w:large	word	large	2	247	490	21633	0.35748161612823265	0.9770885959324697	1.0	-0.010066055544143561	0.0	True		False		large		AT1G04240, AT4G33790	SHY2, CER4
w:normal	word	normal	3	247	639	21633	0.41118777441979815	0.978243912862726	1.0	-0.009552845822737004	0.0	True		False		normal		AT1G78240, AT2G28110, AT3G54810	TSD2, FRA8, BME3
w:transmembrane	word	transmembrane	13	247	1825	21633	0.6238788752703677	0.9785997619745339	1.0	-0.009394894209801233	0.0	True		False		transmembrane		AT1G11260, AT1G12500, AT1G76670, AT2G41420, AT2G41820, AT3G18200, AT3G29170, AT3G57420, AT4G27970, AT5G04160, AT5G11800, AT5G16590, AT5G59350	STP1, AT1G12500, URGT1, WIH2, PXC3, UMAMIT4, AT3G29170, STL2, SLAH2, UUAT1, KEA6, LRR1, AT5G59350
w:catalytic	word	catalytic	3	247	646	21633	0.40673217934094585	0.9795773845512555	1.0	-0.008961249964199657	0.0	True		False		catalytic		AT4G11280, AT4G24510, AT5G45950	ACS6, CER2, AtGELP102
w:cation	word	cation	1	247	345	21633	0.25386375638091885	0.9815705384004169	1.0	-0.008078485328061779	0.0	False		False		cation		AT5G11800	KEA6
w:kda	word	kda	1	247	346	21633	0.2531300461023613	0.9817843714056357	1.0	-0.007983885524308839	0.0	False		False		kda		AT1G53690	NRPB12L
p:rna polymerase	phrase	rna polymerase	2	247	528	21633	0.33175377254324623	0.984352595788147	1.0	-0.006849309113221219	0.0	True		False		rna polymerase		AT1G53690, AT4G09890	NRPB12L, AT4G09890
k:Repeat	keyword	Repeat	26	247	3264	21633	0.6976586687306501	0.9856381086520712	1.0	-0.006282513319511982	0.0	True		False		Repeat		AT1G60890, AT1G61350, AT1G66400, AT1G68780, AT1G78070, AT2G21140, AT2G41820, AT2G42580, AT2G43290, AT2G45340, AT3G11700, AT3G18200, AT3G51810, AT3G54690, AT3G58620, AT4G09460, AT4G13340, AT4G14750, AT4G23060, AT5G03960, AT5G04870, AT5G16590, AT5G24580, AT5G37770, AT5G50900, AT5G58620	PIP5K8, AT1G61350, CML23, AT1G68780, AT1G78070, PRP2, PXC3, TTL3, MSS3, AT2G45340, FLA18, UMAMIT4, EM1, SETH3, TTL4, MYB6, LRX3, IQD19, IQD22, IQD12, CPK1, LRR1, HIPP09, TCH2, AT5G50900, AtC3H66
w:repeat	word	repeat	11	247	1684	21633	0.5720979545520113	0.9870573324571095	1.0	-0.0056576209406792284	0.0	True		False		repeat		AT1G61350, AT1G78070, AT2G41820, AT2G42580, AT2G45340, AT3G24530, AT3G58620, AT4G13340, AT5G05410, AT5G16590, AT5G50900	AT1G61350, AT1G78070, PXC3, TTL3, AT2G45340, AT3G24530, TTL4, LRX3, DREB2A, LRR1, AT5G50900
w:step	word	step	2	247	552	21633	0.3173296954761486	0.9877313241139933	1.0	-0.0053611731483294844	0.0	True		False		step		AT4G01950, AT5G54640	GPAT3, RAT5
p:chloroplast thylakoid	phrase	chloroplast thylakoid	1	247	380	21633	0.23048156829320265	0.9877545988341307	1.0	-0.005350939633216501	0.0	False		False		chloroplast thylakoid		AT1G29670	AtGELP16
w:lrr	word	lrr	1	247	396	21633	0.22116918169549749	0.9898442015691613	1.0	-0.004433156638257899	0.0	False		False		lrr		AT4G13340	LRX3
w:translation	word	translation	2	247	585	21633	0.29942904598775044	0.9912438061893264	1.0	-0.003819513365337567	0.0	True		False		translation		AT1G29430, AT5G58620	SAUR62, AtC3H66
w:catabolic	word	catabolic	5	247	1039	21633	0.4214773626150963	0.9929388617008278	1.0	-0.0030774915281753285	0.0	True		False		catabolic		AT1G04680, AT2G19800, AT3G28200, AT3G30775, AT4G02330	PLL26, MIOX2, PER31, ERD5, ATPMEPCRB
w:polymerase	word	polymerase	2	247	617	21633	0.28389950065289143	0.9937047118063389	1.0	-0.00274265089979081	0.0	True		False		polymerase		AT1G53690, AT4G09890	NRPB12L, AT4G09890
p:atp hydrolysis	phrase	atp hydrolysis	1	247	445	21633	0.19681572123913932	0.994278960506376	1.0	-0.002491750399876196	0.0	False		False		atp hydrolysis		AT3G24530	AT3G24530
w:defective	word	defective	3	247	783	21633	0.3355670342966169	0.9942943285010197	1.0	-0.002485037813210445	0.0	True		False		defective		AT5G15920, AT5G37770, AT5G48870	SMC5, TCH2, SAD1
w:processing	word	processing	2	247	643	21633	0.27241989409460965	0.9951945407070476	1.0	-0.00209201503600108	0.0	True		False		processing		AT3G49640, AT5G48870	AT3G49640, SAD1
p:blast match	phrase	blast match	1	247	461	21633	0.18998480683604557	0.9952579605763544	1.0	-0.002064340023133874	0.0	False		False		blast match		AT3G47310	AT3G47310
p:value blast	phrase	value blast	1	247	461	21633	0.18998480683604557	0.9952579605763544	1.0	-0.002064340023133874	0.0	False		False		value blast		AT3G47310	AT3G47310
w:blast	word	blast	1	247	461	21633	0.18998480683604557	0.9952579605763544	1.0	-0.002064340023133874	0.0	False		False		blast		AT3G47310	AT3G47310
k:Ribonucleoprotein	keyword	Ribonucleoprotein	1	247	464	21633	0.188756456791847	0.9954220064357163	1.0	-0.0019927622579060836	0.0	False		False		Ribonucleoprotein		AT5G48870	SAD1
w:match	word	match	1	247	474	21633	0.18477425306206122	0.9959290776004975	1.0	-0.0017715875837647237	0.0	False		False		match		AT3G47310	AT3G47310
w:value	word	value	1	247	475	21633	0.18438525463456212	0.9959765995926843	1.0	-0.0017508651778637193	0.0	False		False		value		AT3G47310	AT3G47310
w:cysteine	word	cysteine	1	247	512	21633	0.17106053896761134	0.9973954146428035	1.0	-0.0011326327086980574	0.0	False		False		cysteine		AT2G41420	WIH2
k:Cytoplasm	keyword	Cytoplasm	12	247	2053	21633	0.5119317834471525	0.9976831732383298	1.0	-0.001007352459806553	0.0	True		False		Cytoplasm		AT1G30690, AT2G19620, AT2G19800, AT2G33460, AT2G45400, AT3G02170, AT3G04630, AT3G14370, AT4G14750, AT5G11160, AT5G46790, AT5G48870	PATL4, NDL3, MIOX2, RIC1, BEN1, LNG2, WDL1, WAG2, IQD19, APT5, PYL1, SAD1
w:ribosome	word	ribosome	1	247	527	21633	0.16619164317156926	0.997816862579439	1.0	-0.0009491609868145731	0.0	False		False		ribosome		AT1G29430	SAUR62
w:thylakoid	word	thylakoid	1	247	530	21633	0.16525093575739058	0.9978926193225164	1.0	-0.0009161895189735652	0.0	False		False		thylakoid		AT1G29670	AtGELP16
w:cytosol	word	cytosol	12	247	2082	21633	0.5048011294029798	0.9981166119493203	1.0	-0.0008187162601406485	0.0	True		False		cytosol		AT1G30690, AT1G75080, AT2G42580, AT3G02170, AT3G14370, AT3G51810, AT3G53810, AT3G58620, AT4G18030, AT5G11060, AT5G15920, AT5G63470	PATL4, BZR1, TTL3, LNG2, WAG2, EM1, LECRK42, TTL4, AT4G18030, KNAT4, SMC5, NF-YC4
k:Transport	keyword	Transport	10	247	1904	21633	0.45999472663559354	0.9988365955225302	1.0	-0.0005055542839013278	0.0	True		False		Transport		AT1G11260, AT1G12500, AT1G30690, AT1G76670, AT2G21190, AT4G27970, AT4G39990, AT5G03520, AT5G04160, AT5G11800	STP1, AT1G12500, PATL4, URGT1, AT2G21190, SLAH2, RABA4B, RAB8C, UUAT1, KEA6
w:mrna	word	mrna	6	247	1400	21633	0.3753556969346443	0.9989772825268703	1.0	-0.00044438783548215506	0.0	True		False		mrna		AT1G78260, AT2G38610, AT2G46780, AT3G30775, AT3G51810, AT5G48870	AT1G78260, KH9, AT2G46780, ERD5, EM1, SAD1
w:hydrolysis	word	hydrolysis	1	247	610	21633	0.14357868188756887	0.9991798063577743	1.0	-0.0003563517316083041	0.0	False		False		hydrolysis		AT3G24530	AT3G24530
k:Coiled coil	keyword	Coiled coil	6	247	1494	21633	0.3517389395639237	0.9995547147031653	1.0	-0.00019342801581046884	0.0	True		False		Coiled coil		AT1G30690, AT2G42160, AT2G45450, AT3G04630, AT5G15920, AT5G24580	PATL4, BRIZ1, ZPR1, WDL1, SMC5, HIPP09
w:complex	word	complex	19	247	3160	21633	0.5266066212268744	0.9997069721056205	1.0	-0.00012727904663911805	0.0	True		False		complex		AT1G19300, AT1G32640, AT1G32930, AT1G74380, AT2G42160, AT3G24515, AT3G28180, AT3G53650, AT3G57420, AT4G31800, AT5G05410, AT5G15920, AT5G20110, AT5G46790, AT5G48870, AT5G51620, AT5G54640, AT5G56170, AT5G62220	PARVUS, MYC2, GALT31A, XXT5, BRIZ1, UBC37, CSLC04, HTB6, STL2, WRKY18, DREB2A, SMC5, AT5G20110, PYL1, SAD1, AT5G51620, RAT5, LLG1, GT18
w:pseudo	word	pseudo	2	247	965	21633	0.18151916259361037	0.9998489894346239	1.0	-6.558800761765428e-05	0.0	True		False		pseudo		AT1G54926, AT3G47310	AT1G54926, AT3G47310
p:transposable element	phrase	transposable element	2	247	982	21633	0.17837677383180653	0.9998748207977551	1.0	-5.436803972891479e-05	0.0	True		False		transposable element		AT1G54926, AT3G47310	AT1G54926, AT3G47310
w:transposable	word	transposable	2	247	983	21633	0.178195312210411	0.9998761962534364	1.0	-5.377061254185804e-05	0.0	True		False		transposable		AT1G54926, AT3G47310	AT1G54926, AT3G47310
w:chloroplast	word	chloroplast	23	247	3776	21633	0.5334769350854319	0.9999066629846731	1.0	-4.053764257449633e-05	0.0	True		False		chloroplast		AT1G13590, AT1G19300, AT1G29670, AT1G52290, AT1G74890, AT2G04240, AT2G19580, AT2G20080, AT2G40270, AT2G43290, AT3G03830, AT3G06770, AT3G14510, AT3G18200, AT3G24530, AT3G28340, AT3G49640, AT3G54690, AT4G03400, AT4G27970, AT4G28780, AT5G57560, AT5G58620	PSK1, PARVUS, AtGELP16, PERK15, ARR15, XERICO, TET2, SPEAR1, AT2G40270, MSS3, SAUR28, PGF4, IDS5, UMAMIT4, AT3G24530, GATL10, AT3G49640, SETH3, DFL2, SLAH2, AtGELP82, TCH4, AtC3H66
w:mitochondrial	word	mitochondrial	2	247	1014	21633	0.1727475265313945	0.999912163903462	1.0	-3.814840746648231e-05	0.0	True		False		mitochondrial		AT2G40090, AT3G30775	ATH9, ERD5
k:Mitochondrion	keyword	Mitochondrion	1	247	836	21633	0.10476434922418301	0.9999440726225983	1.0	-2.428963062686971e-05	0.0	False		False		Mitochondrion		AT3G30775	ERD5
w:chloroplastic	word	chloroplastic	1	247	1315	21633	0.06660303874632471	0.9999998290094197	1.0	-7.426027180912934e-08	0.0	False		False		chloroplastic		AT3G14510	IDS5
k:Chloroplast	keyword	Chloroplast	1	247	1413	21633	0.06198371971084006	0.9999999485782	1.0	-2.233220458119503e-08	0.0	False		False		Chloroplast		AT3G14510	IDS5
k:Plastid	keyword	Plastid	1	247	1425	21633	0.06146175154485404	0.9999999556314182	1.0	-1.9269030676801535e-08	0.0	False		False		Plastid		AT3G14510	IDS5
k:Transit peptide	keyword	Transit peptide	2	247	1836	21633	0.09540631367256755	0.999999993499842	1.0	-2.822982745932395e-09	0.0	True		False		Transit peptide		AT3G14510, AT3G30775	IDS5, ERD5
