concept	layer	label	k	n	K	N	fold	p	fdr	log10_p	log10_fdr	tested	status	representative	group	display	merged	genes	symbols
p:auxin responsive	phrase	auxin responsive	46	409	142	21633	17.134164399600536	4.009165468689661e-44	6.263920128280714e-40	-43.39694601891639	-39.20315378863659	True	significant	True	auxin responsive	auxin responsive	auxin, responsive	AT1G04100, AT1G04240, AT1G15580, AT1G19220, AT1G29430, AT1G29440, AT1G29450, AT1G29460, AT1G29490, AT1G29500, AT1G29510, AT1G52830, AT1G59500, AT2G14960, AT2G18010, AT2G23170, AT2G28350, AT2G33310, AT2G37030, AT2G42430, AT3G03830, AT3G03840, AT3G15540, AT3G16500, AT3G23030, AT3G23050, AT3G50060, AT3G58190, AT3G62100, AT4G14550, AT4G14560, AT4G27260, AT4G28640, AT4G30080, AT4G32280, AT4G34760, AT4G34770, AT4G36110, AT4G38840, AT4G38850, AT4G38860, AT5G18060, AT5G20820, AT5G43700, AT5G54510, AT5G65670	IAA10, SHY2, IAA5, ARF19, SAUR62, SAUR63, SAUR64, SAUR65, SAUR68, SAUR66, SAUR68, IAA6, GH3.4, GH3.1, SAUR10, GH3.3, ARF10, IAA13, SAUR46, LBD16, SAUR28, SAUR27, IAA19, PAP1, IAA2, IAA7, MYB77, LBD29, IAA30, IAA14, IAA1, WES1, IAA11, ARF16, IAA29, SAUR50, SAUR1, SAUR9, SAUR14, SAUR15, SAUR16, SAUR23, SAUR76, ATAUX2-11, DFL1, IAA9
w:auxin	word	auxin	91	409	893	21633	5.389933111924586	4.5849177630007866e-41	3.5817377564562076e-37	-40.33866844961125	-36.44590621499543	True	significant	False	auxin responsive	auxin		AT1G04100, AT1G04240, AT1G15580, AT1G19220, AT1G23080, AT1G29430, AT1G29440, AT1G29450, AT1G29460, AT1G29490, AT1G29500, AT1G29510, AT1G52830, AT1G54200, AT1G59500, AT1G70940, AT1G73590, AT1G74660, AT1G77000, AT1G78100, AT2G01420, AT2G14960, AT2G18010, AT2G18980, AT2G19620, AT2G21050, AT2G22810, AT2G23170, AT2G28350, AT2G33310, AT2G37030, AT2G42430, AT2G44830, AT2G45420, AT2G47260, AT3G03830, AT3G03840, AT3G10870, AT3G15540, AT3G16500, AT3G23030, AT3G23050, AT3G25730, AT3G27580, AT3G42800, AT3G50060, AT3G58190, AT3G59900, AT3G62100, AT4G11280, AT4G12110, AT4G14550, AT4G14560, AT4G16515, AT4G17350, AT4G27260, AT4G27280, AT4G28640, AT4G30080, AT4G30290, AT4G32280, AT4G32460, AT4G34760, AT4G34770, AT4G36110, AT4G37290, AT4G37590, AT4G37770, AT4G38840, AT4G38850, AT4G38860, AT4G39400, AT5G12050, AT5G13330, AT5G14130, AT5G18060, AT5G19530, AT5G20820, AT5G37770, AT5G39580, AT5G43700, AT5G47230, AT5G47370, AT5G54490, AT5G54500, AT5G54510, AT5G57560, AT5G64100, AT5G65300, AT5G65670, AT5G67060	IAA10, SHY2, IAA5, ARF19, PIN7, SAUR62, SAUR63, SAUR64, SAUR65, SAUR68, SAUR66, SAUR68, IAA6, BG3, GH3.4, PIN3, PIN1, MIF1, SKP2B, AUF1, PIN4, GH3.1, SAUR10, PER16, NDL3, LAX2, ACS4, GH3.3, ARF10, IAA13, SAUR46, LBD16, PAX, LBD18, WRKY23, SAUR28, SAUR27, MES17, IAA19, PAP1, IAA2, IAA7, EDF3, ATPK7, AT3G42800, MYB77, LBD29, ARGOS, IAA30, ACS6, SMO1-1, IAA14, IAA1, RGF6, FL5, WES1, KRP1, IAA11, ARF16, XTH19, IAA29, BDX, SAUR50, SAUR1, SAUR9, PIP2, NPY5, ACS8, SAUR14, SAUR15, SAUR16, BRI1, BG1, Rap2.6L, PER55, SAUR23, ACL5, SAUR76, TCH2, PER62, ATAUX2-11, ERF5, HAT2, PBP1, FQR1, DFL1, TCH4, PER69, SUPA, IAA9, HEC1
w:responsive	word	responsive	82	409	767	21633	5.654730748510533	2.112752328770727e-38	1.1003214128237922e-34	-37.675151410923334	-33.9584804353632	True	significant	False	auxin responsive	responsive		AT1G04100, AT1G04240, AT1G15580, AT1G17060, AT1G19220, AT1G27730, AT1G28370, AT1G29430, AT1G29440, AT1G29450, AT1G29460, AT1G29490, AT1G29500, AT1G29510, AT1G35140, AT1G44830, AT1G52830, AT1G53170, AT1G59500, AT1G74660, AT1G79700, AT1G80240, AT1G80840, AT2G14960, AT2G18010, AT2G23170, AT2G26710, AT2G28350, AT2G33310, AT2G37030, AT2G38470, AT2G41230, AT2G42430, AT2G44840, AT2G47260, AT3G01970, AT3G03830, AT3G03840, AT3G10870, AT3G15540, AT3G16500, AT3G23030, AT3G23050, AT3G25710, AT3G25730, AT3G50060, AT3G58190, AT3G60530, AT3G61460, AT3G62100, AT4G08950, AT4G14550, AT4G14560, AT4G17490, AT4G23750, AT4G25420, AT4G26080, AT4G27260, AT4G28640, AT4G30080, AT4G32280, AT4G34760, AT4G34770, AT4G36110, AT4G37290, AT4G37590, AT4G38840, AT4G38850, AT4G38860, AT5G13330, AT5G18060, AT5G20820, AT5G24270, AT5G25190, AT5G43700, AT5G47230, AT5G51190, AT5G53290, AT5G54510, AT5G59820, AT5G61600, AT5G65670	IAA10, SHY2, IAA5, CYP72C1, ARF19, STZ, ERF11, SAUR62, SAUR63, SAUR64, SAUR65, SAUR68, SAUR66, SAUR68, PHI-1, ERF014, IAA6, ERF8, GH3.4, MIF1, WRI4, DGR1, WRKY40, GH3.1, SAUR10, GH3.3, BAS1, ARF10, IAA13, SAUR46, WRKY33, ORS1, LBD16, ERF13, WRKY23, WRKY45, SAUR28, SAUR27, MES17, IAA19, PAP1, IAA2, IAA7, BHLH32, EDF3, MYB77, LBD29, GATA4, BRH1, IAA30, EXO, IAA14, IAA1, ERF6, CRF2, GA20OX1, ABI1, WES1, IAA11, ARF16, IAA29, SAUR50, SAUR1, SAUR9, PIP2, NPY5, SAUR14, SAUR15, SAUR16, Rap2.6L, SAUR23, SAUR76, SOS3, ESE3, ATAUX2-11, ERF5, ERF105, CRF3, DFL1, RHL41, ERF104, IAA9
w:response	word	response	213	409	5289	21633	2.1300974805392565	6.939672033934185e-34	2.647371356641339e-30	-33.158661053639996	-29.577185134320835	True	significant	True	response	response		AT1G01470, AT1G02400, AT1G02660, AT1G04100, AT1G04240, AT1G04310, AT1G05010, AT1G06080, AT1G08430, AT1G09350, AT1G09940, AT1G11000, AT1G15580, AT1G17060, AT1G18850, AT1G19220, AT1G23080, AT1G25280, AT1G27730, AT1G28370, AT1G29430, AT1G29440, AT1G29450, AT1G29460, AT1G29490, AT1G29500, AT1G29510, AT1G30570, AT1G30720, AT1G34370, AT1G35140, AT1G44830, AT1G50740, AT1G52200, AT1G52830, AT1G53170, AT1G53840, AT1G58340, AT1G59740, AT1G60010, AT1G66400, AT1G70940, AT1G73080, AT1G74660, AT1G76650, AT1G78100, AT1G80840, AT2G01420, AT2G14960, AT2G18010, AT2G18980, AT2G19620, AT2G21050, AT2G22810, AT2G22830, AT2G23150, AT2G25790, AT2G26070, AT2G26530, AT2G26710, AT2G28350, AT2G28400, AT2G30020, AT2G30040, AT2G33310, AT2G34140, AT2G35930, AT2G36220, AT2G37330, AT2G38470, AT2G39030, AT2G39350, AT2G39870, AT2G40140, AT2G40940, AT2G41100, AT2G41230, AT2G42430, AT2G43060, AT2G44080, AT2G44840, AT2G45400, AT2G47260, AT3G01970, AT3G02170, AT3G02885, AT3G03830, AT3G03840, AT3G04570, AT3G07210, AT3G10870, AT3G10930, AT3G13380, AT3G14060, AT3G15540, AT3G16500, AT3G19200, AT3G23030, AT3G23050, AT3G23250, AT3G25640, AT3G25710, AT3G25730, AT3G25780, AT3G26470, AT3G27580, AT3G28340, AT3G29370, AT3G44260, AT3G44540, AT3G50060, AT3G50660, AT3G50930, AT3G56880, AT3G59900, AT3G60520, AT3G60530, AT3G61460, AT3G62100, AT4G08950, AT4G09890, AT4G11280, AT4G12040, AT4G12110, AT4G12720, AT4G13235, AT4G14550, AT4G14560, AT4G16515, AT4G17490, AT4G17615, AT4G20830, AT4G22470, AT4G22780, AT4G22820, AT4G23510, AT4G23750, AT4G24160, AT4G24570, AT4G25420, AT4G26080, AT4G27260, AT4G27280, AT4G28490, AT4G28640, AT4G30080, AT4G30280, AT4G30290, AT4G32280, AT4G32460, AT4G34760, AT4G36110, AT4G36540, AT4G37240, AT4G37290, AT4G37590, AT4G37790, AT4G38410, AT4G38540, AT4G38850, AT4G38860, AT4G39400, AT5G01840, AT5G03730, AT5G04190, AT5G04340, AT5G04870, AT5G06860, AT5G10520, AT5G12340, AT5G13190, AT5G13330, AT5G14130, AT5G15160, AT5G16110, AT5G18060, AT5G20820, AT5G22250, AT5G24270, AT5G25190, AT5G26930, AT5G37770, AT5G39580, AT5G43700, AT5G45340, AT5G47230, AT5G47370, AT5G48150, AT5G50570, AT5G51190, AT5G51810, AT5G53290, AT5G53980, AT5G54490, AT5G54500, AT5G54510, AT5G57340, AT5G57560, AT5G59010, AT5G59820, AT5G61600, AT5G61900, AT5G63650, AT5G63790, AT5G64100, AT5G64260, AT5G64900, AT5G64905, AT5G65300, AT5G65310, AT5G65670, AT5G66080, AT5G67060	LEA14, GA2OX6, PLIP2, IAA10, SHY2, ERS2, EFE, ADS1, ALMT1, GolS3, HEMA2, MLO4, IAA5, CYP72C1, PCP2, ARF19, PIN7, TLP10, STZ, ERF11, SAUR62, SAUR63, SAUR64, SAUR65, SAUR68, SAUR66, SAUR68, HERK2, AtBBE10, STOP1, PHI-1, ERF014, FAX5, PCR8, IAA6, ERF8, PME1, ZF14, NPF4.3, AtPADRE7, CML23, PIN3, PEPR1, MIF1, CML38, AUF1, WRKY40, PIN4, GH3.1, SAUR10, PER16, NDL3, LAX2, ACS4, SQE2, NRAMP3, SKM1, RTE1, AR781, BAS1, ARF10, S40-4, AP2C1, MAPKKK14, IAA13, CDF4, PUB23, AT2G36220, ALS3, WRKY33, NATA1, ABCG1, AT2G39870, CZF1, ERS1, TCH3, ORS1, LBD16, IBH1, ARL, ERF13, BEN1, WRKY23, WRKY45, LNG2, GASA5, SAUR28, SAUR27, AHL19, AT3G07210, MES17, IDL7, BRL3, AT3G14060, IAA19, PAP1, AT3G19200, IAA2, IAA7, MYB15, AT3G25640, BHLH32, EDF3, AOC3, AT3G26470, ATPK7, GATL10, P1R3, CAF1a, FAR4, MYB77, DWF4, BCS1, VQ24, ARGOS, AT3G60520, GATA4, BRH1, IAA30, EXO, AT4G09890, ACS6, SAP7, SMO1-1, NUDT7, EDA21, IAA14, IAA1, RGF6, ERF6, CBL1, AtBBE19, DHYPRP1, ACR7, SAP9, AT4G23510, CRF2, AT4G24160, DIC2, GA20OX1, ABI1, WES1, KRP1, HAE, IAA11, ARF16, XTH18, XTH19, IAA29, BDX, SAUR50, SAUR9, BEE2, AP22.53, PIP2, NPY5, HAT22, AT4G38410, MO2, SAUR15, SAUR16, BRI1, OFP1, CTR1, PKS4, ZAT6, CPK1, PGIP1, RBK1, AtPADRE20, GILP, Rap2.6L, PER55, BNQ2, AT5G16110, SAUR23, SAUR76, CAF1b, SOS3, ESE3, GATA23, TCH2, PER62, ATAUX2-11, CYP707A3, ERF5, HAT2, PAT1, SPL13A, ERF105, GA20OX2, CRF3, HB52, PBP1, FQR1, DFL1, MJB24.15, TCH4, BSK5, RHL41, ERF104, BON1, SNRK2.5, NAC102, PER69, EXL2, PROPEP1, PROPEP3, SUPA, HB5, IAA9, PP2C79, HEC1
k:Auxin signaling pathway	keyword	Auxin signaling pathway	41	409	168	21633	12.908269297939224	8.472130557607986e-34	2.647371356641339e-30	-33.072007360264614	-29.577185134320835	True	significant	True	Auxin signaling pathway	Auxin signaling pathway		AT1G04100, AT1G04240, AT1G15580, AT1G19220, AT1G23080, AT1G29430, AT1G29440, AT1G29450, AT1G29460, AT1G29490, AT1G29500, AT1G29510, AT1G52830, AT1G54200, AT1G70940, AT1G73590, AT2G01420, AT2G21050, AT2G28350, AT2G33310, AT3G03830, AT3G03840, AT3G15540, AT3G16500, AT3G23030, AT3G23050, AT3G27580, AT3G42800, AT3G62100, AT4G14550, AT4G14560, AT4G28640, AT4G30080, AT4G32280, AT4G32460, AT4G34760, AT4G38850, AT5G12050, AT5G18060, AT5G43700, AT5G65670	IAA10, SHY2, IAA5, ARF19, PIN7, SAUR62, SAUR63, SAUR64, SAUR65, SAUR68, SAUR66, SAUR68, IAA6, BG3, PIN3, PIN1, PIN4, LAX2, ARF10, IAA13, SAUR28, SAUR27, IAA19, PAP1, IAA2, IAA7, ATPK7, AT3G42800, IAA30, IAA14, IAA1, IAA11, ARF16, IAA29, BDX, SAUR50, SAUR15, BG1, SAUR23, ATAUX2-11, IAA9
w:auxre	word	auxre	21	409	51	21633	21.779231986193007	2.627556855214891e-23	6.84215805097956e-20	-22.580447877910967	-19.164806898014813	True	significant	True	auxre	auxre	short-lived transcriptional, arfs, aux iaa, aux, alter, arf, heterodimer, ability	AT1G04100, AT1G04240, AT1G15580, AT1G19220, AT1G52830, AT2G28350, AT2G33310, AT2G42430, AT3G15540, AT3G16500, AT3G23030, AT3G23050, AT3G58190, AT3G62100, AT4G14550, AT4G14560, AT4G28640, AT4G30080, AT4G32280, AT5G43700, AT5G65670	IAA10, SHY2, IAA5, ARF19, IAA6, ARF10, IAA13, LBD16, IAA19, PAP1, IAA2, IAA7, LBD29, IAA30, IAA14, IAA1, IAA11, ARF16, IAA29, ATAUX2-11, IAA9
p:acetic acid	phrase	acetic acid	25	409	89	21633	14.857421499409355	1.0974342630367833e-22	2.1432891157108331e-19	-21.959621484803765	-18.668919241515912	True	significant	True	acetic acid	acetic acid	acetic, indole	AT1G04240, AT1G08430, AT1G15580, AT1G19220, AT1G52830, AT1G59500, AT1G70940, AT1G73590, AT2G14960, AT2G23170, AT3G10870, AT3G15540, AT3G16500, AT3G23030, AT3G23050, AT3G62100, AT4G14550, AT4G14560, AT4G27260, AT4G28640, AT4G32280, AT5G37770, AT5G43700, AT5G54510, AT5G65670	SHY2, ALMT1, IAA5, ARF19, IAA6, GH3.4, PIN3, PIN1, GH3.1, GH3.3, MES17, IAA19, PAP1, IAA2, IAA7, IAA30, IAA14, IAA1, WES1, IAA11, IAA29, TCH2, ATAUX2-11, DFL1, IAA9
w:acetic	word	acetic	25	409	89	21633	14.857421499409355	1.0974342630367833e-22	2.1432891157108331e-19	-21.959621484803765	-18.668919241515912	True	significant	False	acetic acid	acetic		AT1G04240, AT1G08430, AT1G15580, AT1G19220, AT1G52830, AT1G59500, AT1G70940, AT1G73590, AT2G14960, AT2G23170, AT3G10870, AT3G15540, AT3G16500, AT3G23030, AT3G23050, AT3G62100, AT4G14550, AT4G14560, AT4G27260, AT4G28640, AT4G32280, AT5G37770, AT5G43700, AT5G54510, AT5G65670	SHY2, ALMT1, IAA5, ARF19, IAA6, GH3.4, PIN3, PIN1, GH3.1, GH3.3, MES17, IAA19, PAP1, IAA2, IAA7, IAA30, IAA14, IAA1, WES1, IAA11, IAA29, TCH2, ATAUX2-11, DFL1, IAA9
p:indoleacetic acid	phrase	indoleacetic acid	18	409	39	21633	24.411886402106454	2.847207326927024e-21	4.448476727590774e-18	-20.545580907400993	-17.351788677121196	True	significant	True	indoleacetic acid	indoleacetic acid	indoleacetic, short-lived, repression	AT1G04100, AT1G04240, AT1G15580, AT1G52830, AT2G22810, AT2G33310, AT3G10870, AT3G15540, AT3G16500, AT3G23030, AT3G23050, AT3G62100, AT4G14550, AT4G14560, AT4G28640, AT4G32280, AT5G43700, AT5G65670	IAA10, SHY2, IAA5, IAA6, ACS4, IAA13, MES17, IAA19, PAP1, IAA2, IAA7, IAA30, IAA14, IAA1, IAA11, IAA29, ATAUX2-11, IAA9
w:indoleacetic	word	indoleacetic	18	409	39	21633	24.411886402106454	2.847207326927024e-21	4.448476727590774e-18	-20.545580907400993	-17.351788677121196	True	significant	False	indoleacetic acid	indoleacetic		AT1G04100, AT1G04240, AT1G15580, AT1G52830, AT2G22810, AT2G33310, AT3G10870, AT3G15540, AT3G16500, AT3G23030, AT3G23050, AT3G62100, AT4G14550, AT4G14560, AT4G28640, AT4G32280, AT5G43700, AT5G65670	IAA10, SHY2, IAA5, IAA6, ACS4, IAA13, MES17, IAA19, PAP1, IAA2, IAA7, IAA30, IAA14, IAA1, IAA11, IAA29, ATAUX2-11, IAA9
p:short‑lived transcriptional	phrase	short-lived transcriptional	16	409	28	21633	30.22424030736989	4.923800213658298e-21	6.993586776199733e-18	-20.307699577159493	-17.15530003203792	True	significant	False	auxre	short-lived transcriptional		AT1G04100, AT1G04240, AT1G15580, AT1G52830, AT2G33310, AT3G15540, AT3G16500, AT3G23030, AT3G23050, AT3G62100, AT4G14550, AT4G14560, AT4G28640, AT4G32280, AT5G43700, AT5G65670	IAA10, SHY2, IAA5, IAA6, IAA13, IAA19, PAP1, IAA2, IAA7, IAA30, IAA14, IAA1, IAA11, IAA29, ATAUX2-11, IAA9
w:short‑lived	word	short-lived	17	409	35	21633	25.690604261264408	1.2034732918189893e-20	1.5669222259483202e-17	-19.919563543398375	-16.804952559166203	True	significant	False	indoleacetic acid	short-lived		AT1G04100, AT1G04240, AT1G15580, AT1G52830, AT2G33310, AT3G15540, AT3G16500, AT3G23030, AT3G23050, AT3G62100, AT4G14550, AT4G14560, AT4G28640, AT4G32280, AT4G38850, AT5G43700, AT5G65670	IAA10, SHY2, IAA5, IAA6, IAA13, IAA19, PAP1, IAA2, IAA7, IAA30, IAA14, IAA1, IAA11, IAA29, SAUR15, ATAUX2-11, IAA9
w:iaa	word	iaa	30	409	173	21633	9.172096047034218	2.117498660585573e-20	2.544907620999148e-17	-19.674176855708225	-16.594327977735265	True	significant	True	iaa	iaa		AT1G04100, AT1G04240, AT1G15580, AT1G19220, AT1G52830, AT1G59500, AT1G70940, AT1G73590, AT2G14960, AT2G22810, AT2G23170, AT2G28350, AT2G33310, AT3G10870, AT3G15540, AT3G16500, AT3G23030, AT3G23050, AT3G50660, AT3G62100, AT4G14550, AT4G14560, AT4G27260, AT4G28640, AT4G30080, AT4G32280, AT5G43700, AT5G54510, AT5G65300, AT5G65670	IAA10, SHY2, IAA5, ARF19, IAA6, GH3.4, PIN3, PIN1, GH3.1, ACS4, GH3.3, ARF10, IAA13, MES17, IAA19, PAP1, IAA2, IAA7, DWF4, IAA30, IAA14, IAA1, WES1, IAA11, ARF16, IAA29, ATAUX2-11, DFL1, SUPA, IAA9
w:arfs	word	arfs	19	409	58	21633	17.32682741758705	5.73090318091067e-19	5.969308753236543e-16	-18.241776928543022	-15.224075957318906	True	significant	False	auxre	arfs		AT1G04100, AT1G04240, AT1G15580, AT1G19220, AT1G52830, AT2G28350, AT2G33310, AT3G15540, AT3G16500, AT3G23030, AT3G23050, AT3G62100, AT4G14550, AT4G14560, AT4G28640, AT4G30080, AT4G32280, AT5G43700, AT5G65670	IAA10, SHY2, IAA5, ARF19, IAA6, ARF10, IAA13, IAA19, PAP1, IAA2, IAA7, IAA30, IAA14, IAA1, IAA11, ARF16, IAA29, ATAUX2-11, IAA9
w:saur	word	saur	19	409	58	21633	17.32682741758705	5.73090318091067e-19	5.969308753236543e-16	-18.241776928543022	-15.224075957318906	True	significant	True	saur	saur	Growth regulation, auxin upregulated	AT1G29430, AT1G29440, AT1G29450, AT1G29460, AT1G29490, AT1G29500, AT1G29510, AT2G18010, AT2G37030, AT3G03830, AT3G03840, AT4G34760, AT4G34770, AT4G36110, AT4G38840, AT4G38850, AT4G38860, AT5G18060, AT5G20820	SAUR62, SAUR63, SAUR64, SAUR65, SAUR68, SAUR66, SAUR68, SAUR10, SAUR46, SAUR28, SAUR27, SAUR50, SAUR1, SAUR9, SAUR14, SAUR15, SAUR16, SAUR23, SAUR76
p:aux iaa	phrase	aux iaa	19	409	59	21633	17.033152376610996	8.308188543620057e-19	7.635713988559969e-16	-18.08049365627215	-15.117150347370627	True	significant	False	auxre	aux iaa		AT1G04100, AT1G04240, AT1G15580, AT1G19220, AT1G52830, AT2G28350, AT2G33310, AT3G15540, AT3G16500, AT3G23030, AT3G23050, AT3G62100, AT4G14550, AT4G14560, AT4G28640, AT4G30080, AT4G32280, AT5G43700, AT5G65670	IAA10, SHY2, IAA5, ARF19, IAA6, ARF10, IAA13, IAA19, PAP1, IAA2, IAA7, IAA30, IAA14, IAA1, IAA11, ARF16, IAA29, ATAUX2-11, IAA9
w:aux	word	aux	19	409	59	21633	17.033152376610996	8.308188543620057e-19	7.635713988559969e-16	-18.08049365627215	-15.117150347370627	True	significant	False	auxre	aux		AT1G04100, AT1G04240, AT1G15580, AT1G19220, AT1G52830, AT2G28350, AT2G33310, AT3G15540, AT3G16500, AT3G23030, AT3G23050, AT3G62100, AT4G14550, AT4G14560, AT4G28640, AT4G30080, AT4G32280, AT5G43700, AT5G65670	IAA10, SHY2, IAA5, ARF19, IAA6, ARF10, IAA13, IAA19, PAP1, IAA2, IAA7, IAA30, IAA14, IAA1, IAA11, ARF16, IAA29, ATAUX2-11, IAA9
w:alter	word	alter	22	409	95	21633	12.248771071934113	4.030350910089104e-18	3.4983445899573332e-15	-17.394657139546055	-14.456137414369564	True	significant	False	auxre	alter		AT1G04100, AT1G04240, AT1G06080, AT1G15580, AT1G19220, AT1G52830, AT2G28350, AT2G33310, AT3G15540, AT3G16500, AT3G23030, AT3G23050, AT3G62100, AT4G14550, AT4G14560, AT4G28640, AT4G30080, AT4G32280, AT5G43700, AT5G45280, AT5G57560, AT5G65670	IAA10, SHY2, ADS1, IAA5, ARF19, IAA6, ARF10, IAA13, IAA19, PAP1, IAA2, IAA7, IAA30, IAA14, IAA1, IAA11, ARF16, IAA29, ATAUX2-11, PAE11, TCH4, IAA9
w:brassinosteroid	word	brassinosteroid	29	409	197	21633	7.786193886289451	9.678829581067069e-18	7.959054388136403e-15	-17.014177156866864	-14.099138527539896	True	significant	True	brassinosteroid	brassinosteroid		AT1G09250, AT1G17060, AT1G18400, AT1G30570, AT1G35140, AT1G63500, AT1G74660, AT1G76650, AT2G01420, AT2G18010, AT2G26710, AT2G41230, AT2G41820, AT2G43060, AT2G44080, AT2G45400, AT3G13380, AT3G50660, AT3G61460, AT4G08950, AT4G34760, AT4G36110, AT4G36540, AT4G37790, AT4G38860, AT4G39400, AT5G57560, AT5G59010, AT5G64260	BHLH149, CYP72C1, BEE1, HERK2, PHI-1, BSK7, MIF1, CML38, PIN4, SAUR10, BAS1, ORS1, PXC3, IBH1, ARL, BEN1, BRL3, DWF4, BRH1, EXO, SAUR50, SAUR9, BEE2, HAT22, SAUR16, BRI1, TCH4, BSK5, EXL2
w:arf	word	arf	22	409	105	21633	11.082221446035625	4.021176647427956e-17	3.141343196970713e-14	-16.39564684823056	-13.502884613614743	True	significant	False	auxre	arf		AT1G04100, AT1G04240, AT1G15580, AT1G19220, AT1G52830, AT1G73590, AT2G28350, AT2G33310, AT3G15540, AT3G16500, AT3G23030, AT3G23050, AT3G50060, AT3G62100, AT4G14550, AT4G14560, AT4G28640, AT4G30080, AT4G32280, AT5G43700, AT5G46750, AT5G65670	IAA10, SHY2, IAA5, ARF19, IAA6, PIN1, ARF10, IAA13, IAA19, PAP1, IAA2, IAA7, MYB77, IAA30, IAA14, IAA1, IAA11, ARF16, IAA29, ATAUX2-11, AGD9, IAA9
w:indole	word	indole	26	409	172	21633	7.9953658952635465	2.5483479403961965e-16	1.8959708676547733e-13	-15.593741275599728	-12.722168340053848	True	significant	False	acetic acid	indole		AT1G04240, AT1G08430, AT1G15580, AT1G19220, AT1G52830, AT1G59500, AT1G70940, AT1G73590, AT2G14960, AT2G23170, AT3G10870, AT3G15540, AT3G16500, AT3G23030, AT3G23050, AT3G62100, AT4G14550, AT4G14560, AT4G15550, AT4G27260, AT4G28640, AT4G32280, AT5G37770, AT5G43700, AT5G54510, AT5G65670	SHY2, ALMT1, IAA5, ARF19, IAA6, GH3.4, PIN3, PIN1, GH3.1, GH3.3, MES17, IAA19, PAP1, IAA2, IAA7, IAA30, IAA14, IAA1, IAGLU, WES1, IAA11, IAA29, TCH2, ATAUX2-11, DFL1, IAA9
k:Growth regulation	keyword	Growth regulation	25	409	158	21633	8.369053882578688	3.193775956302311e-16	2.2681616155121535e-13	-15.495695552929648	-12.644326003472056	True	significant	False	saur	Growth regulation		AT1G17060, AT1G29430, AT1G29440, AT1G29450, AT1G29460, AT1G29490, AT1G29500, AT1G29510, AT2G18010, AT2G19620, AT2G26710, AT2G37030, AT2G43060, AT3G03830, AT3G03840, AT4G34760, AT4G34770, AT4G36110, AT4G38840, AT4G38850, AT4G38860, AT5G09970, AT5G15160, AT5G18060, AT5G20820	CYP72C1, SAUR62, SAUR63, SAUR64, SAUR65, SAUR68, SAUR66, SAUR68, SAUR10, NDL3, BAS1, SAUR46, IBH1, SAUR28, SAUR27, SAUR50, SAUR1, SAUR9, SAUR14, SAUR15, SAUR16, CYP78A7, BNQ2, SAUR23, SAUR76
p:transcription cis‑regulatory	phrase	transcription cis-regulatory	47	409	660	21633	3.766581462547233	5.582511184625351e-15	3.792224119503767e-12	-14.253170398141664	-11.421106003879459	True	significant	True	transcription cis-regulatory	transcription cis-regulatory	cis-regulatory, Transcription	AT1G04100, AT1G04240, AT1G09250, AT1G19220, AT1G27730, AT1G28370, AT1G44830, AT1G52830, AT1G53170, AT1G74660, AT1G79700, AT1G80840, AT2G34140, AT2G38470, AT2G42430, AT2G43060, AT2G44840, AT2G47260, AT3G01970, AT3G23030, AT3G23050, AT3G25730, AT3G46600, AT3G50060, AT3G58120, AT3G60530, AT3G62100, AT4G09460, AT4G14550, AT4G14560, AT4G17460, AT4G17490, AT4G23750, AT4G37790, AT5G04340, AT5G13330, AT5G26930, AT5G43700, AT5G47230, AT5G48150, AT5G51190, AT5G53980, AT5G59820, AT5G61600, AT5G63790, AT5G65310, AT5G65670	IAA10, SHY2, BHLH149, ARF19, STZ, ERF11, ERF014, IAA6, ERF8, MIF1, WRI4, WRKY40, CDF4, WRKY33, LBD16, IBH1, ERF13, WRKY23, WRKY45, IAA2, IAA7, EDF3, SCL30, MYB77, BZIP61, GATA4, IAA30, MYB6, IAA14, IAA1, HAT1, ERF6, CRF2, HAT22, ZAT6, Rap2.6L, GATA23, ATAUX2-11, ERF5, PAT1, ERF105, HB52, RHL41, ERF104, NAC102, HB5, IAA9
w:heterodimer	word	heterodimer	23	409	151	21633	8.05646140643469	1.1748184990533534e-14	7.648068428837342e-12	-13.930029223560934	-11.116448234992742	True	significant	False	auxre	heterodimer		AT1G04100, AT1G04240, AT1G15580, AT1G19220, AT1G52830, AT1G74660, AT2G28350, AT2G33310, AT2G43060, AT3G15540, AT3G16500, AT3G23030, AT3G23050, AT3G58120, AT3G62100, AT4G14550, AT4G14560, AT4G28640, AT4G30080, AT4G32280, AT4G39400, AT5G43700, AT5G65670	IAA10, SHY2, IAA5, ARF19, IAA6, MIF1, ARF10, IAA13, IBH1, IAA19, PAP1, IAA2, IAA7, BZIP61, IAA30, IAA14, IAA1, IAA11, ARF16, IAA29, BRI1, ATAUX2-11, IAA9
w:cis‑regulatory	word	cis-regulatory	48	409	707	21633	3.5909988484003827	1.718591440265833e-14	1.0740509065085333e-11	-13.76482735561498	-10.96897513400722	True	significant	False	transcription cis-regulatory	cis-regulatory		AT1G04100, AT1G04240, AT1G09250, AT1G19220, AT1G27730, AT1G28370, AT1G44830, AT1G52830, AT1G53170, AT1G74660, AT1G79700, AT1G80840, AT2G34140, AT2G38470, AT2G42430, AT2G43060, AT2G44840, AT2G45420, AT2G47260, AT3G01970, AT3G23030, AT3G23050, AT3G25730, AT3G46600, AT3G50060, AT3G58120, AT3G60530, AT3G62100, AT4G09460, AT4G14550, AT4G14560, AT4G17460, AT4G17490, AT4G23750, AT4G37790, AT5G04340, AT5G13330, AT5G26930, AT5G43700, AT5G47230, AT5G48150, AT5G51190, AT5G53980, AT5G59820, AT5G61600, AT5G63790, AT5G65310, AT5G65670	IAA10, SHY2, BHLH149, ARF19, STZ, ERF11, ERF014, IAA6, ERF8, MIF1, WRI4, WRKY40, CDF4, WRKY33, LBD16, IBH1, ERF13, LBD18, WRKY23, WRKY45, IAA2, IAA7, EDF3, SCL30, MYB77, BZIP61, GATA4, IAA30, MYB6, IAA14, IAA1, HAT1, ERF6, CRF2, HAT22, ZAT6, Rap2.6L, GATA23, ATAUX2-11, ERF5, PAT1, ERF105, HB52, RHL41, ERF104, NAC102, HB5, IAA9
p:templated transcription	phrase	templated transcription	77	409	1604	21633	2.53909998841527	2.3081473090813233e-14	1.387018982964866e-11	-13.636736477370896	-10.857917595061917	True	significant	True	templated transcription	templated transcription	dna templated, templated, transcription, Transcription regulation, dna	AT1G04100, AT1G04240, AT1G09250, AT1G15580, AT1G18400, AT1G19220, AT1G25280, AT1G27730, AT1G28370, AT1G29950, AT1G34370, AT1G44830, AT1G52830, AT1G53170, AT1G74660, AT1G79700, AT1G80840, AT2G28350, AT2G33310, AT2G34140, AT2G38470, AT2G40140, AT2G42430, AT2G43060, AT2G44840, AT2G45420, AT2G47260, AT3G01970, AT3G15540, AT3G16500, AT3G23030, AT3G23050, AT3G23250, AT3G25710, AT3G25730, AT3G46600, AT3G50060, AT3G58120, AT3G58190, AT3G60530, AT3G60630, AT3G62100, AT4G09460, AT4G14550, AT4G14560, AT4G17460, AT4G17490, AT4G23750, AT4G28640, AT4G30080, AT4G32280, AT4G36540, AT4G37790, AT5G01840, AT5G04340, AT5G06080, AT5G13330, AT5G15160, AT5G25190, AT5G26930, AT5G43700, AT5G44260, AT5G47230, AT5G47370, AT5G48150, AT5G50570, AT5G51190, AT5G53290, AT5G53980, AT5G59820, AT5G61600, AT5G63790, AT5G65310, AT5G65320, AT5G65640, AT5G65670, AT5G67060	IAA10, SHY2, BHLH149, IAA5, BEE1, ARF19, TLP10, STZ, ERF11, BHLH144, STOP1, ERF014, IAA6, ERF8, MIF1, WRI4, WRKY40, ARF10, IAA13, CDF4, WRKY33, CZF1, LBD16, IBH1, ERF13, LBD18, WRKY23, WRKY45, IAA19, PAP1, IAA2, IAA7, MYB15, BHLH32, EDF3, SCL30, MYB77, BZIP61, LBD29, GATA4, HAM2, IAA30, MYB6, IAA14, IAA1, HAT1, ERF6, CRF2, IAA11, ARF16, IAA29, BEE2, HAT22, OFP1, ZAT6, LBD33, Rap2.6L, BNQ2, ESE3, GATA23, ATAUX2-11, TZF5, ERF5, HAT2, PAT1, SPL13A, ERF105, CRF3, HB52, RHL41, ERF104, NAC102, HB5, BHLH99, bHLH093, IAA9, HEC1
p:dna templated	phrase	dna templated	77	409	1613	21633	2.5249326605195868	3.096878190262182e-14	1.7920601794317107e-11	-13.5090758764441	-10.746647410323291	True	significant	False	templated transcription	dna templated		AT1G04100, AT1G04240, AT1G09250, AT1G15580, AT1G18400, AT1G19220, AT1G25280, AT1G27730, AT1G28370, AT1G29950, AT1G34370, AT1G44830, AT1G52830, AT1G53170, AT1G74660, AT1G79700, AT1G80840, AT2G28350, AT2G33310, AT2G34140, AT2G38470, AT2G40140, AT2G42430, AT2G43060, AT2G44840, AT2G45420, AT2G47260, AT3G01970, AT3G15540, AT3G16500, AT3G23030, AT3G23050, AT3G23250, AT3G25710, AT3G25730, AT3G46600, AT3G50060, AT3G58120, AT3G58190, AT3G60530, AT3G60630, AT3G62100, AT4G09460, AT4G14550, AT4G14560, AT4G17460, AT4G17490, AT4G23750, AT4G28640, AT4G30080, AT4G32280, AT4G36540, AT4G37790, AT5G01840, AT5G04340, AT5G06080, AT5G13330, AT5G15160, AT5G25190, AT5G26930, AT5G43700, AT5G44260, AT5G47230, AT5G47370, AT5G48150, AT5G50570, AT5G51190, AT5G53290, AT5G53980, AT5G59820, AT5G61600, AT5G63790, AT5G65310, AT5G65320, AT5G65640, AT5G65670, AT5G67060	IAA10, SHY2, BHLH149, IAA5, BEE1, ARF19, TLP10, STZ, ERF11, BHLH144, STOP1, ERF014, IAA6, ERF8, MIF1, WRI4, WRKY40, ARF10, IAA13, CDF4, WRKY33, CZF1, LBD16, IBH1, ERF13, LBD18, WRKY23, WRKY45, IAA19, PAP1, IAA2, IAA7, MYB15, BHLH32, EDF3, SCL30, MYB77, BZIP61, LBD29, GATA4, HAM2, IAA30, MYB6, IAA14, IAA1, HAT1, ERF6, CRF2, IAA11, ARF16, IAA29, BEE2, HAT22, OFP1, ZAT6, LBD33, Rap2.6L, BNQ2, ESE3, GATA23, ATAUX2-11, TZF5, ERF5, HAT2, PAT1, SPL13A, ERF105, CRF3, HB52, RHL41, ERF104, NAC102, HB5, BHLH99, bHLH093, IAA9, HEC1
p:auxin upregulated	phrase	auxin upregulated	15	409	53	21633	14.96955298242377	3.548116316799441e-14	1.9798489047740835e-11	-13.450002151265306	-10.703367952327728	True	significant	False	saur	auxin upregulated		AT1G29430, AT1G29450, AT1G29460, AT1G29490, AT1G29500, AT1G29510, AT2G18010, AT2G37030, AT4G34760, AT4G34770, AT4G36110, AT4G38840, AT4G38850, AT4G38860, AT5G20820	SAUR62, SAUR64, SAUR65, SAUR68, SAUR66, SAUR68, SAUR10, SAUR46, SAUR50, SAUR1, SAUR9, SAUR14, SAUR15, SAUR16, SAUR76
w:templated	word	templated	77	409	1619	21633	2.515575281913584	3.761921723519454e-14	2.0267677589057898e-11	-13.424590245308032	-10.69319601292719	True	significant	False	templated transcription	templated		AT1G04100, AT1G04240, AT1G09250, AT1G15580, AT1G18400, AT1G19220, AT1G25280, AT1G27730, AT1G28370, AT1G29950, AT1G34370, AT1G44830, AT1G52830, AT1G53170, AT1G74660, AT1G79700, AT1G80840, AT2G28350, AT2G33310, AT2G34140, AT2G38470, AT2G40140, AT2G42430, AT2G43060, AT2G44840, AT2G45420, AT2G47260, AT3G01970, AT3G15540, AT3G16500, AT3G23030, AT3G23050, AT3G23250, AT3G25710, AT3G25730, AT3G46600, AT3G50060, AT3G58120, AT3G58190, AT3G60530, AT3G60630, AT3G62100, AT4G09460, AT4G14550, AT4G14560, AT4G17460, AT4G17490, AT4G23750, AT4G28640, AT4G30080, AT4G32280, AT4G36540, AT4G37790, AT5G01840, AT5G04340, AT5G06080, AT5G13330, AT5G15160, AT5G25190, AT5G26930, AT5G43700, AT5G44260, AT5G47230, AT5G47370, AT5G48150, AT5G50570, AT5G51190, AT5G53290, AT5G53980, AT5G59820, AT5G61600, AT5G63790, AT5G65310, AT5G65320, AT5G65640, AT5G65670, AT5G67060	IAA10, SHY2, BHLH149, IAA5, BEE1, ARF19, TLP10, STZ, ERF11, BHLH144, STOP1, ERF014, IAA6, ERF8, MIF1, WRI4, WRKY40, ARF10, IAA13, CDF4, WRKY33, CZF1, LBD16, IBH1, ERF13, LBD18, WRKY23, WRKY45, IAA19, PAP1, IAA2, IAA7, MYB15, BHLH32, EDF3, SCL30, MYB77, BZIP61, LBD29, GATA4, HAM2, IAA30, MYB6, IAA14, IAA1, HAT1, ERF6, CRF2, IAA11, ARF16, IAA29, BEE2, HAT22, OFP1, ZAT6, LBD33, Rap2.6L, BNQ2, ESE3, GATA23, ATAUX2-11, TZF5, ERF5, HAT2, PAT1, SPL13A, ERF105, CRF3, HB52, RHL41, ERF104, NAC102, HB5, BHLH99, bHLH093, IAA9, HEC1
w:signaling	word	signaling	77	409	1648	21633	2.471308483870202	9.481439436056215e-14	4.937933658298066e-11	-13.023125724720927	-10.306454749160793	True	significant	True	signaling	signaling	signaling pathway	AT1G02660, AT1G04240, AT1G04310, AT1G09250, AT1G18400, AT1G22280, AT1G27730, AT1G28370, AT1G44830, AT1G53170, AT1G54200, AT1G63500, AT1G66400, AT1G73080, AT1G74660, AT1G76650, AT1G78100, AT2G19620, AT2G26070, AT2G26530, AT2G28350, AT2G28400, AT2G30020, AT2G30040, AT2G35930, AT2G38470, AT2G40940, AT2G41230, AT2G43060, AT2G44080, AT2G44840, AT3G02885, AT3G03680, AT3G08760, AT3G10870, AT3G10930, AT3G13380, AT3G23250, AT3G42800, AT3G50060, AT3G50660, AT3G50930, AT3G59900, AT3G61460, AT3G62100, AT4G08950, AT4G12720, AT4G13195, AT4G16515, AT4G17490, AT4G17615, AT4G23750, AT4G25420, AT4G26080, AT4G32280, AT4G36540, AT4G37790, AT4G39400, AT5G03730, AT5G04190, AT5G12050, AT5G13330, AT5G15160, AT5G20820, AT5G24270, AT5G25190, AT5G47230, AT5G47370, AT5G48150, AT5G51190, AT5G52900, AT5G53290, AT5G54510, AT5G59010, AT5G61600, AT5G65310, AT5G65670	PLIP2, SHY2, ERS2, BHLH149, BEE1, PAPP2C, STZ, ERF11, ERF014, ERF8, BG3, BSK7, CML23, PEPR1, MIF1, CML38, AUF1, NDL3, RTE1, AR781, ARF10, S40-4, AP2C1, MAPKKK14, PUB23, WRKY33, ERS1, ORS1, IBH1, ARL, ERF13, GASA5, MCTP14, ATSIK, MES17, IDL7, BRL3, MYB15, AT3G42800, MYB77, DWF4, BCS1, ARGOS, BRH1, IAA30, EXO, NUDT7, CLE44, RGF6, ERF6, CBL1, CRF2, GA20OX1, ABI1, IAA29, BEE2, HAT22, BRI1, CTR1, PKS4, BG1, Rap2.6L, BNQ2, SAUR76, SOS3, ESE3, ERF5, HAT2, PAT1, ERF105, MAKR6, CRF3, DFL1, BSK5, ERF104, HB5, IAA9
w:inducible	word	inducible	26	409	220	21633	6.250922427206046	1.0521468700800678e-13	5.302820225203527e-11	-12.977923632413049	-10.275493095967525	True	significant	True	inducible	inducible		AT1G04240, AT1G08430, AT1G15580, AT1G19220, AT1G34370, AT1G73080, AT1G76650, AT2G40140, AT3G08760, AT3G15540, AT3G16500, AT3G23030, AT3G23050, AT3G59900, AT3G62100, AT4G14550, AT4G14560, AT4G28640, AT4G32280, AT4G37770, AT5G13330, AT5G25190, AT5G43700, AT5G54510, AT5G65670, AT5G66080	SHY2, ALMT1, IAA5, ARF19, STOP1, PEPR1, CML38, CZF1, ATSIK, IAA19, PAP1, IAA2, IAA7, ARGOS, IAA30, IAA14, IAA1, IAA11, IAA29, ACS8, Rap2.6L, ESE3, ATAUX2-11, DFL1, IAA9, PP2C79
w:regulation	word	regulation	138	409	4024	21633	1.8139050780889237	1.3943131331278517e-13	6.807733872496747e-11	-12.85563968196403	-10.166997430004137	True	significant	True	regulation	regulation		AT1G02400, AT1G02660, AT1G04100, AT1G04240, AT1G04310, AT1G09250, AT1G15580, AT1G17060, AT1G18400, AT1G19220, AT1G22280, AT1G25280, AT1G27730, AT1G28370, AT1G29950, AT1G34110, AT1G34370, AT1G44830, AT1G51170, AT1G52830, AT1G53170, AT1G54200, AT1G58340, AT1G66400, AT1G74660, AT1G76650, AT1G77000, AT1G79700, AT1G80840, AT2G14850, AT2G18010, AT2G19620, AT2G23150, AT2G25790, AT2G26070, AT2G26710, AT2G28350, AT2G30140, AT2G33310, AT2G34140, AT2G38470, AT2G40140, AT2G40940, AT2G41230, AT2G42430, AT2G43060, AT2G44080, AT2G44840, AT2G45400, AT2G45420, AT2G47260, AT3G01970, AT3G02170, AT3G02885, AT3G03830, AT3G04570, AT3G12920, AT3G15540, AT3G16500, AT3G23030, AT3G23050, AT3G23250, AT3G24240, AT3G25710, AT3G25730, AT3G42800, AT3G46600, AT3G49220, AT3G50060, AT3G58120, AT3G58190, AT3G59900, AT3G60530, AT3G60630, AT3G61460, AT3G62100, AT4G09460, AT4G12720, AT4G13195, AT4G14550, AT4G14560, AT4G16515, AT4G17460, AT4G17490, AT4G17615, AT4G23750, AT4G24160, AT4G26080, AT4G27260, AT4G28490, AT4G28640, AT4G30080, AT4G32280, AT4G32460, AT4G36540, AT4G37290, AT4G37590, AT4G37790, AT4G39400, AT5G01840, AT5G02760, AT5G03730, AT5G04340, AT5G04670, AT5G04870, AT5G05160, AT5G06080, AT5G12050, AT5G13190, AT5G13330, AT5G15160, AT5G15580, AT5G19530, AT5G20820, AT5G25190, AT5G26930, AT5G37770, AT5G43700, AT5G44260, AT5G47230, AT5G47370, AT5G48150, AT5G50570, AT5G51190, AT5G53290, AT5G53980, AT5G59820, AT5G61600, AT5G61900, AT5G63790, AT5G64260, AT5G65300, AT5G65310, AT5G65320, AT5G65640, AT5G65670, AT5G66080, AT5G67060	GA2OX6, PLIP2, IAA10, SHY2, ERS2, BHLH149, IAA5, CYP72C1, BEE1, ARF19, PAPP2C, TLP10, STZ, ERF11, BHLH144, RGI5, STOP1, ERF014, UCN, IAA6, ERF8, BG3, ZF14, CML23, MIF1, CML38, SKP2B, WRI4, WRKY40, ADA1A, SAUR10, NDL3, NRAMP3, SKM1, RTE1, BAS1, ARF10, UGT87A2, IAA13, CDF4, WRKY33, CZF1, ERS1, ORS1, LBD16, IBH1, ARL, ERF13, BEN1, LBD18, WRKY23, WRKY45, LNG2, GASA5, SAUR28, AHL19, BRG3, IAA19, PAP1, IAA2, IAA7, MYB15, RGI1, BHLH32, EDF3, AT3G42800, SCL30, PME34, MYB77, BZIP61, LBD29, ARGOS, GATA4, HAM2, BRH1, IAA30, MYB6, NUDT7, CLE44, IAA14, IAA1, RGF6, HAT1, ERF6, CBL1, CRF2, AT4G24160, ABI1, WES1, HAE, IAA11, ARF16, IAA29, BDX, BEE2, PIP2, NPY5, HAT22, BRI1, OFP1, PP2C67, CTR1, ZAT6, EPCR2, CPK1, RUL1, LBD33, BG1, GILP, Rap2.6L, BNQ2, LNG1, ACL5, SAUR76, ESE3, GATA23, TCH2, ATAUX2-11, TZF5, ERF5, HAT2, PAT1, SPL13A, ERF105, CRF3, HB52, RHL41, ERF104, BON1, NAC102, EXL2, SUPA, HB5, BHLH99, bHLH093, IAA9, PP2C79, HEC1
w:root	word	root	87	409	2087	21633	2.204906845614311	1.031193729840176e-12	4.882233586370585e-10	-11.986659736368473	-9.311381445966562	True	significant	True	root	root		AT1G04240, AT1G04310, AT1G08430, AT1G09940, AT1G11000, AT1G17060, AT1G19220, AT1G21980, AT1G23080, AT1G34110, AT1G34370, AT1G55500, AT1G57560, AT1G58340, AT1G70940, AT1G73590, AT1G74660, AT1G75640, AT1G76650, AT1G77000, AT1G78100, AT2G01420, AT2G19620, AT2G21050, AT2G25790, AT2G28350, AT2G34140, AT2G37330, AT2G38470, AT2G39350, AT2G39700, AT2G40940, AT2G41100, AT2G42430, AT2G44830, AT2G45420, AT2G47260, AT3G10870, AT3G10930, AT3G13380, AT3G23050, AT3G24240, AT3G25710, AT3G27580, AT3G28180, AT3G44540, AT3G50060, AT3G58190, AT3G60630, AT3G62100, AT3G62720, AT4G02220, AT4G08950, AT4G13195, AT4G14550, AT4G14560, AT4G16515, AT4G17490, AT4G17615, AT4G23750, AT4G26080, AT4G27280, AT4G28490, AT4G30080, AT4G30280, AT4G30290, AT4G31590, AT4G32460, AT4G36110, AT4G37290, AT4G37295, AT4G37590, AT4G37890, AT5G01180, AT5G03730, AT5G04340, AT5G06860, AT5G13330, AT5G24270, AT5G26930, AT5G47370, AT5G48150, AT5G51190, AT5G54510, AT5G61600, AT5G64900, AT5G65640	SHY2, ERS2, ALMT1, HEMA2, MLO4, CYP72C1, ARF19, PIP5K1, PIN7, RGI5, STOP1, ECT4, MYB50, ZF14, PIN3, PIN1, MIF1, MUS, CML38, SKP2B, AUF1, PIN4, NDL3, LAX2, SKM1, ARF10, CDF4, ALS3, WRKY33, ABCG1, EXPA4, ERS1, TCH3, LBD16, PAX, LBD18, WRKY23, MES17, IDL7, BRL3, IAA7, RGI1, BHLH32, ATPK7, CSLC04, FAR4, MYB77, LBD29, HAM2, IAA30, XT1, PDCD2, EXO, CLE44, IAA14, IAA1, RGF6, ERF6, CBL1, CRF2, ABI1, KRP1, HAE, ARF16, XTH18, XTH19, CSLC5, BDX, SAUR9, PIP2, PIPL3, NPY5, EDA40, PTR5, CTR1, ZAT6, PGIP1, Rap2.6L, SOS3, GATA23, HAT2, PAT1, ERF105, DFL1, ERF104, PROPEP1, bHLH093
w:promoter	word	promoter	45	409	710	21633	3.3523365129653224	1.3304587813590445e-12	6.113849411751102e-10	-11.875998575682761	-9.213685262445217	True	significant	True	promoter	promoter		AT1G04100, AT1G04240, AT1G08430, AT1G15580, AT1G19220, AT1G28370, AT1G34370, AT1G44830, AT1G52830, AT1G53170, AT1G79700, AT2G28350, AT2G33310, AT2G38470, AT2G42430, AT2G43060, AT2G44840, AT2G45420, AT3G15540, AT3G16500, AT3G23030, AT3G23050, AT3G23250, AT3G25730, AT3G50060, AT3G60530, AT3G62100, AT4G14550, AT4G14560, AT4G17490, AT4G23750, AT4G28640, AT4G30080, AT4G32280, AT5G04340, AT5G13330, AT5G25190, AT5G26930, AT5G43700, AT5G47230, AT5G50570, AT5G51190, AT5G53290, AT5G61600, AT5G65670	IAA10, SHY2, ALMT1, IAA5, ARF19, ERF11, STOP1, ERF014, IAA6, ERF8, WRI4, ARF10, IAA13, WRKY33, LBD16, IBH1, ERF13, LBD18, IAA19, PAP1, IAA2, IAA7, MYB15, EDF3, MYB77, GATA4, IAA30, IAA14, IAA1, ERF6, CRF2, IAA11, ARF16, IAA29, ZAT6, Rap2.6L, ESE3, GATA23, ATAUX2-11, ERF5, SPL13A, ERF105, CRF3, ERF104, IAA9
w:ability	word	ability	22	409	172	21633	6.765309603684539	1.7205732371555672e-12	7.68063893066247e-10	-11.764326836663747	-9.114602650734223	True	significant	False	auxre	ability		AT1G04100, AT1G04240, AT1G15580, AT1G17060, AT1G19220, AT1G52830, AT2G28350, AT2G33310, AT2G43060, AT3G10870, AT3G15540, AT3G16500, AT3G23030, AT3G23050, AT3G62100, AT4G14550, AT4G14560, AT4G28640, AT4G30080, AT4G32280, AT5G43700, AT5G65670	IAA10, SHY2, IAA5, CYP72C1, ARF19, IAA6, ARF10, IAA13, IBH1, MES17, IAA19, PAP1, IAA2, IAA7, IAA30, IAA14, IAA1, IAA11, ARF16, IAA29, ATAUX2-11, IAA9
w:ethylene	word	ethylene	33	409	407	21633	4.28857463820789	2.393815298357645e-12	1.0389158394872194e-09	-11.62090936186553	-8.98341963235302	True	significant	True	ethylene	ethylene	Ethylene signaling pathway	AT1G04310, AT1G05010, AT1G19220, AT1G28370, AT1G44830, AT1G53170, AT1G74660, AT1G79700, AT2G22810, AT2G26070, AT2G38470, AT2G40940, AT2G41230, AT2G44840, AT3G23050, AT3G25730, AT3G59900, AT4G11280, AT4G17490, AT4G23750, AT4G26080, AT4G37770, AT4G39400, AT5G03730, AT5G10520, AT5G13330, AT5G20820, AT5G25190, AT5G47230, AT5G51190, AT5G53290, AT5G61600, AT5G64900	ERS2, EFE, ARF19, ERF11, ERF014, ERF8, MIF1, WRI4, ACS4, RTE1, WRKY33, ERS1, ORS1, ERF13, IAA7, EDF3, ARGOS, ACS6, ERF6, CRF2, ABI1, ACS8, BRI1, CTR1, RBK1, Rap2.6L, SAUR76, ESE3, ERF5, ERF105, CRF3, ERF104, PROPEP1
w:hypocotyl	word	hypocotyl	39	409	563	21633	3.663950978646527	3.1459246723653545e-12	1.3284304616496328e-09	-11.502251680558162	-8.876661174345358	True	significant	True	hypocotyl	hypocotyl		AT1G04240, AT1G17060, AT1G19220, AT1G29430, AT1G29440, AT1G29450, AT1G29460, AT1G29490, AT1G29500, AT1G29510, AT1G52830, AT1G55500, AT1G58340, AT1G66400, AT1G70940, AT1G74660, AT2G22810, AT2G26710, AT2G30040, AT2G32560, AT2G37030, AT3G10870, AT3G13380, AT3G23050, AT3G27580, AT3G50660, AT4G11280, AT4G14560, AT4G16515, AT4G32460, AT4G37770, AT4G39400, AT5G03730, AT5G04190, AT5G44260, AT5G48150, AT5G54510, AT5G65300, AT5G65640	SHY2, CYP72C1, ARF19, SAUR62, SAUR63, SAUR64, SAUR65, SAUR68, SAUR66, SAUR68, IAA6, ECT4, ZF14, CML23, PIN3, MIF1, ACS4, BAS1, MAPKKK14, CFH1, SAUR46, MES17, BRL3, IAA7, ATPK7, DWF4, ACS6, IAA1, RGF6, BDX, ACS8, BRI1, CTR1, PKS4, TZF5, PAT1, DFL1, SUPA, bHLH093
w:transcription	word	transcription	96	409	2521	21633	2.014150087916756	1.0026264280718893e-11	4.1223777137355716e-09	-10.998860852072337	-8.38485221840935	True	significant	False	templated transcription	transcription		AT1G04100, AT1G04240, AT1G08430, AT1G09250, AT1G15430, AT1G15580, AT1G18400, AT1G19220, AT1G25280, AT1G27730, AT1G28370, AT1G29950, AT1G34110, AT1G34370, AT1G44830, AT1G51170, AT1G52830, AT1G53170, AT1G74660, AT1G79700, AT1G80840, AT2G14850, AT2G28350, AT2G33310, AT2G34140, AT2G35930, AT2G38470, AT2G40140, AT2G42430, AT2G43060, AT2G44840, AT2G45420, AT2G47260, AT3G01970, AT3G04570, AT3G15540, AT3G16500, AT3G23030, AT3G23050, AT3G23250, AT3G24240, AT3G25710, AT3G25730, AT3G44260, AT3G46600, AT3G50060, AT3G58120, AT3G58190, AT3G60530, AT3G60630, AT3G61160, AT3G62100, AT4G01680, AT4G09460, AT4G09890, AT4G12110, AT4G14550, AT4G14560, AT4G17460, AT4G17490, AT4G17615, AT4G23750, AT4G28640, AT4G30080, AT4G32280, AT4G36540, AT4G37790, AT5G01840, AT5G04340, AT5G04670, AT5G04870, AT5G06080, AT5G06860, AT5G13330, AT5G15160, AT5G22250, AT5G25190, AT5G26930, AT5G43700, AT5G44260, AT5G47230, AT5G47370, AT5G48150, AT5G50570, AT5G51190, AT5G53290, AT5G53980, AT5G59820, AT5G61600, AT5G63790, AT5G64900, AT5G65310, AT5G65320, AT5G65640, AT5G65670, AT5G67060	IAA10, SHY2, ALMT1, BHLH149, AT1G15430, IAA5, BEE1, ARF19, TLP10, STZ, ERF11, BHLH144, RGI5, STOP1, ERF014, UCN, IAA6, ERF8, MIF1, WRI4, WRKY40, ADA1A, ARF10, IAA13, CDF4, PUB23, WRKY33, CZF1, LBD16, IBH1, ERF13, LBD18, WRKY23, WRKY45, AHL19, IAA19, PAP1, IAA2, IAA7, MYB15, RGI1, BHLH32, EDF3, CAF1a, SCL30, MYB77, BZIP61, LBD29, GATA4, HAM2, ASK2, IAA30, MYB55, MYB6, AT4G09890, SMO1-1, IAA14, IAA1, HAT1, ERF6, CBL1, CRF2, IAA11, ARF16, IAA29, BEE2, HAT22, OFP1, ZAT6, EPCR2, CPK1, LBD33, PGIP1, Rap2.6L, BNQ2, CAF1b, ESE3, GATA23, ATAUX2-11, TZF5, ERF5, HAT2, PAT1, SPL13A, ERF105, CRF3, HB52, RHL41, ERF104, NAC102, PROPEP1, HB5, BHLH99, bHLH093, IAA9, HEC1
w:modulate	word	modulate	33	409	430	21633	4.059185762210723	1.0635503408523221e-11	4.2607462885837704e-09	-10.973241948885882	-8.370514325632582	True	significant	True	modulate	modulate		AT1G04100, AT1G04240, AT1G15580, AT1G17060, AT1G18400, AT1G19220, AT1G23080, AT1G52830, AT1G70940, AT2G01420, AT2G19620, AT2G26710, AT2G28350, AT2G33310, AT2G40140, AT2G44830, AT3G15540, AT3G16500, AT3G23030, AT3G23050, AT3G50060, AT3G62100, AT4G14550, AT4G14560, AT4G26080, AT4G28640, AT4G30080, AT4G32280, AT4G32460, AT4G36540, AT5G04190, AT5G43700, AT5G65670	IAA10, SHY2, IAA5, CYP72C1, BEE1, ARF19, PIN7, IAA6, PIN3, PIN4, NDL3, BAS1, ARF10, IAA13, CZF1, PAX, IAA19, PAP1, IAA2, IAA7, MYB77, IAA30, IAA14, IAA1, ABI1, IAA11, ARF16, IAA29, BDX, BEE2, PKS4, ATAUX2-11, IAA9
w:upregulated	word	upregulated	20	409	153	21633	6.914041900378734	1.1912759347376764e-11	4.653123801085374e-09	-10.923987631419005	-8.332255392467168	True	significant	True	upregulated	upregulated		AT1G19220, AT1G29430, AT1G29450, AT1G29460, AT1G29490, AT1G29500, AT1G29510, AT2G01420, AT2G18010, AT2G37030, AT2G44080, AT3G25780, AT4G34760, AT4G34770, AT4G36110, AT4G38840, AT4G38850, AT4G38860, AT5G20820, AT5G57560	ARF19, SAUR62, SAUR64, SAUR65, SAUR68, SAUR66, SAUR68, PIN4, SAUR10, SAUR46, ARL, AOC3, SAUR50, SAUR1, SAUR9, SAUR14, SAUR15, SAUR16, SAUR76, TCH4
k:Cell membrane	keyword	Cell membrane	62	409	1308	21633	2.507133083600637	2.0127928552414166e-11	7.670213553729749e-09	-10.696200917835945	-8.115192544275882	True	significant	True	Cell membrane	Cell membrane		AT1G08430, AT1G10550, AT1G23080, AT1G29430, AT1G29440, AT1G29450, AT1G29460, AT1G29490, AT1G29500, AT1G29510, AT1G30570, AT1G32190, AT1G52200, AT1G54200, AT1G63500, AT1G68400, AT1G70940, AT1G73080, AT1G73590, AT1G75640, AT2G01420, AT2G18010, AT2G21050, AT2G25790, AT2G30070, AT2G37330, AT2G39370, AT2G41820, AT2G48010, AT3G03830, AT3G03840, AT3G08760, AT3G13380, AT3G14380, AT3G24240, AT3G27580, AT3G42800, AT3G56170, AT4G12720, AT4G16442, AT4G17615, AT4G26080, AT4G28490, AT4G34760, AT4G36110, AT4G37590, AT4G38580, AT4G38850, AT4G38860, AT4G39400, AT5G01180, AT5G02760, AT5G12050, AT5G12940, AT5G13190, AT5G18060, AT5G20820, AT5G24270, AT5G52900, AT5G54500, AT5G59010, AT5G61900	ALMT1, XTH33, PIN7, SAUR62, SAUR63, SAUR64, SAUR65, SAUR68, SAUR66, SAUR68, HERK2, AT1G32190, PCR8, BG3, BSK7, AT1G68400, PIN3, PEPR1, PIN1, MUS, PIN4, SAUR10, LAX2, SKM1, KT1, ALS3, MAKR4, PXC3, RKF3, SAUR28, SAUR27, ATSIK, BRL3, CASPL2A2, RGI1, ATPK7, AT3G42800, CAN, NUDT7, CASPL2B1, CBL1, ABI1, HAE, SAUR50, SAUR9, NPY5, FP6, SAUR15, SAUR16, BRI1, PTR5, PP2C67, BG1, AT5G12940, GILP, SAUR23, SAUR76, SOS3, MAKR6, FQR1, BSK5, BON1
w:hypoxia	word	hypoxia	50	409	924	21633	2.8621439685009364	2.326955024810727e-11	8.656272692295918e-09	-10.633212010639047	-8.06266907075715	True	significant	True	hypoxia	hypoxia		AT1G02660, AT1G18850, AT1G27730, AT1G30720, AT1G34370, AT1G35140, AT1G50740, AT1G53840, AT1G76650, AT1G78100, AT2G26530, AT2G35930, AT2G36220, AT2G39870, AT2G40140, AT2G41100, AT3G02170, AT3G07210, AT3G14060, AT3G19200, AT3G25640, AT3G25710, AT3G26470, AT3G28340, AT3G29370, AT3G56880, AT3G60520, AT4G09890, AT4G12720, AT4G13235, AT4G22780, AT4G24160, AT4G24570, AT4G27280, AT4G30280, AT4G38410, AT5G03730, AT5G04340, AT5G10520, AT5G13190, AT5G16110, AT5G45340, AT5G54490, AT5G57340, AT5G57560, AT5G59820, AT5G63790, AT5G64260, AT5G64905, AT5G66080	PLIP2, PCP2, STZ, AtBBE10, STOP1, PHI-1, FAX5, PME1, CML38, AUF1, AR781, PUB23, AT2G36220, AT2G39870, CZF1, TCH3, LNG2, AT3G07210, AT3G14060, AT3G19200, AT3G25640, BHLH32, AT3G26470, GATL10, P1R3, VQ24, AT3G60520, AT4G09890, NUDT7, EDA21, ACR7, AT4G24160, DIC2, KRP1, XTH18, AT4G38410, CTR1, ZAT6, RBK1, GILP, AT5G16110, CYP707A3, PBP1, MJB24.15, TCH4, RHL41, NAC102, EXL2, PROPEP3, PP2C79
w:transcriptional	word	transcriptional	50	409	937	21633	2.822434393697829	3.8242377750037475e-11	1.3895323487595026e-08	-10.417455112954064	-7.857131338253852	True	significant	True	transcriptional	transcriptional		AT1G04100, AT1G04240, AT1G15580, AT1G19220, AT1G19540, AT1G27730, AT1G28370, AT1G44830, AT1G52830, AT1G53170, AT1G77000, AT1G79700, AT2G14850, AT2G28350, AT2G33310, AT2G34140, AT2G42430, AT2G43060, AT2G44840, AT2G45420, AT3G15540, AT3G16500, AT3G23030, AT3G23050, AT3G25730, AT3G29370, AT3G58120, AT3G58190, AT3G60530, AT3G62100, AT4G14550, AT4G14560, AT4G17490, AT4G23750, AT4G28640, AT4G30080, AT4G32280, AT4G37240, AT5G01840, AT5G13330, AT5G25190, AT5G26930, AT5G43700, AT5G47230, AT5G51190, AT5G53290, AT5G59820, AT5G61600, AT5G65670, AT5G67060	IAA10, SHY2, IAA5, ARF19, AT1G19540, STZ, ERF11, ERF014, IAA6, ERF8, SKP2B, WRI4, ADA1A, ARF10, IAA13, CDF4, LBD16, IBH1, ERF13, LBD18, IAA19, PAP1, IAA2, IAA7, EDF3, P1R3, BZIP61, LBD29, GATA4, IAA30, IAA14, IAA1, ERF6, CRF2, IAA11, ARF16, IAA29, AP22.53, OFP1, Rap2.6L, ESE3, GATA23, ATAUX2-11, ERF5, ERF105, CRF3, RHL41, ERF104, IAA9, HEC1
k:Transcription regulation	keyword	Transcription regulation	77	409	1880	21633	2.166338500754305	6.58025254703965e-11	2.336587858976082e-08	-10.18175743804547	-7.631417884251858	True	significant	False	templated transcription	Transcription regulation		AT1G04100, AT1G04240, AT1G09250, AT1G15580, AT1G18400, AT1G19220, AT1G27730, AT1G28370, AT1G29950, AT1G34370, AT1G44830, AT1G52830, AT1G53170, AT1G57560, AT1G74650, AT1G74660, AT1G79700, AT1G80840, AT2G28350, AT2G33310, AT2G34140, AT2G38470, AT2G43060, AT2G44840, AT2G47260, AT3G01970, AT3G04570, AT3G15540, AT3G16500, AT3G23030, AT3G23050, AT3G23250, AT3G25710, AT3G25730, AT3G44260, AT3G46600, AT3G50060, AT3G58120, AT3G60530, AT3G60630, AT3G62100, AT4G01680, AT4G09460, AT4G14550, AT4G14560, AT4G17460, AT4G17490, AT4G23750, AT4G28640, AT4G30080, AT4G32280, AT4G36540, AT4G37790, AT5G01840, AT5G04340, AT5G04670, AT5G13330, AT5G15160, AT5G22250, AT5G25190, AT5G26930, AT5G43700, AT5G47230, AT5G47370, AT5G48150, AT5G50570, AT5G51190, AT5G53290, AT5G53980, AT5G59820, AT5G61600, AT5G63790, AT5G65310, AT5G65320, AT5G65640, AT5G65670, AT5G67060	IAA10, SHY2, BHLH149, IAA5, BEE1, ARF19, STZ, ERF11, BHLH144, STOP1, ERF014, IAA6, ERF8, MYB50, MYB31, MIF1, WRI4, WRKY40, ARF10, IAA13, CDF4, WRKY33, IBH1, ERF13, WRKY23, WRKY45, AHL19, IAA19, PAP1, IAA2, IAA7, MYB15, BHLH32, EDF3, CAF1a, SCL30, MYB77, BZIP61, GATA4, HAM2, IAA30, MYB55, MYB6, IAA14, IAA1, HAT1, ERF6, CRF2, IAA11, ARF16, IAA29, BEE2, HAT22, OFP1, ZAT6, EPCR2, Rap2.6L, BNQ2, CAF1b, ESE3, GATA23, ATAUX2-11, ERF5, HAT2, PAT1, SPL13A, ERF105, CRF3, HB52, RHL41, ERF104, NAC102, HB5, BHLH99, bHLH093, IAA9, HEC1
w:repressor	word	repressor	28	409	353	21633	4.19543279054143	1.9298241509576432e-10	6.700349452124935e-08	-9.714482262882452	-7.173902546377998	True	significant	True	repressor	repressor	Repressor	AT1G04100, AT1G04240, AT1G15580, AT1G19220, AT1G27730, AT1G52830, AT2G28350, AT2G33310, AT2G34140, AT2G43060, AT3G15540, AT3G16500, AT3G23030, AT3G23050, AT3G62100, AT4G09460, AT4G14550, AT4G14560, AT4G26080, AT4G28640, AT4G30080, AT4G32280, AT4G37790, AT5G01840, AT5G04340, AT5G43700, AT5G59820, AT5G65670	IAA10, SHY2, IAA5, ARF19, STZ, IAA6, ARF10, IAA13, CDF4, IBH1, IAA19, PAP1, IAA2, IAA7, IAA30, MYB6, IAA14, IAA1, ABI1, IAA11, ARF16, IAA29, HAT22, OFP1, ZAT6, ATAUX2-11, RHL41, IAA9
w:induced	word	induced	55	409	1149	21633	2.531839103206573	2.2289729098078025e-10	7.570754944095021e-08	-9.651895209757752	-7.120860811159528	True	significant	True	induced	induced		AT1G01470, AT1G02660, AT1G04100, AT1G04240, AT1G08430, AT1G09940, AT1G15580, AT1G21980, AT1G29430, AT1G35140, AT1G52830, AT1G66400, AT1G76650, AT1G80840, AT2G22810, AT2G30040, AT2G33310, AT2G39700, AT2G41100, AT2G42430, AT2G44830, AT2G47260, AT3G02885, AT3G10930, AT3G15540, AT3G16500, AT3G23030, AT3G23050, AT3G27580, AT3G44540, AT3G62100, AT4G08950, AT4G11280, AT4G14550, AT4G14560, AT4G22470, AT4G26080, AT4G28640, AT4G32280, AT4G37290, AT4G37295, AT4G38850, AT5G01740, AT5G04340, AT5G06860, AT5G13190, AT5G13330, AT5G37770, AT5G43700, AT5G47370, AT5G48150, AT5G54500, AT5G63790, AT5G65300, AT5G65670	LEA14, PLIP2, IAA10, SHY2, ALMT1, HEMA2, IAA5, PIP5K1, SAUR62, PHI-1, IAA6, CML23, CML38, WRKY40, ACS4, MAPKKK14, IAA13, EXPA4, TCH3, LBD16, PAX, WRKY23, GASA5, IDL7, IAA19, PAP1, IAA2, IAA7, ATPK7, FAR4, IAA30, EXO, ACS6, IAA14, IAA1, DHYPRP1, ABI1, IAA11, IAA29, PIP2, PIPL3, SAUR15, AT5G01740, ZAT6, PGIP1, GILP, Rap2.6L, TCH2, ATAUX2-11, HAT2, PAT1, FQR1, NAC102, SUPA, IAA9
k:Transcription	keyword	Transcription	77	409	1936	21633	2.1036758168481886	2.6092243254026896e-10	8.673727842572696e-08	-9.583488581269084	-7.0617942089250025	True	significant	False	transcription cis-regulatory	Transcription		AT1G04100, AT1G04240, AT1G09250, AT1G15580, AT1G18400, AT1G19220, AT1G27730, AT1G28370, AT1G29950, AT1G34370, AT1G44830, AT1G52830, AT1G53170, AT1G57560, AT1G74650, AT1G74660, AT1G79700, AT1G80840, AT2G28350, AT2G33310, AT2G34140, AT2G38470, AT2G43060, AT2G44840, AT2G47260, AT3G01970, AT3G04570, AT3G15540, AT3G16500, AT3G23030, AT3G23050, AT3G23250, AT3G25710, AT3G25730, AT3G44260, AT3G46600, AT3G50060, AT3G58120, AT3G60530, AT3G60630, AT3G62100, AT4G01680, AT4G09460, AT4G14550, AT4G14560, AT4G17460, AT4G17490, AT4G23750, AT4G28640, AT4G30080, AT4G32280, AT4G36540, AT4G37790, AT5G01840, AT5G04340, AT5G04670, AT5G13330, AT5G15160, AT5G22250, AT5G25190, AT5G26930, AT5G43700, AT5G47230, AT5G47370, AT5G48150, AT5G50570, AT5G51190, AT5G53290, AT5G53980, AT5G59820, AT5G61600, AT5G63790, AT5G65310, AT5G65320, AT5G65640, AT5G65670, AT5G67060	IAA10, SHY2, BHLH149, IAA5, BEE1, ARF19, STZ, ERF11, BHLH144, STOP1, ERF014, IAA6, ERF8, MYB50, MYB31, MIF1, WRI4, WRKY40, ARF10, IAA13, CDF4, WRKY33, IBH1, ERF13, WRKY23, WRKY45, AHL19, IAA19, PAP1, IAA2, IAA7, MYB15, BHLH32, EDF3, CAF1a, SCL30, MYB77, BZIP61, GATA4, HAM2, IAA30, MYB55, MYB6, IAA14, IAA1, HAT1, ERF6, CRF2, IAA11, ARF16, IAA29, BEE2, HAT22, OFP1, ZAT6, EPCR2, Rap2.6L, BNQ2, CAF1b, ESE3, GATA23, ATAUX2-11, ERF5, HAT2, PAT1, SPL13A, ERF105, CRF3, HB52, RHL41, ERF104, NAC102, HB5, BHLH99, bHLH093, IAA9, HEC1
p:stamen filament	phrase	stamen filament	9	409	24	21633	19.834657701711492	2.8765108735777014e-10	9.363042893495431e-08	-9.541133979946888	-7.028582987042677	True	significant	True	stamen filament	stamen filament	stimulated, stamen, filament	AT1G29430, AT1G29440, AT1G29450, AT1G29460, AT1G29490, AT1G29500, AT1G29510, AT1G51170, AT3G15540	SAUR62, SAUR63, SAUR64, SAUR65, SAUR68, SAUR66, SAUR68, UCN, IAA19
p:signaling pathway	phrase	signaling pathway	51	409	1030	21633	2.6189450945949155	3.393691230228735e-10	1.0821026894100765e-07	-9.469327673835656	-6.965731523584371	True	significant	False	signaling	signaling pathway		AT1G04310, AT1G22280, AT1G28370, AT1G44830, AT1G53170, AT1G54200, AT1G63500, AT1G76650, AT1G78100, AT2G19620, AT2G26070, AT2G28350, AT2G28400, AT2G30020, AT2G35930, AT2G40940, AT2G41230, AT2G44080, AT2G44840, AT3G42800, AT3G50060, AT3G50660, AT3G50930, AT3G59900, AT3G61460, AT4G08950, AT4G12720, AT4G13195, AT4G17490, AT4G17615, AT4G23750, AT4G25420, AT4G26080, AT4G37790, AT4G39400, AT5G03730, AT5G04190, AT5G12050, AT5G13330, AT5G15160, AT5G25190, AT5G47230, AT5G47370, AT5G48150, AT5G51190, AT5G53290, AT5G54510, AT5G59010, AT5G61600, AT5G65310, AT5G65670	ERS2, PAPP2C, ERF11, ERF014, ERF8, BG3, BSK7, CML38, AUF1, NDL3, RTE1, ARF10, S40-4, AP2C1, PUB23, ERS1, ORS1, ARL, ERF13, AT3G42800, MYB77, DWF4, BCS1, ARGOS, BRH1, EXO, NUDT7, CLE44, ERF6, CBL1, CRF2, GA20OX1, ABI1, HAT22, BRI1, CTR1, PKS4, BG1, Rap2.6L, BNQ2, ESE3, ERF5, HAT2, PAT1, ERF105, CRF3, DFL1, BSK5, ERF104, HB5, IAA9
k:Repressor	keyword	Repressor	22	409	227	21633	5.126137673276391	4.227334870089647e-10	1.3209576002056135e-07	-9.37393334799031	-6.87911112204653	True	significant	False	repressor	Repressor		AT1G04100, AT1G04240, AT1G15580, AT1G27730, AT1G28370, AT1G52830, AT1G53170, AT2G33310, AT3G15540, AT3G16500, AT3G23030, AT3G23050, AT3G62100, AT4G09460, AT4G14550, AT4G14560, AT4G28640, AT4G32280, AT5G01840, AT5G43700, AT5G59820, AT5G65670	IAA10, SHY2, IAA5, STZ, ERF11, IAA6, ERF8, IAA13, IAA19, PAP1, IAA2, IAA7, IAA30, MYB6, IAA14, IAA1, IAA11, IAA29, OFP1, ATAUX2-11, RHL41, IAA9
p:ethylene activated	phrase	ethylene activated	14	409	83	21633	8.921613102777858	4.833367150042119e-10	1.4599671498970413e-07	-9.315750213927727	-6.835656915981965	True	significant	True	ethylene activated	ethylene activated		AT1G04310, AT1G28370, AT1G53170, AT2G26070, AT2G40940, AT2G41230, AT2G44840, AT4G17490, AT5G03730, AT5G13330, AT5G25190, AT5G47230, AT5G51190, AT5G61600	ERS2, ERF11, ERF8, RTE1, ERS1, ORS1, ERF13, ERF6, CTR1, Rap2.6L, ESE3, ERF5, ERF105, ERF104
w:cell	word	cell	119	409	3660	21633	1.7197262415327268	4.859081656083345e-10	1.4599671498970413e-07	-9.313445802626964	-6.835656915981965	True	significant	True	cell	cell		AT1G05010, AT1G10550, AT1G11000, AT1G13250, AT1G17060, AT1G19220, AT1G20190, AT1G21980, AT1G23080, AT1G28370, AT1G29440, AT1G30570, AT1G30700, AT1G30720, AT1G30760, AT1G34110, AT1G34370, AT1G35140, AT1G44830, AT1G51170, AT1G53840, AT1G55500, AT1G57560, AT1G58340, AT1G70940, AT1G73590, AT1G74660, AT1G75640, AT1G77000, AT1G78100, AT1G80240, AT2G01420, AT2G18010, AT2G18980, AT2G21050, AT2G23150, AT2G28350, AT2G34140, AT2G39700, AT2G41230, AT2G43060, AT2G44080, AT2G45420, AT2G46740, AT3G02170, AT3G03830, AT3G03840, AT3G10720, AT3G12920, AT3G13380, AT3G24240, AT3G25710, AT3G28180, AT3G28340, AT3G43270, AT3G45960, AT3G49220, AT3G50660, AT3G50930, AT3G56170, AT3G58120, AT3G58190, AT3G59900, AT3G60260, AT3G60630, AT3G61160, AT3G62100, AT3G62720, AT4G02220, AT4G08950, AT4G11280, AT4G12110, AT4G12720, AT4G13195, AT4G16515, AT4G17490, AT4G20170, AT4G20830, AT4G24160, AT4G24570, AT4G25810, AT4G26080, AT4G30080, AT4G30280, AT4G30290, AT4G31590, AT4G32460, AT4G34760, AT4G36110, AT4G37295, AT4G37590, AT4G38850, AT4G38860, AT4G39400, AT5G01840, AT5G03730, AT5G04870, AT5G05160, AT5G06860, AT5G07440, AT5G13190, AT5G13330, AT5G15160, AT5G15580, AT5G18060, AT5G19530, AT5G20820, AT5G26930, AT5G39580, AT5G45280, AT5G47370, AT5G54510, AT5G57560, AT5G61600, AT5G61900, AT5G64100, AT5G64260, AT5G65640, AT5G66460	EFE, XTH33, MLO4, GATL3, CYP72C1, ARF19, EXPA11, PIP5K1, PIN7, ERF11, SAUR63, HERK2, AtBBE8, AtBBE10, AtBBE-like 13, RGI5, STOP1, PHI-1, ERF014, UCN, PME1, ECT4, MYB50, ZF14, PIN3, PIN1, MIF1, MUS, SKP2B, AUF1, DGR1, PIN4, SAUR10, PER16, LAX2, NRAMP3, ARF10, CDF4, EXPA4, ORS1, IBH1, ARL, LBD18, GulLO5, LNG2, SAUR28, SAUR27, PME25, BRG3, BRL3, RGI1, BHLH32, CSLC04, GATL10, PME32, EXLA3, PME34, DWF4, BCS1, CAN, BZIP61, LBD29, ARGOS, ELMOD_A, HAM2, ASK2, IAA30, XT1, PDCD2, EXO, ACS6, SMO1-1, NUDT7, CLE44, RGF6, ERF6, GALS3, AtBBE19, AT4G24160, DIC2, XTR6, ABI1, ARF16, XTH18, XTH19, CSLC5, BDX, SAUR50, SAUR9, PIPL3, NPY5, SAUR15, SAUR16, BRI1, OFP1, CTR1, CPK1, RUL1, PGIP1, GDH2, GILP, Rap2.6L, BNQ2, LNG1, SAUR23, ACL5, SAUR76, GATA23, PER62, PAE11, HAT2, DFL1, TCH4, ERF104, BON1, PER69, EXL2, bHLH093, MAN7
w:growth	word	growth	89	409	2452	21633	1.9198309249073657	8.457348543327696e-10	2.493162521527395e-07	-9.072765770942997	-6.603249410263988	True	significant	True	growth	growth		AT1G02400, AT1G04240, AT1G08430, AT1G10550, AT1G11000, AT1G17060, AT1G19220, AT1G20190, AT1G27730, AT1G30570, AT1G34110, AT1G34370, AT1G35140, AT1G51170, AT1G55500, AT1G70940, AT1G74660, AT1G80840, AT2G18010, AT2G22810, AT2G23150, AT2G25790, AT2G28350, AT2G28400, AT2G34260, AT2G35930, AT2G39700, AT2G41230, AT2G42430, AT2G44080, AT2G44830, AT3G02170, AT3G02885, AT3G03830, AT3G10870, AT3G10930, AT3G13380, AT3G17090, AT3G23050, AT3G24240, AT3G27580, AT3G45960, AT3G50060, AT3G50660, AT3G59900, AT3G60630, AT3G61460, AT3G62720, AT4G02220, AT4G08950, AT4G11280, AT4G12720, AT4G13195, AT4G14560, AT4G16515, AT4G17615, AT4G26080, AT4G30080, AT4G32460, AT4G34760, AT4G36110, AT4G37290, AT4G37770, AT4G37790, AT4G38860, AT4G39400, AT5G01180, AT5G01840, AT5G02760, AT5G03730, AT5G04190, AT5G04340, AT5G05160, AT5G07440, AT5G09970, AT5G15160, AT5G15580, AT5G19530, AT5G20820, AT5G24270, AT5G37770, AT5G45340, AT5G47370, AT5G54510, AT5G61900, AT5G64260, AT5G65300, AT5G65310, AT5G66080	GA2OX6, SHY2, ALMT1, XTH33, MLO4, CYP72C1, ARF19, EXPA11, STZ, HERK2, RGI5, STOP1, PHI-1, UCN, ECT4, PIN3, MIF1, WRKY40, SAUR10, ACS4, NRAMP3, SKM1, ARF10, S40-4, WDR55, PUB23, EXPA4, ORS1, LBD16, ARL, PAX, LNG2, GASA5, SAUR28, MES17, IDL7, BRL3, PP2C42, IAA7, RGI1, ATPK7, EXLA3, MYB77, DWF4, ARGOS, HAM2, BRH1, XT1, PDCD2, EXO, ACS6, NUDT7, CLE44, IAA1, RGF6, CBL1, ABI1, ARF16, BDX, SAUR50, SAUR9, PIP2, ACS8, HAT22, SAUR16, BRI1, PTR5, OFP1, PP2C67, CTR1, PKS4, ZAT6, RUL1, GDH2, CYP78A7, BNQ2, LNG1, ACL5, SAUR76, SOS3, TCH2, CYP707A3, HAT2, DFL1, BON1, EXL2, SUPA, HB5, PP2C79
w:elongation	word	elongation	44	409	847	21633	2.7476582097608993	1.4455193510548178e-09	4.1823693223852777e-07	-8.839976090088049	-6.378577619631219	True	significant	True	elongation	elongation		AT1G05010, AT1G17060, AT1G23080, AT1G29430, AT1G29440, AT1G29450, AT1G29460, AT1G29490, AT1G29500, AT1G29510, AT1G30570, AT1G57560, AT1G58340, AT1G66400, AT1G70940, AT1G74660, AT1G78100, AT2G18010, AT2G26710, AT2G37030, AT2G38470, AT2G43060, AT2G45400, AT3G02170, AT3G23050, AT3G50660, AT3G60630, AT4G14560, AT4G25420, AT4G32460, AT4G34760, AT4G36110, AT4G38860, AT4G39400, AT5G01840, AT5G15160, AT5G15580, AT5G19530, AT5G20820, AT5G24270, AT5G47370, AT5G51810, AT5G54510, AT5G65300	EFE, CYP72C1, PIN7, SAUR62, SAUR63, SAUR64, SAUR65, SAUR68, SAUR66, SAUR68, HERK2, MYB50, ZF14, CML23, PIN3, MIF1, AUF1, SAUR10, BAS1, SAUR46, WRKY33, IBH1, BEN1, LNG2, IAA7, DWF4, HAM2, IAA1, GA20OX1, BDX, SAUR50, SAUR9, SAUR16, BRI1, OFP1, BNQ2, LNG1, ACL5, SAUR76, SOS3, HAT2, GA20OX2, DFL1, SUPA
k:Ethylene signaling pathway	keyword	Ethylene signaling pathway	18	409	162	21633	5.876935615321924	1.8878517408269185e-09	5.362871927032686e-07	-8.724032115265175	-6.2706025744796206	True	significant	False	ethylene	Ethylene signaling pathway		AT1G04310, AT1G28370, AT1G44830, AT1G53170, AT1G79700, AT2G40940, AT2G44840, AT3G25730, AT4G17490, AT4G23750, AT5G03730, AT5G13330, AT5G20820, AT5G25190, AT5G47230, AT5G51190, AT5G53290, AT5G61600	ERS2, ERF11, ERF014, ERF8, WRI4, ERS1, ERF13, EDF3, ERF6, CRF2, CTR1, Rap2.6L, SAUR76, ESE3, ERF5, ERF105, CRF3, ERF104
w:lateral	word	lateral	31	409	477	21633	3.437452907075087	2.7159347982504043e-09	7.577458087118625e-07	-8.566080660422449	-6.120476457148851	True	significant	True	lateral	lateral	lateral root	AT1G04240, AT1G11000, AT1G19220, AT1G23080, AT1G58340, AT1G70940, AT1G73590, AT1G75640, AT1G77000, AT2G19620, AT2G42430, AT2G45420, AT3G27580, AT3G50060, AT3G50660, AT3G58190, AT3G59900, AT4G14550, AT4G14560, AT4G16515, AT4G28490, AT4G30280, AT4G30290, AT4G37295, AT4G37590, AT5G03730, AT5G05160, AT5G24270, AT5G26930, AT5G47370, AT5G54510	SHY2, MLO4, ARF19, PIN7, ZF14, PIN3, PIN1, MUS, SKP2B, NDL3, LBD16, LBD18, ATPK7, MYB77, DWF4, LBD29, ARGOS, IAA14, IAA1, RGF6, HAE, XTH18, XTH19, PIPL3, NPY5, CTR1, RUL1, SOS3, GATA23, HAT2, DFL1
p:auxin polar	phrase	auxin polar	14	409	96	21633	7.713477995110024	3.499338624589043e-09	9.591871345715651e-07	-8.456014029602052	-6.018096654994745	True	significant	True	auxin polar	auxin polar	polar	AT1G23080, AT1G29430, AT1G29440, AT1G70940, AT1G73590, AT2G01420, AT2G19620, AT2G47260, AT3G03830, AT4G16515, AT4G32460, AT4G37590, AT5G19530, AT5G67060	PIN7, SAUR62, SAUR63, PIN3, PIN1, PIN4, NDL3, WRKY23, SAUR28, RGF6, BDX, NPY5, ACL5, HEC1
w:bending	word	bending	10	409	43	21633	12.300562915790072	5.747257372107837e-09	1.548192227272634e-06	-8.240539353974107	-5.810175117257247	True	significant	True	bending	bending		AT2G18010, AT2G38470, AT3G27580, AT3G28180, AT4G16515, AT4G31590, AT4G32460, AT4G34760, AT4G36110, AT4G38860	SAUR10, WRKY33, ATPK7, CSLC04, RGF6, CSLC5, BDX, SAUR50, SAUR9, SAUR16
w:stem	word	stem	31	409	494	21633	3.3191599932688596	6.209430656015539e-09	1.6443414333828287e-06	-8.206948218549057	-5.7840079999114025	True	significant	True	stem	stem		AT1G05010, AT1G17060, AT1G19220, AT1G34110, AT1G55500, AT1G73590, AT1G74660, AT1G79700, AT2G34140, AT3G02170, AT3G02885, AT3G10870, AT3G24240, AT3G28180, AT3G50660, AT3G60630, AT3G61460, AT4G13195, AT4G16515, AT4G25420, AT4G26080, AT4G30290, AT4G31590, AT4G39400, AT5G03730, AT5G07440, AT5G13330, AT5G15160, AT5G15580, AT5G19530, AT5G24270	EFE, CYP72C1, ARF19, RGI5, ECT4, PIN1, MIF1, WRI4, CDF4, LNG2, GASA5, MES17, RGI1, CSLC04, DWF4, HAM2, BRH1, CLE44, RGF6, GA20OX1, ABI1, XTH19, CSLC5, BRI1, CTR1, GDH2, Rap2.6L, BNQ2, LNG1, ACL5, SOS3
w:expansion	word	expansion	23	409	289	21633	4.209431392289405	7.830559572058285e-09	2.039077712563977e-06	-8.106207202134412	-5.690566222238258	True	significant	True	expansion	expansion		AT1G11000, AT1G17060, AT1G29440, AT1G78100, AT2G18010, AT2G26710, AT2G41230, AT2G43060, AT2G44080, AT3G02170, AT3G03830, AT3G03840, AT4G08950, AT4G34760, AT4G36110, AT4G38850, AT4G38860, AT4G39400, AT5G01840, AT5G15580, AT5G18060, AT5G19530, AT5G20820	MLO4, CYP72C1, SAUR63, AUF1, SAUR10, BAS1, ORS1, IBH1, ARL, LNG2, SAUR28, SAUR27, EXO, SAUR50, SAUR9, SAUR15, SAUR16, BRI1, OFP1, LNG1, SAUR23, ACL5, SAUR76
p:box pathogenesis	phrase	box pathogenesis	14	409	104	21633	7.1201335339477145	1.0138111055318455e-08	2.5966860184966484e-06	-7.994042955719855	-5.585580560450824	True	significant	True	box pathogenesis	box pathogenesis	gcc box, gcc, erf transcription, ethylene responsive, erf, pathogenesis	AT1G28370, AT1G44830, AT1G53170, AT1G79700, AT2G44840, AT3G25730, AT4G17490, AT4G23750, AT5G13330, AT5G25190, AT5G47230, AT5G51190, AT5G53290, AT5G61600	ERF11, ERF014, ERF8, WRI4, ERF13, EDF3, ERF6, CRF2, Rap2.6L, ESE3, ERF5, ERF105, CRF3, ERF104
w:concentration	word	concentration	21	409	250	21633	4.442963325183374	1.3790110310165507e-08	3.4751077981617122e-06	-7.860432259791912	-5.459031719010367	True	significant	True	concentration	concentration		AT1G04100, AT1G04240, AT1G15580, AT1G52830, AT2G30070, AT2G33310, AT3G15540, AT3G16500, AT3G23030, AT3G23050, AT3G62100, AT4G14550, AT4G14560, AT4G17615, AT4G25280, AT4G28640, AT4G32280, AT5G03730, AT5G24270, AT5G43700, AT5G65670	IAA10, SHY2, IAA5, IAA6, KT1, IAA13, IAA19, PAP1, IAA2, IAA7, IAA30, IAA14, IAA1, CBL1, UMK2, IAA11, IAA29, CTR1, SOS3, ATAUX2-11, IAA9
p:gcc box	phrase	gcc box	14	409	107	21633	6.920503621780956	1.4729931362735616e-08	3.6313529950804685e-06	-7.831799276840643	-5.439931532314263	True	significant	False	box pathogenesis	gcc box		AT1G28370, AT1G44830, AT1G53170, AT1G79700, AT2G44840, AT3G25730, AT4G17490, AT4G23750, AT5G13330, AT5G25190, AT5G47230, AT5G51190, AT5G53290, AT5G61600	ERF11, ERF014, ERF8, WRI4, ERF13, EDF3, ERF6, CRF2, Rap2.6L, ESE3, ERF5, ERF105, CRF3, ERF104
p:activated signaling	phrase	activated signaling	28	409	429	21633	3.4521859558534373	1.487497386617701e-08	3.6313529950804685e-06	-7.827543788610175	-5.439931532314263	True	significant	True	activated signaling	activated signaling	activated	AT1G04310, AT1G28370, AT1G53170, AT1G54200, AT1G78100, AT2G26070, AT2G28350, AT2G28400, AT2G30020, AT2G40940, AT2G41230, AT2G44840, AT3G42800, AT4G17490, AT4G17615, AT4G26080, AT4G37790, AT5G03730, AT5G12050, AT5G13330, AT5G25190, AT5G47230, AT5G47370, AT5G51190, AT5G54510, AT5G61600, AT5G65310, AT5G65670	ERS2, ERF11, ERF8, BG3, AUF1, RTE1, ARF10, S40-4, AP2C1, ERS1, ORS1, ERF13, AT3G42800, ERF6, CBL1, ABI1, HAT22, CTR1, BG1, Rap2.6L, ESE3, ERF5, HAT2, ERF105, DFL1, ERF104, HB5, IAA9
w:gcc	word	gcc	14	409	108	21633	6.856424884542244	1.663628531191309e-08	3.998851103282002e-06	-7.778943640102791	-5.398064766465849	True	significant	False	box pathogenesis	gcc		AT1G28370, AT1G44830, AT1G53170, AT1G79700, AT2G44840, AT3G25730, AT4G17490, AT4G23750, AT5G13330, AT5G25190, AT5G47230, AT5G51190, AT5G53290, AT5G61600	ERF11, ERF014, ERF8, WRI4, ERF13, EDF3, ERF6, CRF2, Rap2.6L, ESE3, ERF5, ERF105, CRF3, ERF104
w:polar	word	polar	20	409	231	21633	4.579430349601498	1.8408224043602385e-08	4.357728673594605e-06	-7.7349881085773475	-5.360739813839418	True	significant	False	auxin polar	polar		AT1G23080, AT1G29430, AT1G29440, AT1G70940, AT1G73590, AT2G01420, AT2G19620, AT2G34260, AT2G47260, AT3G02170, AT3G03830, AT3G60630, AT4G16515, AT4G32460, AT4G37590, AT4G37890, AT5G13330, AT5G15580, AT5G19530, AT5G67060	PIN7, SAUR62, SAUR63, PIN3, PIN1, PIN4, NDL3, WDR55, WRKY23, LNG2, SAUR28, HAM2, RGF6, BDX, NPY5, EDA40, Rap2.6L, LNG1, ACL5, HEC1
k:Developmental protein	keyword	Developmental protein	33	409	577	21633	3.0250431156856346	1.915125112469561e-08	4.465957426451411e-06	-7.717802848911926	-5.350085421332954	True	significant	True	Developmental protein	Developmental protein		AT1G29430, AT1G29440, AT1G29450, AT1G29460, AT1G29490, AT1G29500, AT1G29510, AT1G74660, AT2G01420, AT2G18010, AT2G34260, AT2G37030, AT2G41230, AT2G44080, AT2G45400, AT3G03830, AT3G03840, AT3G59900, AT3G61460, AT4G13195, AT4G32460, AT4G34760, AT4G34770, AT4G36110, AT4G38840, AT4G38850, AT4G38860, AT5G09970, AT5G18060, AT5G20820, AT5G65300, AT5G65640, AT5G67060	SAUR62, SAUR63, SAUR64, SAUR65, SAUR68, SAUR66, SAUR68, MIF1, PIN4, SAUR10, WDR55, SAUR46, ORS1, ARL, BEN1, SAUR28, SAUR27, ARGOS, BRH1, CLE44, BDX, SAUR50, SAUR1, SAUR9, SAUR14, SAUR15, SAUR16, CYP78A7, SAUR23, SAUR76, SUPA, bHLH093, HEC1
w:light	word	light	47	409	1029	21633	2.4158831538203827	2.223740267219704e-08	5.109370284564801e-06	-7.652915939707131	-5.291632622133569	True	significant	True	light	light		AT1G01470, AT1G02400, AT1G04240, AT1G11000, AT1G17060, AT1G19220, AT1G22280, AT1G27730, AT1G35140, AT1G58340, AT1G70940, AT1G74660, AT2G18010, AT2G22810, AT2G26710, AT2G28400, AT2G41100, AT2G44830, AT2G45400, AT3G03830, AT3G10870, AT3G13380, AT3G23050, AT3G27580, AT3G60530, AT3G60630, AT4G11280, AT4G17490, AT4G25420, AT4G26080, AT4G32280, AT4G36110, AT4G38850, AT4G38860, AT4G39400, AT5G04190, AT5G15160, AT5G26930, AT5G37770, AT5G45340, AT5G48150, AT5G51810, AT5G53980, AT5G54510, AT5G59820, AT5G64905, AT5G65300	LEA14, GA2OX6, SHY2, MLO4, CYP72C1, ARF19, PAPP2C, STZ, PHI-1, ZF14, PIN3, MIF1, SAUR10, ACS4, BAS1, S40-4, TCH3, PAX, BEN1, SAUR28, MES17, BRL3, IAA7, ATPK7, GATA4, HAM2, ACS6, ERF6, GA20OX1, ABI1, IAA29, SAUR9, SAUR15, SAUR16, BRI1, PKS4, BNQ2, GATA23, TCH2, CYP707A3, PAT1, GA20OX2, HB52, DFL1, RHL41, PROPEP3, SUPA
w:stress	word	stress	91	409	2734	21633	1.7605011956651995	3.722567477669071e-08	8.429187575521962e-06	-7.4291574212013805	-5.074214281658838	True	significant	True	stress	stress		AT1G01470, AT1G02660, AT1G05010, AT1G08430, AT1G09350, AT1G09940, AT1G18850, AT1G21980, AT1G27730, AT1G28370, AT1G34370, AT1G35140, AT1G44830, AT1G52200, AT1G53170, AT1G53840, AT1G58340, AT1G60010, AT1G76650, AT1G78100, AT1G79700, AT2G18010, AT2G18980, AT2G19620, AT2G26530, AT2G30020, AT2G35930, AT2G36220, AT2G38470, AT2G39870, AT2G40140, AT2G44840, AT3G02170, AT3G07210, AT3G08760, AT3G10930, AT3G14060, AT3G19200, AT3G23250, AT3G25640, AT3G25710, AT3G25730, AT3G26470, AT3G28340, AT3G29370, AT3G44540, AT3G50930, AT3G56880, AT3G60520, AT4G09890, AT4G11280, AT4G12040, AT4G12720, AT4G13235, AT4G17490, AT4G17615, AT4G20830, AT4G22820, AT4G23750, AT4G24570, AT4G26080, AT4G29780, AT4G37240, AT4G38410, AT4G39400, AT5G01740, AT5G03730, AT5G10520, AT5G12340, AT5G13330, AT5G14130, AT5G16110, AT5G24270, AT5G25190, AT5G37770, AT5G39580, AT5G44260, AT5G47230, AT5G51190, AT5G53290, AT5G54500, AT5G57340, AT5G57560, AT5G59010, AT5G59820, AT5G61600, AT5G63650, AT5G63790, AT5G64100, AT5G65300, AT5G66080	LEA14, PLIP2, EFE, ALMT1, GolS3, HEMA2, PCP2, PIP5K1, STZ, ERF11, STOP1, PHI-1, ERF014, PCR8, ERF8, PME1, ZF14, AtPADRE7, CML38, AUF1, WRI4, SAUR10, PER16, NDL3, AR781, AP2C1, PUB23, AT2G36220, WRKY33, AT2G39870, CZF1, ERF13, LNG2, AT3G07210, ATSIK, IDL7, AT3G14060, AT3G19200, MYB15, AT3G25640, BHLH32, EDF3, AT3G26470, GATL10, P1R3, FAR4, BCS1, VQ24, AT3G60520, AT4G09890, ACS6, SAP7, NUDT7, EDA21, ERF6, CBL1, AtBBE19, SAP9, CRF2, DIC2, ABI1, AT4G29780, AP22.53, AT4G38410, BRI1, AT5G01740, CTR1, RBK1, AtPADRE20, Rap2.6L, PER55, AT5G16110, SOS3, ESE3, TCH2, PER62, TZF5, ERF5, ERF105, CRF3, FQR1, MJB24.15, TCH4, BSK5, RHL41, ERF104, SNRK2.5, NAC102, PER69, SUPA, PP2C79
w:cotyledon	word	cotyledon	32	409	572	21633	2.959016533588661	5.280943953199829e-08	1.1787066903542018e-05	-7.277288441666061	-4.928594251400519	True	significant	True	cotyledon	cotyledon		AT1G04240, AT1G11000, AT1G17060, AT1G51170, AT1G73590, AT1G74660, AT2G21050, AT2G22810, AT2G23150, AT2G26710, AT2G28400, AT2G30040, AT2G47260, AT3G23050, AT3G50660, AT3G62100, AT4G11280, AT4G12110, AT4G13195, AT4G23750, AT4G37590, AT4G37770, AT4G39400, AT5G01840, AT5G03730, AT5G04670, AT5G09970, AT5G44260, AT5G48150, AT5G53290, AT5G65300, AT5G65640	SHY2, MLO4, CYP72C1, UCN, PIN1, MIF1, LAX2, ACS4, NRAMP3, BAS1, S40-4, MAPKKK14, WRKY23, IAA7, DWF4, IAA30, ACS6, SMO1-1, CLE44, CRF2, NPY5, ACS8, BRI1, OFP1, CTR1, EPCR2, CYP78A7, TZF5, PAT1, CRF3, SUPA, bHLH093
w:stimulus	word	stimulus	26	409	412	21633	3.3378711989935197	9.604144816694837e-08	2.113452938254086e-05	-7.017541300029287	-4.675007418468565	True	significant	True	stimulus	stimulus		AT1G17060, AT1G70940, AT2G18010, AT2G25790, AT2G41100, AT2G41230, AT3G03830, AT3G03840, AT3G13380, AT3G59900, AT3G60530, AT4G11280, AT4G14550, AT4G30290, AT4G37290, AT4G37590, AT4G39400, AT5G10520, AT5G26930, AT5G37770, AT5G54500, AT5G57560, AT5G59820, AT5G61900, AT5G65300, AT5G67060	CYP72C1, PIN3, SAUR10, SKM1, TCH3, ORS1, SAUR28, SAUR27, BRL3, ARGOS, GATA4, ACS6, IAA14, XTH19, PIP2, NPY5, BRI1, RBK1, GATA23, TCH2, FQR1, TCH4, RHL41, BON1, SUPA, HEC1
p:erf transcription	phrase	erf transcription	14	409	130	21633	5.696106827158172	1.7858447021438363e-07	3.8752830036521216e-05	-6.748156310248381	-4.4116965763998515	True	significant	False	box pathogenesis	erf transcription		AT1G28370, AT1G44830, AT1G53170, AT1G79700, AT2G44840, AT3G25730, AT4G17490, AT4G23750, AT5G13330, AT5G25190, AT5G47230, AT5G51190, AT5G53290, AT5G61600	ERF11, ERF014, ERF8, WRI4, ERF13, EDF3, ERF6, CRF2, Rap2.6L, ESE3, ERF5, ERF105, CRF3, ERF104
p:ethylene responsive	phrase	ethylene responsive	14	409	131	21633	5.652625095653147	1.9656135460288128e-07	4.206951512760846e-05	-6.706501863576564	-4.376032493417222	True	significant	False	box pathogenesis	ethylene responsive		AT1G28370, AT1G44830, AT1G53170, AT1G79700, AT2G44840, AT3G25730, AT4G17490, AT4G23750, AT5G13330, AT5G25190, AT5G47230, AT5G51190, AT5G53290, AT5G61600	ERF11, ERF014, ERF8, WRI4, ERF13, EDF3, ERF6, CRF2, Rap2.6L, ESE3, ERF5, ERF105, CRF3, ERF104
p:transcriptional activator	phrase	transcriptional activator	21	409	294	21633	3.778030038421236	2.2149387530715702e-07	4.676513929458138e-05	-6.654638278276489	-4.330077767727667	True	significant	True	transcriptional activator	transcriptional activator	activator	AT1G19220, AT1G44830, AT1G79700, AT2G28350, AT2G42430, AT2G43060, AT2G44840, AT2G45420, AT3G25730, AT3G58120, AT3G58190, AT3G60530, AT4G17490, AT4G23750, AT4G30080, AT5G13330, AT5G25190, AT5G47230, AT5G51190, AT5G53290, AT5G61600	ARF19, ERF014, WRI4, ARF10, LBD16, IBH1, ERF13, LBD18, EDF3, BZIP61, LBD29, GATA4, ERF6, CRF2, ARF16, Rap2.6L, ESE3, ERF5, ERF105, CRF3, ERF104
w:activated	word	activated	36	409	749	21633	2.542225820246066	3.2980671848213054e-07	6.870533559419744e-05	-6.481740501602365	-4.163009534714267	True	significant	False	activated signaling	activated		AT1G04240, AT1G04310, AT1G08430, AT1G28370, AT1G34370, AT1G53170, AT1G54200, AT1G70940, AT1G73590, AT1G78100, AT2G26070, AT2G28350, AT2G28400, AT2G30020, AT2G30040, AT2G40940, AT2G41230, AT2G43060, AT2G44840, AT3G42800, AT4G17490, AT4G17615, AT4G26080, AT4G37790, AT5G03730, AT5G12050, AT5G13330, AT5G25190, AT5G47230, AT5G47370, AT5G51190, AT5G54510, AT5G61600, AT5G63650, AT5G65310, AT5G65670	SHY2, ERS2, ALMT1, ERF11, STOP1, ERF8, BG3, PIN3, PIN1, AUF1, RTE1, ARF10, S40-4, AP2C1, MAPKKK14, ERS1, ORS1, IBH1, ERF13, AT3G42800, ERF6, CBL1, ABI1, HAT22, CTR1, BG1, Rap2.6L, ESE3, ERF5, HAT2, ERF105, DFL1, ERF104, SNRK2.5, HB5, IAA9
w:erf	word	erf	14	409	137	21633	5.405064872485856	3.430711831436763e-07	7.052821270311578e-05	-6.4646157597266365	-4.15163712172763	True	significant	False	box pathogenesis	erf		AT1G28370, AT1G44830, AT1G53170, AT1G79700, AT2G44840, AT3G25730, AT4G17490, AT4G23750, AT5G13330, AT5G25190, AT5G47230, AT5G51190, AT5G53290, AT5G61600	ERF11, ERF014, ERF8, WRI4, ERF13, EDF3, ERF6, CRF2, Rap2.6L, ESE3, ERF5, ERF105, CRF3, ERF104
w:brassinolide	word	brassinolide	8	409	37	21633	11.43619903522104	3.6422039888642647e-07	7.390363002859136e-05	-6.438635734335385	-4.131334229228068	True	significant	True	brassinolide	brassinolide		AT1G17060, AT2G26710, AT2G45400, AT3G13380, AT3G23050, AT3G50660, AT3G61460, AT4G39400	CYP72C1, BAS1, BEN1, BRL3, IAA7, DWF4, BRH1, BRI1
w:hook	word	hook	11	409	83	21633	7.009838866468318	4.595344126521245e-07	9.204827773431799e-05	-6.337681960523097	-4.035984332933779	True	significant	True	hook	hook		AT1G17060, AT1G52830, AT2G22810, AT3G04570, AT3G17090, AT3G27580, AT4G11280, AT4G37770, AT5G02760, AT5G03730, AT5G48150	CYP72C1, IAA6, ACS4, AHL19, PP2C42, ATPK7, ACS6, ACS8, PP2C67, CTR1, PAT1
w:pathway	word	pathway	71	409	2064	21633	1.8194582646272817	4.993329349007828e-07	9.87541490492383e-05	-6.3016097878925175	-4.005444648903161	True	significant	True	pathway	pathway		AT1G04310, AT1G17060, AT1G22280, AT1G28370, AT1G29510, AT1G35140, AT1G44830, AT1G53170, AT1G54200, AT1G63500, AT1G76650, AT1G78100, AT1G79700, AT2G19620, AT2G26070, AT2G26710, AT2G28350, AT2G28400, AT2G30020, AT2G35930, AT2G37030, AT2G38470, AT2G40940, AT2G41230, AT2G44080, AT2G44840, AT2G45400, AT3G02070, AT3G02885, AT3G03840, AT3G25730, AT3G42800, AT3G50060, AT3G50660, AT3G50930, AT3G59900, AT3G61460, AT4G08950, AT4G12110, AT4G12720, AT4G13195, AT4G17490, AT4G17615, AT4G23750, AT4G25420, AT4G26080, AT4G36110, AT4G37790, AT4G39400, AT5G01840, AT5G03730, AT5G04190, AT5G04870, AT5G09970, AT5G12050, AT5G13330, AT5G15160, AT5G18060, AT5G24270, AT5G25190, AT5G47230, AT5G47370, AT5G48150, AT5G51190, AT5G53290, AT5G54510, AT5G59010, AT5G59820, AT5G61600, AT5G65310, AT5G65670	ERS2, CYP72C1, PAPP2C, ERF11, SAUR68, PHI-1, ERF014, ERF8, BG3, BSK7, CML38, AUF1, WRI4, NDL3, RTE1, BAS1, ARF10, S40-4, AP2C1, PUB23, SAUR46, WRKY33, ERS1, ORS1, ARL, ERF13, BEN1, OTU12, GASA5, SAUR27, EDF3, AT3G42800, MYB77, DWF4, BCS1, ARGOS, BRH1, EXO, SMO1-1, NUDT7, CLE44, ERF6, CBL1, CRF2, GA20OX1, ABI1, SAUR9, HAT22, BRI1, OFP1, CTR1, PKS4, CPK1, CYP78A7, BG1, Rap2.6L, BNQ2, SAUR23, SOS3, ESE3, ERF5, HAT2, PAT1, ERF105, CRF3, DFL1, BSK5, RHL41, ERF104, HB5, IAA9
w:aterf	word	aterf	7	409	27	21633	13.712849769084489	5.254692154107994e-07	0.0001026241377697291	-6.2794527220122145	-3.98875047872436	True	significant	True	aterf	aterf		AT1G28370, AT1G53170, AT2G44840, AT4G17490, AT5G47230, AT5G51190, AT5G61600	ERF11, ERF8, ERF13, ERF6, ERF5, ERF105, ERF104
p:amido synthetase	phrase	amido synthetase	5	409	10	21633	26.446210268948658	5.494616719455983e-07	0.00010598505138861772	-6.2600625966764865	-3.974755385275338	True	significant	True	amido synthetase	amido synthetase	auxin naphthaleneacetic, chlorinated synthetic, anisic, chlorinated, dichloro, dicamba, cope, naphthaleneacetic, amido conjugating, iaa amido, paa, pyruvic, amido, trp, conjugate, gln, synthetic, providing, analog	AT1G59500, AT2G14960, AT2G23170, AT4G27260, AT5G54510	GH3.4, GH3.1, GH3.3, WES1, DFL1
p:lateral root	phrase	lateral root	22	409	338	21633	3.442701928502192	5.614406146430407e-07	0.0001069749775997911	-6.250696173679939	-3.970717795783858	True	significant	False	lateral	lateral root		AT1G04240, AT1G11000, AT1G19220, AT1G75640, AT1G77000, AT2G42430, AT2G45420, AT3G27580, AT3G50060, AT3G58190, AT4G14550, AT4G14560, AT4G16515, AT4G28490, AT4G30280, AT4G30290, AT4G37295, AT5G03730, AT5G24270, AT5G26930, AT5G47370, AT5G54510	SHY2, MLO4, ARF19, MUS, SKP2B, LBD16, LBD18, ATPK7, MYB77, LBD29, IAA14, IAA1, RGF6, HAE, XTH18, XTH19, PIPL3, CTR1, SOS3, GATA23, HAT2, DFL1
w:acc	word	acc	9	409	53	21633	8.98173178945426	6.003256873754137e-07	0.00011012401400178768	-6.221613073191322	-3.958117967029383	True	significant	True	acc	acc		AT1G04310, AT1G05010, AT1G19220, AT2G22810, AT2G40940, AT4G11280, AT4G26080, AT4G37770, AT5G43450	ERS2, EFE, ARF19, ACS4, ERS1, ACS6, ABI1, ACS8, AT5G43450
p:auxin naphthaleneacetic	phrase	auxin naphthaleneacetic	4	409	5	21633	42.313936430317845	6.202581433792444e-07	0.00011012401400178768	-6.207427525159012	-3.958117967029383	True	significant	False	amido synthetase	auxin naphthaleneacetic		AT1G59500, AT2G23170, AT4G27260, AT5G54510	GH3.4, GH3.3, WES1, DFL1
p:chlorinated synthetic	phrase	chlorinated synthetic	4	409	5	21633	42.313936430317845	6.202581433792444e-07	0.00011012401400178768	-6.207427525159012	-3.958117967029383	True	significant	False	amido synthetase	chlorinated synthetic		AT1G59500, AT2G23170, AT4G27260, AT5G54510	GH3.4, GH3.3, WES1, DFL1
w:anisic	word	anisic	4	409	5	21633	42.313936430317845	6.202581433792444e-07	0.00011012401400178768	-6.207427525159012	-3.958117967029383	True	significant	False	amido synthetase	anisic		AT1G59500, AT2G23170, AT4G27260, AT5G54510	GH3.4, GH3.3, WES1, DFL1
w:chlorinated	word	chlorinated	4	409	5	21633	42.313936430317845	6.202581433792444e-07	0.00011012401400178768	-6.207427525159012	-3.958117967029383	True	significant	False	amido synthetase	chlorinated		AT1G59500, AT2G23170, AT4G27260, AT5G54510	GH3.4, GH3.3, WES1, DFL1
w:dichloro	word	dichloro	4	409	5	21633	42.313936430317845	6.202581433792444e-07	0.00011012401400178768	-6.207427525159012	-3.958117967029383	True	significant	False	amido synthetase	dichloro		AT1G59500, AT2G23170, AT4G27260, AT5G54510	GH3.4, GH3.3, WES1, DFL1
w:regulator	word	regulator	51	409	1300	21633	2.0750103441790486	6.293799970188921e-07	0.00011048801206093453	-6.201087063968657	-3.956684840333772	True	significant	True	regulator	regulator		AT1G04240, AT1G04310, AT1G18400, AT1G19540, AT1G22280, AT1G51170, AT1G53840, AT1G54200, AT1G58340, AT1G63500, AT1G65920, AT1G70940, AT1G74650, AT2G14850, AT2G19620, AT2G26070, AT2G28400, AT2G35930, AT2G38470, AT2G39370, AT2G40940, AT2G43060, AT2G45420, AT3G02885, AT3G03680, AT3G08760, AT3G23050, AT3G23250, AT3G25710, AT3G42800, AT4G14550, AT4G14560, AT4G17615, AT4G26080, AT4G32460, AT4G36540, AT4G37240, AT4G37290, AT5G03730, AT5G04870, AT5G12050, AT5G13190, AT5G13330, AT5G15160, AT5G26930, AT5G43700, AT5G52900, AT5G59010, AT5G61900, AT5G65310, AT5G67060	SHY2, ERS2, BEE1, AT1G19540, PAPP2C, UCN, PME1, BG3, ZF14, BSK7, PRAF1, PIN3, MYB31, ADA1A, NDL3, RTE1, S40-4, PUB23, WRKY33, MAKR4, ERS1, IBH1, LBD18, GASA5, MCTP14, ATSIK, IAA7, MYB15, BHLH32, AT3G42800, IAA14, IAA1, CBL1, ABI1, BDX, BEE2, AP22.53, PIP2, CTR1, CPK1, BG1, GILP, Rap2.6L, BNQ2, GATA23, ATAUX2-11, MAKR6, BSK5, BON1, HB5, HEC1
w:organ	word	organ	30	409	577	21633	2.75003919607785	6.593910174357592e-07	0.00011447028062684775	-6.180856973335805	-3.9413072524953323	True	significant	True	organ	organ		AT1G29430, AT1G29440, AT1G29450, AT1G29460, AT1G29490, AT1G29500, AT1G29510, AT1G55500, AT1G58340, AT1G73590, AT2G19620, AT2G41230, AT2G42430, AT2G43060, AT2G44080, AT2G45400, AT3G14380, AT3G28180, AT3G58190, AT3G59900, AT3G61460, AT4G25420, AT4G28490, AT4G31590, AT4G32460, AT4G37590, AT4G39400, AT5G09970, AT5G37770, AT5G51810	SAUR62, SAUR63, SAUR64, SAUR65, SAUR68, SAUR66, SAUR68, ECT4, ZF14, PIN1, NDL3, ORS1, LBD16, IBH1, ARL, BEN1, CASPL2A2, CSLC04, LBD29, ARGOS, BRH1, GA20OX1, HAE, CSLC5, BDX, NPY5, BRI1, CYP78A7, TCH2, GA20OX2
w:enhanced	word	enhanced	23	409	380	21633	3.2013833483464165	1.0965207632745272e-06	0.00018826418027913415	-5.959983140283605	-3.725232302324901	True	significant	True	enhanced	enhanced		AT1G17060, AT1G18400, AT1G19220, AT1G53840, AT1G55500, AT1G70940, AT1G73590, AT2G22810, AT2G26070, AT2G26710, AT2G35930, AT2G45400, AT3G27580, AT3G50060, AT4G11280, AT4G12110, AT4G12720, AT4G17615, AT4G36540, AT4G37770, AT5G24270, AT5G37770, AT5G67060	CYP72C1, BEE1, ARF19, PME1, ECT4, PIN3, PIN1, ACS4, RTE1, BAS1, PUB23, BEN1, ATPK7, MYB77, ACS6, SMO1-1, NUDT7, CBL1, BEE2, ACS8, SOS3, TCH2, HEC1
p:far red	phrase	far red	13	409	130	21633	5.289242053789732	1.154738371744345e-06	0.00019610469913188737	-5.937516402419967	-3.7075119994857246	True	significant	True	far red	far red	far, red light, red	AT1G02400, AT1G17060, AT2G18010, AT2G26710, AT4G25420, AT4G32280, AT4G36110, AT4G38860, AT5G04190, AT5G45340, AT5G48150, AT5G51810, AT5G65300	GA2OX6, CYP72C1, SAUR10, BAS1, GA20OX1, IAA29, SAUR9, SAUR16, PKS4, CYP707A3, PAT1, GA20OX2, SUPA
w:repression	word	repression	17	409	222	21633	4.050320491640785	1.2230104943720575e-06	0.00020546576305450586	-5.912569816366559	-3.6872605346406955	True	significant	False	indoleacetic acid	repression		AT1G04100, AT1G04240, AT1G15580, AT1G52830, AT2G33310, AT3G15540, AT3G16500, AT3G23030, AT3G23050, AT3G62100, AT4G14550, AT4G14560, AT4G28640, AT4G32280, AT5G43700, AT5G59820, AT5G65670	IAA10, SHY2, IAA5, IAA6, IAA13, IAA19, PAP1, IAA2, IAA7, IAA30, IAA14, IAA1, IAA11, IAA29, ATAUX2-11, RHL41, IAA9
w:gravitropism	word	gravitropism	12	409	112	21633	5.667045057631855	1.4291784182723654e-06	0.00023754769794773894	-5.844913550611208	-3.6242491739311085	True	significant	True	gravitropism	gravitropism		AT1G04240, AT1G55500, AT1G70940, AT1G73590, AT2G01420, AT3G23050, AT3G27580, AT3G62100, AT4G14560, AT4G16515, AT4G32460, AT4G37590	SHY2, ECT4, PIN3, PIN1, PIN4, IAA7, ATPK7, IAA30, IAA1, RGF6, BDX, NPY5
p:plasma membrane	phrase	plasma membrane	88	409	2837	21633	1.6406531573263883	1.4566222763707021e-06	0.00023956069943174594	-5.836653052592036	-3.6205844276010852	True	significant	True	plasma membrane	plasma membrane	plasma	AT1G08430, AT1G10550, AT1G11000, AT1G21980, AT1G22280, AT1G23080, AT1G25280, AT1G29430, AT1G29440, AT1G29450, AT1G29460, AT1G29490, AT1G29500, AT1G29510, AT1G30570, AT1G34110, AT1G51170, AT1G52200, AT1G53840, AT1G54200, AT1G58340, AT1G60260, AT1G63500, AT1G68400, AT1G70940, AT1G73080, AT1G73590, AT1G76650, AT2G01420, AT2G18010, AT2G21050, AT2G25790, AT2G26530, AT2G30070, AT2G37330, AT2G39350, AT2G39370, AT2G41820, AT2G44830, AT2G48010, AT3G02070, AT3G03830, AT3G03840, AT3G13380, AT3G14380, AT3G17090, AT3G24240, AT3G25780, AT3G27580, AT3G28850, AT3G42800, AT3G49220, AT3G50930, AT3G56170, AT4G12720, AT4G16442, AT4G17615, AT4G20830, AT4G22470, AT4G26080, AT4G27280, AT4G28490, AT4G30420, AT4G34760, AT4G36110, AT4G37590, AT4G38540, AT4G38580, AT4G38850, AT4G38860, AT4G39390, AT4G39400, AT5G01180, AT5G02760, AT5G04870, AT5G07440, AT5G12050, AT5G13190, AT5G18060, AT5G20820, AT5G24270, AT5G45280, AT5G52900, AT5G54500, AT5G59010, AT5G61900, AT5G64100, AT5G66080	ALMT1, XTH33, MLO4, PIP5K1, PAPP2C, PIN7, TLP10, SAUR62, SAUR63, SAUR64, SAUR65, SAUR68, SAUR66, SAUR68, HERK2, RGI5, UCN, PCR8, PME1, BG3, ZF14, BGLU5, BSK7, AT1G68400, PIN3, PEPR1, PIN1, CML38, PIN4, SAUR10, LAX2, SKM1, AR781, KT1, ALS3, ABCG1, MAKR4, PXC3, PAX, RKF3, OTU12, SAUR28, SAUR27, BRL3, CASPL2A2, PP2C42, RGI1, AOC3, ATPK7, AT3G28850, AT3G42800, PME34, BCS1, CAN, NUDT7, CASPL2B1, CBL1, AtBBE19, DHYPRP1, ABI1, KRP1, HAE, UMAMIT34, SAUR50, SAUR9, NPY5, MO2, FP6, SAUR15, SAUR16, NST-K1, BRI1, PTR5, PP2C67, CPK1, GDH2, BG1, GILP, SAUR23, SAUR76, SOS3, PAE11, MAKR6, FQR1, BSK5, BON1, PER69, PP2C79
w:plasma	word	plasma	88	409	2838	21633	1.640075055438676	1.4782329360094926e-06	0.00024058241033554498	-5.830257125580803	-3.6187361283405735	True	significant	False	plasma membrane	plasma		AT1G08430, AT1G10550, AT1G11000, AT1G21980, AT1G22280, AT1G23080, AT1G25280, AT1G29430, AT1G29440, AT1G29450, AT1G29460, AT1G29490, AT1G29500, AT1G29510, AT1G30570, AT1G34110, AT1G51170, AT1G52200, AT1G53840, AT1G54200, AT1G58340, AT1G60260, AT1G63500, AT1G68400, AT1G70940, AT1G73080, AT1G73590, AT1G76650, AT2G01420, AT2G18010, AT2G21050, AT2G25790, AT2G26530, AT2G30070, AT2G37330, AT2G39350, AT2G39370, AT2G41820, AT2G44830, AT2G48010, AT3G02070, AT3G03830, AT3G03840, AT3G13380, AT3G14380, AT3G17090, AT3G24240, AT3G25780, AT3G27580, AT3G28850, AT3G42800, AT3G49220, AT3G50930, AT3G56170, AT4G12720, AT4G16442, AT4G17615, AT4G20830, AT4G22470, AT4G26080, AT4G27280, AT4G28490, AT4G30420, AT4G34760, AT4G36110, AT4G37590, AT4G38540, AT4G38580, AT4G38850, AT4G38860, AT4G39390, AT4G39400, AT5G01180, AT5G02760, AT5G04870, AT5G07440, AT5G12050, AT5G13190, AT5G18060, AT5G20820, AT5G24270, AT5G45280, AT5G52900, AT5G54500, AT5G59010, AT5G61900, AT5G64100, AT5G66080	ALMT1, XTH33, MLO4, PIP5K1, PAPP2C, PIN7, TLP10, SAUR62, SAUR63, SAUR64, SAUR65, SAUR68, SAUR66, SAUR68, HERK2, RGI5, UCN, PCR8, PME1, BG3, ZF14, BGLU5, BSK7, AT1G68400, PIN3, PEPR1, PIN1, CML38, PIN4, SAUR10, LAX2, SKM1, AR781, KT1, ALS3, ABCG1, MAKR4, PXC3, PAX, RKF3, OTU12, SAUR28, SAUR27, BRL3, CASPL2A2, PP2C42, RGI1, AOC3, ATPK7, AT3G28850, AT3G42800, PME34, BCS1, CAN, NUDT7, CASPL2B1, CBL1, AtBBE19, DHYPRP1, ABI1, KRP1, HAE, UMAMIT34, SAUR50, SAUR9, NPY5, MO2, FP6, SAUR15, SAUR16, NST-K1, BRI1, PTR5, PP2C67, CPK1, GDH2, BG1, GILP, SAUR23, SAUR76, SOS3, PAE11, MAKR6, FQR1, BSK5, BON1, PER69, PP2C79
w:dna	word	dna	85	409	2713	21633	1.6571528734689538	1.5470865272984636e-06	0.0002491925763145485	-5.810485395882162	-3.6034648998686083	True	significant	False	templated transcription	dna		AT1G04100, AT1G04240, AT1G09250, AT1G15430, AT1G15580, AT1G18400, AT1G19220, AT1G25280, AT1G27730, AT1G28370, AT1G29950, AT1G34370, AT1G44830, AT1G52830, AT1G53170, AT1G54200, AT1G74660, AT1G79700, AT1G80840, AT2G28350, AT2G33310, AT2G34140, AT2G38470, AT2G40140, AT2G42430, AT2G43060, AT2G44840, AT2G45420, AT2G47260, AT3G01970, AT3G04570, AT3G15540, AT3G16500, AT3G23030, AT3G23050, AT3G23250, AT3G25710, AT3G25730, AT3G46600, AT3G50060, AT3G56170, AT3G58120, AT3G58190, AT3G60530, AT3G60630, AT3G62100, AT4G09460, AT4G12040, AT4G14550, AT4G14560, AT4G17460, AT4G17490, AT4G22820, AT4G23750, AT4G25280, AT4G28640, AT4G30080, AT4G32280, AT4G36540, AT4G37790, AT5G01840, AT5G04340, AT5G06080, AT5G13330, AT5G15160, AT5G15920, AT5G25190, AT5G26930, AT5G43700, AT5G44260, AT5G47230, AT5G47370, AT5G48150, AT5G50570, AT5G51190, AT5G53290, AT5G53980, AT5G59820, AT5G61600, AT5G63790, AT5G65310, AT5G65320, AT5G65640, AT5G65670, AT5G67060	IAA10, SHY2, BHLH149, AT1G15430, IAA5, BEE1, ARF19, TLP10, STZ, ERF11, BHLH144, STOP1, ERF014, IAA6, ERF8, BG3, MIF1, WRI4, WRKY40, ARF10, IAA13, CDF4, WRKY33, CZF1, LBD16, IBH1, ERF13, LBD18, WRKY23, WRKY45, AHL19, IAA19, PAP1, IAA2, IAA7, MYB15, BHLH32, EDF3, SCL30, MYB77, CAN, BZIP61, LBD29, GATA4, HAM2, IAA30, MYB6, SAP7, IAA14, IAA1, HAT1, ERF6, SAP9, CRF2, UMK2, IAA11, ARF16, IAA29, BEE2, HAT22, OFP1, ZAT6, LBD33, Rap2.6L, BNQ2, SMC5, ESE3, GATA23, ATAUX2-11, TZF5, ERF5, HAT2, PAT1, SPL13A, ERF105, CRF3, HB52, RHL41, ERF104, NAC102, HB5, BHLH99, bHLH093, IAA9, HEC1
w:seedling	word	seedling	58	409	1614	21633	1.900718953654302	1.7058440239437512e-06	0.00027196027581731795	-5.768060681631198	-3.565494527043895	True	significant	True	seedling	seedling		AT1G02660, AT1G11000, AT1G17060, AT1G18400, AT1G18850, AT1G19220, AT1G74660, AT1G78100, AT2G01420, AT2G22810, AT2G23150, AT2G26530, AT2G28400, AT2G35930, AT2G36220, AT2G39870, AT2G42430, AT3G02170, AT3G02885, AT3G07210, AT3G10870, AT3G14060, AT3G17090, AT3G19200, AT3G23050, AT3G25640, AT3G25710, AT3G26470, AT3G27580, AT3G28340, AT3G29370, AT3G56880, AT3G60520, AT4G09890, AT4G11280, AT4G13235, AT4G17615, AT4G25420, AT4G26080, AT4G36540, AT4G37770, AT4G38410, AT4G39400, AT5G02760, AT5G03730, AT5G04670, AT5G10520, AT5G16110, AT5G24270, AT5G37770, AT5G48150, AT5G51810, AT5G57340, AT5G61900, AT5G63790, AT5G65300, AT5G65310, AT5G66080	PLIP2, MLO4, CYP72C1, BEE1, PCP2, ARF19, MIF1, AUF1, PIN4, ACS4, NRAMP3, AR781, S40-4, PUB23, AT2G36220, AT2G39870, LBD16, LNG2, GASA5, AT3G07210, MES17, AT3G14060, PP2C42, AT3G19200, IAA7, AT3G25640, BHLH32, AT3G26470, ATPK7, GATL10, P1R3, VQ24, AT3G60520, AT4G09890, ACS6, EDA21, CBL1, GA20OX1, ABI1, BEE2, ACS8, AT4G38410, BRI1, PP2C67, CTR1, EPCR2, RBK1, AT5G16110, SOS3, TCH2, PAT1, GA20OX2, MJB24.15, BON1, NAC102, SUPA, HB5, PP2C79
w:dicamba	word	dicamba	4	409	6	21633	35.26161369193154	1.8329168300484015e-06	0.0002892676015421843	-5.736857241022791	-3.5387002053405423	True	significant	False	amido synthetase	dicamba		AT1G59500, AT2G23170, AT4G27260, AT5G54510	GH3.4, GH3.3, WES1, DFL1
w:far	word	far	13	409	137	21633	5.018988810165439	2.0941884072863816e-06	0.00032719599675442435	-5.678984248844385	-3.485192018564587	True	significant	False	far red	far		AT1G02400, AT1G17060, AT2G18010, AT2G26710, AT4G25420, AT4G32280, AT4G36110, AT4G38860, AT5G04190, AT5G45340, AT5G48150, AT5G51810, AT5G65300	GA2OX6, CYP72C1, SAUR10, BAS1, GA20OX1, IAA29, SAUR9, SAUR16, PKS4, CYP707A3, PAT1, GA20OX2, SUPA
w:pin	word	pin	10	409	80	21633	6.6115525672371644	2.6485974863670117e-06	0.0004061452239063612	-5.576984037449137	-3.391318649516448	True	significant	True	pin	pin		AT1G04240, AT1G23080, AT1G70940, AT1G73590, AT2G01420, AT2G44830, AT2G47260, AT3G27580, AT4G37590, AT5G61900	SHY2, PIN7, PIN3, PIN1, PIN4, PAX, WRKY23, ATPK7, NPY5, BON1
w:cope	word	cope	5	409	13	21633	20.343238668422043	2.6774806747539154e-06	0.0004061452239063612	-5.572273655091074	-3.391318649516448	True	significant	False	amido synthetase	cope		AT1G59500, AT2G14960, AT2G23170, AT4G27260, AT5G54510	GH3.4, GH3.1, GH3.3, WES1, DFL1
w:naa	word	naa	5	409	13	21633	20.343238668422043	2.6774806747539154e-06	0.0004061452239063612	-5.572273655091074	-3.391318649516448	True	significant	True	naa	naa		AT1G59500, AT2G23170, AT4G26080, AT4G27260, AT5G54510	GH3.4, GH3.3, ABI1, WES1, DFL1
p:red light	phrase	red light	15	409	189	21633	4.197811153801375	3.330961415743202e-06	0.0004985991039666278	-5.477430397938324	-3.302248506302961	True	significant	False	far red	red light		AT1G02400, AT1G17060, AT1G22280, AT2G18010, AT2G26710, AT3G27580, AT4G25420, AT4G32280, AT4G36110, AT4G38860, AT5G04190, AT5G45340, AT5G48150, AT5G51810, AT5G65300	GA2OX6, CYP72C1, PAPP2C, SAUR10, BAS1, ATPK7, GA20OX1, IAA29, SAUR9, SAUR16, PKS4, CYP707A3, PAT1, GA20OX2, SUPA
w:absence	word	absence	17	409	239	21633	3.7622223813567124	3.3508004298832524e-06	0.0004985991039666278	-5.474851437512821	-3.302248506302961	True	significant	True	absence	absence		AT1G08430, AT1G52830, AT1G58340, AT2G22810, AT2G28400, AT2G41100, AT2G45400, AT3G03830, AT3G23050, AT4G11280, AT4G14550, AT4G25420, AT4G26080, AT4G37770, AT5G03730, AT5G37770, AT5G53980	ALMT1, IAA6, ZF14, ACS4, S40-4, TCH3, BEN1, SAUR28, IAA7, ACS6, IAA14, GA20OX1, ABI1, ACS8, CTR1, TCH2, HB52
k:Cell wall	keyword	Cell wall	19	409	293	21633	3.429883925665696	3.512626749122442e-06	0.0005177479276253682	-5.4543679957840006	-3.285881630768973	True	significant	True	Cell wall	Cell wall	Cell wall biogenesis/degradation	AT1G10550, AT1G20190, AT1G30700, AT1G30720, AT1G30760, AT1G53840, AT1G80240, AT2G39700, AT3G02885, AT3G10720, AT3G43270, AT4G20830, AT4G25810, AT4G30280, AT4G30290, AT4G32460, AT5G06860, AT5G45280, AT5G57560	XTH33, EXPA11, AtBBE8, AtBBE10, AtBBE-like 13, PME1, DGR1, EXPA4, GASA5, PME25, PME32, AtBBE19, XTR6, XTH18, XTH19, BDX, PGIP1, PAE11, TCH4
w:regulate	word	regulate	58	409	1654	21633	1.8547523525985754	3.6495476044382267e-06	0.0005329021660910548	-5.437760967070358	-3.2733525144757696	True	significant	True	regulate	regulate		AT1G04240, AT1G09250, AT1G19220, AT1G22280, AT1G25280, AT1G27730, AT1G28370, AT1G44830, AT1G51170, AT1G53170, AT1G55500, AT1G57560, AT1G66400, AT1G74660, AT1G75640, AT2G18010, AT2G19620, AT2G23150, AT2G26070, AT2G30020, AT2G30140, AT2G34140, AT2G35930, AT2G38470, AT2G41230, AT2G43060, AT2G45400, AT2G45420, AT3G02170, AT3G04570, AT3G13380, AT3G20830, AT3G27580, AT3G50060, AT3G61160, AT3G61460, AT4G12720, AT4G13195, AT4G16515, AT4G17460, AT4G24160, AT4G26080, AT4G32460, AT4G34760, AT4G36110, AT4G37590, AT4G38860, AT4G39400, AT5G01840, AT5G03730, AT5G04340, AT5G13190, AT5G15160, AT5G15580, AT5G37770, AT5G47370, AT5G54490, AT5G59820	SHY2, BHLH149, ARF19, PAPP2C, TLP10, STZ, ERF11, ERF014, UCN, ERF8, ECT4, MYB50, CML23, MIF1, MUS, SAUR10, NDL3, NRAMP3, RTE1, AP2C1, UGT87A2, CDF4, PUB23, WRKY33, ORS1, IBH1, BEN1, LBD18, LNG2, AHL19, BRL3, UCNL, ATPK7, MYB77, ASK2, BRH1, NUDT7, CLE44, RGF6, HAT1, AT4G24160, ABI1, BDX, SAUR50, SAUR9, NPY5, SAUR16, BRI1, OFP1, CTR1, ZAT6, GILP, BNQ2, LNG1, TCH2, HAT2, PBP1, RHL41
w:early	word	early	39	409	939	21633	2.19680979869861	3.880948559803543e-06	0.0005614438916515791	-5.4110621135963735	-3.2506936388035252	True	significant	True	early	early		AT1G04100, AT1G04240, AT1G11000, AT1G15580, AT1G17060, AT1G19220, AT1G23080, AT1G27730, AT1G51170, AT1G52830, AT2G22810, AT2G23150, AT2G26070, AT2G26530, AT2G26710, AT2G28350, AT2G33310, AT2G34260, AT3G15540, AT3G16500, AT3G23030, AT3G23050, AT3G62100, AT4G11280, AT4G14550, AT4G14560, AT4G17615, AT4G28640, AT4G30080, AT4G32280, AT4G37770, AT4G39400, AT5G01180, AT5G02760, AT5G03730, AT5G43700, AT5G48150, AT5G65300, AT5G65670	IAA10, SHY2, MLO4, IAA5, CYP72C1, ARF19, PIN7, STZ, UCN, IAA6, ACS4, NRAMP3, RTE1, AR781, BAS1, ARF10, IAA13, WDR55, IAA19, PAP1, IAA2, IAA7, IAA30, ACS6, IAA14, IAA1, CBL1, IAA11, ARF16, IAA29, ACS8, BRI1, PTR5, PP2C67, CTR1, ATAUX2-11, PAT1, SUPA, IAA9
w:bhlh	word	bhlh	12	409	128	21633	4.958664425427873	5.852725620227107e-06	0.0008389264687195258	-5.232641835430405	-3.0762761030912307	True	significant	True	bhlh	bhlh	basic helix, helix loop, loop helix, bhlh transcription, helix, basic	AT1G09250, AT1G18400, AT1G29950, AT2G43060, AT3G25710, AT3G29370, AT4G36540, AT5G15160, AT5G57760, AT5G65320, AT5G65640, AT5G67060	BHLH149, BEE1, BHLH144, IBH1, BHLH32, P1R3, BEE2, BNQ2, MRI1.12, BHLH99, bHLH093, HEC1
w:argo	word	argo	3	409	3	21633	52.89242053789731	6.709464486065676e-06	0.0009444024606332443	-5.173312141534092	-3.0248428900409516	True	significant	True	argo	argo	osr	AT2G41230, AT2G44080, AT3G59900	ORS1, ARL, ARGOS
w:osr	word	osr	3	409	3	21633	52.89242053789731	6.709464486065676e-06	0.0009444024606332443	-5.173312141534092	-3.0248428900409516	True	significant	False	argo	osr		AT2G41230, AT2G44080, AT3G59900	ORS1, ARL, ARGOS
w:naphthaleneacetic	word	naphthaleneacetic	4	409	8	21633	26.446210268948654	8.299643738010763e-06	0.001157800301452502	-5.080940549303049	-2.9363663416934327	True	significant	False	amido synthetase	naphthaleneacetic		AT1G59500, AT2G23170, AT4G27260, AT5G54510	GH3.4, GH3.3, WES1, DFL1
w:cold	word	cold	45	409	1196	21633	1.9900994349543302	8.919290890709575e-06	0.001233230096251739	-5.049669671912388	-2.908955885116009	True	significant	True	cold	cold		AT1G02660, AT1G06080, AT1G09350, AT1G18850, AT1G27730, AT1G78100, AT2G19620, AT2G26530, AT2G35930, AT2G36220, AT2G38470, AT2G39870, AT2G40140, AT3G02170, AT3G07210, AT3G14060, AT3G19200, AT3G23250, AT3G25640, AT3G25710, AT3G26470, AT3G28340, AT3G29370, AT3G56880, AT3G60520, AT4G09890, AT4G13235, AT4G17490, AT4G17615, AT4G20170, AT4G26080, AT4G38410, AT5G04340, AT5G10520, AT5G16110, AT5G37770, AT5G47230, AT5G51190, AT5G57340, AT5G57560, AT5G59010, AT5G59820, AT5G63790, AT5G65300, AT5G66080	PLIP2, ADS1, GolS3, PCP2, STZ, AUF1, NDL3, AR781, PUB23, AT2G36220, WRKY33, AT2G39870, CZF1, LNG2, AT3G07210, AT3G14060, AT3G19200, MYB15, AT3G25640, BHLH32, AT3G26470, GATL10, P1R3, VQ24, AT3G60520, AT4G09890, EDA21, ERF6, CBL1, GALS3, ABI1, AT4G38410, ZAT6, RBK1, AT5G16110, TCH2, ERF5, ERF105, MJB24.15, TCH4, BSK5, RHL41, NAC102, SUPA, PP2C79
w:transduction	word	transduction	35	409	837	21633	2.2117499627555626	1.0761539663523658e-05	0.0014748973307271368	-4.968125589307492	-2.831238210364167	True	significant	True	transduction	signal transduction	signal, signal transduction	AT1G04310, AT1G22280, AT1G28370, AT1G44830, AT1G53170, AT1G79700, AT2G25790, AT2G26710, AT2G38470, AT2G40940, AT2G44840, AT3G03840, AT3G25730, AT3G50060, AT4G13195, AT4G16515, AT4G17490, AT4G23510, AT4G23750, AT4G26080, AT4G36110, AT4G39400, AT5G02760, AT5G03730, AT5G04870, AT5G06860, AT5G13330, AT5G18060, AT5G25190, AT5G47230, AT5G48150, AT5G51190, AT5G53290, AT5G54510, AT5G61600	ERS2, PAPP2C, ERF11, ERF014, ERF8, WRI4, SKM1, BAS1, WRKY33, ERS1, ERF13, SAUR27, EDF3, MYB77, CLE44, RGF6, ERF6, AT4G23510, CRF2, ABI1, SAUR9, BRI1, PP2C67, CTR1, CPK1, PGIP1, Rap2.6L, SAUR23, ESE3, ERF5, PAT1, ERF105, CRF3, DFL1, ERF104
w:signal	word	signal	44	409	1168	21633	1.9925226914961316	1.0965502639920763e-05	0.0014897827238793218	-4.9599714562125605	-2.8268770662863743	True	significant	False	transduction	signal		AT1G04310, AT1G22280, AT1G28370, AT1G34110, AT1G44830, AT1G53170, AT1G73590, AT1G74660, AT1G79700, AT2G26710, AT2G38470, AT2G39370, AT2G40940, AT2G44840, AT3G03840, AT3G24240, AT3G25730, AT3G50060, AT3G61160, AT4G08950, AT4G13195, AT4G16515, AT4G17490, AT4G23510, AT4G23750, AT4G26080, AT4G34760, AT4G36110, AT4G39400, AT5G02760, AT5G03730, AT5G04870, AT5G06860, AT5G09970, AT5G13330, AT5G18060, AT5G25190, AT5G47230, AT5G48150, AT5G51190, AT5G52900, AT5G53290, AT5G54510, AT5G61600	ERS2, PAPP2C, ERF11, RGI5, ERF014, ERF8, PIN1, MIF1, WRI4, BAS1, WRKY33, MAKR4, ERS1, ERF13, SAUR27, RGI1, EDF3, MYB77, ASK2, EXO, CLE44, RGF6, ERF6, AT4G23510, CRF2, ABI1, SAUR50, SAUR9, BRI1, PP2C67, CTR1, CPK1, PGIP1, CYP78A7, Rap2.6L, SAUR23, ESE3, ERF5, PAT1, ERF105, MAKR6, CRF3, DFL1, ERF104
p:amido conjugating	phrase	amido conjugating	5	409	17	21633	15.55659427585215	1.2093538610808288e-05	0.001601266502163294	-4.917446604491638	-2.7955363815179655	True	significant	False	amido synthetase	amido conjugating		AT1G59500, AT2G14960, AT2G23170, AT4G27260, AT5G54510	GH3.4, GH3.1, GH3.3, WES1, DFL1
p:iaa amido	phrase	iaa amido	5	409	17	21633	15.55659427585215	1.2093538610808288e-05	0.001601266502163294	-4.917446604491638	-2.7955363815179655	True	significant	False	amido synthetase	iaa amido		AT1G59500, AT2G14960, AT2G23170, AT4G27260, AT5G54510	GH3.4, GH3.1, GH3.3, WES1, DFL1
w:erebp	word	erebp	5	409	17	21633	15.55659427585215	1.2093538610808288e-05	0.001601266502163294	-4.917446604491638	-2.7955363815179655	True	significant	True	erebp	erebp		AT1G28370, AT1G53170, AT2G44840, AT4G17490, AT5G47230	ERF11, ERF8, ERF13, ERF6, ERF5
w:red	word	red	15	409	211	21633	3.7601246827889088	1.2672746198409129e-05	0.0016638570302852469	-4.897129262813425	-2.7788839939261574	True	significant	False	far red	red		AT1G02400, AT1G17060, AT1G22280, AT2G18010, AT2G26710, AT3G27580, AT4G25420, AT4G32280, AT4G36110, AT4G38860, AT5G04190, AT5G45340, AT5G48150, AT5G51810, AT5G65300	GA2OX6, CYP72C1, PAPP2C, SAUR10, BAS1, ATPK7, GA20OX1, IAA29, SAUR9, SAUR16, PKS4, CYP707A3, PAT1, GA20OX2, SUPA
w:wounding	word	wounding	18	409	294	21633	3.238311461503917	1.3880367874657158e-05	0.001807223897280363	-4.8575990235197475	-2.742988039287574	True	significant	True	wounding	wounding		AT1G01470, AT1G27730, AT1G73080, AT1G76650, AT1G80840, AT2G18980, AT2G30020, AT2G30040, AT3G23050, AT3G44260, AT3G44540, AT4G11280, AT5G04190, AT5G14130, AT5G39580, AT5G59820, AT5G64100, AT5G64900	LEA14, STZ, PEPR1, CML38, WRKY40, PER16, AP2C1, MAPKKK14, IAA7, CAF1a, FAR4, ACS6, PKS4, PER55, PER62, RHL41, PER69, PROPEP1
k:Fruit ripening	keyword	Fruit ripening	4	409	9	21633	23.507742461287695	1.4716104594544586e-05	0.001824796969723529	-4.832207134086893	-2.738785448924658	True	significant	True	Fruit ripening	Fruit ripening	Ethylene biosynthesis, curling tip, hypocotyl gravistimulation, methionine methylthioadenosine, methylthioadenosine lyase, hook curvature, methylthioadenosine, aminocyclopropane, downward curling, gravistimulation, acs	AT1G05010, AT2G22810, AT4G11280, AT4G37770	EFE, ACS4, ACS6, ACS8
p:mechanistic link	phrase	mechanistic link	4	409	9	21633	23.507742461287695	1.4716104594544586e-05	0.001824796969723529	-4.832207134086893	-2.738785448924658	True	significant	True	mechanistic link	mechanistic link	terminal autoinhibitory, mechanistic, branch angle, facilitation, autoinhibitory, link, acidification, drive	AT2G18010, AT4G34760, AT4G36110, AT4G38860	SAUR10, SAUR50, SAUR9, SAUR16
p:micropylar endosperm	phrase	micropylar endosperm	4	409	9	21633	23.507742461287695	1.4716104594544586e-05	0.001824796969723529	-4.832207134086893	-2.738785448924658	True	significant	True	micropylar endosperm	micropylar endosperm	endosperm facing, total peroxidase, micropylar, facing, radicle	AT2G18980, AT5G39580, AT5G64100, AT5G66460	PER16, PER62, PER69, MAN7
p:terminal autoinhibitory	phrase	terminal autoinhibitory	4	409	9	21633	23.507742461287695	1.4716104594544586e-05	0.001824796969723529	-4.832207134086893	-2.738785448924658	True	significant	False	mechanistic link	terminal autoinhibitory		AT2G18010, AT4G34760, AT4G36110, AT4G38860	SAUR10, SAUR50, SAUR9, SAUR16
w:paa	word	paa	4	409	9	21633	23.507742461287695	1.4716104594544586e-05	0.001824796969723529	-4.832207134086893	-2.738785448924658	True	significant	False	amido synthetase	paa		AT1G59500, AT2G23170, AT4G27260, AT5G54510	GH3.4, GH3.3, WES1, DFL1
w:pyruvic	word	pyruvic	4	409	9	21633	23.507742461287695	1.4716104594544586e-05	0.001824796969723529	-4.832207134086893	-2.738785448924658	True	significant	False	amido synthetase	pyruvic		AT1G59500, AT2G23170, AT4G27260, AT5G54510	GH3.4, GH3.3, WES1, DFL1
k:Nucleus	keyword	Nucleus	105	409	3769	21633	1.473521930612687	1.523823610263525e-05	0.0018746629989572696	-4.817065301712129	-2.727076792388288	True	significant	True	Nucleus	Nucleus		AT1G04100, AT1G04240, AT1G09250, AT1G15580, AT1G18400, AT1G19220, AT1G22280, AT1G25280, AT1G27730, AT1G28370, AT1G29950, AT1G34370, AT1G44830, AT1G51170, AT1G52830, AT1G53170, AT1G57560, AT1G67340, AT1G74650, AT1G78100, AT1G79700, AT1G80840, AT2G28350, AT2G30020, AT2G30060, AT2G33310, AT2G34140, AT2G34260, AT2G38470, AT2G40140, AT2G41230, AT2G42430, AT2G43060, AT2G44080, AT2G44840, AT2G45420, AT2G47260, AT3G01970, AT3G04570, AT3G06410, AT3G10530, AT3G15540, AT3G16310, AT3G16500, AT3G20830, AT3G23030, AT3G23050, AT3G23250, AT3G25710, AT3G25730, AT3G44260, AT3G46600, AT3G50060, AT3G58120, AT3G59900, AT3G60530, AT3G60630, AT3G62100, AT4G01680, AT4G09460, AT4G12720, AT4G14550, AT4G14560, AT4G17460, AT4G17490, AT4G22380, AT4G23750, AT4G25280, AT4G26080, AT4G28640, AT4G29780, AT4G30080, AT4G32280, AT4G36540, AT4G37790, AT4G38580, AT5G01840, AT5G04340, AT5G04670, AT5G10520, AT5G13330, AT5G15160, AT5G15580, AT5G15920, AT5G20820, AT5G22250, AT5G24270, AT5G25190, AT5G26930, AT5G43700, AT5G47230, AT5G47370, AT5G50570, AT5G51190, AT5G52910, AT5G53290, AT5G53980, AT5G59820, AT5G61600, AT5G63790, AT5G65310, AT5G65320, AT5G65640, AT5G65670, AT5G67060	IAA10, SHY2, BHLH149, IAA5, BEE1, ARF19, PAPP2C, TLP10, STZ, ERF11, BHLH144, STOP1, ERF014, UCN, IAA6, ERF8, MYB50, AT1G67340, MYB31, AUF1, WRI4, WRKY40, ARF10, AP2C1, RANBP1B, IAA13, CDF4, WDR55, WRKY33, CZF1, ORS1, LBD16, IBH1, ARL, ERF13, LBD18, WRKY23, WRKY45, AHL19, AtC3H34, AT3G10530, IAA19, NUP35, PAP1, UCNL, IAA2, IAA7, MYB15, BHLH32, EDF3, CAF1a, SCL30, MYB77, BZIP61, ARGOS, GATA4, HAM2, IAA30, MYB55, MYB6, NUDT7, IAA14, IAA1, HAT1, ERF6, AT4G22380, CRF2, UMK2, ABI1, IAA11, AT4G29780, ARF16, IAA29, BEE2, HAT22, FP6, OFP1, ZAT6, EPCR2, RBK1, Rap2.6L, BNQ2, LNG1, SMC5, SAUR76, CAF1b, SOS3, ESE3, GATA23, ATAUX2-11, ERF5, HAT2, SPL13A, ERF105, ATIM, CRF3, HB52, RHL41, ERF104, NAC102, HB5, BHLH99, bHLH093, IAA9, HEC1
w:acid	word	acid	88	409	3009	21633	1.546870391271174	1.548379919551015e-05	0.0018899912393019584	-4.810122469544207	-2.723540208912277	True	significant	True	acid	acid		AT1G02660, AT1G04100, AT1G04240, AT1G05010, AT1G06080, AT1G08430, AT1G15580, AT1G19220, AT1G19440, AT1G21980, AT1G27730, AT1G34370, AT1G44830, AT1G50740, AT1G52830, AT1G58340, AT1G59500, AT1G70940, AT1G73080, AT1G73590, AT1G74660, AT1G79700, AT1G80840, AT2G14960, AT2G19620, AT2G21050, AT2G22810, AT2G23170, AT2G28350, AT2G28400, AT2G30020, AT2G30040, AT2G33310, AT2G38470, AT2G39030, AT2G41230, AT2G46740, AT3G02885, AT3G10870, AT3G13380, AT3G15540, AT3G16310, AT3G16500, AT3G23030, AT3G23050, AT3G23250, AT3G25780, AT3G44260, AT3G44540, AT3G50660, AT3G50930, AT3G56170, AT3G62100, AT4G11280, AT4G12110, AT4G13195, AT4G14550, AT4G14560, AT4G17615, AT4G22780, AT4G24160, AT4G24570, AT4G25420, AT4G26080, AT4G27260, AT4G28640, AT4G30420, AT4G32280, AT4G36110, AT4G37790, AT4G38410, AT4G38860, AT4G39400, AT5G03730, AT5G07440, AT5G13330, AT5G22250, AT5G37770, AT5G43700, AT5G45280, AT5G45340, AT5G52900, AT5G54510, AT5G59010, AT5G64900, AT5G65300, AT5G65310, AT5G65670	PLIP2, IAA10, SHY2, EFE, ADS1, ALMT1, IAA5, ARF19, KCS4, PIP5K1, STZ, STOP1, ERF014, FAX5, IAA6, ZF14, GH3.4, PIN3, PEPR1, PIN1, MIF1, WRI4, WRKY40, GH3.1, NDL3, LAX2, ACS4, GH3.3, ARF10, S40-4, AP2C1, MAPKKK14, IAA13, WRKY33, NATA1, ORS1, GulLO5, GASA5, MES17, BRL3, IAA19, NUP35, PAP1, IAA2, IAA7, MYB15, AOC3, CAF1a, FAR4, DWF4, BCS1, CAN, IAA30, ACS6, SMO1-1, CLE44, IAA14, IAA1, CBL1, ACR7, AT4G24160, DIC2, GA20OX1, ABI1, WES1, IAA11, UMAMIT34, IAA29, SAUR9, HAT22, AT4G38410, SAUR16, BRI1, CTR1, GDH2, Rap2.6L, CAF1b, TCH2, ATAUX2-11, PAE11, CYP707A3, MAKR6, DFL1, BSK5, PROPEP1, SUPA, HB5, IAA9
p:unidimensional cell	phrase	unidimensional cell	12	409	141	21633	4.501482598969984	1.57675068021812e-05	0.001895011740594454	-4.802236972977793	-2.722388095004832	True	significant	True	unidimensional cell	unidimensional cell	unidimensional	AT1G17060, AT1G20190, AT1G30570, AT2G18010, AT2G39700, AT3G02170, AT3G45960, AT3G50660, AT5G01840, AT5G15580, AT5G47370, AT5G54510	CYP72C1, EXPA11, HERK2, SAUR10, EXPA4, LNG2, EXLA3, DWF4, OFP1, LNG1, HAT2, DFL1
w:unidimensional	word	unidimensional	12	409	141	21633	4.501482598969984	1.57675068021812e-05	0.001895011740594454	-4.802236972977793	-2.722388095004832	True	significant	False	unidimensional cell	unidimensional		AT1G17060, AT1G20190, AT1G30570, AT2G18010, AT2G39700, AT3G02170, AT3G45960, AT3G50660, AT5G01840, AT5G15580, AT5G47370, AT5G54510	CYP72C1, EXPA11, HERK2, SAUR10, EXPA4, LNG2, EXLA3, DWF4, OFP1, LNG1, HAT2, DFL1
p:basic helix	phrase	basic helix	11	409	121	21633	4.808401867081574	1.914205832193261e-05	0.0022830192307013364	-4.718011364898013	-2.6414904302739792	True	significant	False	bhlh	basic helix		AT1G09250, AT1G18400, AT1G29950, AT2G43060, AT3G25710, AT3G29370, AT4G36540, AT5G15160, AT5G65320, AT5G65640, AT5G67060	BHLH149, BEE1, BHLH144, IBH1, BHLH32, P1R3, BEE2, BNQ2, BHLH99, bHLH093, HEC1
p:signal transduction	phrase	signal transduction	34	409	825	21633	2.1798088464103134	1.9456922206211164e-05	0.0023029920647715395	-4.710925857519561	-2.6377075584456127	True	significant	False	transduction	signal transduction		AT1G04310, AT1G22280, AT1G28370, AT1G44830, AT1G53170, AT1G79700, AT2G26710, AT2G38470, AT2G40940, AT2G44840, AT3G03840, AT3G25730, AT3G50060, AT4G13195, AT4G16515, AT4G17490, AT4G23510, AT4G23750, AT4G26080, AT4G36110, AT4G39400, AT5G02760, AT5G03730, AT5G04870, AT5G06860, AT5G13330, AT5G18060, AT5G25190, AT5G47230, AT5G48150, AT5G51190, AT5G53290, AT5G54510, AT5G61600	ERS2, PAPP2C, ERF11, ERF014, ERF8, WRI4, BAS1, WRKY33, ERS1, ERF13, SAUR27, EDF3, MYB77, CLE44, RGF6, ERF6, AT4G23510, CRF2, ABI1, SAUR9, BRI1, PP2C67, CTR1, CPK1, PGIP1, Rap2.6L, SAUR23, ESE3, ERF5, PAT1, ERF105, CRF3, DFL1, ERF104
w:low	word	low	31	409	721	21633	2.274154003709871	2.04766366269887e-05	0.0023942608349290626	-4.688741376519224	-2.6208285385579537	True	significant	True	low	low		AT1G04100, AT1G04240, AT1G08430, AT1G15580, AT1G17060, AT1G34370, AT1G35140, AT1G52830, AT1G76650, AT2G18010, AT2G23150, AT2G30070, AT2G33310, AT3G15540, AT3G16500, AT3G23030, AT3G23050, AT3G62100, AT4G14550, AT4G14560, AT4G17615, AT4G26080, AT4G28640, AT4G32280, AT5G06860, AT5G24270, AT5G43700, AT5G61900, AT5G63790, AT5G65300, AT5G65670	IAA10, SHY2, ALMT1, IAA5, CYP72C1, STOP1, PHI-1, IAA6, CML38, SAUR10, NRAMP3, KT1, IAA13, IAA19, PAP1, IAA2, IAA7, IAA30, IAA14, IAA1, CBL1, ABI1, IAA11, IAA29, PGIP1, SOS3, ATAUX2-11, BON1, NAC102, SUPA, IAA9
p:helix loop	phrase	helix loop	11	409	122	21633	4.768988737023528	2.068773762899535e-05	0.0023942608349290626	-4.684287000342746	-2.6208285385579537	True	significant	False	bhlh	helix loop		AT1G09250, AT1G18400, AT1G29950, AT2G43060, AT3G25710, AT3G29370, AT4G36540, AT5G15160, AT5G65320, AT5G65640, AT5G67060	BHLH149, BEE1, BHLH144, IBH1, BHLH32, P1R3, BEE2, BNQ2, BHLH99, bHLH093, HEC1
p:loop helix	phrase	loop helix	11	409	122	21633	4.768988737023528	2.068773762899535e-05	0.0023942608349290626	-4.684287000342746	-2.6208285385579537	True	significant	False	bhlh	loop helix		AT1G09250, AT1G18400, AT1G29950, AT2G43060, AT3G25710, AT3G29370, AT4G36540, AT5G15160, AT5G65320, AT5G65640, AT5G67060	BHLH149, BEE1, BHLH144, IBH1, BHLH32, P1R3, BEE2, BNQ2, BHLH99, bHLH093, HEC1
w:basipetal	word	basipetal	6	409	31	21633	10.23724268475432	2.171788284715551e-05	0.0024950014823820433	-4.663182513918048	-2.602929192008467	True	significant	True	basipetal	basipetal	basipetal auxin	AT1G73590, AT1G78100, AT2G19620, AT2G21050, AT3G27580, AT4G37590	PIN1, AUF1, NDL3, LAX2, ATPK7, NPY5
w:gibberellin	word	gibberellin	14	409	196	21633	3.778030038421236	2.330465283031558e-05	0.002657751064385772	-4.6325573623731575	-2.575485699249766	True	significant	True	gibberellin	gibberellin		AT1G02400, AT1G74660, AT2G43060, AT3G02885, AT4G17615, AT4G25420, AT4G26080, AT4G32460, AT4G39400, AT5G01840, AT5G03730, AT5G15160, AT5G51810, AT5G65640	GA2OX6, MIF1, IBH1, GASA5, CBL1, GA20OX1, ABI1, BDX, BRI1, OFP1, CTR1, BNQ2, GA20OX2, bHLH093
w:mechanistic	word	mechanistic	4	409	10	21633	21.156968215158923	2.4160533209610568e-05	0.0027353925425141713	-4.616893485306028	-2.562980341427467	True	significant	False	mechanistic link	mechanistic		AT2G18010, AT4G34760, AT4G36110, AT4G38860	SAUR10, SAUR50, SAUR9, SAUR16
p:conjugate asp	phrase	conjugate asp	3	409	4	21633	39.669315403422985	2.6460043439222133e-05	0.00295294084781719	-4.577409447170476	-2.529745252568916	True	significant	True	conjugate asp	conjugate asp		AT1G59500, AT2G23170, AT4G27260	GH3.4, GH3.3, WES1
w:connective	word	connective	3	409	4	21633	39.669315403422985	2.6460043439222133e-05	0.00295294084781719	-4.577409447170476	-2.529745252568916	True	significant	True	connective	connective	pin formed, strigolactone, efflux carrier, cat	AT1G23080, AT1G70940, AT2G01420	PIN7, PIN3, PIN4
p:dark green	phrase	dark green	8	409	64	21633	6.611552567237164	2.674986403847566e-05	0.002964112593880454	-4.57267842102555	-2.528105303401132	True	significant	True	dark green	dark green		AT1G17060, AT1G74660, AT3G23050, AT3G50660, AT4G25420, AT4G26080, AT4G39400, AT5G65640	CYP72C1, MIF1, IAA7, DWF4, GA20OX1, ABI1, BRI1, bHLH093
w:hormone	word	hormone	14	409	199	21633	3.721074811711368	2.75924496086844e-05	0.0030359467090569393	-4.559209741916261	-2.517705856019519	True	significant	True	hormone	hormone		AT1G19220, AT1G34110, AT1G74660, AT2G22810, AT2G22830, AT2G28350, AT2G41230, AT2G44080, AT3G24240, AT3G59900, AT3G63440, AT4G16515, AT4G30080, AT5G13330	ARF19, RGI5, MIF1, ACS4, SQE2, ARF10, ORS1, ARL, RGI1, ARGOS, CKX6, RGF6, ARF16, Rap2.6L
w:amido	word	amido	5	409	21	21633	12.593433461404121	3.736359074310307e-05	0.004029900195700926	-4.427551393550617	-2.3947057094403017	True	significant	False	amido synthetase	amido		AT1G59500, AT2G14960, AT2G23170, AT4G27260, AT5G54510	GH3.4, GH3.1, GH3.3, WES1, DFL1
p:branch angle	phrase	branch angle	4	409	11	21633	19.233607468326294	3.7399867407618665e-05	0.004029900195700926	-4.427129937485125	-2.3947057094403017	True	significant	False	mechanistic link	branch angle		AT2G18010, AT4G34760, AT4G36110, AT4G38860	SAUR10, SAUR50, SAUR9, SAUR16
w:facilitation	word	facilitation	4	409	11	21633	19.233607468326294	3.7399867407618665e-05	0.004029900195700926	-4.427129937485125	-2.3947057094403017	True	significant	False	mechanistic link	facilitation		AT2G18010, AT4G34760, AT4G36110, AT4G38860	SAUR10, SAUR50, SAUR9, SAUR16
w:angle	word	angle	6	409	34	21633	9.33395656551129	3.781453683882499e-05	0.004046673449108231	-4.422341214574349	-2.392901840078988	True	significant	True	angle	angle		AT1G19220, AT2G01420, AT2G18010, AT4G34760, AT4G36110, AT4G38860	ARF19, PIN4, SAUR10, SAUR50, SAUR9, SAUR16
p:inflorescence stem	phrase	inflorescence stem	9	409	87	21633	5.471629710816964	3.945990083585245e-05	0.004194023745982034	-4.403844010480082	-2.37736911494846	True	significant	True	inflorescence stem	inflorescence stem	inflorescence	AT1G19220, AT1G73590, AT3G28180, AT3G61460, AT4G30290, AT4G31590, AT4G39400, AT5G13330, AT5G15160	ARF19, PIN1, CSLC04, BRH1, XTH19, CSLC5, BRI1, Rap2.6L, BNQ2
p:calcium sensor	phrase	calcium sensor	8	409	68	21633	6.22263771034086	4.1830718289904665e-05	0.004415967179469396	-4.3785046779327885	-2.354974163047948	True	significant	True	calcium sensor	calcium sensor	potential calcium, sensor	AT1G66400, AT1G76650, AT2G41100, AT2G43290, AT4G17615, AT4G27280, AT5G24270, AT5G54490	CML23, CML38, TCH3, MSS3, CBL1, KRP1, SOS3, PBP1
w:leave	word	leave	43	409	1198	21633	1.898475862378618	4.3439579408190984e-05	0.004555033481030712	-4.362114388336016	-2.3415084264684918	True	significant	True	leave	leave		AT1G04240, AT1G08430, AT1G11000, AT1G17060, AT1G19220, AT1G21980, AT1G55500, AT1G73590, AT1G74660, AT2G21050, AT2G22810, AT2G41230, AT2G42430, AT2G45400, AT2G45420, AT3G23050, AT3G25780, AT3G27580, AT3G50660, AT3G58190, AT3G59900, AT3G60630, AT3G61460, AT4G02220, AT4G08950, AT4G11280, AT4G12720, AT4G13195, AT4G14560, AT4G23750, AT4G25420, AT4G26080, AT4G32460, AT4G37770, AT4G39400, AT5G03730, AT5G06080, AT5G19530, AT5G24270, AT5G53290, AT5G61900, AT5G65300, AT5G65640	SHY2, ALMT1, MLO4, CYP72C1, ARF19, PIP5K1, ECT4, PIN1, MIF1, LAX2, ACS4, ORS1, LBD16, BEN1, LBD18, IAA7, AOC3, ATPK7, DWF4, LBD29, ARGOS, HAM2, BRH1, PDCD2, EXO, ACS6, NUDT7, CLE44, IAA1, CRF2, GA20OX1, ABI1, BDX, ACS8, BRI1, CTR1, LBD33, ACL5, SOS3, CRF3, BON1, SUPA, bHLH093
w:area	word	area	10	409	110	21633	4.808401867081574	4.564411812362284e-05	0.004754291343756555	-4.340615179379101	-2.322914208154984	True	significant	True	area	area		AT1G19220, AT2G30040, AT2G41230, AT3G59900, AT3G60630, AT4G16515, AT4G25280, AT5G09970, AT5G19530, AT5G44260	ARF19, MAPKKK14, ORS1, ARGOS, HAM2, RGF6, UMK2, CYP78A7, ACL5, TZF5
w:resistant	word	resistant	16	409	265	21633	3.193504636250404	4.8969370831292524e-05	0.005066870528927913	-4.310075475852176	-2.295260192865547	True	significant	True	resistant	resistant		AT1G04310, AT1G17060, AT1G19220, AT1G30570, AT1G80840, AT2G21050, AT2G35930, AT2G40940, AT3G23050, AT4G14560, AT4G20830, AT4G25420, AT4G26080, AT5G03730, AT5G24270, AT5G37770	ERS2, CYP72C1, ARF19, HERK2, WRKY40, LAX2, PUB23, ERS1, IAA7, IAA1, AtBBE19, GA20OX1, ABI1, CTR1, SOS3, TCH2
w:petiole	word	petiole	12	409	159	21633	3.9918807953130044	5.199746715571473e-05	0.005344792281847941	-4.284017810732262	-2.2720691683972367	True	significant	True	petiole	petiole		AT1G28370, AT1G53170, AT2G45400, AT3G02170, AT3G23050, AT3G50660, AT4G14560, AT4G39400, AT5G15580, AT5G19530, AT5G51810, AT5G65300	ERF11, ERF8, BEN1, LNG2, IAA7, DWF4, IAA1, BRI1, LNG1, ACL5, GA20OX2, SUPA
w:xyloglucan	word	xyloglucan	8	409	71	21633	5.959709356382795	5.731042788348433e-05	0.005852406047395812	-4.241766349058523	-2.2326655495963235	True	significant	True	xyloglucan	xyloglucan	xyloglucan metabolic, religate xyloglucan, xyloglucan endohydrolysis, xyloglucan endotransglucosylase, xyloglucan polymer	AT1G10550, AT3G28180, AT3G62720, AT4G25810, AT4G30280, AT4G30290, AT4G31590, AT5G57560	XTH33, CSLC04, XT1, XTR6, XTH18, XTH19, CSLC5, TCH4
p:auxin efflux	phrase	auxin efflux	7	409	53	21633	6.985791391797758	5.974478818049398e-05	0.006061380328130118	-4.223699974282345	-2.2174284648390103	True	significant	True	auxin efflux	auxin efflux	efflux	AT1G23080, AT1G70940, AT1G73590, AT2G01420, AT2G44830, AT3G27580, AT4G32460	PIN7, PIN3, PIN1, PIN4, PAX, ATPK7, BDX
p:oxidative stress	phrase	oxidative stress	40	409	1100	21633	1.9233607468326297	6.136505426863319e-05	0.006185597470278228	-4.212078877374283	-2.2086183452647767	True	significant	True	oxidative stress	oxidative stress	oxidative	AT1G02660, AT1G09350, AT1G09940, AT1G18850, AT1G27730, AT1G52200, AT1G78100, AT2G18980, AT2G26530, AT2G35930, AT2G36220, AT2G39870, AT3G02170, AT3G07210, AT3G14060, AT3G19200, AT3G25640, AT3G25710, AT3G26470, AT3G28340, AT3G29370, AT3G56880, AT3G60520, AT4G09890, AT4G11280, AT4G12720, AT4G13235, AT4G20830, AT4G24570, AT4G38410, AT5G10520, AT5G14130, AT5G16110, AT5G39580, AT5G54500, AT5G57340, AT5G59820, AT5G63790, AT5G64100, AT5G66080	PLIP2, GolS3, HEMA2, PCP2, STZ, PCR8, AUF1, PER16, AR781, PUB23, AT2G36220, AT2G39870, LNG2, AT3G07210, AT3G14060, AT3G19200, AT3G25640, BHLH32, AT3G26470, GATL10, P1R3, VQ24, AT3G60520, AT4G09890, ACS6, NUDT7, EDA21, AtBBE19, DIC2, AT4G38410, RBK1, PER55, AT5G16110, PER62, FQR1, MJB24.15, RHL41, NAC102, PER69, PP2C79
p:endosperm facing	phrase	endosperm facing	3	409	5	21633	31.735452322738386	6.521972138298648e-05	0.00649040080820243	-4.18562106082123	-2.1877284829506656	True	significant	False	micropylar endosperm	endosperm facing		AT2G18980, AT5G39580, AT5G64100	PER16, PER62, PER69
w:bee	word	bee	3	409	5	21633	31.735452322738386	6.521972138298648e-05	0.00649040080820243	-4.18562106082123	-2.1877284829506656	True	significant	True	bee	bee		AT1G18400, AT2G43060, AT4G36540	BEE1, IBH1, BEE2
w:elicitor	word	elicitor	10	409	115	21633	4.599340916338897	6.673359691120694e-05	0.006599023532536061	-4.17565546623885	-2.1805203229134746	True	significant	True	elicitor	elicitor		AT1G73080, AT1G80840, AT2G26530, AT2G38470, AT2G47260, AT3G01970, AT4G20830, AT4G37290, AT5G64900, AT5G64905	PEPR1, WRKY40, AR781, WRKY33, WRKY23, WRKY45, AtBBE19, PIP2, PROPEP1, PROPEP3
w:autoinhibitory	word	autoinhibitory	4	409	13	21633	16.274590934737635	7.863430240061244e-05	0.0077269329604224505	-4.104387961676645	-2.1119928557172982	True	significant	False	mechanistic link	autoinhibitory		AT2G18010, AT4G34760, AT4G36110, AT4G38860	SAUR10, SAUR50, SAUR9, SAUR16
w:height	word	height	12	409	167	21633	3.8006529727830403	8.360072979187718e-05	0.008163611264176812	-4.077789931374359	-2.0881176837504856	True	significant	True	height	height		AT1G08430, AT1G70940, AT2G01420, AT2G22810, AT3G62720, AT4G11280, AT4G13195, AT4G25420, AT4G26080, AT4G37770, AT4G39400, AT5G47230	ALMT1, PIN3, PIN4, ACS4, XT1, ACS6, CLE44, GA20OX1, ABI1, ACS8, BRI1, ERF5
p:shade avoidance	phrase	shade avoidance	6	409	39	21633	8.137295467368817	8.470390898360662e-05	0.008219961950061309	-4.072096547038392	-2.085130192790443	True	significant	True	shade avoidance	shade avoidance	shade, avoidance	AT1G18400, AT2G18010, AT3G50660, AT4G36540, AT5G15160, AT5G47370	BEE1, SAUR10, DWF4, BEE2, BNQ2, HAT2
p:bhlh transcription	phrase	bhlh transcription	10	409	120	21633	4.407701711491443	9.558984123256037e-05	0.00921910913220694	-4.019588259722538	-2.035311043985371	True	significant	False	bhlh	bhlh transcription		AT1G09250, AT1G18400, AT1G29950, AT2G43060, AT3G25710, AT4G36540, AT5G15160, AT5G65320, AT5G65640, AT5G67060	BHLH149, BEE1, BHLH144, IBH1, BHLH32, BEE2, BNQ2, BHLH99, bHLH093, HEC1
w:curling	word	curling	6	409	40	21633	7.9338630806845964	9.807659300550649e-05	0.009400912203178124	-4.00843462912876	-2.0268300032529196	True	significant	True	curling	curling		AT1G52830, AT2G22810, AT3G60630, AT4G11280, AT4G37770, AT4G39400	IAA6, ACS4, HAM2, ACS6, ACS8, BRI1
w:tolerance	word	tolerance	26	409	606	21633	2.26931177225302	9.890570636421669e-05	0.009422577781917815	-4.004778651062087	-2.0258302688299867	True	significant	True	tolerance	tolerance		AT1G08430, AT1G09350, AT1G27730, AT1G34370, AT1G60010, AT2G25790, AT2G37330, AT2G38470, AT2G40140, AT2G41230, AT3G01970, AT3G10930, AT3G23250, AT3G49220, AT4G17615, AT4G20170, AT4G37240, AT5G04340, AT5G12340, AT5G13330, AT5G24270, AT5G37770, AT5G45340, AT5G59010, AT5G59820, AT5G65300	ALMT1, GolS3, STZ, STOP1, AtPADRE7, SKM1, ALS3, WRKY33, CZF1, ORS1, WRKY45, IDL7, MYB15, PME34, CBL1, GALS3, AP22.53, ZAT6, AtPADRE20, Rap2.6L, SOS3, TCH2, CYP707A3, BSK5, RHL41, SUPA
w:increased	word	increased	47	409	1405	21633	1.769354993082686	0.00010429082592738037	0.00983801951204848	-3.981753893149211	-2.0070923204261506	True	significant	True	increased	increased		AT1G02660, AT1G17060, AT1G18850, AT1G19220, AT1G34370, AT1G55500, AT1G73590, AT1G76650, AT2G01420, AT2G22810, AT2G26710, AT2G28400, AT2G35930, AT2G38470, AT2G39030, AT2G40140, AT3G10930, AT3G14060, AT3G23050, AT3G25640, AT3G25710, AT3G26470, AT3G28340, AT3G60520, AT4G11280, AT4G13235, AT4G17490, AT4G17615, AT4G22820, AT4G25420, AT4G26080, AT4G37770, AT4G38410, AT4G39400, AT5G01840, AT5G09970, AT5G10520, AT5G13330, AT5G19530, AT5G24270, AT5G37770, AT5G45280, AT5G45340, AT5G50570, AT5G61900, AT5G63790, AT5G66080	PLIP2, CYP72C1, PCP2, ARF19, STOP1, ECT4, PIN1, CML38, PIN4, ACS4, BAS1, S40-4, PUB23, WRKY33, NATA1, CZF1, IDL7, AT3G14060, IAA7, AT3G25640, BHLH32, AT3G26470, GATL10, AT3G60520, ACS6, EDA21, ERF6, CBL1, SAP9, GA20OX1, ABI1, ACS8, AT4G38410, BRI1, OFP1, CYP78A7, RBK1, Rap2.6L, ACL5, SOS3, TCH2, PAE11, CYP707A3, SPL13A, BON1, NAC102, PP2C79
w:pathogenesis	word	pathogenesis	14	409	225	21633	3.2910839445802766	0.00010452580894777565	0.00983801951204848	-3.9807764626658937	-2.0070923204261506	True	significant	False	box pathogenesis	pathogenesis		AT1G28370, AT1G44830, AT1G53170, AT1G79700, AT2G44840, AT3G25730, AT4G17490, AT4G23750, AT5G13330, AT5G25190, AT5G47230, AT5G51190, AT5G53290, AT5G61600	ERF11, ERF014, ERF8, WRI4, ERF13, EDF3, ERF6, CRF2, Rap2.6L, ESE3, ERF5, ERF105, CRF3, ERF104
w:petal	word	petal	11	409	146	21633	3.985045382992263	0.00010774268488406141	0.010080070111548359	-3.967612206293276	-1.9965364471610614	True	significant	True	petal	petal		AT1G29430, AT1G29440, AT1G29450, AT1G29460, AT1G29490, AT1G29500, AT1G29510, AT1G51170, AT1G73590, AT2G28350, AT5G15160	SAUR62, SAUR63, SAUR64, SAUR65, SAUR68, SAUR66, SAUR68, UCN, PIN1, ARF10, BNQ2
w:curvature	word	curvature	6	409	41	21633	7.740354225058144	0.00011307442560596873	0.010515921581355094	-3.9466356097000346	-1.9781526611460993	True	significant	True	curvature	curvature		AT1G19220, AT1G70940, AT2G22810, AT3G50660, AT4G11280, AT4G37770	ARF19, PIN3, ACS4, DWF4, ACS6, ACS8
w:blade	word	blade	7	409	59	21633	6.275371928225104	0.00011997569906420147	0.011091717882716477	-3.9209067108780107	-1.955001185211886	True	significant	True	blade	blade	leaf blade	AT1G17060, AT2G22810, AT2G41230, AT2G45400, AT3G59900, AT4G11280, AT4G37770	CYP72C1, ACS4, ORS1, BEN1, ARGOS, ACS6, ACS8
p:big grain	phrase	big grain	3	409	6	21633	26.446210268948654	0.00012860652593592444	0.01146082081976727	-3.8907369932620917	-1.9407842772438588	True	significant	True	big grain	big grain	big	AT1G54200, AT3G42800, AT5G12050	BG3, AT3G42800, BG1
p:total peroxidase	phrase	total peroxidase	3	409	6	21633	26.446210268948654	0.00012860652593592444	0.01146082081976727	-3.8907369932620917	-1.9407842772438588	True	significant	False	micropylar endosperm	total peroxidase		AT2G18980, AT5G39580, AT5G64100	PER16, PER62, PER69
w:brs	word	brs	3	409	6	21633	26.446210268948654	0.00012860652593592444	0.01146082081976727	-3.8907369932620917	-1.9407842772438588	True	significant	True	brs	brs		AT1G17060, AT2G26710, AT3G61460	CYP72C1, BAS1, BRH1
p:fad linked	phrase	fad linked	6	409	42	21633	7.556060076842472	0.00012983648778154167	0.01146082081976727	-3.88660324116185	-1.9407842772438588	True	significant	True	fad linked	fad linked	flavin adenine, adenine dinucleotide, dinucleotide, fad	AT1G30700, AT1G30720, AT1G30760, AT2G46740, AT3G63440, AT4G20830	AtBBE8, AtBBE10, AtBBE-like 13, GulLO5, CKX6, AtBBE19
p:growing tissue	phrase	growing tissue	6	409	42	21633	7.556060076842472	0.00012983648778154167	0.01146082081976727	-3.88660324116185	-1.9407842772438588	True	significant	True	growing tissue	growing tissue	xet, growing, endotransglucosylase hydrolase, wall construction, xyloglucosyl transferase, endohydrolysis, endotransglucosylase, religate, xeh, xth, xyloglucosyl, construction	AT1G10550, AT3G50660, AT4G25810, AT4G30280, AT4G30290, AT5G57560	XTH33, DWF4, XTR6, XTH18, XTH19, TCH4
p:wall loosening	phrase	wall loosening	6	409	42	21633	7.556060076842472	0.00012983648778154167	0.01146082081976727	-3.88660324116185	-1.9407842772438588	True	significant	True	wall loosening	wall loosening	loosening	AT1G20190, AT2G39700, AT2G43060, AT2G45420, AT3G45960, AT5G66460	EXPA11, EXPA4, IBH1, LBD18, EXLA3, MAN7
p:xyloglucan metabolic	phrase	xyloglucan metabolic	6	409	42	21633	7.556060076842472	0.00012983648778154167	0.01146082081976727	-3.88660324116185	-1.9407842772438588	True	significant	False	xyloglucan	xyloglucan metabolic		AT1G10550, AT3G62720, AT4G25810, AT4G30280, AT4G30290, AT5G57560	XTH33, XT1, XTR6, XTH18, XTH19, TCH4
w:agc	word	agc	6	409	42	21633	7.556060076842472	0.00012983648778154167	0.01146082081976727	-3.88660324116185	-1.9407842772438588	True	significant	True	agc	agc	agc ser	AT1G51170, AT1G73590, AT2G44830, AT3G20830, AT3G27580, AT4G37590	UCN, PIN1, PAX, UCNL, ATPK7, NPY5
w:architecture	word	architecture	9	409	102	21633	4.666978282755645	0.00013742536297691572	0.012062549837928828	-3.8619331072735408	-1.9185608793026367	True	significant	True	architecture	architecture		AT1G74660, AT2G01420, AT3G03830, AT3G03840, AT4G17490, AT5G04340, AT5G24270, AT5G51190, AT5G61600	MIF1, PIN4, SAUR28, SAUR27, ERF6, ZAT6, SOS3, ERF105, ERF104
w:used	word	used	8	409	82	21633	5.160236150038762	0.00016029363139074282	0.013991216183513776	-3.7950837322110575	-1.8541445329111528	True	significant	True	used	used		AT1G59500, AT2G23170, AT2G39030, AT3G63440, AT4G27260, AT4G38850, AT5G45340, AT5G54510	GH3.4, GH3.3, NATA1, CKX6, WES1, SAUR15, CYP707A3, DFL1
w:paclobutrazol	word	paclobutrazol	5	409	28	21633	9.445075096053092	0.00016183240593896302	0.014047052835501995	-3.7909345092299844	-1.8524147840534924	True	significant	True	paclobutrazol	paclobutrazol		AT1G74660, AT4G26080, AT5G03730, AT5G15160, AT5G48150	MIF1, ABI1, CTR1, BNQ2, PAT1
w:etiolated	word	etiolated	8	409	84	21633	5.037373384561649	0.00018974509923774279	0.016348614262751436	-3.7218294323046357	-1.7865190530064643	True	significant	True	etiolated	etiolated	etiolated seedling	AT1G17060, AT2G22810, AT3G17090, AT3G50660, AT4G11280, AT4G37770, AT4G39400, AT5G02760	CYP72C1, ACS4, PP2C42, DWF4, ACS6, ACS8, BRI1, PP2C67
k:Ethylene biosynthesis	keyword	Ethylene biosynthesis	4	409	16	21633	13.223105134474327	0.00019135181455867166	0.016348614262751436	-3.718167415074801	-1.7865190530064643	True	significant	False	Fruit ripening	Ethylene biosynthesis		AT1G05010, AT2G22810, AT4G11280, AT4G37770	EFE, ACS4, ACS6, ACS8
w:loosening	word	loosening	6	409	45	21633	7.052322738386308	0.00019219917947463475	0.016348614262751436	-3.7162484707278223	-1.7865190530064643	True	significant	False	wall loosening	loosening		AT1G20190, AT2G39700, AT2G43060, AT2G45420, AT3G45960, AT5G66460	EXPA11, EXPA4, IBH1, LBD18, EXLA3, MAN7
p:apical hook	phrase	apical hook	5	409	29	21633	9.119382851361607	0.00019253360370879817	0.016348614262751436	-3.715493460276726	-1.7865190530064643	True	significant	True	apical hook	apical hook		AT1G17060, AT1G52830, AT3G17090, AT5G02760, AT5G03730	CYP72C1, IAA6, PP2C42, PP2C67, CTR1
w:heat	word	heat	40	409	1165	21633	1.8160487738333844	0.00020606319243753244	0.017402871992670314	-3.685999576143434	-1.7593790742666497	True	significant	True	heat	heat		AT1G02660, AT1G04310, AT1G18850, AT1G58340, AT1G77000, AT1G78100, AT2G26530, AT2G35930, AT2G36220, AT2G38470, AT2G39870, AT3G02170, AT3G02885, AT3G07210, AT3G14060, AT3G19200, AT3G25640, AT3G25710, AT3G26470, AT3G28340, AT3G29370, AT3G49220, AT3G56880, AT3G60520, AT4G09890, AT4G13235, AT4G24570, AT4G26080, AT4G38410, AT4G38580, AT5G10520, AT5G16110, AT5G37770, AT5G51190, AT5G57340, AT5G57560, AT5G59820, AT5G63790, AT5G65300, AT5G66080	PLIP2, ERS2, PCP2, ZF14, SKP2B, AUF1, AR781, PUB23, AT2G36220, WRKY33, AT2G39870, LNG2, GASA5, AT3G07210, AT3G14060, AT3G19200, AT3G25640, BHLH32, AT3G26470, GATL10, P1R3, PME34, VQ24, AT3G60520, AT4G09890, EDA21, DIC2, ABI1, AT4G38410, FP6, RBK1, AT5G16110, TCH2, ERF105, MJB24.15, TCH4, RHL41, NAC102, SUPA, PP2C79
w:change	word	change	36	409	1011	21633	1.883409633396937	0.0002169202737370725	0.018221302993914088	-3.6636998561892606	-1.739420570127379	True	significant	True	change	change		AT1G02660, AT1G08430, AT1G18850, AT1G35140, AT1G73590, AT1G78100, AT2G22810, AT2G26530, AT2G35930, AT2G36220, AT2G39870, AT3G02170, AT3G07210, AT3G14060, AT3G19200, AT3G25640, AT3G25710, AT3G26470, AT3G28340, AT3G29370, AT3G56880, AT3G59900, AT3G60520, AT4G09890, AT4G11280, AT4G13235, AT4G38410, AT5G10520, AT5G16110, AT5G37770, AT5G50570, AT5G54490, AT5G57340, AT5G57560, AT5G63790, AT5G66080	PLIP2, ALMT1, PCP2, PHI-1, PIN1, AUF1, ACS4, AR781, PUB23, AT2G36220, AT2G39870, LNG2, AT3G07210, AT3G14060, AT3G19200, AT3G25640, BHLH32, AT3G26470, GATL10, P1R3, VQ24, ARGOS, AT3G60520, AT4G09890, ACS6, EDA21, AT4G38410, RBK1, AT5G16110, TCH2, SPL13A, PBP1, MJB24.15, TCH4, NAC102, PP2C79
p:detectable xyloglucan	phrase	detectable xyloglucan	3	409	7	21633	22.66818023052742	0.0002219018081815825	0.018367430288475275	-3.6538391588762202	-1.735951599796528	True	significant	True	detectable xyloglucan	detectable xyloglucan	lack detectable, xyg, detectable, xylosyltransferase	AT3G28180, AT3G62720, AT4G31590	CSLC04, XT1, CSLC5
p:longitudinal direction	phrase	longitudinal direction	3	409	7	21633	22.66818023052742	0.0002219018081815825	0.018367430288475275	-3.6538391588762202	-1.735951599796528	True	significant	True	longitudinal direction	longitudinal direction	longitudinal	AT3G02170, AT5G01840, AT5G15580	LNG2, OFP1, LNG1
w:gus	word	gus	7	409	65	21633	5.696106827158172	0.00022218665671542675	0.018367430288475275	-3.653282025903082	-1.735951599796528	True	significant	True	gus	gus		AT1G11000, AT1G34370, AT1G77000, AT3G10870, AT3G50660, AT5G03730, AT5G65640	MLO4, STOP1, SKP2B, MES17, DWF4, CTR1, bHLH093
w:butyric	word	butyric	5	409	30	21633	8.815403422982886	0.0002274810141677774	0.018706122975565034	-3.6430548442211377	-1.7280162148941685	True	significant	True	butyric	butyric		AT1G59500, AT1G73590, AT2G23170, AT4G27260, AT5G54510	GH3.4, PIN1, GH3.3, WES1, DFL1
w:salt	word	salt	45	409	1374	21633	1.7322845154333182	0.0002361608311241543	0.019318203274784226	-3.626792131435648	-1.7140332684035777	True	significant	True	salt	salt	salt stress	AT1G02660, AT1G18850, AT1G27730, AT1G34370, AT1G53840, AT1G78100, AT2G18010, AT2G26530, AT2G35930, AT2G36220, AT2G38470, AT2G39870, AT2G40140, AT3G02170, AT3G07210, AT3G14060, AT3G19200, AT3G23250, AT3G25640, AT3G25710, AT3G26470, AT3G28340, AT3G29370, AT3G44540, AT3G56880, AT3G60520, AT4G09890, AT4G12720, AT4G13235, AT4G17615, AT4G22820, AT4G26080, AT4G38410, AT5G03730, AT5G10520, AT5G13330, AT5G16110, AT5G24270, AT5G25190, AT5G57340, AT5G59010, AT5G63650, AT5G63790, AT5G65300, AT5G66080	PLIP2, PCP2, STZ, STOP1, PME1, AUF1, SAUR10, AR781, PUB23, AT2G36220, WRKY33, AT2G39870, CZF1, LNG2, AT3G07210, AT3G14060, AT3G19200, MYB15, AT3G25640, BHLH32, AT3G26470, GATL10, P1R3, FAR4, VQ24, AT3G60520, AT4G09890, NUDT7, EDA21, CBL1, SAP9, ABI1, AT4G38410, CTR1, RBK1, Rap2.6L, AT5G16110, SOS3, ESE3, MJB24.15, BSK5, SNRK2.5, NAC102, SUPA, PP2C79
w:oxidative	word	oxidative	41	409	1213	21633	1.7877899769610799	0.00023756281862050694	0.019331674365243755	-3.6242215305743777	-1.7137305289981293	True	significant	False	oxidative stress	oxidative		AT1G02660, AT1G09350, AT1G09940, AT1G18850, AT1G27730, AT1G52200, AT1G78100, AT2G18980, AT2G26530, AT2G35930, AT2G36220, AT2G39870, AT3G02170, AT3G07210, AT3G14060, AT3G19200, AT3G25640, AT3G25710, AT3G26470, AT3G28340, AT3G29370, AT3G56880, AT3G60520, AT4G09890, AT4G11280, AT4G12720, AT4G13235, AT4G20830, AT4G24570, AT4G38410, AT5G10520, AT5G14130, AT5G16110, AT5G39580, AT5G45340, AT5G54500, AT5G57340, AT5G59820, AT5G63790, AT5G64100, AT5G66080	PLIP2, GolS3, HEMA2, PCP2, STZ, PCR8, AUF1, PER16, AR781, PUB23, AT2G36220, AT2G39870, LNG2, AT3G07210, AT3G14060, AT3G19200, AT3G25640, BHLH32, AT3G26470, GATL10, P1R3, VQ24, AT3G60520, AT4G09890, ACS6, NUDT7, EDA21, AtBBE19, DIC2, AT4G38410, RBK1, PER55, AT5G16110, PER62, CYP707A3, FQR1, MJB24.15, RHL41, NAC102, PER69, PP2C79
w:control	word	control	33	409	901	21633	1.937236268313664	0.00024089252281526922	0.019501061017957337	-3.618176680078309	-1.7099417588062846	True	significant	True	control	control		AT1G10550, AT1G23080, AT1G27730, AT1G35140, AT1G51170, AT1G70940, AT1G78100, AT1G79700, AT2G01420, AT2G26710, AT2G34260, AT2G35930, AT2G38470, AT2G45400, AT3G23050, AT3G25900, AT3G44260, AT3G59900, AT4G08950, AT4G12720, AT4G26080, AT4G28490, AT4G37590, AT5G01840, AT5G03730, AT5G04190, AT5G04340, AT5G22250, AT5G24270, AT5G26930, AT5G45340, AT5G65640, AT5G67060	XTH33, PIN7, STZ, PHI-1, UCN, PIN3, AUF1, WRI4, PIN4, BAS1, WDR55, PUB23, WRKY33, BEN1, IAA7, HMT-1, CAF1a, ARGOS, EXO, NUDT7, ABI1, HAE, NPY5, OFP1, CTR1, PKS4, ZAT6, CAF1b, SOS3, GATA23, CYP707A3, bHLH093, HEC1
p:potential calcium	phrase	potential calcium	6	409	47	21633	6.752223898454975	0.000245446072387956	0.019750996044291362	-3.610043913060487	-1.704410997980212	True	significant	False	calcium sensor	potential calcium		AT1G66400, AT1G76650, AT2G41100, AT2G43290, AT4G27280, AT5G54490	CML23, CML38, TCH3, MSS3, KRP1, PBP1
w:micropylar	word	micropylar	4	409	17	21633	12.44527542068172	0.00024650820715801415	0.019750996044291362	-3.6081686168974922	-1.704410997980212	True	significant	False	micropylar endosperm	micropylar		AT2G18980, AT5G39580, AT5G64100, AT5G66460	PER16, PER62, PER69, MAN7
w:smaller	word	smaller	18	409	369	21633	2.580118075019381	0.0002553339817533486	0.020353765974052657	-3.592891382195895	-1.691355223272573	True	significant	True	smaller	smaller		AT1G17060, AT1G34370, AT2G22810, AT2G41230, AT3G28180, AT3G59900, AT4G08950, AT4G11280, AT4G14560, AT4G27280, AT4G31590, AT4G37770, AT4G39400, AT5G03730, AT5G19530, AT5G24270, AT5G51810, AT5G67060	CYP72C1, STOP1, ACS4, ORS1, CSLC04, ARGOS, EXO, ACS6, IAA1, KRP1, CSLC5, ACS8, BRI1, CTR1, ACL5, SOS3, GA20OX2, HEC1
w:epinastic	word	epinastic	5	409	31	21633	8.5310355706286	0.00026705084711405074	0.02117970779345142	-3.573406040063785	-1.6740800359455799	True	significant	True	epinastic	epinastic		AT1G17060, AT1G19220, AT3G50660, AT3G60630, AT4G39400	CYP72C1, ARF19, DWF4, HAM2, BRI1
p:cell wall	phrase	cell wall	39	409	1141	21633	1.80789167482734	0.00027105820534682615	0.02138895656736775	-3.5669374414255883	-1.6698104014073212	True	significant	True	cell wall	cell wall	wall	AT1G10550, AT1G13250, AT1G20190, AT1G30700, AT1G30720, AT1G30760, AT1G34370, AT1G35140, AT1G53840, AT1G73590, AT1G80240, AT2G18980, AT2G39700, AT2G43060, AT2G45420, AT2G46740, AT3G10720, AT3G28180, AT3G28340, AT3G43270, AT3G45960, AT3G49220, AT3G62720, AT4G08950, AT4G20170, AT4G20830, AT4G25810, AT4G30280, AT4G30290, AT4G31590, AT4G32460, AT5G05160, AT5G06860, AT5G39580, AT5G45280, AT5G57560, AT5G64100, AT5G64260, AT5G66460	XTH33, GATL3, EXPA11, AtBBE8, AtBBE10, AtBBE-like 13, STOP1, PHI-1, PME1, PIN1, DGR1, PER16, EXPA4, IBH1, LBD18, GulLO5, PME25, CSLC04, GATL10, PME32, EXLA3, PME34, XT1, EXO, GALS3, AtBBE19, XTR6, XTH18, XTH19, CSLC5, BDX, RUL1, PGIP1, PER62, PAE11, TCH4, PER69, EXL2, MAN7
w:shade	word	shade	6	409	48	21633	6.611552567237164	0.0002760883122864379	0.02167640096061962	-3.5589519780653527	-1.6640128241952614	True	significant	False	shade avoidance	shade		AT1G18400, AT2G18010, AT3G50660, AT4G36540, AT5G15160, AT5G47370	BEE1, SAUR10, DWF4, BEE2, BNQ2, HAT2
w:inflorescence	word	inflorescence	17	409	341	21633	2.636865540012476	0.00029284008317757837	0.022876667297832425	-3.5333694784626513	-1.6406072438468344	True	significant	False	inflorescence stem	inflorescence		AT1G19220, AT1G73590, AT2G19620, AT2G45400, AT3G02885, AT3G23050, AT3G28180, AT3G60630, AT3G61460, AT4G28490, AT4G30290, AT4G31590, AT4G39400, AT5G03730, AT5G13330, AT5G15160, AT5G19530	ARF19, PIN1, NDL3, BEN1, GASA5, IAA7, CSLC04, HAM2, BRH1, HAE, XTH19, CSLC5, BRI1, CTR1, Rap2.6L, BNQ2, ACL5
p:abscisic acid	phrase	abscisic acid	29	409	762	21633	2.0129661359567215	0.0003081916524526687	0.023751011009592808	-3.5111791285729517	-1.6243178990268157	True	significant	True	abscisic acid	abscisic acid	abscisic	AT1G02660, AT1G08430, AT1G21980, AT1G27730, AT1G58340, AT1G74660, AT2G19620, AT2G28350, AT2G28400, AT2G30020, AT2G38470, AT2G41230, AT3G23050, AT3G23250, AT4G17615, AT4G25420, AT4G26080, AT4G36110, AT4G37790, AT4G38410, AT4G38860, AT4G39400, AT5G13330, AT5G37770, AT5G45340, AT5G52900, AT5G59010, AT5G65300, AT5G65310	PLIP2, ALMT1, PIP5K1, STZ, ZF14, MIF1, NDL3, ARF10, S40-4, AP2C1, WRKY33, ORS1, IAA7, MYB15, CBL1, GA20OX1, ABI1, SAUR9, HAT22, AT4G38410, SAUR16, BRI1, Rap2.6L, TCH2, CYP707A3, MAKR6, BSK5, SUPA, HB5
w:abscisic	word	abscisic	29	409	762	21633	2.0129661359567215	0.0003081916524526687	0.023751011009592808	-3.5111791285729517	-1.6243178990268157	True	significant	False	abscisic acid	abscisic		AT1G02660, AT1G08430, AT1G21980, AT1G27730, AT1G58340, AT1G74660, AT2G19620, AT2G28350, AT2G28400, AT2G30020, AT2G38470, AT2G41230, AT3G23050, AT3G23250, AT4G17615, AT4G25420, AT4G26080, AT4G36110, AT4G37790, AT4G38410, AT4G38860, AT4G39400, AT5G13330, AT5G37770, AT5G45340, AT5G52900, AT5G59010, AT5G65300, AT5G65310	PLIP2, ALMT1, PIP5K1, STZ, ZF14, MIF1, NDL3, ARF10, S40-4, AP2C1, WRKY33, ORS1, IAA7, MYB15, CBL1, GA20OX1, ABI1, SAUR9, HAT22, AT4G38410, SAUR16, BRI1, Rap2.6L, TCH2, CYP707A3, MAKR6, BSK5, SUPA, HB5
w:vascular	word	vascular	15	409	280	21633	2.833522528815928	0.0003092706692347027	0.023751011009592808	-3.509661265879572	-1.6243178990268157	True	significant	True	vascular	vascular		AT1G04240, AT1G11000, AT1G55500, AT1G70940, AT1G73590, AT2G21050, AT2G41100, AT2G41820, AT3G13380, AT3G62100, AT4G13195, AT4G32460, AT5G05160, AT5G19530, AT5G37770	SHY2, MLO4, ECT4, PIN3, PIN1, LAX2, TCH3, PXC3, BRL3, IAA30, CLE44, BDX, RUL1, ACL5, TCH2
w:suppressing	word	suppressing	5	409	32	21633	8.264440709046456	0.0003116332089712316	0.023751011009592808	-3.5063562682508596	-1.6243178990268157	True	significant	True	suppressing	suppressing		AT1G29510, AT1G51170, AT2G37030, AT3G50660, AT5G02760	SAUR68, UCN, SAUR46, DWF4, PP2C67
w:xet	word	xet	5	409	32	21633	8.264440709046456	0.0003116332089712316	0.023751011009592808	-3.5063562682508596	-1.6243178990268157	True	significant	False	growing tissue	xet		AT1G10550, AT4G25810, AT4G30280, AT4G30290, AT5G57560	XTH33, XTR6, XTH18, XTH19, TCH4
k:Secreted	keyword	Secreted	35	409	992	21633	1.866164031075006	0.0003147791709828458	0.023874319259397984	-3.5019940127376636	-1.6220690028270188	True	significant	True	Secreted	Secreted		AT1G10550, AT1G10740, AT1G20190, AT1G30700, AT1G30720, AT1G30760, AT1G35140, AT1G53840, AT1G80240, AT2G18980, AT2G39700, AT3G02885, AT3G10720, AT3G11210, AT3G43270, AT3G45960, AT3G63440, AT4G08950, AT4G13195, AT4G13235, AT4G16515, AT4G20830, AT4G25810, AT4G30280, AT4G30290, AT4G32460, AT4G37290, AT5G06860, AT5G14130, AT5G39580, AT5G45280, AT5G57560, AT5G64100, AT5G64260, AT5G66460	XTH33, LDAH1, EXPA11, AtBBE8, AtBBE10, AtBBE-like 13, PHI-1, PME1, DGR1, PER16, EXPA4, GASA5, PME25, CPRD49, PME32, EXLA3, CKX6, EXO, CLE44, EDA21, RGF6, AtBBE19, XTR6, XTH18, XTH19, BDX, PIP2, PGIP1, PER55, PER62, PAE11, TCH4, PER69, EXL2, MAN7
w:shoot	word	shoot	25	409	619	21633	2.1362043835984372	0.0003353129582465103	0.024459442768742373	-3.47454966283658	-1.6115534412170245	True	significant	True	shoot	shoot		AT1G23080, AT1G58340, AT1G70940, AT1G73590, AT1G74660, AT2G01420, AT2G19620, AT2G41100, AT2G47260, AT3G10870, AT3G25710, AT3G27580, AT3G50660, AT3G60630, AT3G62100, AT4G12110, AT4G13195, AT4G14560, AT4G37590, AT4G37890, AT5G09970, AT5G24270, AT5G47230, AT5G47370, AT5G54510	PIN7, ZF14, PIN3, PIN1, MIF1, PIN4, NDL3, TCH3, WRKY23, MES17, BHLH32, ATPK7, DWF4, HAM2, IAA30, SMO1-1, CLE44, IAA1, NPY5, EDA40, CYP78A7, SOS3, ERF5, HAT2, DFL1
w:tissue	word	tissue	28	409	730	21633	2.028750376796061	0.00034490213105118104	0.024459442768742373	-3.462304122243484	-1.6115534412170245	True	significant	True	tissue	tissue		AT1G09940, AT1G10550, AT1G11000, AT1G70940, AT2G18980, AT2G21050, AT2G37330, AT2G41100, AT2G41820, AT3G10870, AT3G44540, AT3G50660, AT4G17460, AT4G25810, AT4G30280, AT4G30290, AT4G32460, AT4G37590, AT5G05160, AT5G13330, AT5G14130, AT5G37770, AT5G39580, AT5G47370, AT5G57560, AT5G64100, AT5G65640, AT5G67060	HEMA2, XTH33, MLO4, PIN3, PER16, LAX2, ALS3, TCH3, PXC3, MES17, FAR4, DWF4, HAT1, XTR6, XTH18, XTH19, BDX, NPY5, RUL1, Rap2.6L, PER55, TCH2, PER62, HAT2, TCH4, PER69, bHLH093, HEC1
k:Steroid-binding	keyword	Steroid-binding	3	409	8	21633	19.834657701711492	0.00035006310684772523	0.024459442768742373	-3.4558536571205103	-1.6115534412170245	True	significant	True	Steroid-binding	Steroid-binding		AT3G13380, AT4G14965, AT4G39400	BRL3, MAPR4, BRI1
p:curling tip	phrase	curling tip	3	409	8	21633	19.834657701711492	0.00035006310684772523	0.024459442768742373	-3.4558536571205103	-1.6115534412170245	True	significant	False	Fruit ripening	curling tip		AT2G22810, AT4G11280, AT4G37770	ACS4, ACS6, ACS8
p:hypocotyl gravistimulation	phrase	hypocotyl gravistimulation	3	409	8	21633	19.834657701711492	0.00035006310684772523	0.024459442768742373	-3.4558536571205103	-1.6115534412170245	True	significant	False	Fruit ripening	hypocotyl gravistimulation		AT2G22810, AT4G11280, AT4G37770	ACS4, ACS6, ACS8
w:exordium	word	exordium	3	409	8	21633	19.834657701711492	0.00035006310684772523	0.024459442768742373	-3.4558536571205103	-1.6115534412170245	True	significant	True	exordium	exordium		AT1G35140, AT4G08950, AT5G64260	PHI-1, EXO, EXL2
w:attributable	word	attributable	2	409	2	21633	52.89242053789731	0.00035659072800512694	0.024459442768742373	-3.4478299534449066	-1.6115534412170245	True	significant	True	attributable	attributable		AT3G59900, AT5G19530	ARGOS, ACL5
w:brassiolide	word	brassiolide	2	409	2	21633	52.89242053789731	0.00035659072800512694	0.024459442768742373	-3.4478299534449066	-1.6115534412170245	True	significant	True	brassiolide	brassiolide	cataseterone, meaning, sob, deoxotyphasterol	AT1G17060, AT2G26710	CYP72C1, BAS1
w:cataseterone	word	cataseterone	2	409	2	21633	52.89242053789731	0.00035659072800512694	0.024459442768742373	-3.4478299534449066	-1.6115534412170245	True	significant	False	brassiolide	cataseterone		AT1G17060, AT2G26710	CYP72C1, BAS1
w:fth	word	fth	2	409	2	21633	52.89242053789731	0.00035659072800512694	0.024459442768742373	-3.4478299534449066	-1.6115534412170245	True	significant	True	fth	fth		AT2G41230, AT3G59900	ORS1, ARGOS
w:unicorn	word	unicorn	2	409	2	21633	52.89242053789731	0.00035659072800512694	0.024459442768742373	-3.4478299534449066	-1.6115534412170245	True	significant	True	unicorn	unicorn		AT1G51170, AT3G20830	UCN, UCNL
w:growing	word	growing	10	409	141	21633	3.7512354991416537	0.0003583725825177662	0.024459442768742373	-3.4456652236659275	-1.6115534412170245	True	significant	False	growing tissue	growing		AT1G10550, AT1G19220, AT2G37330, AT2G41100, AT3G50660, AT4G25810, AT4G30280, AT4G30290, AT5G24270, AT5G57560	XTH33, ARF19, ALS3, TCH3, DWF4, XTR6, XTH18, XTH19, SOS3, TCH4
p:endotransglucosylase hydrolase	phrase	endotransglucosylase hydrolase	5	409	33	21633	8.014003111802623	0.00036163154631205127	0.024459442768742373	-3.441733691604678	-1.6115534412170245	True	significant	False	growing tissue	endotransglucosylase hydrolase		AT1G10550, AT4G25810, AT4G30280, AT4G30290, AT5G57560	XTH33, XTR6, XTH18, XTH19, TCH4
p:religate xyloglucan	phrase	religate xyloglucan	5	409	33	21633	8.014003111802623	0.00036163154631205127	0.024459442768742373	-3.441733691604678	-1.6115534412170245	True	significant	False	xyloglucan	religate xyloglucan		AT1G10550, AT4G25810, AT4G30280, AT4G30290, AT5G57560	XTH33, XTR6, XTH18, XTH19, TCH4
p:wall construction	phrase	wall construction	5	409	33	21633	8.014003111802623	0.00036163154631205127	0.024459442768742373	-3.441733691604678	-1.6115534412170245	True	significant	False	growing tissue	wall construction		AT1G10550, AT4G25810, AT4G30280, AT4G30290, AT5G57560	XTH33, XTR6, XTH18, XTH19, TCH4
p:xyloglucan endohydrolysis	phrase	xyloglucan endohydrolysis	5	409	33	21633	8.014003111802623	0.00036163154631205127	0.024459442768742373	-3.441733691604678	-1.6115534412170245	True	significant	False	xyloglucan	xyloglucan endohydrolysis		AT1G10550, AT4G25810, AT4G30280, AT4G30290, AT5G57560	XTH33, XTR6, XTH18, XTH19, TCH4
p:xyloglucan endotransglucosylase	phrase	xyloglucan endotransglucosylase	5	409	33	21633	8.014003111802623	0.00036163154631205127	0.024459442768742373	-3.441733691604678	-1.6115534412170245	True	significant	False	xyloglucan	xyloglucan endotransglucosylase		AT1G10550, AT4G25810, AT4G30280, AT4G30290, AT5G57560	XTH33, XTR6, XTH18, XTH19, TCH4
p:xyloglucan polymer	phrase	xyloglucan polymer	5	409	33	21633	8.014003111802623	0.00036163154631205127	0.024459442768742373	-3.441733691604678	-1.6115534412170245	True	significant	False	xyloglucan	xyloglucan polymer		AT1G10550, AT4G25810, AT4G30280, AT4G30290, AT5G57560	XTH33, XTR6, XTH18, XTH19, TCH4
p:xyloglucosyl transferase	phrase	xyloglucosyl transferase	5	409	33	21633	8.014003111802623	0.00036163154631205127	0.024459442768742373	-3.441733691604678	-1.6115534412170245	True	significant	False	growing tissue	xyloglucosyl transferase		AT1G10550, AT4G25810, AT4G30280, AT4G30290, AT5G57560	XTH33, XTR6, XTH18, XTH19, TCH4
w:endohydrolysis	word	endohydrolysis	5	409	33	21633	8.014003111802623	0.00036163154631205127	0.024459442768742373	-3.441733691604678	-1.6115534412170245	True	significant	False	growing tissue	endohydrolysis		AT1G10550, AT4G25810, AT4G30280, AT4G30290, AT5G57560	XTH33, XTR6, XTH18, XTH19, TCH4
w:endotransglucosylase	word	endotransglucosylase	5	409	33	21633	8.014003111802623	0.00036163154631205127	0.024459442768742373	-3.441733691604678	-1.6115534412170245	True	significant	False	growing tissue	endotransglucosylase		AT1G10550, AT4G25810, AT4G30280, AT4G30290, AT5G57560	XTH33, XTR6, XTH18, XTH19, TCH4
w:religate	word	religate	5	409	33	21633	8.014003111802623	0.00036163154631205127	0.024459442768742373	-3.441733691604678	-1.6115534412170245	True	significant	False	growing tissue	religate		AT1G10550, AT4G25810, AT4G30280, AT4G30290, AT5G57560	XTH33, XTR6, XTH18, XTH19, TCH4
w:xeh	word	xeh	5	409	33	21633	8.014003111802623	0.00036163154631205127	0.024459442768742373	-3.441733691604678	-1.6115534412170245	True	significant	False	growing tissue	xeh		AT1G10550, AT4G25810, AT4G30280, AT4G30290, AT5G57560	XTH33, XTR6, XTH18, XTH19, TCH4
w:xth	word	xth	5	409	33	21633	8.014003111802623	0.00036163154631205127	0.024459442768742373	-3.441733691604678	-1.6115534412170245	True	significant	False	growing tissue	xth		AT1G10550, AT4G25810, AT4G30280, AT4G30290, AT5G57560	XTH33, XTR6, XTH18, XTH19, TCH4
w:xyloglucosyl	word	xyloglucosyl	5	409	33	21633	8.014003111802623	0.00036163154631205127	0.024459442768742373	-3.441733691604678	-1.6115534412170245	True	significant	False	growing tissue	xyloglucosyl		AT1G10550, AT4G25810, AT4G30280, AT4G30290, AT5G57560	XTH33, XTR6, XTH18, XTH19, TCH4
w:wall	word	wall	41	409	1244	21633	1.7432389405577087	0.0003975053058737892	0.026769926288672766	-3.400657070035613	-1.5723528246467149	True	significant	False	cell wall	wall		AT1G10550, AT1G13250, AT1G20190, AT1G30700, AT1G30720, AT1G30760, AT1G34370, AT1G35140, AT1G53840, AT1G73590, AT1G80240, AT2G18980, AT2G39350, AT2G39700, AT2G43060, AT2G45420, AT2G46740, AT3G10720, AT3G28180, AT3G28340, AT3G43270, AT3G45960, AT3G49220, AT3G62720, AT4G08950, AT4G20170, AT4G20830, AT4G25810, AT4G30280, AT4G30290, AT4G31590, AT4G32460, AT4G39400, AT5G05160, AT5G06860, AT5G39580, AT5G45280, AT5G57560, AT5G64100, AT5G64260, AT5G66460	XTH33, GATL3, EXPA11, AtBBE8, AtBBE10, AtBBE-like 13, STOP1, PHI-1, PME1, PIN1, DGR1, PER16, ABCG1, EXPA4, IBH1, LBD18, GulLO5, PME25, CSLC04, GATL10, PME32, EXLA3, PME34, XT1, EXO, GALS3, AtBBE19, XTR6, XTH18, XTH19, CSLC5, BDX, BRI1, RUL1, PGIP1, PER62, PAE11, TCH4, PER69, EXL2, MAN7
k:Oxidoreductase	keyword	Oxidoreductase	39	409	1164	21633	1.7721687293625388	0.0004015120757934517	0.026923711039471637	-3.3963013884386144	-1.5698650791848352	True	significant	True	Oxidoreductase	Oxidoreductase		AT1G02400, AT1G05010, AT1G06080, AT1G09940, AT1G17060, AT1G19540, AT1G22440, AT1G30700, AT1G30720, AT1G30760, AT2G18980, AT2G22830, AT2G23180, AT2G26710, AT2G45400, AT2G46740, AT3G26760, AT3G44540, AT3G49640, AT3G50660, AT3G63440, AT4G03140, AT4G12110, AT4G13180, AT4G20830, AT4G25420, AT4G30470, AT4G38540, AT5G07440, AT5G09970, AT5G14130, AT5G19440, AT5G39580, AT5G43450, AT5G45340, AT5G51810, AT5G54500, AT5G64100, AT5G64250	GA2OX6, EFE, ADS1, HEMA2, CYP72C1, AT1G19540, AT1G22440, AtBBE8, AtBBE10, AtBBE-like 13, PER16, SQE2, CYP96A1, BAS1, BEN1, GulLO5, AT3G26760, FAR4, AT3G49640, DWF4, CKX6, AT4G03140, SMO1-1, AT4G13180, AtBBE19, GA20OX1, AT4G30470, MO2, GDH2, CYP78A7, PER55, AT5G19440, PER62, AT5G43450, CYP707A3, GA20OX2, FQR1, PER69, MSJ1.9
w:relative	word	relative	11	409	170	21633	3.422450740687473	0.00040637603662798126	0.027133415368699055	-3.3910719096490305	-1.5664955367793754	True	significant	True	relative	relative		AT1G08430, AT2G35930, AT2G38470, AT3G10870, AT3G60630, AT4G26080, AT4G39400, AT5G03730, AT5G09970, AT5G19530, AT5G24270	ALMT1, PUB23, WRKY33, MES17, HAM2, ABI1, BRI1, CTR1, CYP78A7, ACL5, SOS3
w:stimulated	word	stimulated	7	409	72	21633	5.142318663406683	0.0004198830478828615	0.027915969106901403	-3.3768716589642196	-1.5541472909561578	True	significant	False	stamen filament	stimulated		AT1G29430, AT1G29440, AT1G29450, AT1G29460, AT1G29490, AT1G29500, AT1G29510	SAUR62, SAUR63, SAUR64, SAUR65, SAUR68, SAUR66, SAUR68
w:helix	word	helix	11	409	171	21633	3.402436408870587	0.0004271078038401644	0.028275984437282745	-3.3694624933501403	-1.548582266040449	True	significant	False	bhlh	helix		AT1G09250, AT1G18400, AT1G29950, AT2G43060, AT3G25710, AT3G29370, AT4G36540, AT5G15160, AT5G65320, AT5G65640, AT5G67060	BHLH149, BEE1, BHLH144, IBH1, BHLH32, P1R3, BEE2, BNQ2, BHLH99, bHLH093, HEC1
p:xylem histogenesis	phrase	xylem histogenesis	6	409	53	21633	5.987821192969507	0.00047710145819837883	0.031234429330374704	-3.3213892560746063	-1.5053664244364904	True	significant	True	xylem histogenesis	xylem histogenesis	histogenesis	AT1G28370, AT4G11280, AT4G13195, AT4G17490, AT5G19530, AT5G61600	ERF11, ACS6, CLE44, ERF6, ACL5, ERF104
w:callus	word	callus	6	409	53	21633	5.987821192969507	0.00047710145819837883	0.031234429330374704	-3.3213892560746063	-1.5053664244364904	True	significant	True	callus	callus		AT1G19220, AT2G42430, AT2G45420, AT2G47260, AT3G58190, AT5G48150	ARF19, LBD16, LBD18, WRKY23, LBD29, PAT1
w:construction	word	construction	5	409	35	21633	7.556060076842474	0.0004795531293049468	0.031234429330374704	-3.319163270691948	-1.5053664244364904	True	significant	False	growing tissue	construction		AT1G10550, AT4G25810, AT4G30280, AT4G30290, AT5G57560	XTH33, XTR6, XTH18, XTH19, TCH4
w:inactivate	word	inactivate	4	409	20	21633	10.578484107579461	0.00047979154117319033	0.031234429330374704	-3.3189474130046825	-1.5053664244364904	True	significant	True	inactivate	inactivate		AT1G17060, AT2G26710, AT2G30020, AT4G20830	CYP72C1, BAS1, AP2C1, AtBBE19
p:salt stress	phrase	salt stress	40	409	1217	21633	1.7384526060114154	0.0004942905608837698	0.03197184824739978	-3.306017682873704	-1.4952322570518821	True	significant	False	salt	salt stress		AT1G02660, AT1G18850, AT1G27730, AT1G34370, AT1G53840, AT1G78100, AT2G26530, AT2G35930, AT2G36220, AT2G38470, AT2G39870, AT2G40140, AT3G02170, AT3G07210, AT3G14060, AT3G19200, AT3G23250, AT3G25640, AT3G25710, AT3G26470, AT3G28340, AT3G29370, AT3G44540, AT3G56880, AT3G60520, AT4G09890, AT4G12720, AT4G13235, AT4G17615, AT4G38410, AT5G10520, AT5G13330, AT5G16110, AT5G24270, AT5G57340, AT5G59010, AT5G63650, AT5G63790, AT5G65300, AT5G66080	PLIP2, PCP2, STZ, STOP1, PME1, AUF1, AR781, PUB23, AT2G36220, WRKY33, AT2G39870, CZF1, LNG2, AT3G07210, AT3G14060, AT3G19200, MYB15, AT3G25640, BHLH32, AT3G26470, GATL10, P1R3, FAR4, VQ24, AT3G60520, AT4G09890, NUDT7, EDA21, CBL1, AT4G38410, RBK1, Rap2.6L, AT5G16110, SOS3, MJB24.15, BSK5, SNRK2.5, NAC102, SUPA, PP2C79
p:innate immune	phrase	innate immune	9	409	121	21633	3.934146982157652	0.0004952116792031965	0.03197184824739978	-3.305209121351249	-1.4952322570518821	True	significant	True	innate immune	innate immune	innate	AT1G44830, AT1G73080, AT3G04570, AT4G12720, AT4G36540, AT4G37290, AT5G37770, AT5G64900, AT5G64905	ERF014, PEPR1, AHL19, NUDT7, BEE2, PIP2, TCH2, PROPEP1, PROPEP3
p:methionine methylthioadenosine	phrase	methionine methylthioadenosine	3	409	9	21633	17.63080684596577	0.000517736607974316	0.03315211788110951	-3.28589112596049	-1.479488722019421	True	significant	False	Fruit ripening	methionine methylthioadenosine		AT2G22810, AT4G11280, AT4G37770	ACS4, ACS6, ACS8
p:methylthioadenosine lyase	phrase	methylthioadenosine lyase	3	409	9	21633	17.63080684596577	0.000517736607974316	0.03315211788110951	-3.28589112596049	-1.479488722019421	True	significant	False	Fruit ripening	methylthioadenosine lyase		AT2G22810, AT4G11280, AT4G37770	ACS4, ACS6, ACS8
p:mechanical stimulus	phrase	mechanical stimulus	4	409	21	21633	10.074746769123298	0.0005838922353920343	0.03712259583849229	-3.233667299965042	-1.4303616628703009	True	significant	True	mechanical stimulus	mechanical stimulus	touch	AT2G41100, AT4G11280, AT5G37770, AT5G57560	TCH3, ACS6, TCH2, TCH4
w:stamen	word	stamen	10	409	150	21633	3.526161369193154	0.000584495556596845	0.03712259583849229	-3.2332187860467196	-1.4303616628703009	True	significant	False	stamen filament	stamen		AT1G29430, AT1G29440, AT1G29450, AT1G29460, AT1G29490, AT1G29500, AT1G29510, AT1G51170, AT1G73590, AT3G15540	SAUR62, SAUR63, SAUR64, SAUR65, SAUR68, SAUR66, SAUR68, UCN, PIN1, IAA19
w:gravitropic	word	gravitropic	6	409	56	21633	5.667045057631855	0.0006434272881439846	0.04070003218607942	-3.191500524349429	-1.390405247329297	True	significant	True	gravitropic	gravitropic		AT1G19220, AT2G01420, AT3G23050, AT3G50660, AT4G32460, AT4G37590	ARF19, PIN4, IAA7, DWF4, BDX, NPY5
w:osmotic	word	osmotic	34	409	997	21633	1.8037535589654048	0.000697554143422384	0.043945911035610186	-3.156422077263002	-1.3570815278094202	True	significant	True	osmotic	osmotic stress	osmotic stress, high throughput, seedling screened, throughput method, screened, throughput, method, bulk	AT1G02660, AT1G18850, AT1G58340, AT1G78100, AT2G26530, AT2G35930, AT2G36220, AT2G38470, AT2G39870, AT3G02170, AT3G07210, AT3G08760, AT3G14060, AT3G19200, AT3G25640, AT3G25710, AT3G26470, AT3G28340, AT3G29370, AT3G56880, AT3G60520, AT4G09890, AT4G13235, AT4G17615, AT4G26080, AT4G38410, AT5G03730, AT5G10520, AT5G16110, AT5G57340, AT5G63650, AT5G63790, AT5G65300, AT5G66080	PLIP2, PCP2, ZF14, AUF1, AR781, PUB23, AT2G36220, WRKY33, AT2G39870, LNG2, AT3G07210, ATSIK, AT3G14060, AT3G19200, AT3G25640, BHLH32, AT3G26470, GATL10, P1R3, VQ24, AT3G60520, AT4G09890, EDA21, CBL1, ABI1, AT4G38410, CTR1, RBK1, AT5G16110, MJB24.15, SNRK2.5, NAC102, SUPA, PP2C79
w:pid	word	pid	4	409	22	21633	9.616803734163147	0.0007030671070381354	0.04411534329463385	-3.153003220036475	-1.355410336852413	True	significant	True	pid	pid		AT1G70940, AT1G73590, AT4G37590, AT5G54490	PIN3, PIN1, NPY5, PBP1
w:histogenesis	word	histogenesis	6	409	57	21633	5.567623214515506	0.0007078257173747708	0.044236276033053704	-3.1500736622254184	-1.3542214406176578	True	significant	False	xylem histogenesis	histogenesis		AT1G28370, AT4G11280, AT4G13195, AT4G17490, AT5G19530, AT5G61600	ERF11, ACS6, CLE44, ERF6, ACL5, ERF104
w:suppressed	word	suppressed	8	409	102	21633	4.14842514022724	0.0007112119885215392	0.044270821150041974	-3.148000931305463	-1.353882422506703	True	significant	True	suppressed	suppressed		AT2G26070, AT2G26710, AT3G25710, AT4G39400, AT5G02760, AT5G06860, AT5G24270, AT5G61900	RTE1, BAS1, BHLH32, BRI1, PP2C67, PGIP1, SOS3, BON1
w:water	word	water	23	409	579	21633	2.1010806085865945	0.0007198345036963793	0.04450821156099677	-3.14276734022575	-1.3515598562857782	True	significant	True	water	water		AT1G06080, AT1G21980, AT1G27730, AT2G18010, AT2G35930, AT2G38470, AT2G41230, AT3G13380, AT3G23050, AT3G23250, AT4G11280, AT4G17615, AT4G22820, AT4G26080, AT4G34760, AT4G36110, AT4G37790, AT4G38410, AT4G38860, AT4G39400, AT5G13330, AT5G45340, AT5G65300	ADS1, PIP5K1, STZ, SAUR10, PUB23, WRKY33, ORS1, BRL3, IAA7, MYB15, ACS6, CBL1, SAP9, ABI1, SAUR50, SAUR9, HAT22, AT4G38410, SAUR16, BRI1, Rap2.6L, CYP707A3, SUPA
p:lack detectable	phrase	lack detectable	3	409	10	21633	15.867726161369193	0.0007292692114449034	0.04450821156099677	-3.1371121212537267	-1.3515598562857782	True	significant	False	detectable xyloglucan	lack detectable		AT3G28180, AT3G62720, AT4G31590	CSLC04, XT1, CSLC5
w:castasterone	word	castasterone	3	409	10	21633	15.867726161369193	0.0007292692114449034	0.04450821156099677	-3.1371121212537267	-1.3515598562857782	True	significant	True	castasterone	castasterone		AT2G26710, AT2G45400, AT4G39400	BAS1, BEN1, BRI1
w:effectively	word	effectively	3	409	10	21633	15.867726161369193	0.0007292692114449034	0.04450821156099677	-3.1371121212537267	-1.3515598562857782	True	significant	True	effectively	effectively		AT4G25420, AT4G39400, AT5G51810	GA20OX1, BRI1, GA20OX2
w:provascular	word	provascular	3	409	10	21633	15.867726161369193	0.0007292692114449034	0.04450821156099677	-3.1371121212537267	-1.3515598562857782	True	significant	True	provascular	provascular		AT1G23080, AT2G01420, AT4G37590	PIN7, PIN4, NPY5
w:development	word	development	78	409	2903	21633	1.4211535659510817	0.0007682518995978878	0.04670493260434786	-3.114496357223409	-1.3306372502749055	True	significant	True	development	development		AT1G02400, AT1G19220, AT1G19440, AT1G23080, AT1G29430, AT1G29440, AT1G29950, AT1G35140, AT1G51170, AT1G66400, AT1G70940, AT1G73590, AT1G74650, AT1G74660, AT1G77000, AT1G79700, AT2G01420, AT2G21050, AT2G28350, AT2G30140, AT2G34260, AT2G41230, AT2G41820, AT2G42430, AT2G45420, AT3G10870, AT3G13380, AT3G15540, AT3G20830, AT3G23050, AT3G23250, AT3G24240, AT3G25710, AT3G27580, AT3G28180, AT3G46600, AT3G50060, AT3G50660, AT3G60630, AT3G61460, AT3G62100, AT4G13195, AT4G13235, AT4G14550, AT4G16515, AT4G17460, AT4G17615, AT4G23750, AT4G25420, AT4G26080, AT4G28490, AT4G30080, AT4G31590, AT4G32460, AT4G36110, AT4G37290, AT4G37590, AT4G37890, AT4G39400, AT5G01180, AT5G01840, AT5G03730, AT5G04340, AT5G09970, AT5G13330, AT5G15160, AT5G19530, AT5G24270, AT5G26930, AT5G37770, AT5G50570, AT5G53290, AT5G61900, AT5G64260, AT5G65300, AT5G65640, AT5G66460, AT5G67060	GA2OX6, ARF19, KCS4, PIN7, SAUR62, SAUR63, BHLH144, PHI-1, UCN, CML23, PIN3, PIN1, MYB31, MIF1, SKP2B, WRI4, PIN4, LAX2, ARF10, UGT87A2, WDR55, ORS1, PXC3, LBD16, LBD18, MES17, BRL3, IAA19, UCNL, IAA7, MYB15, RGI1, BHLH32, ATPK7, CSLC04, SCL30, MYB77, DWF4, HAM2, BRH1, IAA30, CLE44, EDA21, IAA14, RGF6, HAT1, CBL1, CRF2, GA20OX1, ABI1, HAE, ARF16, CSLC5, BDX, SAUR9, PIP2, NPY5, EDA40, BRI1, PTR5, OFP1, CTR1, ZAT6, CYP78A7, Rap2.6L, BNQ2, ACL5, SOS3, GATA23, TCH2, SPL13A, CRF3, BON1, EXL2, SUPA, bHLH093, MAN7, HEC1
w:apical	word	apical	18	409	406	21633	2.3449841617786986	0.0007869297855059969	0.0476550037548283	-3.1040640162148505	-1.3218914918982825	True	significant	True	apical	apical		AT1G17060, AT1G19220, AT1G23080, AT1G52830, AT1G55500, AT1G73590, AT1G74660, AT3G17090, AT3G24240, AT3G62100, AT4G12110, AT4G16515, AT4G37590, AT4G39400, AT5G02760, AT5G03730, AT5G09970, AT5G67060	CYP72C1, ARF19, PIN7, IAA6, ECT4, PIN1, MIF1, PP2C42, RGI1, IAA30, SMO1-1, RGF6, NPY5, BRI1, PP2C67, CTR1, CYP78A7, HEC1
w:adult	word	adult	7	409	80	21633	4.628086797066015	0.0007959413784173187	0.0476758899894677	-3.09911891714599	-1.3217011910159453	True	significant	True	adult	adult		AT1G04240, AT1G19220, AT2G34260, AT2G42430, AT3G10870, AT5G03730, AT5G19530	SHY2, ARF19, WDR55, LBD16, MES17, CTR1, ACL5
p:asymmetric leave	phrase	asymmetric leave	5	409	39	21633	6.781079556140681	0.0007994804900947599	0.0476758899894677	-3.097192129975998	-1.3217011910159453	True	significant	True	asymmetric leave	asymmetric leave	lob	AT2G42430, AT2G45420, AT3G58190, AT4G39400, AT5G06080	LBD16, LBD18, LBD29, BRI1, LBD33
p:temperature stimulus	phrase	temperature stimulus	5	409	39	21633	6.781079556140681	0.0007994804900947599	0.0476758899894677	-3.097192129975998	-1.3217011910159453	True	significant	True	temperature stimulus	temperature stimulus		AT2G25790, AT3G03830, AT3G03840, AT5G61900, AT5G67060	SKM1, SAUR28, SAUR27, BON1, HEC1
w:longitudinal	word	longitudinal	5	409	39	21633	6.781079556140681	0.0007994804900947599	0.0476758899894677	-3.097192129975998	-1.3217011910159453	True	significant	False	longitudinal direction	longitudinal		AT1G23080, AT3G02170, AT5G01840, AT5G15580, AT5G19530	PIN7, LNG2, OFP1, LNG1, ACL5
p:hypocotyl elongation	phrase	hypocotyl elongation	9	409	131	21633	3.6338304186341666	0.0008789202450208395	0.05221387797796804	-3.0560505318873523	-1.2822140500973123	True	trend	True	hypocotyl elongation	hypocotyl elongation		AT1G17060, AT1G29510, AT1G66400, AT2G26710, AT2G37030, AT3G23050, AT4G14560, AT4G32460, AT4G39400	CYP72C1, SAUR68, CML23, BAS1, SAUR46, IAA7, IAA1, BDX, BRI1
k:DNA-binding	keyword	DNA-binding	50	409	1675	21633	1.57887822501186	0.000888983066532372	0.05257138352890047	-3.0511065114500235	-1.27925059343886	True	trend	True	DNA-binding	DNA-binding		AT1G09250, AT1G18400, AT1G19220, AT1G28370, AT1G29950, AT1G44830, AT1G53170, AT1G57560, AT1G74650, AT1G79700, AT1G80840, AT2G28350, AT2G34140, AT2G38470, AT2G40140, AT2G44840, AT2G47260, AT3G01970, AT3G04570, AT3G06410, AT3G23250, AT3G25710, AT3G25730, AT3G50060, AT3G60530, AT4G01680, AT4G09460, AT4G17460, AT4G17490, AT4G23750, AT4G30080, AT4G36540, AT4G37790, AT5G01840, AT5G13330, AT5G25190, AT5G26930, AT5G44260, AT5G47230, AT5G47370, AT5G50570, AT5G51190, AT5G53290, AT5G53980, AT5G61600, AT5G63790, AT5G65310, AT5G65320, AT5G65640, AT5G67060	BHLH149, BEE1, ARF19, ERF11, BHLH144, ERF014, ERF8, MYB50, MYB31, WRI4, WRKY40, ARF10, CDF4, WRKY33, CZF1, ERF13, WRKY23, WRKY45, AHL19, AtC3H34, MYB15, BHLH32, EDF3, MYB77, GATA4, MYB55, MYB6, HAT1, ERF6, CRF2, ARF16, BEE2, HAT22, OFP1, Rap2.6L, ESE3, GATA23, TZF5, ERF5, HAT2, SPL13A, ERF105, CRF3, HB52, ERF104, NAC102, HB5, BHLH99, bHLH093, HEC1
w:plasmodesma	word	plasmodesma	26	409	700	21633	1.964575619979043	0.0008916677313849606	0.05257138352890047	-3.0497969497818502	-1.27925059343886	True	trend	True	plasmodesma	plasmodesma		AT1G22280, AT1G23080, AT1G53840, AT1G63500, AT1G73080, AT1G73590, AT2G23150, AT2G39370, AT2G39700, AT2G41100, AT3G02885, AT3G45960, AT4G12040, AT4G20830, AT4G22470, AT4G28640, AT4G37890, AT4G38580, AT5G06860, AT5G15920, AT5G37630, AT5G45280, AT5G59010, AT5G61900, AT5G64100, AT5G64260	PAPP2C, PIN7, PME1, BSK7, PEPR1, PIN1, NRAMP3, MAKR4, EXPA4, TCH3, GASA5, EXLA3, SAP7, AtBBE19, DHYPRP1, IAA11, EDA40, FP6, PGIP1, SMC5, EMB2656, PAE11, BSK5, BON1, PER69, EXL2
p:osmotic stress	phrase	osmotic stress	33	409	974	21633	1.7920429956371777	0.0009305373218783069	0.05465682374822056	-3.031266203553364	-1.262355609904633	True	trend	False	osmotic	osmotic stress		AT1G02660, AT1G18850, AT1G58340, AT1G78100, AT2G26530, AT2G35930, AT2G36220, AT2G38470, AT2G39870, AT3G02170, AT3G07210, AT3G08760, AT3G14060, AT3G19200, AT3G25640, AT3G25710, AT3G26470, AT3G28340, AT3G29370, AT3G56880, AT3G60520, AT4G09890, AT4G13235, AT4G17615, AT4G26080, AT4G38410, AT5G10520, AT5G16110, AT5G57340, AT5G63650, AT5G63790, AT5G65300, AT5G66080	PLIP2, PCP2, ZF14, AUF1, AR781, PUB23, AT2G36220, WRKY33, AT2G39870, LNG2, AT3G07210, ATSIK, AT3G14060, AT3G19200, AT3G25640, BHLH32, AT3G26470, GATL10, P1R3, VQ24, AT3G60520, AT4G09890, EDA21, CBL1, ABI1, AT4G38410, RBK1, AT5G16110, MJB24.15, SNRK2.5, NAC102, SUPA, PP2C79
p:fully expanded	phrase	fully expanded	3	409	11	21633	14.42520560124472	0.0009887202154588853	0.056939801470319	-3.004926586130609	-1.2445840514232622	True	trend	True	fully expanded	fully expanded	expanded	AT2G41230, AT3G59900, AT3G60630	ORS1, ARGOS, HAM2
p:hook curvature	phrase	hook curvature	3	409	11	21633	14.42520560124472	0.0009887202154588853	0.056939801470319	-3.004926586130609	-1.2445840514232622	True	trend	False	Fruit ripening	hook curvature		AT2G22810, AT4G11280, AT4G37770	ACS4, ACS6, ACS8
w:facing	word	facing	3	409	11	21633	14.42520560124472	0.0009887202154588853	0.056939801470319	-3.004926586130609	-1.2445840514232622	True	trend	False	micropylar endosperm	facing		AT2G18980, AT5G39580, AT5G64100	PER16, PER62, PER69
w:methylthioadenosine	word	methylthioadenosine	3	409	11	21633	14.42520560124472	0.0009887202154588853	0.056939801470319	-3.004926586130609	-1.2445840514232622	True	trend	False	Fruit ripening	methylthioadenosine		AT2G22810, AT4G11280, AT4G37770	ACS4, ACS6, ACS8
w:monolignol	word	monolignol	3	409	11	21633	14.42520560124472	0.0009887202154588853	0.056939801470319	-3.004926586130609	-1.2445840514232622	True	trend	True	monolignol	monolignol		AT1G30760, AT1G61820, AT3G23250	AtBBE-like 13, BGLU46, MYB15
p:pin formed	phrase	pin formed	4	409	24	21633	8.815403422982884	0.0009912715053716566	0.056939801470319	-3.0038073776688616	-1.2445840514232622	True	trend	False	connective	pin formed		AT1G23080, AT1G70940, AT1G73590, AT2G01420	PIN7, PIN3, PIN1, PIN4
w:sensor	word	sensor	10	409	161	21633	3.285243511670641	0.0010095591858626076	0.057777848790906174	-2.9958682152641107	-1.2382386320250687	True	trend	False	calcium sensor	sensor		AT1G04310, AT1G66400, AT1G76650, AT2G40940, AT2G41100, AT2G43290, AT4G17615, AT4G27280, AT5G24270, AT5G54490	ERS2, CML23, CML38, ERS1, TCH3, MSS3, CBL1, KRP1, SOS3, PBP1
w:insensitive	word	insensitive	11	409	190	21633	3.0621927679835284	0.001024557019042043	0.058422185640557976	-2.9894638670663505	-1.2334221996069403	True	trend	True	insensitive	insensitive		AT1G04310, AT1G34110, AT2G01420, AT2G41820, AT3G13380, AT3G24240, AT4G26080, AT4G37790, AT4G39400, AT5G03730, AT5G65300	ERS2, RGI5, PIN4, PXC3, BRL3, RGI1, ABI1, HAT22, BRI1, CTR1, SUPA
w:kic	word	kic	2	409	3	21633	35.26161369193154	0.001056353255043249	0.0600162300247117	-2.976190825115569	-1.2217312886660339	True	trend	True	kic	kic		AT4G27280, AT5G54490	KRP1, PBP1
w:aspect	word	aspect	7	409	84	21633	4.407701711491442	0.0010641275834467878	0.060238874506422534	-2.9730062992353554	-1.220123151020775	True	trend	True	aspect	aspect		AT1G19220, AT1G52830, AT1G74660, AT3G10870, AT3G27580, AT5G01840, AT5G15160	ARF19, IAA6, MIF1, MES17, ATPK7, OFP1, BNQ2
w:element	word	element	45	409	1480	21633	1.6082154893279588	0.0011243758518580088	0.06315280455341996	-2.949088490276828	-1.1996073580931483	True	trend	True	element	element		AT1G04100, AT1G04240, AT1G15580, AT1G19220, AT1G28370, AT1G44830, AT1G52830, AT1G53170, AT1G79700, AT1G80840, AT2G28350, AT2G33310, AT2G38470, AT2G42430, AT2G44830, AT2G44840, AT2G45400, AT2G45420, AT2G47260, AT3G01970, AT3G15540, AT3G16500, AT3G23030, AT3G23050, AT3G25730, AT3G58190, AT3G62100, AT4G08950, AT4G13195, AT4G14550, AT4G14560, AT4G17490, AT4G23750, AT4G28640, AT4G30080, AT4G32280, AT5G13330, AT5G19530, AT5G25190, AT5G43700, AT5G47230, AT5G51190, AT5G53290, AT5G61600, AT5G65670	IAA10, SHY2, IAA5, ARF19, ERF11, ERF014, IAA6, ERF8, WRI4, WRKY40, ARF10, IAA13, WRKY33, LBD16, PAX, ERF13, BEN1, LBD18, WRKY23, WRKY45, IAA19, PAP1, IAA2, IAA7, EDF3, LBD29, IAA30, EXO, CLE44, IAA14, IAA1, ERF6, CRF2, IAA11, ARF16, IAA29, Rap2.6L, ACL5, ESE3, ATAUX2-11, ERF5, ERF105, CRF3, ERF104, IAA9
w:phototropic	word	phototropic	5	409	42	21633	6.296716730702061	0.0011277286527396414	0.06315280455341996	-2.947795385099349	-1.1996073580931483	True	trend	True	phototropic	phototropic		AT1G19220, AT1G70940, AT3G27580, AT3G50660, AT4G37590	ARF19, PIN3, ATPK7, DWF4, NPY5
w:val	word	val	5	409	42	21633	6.296716730702061	0.0011277286527396414	0.06315280455341996	-2.947795385099349	-1.1996073580931483	True	trend	True	val	val	glu, leu, phe	AT1G59500, AT2G23170, AT4G27260, AT5G07440, AT5G54510	GH3.4, GH3.3, WES1, GDH2, DFL1
w:strigolactone	word	strigolactone	4	409	25	21633	8.46278728606357	0.0011626254433965927	0.06483287024746036	-2.934560176987897	-1.1882047511097231	True	trend	False	connective	strigolactone		AT1G04240, AT1G23080, AT1G70940, AT2G01420	SHY2, PIN7, PIN3, PIN4
w:grown	word	grown	20	409	491	21633	2.1544774149856343	0.0011660289643840472	0.06483287024746036	-2.9332906614844414	-1.1882047511097231	True	trend	True	grown	grown		AT1G04240, AT1G04310, AT1G17060, AT1G19220, AT1G34370, AT2G22810, AT2G23150, AT2G40940, AT3G10870, AT3G23050, AT3G27580, AT3G50660, AT4G11280, AT4G39400, AT5G01180, AT5G03730, AT5G07440, AT5G24270, AT5G48150, AT5G54510	SHY2, ERS2, CYP72C1, ARF19, STOP1, ACS4, NRAMP3, ERS1, MES17, IAA7, ATPK7, DWF4, ACS6, BRI1, PTR5, CTR1, GDH2, SOS3, PAT1, DFL1
p:serine threonine	phrase	serine threonine	34	409	1028	21633	1.749360212342907	0.0011749594197593273	0.0650977516819849	-2.929977132608361	-1.1864340106479236	True	trend	True	serine threonine	serine threonine	threonine	AT1G04310, AT1G11050, AT1G22280, AT1G34110, AT1G51170, AT1G63500, AT1G68400, AT1G73080, AT1G75640, AT2G17530, AT2G25790, AT2G30020, AT2G30040, AT2G44830, AT2G48010, AT3G13380, AT3G17090, AT3G20830, AT3G24240, AT3G27580, AT3G61160, AT4G13195, AT4G17615, AT4G26080, AT4G28490, AT4G39400, AT5G02760, AT5G03730, AT5G04870, AT5G10520, AT5G24270, AT5G59010, AT5G63650, AT5G66080	ERS2, AT1G11050, PAPP2C, RGI5, UCN, BSK7, AT1G68400, PEPR1, MUS, MJB20.9, SKM1, AP2C1, MAPKKK14, PAX, RKF3, BRL3, PP2C42, UCNL, RGI1, ATPK7, ASK2, CLE44, CBL1, ABI1, HAE, BRI1, PP2C67, CTR1, CPK1, RBK1, SOS3, BSK5, SNRK2.5, PP2C79
w:stressor	word	stressor	27	409	753	21633	1.8965409754624534	0.0011983864695672617	0.06616109611490778	-2.921403103037006	-1.179397308281498	True	trend	True	stressor	stressor	col	AT1G02660, AT1G18850, AT1G78100, AT2G26530, AT2G35930, AT2G36220, AT2G39870, AT3G02170, AT3G07210, AT3G14060, AT3G19200, AT3G25640, AT3G25710, AT3G26470, AT3G28340, AT3G29370, AT3G56880, AT3G60520, AT4G09890, AT4G13235, AT4G22820, AT4G38410, AT5G10520, AT5G16110, AT5G57340, AT5G63790, AT5G66080	PLIP2, PCP2, AUF1, AR781, PUB23, AT2G36220, AT2G39870, LNG2, AT3G07210, AT3G14060, AT3G19200, AT3G25640, BHLH32, AT3G26470, GATL10, P1R3, VQ24, AT3G60520, AT4G09890, EDA21, SAP9, AT4G38410, RBK1, AT5G16110, MJB24.15, NAC102, PP2C79
w:rosette	word	rosette	20	409	493	21633	2.1457371414968485	0.0012241257463234962	0.06734415725548704	-2.912173967705647	-1.1717000774728863	True	trend	True	rosette	rosette		AT1G04310, AT1G11000, AT1G19220, AT1G55500, AT2G22810, AT2G45400, AT3G23050, AT3G28180, AT3G50660, AT3G60630, AT3G61460, AT4G11280, AT4G25420, AT4G26080, AT4G31590, AT4G37770, AT4G39400, AT5G03730, AT5G15580, AT5G19530	ERS2, MLO4, ARF19, ECT4, ACS4, BEN1, IAA7, CSLC04, DWF4, HAM2, BRH1, ACS6, GA20OX1, ABI1, CSLC5, ACS8, BRI1, CTR1, LNG1, ACL5
p:etiolated seedling	phrase	etiolated seedling	5	409	43	21633	6.150281457895036	0.0012565734034701292	0.06888667668707825	-2.9008121367642787	-1.1618647664929909	True	trend	False	etiolated	etiolated seedling		AT2G22810, AT3G17090, AT4G11280, AT4G37770, AT5G02760	ACS4, PP2C42, ACS6, ACS8, PP2C67
w:touch	word	touch	3	409	12	21633	13.223105134474327	0.001299872629732245	0.07101122366061746	-2.886099200704304	-1.148673003553549	True	trend	False	mechanical stimulus	touch		AT2G41100, AT5G37770, AT5G57560	TCH3, TCH2, TCH4
w:avoidance	word	avoidance	6	409	64	21633	4.958664425427873	0.0013091793558528257	0.07127044688447579	-2.8830008515995127	-1.147090518053707	True	trend	False	shade avoidance	avoidance		AT1G18400, AT2G18010, AT3G50660, AT4G36540, AT5G15160, AT5G47370	BEE1, SAUR10, DWF4, BEE2, BNQ2, HAT2
w:leaf	word	leaf	38	409	1200	21633	1.6749266503667481	0.0013459064195673342	0.07218480884614133	-2.870985135415446	-1.1415541892510608	True	trend	True	leaf	leaf		AT1G08430, AT1G11000, AT1G17060, AT1G19220, AT1G25320, AT1G52830, AT1G55500, AT1G73590, AT1G74660, AT2G22810, AT2G23150, AT2G28350, AT2G28400, AT2G45400, AT3G02170, AT3G44540, AT3G50660, AT3G60630, AT3G61460, AT4G02220, AT4G08950, AT4G11280, AT4G17350, AT4G25280, AT4G25420, AT4G26080, AT4G28490, AT4G37770, AT4G39400, AT5G02760, AT5G04190, AT5G04870, AT5G07440, AT5G09970, AT5G15580, AT5G24270, AT5G50570, AT5G53290	ALMT1, MLO4, CYP72C1, ARF19, SENRK1, IAA6, ECT4, PIN1, MIF1, ACS4, NRAMP3, ARF10, S40-4, BEN1, LNG2, FAR4, DWF4, HAM2, BRH1, PDCD2, EXO, ACS6, FL5, UMK2, GA20OX1, ABI1, HAE, ACS8, BRI1, PP2C67, PKS4, CPK1, GDH2, CYP78A7, LNG1, SOS3, SPL13A, CRF3
p:berberine bridge	phrase	berberine bridge	4	409	26	21633	8.137295467368817	0.0013536961720378526	0.07218480884614133	-2.8684787991767493	-1.1415541892510608	True	trend	True	berberine bridge	berberine bridge	atbbe, berberine	AT1G30700, AT1G30720, AT1G30760, AT4G20830	AtBBE8, AtBBE10, AtBBE-like 13, AtBBE19
p:cadmium tolerance	phrase	cadmium tolerance	4	409	26	21633	8.137295467368817	0.0013536961720378526	0.07218480884614133	-2.8684787991767493	-1.1415541892510608	True	trend	True	cadmium tolerance	cadmium tolerance	padre	AT1G60010, AT3G01970, AT4G37240, AT5G12340	AtPADRE7, WRKY45, AP22.53, AtPADRE20
w:atbbe	word	atbbe	4	409	26	21633	8.137295467368817	0.0013536961720378526	0.07218480884614133	-2.8684787991767493	-1.1415541892510608	True	trend	False	berberine bridge	atbbe		AT1G30700, AT1G30720, AT1G30760, AT4G20830	AtBBE8, AtBBE10, AtBBE-like 13, AtBBE19
w:berberine	word	berberine	4	409	26	21633	8.137295467368817	0.0013536961720378526	0.07218480884614133	-2.8684787991767493	-1.1415541892510608	True	trend	False	berberine bridge	berberine		AT1G30700, AT1G30720, AT1G30760, AT4G20830	AtBBE8, AtBBE10, AtBBE-like 13, AtBBE19
w:trp	word	trp	4	409	26	21633	8.137295467368817	0.0013536961720378526	0.07218480884614133	-2.8684787991767493	-1.1415541892510608	True	trend	False	amido synthetase	trp		AT1G59500, AT2G23170, AT4G27260, AT5G54510	GH3.4, GH3.3, WES1, DFL1
p:rate limiting	phrase	rate limiting	5	409	44	21633	6.010502333851967	0.0013959747291384431	0.07382504963284074	-2.8551224435288067	-1.1317962523850769	True	trend	True	rate limiting	rate limiting		AT1G23080, AT1G73080, AT2G22830, AT3G50660, AT4G12110	PIN7, PEPR1, SQE2, DWF4, SMO1-1
w:columella	word	columella	5	409	44	21633	6.010502333851967	0.0013959747291384431	0.07382504963284074	-2.8551224435288067	-1.1317962523850769	True	trend	True	columella	columella		AT1G23080, AT1G70940, AT2G01420, AT2G34140, AT4G16515	PIN7, PIN3, PIN4, CDF4, RGF6
w:link	word	link	7	409	88	21633	4.207351633696376	0.0013986312526447044	0.07382504963284074	-2.854296771605936	-1.1317962523850769	True	trend	False	mechanistic link	link		AT1G02660, AT1G34110, AT2G18010, AT3G24240, AT4G34760, AT4G36110, AT4G38860	PLIP2, RGI5, SAUR10, RGI1, SAUR50, SAUR9, SAUR16
w:nematode	word	nematode	8	409	114	21633	3.711748809677004	0.00146800846052493	0.07722614204458424	-2.8332714414576166	-1.1122356604950308	True	trend	True	nematode	nematode		AT1G58340, AT1G59740, AT2G21050, AT2G39350, AT2G39700, AT2G47260, AT4G17490, AT4G32460	ZF14, NPF4.3, LAX2, ABCG1, EXPA4, WRKY23, ERF6, BDX
w:thr	word	thr	31	409	927	21633	1.7687864473298993	0.0016203298276084804	0.08495313163273457	-2.79039657327808	-1.0708206070745372	True	trend	True	thr	thr	Serine/threonine-protein kinase, ser	AT1G11050, AT1G30570, AT1G34110, AT1G51170, AT1G59500, AT1G63500, AT1G68400, AT1G73080, AT1G75640, AT2G17530, AT2G23170, AT2G25790, AT2G30040, AT2G44830, AT2G48010, AT3G13380, AT3G20830, AT3G24240, AT3G27580, AT3G61160, AT4G26080, AT4G27260, AT4G28490, AT4G39400, AT5G03730, AT5G04870, AT5G05160, AT5G10520, AT5G54510, AT5G59010, AT5G63650	AT1G11050, HERK2, RGI5, UCN, GH3.4, BSK7, AT1G68400, PEPR1, MUS, MJB20.9, GH3.3, SKM1, MAPKKK14, PAX, RKF3, BRL3, UCNL, RGI1, ATPK7, ASK2, ABI1, WES1, HAE, BRI1, CTR1, CPK1, RUL1, RBK1, DFL1, BSK5, SNRK2.5
p:bacterial flagellin	phrase	bacterial flagellin	3	409	13	21633	12.205943201053225	0.0016662441279317352	0.08620330547948822	-2.778261368087515	-1.0644760807648672	True	trend	True	bacterial flagellin	bacterial flagellin		AT3G13380, AT4G11280, AT4G37290	BRL3, ACS6, PIP2
w:big	word	big	3	409	13	21633	12.205943201053225	0.0016662441279317352	0.08620330547948822	-2.778261368087515	-1.0644760807648672	True	trend	False	big grain	big		AT1G54200, AT3G42800, AT5G12050	BG3, AT3G42800, BG1
w:need	word	need	3	409	13	21633	12.205943201053225	0.0016662441279317352	0.08620330547948822	-2.778261368087515	-1.0644760807648672	True	trend	True	need	need		AT3G10870, AT4G25420, AT5G51810	MES17, GA20OX1, GA20OX2
w:xyg	word	xyg	3	409	13	21633	12.205943201053225	0.0016662441279317352	0.08620330547948822	-2.778261368087515	-1.0644760807648672	True	trend	False	detectable xyloglucan	xyg		AT3G28180, AT3G62720, AT4G31590	CSLC04, XT1, CSLC5
w:aminocyclopropane	word	aminocyclopropane	5	409	47	21633	5.62685324871248	0.001882682187359796	0.09707929536405768	-2.725222986369472	-1.0128733845919786	True	trend	False	Fruit ripening	aminocyclopropane		AT1G05010, AT2G22810, AT4G11280, AT4G37770, AT5G43450	EFE, ACS4, ACS6, ACS8, AT5G43450
p:flavin adenine	phrase	flavin adenine	8	409	119	21633	3.555792977337634	0.0019286814164053252	0.09912407384841052	-2.7147395040947284	-1.0038208574236842	True	trend	False	fad linked	flavin adenine		AT1G30700, AT1G30720, AT1G30760, AT2G22830, AT2G46740, AT3G49640, AT3G63440, AT4G20830	AtBBE8, AtBBE10, AtBBE-like 13, SQE2, GulLO5, AT3G49640, CKX6, AtBBE19
w:sensitive	word	sensitive	17	409	405	21633	2.220175676899393	0.0019518637653625718	0.09925476771186015	-2.709550498152954	-1.0032486226885666	True	trend	True	sensitive	sensitive		AT1G19220, AT1G23080, AT1G34370, AT2G22810, AT2G37330, AT2G38470, AT3G01970, AT3G23050, AT3G50660, AT4G11280, AT4G17615, AT4G37770, AT4G39400, AT5G06860, AT5G24270, AT5G61900, AT5G66080	ARF19, PIN7, STOP1, ACS4, ALS3, WRKY33, WRKY45, IAA7, DWF4, ACS6, CBL1, ACS8, BRI1, PGIP1, SOS3, BON1, PP2C79
w:environmental	word	environmental	9	409	147	21633	3.238311461503917	0.0019667091195648893	0.09925476771186015	-2.706259868402714	-1.0032486226885666	True	trend	True	environmental	environmental	environmental stress	AT2G18980, AT4G08950, AT4G12040, AT4G22820, AT4G34760, AT5G14130, AT5G39580, AT5G57560, AT5G64100	PER16, EXO, SAP7, SAP9, SAUR50, PER55, PER62, TCH4, PER69
w:maintain	word	maintain	10	409	176	21633	3.0052511669259836	0.001967392316345479	0.09925476771186015	-2.7061090290816234	-1.0032486226885666	True	trend	True	maintain	maintain		AT1G34110, AT1G51170, AT2G01420, AT2G45420, AT3G24240, AT3G60630, AT4G12110, AT4G16515, AT4G37590, AT5G66080	RGI5, UCN, PIN4, LBD18, RGI1, HAM2, SMO1-1, RGF6, NPY5, PP2C79
p:high throughput	phrase	high throughput	26	409	741	21633	1.8558744048385023	0.0019820460526177907	0.09925476771186015	-2.702886258949922	-1.0032486226885666	True	trend	False	osmotic	high throughput		AT1G02660, AT1G18850, AT1G78100, AT2G26530, AT2G35930, AT2G36220, AT2G39870, AT3G02170, AT3G07210, AT3G14060, AT3G19200, AT3G25640, AT3G25710, AT3G26470, AT3G28340, AT3G29370, AT3G56880, AT3G60520, AT4G09890, AT4G13235, AT4G38410, AT5G10520, AT5G16110, AT5G57340, AT5G63790, AT5G66080	PLIP2, PCP2, AUF1, AR781, PUB23, AT2G36220, AT2G39870, LNG2, AT3G07210, AT3G14060, AT3G19200, AT3G25640, BHLH32, AT3G26470, GATL10, P1R3, VQ24, AT3G60520, AT4G09890, EDA21, AT4G38410, RBK1, AT5G16110, MJB24.15, NAC102, PP2C79
p:seedling screened	phrase	seedling screened	26	409	741	21633	1.8558744048385023	0.0019820460526177907	0.09925476771186015	-2.702886258949922	-1.0032486226885666	True	trend	False	osmotic	seedling screened		AT1G02660, AT1G18850, AT1G78100, AT2G26530, AT2G35930, AT2G36220, AT2G39870, AT3G02170, AT3G07210, AT3G14060, AT3G19200, AT3G25640, AT3G25710, AT3G26470, AT3G28340, AT3G29370, AT3G56880, AT3G60520, AT4G09890, AT4G13235, AT4G38410, AT5G10520, AT5G16110, AT5G57340, AT5G63790, AT5G66080	PLIP2, PCP2, AUF1, AR781, PUB23, AT2G36220, AT2G39870, LNG2, AT3G07210, AT3G14060, AT3G19200, AT3G25640, BHLH32, AT3G26470, GATL10, P1R3, VQ24, AT3G60520, AT4G09890, EDA21, AT4G38410, RBK1, AT5G16110, MJB24.15, NAC102, PP2C79
p:throughput method	phrase	throughput method	26	409	741	21633	1.8558744048385023	0.0019820460526177907	0.09925476771186015	-2.702886258949922	-1.0032486226885666	True	trend	False	osmotic	throughput method		AT1G02660, AT1G18850, AT1G78100, AT2G26530, AT2G35930, AT2G36220, AT2G39870, AT3G02170, AT3G07210, AT3G14060, AT3G19200, AT3G25640, AT3G25710, AT3G26470, AT3G28340, AT3G29370, AT3G56880, AT3G60520, AT4G09890, AT4G13235, AT4G38410, AT5G10520, AT5G16110, AT5G57340, AT5G63790, AT5G66080	PLIP2, PCP2, AUF1, AR781, PUB23, AT2G36220, AT2G39870, LNG2, AT3G07210, AT3G14060, AT3G19200, AT3G25640, BHLH32, AT3G26470, GATL10, P1R3, VQ24, AT3G60520, AT4G09890, EDA21, AT4G38410, RBK1, AT5G16110, MJB24.15, NAC102, PP2C79
w:screened	word	screened	26	409	741	21633	1.8558744048385023	0.0019820460526177907	0.09925476771186015	-2.702886258949922	-1.0032486226885666	True	trend	False	osmotic	screened		AT1G02660, AT1G18850, AT1G78100, AT2G26530, AT2G35930, AT2G36220, AT2G39870, AT3G02170, AT3G07210, AT3G14060, AT3G19200, AT3G25640, AT3G25710, AT3G26470, AT3G28340, AT3G29370, AT3G56880, AT3G60520, AT4G09890, AT4G13235, AT4G38410, AT5G10520, AT5G16110, AT5G57340, AT5G63790, AT5G66080	PLIP2, PCP2, AUF1, AR781, PUB23, AT2G36220, AT2G39870, LNG2, AT3G07210, AT3G14060, AT3G19200, AT3G25640, BHLH32, AT3G26470, GATL10, P1R3, VQ24, AT3G60520, AT4G09890, EDA21, AT4G38410, RBK1, AT5G16110, MJB24.15, NAC102, PP2C79
w:throughput	word	throughput	26	409	741	21633	1.8558744048385023	0.0019820460526177907	0.09925476771186015	-2.702886258949922	-1.0032486226885666	True	trend	False	osmotic	throughput		AT1G02660, AT1G18850, AT1G78100, AT2G26530, AT2G35930, AT2G36220, AT2G39870, AT3G02170, AT3G07210, AT3G14060, AT3G19200, AT3G25640, AT3G25710, AT3G26470, AT3G28340, AT3G29370, AT3G56880, AT3G60520, AT4G09890, AT4G13235, AT4G38410, AT5G10520, AT5G16110, AT5G57340, AT5G63790, AT5G66080	PLIP2, PCP2, AUF1, AR781, PUB23, AT2G36220, AT2G39870, LNG2, AT3G07210, AT3G14060, AT3G19200, AT3G25640, BHLH32, AT3G26470, GATL10, P1R3, VQ24, AT3G60520, AT4G09890, EDA21, AT4G38410, RBK1, AT5G16110, MJB24.15, NAC102, PP2C79
w:method	word	method	26	409	742	21633	1.8533732263953235	0.002018901383572241	0.10052710669818626	-2.6948848943383807	-0.9977168168292749	True	trend	False	osmotic	method		AT1G02660, AT1G18850, AT1G78100, AT2G26530, AT2G35930, AT2G36220, AT2G39870, AT3G02170, AT3G07210, AT3G14060, AT3G19200, AT3G25640, AT3G25710, AT3G26470, AT3G28340, AT3G29370, AT3G56880, AT3G60520, AT4G09890, AT4G13235, AT4G38410, AT5G10520, AT5G16110, AT5G57340, AT5G63790, AT5G66080	PLIP2, PCP2, AUF1, AR781, PUB23, AT2G36220, AT2G39870, LNG2, AT3G07210, AT3G14060, AT3G19200, AT3G25640, BHLH32, AT3G26470, GATL10, P1R3, VQ24, AT3G60520, AT4G09890, EDA21, AT4G38410, RBK1, AT5G16110, MJB24.15, NAC102, PP2C79
p:zip homeobox	phrase	zip homeobox	5	409	48	21633	5.509627139364303	0.0020694954286473964	0.10052710669818626	-2.684135528584508	-0.9977168168292749	True	trend	True	zip homeobox	zip homeobox	homeobox leucine	AT4G17460, AT4G37790, AT5G47370, AT5G53980, AT5G65310	HAT1, HAT22, HAT2, HB52, HB5
w:bri	word	bri	2	409	4	21633	26.446210268948654	0.002086246466647277	0.10052710669818626	-2.68063438585105	-0.9977168168292749	True	trend	True	bri	bri		AT3G13380, AT4G39400	BRL3, BRI1
w:cim	word	cim	2	409	4	21633	26.446210268948654	0.002086246466647277	0.10052710669818626	-2.68063438585105	-0.9977168168292749	True	trend	True	cim	cim		AT1G19220, AT2G47260	ARF19, WRKY23
w:endohydrolytic	word	endohydrolytic	2	409	4	21633	26.446210268948654	0.002086246466647277	0.10052710669818626	-2.68063438585105	-0.9977168168292749	True	trend	True	endohydrolytic	endohydrolytic	non-detectable	AT4G30280, AT4G30290	XTH18, XTH19
w:founder	word	founder	2	409	4	21633	26.446210268948654	0.002086246466647277	0.10052710669818626	-2.68063438585105	-0.9977168168292749	True	trend	True	founder	founder		AT4G37295, AT5G26930	PIPL3, GATA23
w:longifolia	word	longifolia	2	409	4	21633	26.446210268948654	0.002086246466647277	0.10052710669818626	-2.68063438585105	-0.9977168168292749	True	trend	True	longifolia	longifolia		AT3G02170, AT5G15580	LNG2, LNG1
w:meaning	word	meaning	2	409	4	21633	26.446210268948654	0.002086246466647277	0.10052710669818626	-2.68063438585105	-0.9977168168292749	True	trend	False	brassiolide	meaning		AT1G17060, AT2G26710	CYP72C1, BAS1
w:non‑detectable	word	non-detectable	2	409	4	21633	26.446210268948654	0.002086246466647277	0.10052710669818626	-2.68063438585105	-0.9977168168292749	True	trend	False	endohydrolytic	non-detectable		AT4G30280, AT4G30290	XTH18, XTH19
w:reunion	word	reunion	2	409	4	21633	26.446210268948654	0.002086246466647277	0.10052710669818626	-2.68063438585105	-0.9977168168292749	True	trend	True	reunion	reunion		AT4G30290, AT5G13330	XTH19, Rap2.6L
p:downward curling	phrase	downward curling	3	409	14	21633	11.33409011526371	0.0020910976495718465	0.10052710669818626	-2.6796256861301986	-0.9977168168292749	True	trend	False	Fruit ripening	downward curling		AT2G22810, AT4G11280, AT4G37770	ACS4, ACS6, ACS8
p:pamp triggered	phrase	pamp triggered	3	409	14	21633	11.33409011526371	0.0020910976495718465	0.10052710669818626	-2.6796256861301986	-0.9977168168292749	True	trend	True	pamp triggered	pamp triggered		AT1G73080, AT2G35930, AT3G04570	PEPR1, PUB23, AHL19
w:hyposensitive	word	hyposensitive	3	409	14	21633	11.33409011526371	0.0020910976495718465	0.10052710669818626	-2.6796256861301986	-0.9977168168292749	True	trend	True	hyposensitive	hyposensitive		AT1G74660, AT2G40940, AT3G13380	MIF1, ERS1, BRL3
w:dwarf	word	dwarf	11	409	208	21633	2.797195316908031	0.002108474324782794	0.10105154248590917	-2.6760316830878397	-0.9954570528759805	True	trend	True	dwarf	dwarf		AT1G17060, AT1G58340, AT1G73590, AT3G23050, AT3G50660, AT4G25420, AT4G26080, AT4G39400, AT5G09970, AT5G51810, AT5G54510	CYP72C1, ZF14, PIN1, IAA7, DWF4, GA20OX1, ABI1, BRI1, CYP78A7, GA20OX2, DFL1
w:threonine	word	threonine	34	409	1066	21633	1.6870002798203645	0.0021320921952709087	0.10187097388046697	-2.671194019611833	-0.9919495419923208	True	trend	False	serine threonine	threonine		AT1G04310, AT1G11050, AT1G22280, AT1G34110, AT1G51170, AT1G63500, AT1G68400, AT1G73080, AT1G75640, AT2G17530, AT2G25790, AT2G30020, AT2G30040, AT2G44830, AT2G48010, AT3G13380, AT3G17090, AT3G20830, AT3G24240, AT3G27580, AT3G61160, AT4G13195, AT4G17615, AT4G26080, AT4G28490, AT4G39400, AT5G02760, AT5G03730, AT5G04870, AT5G10520, AT5G24270, AT5G59010, AT5G63650, AT5G66080	ERS2, AT1G11050, PAPP2C, RGI5, UCN, BSK7, AT1G68400, PEPR1, MUS, MJB20.9, SKM1, AP2C1, MAPKKK14, PAX, RKF3, BRL3, PP2C42, UCNL, RGI1, ATPK7, ASK2, CLE44, CBL1, ABI1, HAE, BRI1, PP2C67, CTR1, CPK1, RBK1, SOS3, BSK5, SNRK2.5, PP2C79
w:reduced	word	reduced	52	409	1835	21633	1.4988587836352372	0.0021673499892565008	0.10315905693271205	-2.664070952025998	-0.9864926367821742	True	trend	True	reduced	reduced		AT1G02660, AT1G17060, AT1G19220, AT1G29430, AT1G34370, AT1G52830, AT1G55500, AT1G73590, AT1G74660, AT1G75640, AT1G79700, AT2G22810, AT2G40940, AT2G41820, AT2G42430, AT2G44830, AT2G45400, AT3G02170, AT3G10870, AT3G23250, AT3G27580, AT3G28180, AT3G50060, AT3G50660, AT3G59900, AT3G60630, AT3G62720, AT4G08950, AT4G11280, AT4G14560, AT4G17615, AT4G20170, AT4G25280, AT4G25420, AT4G26080, AT4G31590, AT4G32460, AT4G37770, AT4G39400, AT5G03730, AT5G04870, AT5G05160, AT5G07440, AT5G15580, AT5G19530, AT5G24270, AT5G45340, AT5G47230, AT5G48150, AT5G50570, AT5G65640, AT5G67060	PLIP2, CYP72C1, ARF19, SAUR62, STOP1, IAA6, ECT4, PIN1, MIF1, MUS, WRI4, ACS4, ERS1, PXC3, LBD16, PAX, BEN1, LNG2, MES17, MYB15, ATPK7, CSLC04, MYB77, DWF4, ARGOS, HAM2, XT1, EXO, ACS6, IAA1, CBL1, GALS3, UMK2, GA20OX1, ABI1, CSLC5, BDX, ACS8, BRI1, CTR1, CPK1, RUL1, GDH2, LNG1, ACL5, SOS3, CYP707A3, ERF5, PAT1, SPL13A, bHLH093, HEC1
w:bulk	word	bulk	26	409	746	21633	1.8434355683449466	0.002172256127167324	0.10315905693271205	-2.663088969111998	-0.9864926367821742	True	trend	False	osmotic	bulk		AT1G02660, AT1G18850, AT1G78100, AT2G26530, AT2G35930, AT2G36220, AT2G39870, AT3G02170, AT3G07210, AT3G14060, AT3G19200, AT3G25640, AT3G25710, AT3G26470, AT3G28340, AT3G29370, AT3G56880, AT3G60520, AT4G09890, AT4G13235, AT4G38410, AT5G10520, AT5G16110, AT5G57340, AT5G63790, AT5G66080	PLIP2, PCP2, AUF1, AR781, PUB23, AT2G36220, AT2G39870, LNG2, AT3G07210, AT3G14060, AT3G19200, AT3G25640, BHLH32, AT3G26470, GATL10, P1R3, VQ24, AT3G60520, AT4G09890, EDA21, AT4G38410, RBK1, AT5G16110, MJB24.15, NAC102, PP2C79
k:Cell wall biogenesis/degradation	keyword	Cell wall biogenesis/degradation	17	409	410	21633	2.1931003637664737	0.0022177000690110373	0.1049980178128135	-2.6540971900089523	-0.9788188996070417	True	trend	False	Cell wall	Cell wall biogenesis/degradation		AT1G10550, AT1G13250, AT1G20190, AT1G53840, AT2G39700, AT3G10720, AT3G28180, AT3G28340, AT3G43270, AT3G49220, AT4G20170, AT4G25810, AT4G30280, AT4G30290, AT4G31590, AT5G45280, AT5G57560	XTH33, GATL3, EXPA11, PME1, EXPA4, PME25, CSLC04, GATL10, PME32, PME34, GALS3, XTR6, XTH18, XTH19, CSLC5, PAE11, TCH4
w:inhibit	word	inhibit	11	409	210	21633	2.7705553615089062	0.0022717766077671236	0.10723334658535813	-2.6436343766511388	-0.9696701401470595	True	trend	True	inhibit	inhibit		AT1G29510, AT1G70940, AT1G74660, AT2G37030, AT2G43060, AT3G02885, AT4G37295, AT5G06860, AT5G54510, AT5G66080, AT5G67060	SAUR68, PIN3, MIF1, SAUR46, IBH1, GASA5, PIPL3, PGIP1, DFL1, PP2C79, HEC1
p:abiotic stress	phrase	abiotic stress	11	409	211	21633	2.757424767378533	0.0023571912187847284	0.1109299867538934	-2.627605185445733	-0.9549510388699711	True	trend	True	abiotic stress	abiotic stress	abiotic	AT1G02660, AT1G27730, AT1G60010, AT2G38470, AT4G17615, AT4G37240, AT5G01740, AT5G12340, AT5G13330, AT5G59010, AT5G65300	PLIP2, STZ, AtPADRE7, WRKY33, CBL1, AP22.53, AT5G01740, AtPADRE20, Rap2.6L, BSK5, SUPA
w:activator	word	activator	23	409	636	21633	1.912776214420815	0.002435652295600869	0.11427817257197596	-2.6133847098322205	-0.9420367130587421	True	trend	False	transcriptional activator	activator		AT1G19220, AT1G44830, AT1G79700, AT2G28350, AT2G42430, AT2G43060, AT2G44840, AT2G45420, AT3G25730, AT3G58120, AT3G58190, AT3G60530, AT4G17490, AT4G23750, AT4G30080, AT5G06080, AT5G13330, AT5G25190, AT5G46750, AT5G47230, AT5G51190, AT5G53290, AT5G61600	ARF19, ERF014, WRI4, ARF10, LBD16, IBH1, ERF13, LBD18, EDF3, BZIP61, LBD29, GATA4, ERF6, CRF2, ARF16, LBD33, Rap2.6L, ESE3, AGD9, ERF5, ERF105, CRF3, ERF104
w:kinase	word	kinase	49	409	1718	21633	1.5085731119656394	0.0025625669230063632	0.11987289103308808	-2.591324783921416	-0.9212790204531824	True	trend	True	kinase	kinase		AT1G04310, AT1G11050, AT1G21980, AT1G22030, AT1G25320, AT1G30570, AT1G34110, AT1G51170, AT1G63500, AT1G68400, AT1G73080, AT1G73590, AT1G75640, AT1G77000, AT2G17530, AT2G25790, AT2G30020, AT2G30040, AT2G39370, AT2G40090, AT2G40940, AT2G41820, AT2G44830, AT2G48010, AT3G08760, AT3G13380, AT3G20830, AT3G24240, AT3G27580, AT3G60550, AT3G61160, AT4G13195, AT4G17615, AT4G25280, AT4G26080, AT4G28490, AT4G37295, AT4G37590, AT4G39400, AT5G03730, AT5G04190, AT5G04870, AT5G05160, AT5G10520, AT5G24270, AT5G40540, AT5G52900, AT5G59010, AT5G63650	ERS2, AT1G11050, PIP5K1, AT1G22030, SENRK1, HERK2, RGI5, UCN, BSK7, AT1G68400, PEPR1, PIN1, MUS, SKP2B, MJB20.9, SKM1, AP2C1, MAPKKK14, MAKR4, ATH9, ERS1, PXC3, PAX, RKF3, ATSIK, BRL3, UCNL, RGI1, ATPK7, CYCP3;2, ASK2, CLE44, CBL1, UMK2, ABI1, HAE, PIPL3, NPY5, BRI1, CTR1, PKS4, CPK1, RUL1, RBK1, SOS3, MNF13.60, MAKR6, BSK5, SNRK2.5
w:gravistimulation	word	gravistimulation	3	409	15	21633	10.578484107579461	0.0025774516613351266	0.12020926793044785	-2.588809470918267	-0.9200620476753141	True	trend	False	Fruit ripening	gravistimulation		AT2G22810, AT4G11280, AT4G37770	ACS4, ACS6, ACS8
w:endotransglycosylation	word	endotransglycosylation	4	409	31	21633	6.824828456502879	0.0026449969726420105	0.12190393127008492	-2.577574820704645	-0.913982288627929	True	trend	True	endotransglycosylation	endotransglycosylation		AT1G10550, AT4G25810, AT4G30280, AT5G57560	XTH33, XTR6, XTH18, TCH4
w:phototropism	word	phototropism	4	409	31	21633	6.824828456502879	0.0026449969726420105	0.12190393127008492	-2.577574820704645	-0.913982288627929	True	trend	True	phototropism	phototropism		AT2G44830, AT3G27580, AT4G14560, AT5G04190	PAX, ATPK7, IAA1, PKS4
w:pollination	word	pollination	4	409	31	21633	6.824828456502879	0.0026449969726420105	0.12190393127008492	-2.577574820704645	-0.913982288627929	True	trend	True	pollination	pollination	following pollination	AT1G29430, AT3G28180, AT4G31590, AT5G67060	SAUR62, CSLC04, CSLC5, HEC1
w:reporter	word	reporter	4	409	31	21633	6.824828456502879	0.0026449969726420105	0.12190393127008492	-2.577574820704645	-0.913982288627929	True	trend	True	reporter	reporter		AT4G12110, AT4G38850, AT5G37770, AT5G66080	SMO1-1, SAUR15, TCH2, PP2C79
k:Brassinosteroid signaling pathway	keyword	Brassinosteroid signaling pathway	5	409	51	21633	5.18553142528405	0.0027110750188837716	0.12458187086776494	-2.5668584647741852	-0.9045451515366421	True	trend	True	Brassinosteroid signaling pathway	Brassinosteroid signaling pathway		AT1G63500, AT2G43060, AT3G61460, AT4G39400, AT5G59010	BSK7, IBH1, BRH1, BRI1, BSK5
w:filament	word	filament	10	409	184	21633	2.874588072711811	0.0027198284403577655	0.12461759399457406	-2.5654584892583587	-0.9044206379710582	True	trend	False	stamen filament	filament		AT1G21980, AT1G29430, AT1G29440, AT1G29450, AT1G29460, AT1G29490, AT1G29500, AT1G29510, AT1G51170, AT3G15540	PIP5K1, SAUR62, SAUR63, SAUR64, SAUR65, SAUR68, SAUR66, SAUR68, UCN, IAA19
p:adenine dinucleotide	phrase	adenine dinucleotide	8	409	126	21633	3.358248923041099	0.0027570214801912627	0.1251301158249281	-2.5595598502554178	-0.9026381534357539	True	trend	False	fad linked	adenine dinucleotide		AT1G30700, AT1G30720, AT1G30760, AT2G22830, AT2G46740, AT3G49640, AT3G63440, AT4G20830	AtBBE8, AtBBE10, AtBBE-like 13, SQE2, GulLO5, AT3G49640, CKX6, AtBBE19
w:botrytis	word	botrytis	6	409	74	21633	4.288574638207891	0.0027630497926011376	0.1251301158249281	-2.558611288642278	-0.9026381534357539	True	trend	True	botrytis	botrytis	botrytis cinerea	AT1G80840, AT2G22810, AT2G40140, AT3G12920, AT4G11280, AT4G37770	WRKY40, ACS4, CZF1, BRG3, ACS6, ACS8
w:conjugate	word	conjugate	6	409	74	21633	4.288574638207891	0.0027630497926011376	0.1251301158249281	-2.558611288642278	-0.9026381534357539	True	trend	False	amido synthetase	conjugate		AT1G59500, AT2G14960, AT2G23170, AT3G10870, AT4G27260, AT5G54510	GH3.4, GH3.1, GH3.3, MES17, WES1, DFL1
w:glu	word	glu	6	409	74	21633	4.288574638207891	0.0027630497926011376	0.1251301158249281	-2.558611288642278	-0.9026381534357539	True	trend	False	val	glu		AT1G09940, AT1G59500, AT2G23170, AT4G27260, AT5G07440, AT5G54510	HEMA2, GH3.4, GH3.3, WES1, GDH2, DFL1
w:flavin	word	flavin	9	409	155	21633	3.0711728054262952	0.002816008165222879	0.12679340511078468	-2.5503660902592937	-0.8969033347703692	True	trend	True	flavin	flavin	Flavoprotein	AT1G30700, AT1G30720, AT1G30760, AT2G22830, AT2G46740, AT3G49640, AT3G63440, AT4G20830, AT5G54500	AtBBE8, AtBBE10, AtBBE-like 13, SQE2, GulLO5, AT3G49640, CKX6, AtBBE19, FQR1
w:innate	word	innate	9	409	155	21633	3.0711728054262952	0.002816008165222879	0.12679340511078468	-2.5503660902592937	-0.8969033347703692	True	trend	False	innate immune	innate		AT1G44830, AT1G73080, AT3G04570, AT4G12720, AT4G36540, AT4G37290, AT5G37770, AT5G64900, AT5G64905	ERF014, PEPR1, AHL19, NUDT7, BEE2, PIP2, TCH2, PROPEP1, PROPEP3
w:efflux	word	efflux	10	409	185	21633	2.85904975880526	0.0028281698524859123	0.12697507406678138	-2.5484945115009414	-0.8962815251677241	True	trend	False	auxin efflux	efflux		AT1G08430, AT1G23080, AT1G27730, AT1G58340, AT1G70940, AT1G73590, AT2G01420, AT2G44830, AT3G27580, AT4G32460	ALMT1, PIN7, STZ, ZF14, PIN3, PIN1, PIN4, PAX, ATPK7, BDX
w:primary	word	primary	20	409	531	21633	1.9921815645159062	0.002900130954463877	0.12983279665485287	-2.5375823912331175	-0.8866155879124991	True	trend	True	primary	primary		AT1G10550, AT1G19220, AT1G76650, AT2G38470, AT2G44830, AT3G15540, AT3G60630, AT3G62720, AT4G02220, AT4G14560, AT4G25810, AT4G27280, AT4G30280, AT4G30290, AT4G39400, AT5G04340, AT5G24270, AT5G45280, AT5G54500, AT5G57560	XTH33, ARF19, CML38, WRKY33, PAX, IAA19, HAM2, XT1, PDCD2, IAA1, XTR6, KRP1, XTH18, XTH19, BRI1, ZAT6, SOS3, PAE11, FQR1, TCH4
w:hand	word	hand	6	409	75	21633	4.231393643031785	0.0029564436846344533	0.13159964709039526	-2.5292303891781307	-0.8807452753641565	True	trend	True	hand	hand		AT2G41100, AT2G43290, AT4G27280, AT5G24270, AT5G37770, AT5G54490	TCH3, MSS3, KRP1, SOS3, TCH2, PBP1
w:leu	word	leu	6	409	75	21633	4.231393643031785	0.0029564436846344533	0.13159964709039526	-2.5292303891781307	-0.8807452753641565	True	trend	False	val	leu		AT1G59500, AT1G77000, AT2G23170, AT4G27260, AT5G07440, AT5G54510	GH3.4, SKP2B, GH3.3, WES1, GDH2, DFL1
w:gln	word	gln	4	409	32	21633	6.611552567237164	0.0029783346531664077	0.13182294793504812	-2.5260265054226796	-0.8800089805307039	True	trend	False	amido synthetase	gln		AT1G59500, AT2G23170, AT4G27260, AT5G54510	GH3.4, GH3.3, WES1, DFL1
w:lob	word	lob	4	409	32	21633	6.611552567237164	0.0029783346531664077	0.13182294793504812	-2.5260265054226796	-0.8800089805307039	True	trend	False	asymmetric leave	lob		AT2G42430, AT2G45420, AT3G58190, AT5G06080	LBD16, LBD18, LBD29, LBD33
w:col	word	col	29	409	884	21633	1.735158592306586	0.0029909975418299516	0.13200945082924068	-2.524183943896173	-0.8793949756421626	True	trend	False	stressor	col		AT1G02660, AT1G08430, AT1G18850, AT1G78100, AT2G26530, AT2G35930, AT2G36220, AT2G39870, AT3G02170, AT3G07210, AT3G14060, AT3G19200, AT3G25640, AT3G25710, AT3G26470, AT3G28340, AT3G29370, AT3G50660, AT3G56880, AT3G60520, AT3G62100, AT4G09890, AT4G13235, AT4G38410, AT5G10520, AT5G16110, AT5G57340, AT5G63790, AT5G66080	PLIP2, ALMT1, PCP2, AUF1, AR781, PUB23, AT2G36220, AT2G39870, LNG2, AT3G07210, AT3G14060, AT3G19200, AT3G25640, BHLH32, AT3G26470, GATL10, P1R3, DWF4, VQ24, AT3G60520, IAA30, AT4G09890, EDA21, AT4G38410, RBK1, AT5G16110, MJB24.15, NAC102, PP2C79
w:promote	word	promote	28	409	845	21633	1.7526482545102064	0.003054429978769845	0.13442933517831004	-2.515069826394612	-0.871505949169908	True	trend	True	promote	promote		AT1G05010, AT1G09350, AT1G29430, AT1G29440, AT1G29450, AT1G29460, AT1G29490, AT1G29500, AT1G29510, AT1G74660, AT1G78100, AT2G41230, AT2G44080, AT2G45420, AT3G17090, AT3G27580, AT3G50060, AT3G59900, AT3G60630, AT3G62100, AT4G13195, AT4G26080, AT4G32460, AT5G02760, AT5G15920, AT5G20820, AT5G64900, AT5G65300	EFE, GolS3, SAUR62, SAUR63, SAUR64, SAUR65, SAUR68, SAUR66, SAUR68, MIF1, AUF1, ORS1, ARL, LBD18, PP2C42, ATPK7, MYB77, ARGOS, HAM2, IAA30, CLE44, ABI1, BDX, PP2C67, SMC5, SAUR76, PROPEP1, SUPA
w:acs	word	acs	3	409	16	21633	9.917328850855746	0.0031280900875143083	0.13689994265356742	-2.504720747956511	-0.8635967337889059	True	trend	False	Fruit ripening	acs		AT2G22810, AT4G11280, AT4G37770	ACS4, ACS6, ACS8
w:phyllotaxis	word	phyllotaxis	3	409	16	21633	9.917328850855746	0.0031280900875143083	0.13689994265356742	-2.504720747956511	-0.8635967337889059	True	trend	True	phyllotaxis	phyllotaxis	abnormal phyllotaxis	AT1G19220, AT1G55500, AT3G60630	ARF19, ECT4, HAM2
w:blue	word	blue	9	409	158	21633	3.012859397728328	0.003200538838000831	0.13900353517717678	-2.494776898345676	-0.8569741545054943	True	trend	True	blue	blue		AT1G17060, AT1G19220, AT1G70940, AT2G26710, AT3G27580, AT5G48150, AT5G53980, AT5G65300, AT5G67060	CYP72C1, ARF19, PIN3, BAS1, ATPK7, PAT1, HB52, SUPA, HEC1
p:light grown	phrase	light grown	5	409	53	21633	4.989850994141256	0.0032117432283001015	0.13900353517717678	-2.4932591828796347	-0.8569741545054943	True	trend	True	light grown	light grown		AT2G22810, AT3G10870, AT3G23050, AT4G11280, AT5G54510	ACS4, MES17, IAA7, ACS6, DFL1
w:little	word	little	5	409	53	21633	4.989850994141256	0.0032117432283001015	0.13900353517717678	-2.4932591828796347	-0.8569741545054943	True	trend	True	little	little		AT1G59500, AT1G80840, AT2G23170, AT4G27260, AT5G54510	GH3.4, WRKY40, GH3.3, WES1, DFL1
w:stronger	word	stronger	5	409	53	21633	4.989850994141256	0.0032117432283001015	0.13900353517717678	-2.4932591828796347	-0.8569741545054943	True	trend	True	stronger	stronger		AT1G19220, AT3G23050, AT4G25420, AT4G26080, AT4G39400	ARF19, IAA7, GA20OX1, ABI1, BRI1
w:longer	word	longer	10	409	189	21633	2.7985407692009163	0.003296518446959433	0.1422784646831331	-2.4819444896486953	-0.846860829902063	True	trend	True	longer	longer		AT1G17060, AT1G19220, AT2G35930, AT2G45400, AT3G10870, AT3G10930, AT4G17615, AT5G01840, AT5G03730, AT5G67060	CYP72C1, ARF19, PUB23, BEN1, MES17, IDL7, CBL1, OFP1, CTR1, HEC1
w:inhibitor	word	inhibitor	18	409	463	21633	2.05629280708888	0.003319450583365055	0.1426769398233242	-2.4789337923075014	-0.8456462141086796	True	trend	True	inhibitor	inhibitor		AT1G23080, AT1G28370, AT1G53170, AT1G53840, AT1G57560, AT1G74660, AT1G77000, AT2G39370, AT3G10720, AT3G43270, AT3G49220, AT3G50660, AT4G22470, AT4G26080, AT5G03730, AT5G04190, AT5G06860, AT5G45340	PIN7, ERF11, ERF8, PME1, MYB50, MIF1, SKP2B, MAKR4, PME25, PME32, PME34, DWF4, DHYPRP1, ABI1, CTR1, PKS4, PGIP1, CYP707A3
p:efflux carrier	phrase	efflux carrier	4	409	33	21633	6.411202489442099	0.0033392592196290747	0.1426769398233242	-2.4763498662751253	-0.8456462141086796	True	trend	False	connective	efflux carrier		AT1G23080, AT1G70940, AT1G73590, AT2G01420	PIN7, PIN3, PIN1, PIN4
w:acidification	word	acidification	4	409	33	21633	6.411202489442099	0.0033392592196290747	0.1426769398233242	-2.4763498662751253	-0.8456462141086796	True	trend	False	mechanistic link	acidification		AT2G18010, AT4G34760, AT4G36110, AT4G38860	SAUR10, SAUR50, SAUR9, SAUR16
p:backbone substituted	phrase	backbone substituted	2	409	5	21633	21.156968215158923	0.003433597630156801	0.1426769398233242	-2.464250599460817	-0.8456462141086796	True	trend	True	backbone substituted	backbone substituted	indicating weaker, work simultaneously, xyloglucan backbone	AT3G28180, AT4G31590	CSLC04, CSLC5
p:following pollination	phrase	following pollination	2	409	5	21633	21.156968215158923	0.003433597630156801	0.1426769398233242	-2.464250599460817	-0.8456462141086796	True	trend	False	pollination	following pollination		AT3G28180, AT4G31590	CSLC04, CSLC5
p:indicating weaker	phrase	indicating weaker	2	409	5	21633	21.156968215158923	0.003433597630156801	0.1426769398233242	-2.464250599460817	-0.8456462141086796	True	trend	False	backbone substituted	indicating weaker		AT3G28180, AT4G31590	CSLC04, CSLC5
p:work simultaneously	phrase	work simultaneously	2	409	5	21633	21.156968215158923	0.003433597630156801	0.1426769398233242	-2.464250599460817	-0.8456462141086796	True	trend	False	backbone substituted	work simultaneously		AT3G28180, AT4G31590	CSLC04, CSLC5
p:xyloglucan backbone	phrase	xyloglucan backbone	2	409	5	21633	21.156968215158923	0.003433597630156801	0.1426769398233242	-2.464250599460817	-0.8456462141086796	True	trend	False	backbone substituted	xyloglucan backbone		AT3G28180, AT4G31590	CSLC04, CSLC5
w:choice	word	choice	2	409	5	21633	21.156968215158923	0.003433597630156801	0.1426769398233242	-2.464250599460817	-0.8456462141086796	True	trend	True	choice	choice		AT1G80240, AT4G32460	DGR1, BDX
w:crf	word	crf	2	409	5	21633	21.156968215158923	0.003433597630156801	0.1426769398233242	-2.464250599460817	-0.8456462141086796	True	trend	True	crf	crf	relocalize	AT4G23750, AT5G53290	CRF2, CRF3
w:gretchen	word	gretchen	2	409	5	21633	21.156968215158923	0.003433597630156801	0.1426769398233242	-2.464250599460817	-0.8456462141086796	True	trend	True	gretchen	gretchen		AT2G14960, AT5G54510	GH3.1, DFL1
w:makr	word	makr	2	409	5	21633	21.156968215158923	0.003433597630156801	0.1426769398233242	-2.464250599460817	-0.8456462141086796	True	trend	True	makr	makr		AT2G39370, AT5G52900	MAKR4, MAKR6
w:naked	word	naked	2	409	5	21633	21.156968215158923	0.003433597630156801	0.1426769398233242	-2.464250599460817	-0.8456462141086796	True	trend	True	naked	naked		AT1G73590, AT4G37590	PIN1, NPY5
w:sob	word	sob	2	409	5	21633	21.156968215158923	0.003433597630156801	0.1426769398233242	-2.464250599460817	-0.8456462141086796	True	trend	False	brassiolide	sob		AT1G17060, AT2G26710	CYP72C1, BAS1
w:dinucleotide	word	dinucleotide	8	409	131	21633	3.23007148323037	0.003501866300072828	0.1451277428974479	-2.4557004391346515	-0.8382495590606465	True	trend	False	fad linked	dinucleotide		AT1G30700, AT1G30720, AT1G30760, AT2G22830, AT2G46740, AT3G49640, AT3G63440, AT4G20830	AtBBE8, AtBBE10, AtBBE-like 13, SQE2, GulLO5, AT3G49640, CKX6, AtBBE19
w:enzyme	word	enzyme	41	409	1399	21633	1.5500995297024946	0.0035940567451990544	0.14855434546822754	-2.444415070262027	-0.8281146398194545	True	trend	True	enzyme	enzyme		AT1G05010, AT1G19440, AT1G21980, AT1G22030, AT1G30700, AT1G30720, AT1G30760, AT1G53840, AT1G59500, AT1G78970, AT2G14960, AT2G22810, AT2G22830, AT2G23170, AT2G43060, AT3G02070, AT3G10720, AT3G11210, AT3G25780, AT3G28180, AT3G43270, AT3G49220, AT3G56170, AT3G62720, AT4G11280, AT4G12110, AT4G20830, AT4G25420, AT4G27260, AT4G32460, AT4G37770, AT5G01840, AT5G04870, AT5G06860, AT5G07440, AT5G13330, AT5G45340, AT5G51810, AT5G54500, AT5G54510, AT5G57560	EFE, KCS4, PIP5K1, AT1G22030, AtBBE8, AtBBE10, AtBBE-like 13, PME1, GH3.4, LUP1, GH3.1, ACS4, SQE2, GH3.3, IBH1, OTU12, PME25, CPRD49, AOC3, CSLC04, PME32, PME34, CAN, XT1, ACS6, SMO1-1, AtBBE19, GA20OX1, WES1, BDX, ACS8, OFP1, CPK1, PGIP1, GDH2, Rap2.6L, CYP707A3, GA20OX2, FQR1, DFL1, TCH4
w:leucine	word	leucine	19	409	504	21633	1.9939602980556523	0.003618254794600397	0.14892386178507652	-2.4415008537302874	-0.8270357104995525	True	trend	True	leucine	leucine		AT1G25320, AT1G34110, AT1G68400, AT1G73080, AT1G75640, AT2G25790, AT2G41820, AT3G24240, AT3G58120, AT4G12110, AT4G17460, AT4G28490, AT4G37790, AT4G39400, AT5G05160, AT5G12940, AT5G47370, AT5G53980, AT5G65310	SENRK1, RGI5, AT1G68400, PEPR1, MUS, SKM1, PXC3, RGI1, BZIP61, SMO1-1, HAT1, HAE, HAT22, BRI1, RUL1, AT5G12940, HAT2, HB52, HB5
w:cinerea	word	cinerea	7	409	104	21633	3.5600667669738573	0.0036220601304614098	0.14892386178507652	-2.4410443441625405	-0.8270357104995525	True	trend	True	cinerea	cinerea		AT1G80840, AT2G22810, AT2G38470, AT3G12920, AT4G11280, AT4G20830, AT4G37770	WRKY40, ACS4, WRKY33, BRG3, ACS6, AtBBE19, ACS8
w:downstream	word	downstream	13	409	290	21633	2.3710395413540177	0.0036969796389641116	0.15160527527342593	-2.4321529412878298	-0.8192856866836511	True	trend	True	downstream	downstream		AT1G02400, AT1G02660, AT1G25320, AT1G34110, AT1G63500, AT2G38470, AT2G42430, AT2G44080, AT2G45420, AT3G24240, AT4G30290, AT4G32280, AT5G59010	GA2OX6, PLIP2, SENRK1, RGI5, BSK7, WRKY33, LBD16, ARL, LBD18, RGI1, XTH19, IAA29, BSK5
p:agc ser	phrase	agc ser	4	409	34	21633	6.22263771034086	0.0037288321735547184	0.15239795745509485	-2.4284271628278318	-0.8170208536783465	True	trend	False	agc	agc ser		AT1G51170, AT2G44830, AT3G20830, AT3G27580	UCN, PAX, UCNL, ATPK7
w:bud	word	bud	3	409	17	21633	9.33395656551129	0.0037455719190192284	0.15239795745509485	-2.4264818595906137	-0.8170208536783465	True	trend	True	bud	bud	bud outgrowth	AT1G23080, AT2G01420, AT4G13195	PIN7, PIN4, CLE44
w:cat	word	cat	3	409	17	21633	9.33395656551129	0.0037455719190192284	0.15239795745509485	-2.4264818595906137	-0.8170208536783465	True	trend	False	connective	cat		AT1G23080, AT1G70940, AT2G01420	PIN7, PIN3, PIN4
p:homeobox leucine	phrase	homeobox leucine	5	409	55	21633	4.808401867081574	0.0037757544753410726	0.15283002052520442	-2.4229962541704104	-0.8157913285623675	True	trend	False	zip homeobox	homeobox leucine		AT4G17460, AT4G37790, AT5G47370, AT5G53980, AT5G65310	HAT1, HAT22, HAT2, HB52, HB5
w:responsiveness	word	responsiveness	5	409	55	21633	4.808401867081574	0.0037757544753410726	0.15283002052520442	-2.4229962541704104	-0.8157913285623675	True	trend	True	responsiveness	responsiveness		AT1G11000, AT1G17060, AT3G03830, AT3G03840, AT5G65310	MLO4, CYP72C1, SAUR28, SAUR27, HB5
w:provide	word	provide	7	409	105	21633	3.5261613691931535	0.003819271923998868	0.15400850824107565	-2.418019419686895	-0.8124552857863936	True	trend	True	provide	provide		AT1G02660, AT2G18010, AT2G23150, AT3G44540, AT4G34760, AT4G36110, AT4G38860	PLIP2, SAUR10, NRAMP3, FAR4, SAUR50, SAUR9, SAUR16
w:tip	word	tip	10	409	193	21633	2.740539924243384	0.003824584050021591	0.15400850824107565	-2.4174157904719844	-0.8124552857863936	True	trend	True	tip	tip		AT2G01420, AT2G21050, AT2G22810, AT3G60630, AT4G11280, AT4G14550, AT4G30280, AT4G37590, AT4G37770, AT5G06860	PIN4, LAX2, ACS4, HAM2, ACS6, IAA14, XTH18, NPY5, ACS8, PGIP1
w:inhibition	word	inhibition	14	409	326	21633	2.271453642731786	0.003870980445653815	0.15547608864497486	-2.412179022524004	-0.8083363935699137	True	trend	True	inhibition	inhibition		AT2G18010, AT3G10870, AT3G23050, AT3G50660, AT4G14560, AT4G25420, AT4G26080, AT4G34760, AT4G36110, AT4G38860, AT5G03730, AT5G04870, AT5G24270, AT5G37770	SAUR10, MES17, IAA7, DWF4, IAA1, GA20OX1, ABI1, SAUR50, SAUR9, SAUR16, CTR1, CPK1, SOS3, TCH2
w:aba	word	aba	41	409	1409	21633	1.5390981135938893	0.004063893643318978	0.162805831495425	-2.3910576665519176	-0.7883300432986187	True	trend	True	aba	aba		AT1G02660, AT1G18850, AT1G55500, AT1G74660, AT1G78100, AT2G26530, AT2G28400, AT2G35930, AT2G36220, AT2G38470, AT2G39030, AT2G39870, AT3G02170, AT3G07210, AT3G14060, AT3G19200, AT3G23250, AT3G25640, AT3G25710, AT3G26470, AT3G28340, AT3G29370, AT3G56880, AT3G60520, AT4G09890, AT4G13235, AT4G17615, AT4G25420, AT4G26080, AT4G37790, AT4G38410, AT5G10520, AT5G13330, AT5G16110, AT5G37770, AT5G45340, AT5G57340, AT5G63790, AT5G65300, AT5G65310, AT5G66080	PLIP2, PCP2, ECT4, MIF1, AUF1, AR781, S40-4, PUB23, AT2G36220, WRKY33, NATA1, AT2G39870, LNG2, AT3G07210, AT3G14060, AT3G19200, MYB15, AT3G25640, BHLH32, AT3G26470, GATL10, P1R3, VQ24, AT3G60520, AT4G09890, EDA21, CBL1, GA20OX1, ABI1, HAT22, AT4G38410, RBK1, Rap2.6L, AT5G16110, TCH2, CYP707A3, MJB24.15, NAC102, SUPA, HB5, PP2C79
p:leaf blade	phrase	leaf blade	4	409	35	21633	6.044848061473979	0.004148093985715985	0.1653311745735372	-2.382151412115346	-0.7816452488560053	True	trend	False	blade	leaf blade		AT2G22810, AT2G45400, AT4G11280, AT4G37770	ACS4, BEN1, ACS6, ACS8
w:dramatic	word	dramatic	4	409	35	21633	6.044848061473979	0.004148093985715985	0.1653311745735372	-2.382151412115346	-0.7816452488560053	True	trend	True	dramatic	dramatic		AT1G74660, AT2G22810, AT4G11280, AT5G03730	MIF1, ACS4, ACS6, CTR1
w:decreased	word	decreased	29	409	909	21633	1.6874369588548095	0.004417587300706134	0.1753147486847154	-2.354814859174836	-0.7561815465248483	True	trend	True	decreased	decreased		AT1G02660, AT1G08430, AT1G09940, AT1G78100, AT2G22810, AT2G30040, AT2G35930, AT2G39870, AT2G40140, AT3G07210, AT3G14060, AT3G25640, AT3G26470, AT3G28340, AT3G29370, AT3G50060, AT3G56880, AT3G60520, AT4G08950, AT4G09890, AT4G11280, AT4G13235, AT4G14560, AT4G26080, AT4G32460, AT4G37770, AT4G38410, AT5G05160, AT5G57340	PLIP2, ALMT1, HEMA2, AUF1, ACS4, MAPKKK14, PUB23, AT2G39870, CZF1, AT3G07210, AT3G14060, AT3G25640, AT3G26470, GATL10, P1R3, MYB77, VQ24, AT3G60520, EXO, AT4G09890, ACS6, EDA21, IAA1, ABI1, BDX, ACS8, AT4G38410, RUL1, MJB24.15
p:basipetal auxin	phrase	basipetal auxin	3	409	18	21633	8.815403422982884	0.004432240510142252	0.1753147486847154	-2.353376681178186	-0.7561815465248483	True	trend	False	basipetal	basipetal auxin		AT1G73590, AT1G78100, AT3G27580	PIN1, AUF1, ATPK7
w:procambial	word	procambial	3	409	18	21633	8.815403422982884	0.004432240510142252	0.1753147486847154	-2.353376681178186	-0.7561815465248483	True	trend	True	procambial	procambial		AT1G21980, AT4G13195, AT5G19530	PIP5K1, CLE44, ACL5
k:Flavoprotein	keyword	Flavoprotein	11	409	230	21633	2.5296375039863928	0.004538760960643297	0.17907475062901745	-2.3430626893010498	-0.7469656449467639	True	trend	False	flavin	Flavoprotein		AT1G30700, AT1G30720, AT1G30760, AT2G22830, AT2G46740, AT3G49640, AT3G63440, AT4G20830, AT4G38540, AT5G54500, AT5G64250	AtBBE8, AtBBE10, AtBBE-like 13, SQE2, GulLO5, AT3G49640, CKX6, AtBBE19, MO2, FQR1, MSJ1.9
w:dramatically	word	dramatically	4	409	36	21633	5.876935615321924	0.004598062653937108	0.18050284147013423	-2.3374251152603525	-0.743515957054242	True	trend	True	dramatically	dramatically		AT3G28180, AT4G12110, AT4G31590, AT5G67060	CSLC04, SMO1-1, CSLC5, HEC1
w:oxidized	word	oxidized	4	409	36	21633	5.876935615321924	0.004598062653937108	0.18050284147013423	-2.3374251152603525	-0.743515957054242	True	trend	True	oxidized	oxidized		AT2G46740, AT4G25420, AT5G51810, AT5G63790	GulLO5, GA20OX1, GA20OX2, NAC102
w:pectin	word	pectin	14	409	334	21633	2.2170475674567736	0.004783603137695037	0.18731582812868983	-2.3202448579198287	-0.727425523326779	True	trend	True	pectin	pectin		AT1G13250, AT1G34370, AT1G44830, AT1G53840, AT1G57560, AT3G10720, AT3G28340, AT3G43270, AT3G49220, AT4G20170, AT4G28490, AT4G32460, AT5G06860, AT5G45280	GATL3, STOP1, ERF014, PME1, MYB50, PME25, GATL10, PME32, PME34, GALS3, HAE, BDX, PGIP1, PAE11
w:oxygen	word	oxygen	21	409	596	21633	1.863659112912489	0.004957941066430689	0.19334579046166278	-2.3046986398667184	-0.7136652789784135	True	trend	True	oxygen	oxygen		AT1G06080, AT1G17060, AT1G19540, AT1G30700, AT1G30720, AT1G30760, AT1G34370, AT2G23150, AT2G26710, AT2G46740, AT3G13380, AT3G50660, AT3G63440, AT4G17490, AT4G17615, AT4G20830, AT5G09970, AT5G45340, AT5G51190, AT5G63790, AT5G65300	ADS1, CYP72C1, AT1G19540, AtBBE8, AtBBE10, AtBBE-like 13, STOP1, NRAMP3, BAS1, GulLO5, BRL3, DWF4, CKX6, ERF6, CBL1, AtBBE19, CYP78A7, CYP707A3, ERF105, NAC102, SUPA
k:Serine/threonine-protein kinase	keyword	Serine/threonine-protein kinase	27	409	835	21633	1.7102938377523682	0.004973127856272389	0.19334579046166278	-2.303370375161545	-0.7136652789784135	True	trend	False	thr	Serine/threonine-protein kinase		AT1G04310, AT1G11050, AT1G30570, AT1G34110, AT1G51170, AT1G63500, AT1G68400, AT1G73080, AT1G75640, AT2G17530, AT2G30040, AT2G40940, AT2G44830, AT2G48010, AT3G13380, AT3G20830, AT3G24240, AT3G27580, AT3G61160, AT4G28490, AT4G39400, AT5G03730, AT5G04870, AT5G05160, AT5G10520, AT5G59010, AT5G63650	ERS2, AT1G11050, HERK2, RGI5, UCN, BSK7, AT1G68400, PEPR1, MUS, MJB20.9, MAPKKK14, ERS1, PAX, RKF3, BRL3, UCNL, RGI1, ATPK7, ASK2, HAE, BRI1, CTR1, CPK1, RUL1, RBK1, BSK5, SNRK2.5
w:acclimation	word	acclimation	9	409	169	21633	2.8167561233199754	0.0049760835354583696	0.19334579046166278	-2.303112337584903	-0.7136652789784135	True	trend	True	acclimation	acclimation		AT1G06080, AT1G77000, AT2G38470, AT3G02885, AT4G20170, AT4G38410, AT4G38580, AT5G59820, AT5G65300	ADS1, SKP2B, WRKY33, GASA5, GALS3, AT4G38410, FP6, RHL41, SUPA
w:synthetic	word	synthetic	4	409	37	21633	5.71809951761052	0.0050797323816488904	0.19334579046166278	-2.294159167289834	-0.7136652789784135	True	trend	False	amido synthetase	synthetic		AT1G59500, AT2G23170, AT4G27260, AT5G54510	GH3.4, GH3.3, WES1, DFL1
p:brassicaceae elicitor	phrase	brassicaceae elicitor	2	409	6	21633	17.63080684596577	0.005086093182267243	0.19334579046166278	-2.2936156873821423	-0.7136652789784135	True	trend	True	brassicaceae elicitor	brassicaceae elicitor		AT5G64900, AT5G64905	PROPEP1, PROPEP3
p:gravitropic curvature	phrase	gravitropic curvature	2	409	6	21633	17.63080684596577	0.005086093182267243	0.19334579046166278	-2.2936156873821423	-0.7136652789784135	True	trend	True	gravitropic curvature	gravitropic curvature		AT1G19220, AT3G50660	ARF19, DWF4
w:acaulis	word	acaulis	2	409	6	21633	17.63080684596577	0.005086093182267243	0.19334579046166278	-2.2936156873821423	-0.7136652789784135	True	trend	True	acaulis	acaulis		AT1G29950, AT5G19530	BHLH144, ACL5
w:defensive	word	defensive	2	409	6	21633	17.63080684596577	0.005086093182267243	0.19334579046166278	-2.2936156873821423	-0.7136652789784135	True	trend	True	defensive	defensive		AT1G09940, AT5G64900	HEMA2, PROPEP1
w:indicative	word	indicative	2	409	6	21633	17.63080684596577	0.005086093182267243	0.19334579046166278	-2.2936156873821423	-0.7136652789784135	True	trend	True	indicative	indicative		AT3G60630, AT5G67060	HAM2, HEC1
w:mynd	word	mynd	2	409	6	21633	17.63080684596577	0.005086093182267243	0.19334579046166278	-2.2936156873821423	-0.7136652789784135	True	trend	True	mynd	mynd		AT1G67340, AT4G02220	AT1G67340, PDCD2
w:relocalization	word	relocalization	2	409	6	21633	17.63080684596577	0.005086093182267243	0.19334579046166278	-2.2936156873821423	-0.7136652789784135	True	trend	True	relocalization	relocalization		AT3G23050, AT5G01840	IAA7, OFP1
w:sclerotiorun	word	sclerotiorun	2	409	6	21633	17.63080684596577	0.005086093182267243	0.19334579046166278	-2.2936156873821423	-0.7136652789784135	True	trend	True	sclerotiorun	sclerotiorun		AT1G60010, AT4G37240	AtPADRE7, AP22.53
w:abiotic	word	abiotic	11	409	234	21633	2.486395837251583	0.0051563999143235395	0.1954028763986606	-2.287653407484517	-0.709069047603573	True	trend	False	abiotic stress	abiotic		AT1G02660, AT1G27730, AT1G60010, AT2G38470, AT4G17615, AT4G37240, AT5G01740, AT5G12340, AT5G13330, AT5G59010, AT5G65300	PLIP2, STZ, AtPADRE7, WRKY33, CBL1, AP22.53, AT5G01740, AtPADRE20, Rap2.6L, BSK5, SUPA
w:ser	word	ser	30	409	961	21633	1.651168174960374	0.005178262326652073	0.1954028763986606	-2.2858159523307187	-0.709069047603573	True	trend	False	thr	ser		AT1G11050, AT1G30570, AT1G34110, AT1G51170, AT1G59500, AT1G63500, AT1G68400, AT1G73080, AT1G75640, AT2G17530, AT2G23170, AT2G25790, AT2G30040, AT2G44830, AT2G48010, AT3G13380, AT3G20830, AT3G24240, AT3G27580, AT3G61160, AT4G27260, AT4G28490, AT4G39400, AT5G03730, AT5G04870, AT5G05160, AT5G10520, AT5G54510, AT5G59010, AT5G63650	AT1G11050, HERK2, RGI5, UCN, GH3.4, BSK7, AT1G68400, PEPR1, MUS, MJB20.9, GH3.3, SKM1, MAPKKK14, PAX, RKF3, BRL3, UCNL, RGI1, ATPK7, ASK2, WES1, HAE, BRI1, CTR1, CPK1, RUL1, RBK1, DFL1, BSK5, SNRK2.5
w:padre	word	padre	3	409	19	21633	8.351434821773259	0.0051902325720330315	0.1954028763986606	-2.2848131811712786	-0.709069047603573	True	trend	False	cadmium tolerance	padre		AT1G60010, AT4G37240, AT5G12340	AtPADRE7, AP22.53, AtPADRE20
w:radicle	word	radicle	3	409	19	21633	8.351434821773259	0.0051902325720330315	0.1954028763986606	-2.2848131811712786	-0.709069047603573	True	trend	False	micropylar endosperm	radicle		AT2G18980, AT5G39580, AT5G64100	PER16, PER62, PER69
w:phe	word	phe	5	409	60	21633	4.407701711491443	0.005490762953589248	0.20622038554538083	-2.2603673051834186	-0.6856684055303632	True	trend	False	val	phe		AT1G59500, AT2G23170, AT4G27260, AT5G07440, AT5G54510	GH3.4, GH3.3, WES1, GDH2, DFL1
w:fungus	word	fungus	14	409	340	21633	2.177923198619301	0.00557635020078948	0.2089326032065584	-2.253649959893079	-0.6799937845870385	True	trend	True	fungus	fungus		AT1G01470, AT1G05010, AT1G25280, AT1G80840, AT2G30020, AT2G38470, AT2G40140, AT3G04570, AT3G25780, AT4G20830, AT5G10520, AT5G39580, AT5G50570, AT5G61600	LEA14, EFE, TLP10, WRKY40, AP2C1, WRKY33, CZF1, AHL19, AOC3, AtBBE19, RBK1, PER62, SPL13A, ERF104
w:expansin	word	expansin	4	409	38	21633	5.567623214515506	0.005594072371622245	0.2090951835747034	-2.2522719193744174	-0.6796559708696543	True	trend	True	expansin	expansin		AT1G20190, AT2G39700, AT2G43060, AT3G45960	EXPA11, EXPA4, IBH1, EXLA3
p:cell division	phrase	cell division	16	409	414	21633	2.044151518372843	0.00577712084573527	0.2149088954613522	-2.2382885477975054	-0.6677456079156077	True	trend	True	cell division	cell division		AT1G28370, AT1G51170, AT1G55500, AT1G77000, AT1G78100, AT2G28350, AT2G41230, AT3G60630, AT4G11280, AT4G16515, AT4G17490, AT4G30080, AT4G30280, AT4G30290, AT5G03730, AT5G61600	ERF11, UCN, ECT4, SKP2B, AUF1, ARF10, ORS1, HAM2, ACS6, RGF6, ERF6, ARF16, XTH18, XTH19, CTR1, ERF104
w:apoplast	word	apoplast	16	409	414	21633	2.044151518372843	0.00577712084573527	0.2149088954613522	-2.2382885477975054	-0.6677456079156077	True	trend	True	apoplast	apoplast		AT1G10550, AT1G29440, AT1G35140, AT2G18010, AT4G08950, AT4G13195, AT4G20830, AT4G25810, AT4G30280, AT4G30290, AT4G34760, AT4G36110, AT4G37290, AT4G38860, AT5G57560, AT5G64260	XTH33, SAUR63, PHI-1, SAUR10, EXO, CLE44, AtBBE19, XTR6, XTH18, XTH19, SAUR50, SAUR9, PIP2, SAUR16, TCH4, EXL2
w:clade	word	clade	6	409	86	21633	3.6901688747370214	0.005808619293018001	0.21556738202877263	-2.235927087004523	-0.6664169525603931	True	trend	True	clade	clade		AT1G11000, AT2G30020, AT2G39350, AT3G17090, AT5G02760, AT5G66080	MLO4, AP2C1, ABCG1, PP2C42, PP2C67, PP2C79
w:pathogen	word	pathogen	22	409	644	21633	1.8068839314188523	0.00582322646075493	0.21559737019629155	-2.2348363201884167	-0.6663565408702925	True	trend	True	pathogen	pathogen		AT1G11000, AT1G44830, AT1G60010, AT1G73080, AT1G80840, AT2G18980, AT2G23150, AT2G35930, AT2G38470, AT2G40140, AT3G04570, AT4G22470, AT4G22820, AT4G26080, AT4G37240, AT5G04870, AT5G06860, AT5G12340, AT5G14130, AT5G39580, AT5G64100, AT5G64900	MLO4, ERF014, AtPADRE7, PEPR1, WRKY40, PER16, NRAMP3, PUB23, WRKY33, CZF1, AHL19, DHYPRP1, SAP9, ABI1, AP22.53, CPK1, PGIP1, AtPADRE20, PER55, PER62, PER69, PROPEP1
w:drive	word	drive	5	409	61	21633	4.335444306385026	0.005890238533223691	0.2175628530569432	-2.229867117510829	-0.6624152546060733	True	trend	False	mechanistic link	drive		AT2G18010, AT2G38470, AT4G34760, AT4G36110, AT4G38860	SAUR10, WRKY33, SAUR50, SAUR9, SAUR16
w:lipoprotein	word	lipoprotein	3	409	20	21633	7.9338630806845964	0.006021486871596532	0.22136402560429233	-2.2202962561844406	-0.6548929559549541	True	trend	True	lipoprotein	lipoprotein		AT3G28420, AT4G27350, AT5G17340	AT3G28420, AT4G27350, MKP11.1
w:tgtctc	word	tgtctc	3	409	20	21633	7.9338630806845964	0.006021486871596532	0.22136402560429233	-2.2202962561844406	-0.6548929559549541	True	trend	True	tgtctc	tgtctc		AT1G19220, AT2G28350, AT4G30080	ARF19, ARF10, ARF16
w:expanded	word	expanded	4	409	39	21633	5.424863644912545	0.0061420257295111	0.22473772833227496	-2.2116883685895816	-0.6483240133348076	True	trend	False	fully expanded	expanded		AT2G41230, AT3G59900, AT3G60630, AT5G03730	ORS1, ARGOS, HAM2, CTR1
w:quadruple	word	quadruple	4	409	39	21633	5.424863644912545	0.0061420257295111	0.22473772833227496	-2.2116883685895816	-0.6483240133348076	True	trend	True	quadruple	quadruple		AT1G23080, AT2G01420, AT3G27580, AT5G67060	PIN7, PIN4, ATPK7, HEC1
w:gradient	word	gradient	7	409	115	21633	3.2195386414372273	0.006268251515760482	0.228820471220191	-2.2028535856374973	-0.6405051243708715	True	trend	True	gradient	gradient		AT1G23080, AT1G73590, AT2G01420, AT2G19620, AT2G21050, AT3G24240, AT4G16515	PIN7, PIN1, PIN4, NDL3, LAX2, RGI1, RGF6
w:atypical	word	atypical	5	409	62	21633	4.2655177853143	0.006309741107427908	0.2292637094475666	-2.1999884597609505	-0.639664685060739	True	trend	True	atypical	atypical		AT1G09250, AT1G17060, AT2G43060, AT3G29370, AT5G15160	BHLH149, CYP72C1, IBH1, P1R3, BNQ2
w:periphery	word	periphery	5	409	62	21633	4.2655177853143	0.006309741107427908	0.2292637094475666	-2.1999884597609505	-0.639664685060739	True	trend	True	periphery	periphery		AT1G73590, AT2G01420, AT3G60630, AT4G37590, AT5G66460	PIN1, PIN4, HAM2, NPY5, MAN7
w:size	word	size	18	409	495	21633	1.9233607468326295	0.0065544206712024305	0.23745049581811095	-2.1834656884771433	-0.624426919234859	True	trend	True	size	size		AT1G04240, AT1G19220, AT1G34370, AT2G22810, AT2G41230, AT2G44080, AT2G45400, AT3G02170, AT3G59900, AT4G11280, AT4G17350, AT4G27280, AT4G37770, AT4G39400, AT5G15580, AT5G24270, AT5G61900, AT5G67060	SHY2, ARF19, STOP1, ACS4, ORS1, ARL, BEN1, LNG2, ARGOS, ACS6, FL5, KRP1, ACS8, BRI1, LNG1, SOS3, BON1, HEC1
w:fad	word	fad	7	409	116	21633	3.191783997976562	0.006565451497274953	0.23745049581811095	-2.182735402699745	-0.624426919234859	True	trend	False	fad linked	fad		AT1G30700, AT1G30720, AT1G30760, AT2G46740, AT3G63440, AT4G20830, AT4G38540	AtBBE8, AtBBE10, AtBBE-like 13, GulLO5, CKX6, AtBBE19, MO2
w:appeared	word	appeared	4	409	40	21633	5.289242053789731	0.006724508472032134	0.242433342648525	-2.172339454921937	-0.6154076504610169	True	trend	True	appeared	appeared		AT1G17060, AT1G27730, AT2G23150, AT2G42430	CYP72C1, STZ, NRAMP3, LBD16
w:basic	word	basic	12	409	277	21633	2.291368398753674	0.006748755579263824	0.242433342648525	-2.170776300484955	-0.6154076504610169	True	trend	False	bhlh	basic		AT1G09250, AT1G18400, AT1G29950, AT2G43060, AT3G25710, AT3G29370, AT3G58120, AT4G36540, AT5G15160, AT5G65320, AT5G65640, AT5G67060	BHLH149, BEE1, BHLH144, IBH1, BHLH32, P1R3, BZIP61, BEE2, BNQ2, BHLH99, bHLH093, HEC1
w:detectable	word	detectable	5	409	63	21633	4.197811153801374	0.006749776245014617	0.242433342648525	-2.1707106237861775	-0.6154076504610169	True	trend	False	detectable xyloglucan	detectable		AT3G28180, AT3G62720, AT4G31590, AT5G19530, AT5G37770	CSLC04, XT1, CSLC5, ACL5, TCH2
w:degree	word	degree	6	409	89	21633	3.565781159858245	0.00685015611768283	0.24547440179512983	-2.1642995306571264	-0.6099937896459142	True	trend	True	degree	degree		AT2G25790, AT2G42430, AT3G62720, AT4G32460, AT5G45280, AT5G61900	SKM1, LBD16, XT1, BDX, PAE11, BON1
w:weaker	word	weaker	3	409	21	21633	7.556060076842472	0.0069277526442972845	0.24578158901840966	-2.1594076272168277	-0.6094506523168448	True	trend	True	weaker	weaker		AT1G73590, AT3G28180, AT4G31590	PIN1, CSLC04, CSLC5
p:bud outgrowth	phrase	bud outgrowth	2	409	7	21633	15.112120153684945	0.007031769731901506	0.24578158901840966	-2.1529353594647063	-0.6094506523168448	True	trend	False	bud	bud outgrowth		AT1G23080, AT2G01420	PIN7, PIN4
p:mizu kussei	phrase	mizu kussei	2	409	7	21633	15.112120153684945	0.007031769731901506	0.24578158901840966	-2.1529353594647063	-0.6094506523168448	True	trend	True	mizu kussei	mizu kussei	kussei, mizu	AT1G21050, AT3G25640	AT1G21050, AT3G25640
w:cyclopropane	word	cyclopropane	2	409	7	21633	15.112120153684945	0.007031769731901506	0.24578158901840966	-2.1529353594647063	-0.6094506523168448	True	trend	True	cyclopropane	cyclopropane		AT3G23470, AT4G37770	AT3G23470, ACS8
w:deoxotyphasterol	word	deoxotyphasterol	2	409	7	21633	15.112120153684945	0.007031769731901506	0.24578158901840966	-2.1529353594647063	-0.6094506523168448	True	trend	False	brassiolide	deoxotyphasterol		AT1G17060, AT2G26710	CYP72C1, BAS1
w:epitope	word	epitope	2	409	7	21633	15.112120153684945	0.007031769731901506	0.24578158901840966	-2.1529353594647063	-0.6094506523168448	True	trend	True	epitope	epitope		AT2G35930, AT4G37290	PUB23, PIP2
w:ida	word	ida	2	409	7	21633	15.112120153684945	0.007031769731901506	0.24578158901840966	-2.1529353594647063	-0.6094506523168448	True	trend	True	ida	ida		AT3G10930, AT4G28490	IDL7, HAE
w:kussei	word	kussei	2	409	7	21633	15.112120153684945	0.007031769731901506	0.24578158901840966	-2.1529353594647063	-0.6094506523168448	True	trend	False	mizu kussei	kussei		AT1G21050, AT3G25640	AT1G21050, AT3G25640
w:oversized	word	oversized	2	409	7	21633	15.112120153684945	0.007031769731901506	0.24578158901840966	-2.1529353594647063	-0.6094506523168448	True	trend	True	oversized	oversized		AT1G55500, AT5G09970	ECT4, CYP78A7
w:reducion	word	reducion	2	409	7	21633	15.112120153684945	0.007031769731901506	0.24578158901840966	-2.1529353594647063	-0.6094506523168448	True	trend	True	reducion	reducion		AT1G04310, AT2G40940	ERS2, ERS1
w:tdr	word	tdr	2	409	7	21633	15.112120153684945	0.007031769731901506	0.24578158901840966	-2.1529353594647063	-0.6094506523168448	True	trend	True	tdr	tdr		AT2G41820, AT4G13195	PXC3, CLE44
w:localized	word	localized	26	409	817	21633	1.6832349253186414	0.007066546016451615	0.24644579232375016	-2.1507928086262798	-0.6082785923446257	True	trend	True	localized	localized		AT1G10550, AT1G23080, AT1G27730, AT1G30370, AT1G44830, AT1G58340, AT2G01420, AT2G18980, AT2G23150, AT2G26070, AT2G35930, AT2G41230, AT2G43290, AT3G04570, AT3G27580, AT3G50660, AT3G58120, AT4G08950, AT4G14550, AT4G14560, AT4G39390, AT4G39400, AT5G13190, AT5G39580, AT5G61900, AT5G64100	XTH33, PIN7, STZ, DLAH, ERF014, ZF14, PIN4, PER16, NRAMP3, RTE1, PUB23, ORS1, MSS3, AHL19, ATPK7, DWF4, BZIP61, EXO, IAA14, IAA1, NST-K1, BRI1, GILP, PER62, BON1, PER69
w:tyr	word	tyr	5	409	64	21633	4.132220354523228	0.007210843777994425	0.2509180917313695	-2.142013913271403	-0.600468023994928	True	trend	True	tyr	tyr		AT1G59500, AT2G23170, AT2G41820, AT4G27260, AT5G54510	GH3.4, GH3.3, PXC3, WES1, DFL1
w:length	word	length	18	409	501	21633	1.9003264863915204	0.007380633869690617	0.25625560795565844	-2.1319063381380197	-0.5913266216335651	True	trend	True	length	length		AT1G74660, AT1G76650, AT2G22810, AT2G30040, AT2G44830, AT3G02170, AT3G10870, AT3G50660, AT4G08950, AT4G11280, AT4G16515, AT4G37770, AT4G39400, AT5G15580, AT5G19530, AT5G24270, AT5G44260, AT5G48150	MIF1, CML38, ACS4, MAPKKK14, PAX, LNG2, MES17, DWF4, EXO, ACS6, RGF6, ACS8, BRI1, LNG1, ACL5, SOS3, TZF5, PAT1
w:rapidly	word	rapidly	5	409	65	21633	4.068647733684409	0.007693437343971178	0.2665238693175294	-2.1138795787965323	-0.5742638903946946	True	trend	True	rapidly	rapidly		AT1G04240, AT3G10930, AT4G08950, AT4G38850, AT5G57560	SHY2, IDL7, EXO, SAUR15, TCH4
w:loop	word	loop	16	409	428	21633	1.9772867490802732	0.007838869974767812	0.27096129311011585	-2.1057465392408776	-0.5670927437724615	True	trend	True	loop	loop		AT1G09250, AT1G18400, AT1G29950, AT2G43060, AT2G45420, AT3G25710, AT3G29370, AT3G49640, AT4G25280, AT4G26080, AT4G36540, AT5G15160, AT5G56220, AT5G65320, AT5G65640, AT5G67060	BHLH149, BEE1, BHLH144, IBH1, LBD18, BHLH32, P1R3, AT3G49640, UMK2, ABI1, BEE2, BNQ2, TN21, BHLH99, bHLH093, HEC1
w:agravitropic	word	agravitropic	3	409	22	21633	7.21260280062236	0.00791059772912767	0.272236076916059	-2.1017906997318843	-0.56505432230919	True	trend	True	agravitropic	agravitropic		AT1G19220, AT3G27580, AT5G03730	ARF19, ATPK7, CTR1
w:xylosyltransferase	word	xylosyltransferase	3	409	22	21633	7.21260280062236	0.00791059772912767	0.272236076916059	-2.1017906997318843	-0.56505432230919	True	trend	False	detectable xyloglucan	xylosyltransferase		AT3G28180, AT3G62720, AT4G31590	CSLC04, XT1, CSLC5
w:steroid	word	steroid	4	409	42	21633	5.037373384561649	0.007996585475016192	0.2745904427728636	-2.0970954162472197	-0.5613145826245343	True	trend	True	steroid	steroid		AT2G22830, AT2G26710, AT3G50660, AT4G39400	SQE2, BAS1, DWF4, BRI1
w:ala	word	ala	5	409	66	21633	4.0070015559013115	0.008198043944651262	0.2802762332412063	-2.0862897580287387	-0.5524137278187911	True	trend	True	ala	ala		AT1G59500, AT2G23170, AT4G27260, AT5G01180, AT5G54510	GH3.4, GH3.3, WES1, PTR5, DFL1
w:providing	word	providing	5	409	66	21633	4.0070015559013115	0.008198043944651262	0.2802762332412063	-2.0862897580287387	-0.5524137278187911	True	trend	False	amido synthetase	providing		AT1G59500, AT2G14960, AT2G23170, AT4G27260, AT5G54510	GH3.4, GH3.1, GH3.3, WES1, DFL1
w:peroxide	word	peroxide	10	409	216	21633	2.448723173050802	0.008287442634288204	0.2827139819172903	-2.0815794647649453	-0.5486527124890164	True	trend	True	peroxide	hydrogen peroxide		AT1G08430, AT1G34370, AT2G18980, AT2G46740, AT5G04870, AT5G14130, AT5G37770, AT5G39580, AT5G63790, AT5G64100	ALMT1, STOP1, PER16, GulLO5, CPK1, PER55, TCH2, PER62, NAC102, PER69
w:media	word	media	6	409	93	21633	3.4124142282514396	0.00844102747416181	0.28732595480676304	-2.073604686170615	-0.5416251414280779	True	trend	True	media	media		AT1G04310, AT2G40940, AT3G10870, AT5G01180, AT5G03730, AT5G07440	ERS2, ERS1, MES17, PTR5, CTR1, GDH2
w:deprivation	word	deprivation	16	409	432	21633	1.9589785384406413	0.008525331379759903	0.28956473364645396	-2.0692887309742813	-0.5382543323760571	True	trend	True	deprivation	water deprivation		AT1G27730, AT2G35930, AT2G38470, AT2G41230, AT3G13380, AT3G23050, AT3G23250, AT3G50060, AT4G11280, AT4G17615, AT4G37790, AT4G38410, AT4G39400, AT5G13330, AT5G45340, AT5G65300	STZ, PUB23, WRKY33, ORS1, BRL3, IAA7, MYB15, MYB77, ACS6, CBL1, HAT22, AT4G38410, BRI1, Rap2.6L, CYP707A3, SUPA
w:darkness	word	darkness	7	409	122	21633	3.0348110144695175	0.008573539664233907	0.2896014509380338	-2.0668398386058957	-0.5381992666019517	True	trend	True	darkness	darkness		AT1G17060, AT1G19220, AT2G41100, AT3G27580, AT4G39400, AT5G07440, AT5G37770	CYP72C1, ARF19, TCH3, ATPK7, BRI1, GDH2, TCH2
p:jasmonic acid	phrase	jasmonic acid	12	409	286	21633	2.2192624001914956	0.00859460622682248	0.2896014509380338	-2.065774016293469	-0.5381992666019517	True	trend	True	jasmonic acid	jasmonic acid	jasmonic	AT1G44830, AT1G73080, AT2G19620, AT2G28400, AT2G30040, AT2G39030, AT3G23050, AT3G25780, AT3G50660, AT4G11280, AT5G13330, AT5G64900	ERF014, PEPR1, NDL3, S40-4, MAPKKK14, NATA1, IAA7, AOC3, DWF4, ACS6, Rap2.6L, PROPEP1
w:jasmonic	word	jasmonic	12	409	286	21633	2.2192624001914956	0.00859460622682248	0.2896014509380338	-2.065774016293469	-0.5381992666019517	True	trend	False	jasmonic acid	jasmonic		AT1G44830, AT1G73080, AT2G19620, AT2G28400, AT2G30040, AT2G39030, AT3G23050, AT3G25780, AT3G50660, AT4G11280, AT5G13330, AT5G64900	ERF014, PEPR1, NDL3, S40-4, MAPKKK14, NATA1, IAA7, AOC3, DWF4, ACS6, Rap2.6L, PROPEP1
w:visible	word	visible	24	409	748	21633	1.6970830119111435	0.00860055512258369	0.2896014509380338	-2.065473516326869	-0.5381992666019517	True	trend	True	visible	visible		AT1G04310, AT1G09940, AT1G10550, AT1G15580, AT1G18400, AT1G23080, AT1G52830, AT1G70940, AT2G01420, AT2G23150, AT2G40940, AT2G41820, AT2G43290, AT3G15540, AT3G60630, AT4G14550, AT4G28490, AT4G28640, AT5G04870, AT5G05160, AT5G43700, AT5G57560, AT5G63650, AT5G65670	ERS2, HEMA2, XTH33, IAA5, BEE1, PIN7, IAA6, PIN3, PIN4, NRAMP3, ERS1, PXC3, MSS3, IAA19, HAM2, IAA14, HAE, IAA11, CPK1, RUL1, ATAUX2-11, TCH4, SNRK2.5, IAA9
w:analog	word	analog	4	409	43	21633	4.920225166316029	0.008687868764405532	0.29128596904521903	-2.0610867479906076	-0.5356804344008097	True	trend	False	amido synthetase	analog		AT1G59500, AT2G23170, AT4G27260, AT5G54510	GH3.4, GH3.3, WES1, DFL1
w:modulator	word	modulator	4	409	43	21633	4.920225166316029	0.008687868764405532	0.29128596904521903	-2.0610867479906076	-0.5356804344008097	True	trend	True	modulator	modulator		AT3G10930, AT4G12110, AT4G27280, AT5G67060	IDL7, SMO1-1, KRP1, HEC1
p:botrytis cinerea	phrase	botrytis cinerea	5	409	67	21633	3.94719556252965	0.008725143520580974	0.29190929842731717	-2.0592274205654912	-0.5347520708518054	True	trend	False	botrytis	botrytis cinerea		AT1G80840, AT2G22810, AT3G12920, AT4G11280, AT4G37770	WRKY40, ACS4, BRG3, ACS6, ACS8
k:Brassinosteroid biosynthesis	keyword	Brassinosteroid biosynthesis	2	409	8	21633	13.223105134474327	0.0092590052735861	0.30264162844039605	-2.033435668544585	-0.5190713348769056	True	trend	True	Brassinosteroid biosynthesis	Brassinosteroid biosynthesis		AT2G45400, AT3G50660	BEN1, DWF4
p:abnormal phyllotaxis	phrase	abnormal phyllotaxis	2	409	8	21633	13.223105134474327	0.0092590052735861	0.30264162844039605	-2.033435668544585	-0.5190713348769056	True	trend	False	phyllotaxis	abnormal phyllotaxis		AT1G19220, AT3G60630	ARF19, HAM2
p:meloidogyne incognita	phrase	meloidogyne incognita	2	409	8	21633	13.223105134474327	0.0092590052735861	0.30264162844039605	-2.033435668544585	-0.5190713348769056	True	trend	True	meloidogyne incognita	meloidogyne incognita		AT4G17490, AT4G32460	ERF6, BDX
w:amplify	word	amplify	2	409	8	21633	13.223105134474327	0.0092590052735861	0.30264162844039605	-2.033435668544585	-0.5190713348769056	True	trend	True	amplify	amplify		AT1G73080, AT4G37290	PEPR1, PIP2
w:amplifying	word	amplifying	2	409	8	21633	13.223105134474327	0.0092590052735861	0.30264162844039605	-2.033435668544585	-0.5190713348769056	True	trend	True	amplifying	amplifying		AT3G50930, AT4G16515	BCS1, RGF6
w:epoxysqualene	word	epoxysqualene	2	409	8	21633	13.223105134474327	0.0092590052735861	0.30264162844039605	-2.033435668544585	-0.5190713348769056	True	trend	True	epoxysqualene	epoxysqualene		AT1G78970, AT2G22830	LUP1, SQE2
w:mizu	word	mizu	2	409	8	21633	13.223105134474327	0.0092590052735861	0.30264162844039605	-2.033435668544585	-0.5190713348769056	True	trend	False	mizu kussei	mizu		AT1G21050, AT3G25640	AT1G21050, AT3G25640
w:relocalize	word	relocalize	2	409	8	21633	13.223105134474327	0.0092590052735861	0.30264162844039605	-2.033435668544585	-0.5190713348769056	True	trend	False	crf	relocalize		AT4G23750, AT5G53290	CRF2, CRF3
w:thermo	word	thermo	2	409	8	21633	13.223105134474327	0.0092590052735861	0.30264162844039605	-2.033435668544585	-0.5190713348769056	True	trend	True	thermo	thermo		AT3G03830, AT3G03840	SAUR28, SAUR27
w:thickened	word	thickened	2	409	8	21633	13.223105134474327	0.0092590052735861	0.30264162844039605	-2.033435668544585	-0.5190713348769056	True	trend	True	thickened	thickened		AT4G39400, AT5G03730	BRI1, CTR1
w:verticillium	word	verticillium	2	409	8	21633	13.223105134474327	0.0092590052735861	0.30264162844039605	-2.033435668544585	-0.5190713348769056	True	trend	True	verticillium	verticillium		AT3G04570, AT5G50570	AHL19, SPL13A
p:environmental stress	phrase	environmental stress	6	409	95	21633	3.340573928709304	0.009328657533118258	0.3042817229591643	-2.0301808501343004	-0.5167241332690655	True	trend	False	environmental	environmental stress		AT2G18980, AT4G12040, AT4G22820, AT5G14130, AT5G39580, AT5G64100	PER16, SAP7, SAP9, PER55, PER62, PER69
k:Calcium	keyword	Calcium	16	409	440	21633	1.9233607468326293	0.010042080890392331	0.3268697329822707	-1.9981762846436537	-0.4856252917394426	True		False		Calcium		AT1G66400, AT1G76650, AT2G18980, AT2G41100, AT2G43290, AT3G03680, AT3G56170, AT4G17615, AT4G27280, AT5G04870, AT5G14130, AT5G37770, AT5G39580, AT5G54490, AT5G61900, AT5G64100	CML23, CML38, PER16, TCH3, MSS3, MCTP14, CAN, CBL1, KRP1, CPK1, PER55, TCH2, PER62, PBP1, BON1, PER69
w:attenuated	word	attenuated	3	409	24	21633	6.611552567237164	0.010111437137836748	0.3284430225396287	-1.9951871137783785	-0.48353995987241216	True		False		attenuated		AT2G47260, AT3G27580, AT4G39400	WRKY23, ATPK7, BRI1
w:downward	word	downward	4	409	45	21633	4.701548492257539	0.010184922704038186	0.32946010833932227	-1.9920422626222924	-0.4821971630940065	True		False		downward		AT1G19220, AT2G22810, AT4G11280, AT4G37770	ARF19, ACS4, ACS6, ACS8
w:ile	word	ile	4	409	45	21633	4.701548492257539	0.010184922704038186	0.32946010833932227	-1.9920422626222924	-0.4821971630940065	True		False		ile		AT1G59500, AT2G23170, AT4G27260, AT5G54510	GH3.4, GH3.3, WES1, DFL1
p:rosette leave	phrase	rosette leave	10	409	223	21633	2.3718574232240948	0.010233397861255333	0.3303442317856477	-1.9899801407377107	-0.4810332721023247	True		False		rosette leave		AT1G11000, AT1G19220, AT2G22810, AT3G23050, AT3G60630, AT3G61460, AT4G11280, AT4G37770, AT5G03730, AT5G19530	MLO4, ARF19, ACS4, IAA7, HAM2, BRH1, ACS6, ACS8, CTR1, ACL5
w:excess	word	excess	5	409	70	21633	3.778030038421237	0.0104460851143511	0.3358222918243242	-1.9810464398677385	-0.47389047885023405	True		False		excess		AT1G59500, AT2G14960, AT2G23170, AT4G27260, AT5G54510	GH3.4, GH3.1, GH3.3, WES1, DFL1
w:rescued	word	rescued	5	409	70	21633	3.778030038421237	0.0104460851143511	0.3358222918243242	-1.9810464398677385	-0.47389047885023405	True		False		rescued		AT1G17060, AT1G74660, AT4G25420, AT4G39400, AT5G24270	CYP72C1, MIF1, GA20OX1, BRI1, SOS3
p:water deprivation	phrase	water deprivation	15	409	405	21633	1.9589785384406415	0.01066758095106011	0.34223877778103295	-1.9719340528075004	-0.46567078374233706	True		False		water deprivation		AT1G27730, AT2G35930, AT2G38470, AT2G41230, AT3G13380, AT3G23050, AT3G23250, AT4G11280, AT4G17615, AT4G37790, AT4G38410, AT4G39400, AT5G13330, AT5G45340, AT5G65300	STZ, PUB23, WRKY33, ORS1, BRL3, IAA7, MYB15, ACS6, CBL1, HAT22, AT4G38410, BRI1, Rap2.6L, CYP707A3, SUPA
w:mechanical	word	mechanical	4	409	46	21633	4.599340916338897	0.010992200282272721	0.35121091454034564	-1.9589153671937822	-0.4544319960376044	True		False		mechanical		AT2G41100, AT4G11280, AT5G37770, AT5G57560	TCH3, ACS6, TCH2, TCH4
w:postembryonic	word	postembryonic	4	409	46	21633	4.599340916338897	0.010992200282272721	0.35121091454034564	-1.9589153671937822	-0.4544319960376044	True		False		postembryonic		AT1G34110, AT3G24240, AT4G13195, AT4G16515	RGI5, RGI1, CLE44, RGF6
p:light stimulus	phrase	light stimulus	9	409	192	21633	2.4793322127139366	0.011078108322006813	0.35323339678170274	-1.955534392626794	-0.45193824237551006	True		False		light stimulus		AT1G17060, AT1G70940, AT2G18010, AT3G13380, AT3G60530, AT4G39400, AT5G26930, AT5G59820, AT5G65300	CYP72C1, PIN3, SAUR10, BRL3, GATA4, BRI1, GATA23, RHL41, SUPA
w:average	word	average	6	409	99	21633	3.205601244721049	0.011300384951851844	0.35958699488336715	-1.9469067618601683	-0.44419602370333866	True		False		average		AT1G70940, AT2G01420, AT2G41230, AT3G59900, AT4G13195, AT4G39400	PIN3, PIN4, ORS1, ARGOS, CLE44, BRI1
w:niche	word	niche	3	409	25	21633	6.347090464547677	0.011331729641624036	0.35985151203401233	-1.945703795654555	-0.4438766681421171	True		False		niche		AT1G34110, AT3G24240, AT4G16515	RGI5, RGI1, RGF6
p:galactinol synthase	phrase	galactinol synthase	2	409	9	21633	11.753871230643847	0.011756510606618035	0.36810365073707474	-1.9297215599913113	-0.434029875334903	True		False		galactinol synthase		AT1G09350, AT3G28340	GolS3, GATL10
w:gols	word	gols	2	409	9	21633	11.753871230643847	0.011756510606618035	0.36810365073707474	-1.9297215599913113	-0.434029875334903	True		False		gols		AT1G09350, AT3G28340	GolS3, GATL10
w:monoptero	word	monoptero	2	409	9	21633	11.753871230643847	0.011756510606618035	0.36810365073707474	-1.9297215599913113	-0.434029875334903	True		False		monoptero		AT3G25710, AT4G23750	BHLH32, CRF2
w:pins	word	pins	2	409	9	21633	11.753871230643847	0.011756510606618035	0.36810365073707474	-1.9297215599913113	-0.434029875334903	True		False		pins		AT1G23080, AT4G37590	PIN7, NPY5
w:plt	word	plt	2	409	9	21633	11.753871230643847	0.011756510606618035	0.36810365073707474	-1.9297215599913113	-0.434029875334903	True		False		plt		AT1G34110, AT3G24240	RGI5, RGI1
w:simultaneously	word	simultaneously	2	409	9	21633	11.753871230643847	0.011756510606618035	0.36810365073707474	-1.9297215599913113	-0.434029875334903	True		False		simultaneously		AT3G28180, AT4G31590	CSLC04, CSLC5
w:wounded	word	wounded	2	409	9	21633	11.753871230643847	0.011756510606618035	0.36810365073707474	-1.9297215599913113	-0.434029875334903	True		False		wounded		AT4G30290, AT5G13330	XTH19, Rap2.6L
w:vitro	word	vitro	23	409	728	21633	1.6710517477632392	0.011834661508698356	0.3682610662572919	-1.9268441591127397	-0.4338441937256139	True		False		vitro		AT1G02660, AT1G04240, AT1G34370, AT1G59500, AT1G76650, AT1G80840, AT2G23150, AT2G23170, AT2G41100, AT3G02070, AT3G10870, AT3G50660, AT3G58120, AT4G24160, AT4G27260, AT4G27280, AT4G30290, AT4G39400, AT5G01840, AT5G04190, AT5G45280, AT5G54490, AT5G54500	PLIP2, SHY2, STOP1, GH3.4, CML38, WRKY40, NRAMP3, GH3.3, TCH3, OTU12, MES17, DWF4, BZIP61, AT4G24160, WES1, KRP1, XTH19, BRI1, OFP1, PKS4, PAE11, PBP1, FQR1
w:fruit	word	fruit	6	409	100	21633	3.1735452322738387	0.011835966942585091	0.3682610662572919	-1.9267962564780259	-0.4338441937256139	True		False		fruit		AT1G11000, AT1G55500, AT2G28350, AT4G17460, AT5G66460, AT5G67060	MLO4, ECT4, ARF10, HAT1, MAN7, HEC1
w:determined	word	determined	4	409	47	21633	4.501482598969983	0.011839597314357644	0.3682610662572919	-1.9266630684852648	-0.4338441937256139	True		False		determined		AT1G34370, AT2G22810, AT4G11280, AT4G39400	STOP1, ACS4, ACS6, BRI1
w:small	word	small	33	409	1152	21633	1.5151474633251834	0.011855819017371845	0.3682610662572919	-1.9260684389494847	-0.4338441937256139	True		False		small		AT1G04310, AT1G19220, AT1G29430, AT1G29440, AT1G29450, AT1G29460, AT1G29490, AT1G29500, AT1G29510, AT1G58340, AT2G18010, AT2G37030, AT3G03830, AT3G03840, AT3G04230, AT3G10930, AT3G23050, AT3G50660, AT4G13195, AT4G22380, AT4G34760, AT4G34770, AT4G36110, AT4G38840, AT4G38850, AT4G38860, AT4G39400, AT5G03730, AT5G15580, AT5G18060, AT5G20820, AT5G59820, AT5G65300	ERS2, ARF19, SAUR62, SAUR63, SAUR64, SAUR65, SAUR68, SAUR66, SAUR68, ZF14, SAUR10, SAUR46, SAUR28, SAUR27, RPS16B, IDL7, IAA7, DWF4, CLE44, AT4G22380, SAUR50, SAUR1, SAUR9, SAUR14, SAUR15, SAUR16, BRI1, CTR1, LNG1, SAUR23, SAUR76, RHL41, SUPA
w:region	word	region	8	409	162	21633	2.6119713845875214	0.012122908391560097	0.37581016013836294	-1.9163931766318218	-0.4250314827975492	True		False		region		AT2G41100, AT3G04570, AT3G27580, AT4G30280, AT4G30290, AT5G19530, AT5G37770, AT5G45280	TCH3, AHL19, ATPK7, XTH18, XTH19, ACL5, TCH2, PAE11
k:Kinase	keyword	Kinase	33	409	1155	21633	1.5112120153684947	0.012280823755264524	0.37944816471144743	-1.9107725012431283	-0.42084754339788155	True		False		Kinase		AT1G04310, AT1G11050, AT1G21980, AT1G25320, AT1G30570, AT1G34110, AT1G51170, AT1G63500, AT1G68400, AT1G73080, AT1G75640, AT2G17530, AT2G30040, AT2G40940, AT2G41820, AT2G44830, AT2G48010, AT3G08760, AT3G13380, AT3G20830, AT3G24240, AT3G27580, AT3G61160, AT4G25280, AT4G28490, AT4G39400, AT5G03730, AT5G04870, AT5G05160, AT5G10520, AT5G40540, AT5G59010, AT5G63650	ERS2, AT1G11050, PIP5K1, SENRK1, HERK2, RGI5, UCN, BSK7, AT1G68400, PEPR1, MUS, MJB20.9, MAPKKK14, ERS1, PXC3, PAX, RKF3, ATSIK, BRL3, UCNL, RGI1, ATPK7, ASK2, UMK2, HAE, BRI1, CTR1, CPK1, RUL1, RBK1, MNF13.60, BSK5, SNRK2.5
k:Myristate	keyword	Myristate	7	409	131	21633	2.8263125478265736	0.012384354617782988	0.37944816471144743	-1.907126620748606	-0.42084754339788155	True		False		Myristate		AT1G63500, AT3G56170, AT4G17615, AT5G04870, AT5G24270, AT5G59010, AT5G61900	BSK7, CAN, CBL1, CPK1, SOS3, BSK5, BON1
p:late flowering	phrase	late flowering	7	409	131	21633	2.8263125478265736	0.012384354617782988	0.37944816471144743	-1.907126620748606	-0.42084754339788155	True		False		late flowering		AT4G11280, AT4G25420, AT4G26080, AT4G39400, AT5G03730, AT5G51810, AT5G65640	ACS6, GA20OX1, ABI1, BRI1, CTR1, GA20OX2, bHLH093
w:cadmium	word	cadmium	7	409	131	21633	2.8263125478265736	0.012384354617782988	0.37944816471144743	-1.907126620748606	-0.42084754339788155	True		False		cadmium		AT1G52200, AT1G60010, AT2G23150, AT3G01970, AT4G37240, AT4G38580, AT5G12340	PCR8, AtPADRE7, NRAMP3, WRKY45, AP22.53, FP6, AtPADRE20
w:photomorphogenesis	word	photomorphogenesis	7	409	131	21633	2.8263125478265736	0.012384354617782988	0.37944816471144743	-1.907126620748606	-0.42084754339788155	True		False		photomorphogenesis		AT1G17060, AT1G73590, AT1G74660, AT1G77000, AT2G26710, AT5G15160, AT5G48150	CYP72C1, PIN1, MIF1, SKP2B, BAS1, BNQ2, PAT1
p:leaf margin	phrase	leaf margin	5	409	73	21633	3.6227685299929666	0.01238598079895277	0.37944816471144743	-1.9070695975797434	-0.42084754339788155	True		False		leaf margin		AT1G08430, AT1G73590, AT1G74660, AT4G39400, AT5G24270	ALMT1, PIN1, MIF1, BRI1, SOS3
w:short	word	short	19	409	569	21633	1.766179244674954	0.012474805788805034	0.38142145918647724	-1.9039662068674459	-0.4185948767223606	True		False		short		AT1G04240, AT1G17060, AT1G19220, AT1G52830, AT1G70940, AT3G13380, AT3G23050, AT3G25900, AT3G50660, AT4G02220, AT4G13195, AT4G25420, AT4G26080, AT4G32460, AT4G39400, AT5G03730, AT5G19530, AT5G54510, AT5G65640	SHY2, CYP72C1, ARF19, IAA6, PIN3, BRL3, IAA7, HMT-1, DWF4, PDCD2, CLE44, GA20OX1, ABI1, BDX, BRI1, CTR1, ACL5, DFL1, bHLH093
p:epicuticular wax	phrase	epicuticular wax	3	409	26	21633	6.102971600526613	0.012633212268091807	0.3840103277756155	-1.8984862066158334	-0.41565709533131123	True		False		epicuticular wax		AT1G79700, AT4G25420, AT4G26080	WRI4, GA20OX1, ABI1
w:epicuticular	word	epicuticular	3	409	26	21633	6.102971600526613	0.012633212268091807	0.3840103277756155	-1.8984862066158334	-0.41565709533131123	True		False		epicuticular		AT1G79700, AT4G25420, AT4G26080	WRI4, GA20OX1, ABI1
w:inward	word	inward	3	409	26	21633	6.102971600526613	0.012633212268091807	0.3840103277756155	-1.8984862066158334	-0.41565709533131123	True		False		inward		AT4G26080, AT4G37590, AT4G39400	ABI1, NPY5, BRI1
k:Apoplast	keyword	Apoplast	9	409	197	21633	2.4164049991932783	0.012937609817711256	0.39249944813965165	-1.8881459507817242	-0.4061609495431173	True		False		Apoplast		AT1G10550, AT1G35140, AT4G08950, AT4G25810, AT4G30280, AT4G30290, AT4G37290, AT5G57560, AT5G64260	XTH33, PHI-1, EXO, XTR6, XTH18, XTH19, PIP2, TCH4, EXL2
w:dimerization	word	dimerization	10	409	232	21633	2.2798457128404017	0.013224632710337915	0.40042957648511585	-1.8786163808495673	-0.3974738521969803	True		False		dimerization		AT1G09250, AT1G18400, AT1G29950, AT2G43060, AT3G25710, AT4G36540, AT5G15160, AT5G65320, AT5G65640, AT5G67060	BHLH149, BEE1, BHLH144, IBH1, BHLH32, BEE2, BNQ2, BHLH99, bHLH093, HEC1
w:glucan	word	glucan	9	409	198	21633	2.404200933540787	0.013335757957569796	0.4030133120484922	-1.8749822955020183	-0.3946806083161629	True		False		glucan		AT1G10550, AT1G20190, AT2G39700, AT3G28180, AT4G25810, AT4G30280, AT4G30290, AT4G31590, AT5G57560	XTH33, EXPA11, EXPA4, CSLC04, XTR6, XTH18, XTH19, CSLC5, TCH4
w:intensity	word	intensity	7	409	133	21633	2.783811607257753	0.013374276799301591	0.4033971056221777	-1.8737296927134115	-0.3942672221788466	True		False		intensity		AT1G01470, AT1G27730, AT4G17490, AT4G36110, AT4G38850, AT5G64905, AT5G67060	LEA14, STZ, ERF6, SAUR9, SAUR15, PROPEP3, HEC1
w:correct	word	correct	6	409	103	21633	3.081111875994018	0.013549663797684526	0.4078997055395437	-1.8680714806288266	-0.3894466081974861	True		False		correct		AT1G55500, AT1G73590, AT2G01420, AT4G12110, AT4G17460, AT5G19530	ECT4, PIN1, PIN4, SMO1-1, HAT1, ACL5
w:ath	word	ath	4	409	49	21633	4.317748615338556	0.01365741604792693	0.40956519833552846	-1.8646314604113399	-0.38767695343106645	True		False		ath		AT1G20190, AT2G39700, AT2G40090, AT3G45960	EXPA11, EXPA4, ATH9, EXLA3
w:relatively	word	relatively	4	409	49	21633	4.317748615338556	0.01365741604792693	0.40956519833552846	-1.8646314604113399	-0.38767695343106645	True		False		relatively		AT2G25790, AT4G25420, AT4G26080, AT4G39400	SKM1, GA20OX1, ABI1, BRI1
w:internode	word	internode	5	409	75	21633	3.526161369193154	0.013806641136804037	0.41324705195675526	-1.8599119632154915	-0.3837902359379557	True		False		internode		AT1G17060, AT3G50660, AT4G13195, AT4G39400, AT5G19530	CYP72C1, DWF4, CLE44, BRI1, ACL5
w:branch	word	branch	8	409	166	21633	2.5490323150793883	0.013878815498555288	0.41461302743676465	-1.8576475975982079	-0.38235705618568394	True		False		branch		AT1G55500, AT2G18010, AT2G41100, AT4G14560, AT4G34760, AT4G36110, AT4G38860, AT4G39400	ECT4, SAUR10, TCH3, IAA1, SAUR50, SAUR9, SAUR16, BRI1
w:infertile	word	infertile	3	409	27	21633	5.876935615321924	0.014016658724983304	0.41672615017696135	-1.853355500652098	-0.3801492460720781	True		False		infertile		AT3G50660, AT4G39400, AT5G03730	DWF4, BRI1, CTR1
w:mobility	word	mobility	3	409	27	21633	5.876935615321924	0.014016658724983304	0.41672615017696135	-1.853355500652098	-0.3801492460720781	True		False		mobility		AT1G74660, AT2G28690, AT2G41100	MIF1, AT2G28690, TCH3
w:division	word	division	18	409	536	21633	1.7762380031383425	0.01402956701184599	0.41672615017696135	-1.852955732198137	-0.3801492460720781	True		False		division		AT1G28370, AT1G51170, AT1G55500, AT1G77000, AT1G78100, AT2G28350, AT2G41230, AT3G60630, AT4G11280, AT4G12110, AT4G16515, AT4G17490, AT4G30080, AT4G30280, AT4G30290, AT5G03730, AT5G13330, AT5G61600	ERF11, UCN, ECT4, SKP2B, AUF1, ARF10, ORS1, HAM2, ACS6, SMO1-1, RGF6, ERF6, ARF16, XTH18, XTH19, CTR1, Rap2.6L, ERF104
p:avoidance syndrome	phrase	avoidance syndrome	2	409	10	21633	10.578484107579461	0.01451332095541132	0.4246369412122596	-1.838233200409547	-0.3719822271583051	True		False		avoidance syndrome		AT1G18400, AT4G36540	BEE1, BEE2
p:diverse set	phrase	diverse set	2	409	10	21633	10.578484107579461	0.01451332095541132	0.4246369412122596	-1.838233200409547	-0.3719822271583051	True		False		diverse set		AT3G44260, AT5G22250	CAF1a, CAF1b
p:ovule integument	phrase	ovule integument	2	409	10	21633	10.578484107579461	0.01451332095541132	0.4246369412122596	-1.838233200409547	-0.3719822271583051	True		False		ovule integument		AT1G51170, AT3G20830	UCN, UCNL
w:incognita	word	incognita	2	409	10	21633	10.578484107579461	0.01451332095541132	0.4246369412122596	-1.838233200409547	-0.3719822271583051	True		False		incognita		AT4G17490, AT4G32460	ERF6, BDX
w:monopolar	word	monopolar	2	409	10	21633	10.578484107579461	0.01451332095541132	0.4246369412122596	-1.838233200409547	-0.3719822271583051	True		False		monopolar		AT3G02170, AT5G15580	LNG2, LNG1
w:npy	word	npy	2	409	10	21633	10.578484107579461	0.01451332095541132	0.4246369412122596	-1.838233200409547	-0.3719822271583051	True		False		npy		AT1G73590, AT4G37590	PIN1, NPY5
w:skeleton	word	skeleton	2	409	10	21633	10.578484107579461	0.01451332095541132	0.4246369412122596	-1.838233200409547	-0.3719822271583051	True		False		skeleton		AT4G25420, AT5G51810	GA20OX1, GA20OX2
w:solid	word	solid	2	409	10	21633	10.578484107579461	0.01451332095541132	0.4246369412122596	-1.838233200409547	-0.3719822271583051	True		False		solid		AT1G11000, AT2G23150	MLO4, NRAMP3
w:organogenesis	word	organogenesis	4	409	50	21633	4.231393643031785	0.01462909053620883	0.42722413184621855	-1.8347826723287686	-0.36934422407019873	True		False		organogenesis		AT1G55500, AT1G73590, AT3G59900, AT4G37590	ECT4, PIN1, ARGOS, NPY5
w:carboxylate	word	carboxylate	6	409	105	21633	3.022424030736989	0.01478403410608256	0.4301410593546258	-1.8302070442255398	-0.3663890996452972	True		False		carboxylate		AT1G05010, AT1G78120, AT2G22810, AT4G11280, AT4G37770, AT5G43450	EFE, TPR12, ACS4, ACS6, ACS8, AT5G43450
w:hydroxylase	word	hydroxylase	6	409	105	21633	3.022424030736989	0.01478403410608256	0.4301410593546258	-1.8302070442255398	-0.3663890996452972	True		False		hydroxylase		AT1G02400, AT1G17060, AT2G26710, AT3G50660, AT4G38540, AT5G45340	GA2OX6, CYP72C1, BAS1, DWF4, MO2, CYP707A3
p:leucine zipper	phrase	leucine zipper	7	409	136	21633	2.722403998274126	0.014963758062711068	0.43375464929832586	-1.8249593221845355	-0.3627558570914764	True		False		leucine zipper		AT3G58120, AT4G12110, AT4G17460, AT4G37790, AT5G47370, AT5G53980, AT5G65310	BZIP61, SMO1-1, HAT1, HAT22, HAT2, HB52, HB5
w:zipper	word	zipper	7	409	136	21633	2.722403998274126	0.014963758062711068	0.43375464929832586	-1.8249593221845355	-0.3627558570914764	True		False		zipper		AT3G58120, AT4G12110, AT4G17460, AT4G37790, AT5G47370, AT5G53980, AT5G65310	BZIP61, SMO1-1, HAT1, HAT22, HAT2, HB52, HB5
w:herbicide	word	herbicide	5	409	77	21633	3.434572762201124	0.015333021463856194	0.44363542102090564	-1.8143722563796378	-0.3529737859228086	True		False		herbicide		AT1G59500, AT2G23170, AT4G27260, AT4G32280, AT5G54510	GH3.4, GH3.3, WES1, IAA29, DFL1
w:mild	word	mild	4	409	51	21633	4.14842514022724	0.015643389729172657	0.4509452419346747	-1.805669134833334	-0.3458761910919228	True		False		mild		AT1G19220, AT3G27580, AT3G60630, AT5G03730	ARF19, ATPK7, HAM2, CTR1
w:phyb	word	phyb	4	409	51	21633	4.14842514022724	0.015643389729172657	0.4509452419346747	-1.805669134833334	-0.3458761910919228	True		False		phyb		AT1G17060, AT1G22280, AT2G26710, AT5G04190	CYP72C1, PAPP2C, BAS1, PKS4
p:root hair	phrase	root hair	12	409	312	21633	2.0343238668422043	0.016183939169942062	0.4651880812589325	-1.790915762603054	-0.33237142100676076	True		False		root hair		AT1G04310, AT1G70940, AT1G74660, AT2G40940, AT3G23050, AT3G25710, AT3G28180, AT3G60630, AT3G62720, AT4G31590, AT5G03730, AT5G24270	ERS2, PIN3, MIF1, ERS1, IAA7, BHLH32, CSLC04, HAM2, XT1, CSLC5, CTR1, SOS3
w:production	word	production	16	409	465	21633	1.8199542550674344	0.01619702484670118	0.4651880812589325	-1.790564751588379	-0.33237142100676076	True		False		production		AT1G06080, AT1G35140, AT1G78970, AT2G22810, AT2G38470, AT3G25780, AT4G11280, AT4G17615, AT4G24570, AT4G26080, AT4G37770, AT5G04870, AT5G05160, AT5G13330, AT5G64900, AT5G67060	ADS1, PHI-1, LUP1, ACS4, WRKY33, AOC3, ACS6, CBL1, DIC2, ABI1, ACS8, CPK1, RUL1, Rap2.6L, PROPEP1, HEC1
w:pamp	word	pamp	5	409	79	21633	3.3476215530314755	0.016968194857112616	0.48644234210555487	-1.770364357169308	-0.31296862916615265	True		False		pamp		AT1G73080, AT2G35930, AT3G04570, AT4G37290, AT4G37295	PEPR1, PUB23, AHL19, PIP2, PIPL3
p:methyl esterase	phrase	methyl esterase	3	409	29	21633	5.471629710816964	0.017031854435803656	0.48737306539376646	-1.768738063288697	-0.31213847571363607	True		False		methyl esterase		AT3G10720, AT3G10870, AT3G43270	PME25, MES17, PME32
w:immune	word	immune	11	409	278	21633	2.0928655608520517	0.017249516384533172	0.4914067152180635	-1.7632230765021766	-0.3085589130528792	True		False		immune		AT1G25280, AT1G44830, AT1G73080, AT3G04570, AT4G12720, AT4G36540, AT4G37290, AT5G04870, AT5G37770, AT5G64900, AT5G64905	TLP10, ERF014, PEPR1, AHL19, NUDT7, BEE2, PIP2, CPK1, TCH2, PROPEP1, PROPEP3
w:cytokinin	word	cytokinin	10	409	242	21633	2.1856372123098065	0.01727079621378543	0.4914067152180635	-1.7626876402389966	-0.3085589130528792	True		False		cytokinin		AT1G04240, AT1G74660, AT1G78100, AT3G63440, AT4G12110, AT4G23750, AT4G37790, AT4G39400, AT5G53290, AT5G67060	SHY2, MIF1, AUF1, CKX6, SMO1-1, CRF2, HAT22, BRI1, CRF3, HEC1
w:alcohol	word	alcohol	8	409	173	21633	2.4458922792091244	0.017387156589355333	0.4914067152180635	-1.7597714345884423	-0.3085589130528792	True		False		alcohol		AT1G22440, AT1G30760, AT1G61820, AT1G78970, AT1G79700, AT3G26760, AT3G44540, AT5G19440	AT1G22440, AtBBE-like 13, BGLU46, LUP1, WRI4, AT3G26760, FAR4, AT5G19440
p:bilateral symmetry	phrase	bilateral symmetry	2	409	11	21633	9.616803734163147	0.01751878778651186	0.4914067152180635	-1.7564959481589484	-0.3085589130528792	True		False		bilateral symmetry		AT1G75640, AT2G34260	MUS, WDR55
p:leafy petiole	phrase	leafy petiole	2	409	11	21633	9.616803734163147	0.01751878778651186	0.4914067152180635	-1.7564959481589484	-0.3085589130528792	True		False		leafy petiole		AT1G28370, AT1G53170	ERF11, ERF8
p:media supplemented	phrase	media supplemented	2	409	11	21633	9.616803734163147	0.01751878778651186	0.4914067152180635	-1.7564959481589484	-0.3085589130528792	True		False		media supplemented		AT1G04310, AT2G40940	ERS2, ERS1
w:bilateral	word	bilateral	2	409	11	21633	9.616803734163147	0.01751878778651186	0.4914067152180635	-1.7564959481589484	-0.3085589130528792	True		False		bilateral		AT1G75640, AT2G34260	MUS, WDR55
w:coumaryl	word	coumaryl	2	409	11	21633	9.616803734163147	0.01751878778651186	0.4914067152180635	-1.7564959481589484	-0.3085589130528792	True		False		coumaryl		AT1G30760, AT1G61820	AtBBE-like 13, BGLU46
w:meloidogyne	word	meloidogyne	2	409	11	21633	9.616803734163147	0.01751878778651186	0.4914067152180635	-1.7564959481589484	-0.3085589130528792	True		False		meloidogyne		AT4G17490, AT4G32460	ERF6, BDX
w:rgf	word	rgf	2	409	11	21633	9.616803734163147	0.01751878778651186	0.4914067152180635	-1.7564959481589484	-0.3085589130528792	True		False		rgf		AT3G24240, AT4G16515	RGI1, RGF6
w:spt	word	spt	2	409	11	21633	9.616803734163147	0.01751878778651186	0.4914067152180635	-1.7564959481589484	-0.3085589130528792	True		False		spt		AT2G14850, AT5G67060	ADA1A, HEC1
w:oxidation	word	oxidation	12	409	316	21633	2.008572931818885	0.017698831415702727	0.49556727963967656	-1.7520554074498325	-0.304897376107613	True		False		oxidation		AT1G06080, AT1G30760, AT2G18980, AT2G22830, AT2G46740, AT3G63440, AT4G12110, AT4G25420, AT5G14130, AT5G39580, AT5G51810, AT5G64100	ADS1, AtBBE-like 13, PER16, SQE2, GulLO5, CKX6, SMO1-1, GA20OX1, PER55, PER62, GA20OX2, PER69
p:heat acclimation	phrase	heat acclimation	4	409	53	21633	3.9918807953130044	0.0178020113370615	0.4966761163040159	-1.7495309267226309	-0.30392672344903326	True		False		heat acclimation		AT1G77000, AT2G38470, AT3G02885, AT4G38580	SKP2B, WRKY33, GASA5, FP6
w:round	word	round	4	409	53	21633	3.9918807953130044	0.0178020113370615	0.4966761163040159	-1.7495309267226309	-0.30392672344903326	True		False		round		AT1G08430, AT3G23050, AT3G50660, AT4G39400	ALMT1, IAA7, DWF4, BRI1
w:asymmetric	word	asymmetric	7	409	141	21633	2.625864849399157	0.017904715938559513	0.4986511262460849	-1.7470325647551073	-0.30220319573147103	True		False		asymmetric		AT2G42430, AT2G45420, AT3G58190, AT4G16515, AT4G39400, AT5G04190, AT5G06080	LBD16, LBD18, LBD29, RGF6, BRI1, PKS4, LBD33
p:leucine rich	phrase	leucine rich	12	409	317	21633	2.0022367396049456	0.018093677063910265	0.5030171004386724	-1.742473165241459	-0.2984172505307221	True		False		leucine rich		AT1G25320, AT1G34110, AT1G68400, AT1G73080, AT1G75640, AT2G25790, AT2G41820, AT3G24240, AT4G28490, AT4G39400, AT5G05160, AT5G12940	SENRK1, RGI5, AT1G68400, PEPR1, MUS, SKM1, PXC3, RGI1, HAE, BRI1, RUL1, AT5G12940
w:aberrant	word	aberrant	7	409	142	21633	2.6073728434174726	0.018538371122796958	0.5144644945338894	-1.7319284278753688	-0.288644592446917	True		False		aberrant		AT1G11000, AT1G51170, AT1G55500, AT1G73590, AT3G60630, AT3G62720, AT5G48150	MLO4, UCN, ECT4, PIN1, HAM2, XT1, PAT1
p:enhanced susceptibility	phrase	enhanced susceptibility	3	409	30	21633	5.289242053789731	0.01866448657150302	0.5152189720727263	-1.728983952280937	-0.28800815318941053	True		False		enhanced susceptibility		AT2G22810, AT4G11280, AT4G37770	ACS4, ACS6, ACS8
p:pattern specification	phrase	pattern specification	3	409	30	21633	5.289242053789731	0.01866448657150302	0.5152189720727263	-1.728983952280937	-0.28800815318941053	True		False		pattern specification		AT1G23080, AT2G28350, AT4G30080	PIN7, ARF10, ARF16
w:fitness	word	fitness	3	409	30	21633	5.289242053789731	0.01866448657150302	0.5152189720727263	-1.728983952280937	-0.28800815318941053	True		False		fitness		AT3G17090, AT5G02760, AT5G66080	PP2C42, PP2C67, PP2C79
w:zone	word	zone	5	409	81	21633	3.2649642307344022	0.018715060139498977	0.5157038793995279	-1.7278087729732523	-0.28759960158636044	True		False		zone		AT1G04240, AT1G11000, AT1G23080, AT1G70940, AT1G78100	SHY2, MLO4, PIN7, PIN3, AUF1
p:light intensity	phrase	light intensity	6	409	111	21633	2.85904975880526	0.018951677729630977	0.5204409139333174	-1.7223523373334626	-0.2836285691492284	True		False		light intensity		AT1G01470, AT1G27730, AT4G17490, AT4G36110, AT4G38850, AT5G64905	LEA14, STZ, ERF6, SAUR9, SAUR15, PROPEP3
p:threonine kinase	phrase	threonine kinase	23	409	761	21633	1.5985882685566863	0.018953589351514186	0.5204409139333174	-1.7223085330339551	-0.2836285691492284	True		False		threonine kinase		AT1G04310, AT1G11050, AT1G34110, AT1G51170, AT1G63500, AT1G68400, AT1G73080, AT2G25790, AT2G44830, AT2G48010, AT3G13380, AT3G20830, AT3G24240, AT3G27580, AT3G61160, AT4G13195, AT4G28490, AT4G39400, AT5G03730, AT5G04870, AT5G10520, AT5G59010, AT5G63650	ERS2, AT1G11050, RGI5, UCN, BSK7, AT1G68400, PEPR1, SKM1, PAX, RKF3, BRL3, UCNL, RGI1, ATPK7, ASK2, CLE44, HAE, BRI1, CTR1, CPK1, RBK1, BSK5, SNRK2.5
p:hydrogen peroxide	phrase	hydrogen peroxide	9	409	211	21633	2.256074809673345	0.019374364298105684	0.5310615224449177	-1.712772538439929	-0.27485516383262265	True		False		hydrogen peroxide		AT1G08430, AT1G34370, AT2G18980, AT2G46740, AT5G04870, AT5G14130, AT5G37770, AT5G39580, AT5G64100	ALMT1, STOP1, PER16, GulLO5, CPK1, PER55, TCH2, PER62, PER69
w:hair	word	hair	12	409	321	21633	1.9772867490802732	0.019739445291054265	0.5401210039009314	-1.7046650558416148	-0.26750893380766483	True		False		hair		AT1G04310, AT1G70940, AT1G74660, AT2G40940, AT3G23050, AT3G25710, AT3G28180, AT3G60630, AT3G62720, AT4G31590, AT5G03730, AT5G24270	ERS2, PIN3, MIF1, ERS1, IAA7, BHLH32, CSLC04, HAM2, XT1, CSLC5, CTR1, SOS3
w:xylem	word	xylem	9	409	212	21633	2.245432947363565	0.019909180844670592	0.5438130096453379	-1.700946608478767	-0.2645504069919933	True		False		xylem		AT1G28370, AT1G29950, AT1G73590, AT2G45420, AT4G11280, AT4G13195, AT4G17490, AT5G19530, AT5G61600	ERF11, BHLH144, PIN1, LBD18, ACS6, CLE44, ERF6, ACL5, ERF104
w:activate	word	activate	12	409	322	21633	1.9711461070023844	0.02016779740518545	0.5489576074191942	-1.6953415299978118	-0.2604611921159874	True		False		activate		AT1G34370, AT1G79700, AT2G30040, AT2G44830, AT2G45420, AT3G50060, AT4G26080, AT4G39400, AT5G04340, AT5G05160, AT5G24270, AT5G64900	STOP1, WRI4, MAPKKK14, PAX, LBD18, MYB77, ABI1, BRI1, ZAT6, RUL1, SOS3, PROPEP1
w:hypersensitive	word	hypersensitive	12	409	322	21633	1.9711461070023844	0.02016779740518545	0.5489576074191942	-1.6953415299978118	-0.2604611921159874	True		False		hypersensitive		AT1G34370, AT1G74660, AT2G14960, AT3G50930, AT4G12720, AT4G17615, AT4G26080, AT4G27260, AT5G13190, AT5G24270, AT5G54510, AT5G61900	STOP1, MIF1, GH3.1, BCS1, NUDT7, CBL1, ABI1, WES1, GILP, SOS3, DFL1, BON1
w:toxic	word	toxic	8	409	178	21633	2.3771874399054966	0.020255519636208124	0.5499664314018251	-1.6934566109230975	-0.25966381796369475	True		False		toxic		AT1G58340, AT2G18980, AT2G37330, AT5G01180, AT5G14130, AT5G39580, AT5G63790, AT5G64100	ZF14, PER16, ALS3, PTR5, PER55, PER62, NAC102, PER69
p:expansin working	phrase	expansin working	3	409	31	21633	5.11862134237716	0.020380860457095272	0.5499664314018251	-1.6907774845160568	-0.25966381796369475	True		False		expansin working		AT1G20190, AT2G39700, AT3G45960	EXPA11, EXPA4, EXLA3
p:mol bio	phrase	mol bio	3	409	31	21633	5.11862134237716	0.020380860457095272	0.5499664314018251	-1.6907774845160568	-0.25966381796369475	True		False		mol bio		AT1G20190, AT2G39700, AT3G45960	EXPA11, EXPA4, EXLA3
w:bio	word	bio	3	409	31	21633	5.11862134237716	0.020380860457095272	0.5499664314018251	-1.6907774845160568	-0.25966381796369475	True		False		bio		AT1G20190, AT2G39700, AT3G45960	EXPA11, EXPA4, EXLA3
w:kende	word	kende	3	409	31	21633	5.11862134237716	0.020380860457095272	0.5499664314018251	-1.6907774845160568	-0.25966381796369475	True		False		kende		AT1G20190, AT2G39700, AT3G45960	EXPA11, EXPA4, EXLA3
w:significantly	word	significantly	13	409	361	21633	1.904713204965831	0.020577451350342505	0.55357407245455	-1.6866084164067183	-0.2568242589660543	True		False		significantly		AT1G08430, AT1G17060, AT1G79700, AT2G28400, AT2G38470, AT2G41820, AT3G10930, AT3G23050, AT3G25710, AT3G62100, AT4G17615, AT5G03730, AT5G67060	ALMT1, CYP72C1, WRI4, S40-4, WRKY33, PXC3, IDL7, IAA7, BHLH32, IAA30, CBL1, CTR1, HEC1
w:transition	word	transition	14	409	400	21633	1.851234718826406	0.020709863442545332	0.55357407245455	-1.6838227647639377	-0.2568242589660543	True		False		transition		AT1G04240, AT1G66400, AT1G77000, AT2G34260, AT3G60630, AT4G13195, AT4G25420, AT4G26080, AT4G39400, AT5G03730, AT5G15160, AT5G19530, AT5G50570, AT5G51810	SHY2, CML23, SKP2B, WDR55, HAM2, CLE44, GA20OX1, ABI1, BRI1, CTR1, BNQ2, ACL5, SPL13A, GA20OX2
p:tail shortening	phrase	tail shortening	2	409	12	21633	8.815403422982884	0.02076257081786778	0.55357407245455	-1.6827188732277618	-0.2568242589660543	True		False		tail shortening		AT3G44260, AT5G22250	CAF1a, CAF1b
w:actively	word	actively	2	409	12	21633	8.815403422982884	0.02076257081786778	0.55357407245455	-1.6827188732277618	-0.2568242589660543	True		False		actively		AT1G73590, AT3G50660	PIN1, DWF4
w:arl	word	arl	2	409	12	21633	8.815403422982884	0.02076257081786778	0.55357407245455	-1.6827188732277618	-0.2568242589660543	True		False		arl		AT2G41230, AT2G44080	ORS1, ARL
w:explant	word	explant	2	409	12	21633	8.815403422982884	0.02076257081786778	0.55357407245455	-1.6827188732277618	-0.2568242589660543	True		False		explant		AT2G47260, AT4G37890	WRKY23, EDA40
w:microm	word	microm	2	409	12	21633	8.815403422982884	0.02076257081786778	0.55357407245455	-1.6827188732277618	-0.2568242589660543	True		False		microm		AT3G50660, AT4G26080	DWF4, ABI1
p:ser thr	phrase	ser thr	26	409	898	21633	1.531406385284332	0.02130552364992032	0.566925962477288	-1.671507787186313	-0.24647365395903842	True		False		ser thr		AT1G11050, AT1G30570, AT1G34110, AT1G51170, AT1G63500, AT1G68400, AT1G73080, AT1G75640, AT2G17530, AT2G25790, AT2G30040, AT2G44830, AT2G48010, AT3G13380, AT3G20830, AT3G24240, AT3G27580, AT3G61160, AT4G28490, AT4G39400, AT5G03730, AT5G04870, AT5G05160, AT5G10520, AT5G59010, AT5G63650	AT1G11050, HERK2, RGI5, UCN, BSK7, AT1G68400, PEPR1, MUS, MJB20.9, SKM1, MAPKKK14, PAX, RKF3, BRL3, UCNL, RGI1, ATPK7, ASK2, HAE, BRI1, CTR1, CPK1, RUL1, RBK1, BSK5, SNRK2.5
w:arg	word	arg	4	409	56	21633	3.778030038421236	0.021372208902913623	0.566925962477288	-1.670150589451735	-0.24647365395903842	True		False		arg		AT1G59500, AT2G23170, AT4G27260, AT5G54510	GH3.4, GH3.3, WES1, DFL1
w:non	word	non	4	409	56	21633	3.778030038421236	0.021372208902913623	0.566925962477288	-1.670150589451735	-0.24647365395903842	True		False		non		AT1G17060, AT1G19220, AT2G43060, AT5G15160	CYP72C1, ARF19, IBH1, BNQ2
w:methyl	word	methyl	9	409	215	21633	2.214101324842213	0.021577626328050336	0.5714048029651839	-1.6659963320965132	-0.24305611345885936	True		False		methyl		AT1G04310, AT2G40940, AT3G02320, AT3G10720, AT3G10870, AT3G25900, AT3G43270, AT4G12110, AT4G32460	ERS2, ERS1, AtTRM1a, PME25, MES17, HMT-1, PME32, SMO1-1, BDX
w:phosphorylation	word	phosphorylation	14	409	403	21633	1.8374538152123132	0.021910243718635473	0.5791396689762238	-1.6593527915369746	-0.2372166864438756	True		False		phosphorylation		AT1G70940, AT1G73590, AT2G18010, AT3G27580, AT4G24570, AT4G25280, AT4G34760, AT4G36110, AT4G37590, AT4G38860, AT4G39400, AT5G04190, AT5G04870, AT5G54490	PIN3, PIN1, SAUR10, ATPK7, DIC2, UMK2, SAUR50, SAUR9, NPY5, SAUR16, BRI1, PKS4, CPK1, PBP1
w:limiting	word	limiting	7	409	147	21633	2.518686692280824	0.021943848184454978	0.5791396689762238	-1.6586872100007537	-0.2372166864438756	True		False		limiting		AT1G23080, AT1G73080, AT2G22830, AT3G50660, AT4G12110, AT4G37590, AT5G63790	PIN7, PEPR1, SQE2, DWF4, SMO1-1, NPY5, NAC102
p:vascular tissue	phrase	vascular tissue	6	409	115	21633	2.759604549803338	0.022137108096972783	0.5795281708655166	-1.654879114241337	-0.23692544813165162	True		False		vascular tissue		AT2G21050, AT2G41100, AT2G41820, AT4G32460, AT5G05160, AT5G37770	LAX2, TCH3, PXC3, BDX, RUL1, TCH2
w:shaped	word	shaped	6	409	115	21633	2.759604549803338	0.022137108096972783	0.5795281708655166	-1.654879114241337	-0.23692544813165162	True		False		shaped		AT1G08430, AT1G75640, AT4G25420, AT4G26080, AT4G32460, AT5G61900	ALMT1, MUS, GA20OX1, ABI1, BDX, BON1
k:Tyrosine-protein kinase	keyword	Tyrosine-protein kinase	3	409	32	21633	4.958664425427873	0.022181121747156873	0.5795281708655166	-1.6540164944230387	-0.23692544813165162	True		False		Tyrosine-protein kinase		AT2G41820, AT3G13380, AT4G39400	PXC3, BRL3, BRI1
w:atgras	word	atgras	3	409	32	21633	4.958664425427873	0.022181121747156873	0.5795281708655166	-1.6540164944230387	-0.23692544813165162	True		False		atgras		AT3G46600, AT3G60630, AT5G48150	SCL30, HAM2, PAT1
w:flagellin	word	flagellin	3	409	32	21633	4.958664425427873	0.022181121747156873	0.5795281708655166	-1.6540164944230387	-0.23692544813165162	True		False		flagellin		AT3G13380, AT4G11280, AT4G37290	BRL3, ACS6, PIP2
w:scarecrow	word	scarecrow	3	409	32	21633	4.958664425427873	0.022181121747156873	0.5795281708655166	-1.6540164944230387	-0.23692544813165162	True		False		scarecrow		AT3G46600, AT3G60630, AT5G48150	SCL30, HAM2, PAT1
w:long	word	long	18	409	565	21633	1.6850682649241622	0.022515866542919618	0.5871439291292845	-1.6475113341744465	-0.23125542521810116	True		False		long		AT1G04310, AT1G05010, AT1G06080, AT1G17060, AT1G19220, AT1G19440, AT1G79700, AT2G26710, AT2G32560, AT2G40940, AT3G13380, AT3G44540, AT4G25420, AT4G26080, AT4G39400, AT5G03730, AT5G37770, AT5G65300	ERS2, EFE, ADS1, CYP72C1, ARF19, KCS4, WRI4, BAS1, CFH1, ERS1, BRL3, FAR4, GA20OX1, ABI1, BRI1, CTR1, TCH2, SUPA
w:oxidoreductase	word	oxidoreductase	27	409	946	21633	1.5096145396651452	0.02254776993584041	0.5871439291292845	-1.6468964051142556	-0.23125542521810116	True		False		oxidoreductase		AT1G02400, AT1G05010, AT1G06080, AT1G17060, AT1G19540, AT1G22440, AT1G30700, AT1G30720, AT1G30760, AT2G26710, AT2G46740, AT3G26760, AT3G44540, AT3G50660, AT3G63440, AT4G03140, AT4G20830, AT4G25420, AT4G30470, AT4G38540, AT5G07440, AT5G09970, AT5G19440, AT5G43450, AT5G45340, AT5G51810, AT5G54500	GA2OX6, EFE, ADS1, CYP72C1, AT1G19540, AT1G22440, AtBBE8, AtBBE10, AtBBE-like 13, BAS1, GulLO5, AT3G26760, FAR4, DWF4, CKX6, AT4G03140, AtBBE19, GA20OX1, AT4G30470, MO2, GDH2, CYP78A7, AT5G19440, AT5G43450, CYP707A3, GA20OX2, FQR1
p:average height	phrase	average height	4	409	57	21633	3.711748809677004	0.022652574367505385	0.5888915506121533	-1.6448824351491749	-0.2299646768721164	True		False		average height		AT1G70940, AT2G01420, AT4G13195, AT4G39400	PIN3, PIN4, CLE44, BRI1
w:fold	word	fold	11	409	291	21633	1.9993698485115823	0.02324892188100901	0.6033906237024671	-1.6335971817841275	-0.21940144276215356	True		False		fold		AT2G45400, AT3G26760, AT3G62720, AT4G03140, AT4G13180, AT4G26080, AT4G30470, AT4G39400, AT5G19440, AT5G37770, AT5G45340	BEN1, AT3G26760, XT1, AT4G03140, AT4G13180, ABI1, AT4G30470, BRI1, AT5G19440, TCH2, CYP707A3
w:fully	word	fully	5	409	86	21633	3.075140728947518	0.023588250571808314	0.6109195287468517	-1.6273042674731832	-0.21401599192243692	True		False		fully		AT1G80840, AT2G41230, AT3G59900, AT3G60630, AT5G19530	WRKY40, ORS1, ARGOS, HAM2, ACL5
w:slightly	word	slightly	13	409	368	21633	1.868482247262677	0.02361721680511381	0.6109195287468517	-1.6267712835811035	-0.21401599192243692	True		False		slightly		AT1G55500, AT1G79700, AT2G22810, AT2G42430, AT3G13380, AT3G62720, AT4G08950, AT4G11280, AT4G37770, AT4G39400, AT5G03730, AT5G50570, AT5G51810	ECT4, WRI4, ACS4, LBD16, BRL3, XT1, EXO, ACS6, ACS8, BRI1, CTR1, SPL13A, GA20OX2
w:polysaccharide	word	polysaccharide	10	409	255	21633	2.07421257011362	0.0238139685564205	0.6126890978889604	-1.6231682241442347	-0.21275984737947073	True		False		polysaccharide		AT1G10550, AT3G28180, AT3G62720, AT4G20170, AT4G25810, AT4G30280, AT4G30290, AT4G31590, AT5G57560, AT5G66460	XTH33, CSLC04, XT1, GALS3, XTR6, XTH18, XTH19, CSLC5, TCH4, MAN7
w:solute	word	solute	4	409	58	21633	3.6477531405446424	0.023978702492805537	0.6126890978889604	-1.6201743206308414	-0.21275984737947073	True		False		solute		AT2G18010, AT4G34760, AT4G36110, AT4G38860	SAUR10, SAUR50, SAUR9, SAUR16
w:inactivation	word	inactivation	3	409	33	21633	4.808401867081574	0.024065307999909642	0.6126890978889604	-1.61860857563195	-0.21275984737947073	True		False		inactivation		AT1G17060, AT2G26710, AT4G26080	CYP72C1, BAS1, ABI1
w:inhibitory	word	inhibitory	3	409	33	21633	4.808401867081574	0.024065307999909642	0.6126890978889604	-1.61860857563195	-0.21275984737947073	True		False		inhibitory		AT4G13195, AT5G03730, AT5G65310	CLE44, CTR1, HB5
w:pattern	word	pattern	15	409	448	21633	1.7709515805099547	0.02417789558945324	0.6126890978889604	-1.6165815022205212	-0.21275984737947073	True		False		pattern		AT1G11000, AT1G23080, AT1G34110, AT1G73080, AT1G73590, AT2G21050, AT2G28350, AT2G35930, AT3G23050, AT3G24240, AT4G02220, AT4G16515, AT4G22470, AT4G30080, AT4G39400	MLO4, PIN7, RGI5, PEPR1, PIN1, LAX2, ARF10, PUB23, IAA7, RGI1, PDCD2, RGF6, DHYPRP1, ARF16, BRI1
p:lateral diffusion	phrase	lateral diffusion	2	409	13	21633	8.137295467368817	0.024234630216037972	0.6126890978889604	-1.6155636025704532	-0.21275984737947073	True		False		lateral diffusion		AT1G73590, AT4G37590	PIN1, NPY5
p:lobed plate	phrase	lobed plate	2	409	13	21633	8.137295467368817	0.024234630216037972	0.6126890978889604	-1.6155636025704532	-0.21275984737947073	True		False		lobed plate		AT4G25420, AT4G26080	GA20OX1, ABI1
p:overly sensitive	phrase	overly sensitive	2	409	13	21633	8.137295467368817	0.024234630216037972	0.6126890978889604	-1.6155636025704532	-0.21275984737947073	True		False		overly sensitive		AT5G24270, AT5G66080	SOS3, PP2C79
w:acropetal	word	acropetal	2	409	13	21633	8.137295467368817	0.024234630216037972	0.6126890978889604	-1.6155636025704532	-0.21275984737947073	True		False		acropetal		AT1G78100, AT2G21050	AUF1, LAX2
w:ant	word	ant	2	409	13	21633	8.137295467368817	0.024234630216037972	0.6126890978889604	-1.6155636025704532	-0.21275984737947073	True		False		ant		AT2G41230, AT3G59900	ORS1, ARGOS
w:conjunction	word	conjunction	2	409	13	21633	8.137295467368817	0.024234630216037972	0.6126890978889604	-1.6155636025704532	-0.21275984737947073	True		False		conjunction		AT2G42430, AT2G45420	LBD16, LBD18
w:impairment	word	impairment	2	409	13	21633	8.137295467368817	0.024234630216037972	0.6126890978889604	-1.6155636025704532	-0.21275984737947073	True		False		impairment		AT2G44830, AT3G27580	PAX, ATPK7
w:shaping	word	shaping	2	409	13	21633	8.137295467368817	0.024234630216037972	0.6126890978889604	-1.6155636025704532	-0.21275984737947073	True		False		shaping		AT1G73590, AT3G50660	PIN1, DWF4
w:ubiquitous	word	ubiquitous	2	409	13	21633	8.137295467368817	0.024234630216037972	0.6126890978889604	-1.6155636025704532	-0.21275984737947073	True		False		ubiquitous		AT3G44260, AT5G22250	CAF1a, CAF1b
w:maintenance	word	maintenance	15	409	449	21633	1.7670073676357678	0.024598919124176714	0.6208942041940824	-1.6090839753648583	-0.20698239410517827	True		False		maintenance		AT1G34110, AT1G73590, AT2G01420, AT2G19620, AT2G25790, AT2G34140, AT3G17090, AT3G24240, AT3G62100, AT4G12110, AT4G13195, AT4G16515, AT5G02760, AT5G15920, AT5G66080	RGI5, PIN1, PIN4, NDL3, SKM1, CDF4, PP2C42, RGI1, IAA30, SMO1-1, CLE44, RGF6, PP2C67, SMC5, PP2C79
w:high	word	high	39	409	1493	21633	1.3816506369577997	0.025480864645729018	0.6410470993972767	-1.5937858391115023	-0.19311006056405544	True		False		high		AT1G01470, AT1G02660, AT1G18850, AT1G27730, AT1G78100, AT2G25790, AT2G26530, AT2G28690, AT2G30070, AT2G35930, AT2G36220, AT2G39870, AT3G02170, AT3G07210, AT3G13380, AT3G14060, AT3G19200, AT3G25640, AT3G25710, AT3G26470, AT3G28340, AT3G29370, AT3G56880, AT3G60520, AT4G09890, AT4G13235, AT4G17490, AT4G17615, AT4G26080, AT4G38410, AT4G39400, AT5G01180, AT5G03730, AT5G10520, AT5G16110, AT5G57340, AT5G59820, AT5G63790, AT5G66080	LEA14, PLIP2, PCP2, STZ, AUF1, SKM1, AR781, AT2G28690, KT1, PUB23, AT2G36220, AT2G39870, LNG2, AT3G07210, BRL3, AT3G14060, AT3G19200, AT3G25640, BHLH32, AT3G26470, GATL10, P1R3, VQ24, AT3G60520, AT4G09890, EDA21, ERF6, CBL1, ABI1, AT4G38410, BRI1, PTR5, CTR1, RBK1, AT5G16110, MJB24.15, RHL41, NAC102, PP2C79
w:adenosyl	word	adenosyl	8	409	186	21633	2.274942818834293	0.025520436240726193	0.6410470993972767	-1.5931119061530348	-0.19311006056405544	True		False		adenosyl		AT2G22810, AT2G41380, AT3G02320, AT3G25900, AT4G11280, AT4G37770, AT5G10830, AT5G19530	ACS4, AT2G41380, AtTRM1a, HMT-1, ACS6, ACS8, AT5G10830, ACL5
w:obvious	word	obvious	8	409	186	21633	2.274942818834293	0.025520436240726193	0.6410470993972767	-1.5931119061530348	-0.19311006056405544	True		False		obvious		AT1G19220, AT1G77000, AT2G23150, AT2G28350, AT2G35930, AT4G29780, AT4G30080, AT5G65300	ARF19, SKP2B, NRAMP3, ARF10, PUB23, AT4G29780, ARF16, SUPA
w:phytochrome	word	phytochrome	5	409	88	21633	3.0052511669259836	0.02574620349099982	0.6456800695720404	-1.5892868025244873	-0.18998261890385892	True		False		phytochrome		AT1G04240, AT1G22280, AT3G16500, AT5G04190, AT5G48150	SHY2, PAPP2C, PAP1, PKS4, PAT1
w:gras	word	gras	3	409	34	21633	4.666978282755645	0.026033354047621415	0.6507921978240591	-1.5844698752816413	-0.18655766234591864	True		False		gras		AT3G46600, AT3G60630, AT5G48150	SCL30, HAM2, PAT1
w:measured	word	measured	3	409	34	21633	4.666978282755645	0.026033354047621415	0.6507921978240591	-1.5844698752816413	-0.18655766234591864	True		False		measured		AT1G08430, AT1G17060, AT2G26710	ALMT1, CYP72C1, BAS1
w:reactive	word	reactive	9	409	223	21633	2.1346716809016852	0.026514485776912223	0.6617609037994833	-1.5765167911897728	-0.17929889412040456	True		False		reactive		AT1G59500, AT2G23150, AT2G23170, AT3G13380, AT4G17490, AT4G17615, AT4G27260, AT5G54510, AT5G65300	GH3.4, NRAMP3, GH3.3, BRL3, ERF6, CBL1, WES1, DFL1, SUPA
p:alcohol dehydrogenase	phrase	alcohol dehydrogenase	4	409	60	21633	3.526161369193154	0.02676949549545038	0.6649389469330949	-1.5723598135574313	-0.17721822872290227	True		False		alcohol dehydrogenase		AT1G22440, AT1G30760, AT3G26760, AT5G19440	AT1G22440, AtBBE-like 13, AT3G26760, AT5G19440
w:asp	word	asp	4	409	60	21633	3.526161369193154	0.02676949549545038	0.6649389469330949	-1.5723598135574313	-0.17721822872290227	True		False		asp		AT1G59500, AT2G23170, AT4G27260, AT5G54510	GH3.4, GH3.3, WES1, DFL1
w:axillary	word	axillary	4	409	60	21633	3.526161369193154	0.02676949549545038	0.6649389469330949	-1.5723598135574313	-0.17721822872290227	True		False		axillary		AT3G27580, AT3G60630, AT4G13195, AT4G39400	ATPK7, HAM2, CLE44, BRI1
k:Pyrimidine biosynthesis	keyword	Pyrimidine biosynthesis	2	409	14	21633	7.556060076842472	0.027925218977115664	0.6834915238562506	-1.554003412655321	-0.16526686685370606	True		False		Pyrimidine biosynthesis		AT4G20320, AT4G25280	CTPS4, UMK2
p:glucan backbone	phrase	glucan backbone	2	409	14	21633	7.556060076842472	0.027925218977115664	0.6834915238562506	-1.554003412655321	-0.16526686685370606	True		False		glucan backbone		AT3G28180, AT4G31590	CSLC04, CSLC5
w:brx	word	brx	2	409	14	21633	7.556060076842472	0.027925218977115664	0.6834915238562506	-1.554003412655321	-0.16526686685370606	True		False		brx		AT1G04240, AT2G44830	SHY2, PAX
w:build	word	build	2	409	14	21633	7.556060076842472	0.027925218977115664	0.6834915238562506	-1.554003412655321	-0.16526686685370606	True		False		build		AT1G73590, AT4G13195	PIN1, CLE44
w:planar	word	planar	2	409	14	21633	7.556060076842472	0.027925218977115664	0.6834915238562506	-1.554003412655321	-0.16526686685370606	True		False		planar		AT1G51170, AT3G20830	UCN, UCNL
w:plethora	word	plethora	2	409	14	21633	7.556060076842472	0.027925218977115664	0.6834915238562506	-1.554003412655321	-0.16526686685370606	True		False		plethora		AT1G34110, AT3G24240	RGI5, RGI1
w:skotomorphogenesis	word	skotomorphogenesis	2	409	14	21633	7.556060076842472	0.027925218977115664	0.6834915238562506	-1.554003412655321	-0.16526686685370606	True		False		skotomorphogenesis		AT1G77000, AT4G39400	SKP2B, BRI1
w:bacterial	word	bacterial	12	409	338	21633	1.8778374155466502	0.027999771618684492	0.6834915238562506	-1.552845510984552	-0.16526686685370606	True		False		bacterial		AT1G04310, AT1G44830, AT1G80840, AT2G23150, AT2G35930, AT2G38470, AT2G40940, AT3G13380, AT3G50930, AT4G11280, AT4G26080, AT4G37290	ERS2, ERF014, WRKY40, NRAMP3, PUB23, WRKY33, ERS1, BRL3, BCS1, ACS6, ABI1, PIP2
p:iron ascorbate	phrase	iron ascorbate	5	409	90	21633	2.938467807660962	0.02802657853361058	0.6834915238562506	-1.5524299173902514	-0.16526686685370606	True		False		iron ascorbate		AT1G02400, AT1G05010, AT4G25420, AT5G43450, AT5G51810	GA2OX6, EFE, GA20OX1, AT5G43450, GA20OX2
w:zip	word	zip	5	409	90	21633	2.938467807660962	0.02802657853361058	0.6834915238562506	-1.5524299173902514	-0.16526686685370606	True		False		zip		AT4G17460, AT4G37790, AT5G47370, AT5G53980, AT5G65310	HAT1, HAT22, HAT2, HB52, HB5
w:fucose	word	fucose	3	409	35	21633	4.533636046105484	0.028085097178425025	0.6834915238562506	-1.551524069064651	-0.16526686685370606	True		False		fucose		AT3G28180, AT4G31590, AT5G45280	CSLC04, CSLC5, PAE11
w:gata	word	gata	3	409	35	21633	4.533636046105484	0.028085097178425025	0.6834915238562506	-1.551524069064651	-0.16526686685370606	True		False		gata		AT1G28400, AT3G60530, AT5G26930	AT1G28400, GATA4, GATA23
w:transpiration	word	transpiration	3	409	35	21633	4.533636046105484	0.028085097178425025	0.6834915238562506	-1.551524069064651	-0.16526686685370606	True		False		transpiration		AT3G49220, AT4G26080, AT5G45340	PME34, ABI1, CYP707A3
w:ask	word	ask	4	409	61	21633	3.4683554451080205	0.028234706510343453	0.6860638483944108	-1.549216722239154	-0.16363546488357805	True		False		ask		AT1G25280, AT1G67340, AT1G78100, AT3G61160	TLP10, AT1G67340, AUF1, ASK2
w:flowering	word	flowering	22	409	749	21633	1.553582445705929	0.028320174487548217	0.6870720593066048	-1.547904075179094	-0.16299771225910797	True		False		flowering		AT1G17060, AT1G66400, AT1G73590, AT2G22810, AT2G26710, AT2G30140, AT2G34140, AT3G02885, AT4G08950, AT4G11280, AT4G25420, AT4G26080, AT4G37770, AT4G39400, AT5G03730, AT5G15160, AT5G19530, AT5G37770, AT5G50570, AT5G51810, AT5G65300, AT5G65640	CYP72C1, CML23, PIN1, ACS4, BAS1, UGT87A2, CDF4, GASA5, EXO, ACS6, GA20OX1, ABI1, ACS8, BRI1, CTR1, BNQ2, ACL5, TCH2, SPL13A, GA20OX2, SUPA, bHLH093
p:rossmann fold	phrase	rossmann fold	6	409	122	21633	2.6012665838310154	0.028544009289599718	0.6903585156976876	-1.5444850259635408	-0.16092531367882668	True		False		rossmann fold		AT2G45400, AT3G26760, AT4G03140, AT4G13180, AT4G30470, AT5G19440	BEN1, AT3G26760, AT4G03140, AT4G13180, AT4G30470, AT5G19440
w:rossmann	word	rossmann	6	409	122	21633	2.6012665838310154	0.028544009289599718	0.6903585156976876	-1.5444850259635408	-0.16092531367882668	True		False		rossmann		AT2G45400, AT3G26760, AT4G03140, AT4G13180, AT4G30470, AT5G19440	BEN1, AT3G26760, AT4G03140, AT4G13180, AT4G30470, AT5G19440
w:acceptor	word	acceptor	12	409	340	21633	1.866791313102258	0.029115050743394388	0.7030812253706238	-1.5358824486417546	-0.15299449903065732	True		False		acceptor		AT1G19540, AT1G30700, AT1G30720, AT1G30760, AT3G44540, AT3G62720, AT4G20830, AT4G25280, AT4G30470, AT5G07440, AT5G19440, AT5G54500	AT1G19540, AtBBE8, AtBBE10, AtBBE-like 13, FAR4, XT1, AtBBE19, UMK2, AT4G30470, GDH2, AT5G19440, FQR1
w:initial	word	initial	5	409	91	21633	2.9061769526317205	0.02921325881615779	0.7043556400796944	-1.5344199936278713	-0.15220800346462937	True		False		initial		AT1G02660, AT1G23080, AT2G22810, AT4G11280, AT4G37770	PLIP2, PIN7, ACS4, ACS6, ACS8
p:programmed cell	phrase	programmed cell	8	409	191	21633	2.215389341901458	0.029257988377606327	0.7043556400796944	-1.5337555369440585	-0.15220800346462937	True		False		programmed cell		AT3G12920, AT3G50930, AT3G56170, AT4G02220, AT4G12720, AT5G04870, AT5G13190, AT5G61900	BRG3, BCS1, CAN, PDCD2, NUDT7, CPK1, GILP, BON1
p:occurring elicitor	phrase	occurring elicitor	4	409	62	21633	3.4124142282514396	0.02974677308985487	0.7150208965475265	-1.526560139356606	-0.14568126571966378	True		False		occurring elicitor		AT1G80840, AT2G38470, AT2G47260, AT3G01970	WRKY40, WRKY33, WRKY23, WRKY45
k:Disulfide bond	keyword	Disulfide bond	29	409	1060	21633	1.447056788300964	0.030175760445951567	0.7197586708541359	-1.5203417766301432	-0.142813094520152	True		False		Disulfide bond		AT1G04310, AT1G10550, AT1G30700, AT1G30720, AT1G30760, AT1G34110, AT1G53840, AT1G60260, AT1G61820, AT1G80290, AT2G18980, AT2G25790, AT2G39700, AT2G40940, AT3G02885, AT3G10720, AT3G24240, AT3G43270, AT3G49220, AT4G13235, AT4G20830, AT4G25810, AT4G30280, AT4G30290, AT5G06860, AT5G14130, AT5G39580, AT5G57560, AT5G64100	ERS2, XTH33, AtBBE8, AtBBE10, AtBBE-like 13, RGI5, PME1, BGLU5, BGLU46, AT1G80290, PER16, SKM1, EXPA4, ERS1, GASA5, PME25, RGI1, PME32, PME34, EDA21, AtBBE19, XTR6, XTH18, XTH19, PGIP1, PER55, PER62, TCH4, PER69
w:calcineurin	word	calcineurin	3	409	36	21633	4.407701711491442	0.030220282135196685	0.7197586708541359	-1.5197014854242898	-0.142813094520152	True		False		calcineurin		AT1G27730, AT4G17615, AT5G24270	STZ, CBL1, SOS3
w:direction	word	direction	3	409	36	21633	4.407701711491442	0.030220282135196685	0.7197586708541359	-1.5197014854242898	-0.142813094520152	True		False		direction		AT3G02170, AT5G01840, AT5G15580	LNG2, OFP1, LNG1
w:mass	word	mass	3	409	36	21633	4.407701711491442	0.030220282135196685	0.7197586708541359	-1.5197014854242898	-0.142813094520152	True		False		mass		AT1G04310, AT4G17490, AT5G24270	ERS2, ERF6, SOS3
w:phya	word	phya	3	409	36	21633	4.407701711491442	0.030220282135196685	0.7197586708541359	-1.5197014854242898	-0.142813094520152	True		False		phya		AT1G22280, AT5G04190, AT5G48150	PAPP2C, PKS4, PAT1
w:sibling	word	sibling	3	409	36	21633	4.407701711491442	0.030220282135196685	0.7197586708541359	-1.5197014854242898	-0.142813094520152	True		False		sibling		AT1G17060, AT5G03670, AT5G54510	CYP72C1, TRM28, DFL1
k:Aspartyl esterase	keyword	Aspartyl esterase	4	409	63	21633	3.358248923041099	0.03130589152001354	0.7399746582582323	-1.5043739239916485	-0.1307831531974908	True		False		Aspartyl esterase		AT1G53840, AT3G10720, AT3G43270, AT3G49220	PME1, PME25, PME32, PME34
p:frequently occurring	phrase	frequently occurring	4	409	63	21633	3.358248923041099	0.03130589152001354	0.7399746582582323	-1.5043739239916485	-0.1307831531974908	True		False		frequently occurring		AT1G80840, AT2G38470, AT2G47260, AT3G01970	WRKY40, WRKY33, WRKY23, WRKY45
p:responsive cis‑acting	phrase	responsive cis-acting	4	409	63	21633	3.358248923041099	0.03130589152001354	0.7399746582582323	-1.5043739239916485	-0.1307831531974908	True		False		responsive cis-acting		AT1G80840, AT2G38470, AT2G47260, AT3G01970	WRKY40, WRKY33, WRKY23, WRKY45
w:ensure	word	ensure	4	409	63	21633	3.358248923041099	0.03130589152001354	0.7399746582582323	-1.5043739239916485	-0.1307831531974908	True		False		ensure		AT1G23080, AT1G70940, AT1G73590, AT2G01420	PIN7, PIN3, PIN1, PIN4
w:hydroxylation	word	hydroxylation	4	409	63	21633	3.358248923041099	0.03130589152001354	0.7399746582582323	-1.5043739239916485	-0.1307831531974908	True		False		hydroxylation		AT1G02400, AT1G17060, AT2G26710, AT3G50660	GA2OX6, CYP72C1, BAS1, DWF4
p:primary root	phrase	primary root	9	409	230	21633	2.0697034123525033	0.031447386652100964	0.7410310798995103	-1.502415439558283	-0.13016357670921108	True		False		primary root		AT1G19220, AT1G76650, AT2G38470, AT2G44830, AT3G60630, AT4G02220, AT4G27280, AT5G04340, AT5G24270	ARF19, CML38, WRKY33, PAX, HAM2, PDCD2, KRP1, ZAT6, SOS3
w:potential	word	potential	9	409	230	21633	2.0697034123525033	0.031447386652100964	0.7410310798995103	-1.502415439558283	-0.13016357670921108	True		False		potential		AT1G29440, AT1G66400, AT1G76650, AT1G78120, AT2G41100, AT2G43290, AT4G26080, AT4G27280, AT5G54490	SAUR63, CML23, CML38, TPR12, TCH3, MSS3, ABI1, KRP1, PBP1
w:donor	word	donor	17	409	546	21633	1.646833606491308	0.03151496201817548	0.7410310798995103	-1.5014832119496542	-0.13016357670921108	True		False		donor		AT1G06080, AT1G17060, AT1G30700, AT1G30720, AT1G30760, AT2G26710, AT3G02320, AT3G44540, AT3G50660, AT3G62720, AT4G20830, AT4G24160, AT4G30470, AT5G07440, AT5G09970, AT5G19440, AT5G45340	ADS1, CYP72C1, AtBBE8, AtBBE10, AtBBE-like 13, BAS1, AtTRM1a, FAR4, DWF4, XT1, AtBBE19, AT4G24160, AT4G30470, GDH2, CYP78A7, AT5G19440, CYP707A3
p:hypocotyl phototropism	phrase	hypocotyl phototropism	2	409	15	21633	7.052322738386308	0.03182487548723575	0.7410310798995103	-1.497233286820017	-0.13016357670921108	True		False		hypocotyl phototropism		AT3G27580, AT4G14560	ATPK7, IAA1
p:phosphorelay sensor	phrase	phosphorelay sensor	2	409	15	21633	7.052322738386308	0.03182487548723575	0.7410310798995103	-1.497233286820017	-0.13016357670921108	True		False		phosphorelay sensor		AT1G04310, AT2G40940	ERS2, ERS1
w:brassicaceae	word	brassicaceae	2	409	15	21633	7.052322738386308	0.03182487548723575	0.7410310798995103	-1.497233286820017	-0.13016357670921108	True		False		brassicaceae		AT5G64900, AT5G64905	PROPEP1, PROPEP3
w:consequence	word	consequence	2	409	15	21633	7.052322738386308	0.03182487548723575	0.7410310798995103	-1.497233286820017	-0.13016357670921108	True		False		consequence		AT4G30290, AT5G37770	XTH19, TCH2
w:curved	word	curved	2	409	15	21633	7.052322738386308	0.03182487548723575	0.7410310798995103	-1.497233286820017	-0.13016357670921108	True		False		curved		AT3G23050, AT4G39400	IAA7, BRI1
w:galactinol	word	galactinol	2	409	15	21633	7.052322738386308	0.03182487548723575	0.7410310798995103	-1.497233286820017	-0.13016357670921108	True		False		galactinol		AT1G09350, AT3G28340	GolS3, GATL10
w:oxidosqualene	word	oxidosqualene	2	409	15	21633	7.052322738386308	0.03182487548723575	0.7410310798995103	-1.497233286820017	-0.13016357670921108	True		False		oxidosqualene		AT1G78970, AT2G22830	LUP1, SQE2
w:sensitivity	word	sensitivity	14	409	425	21633	1.7423385588954405	0.032365763886986136	0.751958685755758	-1.4899141384378662	-0.1238060198354729	True		False		sensitivity		AT1G17060, AT1G19220, AT1G34370, AT1G55500, AT1G76650, AT2G26070, AT2G28400, AT2G41230, AT3G50930, AT4G17615, AT4G25420, AT4G26080, AT4G39400, AT5G24270	CYP72C1, ARF19, STOP1, ECT4, CML38, RTE1, S40-4, ORS1, BCS1, CBL1, GA20OX1, ABI1, BRI1, SOS3
p:dual specificity	phrase	dual specificity	3	409	37	21633	4.288574638207891	0.032438565936980315	0.751958685755758	-1.4889383535799514	-0.1238060198354729	True		False		dual specificity		AT3G13380, AT4G28490, AT4G39400	BRL3, HAE, BRI1
w:cbf	word	cbf	3	409	37	21633	4.288574638207891	0.032438565936980315	0.751958685755758	-1.4889383535799514	-0.1238060198354729	True		False		cbf		AT3G23250, AT4G17615, AT5G59820	MYB15, CBL1, RHL41
p:elicitor responsive	phrase	elicitor responsive	4	409	64	21633	3.305776283618582	0.03291222803614815	0.7606814361490815	-1.48264271657978	-0.11879718224161762	True		False		elicitor responsive		AT1G80840, AT2G38470, AT2G47260, AT3G01970	WRKY40, WRKY33, WRKY23, WRKY45
w:thermotolerance	word	thermotolerance	4	409	64	21633	3.305776283618582	0.03291222803614815	0.7606814361490815	-1.48264271657978	-0.11879718224161762	True		False		thermotolerance		AT2G38470, AT3G02885, AT4G26080, AT4G32460	WRKY33, GASA5, ABI1, BDX
w:cys	word	cys	5	409	94	21633	2.81342662435624	0.03296177362364186	0.7607012571577263	-1.4819894276109475	-0.1187858660162937	True		False		cys		AT1G34370, AT1G59500, AT2G23170, AT4G27260, AT5G54510	STOP1, GH3.4, GH3.3, WES1, DFL1
w:treatment	word	treatment	12	409	349	21633	1.8186505629076437	0.03453393402005457	0.7930365962336439	-1.4617539450828556	-0.10070677084682877	True		False		treatment		AT1G34370, AT2G38470, AT3G23050, AT3G50660, AT3G62100, AT4G17615, AT4G25420, AT4G26080, AT4G39400, AT5G01740, AT5G03730, AT5G51810	STOP1, WRKY33, IAA7, DWF4, IAA30, CBL1, GA20OX1, ABI1, BRI1, AT5G01740, CTR1, GA20OX2
w:chitin	word	chitin	4	409	65	21633	3.2549181869475268	0.034565919229077764	0.7930365962336439	-1.461351889213842	-0.10070677084682877	True		False		chitin		AT1G27730, AT2G35930, AT3G61460, AT5G59820	STZ, PUB23, BRH1, RHL41
w:demethylesterification	word	demethylesterification	4	409	65	21633	3.2549181869475268	0.034565919229077764	0.7930365962336439	-1.461351889213842	-0.10070677084682877	True		False		demethylesterification		AT1G53840, AT3G10720, AT3G43270, AT3G49220	PME1, PME25, PME32, PME34
w:inhibiting	word	inhibiting	4	409	65	21633	3.2549181869475268	0.034565919229077764	0.7930365962336439	-1.461351889213842	-0.10070677084682877	True		False		inhibiting		AT1G29440, AT2G43060, AT5G06860, AT5G15160	SAUR63, IBH1, PGIP1, BNQ2
w:multicellular	word	multicellular	3	409	38	21633	4.175717410886629	0.03473952252829674	0.7946856515111398	-1.4591761549375966	-0.09980462833933101	True		False		multicellular		AT1G27730, AT1G58340, AT2G23150	STZ, ZF14, NRAMP3
w:recovered	word	recovered	3	409	38	21633	4.175717410886629	0.03473952252829674	0.7946856515111398	-1.4591761549375966	-0.09980462833933101	True		False		recovered		AT2G23150, AT2G35930, AT5G06860	NRAMP3, PUB23, PGIP1
p:serine kinase	phrase	serine kinase	19	409	637	21633	1.5776389171429337	0.03481538397239992	0.7952566654748195	-1.4582288107088544	-0.0994926821491724	True		False		serine kinase		AT1G11050, AT1G34110, AT1G51170, AT1G63500, AT1G68400, AT1G73080, AT2G48010, AT3G13380, AT3G20830, AT3G24240, AT3G27580, AT3G61160, AT4G28490, AT4G39400, AT5G03730, AT5G04870, AT5G10520, AT5G59010, AT5G63650	AT1G11050, RGI5, UCN, BSK7, AT1G68400, PEPR1, RKF3, BRL3, UCNL, RGI1, ATPK7, ASK2, HAE, BRI1, CTR1, CPK1, RBK1, BSK5, SNRK2.5
k:Protein phosphatase	keyword	Protein phosphatase	6	409	128	21633	2.4793322127139366	0.03492118649075286	0.7965089309949246	-1.456911009020507	-0.0988093502331342	True		False		Protein phosphatase		AT1G22280, AT2G30020, AT3G17090, AT4G26080, AT5G02760, AT5G66080	PAPP2C, AP2C1, PP2C42, ABI1, PP2C67, PP2C79
k:FAD	keyword	FAD	8	409	198	21633	2.1370674964806993	0.03510054509684102	0.7971088903968672	-1.4546861390694474	-0.09848234702516034	True		False		FAD		AT1G30700, AT1G30720, AT1G30760, AT2G22830, AT2G46740, AT3G63440, AT4G20830, AT4G38540	AtBBE8, AtBBE10, AtBBE-like 13, SQE2, GulLO5, CKX6, AtBBE19, MO2
w:monooxygenase	word	monooxygenase	8	409	198	21633	2.1370674964806993	0.03510054509684102	0.7971088903968672	-1.4546861390694474	-0.09848234702516034	True		False		monooxygenase		AT1G17060, AT2G22830, AT2G26710, AT3G50660, AT4G12110, AT4G38540, AT5G09970, AT5G45340	CYP72C1, SQE2, BAS1, DWF4, SMO1-1, MO2, CYP78A7, CYP707A3
w:programmed	word	programmed	8	409	198	21633	2.1370674964806993	0.03510054509684102	0.7971088903968672	-1.4546861390694474	-0.09848234702516034	True		False		programmed		AT3G12920, AT3G50930, AT3G56170, AT4G02220, AT4G12720, AT5G04870, AT5G13190, AT5G61900	BRG3, BCS1, CAN, PDCD2, NUDT7, CPK1, GILP, BON1
p:fungal pathogen	phrase	fungal pathogen	5	409	96	21633	2.7548135696821516	0.03561967726565238	0.8053861615029706	-1.4483100198076788	-0.09399583690207924	True		False		fungal pathogen		AT1G44830, AT1G80840, AT2G38470, AT5G06860, AT5G64900	ERF014, WRKY40, WRKY33, PGIP1, PROPEP1
p:pathogen attack	phrase	pathogen attack	5	409	96	21633	2.7548135696821516	0.03561967726565238	0.8053861615029706	-1.4483100198076788	-0.09399583690207924	True		False		pathogen attack		AT1G73080, AT2G18980, AT5G14130, AT5G39580, AT5G64100	PEPR1, PER16, PER55, PER62, PER69
w:total	word	total	5	409	96	21633	2.7548135696821516	0.03561967726565238	0.8053861615029706	-1.4483100198076788	-0.09399583690207924	True		False		total		AT1G79700, AT2G18980, AT3G25710, AT5G39580, AT5G64100	WRI4, PER16, BHLH32, PER62, PER69
p:pyrimidine nucleobase	phrase	pyrimidine nucleobase	2	409	16	21633	6.611552567237164	0.03592441625862452	0.8111027162207362	-1.444610280054361	-0.09092414423132089	True		False		pyrimidine nucleobase		AT4G20320, AT4G25280	CTPS4, UMK2
p:glycosyl compound	phrase	glycosyl compound	8	409	199	21633	2.1263284638350677	0.03599510499520646	0.8115260035282916	-1.4437565552914307	-0.09069755962343917	True		False		glycosyl compound		AT1G10550, AT1G60260, AT1G61820, AT4G25810, AT4G30280, AT4G30290, AT5G57560, AT5G66460	XTH33, BGLU5, BGLU46, XTR6, XTH18, XTH19, TCH4, MAN7
p:lateral organ	phrase	lateral organ	4	409	66	21633	3.2056012447210493	0.03626707247323435	0.814133247588813	-1.4404874998381891	-0.08930450916895305	True		False		lateral organ		AT1G58340, AT2G42430, AT3G58190, AT3G59900	ZF14, LBD16, LBD29, ARGOS
p:toxic reductant	phrase	toxic reductant	4	409	66	21633	3.2056012447210493	0.03626707247323435	0.814133247588813	-1.4404874998381891	-0.08930450916895305	True		False		toxic reductant		AT2G18980, AT5G14130, AT5G39580, AT5G64100	PER16, PER55, PER62, PER69
w:atperox	word	atperox	4	409	66	21633	3.2056012447210493	0.03626707247323435	0.814133247588813	-1.4404874998381891	-0.08930450916895305	True		False		atperox		AT2G18980, AT5G14130, AT5G39580, AT5G64100	PER16, PER55, PER62, PER69
w:dwarfism	word	dwarfism	3	409	39	21633	4.068647733684409	0.037122647261528856	0.8309516344041932	-1.4303610612764455	-0.08042425361980854	True		False		dwarfism		AT1G17060, AT1G74660, AT5G03730	CYP72C1, MIF1, CTR1
w:shortening	word	shortening	3	409	39	21633	4.068647733684409	0.037122647261528856	0.8309516344041932	-1.4303610612764455	-0.08042425361980854	True		False		shortening		AT3G44260, AT5G03730, AT5G22250	CAF1a, CTR1, CAF1b
w:shorter	word	shorter	13	409	393	21633	1.7496220534164504	0.03721600663366235	0.8318496246700156	-1.4292702295397073	-0.07995517500559046	True		False		shorter		AT1G08430, AT1G17060, AT2G38470, AT2G44830, AT3G28180, AT3G62720, AT4G14560, AT4G16515, AT4G27280, AT4G31590, AT4G37290, AT4G39400, AT5G54510	ALMT1, CYP72C1, WRKY33, PAX, CSLC04, XT1, IAA1, RGF6, KRP1, CSLC5, PIP2, BRI1, DFL1
w:developmental	word	developmental	16	409	516	21633	1.6400750554386765	0.03736506819878599	0.8339883221969029	-1.4275342207320623	-0.07884003046652133	True		False		developmental		AT1G51170, AT1G74660, AT2G18010, AT2G22810, AT2G28350, AT2G34260, AT3G59900, AT4G08950, AT4G11280, AT4G17460, AT4G32460, AT4G37290, AT4G37770, AT4G39400, AT5G37630, AT5G65640	UCN, MIF1, SAUR10, ACS4, ARF10, WDR55, ARGOS, EXO, ACS6, HAT1, BDX, PIP2, ACS8, BRI1, EMB2656, bHLH093
w:fertility	word	fertility	13	409	394	21633	1.7451813883062564	0.037856020965683204	0.8424940905572273	-1.4218650365281251	-0.07443313668497753	True		False		fertility		AT1G17060, AT1G29430, AT1G74660, AT2G25790, AT2G35930, AT3G23050, AT3G27580, AT3G50660, AT4G25420, AT4G39400, AT5G51810, AT5G65640, AT5G67060	CYP72C1, SAUR62, MIF1, SKM1, PUB23, IAA7, ATPK7, DWF4, GA20OX1, BRI1, GA20OX2, bHLH093, HEC1
w:infection	word	infection	10	409	276	21633	1.9163920484745405	0.03789365985435862	0.8424940905572273	-1.4214334475676167	-0.07443313668497753	True		False		infection		AT1G55500, AT1G60010, AT2G38470, AT2G40140, AT3G04570, AT3G23250, AT4G32460, AT4G37240, AT5G06860, AT5G12340	ECT4, AtPADRE7, WRKY33, CZF1, AHL19, MYB15, BDX, AP22.53, PGIP1, AtPADRE20
w:action	word	action	4	409	67	21633	3.1577564500237196	0.03801576637499012	0.8424940905572273	-1.4200362499733765	-0.07443313668497753	True		False		action		AT1G23080, AT1G73590, AT2G25790, AT4G30290	PIN7, PIN1, SKM1, XTH19
w:recruiting	word	recruiting	4	409	67	21633	3.1577564500237196	0.03801576637499012	0.8424940905572273	-1.4200362499733765	-0.07443313668497753	True		False		recruiting		AT3G02170, AT4G00770, AT5G03670, AT5G15580	LNG2, TRM9, TRM28, LNG1
w:secreted	word	secreted	4	409	67	21633	3.1577564500237196	0.03801576637499012	0.8424940905572273	-1.4200362499733765	-0.07443313668497753	True		False		secreted		AT3G10930, AT4G16515, AT4G37290, AT4G37295	IDL7, RGF6, PIP2, PIPL3
w:dark	word	dark	12	409	355	21633	1.7879128069148387	0.03852379619491889	0.8524425368810187	-1.4142709233836466	-0.06933488712327263	True		False		dark		AT1G17060, AT1G19220, AT1G74660, AT3G10870, AT3G23050, AT3G50660, AT4G25420, AT4G26080, AT4G39400, AT5G03730, AT5G48150, AT5G65640	CYP72C1, ARF19, MIF1, MES17, IAA7, DWF4, GA20OX1, ABI1, BRI1, CTR1, PAT1, bHLH093
w:showed	word	showed	10	409	277	21633	1.9094736656280618	0.038682131715886296	0.8524425368810187	-1.4124896005937826	-0.06933488712327263	True		False		showed		AT1G11000, AT1G35140, AT2G18980, AT2G38470, AT3G25710, AT3G62720, AT4G26080, AT5G06860, AT5G64100, AT5G67060	MLO4, PHI-1, PER16, WRKY33, BHLH32, XT1, ABI1, PGIP1, PER69, HEC1
w:homodimerization	word	homodimerization	9	409	239	21633	1.9917647901300244	0.038682908259641734	0.8524425368810187	-1.412480882220004	-0.06933488712327263	True		False		homodimerization		AT1G23080, AT1G70940, AT1G73590, AT1G74660, AT2G01420, AT3G28180, AT4G31590, AT4G39400, AT5G65310	PIN7, PIN3, PIN1, MIF1, PIN4, CSLC04, CSLC5, BRI1, HB5
w:hydrolyzing	word	hydrolyzing	9	409	239	21633	1.9917647901300244	0.038682908259641734	0.8524425368810187	-1.412480882220004	-0.06933488712327263	True		False		hydrolyzing		AT1G10550, AT1G60260, AT1G61820, AT4G24160, AT4G25810, AT4G30280, AT4G30290, AT5G57560, AT5G66460	XTH33, BGLU5, BGLU46, AT4G24160, XTR6, XTH18, XTH19, TCH4, MAN7
w:promoting	word	promoting	11	409	316	21633	1.8411918541673113	0.03884688338263653	0.8548502900990325	-1.4106438181505152	-0.06810993658979259	True		False		promoting		AT1G73590, AT1G74660, AT1G78100, AT2G18010, AT2G25790, AT3G02170, AT4G34760, AT4G36110, AT4G38860, AT5G15580, AT5G61900	PIN1, MIF1, AUF1, SAUR10, SKM1, LNG2, SAUR50, SAUR9, SAUR16, LNG1, BON1
w:phosphatase	word	phosphatase	15	409	478	21633	1.6598039917750202	0.03934331616421803	0.8645569222921841	-1.4051290371181584	-0.06320640756812645	True		False		phosphatase		AT1G22280, AT1G29440, AT1G53840, AT2G18010, AT2G30020, AT3G17090, AT4G12720, AT4G26080, AT4G34760, AT4G36110, AT4G38860, AT5G02760, AT5G04190, AT5G24270, AT5G66080	PAPP2C, SAUR63, PME1, SAUR10, AP2C1, PP2C42, NUDT7, ABI1, SAUR50, SAUR9, SAUR16, PP2C67, PKS4, SOS3, PP2C79
w:work	word	work	3	409	40	21633	3.9669315403422982	0.039587361217434	0.8675362462574251	-1.4024434461361857	-0.06171237103767835	True		False		work		AT3G28180, AT4G12110, AT4G31590	CSLC04, SMO1-1, CSLC5
k:Glycoprotein	keyword	Glycoprotein	49	409	2012	21633	1.2881354902370616	0.03969427821200347	0.8675362462574251	-1.4012720907190657	-0.06171237103767835	True		False		Glycoprotein		AT1G10550, AT1G11050, AT1G13250, AT1G25320, AT1G30570, AT1G30700, AT1G30720, AT1G30760, AT1G34110, AT1G53840, AT1G60260, AT1G61820, AT1G68400, AT1G73080, AT1G73590, AT1G75640, AT1G80240, AT1G80290, AT2G21050, AT2G25790, AT2G41820, AT2G48010, AT3G10720, AT3G11210, AT3G13380, AT3G24240, AT3G28340, AT3G43270, AT3G45960, AT3G59080, AT3G62720, AT3G63440, AT4G13195, AT4G20830, AT4G25810, AT4G28490, AT4G30280, AT4G30290, AT4G31590, AT4G32460, AT4G39400, AT5G06860, AT5G12940, AT5G14130, AT5G37540, AT5G39580, AT5G57560, AT5G64100, AT5G64260	XTH33, AT1G11050, GATL3, SENRK1, HERK2, AtBBE8, AtBBE10, AtBBE-like 13, RGI5, PME1, BGLU5, BGLU46, AT1G68400, PEPR1, PIN1, MUS, DGR1, AT1G80290, LAX2, SKM1, PXC3, RKF3, PME25, CPRD49, BRL3, RGI1, GATL10, PME32, EXLA3, AT3G59080, XT1, CKX6, CLE44, AtBBE19, XTR6, HAE, XTH18, XTH19, CSLC5, BDX, BRI1, PGIP1, AT5G12940, PER55, MPA22.8, PER62, TCH4, PER69, EXL2
p:auxin catabolism	phrase	auxin catabolism	4	409	68	21633	3.11131885517043	0.03981205123954006	0.8675362462574251	-1.399985445649676	-0.06171237103767835	True		False		auxin catabolism		AT2G18980, AT5G14130, AT5G39580, AT5G64100	PER16, PER55, PER62, PER69
w:lactoperoxidase	word	lactoperoxidase	4	409	68	21633	3.11131885517043	0.03981205123954006	0.8675362462574251	-1.399985445649676	-0.06171237103767835	True		False		lactoperoxidase		AT2G18980, AT5G14130, AT5G39580, AT5G64100	PER16, PER55, PER62, PER69
w:suberization	word	suberization	4	409	68	21633	3.11131885517043	0.03981205123954006	0.8675362462574251	-1.399985445649676	-0.06171237103767835	True		False		suberization		AT2G18980, AT5G14130, AT5G39580, AT5G64100	PER16, PER55, PER62, PER69
w:survival	word	survival	4	409	68	21633	3.11131885517043	0.03981205123954006	0.8675362462574251	-1.399985445649676	-0.06171237103767835	True		False		survival		AT1G04310, AT1G35140, AT4G26080, AT5G45340	ERS2, PHI-1, ABI1, CYP707A3
p:axillary shoot	phrase	axillary shoot	2	409	17	21633	6.22263771034086	0.04021492883723857	0.87024660409005	-1.3956126954712478	-0.06035766276108845	True		False		axillary shoot		AT3G27580, AT4G13195	ATPK7, CLE44
w:escape	word	escape	2	409	17	21633	6.22263771034086	0.04021492883723857	0.87024660409005	-1.3956126954712478	-0.06035766276108845	True		False		escape		AT1G73590, AT4G37590	PIN1, NPY5
w:lactone	word	lactone	2	409	17	21633	6.22263771034086	0.04021492883723857	0.87024660409005	-1.3956126954712478	-0.06035766276108845	True		False		lactone		AT1G80240, AT2G46740	DGR1, GulLO5
w:restrictive	word	restrictive	2	409	17	21633	6.22263771034086	0.04021492883723857	0.87024660409005	-1.3956126954712478	-0.06035766276108845	True		False		restrictive		AT2G23150, AT5G61900	NRAMP3, BON1
w:syndrome	word	syndrome	2	409	17	21633	6.22263771034086	0.04021492883723857	0.87024660409005	-1.3956126954712478	-0.06035766276108845	True		False		syndrome		AT1G18400, AT4G36540	BEE1, BEE2
w:homeodomain	word	homeodomain	8	409	204	21633	2.07421257011362	0.04069871118363484	0.8794974599351463	-1.3904193434700618	-0.055765410484794664	True		False		homeodomain		AT1G74660, AT4G12110, AT4G17460, AT4G37790, AT5G01840, AT5G47370, AT5G53980, AT5G65310	MIF1, SMO1-1, HAT1, HAT22, OFP1, HAT2, HB52, HB5
w:direct	word	direct	8	409	205	21633	2.064094460015505	0.04168619760063903	0.8995927504314702	-1.3800077171637597	-0.04595405308110845	True		False		direct		AT1G19220, AT1G73590, AT2G22810, AT2G34140, AT3G27580, AT3G50060, AT4G11280, AT4G37770	ARF19, PIN1, ACS4, CDF4, ATPK7, MYB77, ACS6, ACS8
k:FMN	keyword	FMN	3	409	41	21633	3.870177112529072	0.04213301536869461	0.9017619618088833	-1.375377458245031	-0.04490808808568891	True		False		FMN		AT3G49640, AT5G54500, AT5G64250	AT3G49640, FQR1, MSJ1.9
k:Steroid biosynthesis	keyword	Steroid biosynthesis	3	409	41	21633	3.870177112529072	0.04213301536869461	0.9017619618088833	-1.375377458245031	-0.04490808808568891	True		False		Steroid biosynthesis		AT2G45400, AT3G50660, AT4G12110	BEN1, DWF4, SMO1-1
w:alkaline	word	alkaline	3	409	41	21633	3.870177112529072	0.04213301536869461	0.9017619618088833	-1.375377458245031	-0.04490808808568891	True		False		alkaline		AT1G23080, AT1G70940, AT2G23150	PIN7, PIN3, NRAMP3
w:emergence	word	emergence	3	409	41	21633	3.870177112529072	0.04213301536869461	0.9017619618088833	-1.375377458245031	-0.04490808808568891	True		False		emergence		AT1G55500, AT2G42430, AT2G45420	ECT4, LBD16, LBD18
w:stimuli	word	stimuli	3	409	41	21633	3.870177112529072	0.04213301536869461	0.9017619618088833	-1.375377458245031	-0.04490808808568891	True		False		stimuli		AT1G11000, AT4G26080, AT5G57560	MLO4, ABI1, TCH4
w:tandem	word	tandem	3	409	41	21633	3.870177112529072	0.04213301536869461	0.9017619618088833	-1.375377458245031	-0.04490808808568891	True		False		tandem		AT2G40140, AT4G22470, AT5G44260	CZF1, DHYPRP1, TZF5
w:meristem	word	meristem	19	409	654	21633	1.5366299544649067	0.04342280560561639	0.9280956426568417	-1.3622821196270245	-0.0324072663050865	True		False		meristem		AT1G04240, AT1G19220, AT1G23080, AT1G34110, AT1G73590, AT1G74660, AT2G01420, AT2G19620, AT3G24240, AT3G60630, AT3G62100, AT4G12110, AT4G13195, AT4G16515, AT4G17460, AT4G27280, AT5G09970, AT5G19530, AT5G50570	SHY2, ARF19, PIN7, RGI5, PIN1, MIF1, PIN4, NDL3, RGI1, HAM2, IAA30, SMO1-1, CLE44, RGF6, HAT1, KRP1, CYP78A7, ACL5, SPL13A
w:restore	word	restore	4	409	70	21633	3.0224240307369894	0.04354745649054389	0.9294883336178388	-1.3610372060841107	-0.03175605686270444	True		False		restore		AT4G02220, AT4G39400, AT5G19530, AT5G24270	PDCD2, BRI1, ACL5, SOS3
w:branching	word	branching	7	409	171	21633	2.165186805644919	0.04433059745874504	0.938675126300995	-1.353296415524766	-0.027484690234013787	True		False		branching		AT1G23080, AT1G70940, AT2G01420, AT2G19620, AT2G22810, AT4G11280, AT4G37770	PIN7, PIN3, PIN4, NDL3, ACS4, ACS6, ACS8
p:apical dominance	phrase	apical dominance	5	409	102	21633	2.592765712642025	0.044368846767305806	0.938675126300995	-1.3529218592957128	-0.027484690234013787	True		False		apical dominance		AT1G17060, AT1G19220, AT1G74660, AT4G39400, AT5G03730	CYP72C1, ARF19, MIF1, BRI1, CTR1
p:bacterial pathogen	phrase	bacterial pathogen	5	409	102	21633	2.592765712642025	0.044368846767305806	0.938675126300995	-1.3529218592957128	-0.027484690234013787	True		False		bacterial pathogen		AT1G80840, AT2G23150, AT2G35930, AT2G38470, AT4G26080	WRKY40, NRAMP3, PUB23, WRKY33, ABI1
w:greenhouse	word	greenhouse	2	409	18	21633	5.876935615321924	0.044687764878125584	0.938675126300995	-1.3498113666502591	-0.027484690234013787	True		False		greenhouse		AT2G23150, AT5G24270	NRAMP3, SOS3
w:overly	word	overly	2	409	18	21633	5.876935615321924	0.044687764878125584	0.938675126300995	-1.3498113666502591	-0.027484690234013787	True		False		overly		AT5G24270, AT5G66080	SOS3, PP2C79
w:sbp	word	sbp	2	409	18	21633	5.876935615321924	0.044687764878125584	0.938675126300995	-1.3498113666502591	-0.027484690234013787	True		False		sbp		AT3G12920, AT5G50570	BRG3, SPL13A
w:catabolism	word	catabolism	6	409	136	21633	2.3334891413778225	0.04475557871481006	0.938675126300995	-1.349152822827346	-0.027484690234013787	True		False		catabolism		AT1G02400, AT2G18980, AT5G14130, AT5G39580, AT5G45340, AT5G64100	GA2OX6, PER16, PER55, PER62, CYP707A3, PER69
p:somatic embryogenesis	phrase	somatic embryogenesis	3	409	42	21633	3.778030038421236	0.044758894591285264	0.938675126300995	-1.349120647765519	-0.027484690234013787	True		False		somatic embryogenesis		AT1G73590, AT2G21050, AT3G62100	PIN1, LAX2, IAA30
w:disordered	word	disordered	3	409	42	21633	3.778030038421236	0.044758894591285264	0.938675126300995	-1.349120647765519	-0.027484690234013787	True		False		disordered		AT1G60010, AT4G37240, AT5G12340	AtPADRE7, AP22.53, AtPADRE20
w:mol	word	mol	3	409	42	21633	3.778030038421236	0.044758894591285264	0.938675126300995	-1.349120647765519	-0.027484690234013787	True		False		mol		AT1G20190, AT2G39700, AT3G45960	EXPA11, EXPA4, EXLA3
w:pme	word	pme	3	409	42	21633	3.778030038421236	0.044758894591285264	0.938675126300995	-1.349120647765519	-0.027484690234013787	True		False		pme		AT3G10720, AT3G43270, AT4G32460	PME25, PME32, BDX
w:substituted	word	substituted	3	409	42	21633	3.778030038421236	0.044758894591285264	0.938675126300995	-1.349120647765519	-0.027484690234013787	True		False		substituted		AT3G28180, AT3G63440, AT4G31590	CSLC04, CKX6, CSLC5
w:supplemented	word	supplemented	3	409	42	21633	3.778030038421236	0.044758894591285264	0.938675126300995	-1.349120647765519	-0.027484690234013787	True		False		supplemented		AT1G04310, AT2G40940, AT5G24270	ERS2, ERS1, SOS3
p:zinc finger	phrase	zinc finger	19	409	657	21633	1.5296133793303635	0.045088914098193045	0.9443286781101455	-1.3459302239269961	-0.024876821119866666	True		False		zinc finger		AT1G27730, AT1G28400, AT1G34370, AT1G65920, AT1G67340, AT1G74660, AT2G34140, AT2G40140, AT3G06410, AT3G60530, AT3G61460, AT4G02220, AT4G12040, AT4G22820, AT4G37890, AT5G04340, AT5G26930, AT5G44260, AT5G59820	STZ, AT1G28400, STOP1, PRAF1, AT1G67340, MIF1, CDF4, CZF1, AtC3H34, GATA4, BRH1, PDCD2, SAP7, SAP9, EDA40, ZAT6, GATA23, TZF5, RHL41
w:differentiation	word	differentiation	14	409	446	21633	1.6603001962568662	0.045354824411448856	0.9486262069671711	-1.343376510062932	-0.022904881598532878	True		False		differentiation		AT1G78100, AT2G28350, AT2G34140, AT2G44830, AT2G45420, AT3G13380, AT3G60630, AT4G13195, AT4G16515, AT4G30080, AT4G39400, AT5G19530, AT5G54510, AT5G65640	AUF1, ARF10, CDF4, PAX, LBD18, BRL3, HAM2, CLE44, RGF6, ARF16, BRI1, ACL5, DFL1, bHLH093
w:effector	word	effector	8	409	209	21633	2.0245902598238206	0.045794675013434864	0.9565454577672544	-1.3391850186496472	-0.01929438623431068	True		False		effector		AT3G03830, AT3G03840, AT3G23050, AT3G23250, AT4G34760, AT4G38850, AT5G04870, AT5G18060	SAUR28, SAUR27, IAA7, MYB15, SAUR50, SAUR15, CPK1, SAUR23
w:inhibited	word	inhibited	6	409	137	21633	2.31645637392251	0.046094509369438	0.9615228496503332	-1.3363508032994977	-0.017040390719166076	True		False		inhibited		AT1G08430, AT1G17060, AT2G38470, AT2G42430, AT4G17615, AT4G26080	ALMT1, CYP72C1, WRKY33, LBD16, CBL1, ABI1
w:aluminum	word	aluminum	3	409	43	21633	3.6901688747370214	0.047464221528301244	0.9850204416722853	-1.323633637696595	-0.006554756696950381	True		False		aluminum		AT1G08430, AT1G34370, AT2G37330	ALMT1, STOP1, ALS3
w:oxide	word	oxide	3	409	43	21633	3.6901688747370214	0.047464221528301244	0.9850204416722853	-1.323633637696595	-0.006554756696950381	True		False		oxide		AT1G66400, AT3G25780, AT5G37770	CML23, AOC3, TCH2
w:working	word	working	3	409	43	21633	3.6901688747370214	0.047464221528301244	0.9850204416722853	-1.323633637696595	-0.006554756696950381	True		False		working		AT1G20190, AT2G39700, AT3G45960	EXPA11, EXPA4, EXLA3
p:dark grown	phrase	dark grown	4	409	72	21633	2.938467807660962	0.047473143406248766	0.9850204416722853	-1.323552010776048	-0.006554756696950381	True		False		dark grown		AT1G19220, AT3G23050, AT3G50660, AT4G39400	ARF19, IAA7, DWF4, BRI1
k:Homeobox	keyword	Homeobox	5	409	104	21633	2.5429048335527553	0.04754649536443021	0.9852340100449047	-1.3228814892414427	-0.006460604831418415	True		False		Homeobox		AT4G17460, AT4G37790, AT5G47370, AT5G53980, AT5G65310	HAT1, HAT22, HAT2, HB52, HB5
p:completely unfused	phrase	completely unfused	1	409	2	21633	26.446210268948654	0.037456010390656165	1.0	-1.4264784831699837	0.0	False		False		completely unfused		AT5G67060	HEC1
p:cyclopropane fatty	phrase	cyclopropane fatty	1	409	2	21633	26.446210268948654	0.037456010390656165	1.0	-1.4264784831699837	0.0	False		False		cyclopropane fatty		AT3G23470	AT3G23470
p:rapidly dividing	phrase	rapidly dividing	1	409	2	21633	26.446210268948654	0.037456010390656165	1.0	-1.4264784831699837	0.0	False		False		rapidly dividing		AT4G08950	EXO
w:accompany	word	accompany	1	409	2	21633	26.446210268948654	0.037456010390656165	1.0	-1.4264784831699837	0.0	False		False		accompany		AT1G73590	PIN1
w:alkan	word	alkan	1	409	2	21633	26.446210268948654	0.037456010390656165	1.0	-1.4264784831699837	0.0	False		False		alkan		AT1G30760	AtBBE-like 13
w:altogether	word	altogether	1	409	2	21633	26.446210268948654	0.037456010390656165	1.0	-1.4264784831699837	0.0	False		False		altogether		AT5G19530	ACL5
w:amongst	word	amongst	1	409	2	21633	26.446210268948654	0.037456010390656165	1.0	-1.4264784831699837	0.0	False		False		amongst		AT4G39400	BRI1
w:anthacyanin	word	anthacyanin	1	409	2	21633	26.446210268948654	0.037456010390656165	1.0	-1.4264784831699837	0.0	False		False		anthacyanin		AT4G13195	CLE44
w:ats	word	ats	1	409	2	21633	26.446210268948654	0.037456010390656165	1.0	-1.4264784831699837	0.0	False		False		ats		AT1G51170	UCN
w:banquo	word	banquo	1	409	2	21633	26.446210268948654	0.037456010390656165	1.0	-1.4264784831699837	0.0	False		False		banquo		AT5G15160	BNQ2
w:bbe	word	bbe	1	409	2	21633	26.446210268948654	0.037456010390656165	1.0	-1.4264784831699837	0.0	False		False		bbe		AT1G30760	AtBBE-like 13
w:biidxi	word	biidxi	1	409	2	21633	26.446210268948654	0.037456010390656165	1.0	-1.4264784831699837	0.0	False		False		biidxi		AT4G32460	BDX
w:brgs	word	brgs	1	409	2	21633	26.446210268948654	0.037456010390656165	1.0	-1.4264784831699837	0.0	False		False		brgs		AT3G12920	BRG3
w:bringing	word	bringing	1	409	2	21633	26.446210268948654	0.037456010390656165	1.0	-1.4264784831699837	0.0	False		False		bringing		AT5G13190	GILP
w:caatnattg	word	caatnattg	1	409	2	21633	26.446210268948654	0.037456010390656165	1.0	-1.4264784831699837	0.0	False		False		caatnattg		AT5G65310	HB5
w:calcareous	word	calcareous	1	409	2	21633	26.446210268948654	0.037456010390656165	1.0	-1.4264784831699837	0.0	False		False		calcareous		AT2G23150	NRAMP3
w:carboxymethylated	word	carboxymethylated	1	409	2	21633	26.446210268948654	0.037456010390656165	1.0	-1.4264784831699837	0.0	False		False		carboxymethylated		AT1G53840	PME1
w:cellopentaose	word	cellopentaose	1	409	2	21633	26.446210268948654	0.037456010390656165	1.0	-1.4264784831699837	0.0	False		False		cellopentaose		AT3G62720	XT1
w:cml	word	cml	1	409	2	21633	26.446210268948654	0.037456010390656165	1.0	-1.4264784831699837	0.0	False		False		cml		AT2G43290	MSS3
w:cmpk	word	cmpk	1	409	2	21633	26.446210268948654	0.037456010390656165	1.0	-1.4264784831699837	0.0	False		False		cmpk		AT4G25280	UMK2
w:coinflorescence	word	coinflorescence	1	409	2	21633	26.446210268948654	0.037456010390656165	1.0	-1.4264784831699837	0.0	False		False		coinflorescence		AT4G39400	BRI1
w:collection	word	collection	1	409	2	21633	26.446210268948654	0.037456010390656165	1.0	-1.4264784831699837	0.0	False		False		collection		AT5G59820	RHL41
w:cyclopentenone	word	cyclopentenone	1	409	2	21633	26.446210268948654	0.037456010390656165	1.0	-1.4264784831699837	0.0	False		False		cyclopentenone		AT4G32280	IAA29
w:cyclopropylsterol	word	cyclopropylsterol	1	409	2	21633	26.446210268948654	0.037456010390656165	1.0	-1.4264784831699837	0.0	False		False		cyclopropylsterol		AT4G12110	SMO1-1
w:deubiquitylating	word	deubiquitylating	1	409	2	21633	26.446210268948654	0.037456010390656165	1.0	-1.4264784831699837	0.0	False		False		deubiquitylating		AT3G02070	OTU12
w:diffused	word	diffused	1	409	2	21633	26.446210268948654	0.037456010390656165	1.0	-1.4264784831699837	0.0	False		False		diffused		AT3G23050	IAA7
w:dimethylate	word	dimethylate	1	409	2	21633	26.446210268948654	0.037456010390656165	1.0	-1.4264784831699837	0.0	False		False		dimethylate		AT3G02320	AtTRM1a
w:dimethylsterol	word	dimethylsterol	1	409	2	21633	26.446210268948654	0.037456010390656165	1.0	-1.4264784831699837	0.0	False		False		dimethylsterol		AT4G12110	SMO1-1
w:discoid	word	discoid	1	409	2	21633	26.446210268948654	0.037456010390656165	1.0	-1.4264784831699837	0.0	False		False		discoid		AT1G73590	PIN1
w:dodeca	word	dodeca	1	409	2	21633	26.446210268948654	0.037456010390656165	1.0	-1.4264784831699837	0.0	False		False		dodeca		AT4G13195	CLE44
w:drnase	word	drnase	1	409	2	21633	26.446210268948654	0.037456010390656165	1.0	-1.4264784831699837	0.0	False		False		drnase		AT3G02320	AtTRM1a
w:ecr	word	ecr	1	409	2	21633	26.446210268948654	0.037456010390656165	1.0	-1.4264784831699837	0.0	False		False		ecr		AT1G79700	WRI4
w:efe	word	efe	1	409	2	21633	26.446210268948654	0.037456010390656165	1.0	-1.4264784831699837	0.0	False		False		efe		AT1G05010	EFE
w:eth	word	eth	1	409	2	21633	26.446210268948654	0.037456010390656165	1.0	-1.4264784831699837	0.0	False		False		eth		AT5G01180	PTR5
w:exacerbation	word	exacerbation	1	409	2	21633	26.446210268948654	0.037456010390656165	1.0	-1.4264784831699837	0.0	False		False		exacerbation		AT4G39400	BRI1
w:extragenic	word	extragenic	1	409	2	21633	26.446210268948654	0.037456010390656165	1.0	-1.4264784831699837	0.0	False		False		extragenic		AT1G52830	IAA6
w:ffl	word	ffl	1	409	2	21633	26.446210268948654	0.037456010390656165	1.0	-1.4264784831699837	0.0	False		False		ffl		AT2G43060	IBH1
w:finale	word	finale	1	409	2	21633	26.446210268948654	0.037456010390656165	1.0	-1.4264784831699837	0.0	False		False		finale		AT5G24270	SOS3
w:formulation	word	formulation	1	409	2	21633	26.446210268948654	0.037456010390656165	1.0	-1.4264784831699837	0.0	False		False		formulation		AT5G24270	SOS3
w:gall	word	gall	1	409	2	21633	26.446210268948654	0.037456010390656165	1.0	-1.4264784831699837	0.0	False		False		gall		AT1G80240	DGR1
w:hercule	word	hercule	1	409	2	21633	26.446210268948654	0.037456010390656165	1.0	-1.4264784831699837	0.0	False		False		hercule		AT1G30570	HERK2
w:incoherent	word	incoherent	1	409	2	21633	26.446210268948654	0.037456010390656165	1.0	-1.4264784831699837	0.0	False		False		incoherent		AT2G43060	IBH1
w:incubated	word	incubated	1	409	2	21633	26.446210268948654	0.037456010390656165	1.0	-1.4264784831699837	0.0	False		False		incubated		AT2G47260	WRKY23
w:inlforescence	word	inlforescence	1	409	2	21633	26.446210268948654	0.037456010390656165	1.0	-1.4264784831699837	0.0	False		False		inlforescence		AT4G39400	BRI1
w:lax	word	lax	1	409	2	21633	26.446210268948654	0.037456010390656165	1.0	-1.4264784831699837	0.0	False		False		lax		AT2G21050	LAX2
w:lbd	word	lbd	1	409	2	21633	26.446210268948654	0.037456010390656165	1.0	-1.4264784831699837	0.0	False		False		lbd		AT4G37295	PIPL3
w:liginification	word	liginification	1	409	2	21633	26.446210268948654	0.037456010390656165	1.0	-1.4264784831699837	0.0	False		False		liginification		AT5G19530	ACL5
w:macronutrient	word	macronutrient	1	409	2	21633	26.446210268948654	0.037456010390656165	1.0	-1.4264784831699837	0.0	False		False		macronutrient		AT5G24270	SOS3
w:massugu	word	massugu	1	409	2	21633	26.446210268948654	0.037456010390656165	1.0	-1.4264784831699837	0.0	False		False		massugu		AT3G15540	IAA19
w:mcr	word	mcr	1	409	2	21633	26.446210268948654	0.037456010390656165	1.0	-1.4264784831699837	0.0	False		False		mcr		AT3G60260	ELMOD_A
w:mgcl	word	mgcl	1	409	2	21633	26.446210268948654	0.037456010390656165	1.0	-1.4264784831699837	0.0	False		False		mgcl		AT5G37770	TCH2
w:miniature	word	miniature	1	409	2	21633	26.446210268948654	0.037456010390656165	1.0	-1.4264784831699837	0.0	False		False		miniature		AT5G61900	BON1
w:minimum	word	minimum	1	409	2	21633	26.446210268948654	0.037456010390656165	1.0	-1.4264784831699837	0.0	False		False		minimum		AT3G62720	XT1
w:monochromatic	word	monochromatic	1	409	2	21633	26.446210268948654	0.037456010390656165	1.0	-1.4264784831699837	0.0	False		False		monochromatic		AT1G17060	CYP72C1
w:mooptero	word	mooptero	1	409	2	21633	26.446210268948654	0.037456010390656165	1.0	-1.4264784831699837	0.0	False		False		mooptero		AT3G25710	BHLH32
w:mpks	word	mpks	1	409	2	21633	26.446210268948654	0.037456010390656165	1.0	-1.4264784831699837	0.0	False		False		mpks		AT2G26530	AR781
w:mustach	word	mustach	1	409	2	21633	26.446210268948654	0.037456010390656165	1.0	-1.4264784831699837	0.0	False		False		mustach		AT1G75640	MUS
w:mutt	word	mutt	1	409	2	21633	26.446210268948654	0.037456010390656165	1.0	-1.4264784831699837	0.0	False		False		mutt		AT4G12720	NUDT7
w:myristolation	word	myristolation	1	409	2	21633	26.446210268948654	0.037456010390656165	1.0	-1.4264784831699837	0.0	False		False		myristolation		AT4G17615	CBL1
w:nexus	word	nexus	1	409	2	21633	26.446210268948654	0.037456010390656165	1.0	-1.4264784831699837	0.0	False		False		nexus		AT1G21980	PIP5K1
w:nitrosothiol	word	nitrosothiol	1	409	2	21633	26.446210268948654	0.037456010390656165	1.0	-1.4264784831699837	0.0	False		False		nitrosothiol		AT5G59820	RHL41
w:non‑dna	word	non-dna	1	409	2	21633	26.446210268948654	0.037456010390656165	1.0	-1.4264784831699837	0.0	False		False		non-dna		AT5G15160	BNQ2
w:non‑flowering	word	non-flowering	1	409	2	21633	26.446210268948654	0.037456010390656165	1.0	-1.4264784831699837	0.0	False		False		non-flowering		AT5G65640	bHLH093
w:non‑salt	word	non-salt	1	409	2	21633	26.446210268948654	0.037456010390656165	1.0	-1.4264784831699837	0.0	False		False		non-salt		AT5G66080	PP2C79
w:npb	word	npb	1	409	2	21633	26.446210268948654	0.037456010390656165	1.0	-1.4264784831699837	0.0	False		False		npb		AT3G23050	IAA7
w:oat	word	oat	1	409	2	21633	26.446210268948654	0.037456010390656165	1.0	-1.4264784831699837	0.0	False		False		oat		AT1G04240	SHY2
w:occupation	word	occupation	1	409	2	21633	26.446210268948654	0.037456010390656165	1.0	-1.4264784831699837	0.0	False		False		occupation		AT1G21980	PIP5K1
w:onion	word	onion	1	409	2	21633	26.446210268948654	0.037456010390656165	1.0	-1.4264784831699837	0.0	False		False		onion		AT3G58120	BZIP61
w:optimized	word	optimized	1	409	2	21633	26.446210268948654	0.037456010390656165	1.0	-1.4264784831699837	0.0	False		False		optimized		AT1G73590	PIN1
w:particulated	word	particulated	1	409	2	21633	26.446210268948654	0.037456010390656165	1.0	-1.4264784831699837	0.0	False		False		particulated		AT3G23050	IAA7
w:pgip	word	pgip	1	409	2	21633	26.446210268948654	0.037456010390656165	1.0	-1.4264784831699837	0.0	False		False		pgip		AT5G06860	PGIP1
w:photomorphogenetic	word	photomorphogenetic	1	409	2	21633	26.446210268948654	0.037456010390656165	1.0	-1.4264784831699837	0.0	False		False		photomorphogenetic		AT1G52830	IAA6
w:pos	word	pos	1	409	2	21633	26.446210268948654	0.037456010390656165	1.0	-1.4264784831699837	0.0	False		False		pos		AT4G26080	ABI1
w:poststress	word	poststress	1	409	2	21633	26.446210268948654	0.037456010390656165	1.0	-1.4264784831699837	0.0	False		False		poststress		AT4G26080	ABI1
w:pro‑ala	word	pro-ala	1	409	2	21633	26.446210268948654	0.037456010390656165	1.0	-1.4264784831699837	0.0	False		False		pro-ala		AT5G01180	PTR5
w:reasonably	word	reasonably	1	409	2	21633	26.446210268948654	0.037456010390656165	1.0	-1.4264784831699837	0.0	False		False		reasonably		AT4G39400	BRI1
w:regained	word	regained	1	409	2	21633	26.446210268948654	0.037456010390656165	1.0	-1.4264784831699837	0.0	False		False		regained		AT2G23150	NRAMP3
w:respone	word	respone	1	409	2	21633	26.446210268948654	0.037456010390656165	1.0	-1.4264784831699837	0.0	False		False		respone		AT2G30020	AP2C1
w:rheostat	word	rheostat	1	409	2	21633	26.446210268948654	0.037456010390656165	1.0	-1.4264784831699837	0.0	False		False		rheostat		AT2G44830	PAX
w:rhizotoxicity	word	rhizotoxicity	1	409	2	21633	26.446210268948654	0.037456010390656165	1.0	-1.4264784831699837	0.0	False		False		rhizotoxicity		AT1G34370	STOP1
w:rsa	word	rsa	1	409	2	21633	26.446210268948654	0.037456010390656165	1.0	-1.4264784831699837	0.0	False		False		rsa		AT2G01420	PIN4
w:sark	word	sark	1	409	2	21633	26.446210268948654	0.037456010390656165	1.0	-1.4264784831699837	0.0	False		False		sark		AT5G02760	PP2C67
w:saturable	word	saturable	1	409	2	21633	26.446210268948654	0.037456010390656165	1.0	-1.4264784831699837	0.0	False		False		saturable		AT1G23080	PIN7
w:softening	word	softening	1	409	2	21633	26.446210268948654	0.037456010390656165	1.0	-1.4264784831699837	0.0	False		False		softening		AT1G53840	PME1
w:sqdg	word	sqdg	1	409	2	21633	26.446210268948654	0.037456010390656165	1.0	-1.4264784831699837	0.0	False		False		sqdg		AT1G02660	PLIP2
w:staphylococcal	word	staphylococcal	1	409	2	21633	26.446210268948654	0.037456010390656165	1.0	-1.4264784831699837	0.0	False		False		staphylococcal		AT3G56170	CAN
w:stiffening	word	stiffening	1	409	2	21633	26.446210268948654	0.037456010390656165	1.0	-1.4264784831699837	0.0	False		False		stiffening		AT1G53840	PME1
w:stressful	word	stressful	1	409	2	21633	26.446210268948654	0.037456010390656165	1.0	-1.4264784831699837	0.0	False		False		stressful		AT5G57560	TCH4
w:syringin	word	syringin	1	409	2	21633	26.446210268948654	0.037456010390656165	1.0	-1.4264784831699837	0.0	False		False		syringin		AT1G61820	BGLU46
w:taraxasterol	word	taraxasterol	1	409	2	21633	26.446210268948654	0.037456010390656165	1.0	-1.4264784831699837	0.0	False		False		taraxasterol		AT1G78970	LUP1
w:thermonuclease	word	thermonuclease	1	409	2	21633	26.446210268948654	0.037456010390656165	1.0	-1.4264784831699837	0.0	False		False		thermonuclease		AT3G56170	CAN
w:tier	word	tier	1	409	2	21633	26.446210268948654	0.037456010390656165	1.0	-1.4264784831699837	0.0	False		False		tier		AT1G70940	PIN3
w:toot	word	toot	1	409	2	21633	26.446210268948654	0.037456010390656165	1.0	-1.4264784831699837	0.0	False		False		toot		AT2G38470	WRKY33
w:treatmnet	word	treatmnet	1	409	2	21633	26.446210268948654	0.037456010390656165	1.0	-1.4264784831699837	0.0	False		False		treatmnet		AT4G17615	CBL1
w:trixylosylated	word	trixylosylated	1	409	2	21633	26.446210268948654	0.037456010390656165	1.0	-1.4264784831699837	0.0	False		False		trixylosylated		AT3G62720	XT1
w:ttgac	word	ttgac	1	409	2	21633	26.446210268948654	0.037456010390656165	1.0	-1.4264784831699837	0.0	False		False		ttgac		AT2G38470	WRKY33
w:view	word	view	1	409	2	21633	26.446210268948654	0.037456010390656165	1.0	-1.4264784831699837	0.0	False		False		view		AT4G28640	IAA11
w:withdrawl	word	withdrawl	1	409	2	21633	26.446210268948654	0.037456010390656165	1.0	-1.4264784831699837	0.0	False		False		withdrawl		AT2G35930	PUB23
w:withholding	word	withholding	1	409	2	21633	26.446210268948654	0.037456010390656165	1.0	-1.4264784831699837	0.0	False		False		withholding		AT5G45340	CYP707A3
w:compound	word	compound	15	409	492	21633	1.6125737968871132	0.04837454132452134	1.0	-1.315383139826753	0.0	True		False		compound		AT1G09940, AT1G10550, AT1G58340, AT1G60260, AT1G61820, AT2G39030, AT3G25710, AT4G15550, AT4G25280, AT4G25810, AT4G30280, AT4G30290, AT5G54500, AT5G57560, AT5G66460	HEMA2, XTH33, ZF14, BGLU5, BGLU46, NATA1, BHLH32, IAGLU, UMK2, XTR6, XTH18, XTH19, FQR1, TCH4, MAN7
p:calcium ion	phrase	calcium ion	11	409	328	21633	1.7738311765758243	0.04846495381196352	1.0	-1.3145721968175017	0.0	True		False		calcium ion		AT1G66400, AT1G76650, AT2G41100, AT2G43290, AT4G17615, AT4G26080, AT4G27280, AT5G04870, AT5G24270, AT5G37770, AT5G54490	CML23, CML38, TCH3, MSS3, CBL1, ABI1, KRP1, CPK1, SOS3, TCH2, PBP1
p:degree celsius	phrase	degree celsius	2	409	19	21633	5.567623214515506	0.04933453338472474	1.0	-1.3068489750809518	0.0	True		False		degree celsius		AT2G25790, AT5G61900	SKM1, BON1
p:tim barrel	phrase	tim barrel	2	409	19	21633	5.567623214515506	0.04933453338472474	1.0	-1.3068489750809518	0.0	True		False		tim barrel		AT3G49640, AT5G64250	AT3G49640, MSJ1.9
w:resembling	word	resembling	2	409	19	21633	5.567623214515506	0.04933453338472474	1.0	-1.3068489750809518	0.0	True		False		resembling		AT1G17060, AT4G39400	CYP72C1, BRI1
w:septum	word	septum	2	409	19	21633	5.567623214515506	0.04933453338472474	1.0	-1.3068489750809518	0.0	True		False		septum		AT4G17460, AT5G67060	HAT1, HEC1
w:vlcfas	word	vlcfas	2	409	19	21633	5.567623214515506	0.04933453338472474	1.0	-1.3068489750809518	0.0	True		False		vlcfas		AT1G05010, AT1G06080	EFE, ADS1
w:gly	word	gly	4	409	73	21633	2.898214823994373	0.049507181818265904	1.0	-1.3053317950502796	0.0	True		False		gly		AT1G59500, AT2G23170, AT4G27260, AT5G54510	GH3.4, GH3.3, WES1, DFL1
w:reductant	word	reductant	4	409	73	21633	2.898214823994373	0.049507181818265904	1.0	-1.3053317950502796	0.0	True		False		reductant		AT2G18980, AT5G14130, AT5G39580, AT5G64100	PER16, PER55, PER62, PER69
w:extracellular	word	extracellular	45	409	1854	21633	1.2837966149975075	0.04978054765015432	1.0	-1.3029403299023603	0.0	True		False		extracellular		AT1G02660, AT1G04310, AT1G05010, AT1G10550, AT1G10740, AT1G13250, AT1G20190, AT1G28400, AT1G35140, AT1G53840, AT1G61820, AT1G80240, AT1G80290, AT2G18980, AT2G32560, AT2G39700, AT2G40090, AT2G46740, AT3G02885, AT3G10720, AT3G11210, AT3G45960, AT3G61160, AT3G63440, AT4G08950, AT4G13195, AT4G13235, AT4G14965, AT4G16515, AT4G20830, AT4G25810, AT4G30280, AT4G30290, AT4G32460, AT4G39400, AT5G06860, AT5G14130, AT5G24270, AT5G39580, AT5G45280, AT5G45340, AT5G54500, AT5G64100, AT5G64260, AT5G66460	PLIP2, ERS2, EFE, XTH33, LDAH1, GATL3, EXPA11, AT1G28400, PHI-1, PME1, BGLU46, DGR1, AT1G80290, PER16, CFH1, EXPA4, ATH9, GulLO5, GASA5, PME25, CPRD49, EXLA3, ASK2, CKX6, EXO, CLE44, EDA21, MAPR4, RGF6, AtBBE19, XTR6, XTH18, XTH19, BDX, BRI1, PGIP1, PER55, SOS3, PER62, PAE11, CYP707A3, FQR1, PER69, EXL2, MAN7
w:induction	word	induction	8	409	213	21633	1.9865697854609319	0.05016018619683168	1.0	-1.2996408600540055	0.0	True		False		induction		AT1G04240, AT1G34370, AT2G43060, AT4G17615, AT4G22470, AT5G37770, AT5G57560, AT5G66080	SHY2, STOP1, IBH1, CBL1, DHYPRP1, TCH2, TCH4, PP2C79
w:longevity	word	longevity	3	409	44	21633	3.60630140031118	0.05024816031076725	1.0	-1.2988798340369847	0.0	True		False		longevity		AT1G44830, AT1G74660, AT5G02760	ERF014, MIF1, PP2C67
w:methylesterase	word	methylesterase	6	409	140	21633	2.266818023052742	0.05025956916084922	1.0	-1.2987812386218303	0.0	True		False		methylesterase		AT1G53840, AT1G57560, AT3G10720, AT3G10870, AT3G43270, AT3G49220	PME1, MYB50, PME25, MES17, PME32, PME34
w:modulation	word	modulation	5	409	106	21633	2.494925497070628	0.05085565872854046	1.0	-1.293660715939897	0.0	True		False		modulation		AT1G11000, AT3G03830, AT3G03840, AT4G38850, AT5G18060	MLO4, SAUR28, SAUR27, SAUR15, SAUR23
k:Hydrogen peroxide	keyword	Hydrogen peroxide	4	409	74	21633	2.85904975880526	0.05158854679988149	1.0	-1.2874467056153807	0.0	True		False		Hydrogen peroxide		AT2G18980, AT5G14130, AT5G39580, AT5G64100	PER16, PER55, PER62, PER69
p:peroxide catabolic	phrase	peroxide catabolic	4	409	74	21633	2.85904975880526	0.05158854679988149	1.0	-1.2874467056153807	0.0	True		False		peroxide catabolic		AT2G18980, AT5G14130, AT5G39580, AT5G64100	PER16, PER55, PER62, PER69
w:dominance	word	dominance	5	409	107	21633	2.471608436350342	0.05255963956332529	1.0	-1.2793476216863966	0.0	True		False		dominance		AT1G17060, AT1G19220, AT1G74660, AT4G39400, AT5G03730	CYP72C1, ARF19, MIF1, BRI1, CTR1
w:elongate	word	elongate	3	409	45	21633	3.526161369193154	0.053109820139819346	1.0	-1.2748251693475026	0.0	True		False		elongate		AT1G73590, AT5G01180, AT5G03730	PIN1, PTR5, CTR1
w:deficiency	word	deficiency	6	409	142	21633	2.2348910086435483	0.05316046814539248	1.0	-1.2744112031983525	0.0	True		False		deficiency		AT1G27730, AT2G23150, AT2G43290, AT4G17615, AT4G28490, AT5G24270	STZ, NRAMP3, MSS3, CBL1, HAE, SOS3
w:produce	word	produce	12	409	374	21633	1.6970830119111435	0.05327797848812223	1.0	-1.2734522618428035	0.0	True		False		produce		AT1G04310, AT1G19220, AT1G73590, AT2G22830, AT2G40940, AT2G45400, AT3G13380, AT3G62100, AT3G62720, AT4G37295, AT4G39400, AT5G19530	ERS2, ARF19, PIN1, SQE2, ERS1, BEN1, BRL3, IAA30, XT1, PIPL3, BRI1, ACL5
w:fertile	word	fertile	4	409	75	21633	2.820929095354523	0.05371710486540704	1.0	-1.2698874020878397	0.0	True		False		fertile		AT1G04310, AT2G40940, AT4G39400, AT5G19530	ERS2, ERS1, BRI1, ACL5
p:rich repeat	phrase	rich repeat	11	409	334	21633	1.7419659458588934	0.05383303467052848	1.0	-1.268951137488477	0.0	True		False		rich repeat		AT1G25320, AT1G68400, AT1G73080, AT1G75640, AT1G77000, AT2G25790, AT2G41820, AT3G24240, AT4G39400, AT5G05160, AT5G12940	SENRK1, AT1G68400, PEPR1, MUS, SKP2B, SKM1, PXC3, RGI1, BRI1, RUL1, AT5G12940
w:pleckstrin	word	pleckstrin	2	409	20	21633	5.289242053789731	0.054147094108405645	1.0	-1.2664248455307718	0.0	True		False		pleckstrin		AT2G30060, AT4G17350	RANBP1B, FL5
w:pulse	word	pulse	2	409	20	21633	5.289242053789731	0.054147094108405645	1.0	-1.2664248455307718	0.0	True		False		pulse		AT2G44830, AT3G27580	PAX, ATPK7
w:greater	word	greater	5	409	108	21633	2.448723173050802	0.05429657214229679	1.0	-1.2652275874770214	0.0	True		False		greater		AT2G35930, AT2G45400, AT3G60630, AT4G14560, AT5G24270	PUB23, BEN1, HAM2, IAA1, SOS3
p:callus inducing	phrase	callus inducing	1	409	3	21633	17.63080684596577	0.05565583895846264	1.0	-1.2544892662903415	0.0	False		False		callus inducing		AT1G19220	ARF19
p:reproductive tract	phrase	reproductive tract	1	409	3	21633	17.63080684596577	0.05565583895846264	1.0	-1.2544892662903415	0.0	False		False		reproductive tract		AT5G67060	HEC1
w:agcviii	word	agcviii	1	409	3	21633	17.63080684596577	0.05565583895846264	1.0	-1.2544892662903415	0.0	False		False		agcviii		AT2G44830	PAX
w:atcbl	word	atcbl	1	409	3	21633	17.63080684596577	0.05565583895846264	1.0	-1.2544892662903415	0.0	False		False		atcbl		AT4G17615	CBL1
w:athmt	word	athmt	1	409	3	21633	17.63080684596577	0.05565583895846264	1.0	-1.2544892662903415	0.0	False		False		athmt		AT3G25900	HMT-1
w:basally	word	basally	1	409	3	21633	17.63080684596577	0.05565583895846264	1.0	-1.2544892662903415	0.0	False		False		basally		AT2G01420	PIN4
w:bonzai	word	bonzai	1	409	3	21633	17.63080684596577	0.05565583895846264	1.0	-1.2544892662903415	0.0	False		False		bonzai		AT5G61900	BON1
w:cellohexaose	word	cellohexaose	1	409	3	21633	17.63080684596577	0.05565583895846264	1.0	-1.2544892662903415	0.0	False		False		cellohexaose		AT3G62720	XT1
w:chiral	word	chiral	1	409	3	21633	17.63080684596577	0.05565583895846264	1.0	-1.2544892662903415	0.0	False		False		chiral		AT1G11000	MLO4
w:cyclocitral	word	cyclocitral	1	409	3	21633	17.63080684596577	0.05565583895846264	1.0	-1.2544892662903415	0.0	False		False		cyclocitral		AT5G63790	NAC102
w:dahliae	word	dahliae	1	409	3	21633	17.63080684596577	0.05565583895846264	1.0	-1.2544892662903415	0.0	False		False		dahliae		AT5G50570	SPL13A
w:dic	word	dic	1	409	3	21633	17.63080684596577	0.05565583895846264	1.0	-1.2544892662903415	0.0	False		False		dic		AT4G24570	DIC2
w:dimethylguanosine	word	dimethylguanosine	1	409	3	21633	17.63080684596577	0.05565583895846264	1.0	-1.2544892662903415	0.0	False		False		dimethylguanosine		AT3G02320	AtTRM1a
w:dioxygen	word	dioxygen	1	409	3	21633	17.63080684596577	0.05565583895846264	1.0	-1.2544892662903415	0.0	False		False		dioxygen		AT1G30760	AtBBE-like 13
w:distinguish	word	distinguish	1	409	3	21633	17.63080684596577	0.05565583895846264	1.0	-1.2544892662903415	0.0	False		False		distinguish		AT2G43290	MSS3
w:doble	word	doble	1	409	3	21633	17.63080684596577	0.05565583895846264	1.0	-1.2544892662903415	0.0	False		False		doble		AT4G39400	BRI1
w:ephrin	word	ephrin	1	409	3	21633	17.63080684596577	0.05565583895846264	1.0	-1.2544892662903415	0.0	False		False		ephrin		AT1G79660	AT1G79660
w:fars	word	fars	1	409	3	21633	17.63080684596577	0.05565583895846264	1.0	-1.2544892662903415	0.0	False		False		fars		AT3G44540	FAR4
w:fig	word	fig	1	409	3	21633	17.63080684596577	0.05565583895846264	1.0	-1.2544892662903415	0.0	False		False		fig		AT1G73590	PIN1
w:fluidity	word	fluidity	1	409	3	21633	17.63080684596577	0.05565583895846264	1.0	-1.2544892662903415	0.0	False		False		fluidity		AT1G06080	ADS1
w:fourfold	word	fourfold	1	409	3	21633	17.63080684596577	0.05565583895846264	1.0	-1.2544892662903415	0.0	False		False		fourfold		AT4G12720	NUDT7
w:gel	word	gel	1	409	3	21633	17.63080684596577	0.05565583895846264	1.0	-1.2544892662903415	0.0	False		False		gel		AT1G74660	MIF1
w:hcy	word	hcy	1	409	3	21633	17.63080684596577	0.05565583895846264	1.0	-1.2544892662903415	0.0	False		False		hcy		AT3G25900	HMT-1
w:hexulonolactone	word	hexulonolactone	1	409	3	21633	17.63080684596577	0.05565583895846264	1.0	-1.2544892662903415	0.0	False		False		hexulonolactone		AT2G46740	GulLO5
w:hlh	word	hlh	1	409	3	21633	17.63080684596577	0.05565583895846264	1.0	-1.2544892662903415	0.0	False		False		hlh		AT5G65640	bHLH093
w:holocarboxylase	word	holocarboxylase	1	409	3	21633	17.63080684596577	0.05565583895846264	1.0	-1.2544892662903415	0.0	False		False		holocarboxylase		AT5G64780	MVP7.11
w:hydroxyabscisic	word	hydroxyabscisic	1	409	3	21633	17.63080684596577	0.05565583895846264	1.0	-1.2544892662903415	0.0	False		False		hydroxyabscisic		AT5G45340	CYP707A3
w:hypotonic	word	hypotonic	1	409	3	21633	17.63080684596577	0.05565583895846264	1.0	-1.2544892662903415	0.0	False		False		hypotonic		AT5G24270	SOS3
w:improvement	word	improvement	1	409	3	21633	17.63080684596577	0.05565583895846264	1.0	-1.2544892662903415	0.0	False		False		improvement		AT1G44830	ERF014
w:incubation	word	incubation	1	409	3	21633	17.63080684596577	0.05565583895846264	1.0	-1.2544892662903415	0.0	False		False		incubation		AT2G47260	WRKY23
w:infloresence	word	infloresence	1	409	3	21633	17.63080684596577	0.05565583895846264	1.0	-1.2544892662903415	0.0	False		False		infloresence		AT3G28180	CSLC04
w:killing	word	killing	1	409	3	21633	17.63080684596577	0.05565583895846264	1.0	-1.2544892662903415	0.0	False		False		killing		AT5G48150	PAT1
w:lifetime	word	lifetime	1	409	3	21633	17.63080684596577	0.05565583895846264	1.0	-1.2544892662903415	0.0	False		False		lifetime		AT5G19530	ACL5
w:lightinduced	word	lightinduced	1	409	3	21633	17.63080684596577	0.05565583895846264	1.0	-1.2544892662903415	0.0	False		False		lightinduced		AT2G44830	PAX
w:lom	word	lom	1	409	3	21633	17.63080684596577	0.05565583895846264	1.0	-1.2544892662903415	0.0	False		False		lom		AT3G60630	HAM2
w:macrophage	word	macrophage	1	409	3	21633	17.63080684596577	0.05565583895846264	1.0	-1.2544892662903415	0.0	False		False		macrophage		AT2G23150	NRAMP3
w:mechanically	word	mechanically	1	409	3	21633	17.63080684596577	0.05565583895846264	1.0	-1.2544892662903415	0.0	False		False		mechanically		AT5G57560	TCH4
w:methylenecycloartanol	word	methylenecycloartanol	1	409	3	21633	17.63080684596577	0.05565583895846264	1.0	-1.2544892662903415	0.0	False		False		methylenecycloartanol		AT4G12110	SMO1-1
w:ndrg	word	ndrg	1	409	3	21633	17.63080684596577	0.05565583895846264	1.0	-1.2544892662903415	0.0	False		False		ndrg		AT2G19620	NDL3
w:nonadditive	word	nonadditive	1	409	3	21633	17.63080684596577	0.05565583895846264	1.0	-1.2544892662903415	0.0	False		False		nonadditive		AT1G11000	MLO4
w:page	word	page	1	409	3	21633	17.63080684596577	0.05565583895846264	1.0	-1.2544892662903415	0.0	False		False		page		AT4G28640	IAA11
w:pbs	word	pbs	1	409	3	21633	17.63080684596577	0.05565583895846264	1.0	-1.2544892662903415	0.0	False		False		pbs		AT5G44260	TZF5
w:phenocopy	word	phenocopy	1	409	3	21633	17.63080684596577	0.05565583895846264	1.0	-1.2544892662903415	0.0	False		False		phenocopy		AT2G26070	RTE1
w:pheromone	word	pheromone	1	409	3	21633	17.63080684596577	0.05565583895846264	1.0	-1.2544892662903415	0.0	False		False		pheromone		AT2G26530	AR781
w:piccolo	word	piccolo	1	409	3	21633	17.63080684596577	0.05565583895846264	1.0	-1.2544892662903415	0.0	False		False		piccolo		AT5G04670	EPCR2
w:polii	word	polii	1	409	3	21633	17.63080684596577	0.05565583895846264	1.0	-1.2544892662903415	0.0	False		False		polii		AT2G14850	ADA1A
w:prokaryote	word	prokaryote	1	409	3	21633	17.63080684596577	0.05565583895846264	1.0	-1.2544892662903415	0.0	False		False		prokaryote		AT2G26070	RTE1
w:prototypical	word	prototypical	1	409	3	21633	17.63080684596577	0.05565583895846264	1.0	-1.2544892662903415	0.0	False		False		prototypical		AT5G24270	SOS3
w:regenaration	word	regenaration	1	409	3	21633	17.63080684596577	0.05565583895846264	1.0	-1.2544892662903415	0.0	False		False		regenaration		AT4G37890	EDA40
w:remodelling	word	remodelling	1	409	3	21633	17.63080684596577	0.05565583895846264	1.0	-1.2544892662903415	0.0	False		False		remodelling		AT5G45280	PAE11
w:reoriented	word	reoriented	1	409	3	21633	17.63080684596577	0.05565583895846264	1.0	-1.2544892662903415	0.0	False		False		reoriented		AT1G19220	ARF19
w:ribonucloprotein	word	ribonucloprotein	1	409	3	21633	17.63080684596577	0.05565583895846264	1.0	-1.2544892662903415	0.0	False		False		ribonucloprotein		AT4G22380	AT4G22380
w:rods	word	rods	1	409	3	21633	17.63080684596577	0.05565583895846264	1.0	-1.2544892662903415	0.0	False		False		rods		AT1G79700	WRI4
w:roothair	word	roothair	1	409	3	21633	17.63080684596577	0.05565583895846264	1.0	-1.2544892662903415	0.0	False		False		roothair		AT3G62720	XT1
w:rubidium	word	rubidium	1	409	3	21633	17.63080684596577	0.05565583895846264	1.0	-1.2544892662903415	0.0	False		False		rubidium		AT2G30070	KT1
w:salicin	word	salicin	1	409	3	21633	17.63080684596577	0.05565583895846264	1.0	-1.2544892662903415	0.0	False		False		salicin		AT1G61820	BGLU46
w:separable	word	separable	1	409	3	21633	17.63080684596577	0.05565583895846264	1.0	-1.2544892662903415	0.0	False		False		separable		AT5G61900	BON1
w:srpk	word	srpk	1	409	3	21633	17.63080684596577	0.05565583895846264	1.0	-1.2544892662903415	0.0	False		False		srpk		AT2G17530	MJB20.9
w:togeteher	word	togeteher	1	409	3	21633	17.63080684596577	0.05565583895846264	1.0	-1.2544892662903415	0.0	False		False		togeteher		AT1G55500	ECT4
w:tropism	word	tropism	1	409	3	21633	17.63080684596577	0.05565583895846264	1.0	-1.2544892662903415	0.0	False		False		tropism		AT1G70940	PIN3
w:ubiquitinating	word	ubiquitinating	1	409	3	21633	17.63080684596577	0.05565583895846264	1.0	-1.2544892662903415	0.0	False		False		ubiquitinating		AT2G35930	PUB23
w:uncovered	word	uncovered	1	409	3	21633	17.63080684596577	0.05565583895846264	1.0	-1.2544892662903415	0.0	False		False		uncovered		AT4G39400	BRI1
w:unopened	word	unopened	1	409	3	21633	17.63080684596577	0.05565583895846264	1.0	-1.2544892662903415	0.0	False		False		unopened		AT5G03730	CTR1
w:waterlogging	word	waterlogging	1	409	3	21633	17.63080684596577	0.05565583895846264	1.0	-1.2544892662903415	0.0	False		False		waterlogging		AT5G13330	Rap2.6L
w:xylo	word	xylo	1	409	3	21633	17.63080684596577	0.05565583895846264	1.0	-1.2544892662903415	0.0	False		False		xylo		AT2G46740	GulLO5
w:extreme	word	extreme	3	409	46	21633	3.4495056872541725	0.05604825873453191	1.0	-1.251437875196235	0.0	True		False		extreme		AT1G74660, AT4G39400, AT5G03730	MIF1, BRI1, CTR1
w:margin	word	margin	5	409	109	21633	2.426257822839326	0.05606645569632583	1.0	-1.2512968974449377	0.0	True		False		margin		AT1G08430, AT1G73590, AT1G74660, AT4G39400, AT5G24270	ALMT1, PIN1, MIF1, BRI1, SOS3
w:wax	word	wax	5	409	110	21633	2.404200933540787	0.05786927758819356	1.0	-1.237551939122879	0.0	True		False		wax		AT1G74650, AT1G79700, AT3G44540, AT4G25420, AT4G26080	MYB31, WRI4, FAR4, GA20OX1, ABI1
p:wrky transcription	phrase	wrky transcription	4	409	77	21633	2.7476582097608993	0.05811514651031809	1.0	-1.235710662987277	0.0	True		False		wrky transcription		AT1G80840, AT2G38470, AT2G47260, AT3G01970	WRKY40, WRKY33, WRKY23, WRKY45
p:defense response	phrase	defense response	26	409	991	21633	1.387692163456438	0.058350428476201824	1.0	-1.2339559505154944	0.0	True		False		defense response		AT1G01470, AT1G02660, AT1G11000, AT1G73080, AT1G80840, AT2G23150, AT2G30020, AT2G35930, AT2G38470, AT2G40140, AT3G04570, AT3G44260, AT4G12720, AT4G20830, AT4G22470, AT4G22820, AT4G23510, AT4G28490, AT4G37290, AT5G06860, AT5G10520, AT5G22250, AT5G39580, AT5G61600, AT5G61900, AT5G64905	LEA14, PLIP2, MLO4, PEPR1, WRKY40, NRAMP3, AP2C1, PUB23, WRKY33, CZF1, AHL19, CAF1a, NUDT7, AtBBE19, DHYPRP1, SAP9, AT4G23510, HAE, PIP2, PGIP1, RBK1, CAF1b, PER62, ERF104, BON1, PROPEP3
w:iii	word	iii	11	409	339	21633	1.7162732327931278	0.05859990896615296	1.0	-1.232103058649625	0.0	True		False		iii		AT1G19220, AT1G22440, AT1G30370, AT1G80840, AT2G18980, AT3G23050, AT3G60630, AT3G61160, AT5G14130, AT5G39580, AT5G64100	ARF19, AT1G22440, DLAH, WRKY40, PER16, IAA7, HAM2, ASK2, PER55, PER62, PER69
w:biological	word	biological	3	409	47	21633	3.3761119492274876	0.059062485649543785	1.0	-1.2286882796675034	0.0	True		False		biological		AT2G26070, AT3G10870, AT4G24570	RTE1, MES17, DIC2
w:dephosphorylate	word	dephosphorylate	3	409	47	21633	3.3761119492274876	0.059062485649543785	1.0	-1.2286882796675034	0.0	True		False		dephosphorylate		AT3G17090, AT5G02760, AT5G66080	PP2C42, PP2C67, PP2C79
w:phosphoprotein	word	phosphoprotein	3	409	47	21633	3.3761119492274876	0.059062485649543785	1.0	-1.2286882796675034	0.0	True		False		phosphoprotein		AT1G22280, AT3G16310, AT4G26080	PAPP2C, NUP35, ABI1
p:necrotrophic fungal	phrase	necrotrophic fungal	2	409	21	21633	5.037373384561649	0.05911755110462761	1.0	-1.2282835645282315	0.0	True		False		necrotrophic fungal		AT1G80840, AT2G38470	WRKY40, WRKY33
p:survival rate	phrase	survival rate	2	409	21	21633	5.037373384561649	0.05911755110462761	1.0	-1.2282835645282315	0.0	True		False		survival rate		AT1G04310, AT5G45340	ERS2, CYP707A3
w:exert	word	exert	2	409	21	21633	5.037373384561649	0.05911755110462761	1.0	-1.2282835645282315	0.0	True		False		exert		AT3G10870, AT4G12720	MES17, NUDT7
w:oriented	word	oriented	2	409	21	21633	5.037373384561649	0.05911755110462761	1.0	-1.2282835645282315	0.0	True		False		oriented		AT1G51170, AT3G23050	UCN, IAA7
w:stele	word	stele	2	409	21	21633	5.037373384561649	0.05911755110462761	1.0	-1.2282835645282315	0.0	True		False		stele		AT2G41820, AT4G14550	PXC3, IAA14
w:polymer	word	polymer	5	409	111	21633	2.3825414656710504	0.059705013430578706	1.0	-1.2239891996274315	0.0	True		False		polymer		AT1G10550, AT4G25810, AT4G30280, AT4G30290, AT5G57560	XTH33, XTR6, XTH18, XTH19, TCH4
k:Receptor	keyword	Receptor	16	409	550	21633	1.5386885974661035	0.05970913487137685	1.0	-1.2239592212869703	0.0	True		False		Receptor		AT1G04310, AT1G11050, AT1G25320, AT1G34110, AT1G68400, AT1G73080, AT1G75640, AT2G25790, AT2G40940, AT2G41820, AT2G48010, AT3G13380, AT3G24240, AT4G39400, AT5G05160, AT5G12940	ERS2, AT1G11050, SENRK1, RGI5, AT1G68400, PEPR1, MUS, SKM1, ERS1, PXC3, RKF3, BRL3, RGI1, BRI1, RUL1, AT5G12940
w:atpase	word	atpase	14	409	465	21633	1.592459973184005	0.0599325044583628	1.0	-1.2223375736347184	0.0	True		False		atpase		AT1G27730, AT1G29440, AT2G18010, AT2G37330, AT3G03830, AT3G03840, AT3G17090, AT3G50930, AT4G34760, AT4G36110, AT4G38860, AT5G02760, AT5G04870, AT5G66080	STZ, SAUR63, SAUR10, ALS3, SAUR28, SAUR27, PP2C42, BCS1, SAUR50, SAUR9, SAUR16, PP2C67, CPK1, PP2C79
p:cold acclimation	phrase	cold acclimation	4	409	78	21633	2.7124318224562725	0.06038424504150445	1.0	-1.2190763591284826	0.0	True		False		cold acclimation		AT1G06080, AT4G20170, AT4G38410, AT5G59820	ADS1, GALS3, AT4G38410, RHL41
w:homeostasis	word	homeostasis	16	409	551	21633	1.5358960591766913	0.060480613749178166	1.0	-1.218383810322179	0.0	True		False		homeostasis		AT1G17060, AT1G58340, AT1G59500, AT2G23150, AT2G23170, AT2G26710, AT2G40090, AT4G12110, AT4G24160, AT4G27260, AT4G39400, AT5G04340, AT5G24270, AT5G37770, AT5G54510, AT5G61900	CYP72C1, ZF14, GH3.4, NRAMP3, GH3.3, BAS1, ATH9, SMO1-1, AT4G24160, WES1, BRI1, ZAT6, SOS3, TCH2, DFL1, BON1
w:pronounced	word	pronounced	3	409	48	21633	3.305776283618582	0.06215146546652161	1.0	-1.206548626692162	0.0	True		False		pronounced		AT1G70940, AT3G60630, AT5G24270	PIN3, HAM2, SOS3
w:heme	word	heme	10	409	302	21633	1.7514046535727588	0.06219339947915015	1.0	-1.2062557040855548	0.0	True		False		heme		AT1G09940, AT1G17060, AT2G18980, AT2G26710, AT3G50660, AT5G09970, AT5G14130, AT5G39580, AT5G45340, AT5G64100	HEMA2, CYP72C1, PER16, BAS1, DWF4, CYP78A7, PER55, PER62, CYP707A3, PER69
k:Metal-binding	keyword	Metal-binding	74	409	3296	21633	1.1875118688726944	0.0625201497148501	1.0	-1.2039799906615614	0.0	True		False		Metal-binding		AT1G02400, AT1G04310, AT1G05010, AT1G06080, AT1G09350, AT1G17060, AT1G22280, AT1G22440, AT1G27730, AT1G34370, AT1G63840, AT1G65920, AT1G66400, AT1G67340, AT1G74660, AT1G76650, AT1G80290, AT2G18980, AT2G23180, AT2G26710, AT2G30020, AT2G34140, AT2G38470, AT2G40140, AT2G40940, AT2G41100, AT2G43290, AT3G01970, AT3G02320, AT3G03680, AT3G06410, AT3G12920, AT3G17090, AT3G25900, AT3G44260, AT3G48970, AT3G50660, AT3G56170, AT3G60530, AT3G61460, AT3G62720, AT4G02220, AT4G12040, AT4G12720, AT4G17615, AT4G22820, AT4G25420, AT4G26080, AT4G27280, AT4G29780, AT4G37890, AT4G38580, AT5G02760, AT5G04340, AT5G04870, AT5G09970, AT5G13190, AT5G14130, AT5G22250, AT5G26930, AT5G37770, AT5G39580, AT5G41400, AT5G43450, AT5G44260, AT5G45340, AT5G46750, AT5G50570, AT5G51810, AT5G54490, AT5G59820, AT5G61900, AT5G64100, AT5G66080	GA2OX6, ERS2, EFE, ADS1, GolS3, CYP72C1, PAPP2C, AT1G22440, STZ, STOP1, AT1G63840, PRAF1, CML23, AT1G67340, MIF1, CML38, AT1G80290, PER16, CYP96A1, BAS1, AP2C1, CDF4, WRKY33, CZF1, ERS1, TCH3, MSS3, WRKY45, AtTRM1a, MCTP14, AtC3H34, BRG3, PP2C42, HMT-1, CAF1a, HIPP31, DWF4, CAN, GATA4, BRH1, XT1, PDCD2, SAP7, NUDT7, CBL1, SAP9, GA20OX1, ABI1, KRP1, AT4G29780, EDA40, FP6, PP2C67, ZAT6, CPK1, CYP78A7, GILP, PER55, CAF1b, GATA23, TCH2, PER62, MYC6.11, AT5G43450, TZF5, CYP707A3, AGD9, SPL13A, GA20OX2, PBP1, RHL41, BON1, PER69, PP2C79
w:carboxylic	word	carboxylic	4	409	79	21633	2.67809724242518	0.06269976771800535	1.0	-1.2027340680843615	0.0	True		False		carboxylic		AT1G02660, AT2G22810, AT4G11280, AT4G27260	PLIP2, ACS4, ACS6, WES1
w:integrase	word	integrase	4	409	79	21633	2.67809724242518	0.06269976771800535	1.0	-1.2027340680843615	0.0	True		False		integrase		AT1G44830, AT1G79700, AT5G25190, AT5G51190	ERF014, WRI4, ESE3, ERF105
w:primarily	word	primarily	4	409	79	21633	2.67809724242518	0.06269976771800535	1.0	-1.2027340680843615	0.0	True		False		primarily		AT2G22830, AT4G32460, AT4G39400, AT5G19530	SQE2, BDX, BRI1, ACL5
w:celsius	word	celsius	2	409	22	21633	4.808401867081574	0.06423824644217757	1.0	-1.1922063228177988	0.0	True		False		celsius		AT2G25790, AT5G61900	SKM1, BON1
w:deadenylation	word	deadenylation	2	409	22	21633	4.808401867081574	0.06423824644217757	1.0	-1.1922063228177988	0.0	True		False		deadenylation		AT3G44260, AT5G22250	CAF1a, CAF1b
w:hyper	word	hyper	2	409	22	21633	4.808401867081574	0.06423824644217757	1.0	-1.1922063228177988	0.0	True		False		hyper		AT3G50930, AT5G24270	BCS1, SOS3
w:photoprotection	word	photoprotection	2	409	22	21633	4.808401867081574	0.06423824644217757	1.0	-1.1922063228177988	0.0	True		False		photoprotection		AT1G27730, AT4G26080	STZ, ABI1
w:reorganization	word	reorganization	2	409	22	21633	4.808401867081574	0.06423824644217757	1.0	-1.1922063228177988	0.0	True		False		reorganization		AT4G26080, AT5G24270	ABI1, SOS3
w:reprogramming	word	reprogramming	2	409	22	21633	4.808401867081574	0.06423824644217757	1.0	-1.1922063228177988	0.0	True		False		reprogramming		AT2G38470, AT3G58190	WRKY33, LBD29
w:reside	word	reside	2	409	22	21633	4.808401867081574	0.06423824644217757	1.0	-1.1922063228177988	0.0	True		False		reside		AT1G73590, AT4G17615	PIN1, CBL1
w:rounded	word	rounded	2	409	22	21633	4.808401867081574	0.06423824644217757	1.0	-1.1922063228177988	0.0	True		False		rounded		AT1G17060, AT2G45400	CYP72C1, BEN1
w:adenine	word	adenine	9	409	264	21633	1.8031507001555902	0.06447352994716467	1.0	-1.1906185513709149	0.0	True		False		adenine		AT1G30700, AT1G30720, AT1G30760, AT2G22830, AT2G46740, AT3G04570, AT3G49640, AT3G63440, AT4G20830	AtBBE8, AtBBE10, AtBBE-like 13, SQE2, GulLO5, AHL19, AT3G49640, CKX6, AtBBE19
w:met	word	met	4	409	80	21633	2.6446210268948653	0.0650614664488186	1.0	-1.1866761521907698	0.0	True		False		met		AT1G59500, AT2G23170, AT4G27260, AT5G54510	GH3.4, GH3.3, WES1, DFL1
w:promotion	word	promotion	4	409	80	21633	2.6446210268948653	0.0650614664488186	1.0	-1.1866761521907698	0.0	True		False		promotion		AT4G25420, AT4G26080, AT4G39400, AT5G51810	GA20OX1, ABI1, BRI1, GA20OX2
w:application	word	application	3	409	49	21633	3.2383114615039172	0.06531412086338645	1.0	-1.18499291443599	0.0	True		False		application		AT1G17060, AT2G28400, AT5G65640	CYP72C1, S40-4, bHLH093
k:Activator	keyword	Activator	14	409	472	21633	1.568842982056276	0.06602273757116693	1.0	-1.1803064720171779	0.0	True		False		Activator		AT1G44830, AT1G79700, AT2G44840, AT3G25730, AT3G58120, AT3G60530, AT4G17490, AT4G23750, AT5G13330, AT5G25190, AT5G47230, AT5G51190, AT5G53290, AT5G61600	ERF014, WRI4, ERF13, EDF3, BZIP61, GATA4, ERF6, CRF2, Rap2.6L, ESE3, ERF5, ERF105, CRF3, ERF104
w:flower	word	flower	19	409	692	21633	1.4522485407804175	0.06803762493559946	1.0	-1.1672508551912524	0.0	True		False		flower		AT1G11000, AT1G17060, AT1G19220, AT1G21980, AT1G55500, AT1G66400, AT1G73590, AT1G74660, AT1G79700, AT2G30140, AT2G41100, AT2G48010, AT3G60630, AT4G37590, AT4G39400, AT5G03730, AT5G19530, AT5G37770, AT5G65300	MLO4, CYP72C1, ARF19, PIP5K1, ECT4, CML23, PIN1, MIF1, WRI4, UGT87A2, TCH3, RKF3, HAM2, NPY5, BRI1, CTR1, ACL5, TCH2, SUPA
w:serine	word	serine	35	409	1425	21633	1.2991120833869516	0.0681452070459786	1.0	-1.1665646846082398	0.0	True		False		serine		AT1G04310, AT1G11050, AT1G22280, AT1G34110, AT1G51170, AT1G63500, AT1G68400, AT1G73080, AT1G73590, AT1G75640, AT2G17530, AT2G25790, AT2G30020, AT2G30040, AT2G44830, AT2G48010, AT3G13380, AT3G17090, AT3G20830, AT3G24240, AT3G27580, AT3G61160, AT4G13195, AT4G17615, AT4G26080, AT4G28490, AT4G39400, AT5G02760, AT5G03730, AT5G04870, AT5G10520, AT5G24270, AT5G59010, AT5G63650, AT5G66080	ERS2, AT1G11050, PAPP2C, RGI5, UCN, BSK7, AT1G68400, PEPR1, PIN1, MUS, MJB20.9, SKM1, AP2C1, MAPKKK14, PAX, RKF3, BRL3, PP2C42, UCNL, RGI1, ATPK7, ASK2, CLE44, CBL1, ABI1, HAE, BRI1, PP2C67, CTR1, CPK1, RBK1, SOS3, BSK5, SNRK2.5, PP2C79
p:ask cullin	phrase	ask cullin	3	409	50	21633	3.1735452322738387	0.06854933556512123	1.0	-1.1639967503828552	0.0	True		False		ask cullin		AT1G25280, AT1G67340, AT1G78100	TLP10, AT1G67340, AUF1
p:male fertility	phrase	male fertility	3	409	50	21633	3.1735452322738387	0.06854933556512123	1.0	-1.1639967503828552	0.0	True		False		male fertility		AT1G17060, AT1G29430, AT2G25790	CYP72C1, SAUR62, SKM1
w:abscission	word	abscission	3	409	50	21633	3.1735452322738387	0.06854933556512123	1.0	-1.1639967503828552	0.0	True		False		abscission		AT1G11000, AT3G14380, AT4G28490	MLO4, CASPL2A2, HAE
p:pectin methylesterase	phrase	pectin methylesterase	5	409	116	21633	2.2798457128404017	0.06937574194558135	1.0	-1.158792359240095	0.0	True		False		pectin methylesterase		AT1G53840, AT1G57560, AT3G10720, AT3G43270, AT3G49220	PME1, MYB50, PME25, PME32, PME34
p:alpha expansin	phrase	alpha expansin	2	409	23	21633	4.599340916338897	0.06950175406202505	1.0	-1.158004234692684	0.0	True		False		alpha expansin		AT1G20190, AT2G39700	EXPA11, EXPA4
p:ath expalpha	phrase	ath expalpha	2	409	23	21633	4.599340916338897	0.06950175406202505	1.0	-1.158004234692684	0.0	True		False		ath expalpha		AT1G20190, AT2G39700	EXPA11, EXPA4
p:cinnamyl alcohol	phrase	cinnamyl alcohol	2	409	23	21633	4.599340916338897	0.06950175406202505	1.0	-1.158004234692684	0.0	True		False		cinnamyl alcohol		AT1G30760, AT5G19440	AtBBE-like 13, AT5G19440
w:cgmp	word	cgmp	2	409	23	21633	4.599340916338897	0.06950175406202505	1.0	-1.158004234692684	0.0	True		False		cgmp		AT1G73080, AT3G20830	PEPR1, UCNL
w:cinnamyl	word	cinnamyl	2	409	23	21633	4.599340916338897	0.06950175406202505	1.0	-1.158004234692684	0.0	True		False		cinnamyl		AT1G30760, AT5G19440	AtBBE-like 13, AT5G19440
w:esr	word	esr	2	409	23	21633	4.599340916338897	0.06950175406202505	1.0	-1.158004234692684	0.0	True		False		esr		AT4G13195, AT4G16515	CLE44, RGF6
w:expalpha	word	expalpha	2	409	23	21633	4.599340916338897	0.06950175406202505	1.0	-1.158004234692684	0.0	True		False		expalpha		AT1G20190, AT2G39700	EXPA11, EXPA4
w:juvenile	word	juvenile	2	409	23	21633	4.599340916338897	0.06950175406202505	1.0	-1.158004234692684	0.0	True		False		juvenile		AT1G55500, AT5G19530	ECT4, ACL5
w:mgdg	word	mgdg	2	409	23	21633	4.599340916338897	0.06950175406202505	1.0	-1.158004234692684	0.0	True		False		mgdg		AT1G02660, AT1G06080	PLIP2, ADS1
w:pepsin	word	pepsin	2	409	23	21633	4.599340916338897	0.06950175406202505	1.0	-1.158004234692684	0.0	True		False		pepsin		AT3G59080, AT5G37540	AT3G59080, MPA22.8
w:symmetry	word	symmetry	2	409	23	21633	4.599340916338897	0.06950175406202505	1.0	-1.158004234692684	0.0	True		False		symmetry		AT1G75640, AT2G34260	MUS, WDR55
w:bridge	word	bridge	4	409	82	21633	2.580118075019381	0.06992229444156323	1.0	-1.155384329129936	0.0	True		False		bridge		AT1G30700, AT1G30720, AT1G30760, AT4G20830	AtBBE8, AtBBE10, AtBBE-like 13, AtBBE19
w:somewhat	word	somewhat	4	409	82	21633	2.580118075019381	0.06992229444156323	1.0	-1.155384329129936	0.0	True		False		somewhat		AT1G02660, AT1G70940, AT4G39400, AT5G67060	PLIP2, PIN3, BRI1, HEC1
w:homeobox	word	homeobox	5	409	117	21633	2.2603598520468937	0.07140780769090667	1.0	-1.1462543001048582	0.0	True		False		homeobox		AT4G17460, AT4G37790, AT5G47370, AT5G53980, AT5G65310	HAT1, HAT22, HAT2, HB52, HB5
w:morphogenesis	word	morphogenesis	12	409	393	21633	1.6150357416151848	0.0714575794601687	1.0	-1.1459516990893064	0.0	True		False		morphogenesis		AT1G58340, AT1G73590, AT2G01420, AT2G18010, AT3G61460, AT3G63440, AT4G14550, AT4G16515, AT4G28490, AT4G32460, AT5G47370, AT5G57560	ZF14, PIN1, PIN4, SAUR10, BRH1, CKX6, IAA14, RGF6, HAE, BDX, HAT2, TCH4
w:biomass	word	biomass	3	409	51	21633	3.11131885517043	0.07185595717986801	1.0	-1.143537221084419	0.0	True		False		biomass		AT1G35140, AT4G08950, AT5G24270	PHI-1, EXO, SOS3
w:wrky	word	wrky	4	409	83	21633	2.5490323150793883	0.07242082402494614	1.0	-1.1401365379634827	0.0	True		False		wrky		AT1G80840, AT2G38470, AT2G47260, AT3G01970	WRKY40, WRKY33, WRKY23, WRKY45
p:allene oxide	phrase	allene oxide	1	409	4	21633	13.223105134474327	0.07351236978906775	1.0	-1.1336395768460112	0.0	False		False		allene oxide		AT3G25780	AOC3
p:cytidine monophosphate	phrase	cytidine monophosphate	1	409	4	21633	13.223105134474327	0.07351236978906775	1.0	-1.1336395768460112	0.0	False		False		cytidine monophosphate		AT4G25280	UMK2
p:gretchen hagen	phrase	gretchen hagen	1	409	4	21633	13.223105134474327	0.07351236978906775	1.0	-1.1336395768460112	0.0	False		False		gretchen hagen		AT2G14960	GH3.1
p:guanylate cyclase	phrase	guanylate cyclase	1	409	4	21633	13.223105134474327	0.07351236978906775	1.0	-1.1336395768460112	0.0	False		False		guanylate cyclase		AT1G73080	PEPR1
p:methylsterol monooxygenase	phrase	methylsterol monooxygenase	1	409	4	21633	13.223105134474327	0.07351236978906775	1.0	-1.1336395768460112	0.0	False		False		methylsterol monooxygenase		AT4G12110	SMO1-1
p:methylsterol oxidase	phrase	methylsterol oxidase	1	409	4	21633	13.223105134474327	0.07351236978906775	1.0	-1.1336395768460112	0.0	False		False		methylsterol oxidase		AT4G12110	SMO1-1
p:molecular biology	phrase	molecular biology	1	409	4	21633	13.223105134474327	0.07351236978906775	1.0	-1.1336395768460112	0.0	False		False		molecular biology		AT3G25780	AOC3
p:naked pins	phrase	naked pins	1	409	4	21633	13.223105134474327	0.07351236978906775	1.0	-1.1336395768460112	0.0	False		False		naked pins		AT4G37590	NPY5
p:non‑heme iron	phrase	non-heme iron	1	409	4	21633	13.223105134474327	0.07351236978906775	1.0	-1.1336395768460112	0.0	False		False		non-heme iron		AT4G12110	SMO1-1
p:pins phosphorylation	phrase	pins phosphorylation	1	409	4	21633	13.223105134474327	0.07351236978906775	1.0	-1.1336395768460112	0.0	False		False		pins phosphorylation		AT4G37590	NPY5
p:spt module	phrase	spt module	1	409	4	21633	13.223105134474327	0.07351236978906775	1.0	-1.1336395768460112	0.0	False		False		spt module		AT2G14850	ADA1A
w:allene	word	allene	1	409	4	21633	13.223105134474327	0.07351236978906775	1.0	-1.1336395768460112	0.0	False		False		allene		AT3G25780	AOC3
w:apically	word	apically	1	409	4	21633	13.223105134474327	0.07351236978906775	1.0	-1.1336395768460112	0.0	False		False		apically		AT1G23080	PIN7
w:arbutin	word	arbutin	1	409	4	21633	13.223105134474327	0.07351236978906775	1.0	-1.1336395768460112	0.0	False		False		arbutin		AT1G61820	BGLU46
w:atgata	word	atgata	1	409	4	21633	13.223105134474327	0.07351236978906775	1.0	-1.1336395768460112	0.0	False		False		atgata		AT3G60530	GATA4
w:campestanol	word	campestanol	1	409	4	21633	13.223105134474327	0.07351236978906775	1.0	-1.1336395768460112	0.0	False		False		campestanol		AT3G50660	DWF4
w:cathasterone	word	cathasterone	1	409	4	21633	13.223105134474327	0.07351236978906775	1.0	-1.1336395768460112	0.0	False		False		cathasterone		AT3G50660	DWF4
w:characterised	word	characterised	1	409	4	21633	13.223105134474327	0.07351236978906775	1.0	-1.1336395768460112	0.0	False		False		characterised		AT1G73590	PIN1
w:cleln	word	cleln	1	409	4	21633	13.223105134474327	0.07351236978906775	1.0	-1.1336395768460112	0.0	False		False		cleln		AT3G24240	RGI1
w:coexpressed	word	coexpressed	1	409	4	21633	13.223105134474327	0.07351236978906775	1.0	-1.1336395768460112	0.0	False		False		coexpressed		AT4G39400	BRI1
w:compensated	word	compensated	1	409	4	21633	13.223105134474327	0.07351236978906775	1.0	-1.1336395768460112	0.0	False		False		compensated		AT1G27730	STZ
w:compressed	word	compressed	1	409	4	21633	13.223105134474327	0.07351236978906775	1.0	-1.1336395768460112	0.0	False		False		compressed		AT3G50660	DWF4
w:dampened	word	dampened	1	409	4	21633	13.223105134474327	0.07351236978906775	1.0	-1.1336395768460112	0.0	False		False		dampened		AT2G47260	WRKY23
w:deoxoct	word	deoxoct	1	409	4	21633	13.223105134474327	0.07351236978906775	1.0	-1.1336395768460112	0.0	False		False		deoxoct		AT3G50660	DWF4
w:dgtp	word	dgtp	1	409	4	21633	13.223105134474327	0.07351236978906775	1.0	-1.1336395768460112	0.0	False		False		dgtp		AT4G12720	NUDT7
w:dihydrofolate	word	dihydrofolate	1	409	4	21633	13.223105134474327	0.07351236978906775	1.0	-1.1336395768460112	0.0	False		False		dihydrofolate		AT4G24380	AT4G24380
w:duration	word	duration	1	409	4	21633	13.223105134474327	0.07351236978906775	1.0	-1.1336395768460112	0.0	False		False		duration		AT3G59900	ARGOS
w:enp	word	enp	1	409	4	21633	13.223105134474327	0.07351236978906775	1.0	-1.1336395768460112	0.0	False		False		enp		AT4G37590	NPY5
w:galactono	word	galactono	1	409	4	21633	13.223105134474327	0.07351236978906775	1.0	-1.1336395768460112	0.0	False		False		galactono		AT1G80240	DGR1
w:gdh	word	gdh	1	409	4	21633	13.223105134474327	0.07351236978906775	1.0	-1.1336395768460112	0.0	False		False		gdh		AT5G07440	GDH2
w:glutr	word	glutr	1	409	4	21633	13.223105134474327	0.07351236978906775	1.0	-1.1336395768460112	0.0	False		False		glutr		AT1G09940	HEMA2
w:haesa	word	haesa	1	409	4	21633	13.223105134474327	0.07351236978906775	1.0	-1.1336395768460112	0.0	False		False		haesa		AT4G28490	HAE
w:hagen	word	hagen	1	409	4	21633	13.223105134474327	0.07351236978906775	1.0	-1.1336395768460112	0.0	False		False		hagen		AT2G14960	GH3.1
w:hcp	word	hcp	1	409	4	21633	13.223105134474327	0.07351236978906775	1.0	-1.1336395768460112	0.0	False		False		hcp		AT1G67340	AT1G67340
w:heterodimerize	word	heterodimerize	1	409	4	21633	13.223105134474327	0.07351236978906775	1.0	-1.1336395768460112	0.0	False		False		heterodimerize		AT5G15160	BNQ2
w:hmt	word	hmt	1	409	4	21633	13.223105134474327	0.07351236978906775	1.0	-1.1336395768460112	0.0	False		False		hmt		AT3G25900	HMT-1
w:incipient	word	incipient	1	409	4	21633	13.223105134474327	0.07351236978906775	1.0	-1.1336395768460112	0.0	False		False		incipient		AT4G37590	NPY5
w:incised	word	incised	1	409	4	21633	13.223105134474327	0.07351236978906775	1.0	-1.1336395768460112	0.0	False		False		incised		AT4G30290	XTH19
w:laminar	word	laminar	1	409	4	21633	13.223105134474327	0.07351236978906775	1.0	-1.1336395768460112	0.0	False		False		laminar		AT3G60630	HAM2
w:lant	word	lant	1	409	4	21633	13.223105134474327	0.07351236978906775	1.0	-1.1336395768460112	0.0	False		False		lant		AT1G18850	PCP2
w:making	word	making	1	409	4	21633	13.223105134474327	0.07351236978906775	1.0	-1.1336395768460112	0.0	False		False		making		AT2G23150	NRAMP3
w:manifesting	word	manifesting	1	409	4	21633	13.223105134474327	0.07351236978906775	1.0	-1.1336395768460112	0.0	False		False		manifesting		AT1G11000	MLO4
w:mapr	word	mapr	1	409	4	21633	13.223105134474327	0.07351236978906775	1.0	-1.1336395768460112	0.0	False		False		mapr		AT4G14965	MAPR4
w:maximizing	word	maximizing	1	409	4	21633	13.223105134474327	0.07351236978906775	1.0	-1.1336395768460112	0.0	False		False		maximizing		AT1G05010	EFE
w:methylsterol	word	methylsterol	1	409	4	21633	13.223105134474327	0.07351236978906775	1.0	-1.1336395768460112	0.0	False		False		methylsterol		AT4G12110	SMO1-1
w:mildy	word	mildy	1	409	4	21633	13.223105134474327	0.07351236978906775	1.0	-1.1336395768460112	0.0	False		False		mildy		AT3G27580	ATPK7
w:minute	word	minute	1	409	4	21633	13.223105134474327	0.07351236978906775	1.0	-1.1336395768460112	0.0	False		False		minute		AT2G26530	AR781
w:monogalactosyl	word	monogalactosyl	1	409	4	21633	13.223105134474327	0.07351236978906775	1.0	-1.1336395768460112	0.0	False		False		monogalactosyl		AT1G06080	ADS1
w:morn	word	morn	1	409	4	21633	13.223105134474327	0.07351236978906775	1.0	-1.1336395768460112	0.0	False		False		morn		AT1G21980	PIP5K1
w:non‑heme	word	non-heme	1	409	4	21633	13.223105134474327	0.07351236978906775	1.0	-1.1336395768460112	0.0	False		False		non-heme		AT4G12110	SMO1-1
w:ogs	word	ogs	1	409	4	21633	13.223105134474327	0.07351236978906775	1.0	-1.1336395768460112	0.0	False		False		ogs		AT4G20830	AtBBE19
w:ohcr	word	ohcr	1	409	4	21633	13.223105134474327	0.07351236978906775	1.0	-1.1336395768460112	0.0	False		False		ohcr		AT3G50660	DWF4
w:osmo	word	osmo	1	409	4	21633	13.223105134474327	0.07351236978906775	1.0	-1.1336395768460112	0.0	False		False		osmo		AT5G03730	CTR1
w:permissive	word	permissive	1	409	4	21633	13.223105134474327	0.07351236978906775	1.0	-1.1336395768460112	0.0	False		False		permissive		AT5G61900	BON1
w:phaseic	word	phaseic	1	409	4	21633	13.223105134474327	0.07351236978906775	1.0	-1.1336395768460112	0.0	False		False		phaseic		AT5G45340	CYP707A3
w:phpl	word	phpl	1	409	4	21633	13.223105134474327	0.07351236978906775	1.0	-1.1336395768460112	0.0	False		False		phpl		AT1G49740	AT1G49740
w:phytopathogenic	word	phytopathogenic	1	409	4	21633	13.223105134474327	0.07351236978906775	1.0	-1.1336395768460112	0.0	False		False		phytopathogenic		AT5G06860	PGIP1
w:polarly	word	polarly	1	409	4	21633	13.223105134474327	0.07351236978906775	1.0	-1.1336395768460112	0.0	False		False		polarly		AT3G27580	ATPK7
w:pre‑irradiation	word	pre-irradiation	1	409	4	21633	13.223105134474327	0.07351236978906775	1.0	-1.1336395768460112	0.0	False		False		pre-irradiation		AT3G27580	ATPK7
w:propionic	word	propionic	1	409	4	21633	13.223105134474327	0.07351236978906775	1.0	-1.1336395768460112	0.0	False		False		propionic		AT1G73590	PIN1
w:rat	word	rat	1	409	4	21633	13.223105134474327	0.07351236978906775	1.0	-1.1336395768460112	0.0	False		False		rat		AT2G46740	GulLO5
w:reproducible	word	reproducible	1	409	4	21633	13.223105134474327	0.07351236978906775	1.0	-1.1336395768460112	0.0	False		False		reproducible		AT5G59820	RHL41
w:rest	word	rest	1	409	4	21633	13.223105134474327	0.07351236978906775	1.0	-1.1336395768460112	0.0	False		False		rest		AT5G03730	CTR1
w:shorted	word	shorted	1	409	4	21633	13.223105134474327	0.07351236978906775	1.0	-1.1336395768460112	0.0	False		False		shorted		AT1G17060	CYP72C1
w:shrink	word	shrink	1	409	4	21633	13.223105134474327	0.07351236978906775	1.0	-1.1336395768460112	0.0	False		False		shrink		AT1G17060	CYP72C1
w:spoon	word	spoon	1	409	4	21633	13.223105134474327	0.07351236978906775	1.0	-1.1336395768460112	0.0	False		False		spoon		AT1G74660	MIF1
w:sulfoquinovosyldiacylglycerol	word	sulfoquinovosyldiacylglycerol	1	409	4	21633	13.223105134474327	0.07351236978906775	1.0	-1.1336395768460112	0.0	False		False		sulfoquinovosyldiacylglycerol		AT1G02660	PLIP2
w:symbol	word	symbol	1	409	4	21633	13.223105134474327	0.07351236978906775	1.0	-1.1336395768460112	0.0	False		False		symbol		AT4G39400	BRI1
w:tdif	word	tdif	1	409	4	21633	13.223105134474327	0.07351236978906775	1.0	-1.1336395768460112	0.0	False		False		tdif		AT4G13195	CLE44
w:transthyretin	word	transthyretin	1	409	4	21633	13.223105134474327	0.07351236978906775	1.0	-1.1336395768460112	0.0	False		False		transthyretin		AT4G39400	BRI1
w:trichohyalin	word	trichohyalin	1	409	4	21633	13.223105134474327	0.07351236978906775	1.0	-1.1336395768460112	0.0	False		False		trichohyalin		AT5G22310	MWD9.9
w:updated	word	updated	1	409	4	21633	13.223105134474327	0.07351236978906775	1.0	-1.1336395768460112	0.0	False		False		updated		AT4G28640	IAA11
w:vigorous	word	vigorous	1	409	4	21633	13.223105134474327	0.07351236978906775	1.0	-1.1336395768460112	0.0	False		False		vigorous		AT3G23050	IAA7
w:wrba	word	wrba	1	409	4	21633	13.223105134474327	0.07351236978906775	1.0	-1.1336395768460112	0.0	False		False		wrba		AT5G54500	FQR1
w:tyrosine	word	tyrosine	7	409	193	21633	1.9183779469703686	0.07456904736224902	1.0	-1.1274414050917436	0.0	True		False		tyrosine		AT1G49740, AT2G41820, AT3G13380, AT4G16515, AT4G28490, AT4G39400, AT5G03730	AT1G49740, PXC3, BRL3, RGF6, HAE, BRI1, CTR1
p:abnormally shaped	phrase	abnormally shaped	2	409	24	21633	4.407701711491442	0.07490087378240587	1.0	-1.1255131158564244	0.0	True		False		abnormally shaped		AT1G75640, AT4G32460	MUS, BDX
p:alpha galacturonosyltransferase	phrase	alpha galacturonosyltransferase	2	409	24	21633	4.407701711491442	0.07490087378240587	1.0	-1.1255131158564244	0.0	True		False		alpha galacturonosyltransferase		AT1G13250, AT3G28340	GATL3, GATL10
p:phosphoprotein phosphatase	phrase	phosphoprotein phosphatase	2	409	24	21633	4.407701711491442	0.07490087378240587	1.0	-1.1255131158564244	0.0	True		False		phosphoprotein phosphatase		AT1G22280, AT4G26080	PAPP2C, ABI1
p:significant difference	phrase	significant difference	2	409	24	21633	4.407701711491442	0.07490087378240587	1.0	-1.1255131158564244	0.0	True		False		significant difference		AT1G70940, AT2G38470	PIN3, WRKY33
w:clear	word	clear	2	409	24	21633	4.407701711491442	0.07490087378240587	1.0	-1.1255131158564244	0.0	True		False		clear		AT2G18980, AT5G64100	PER16, PER69
w:polygalacturonate	word	polygalacturonate	2	409	24	21633	4.407701711491442	0.07490087378240587	1.0	-1.1255131158564244	0.0	True		False		polygalacturonate		AT1G13250, AT3G28340	GATL3, GATL10
w:synergistic	word	synergistic	2	409	24	21633	4.407701711491442	0.07490087378240587	1.0	-1.1255131158564244	0.0	True		False		synergistic		AT3G50060, AT5G67060	MYB77, HEC1
w:occurring	word	occurring	4	409	84	21633	2.5186866922808244	0.07496433148861933	1.0	-1.1251453275730803	0.0	True		False		occurring		AT1G80840, AT2G38470, AT2G47260, AT3G01970	WRKY40, WRKY33, WRKY23, WRKY45
w:pmei	word	pmei	4	409	84	21633	2.5186866922808244	0.07496433148861933	1.0	-1.1251453275730803	0.0	True		False		pmei		AT1G53840, AT3G10720, AT3G43270, AT3G49220	PME1, PME25, PME32, PME34
w:week	word	week	4	409	84	21633	2.5186866922808244	0.07496433148861933	1.0	-1.1251453275730803	0.0	True		False		week		AT1G19220, AT4G12720, AT4G39400, AT5G03730	ARF19, NUDT7, BRI1, CTR1
k:Gibberellin signaling pathway	keyword	Gibberellin signaling pathway	3	409	52	21633	3.0514858002633063	0.07523279992392316	1.0	-1.1235927748299996	0.0	True		False		Gibberellin signaling pathway		AT2G43060, AT3G02885, AT5G15160	IBH1, GASA5, BNQ2
w:rate	word	rate	13	409	439	21633	1.5662903576142713	0.07527841808947547	1.0	-1.1233295158059606	0.0	True		False		rate		AT1G04310, AT1G19220, AT1G23080, AT1G58340, AT1G73080, AT2G22830, AT3G23050, AT3G50660, AT3G62720, AT4G12110, AT4G26080, AT5G45340, AT5G50570	ERS2, ARF19, PIN7, ZF14, PEPR1, SQE2, IAA7, DWF4, XT1, SMO1-1, ABI1, CYP707A3, SPL13A
w:establishment	word	establishment	6	409	157	21633	2.0213663899833367	0.07810823626017076	1.0	-1.1073031687635766	0.0	True		False		establishment		AT1G23080, AT2G19620, AT2G21050, AT2G34260, AT2G47260, AT5G65310	PIN7, NDL3, LAX2, WDR55, WRKY23, HB5
w:silique	word	silique	14	409	485	21633	1.5267915206815716	0.07839862333020432	1.0	-1.1056915634041455	0.0	True		False		silique		AT1G17060, AT1G55500, AT1G79700, AT2G41100, AT4G13195, AT4G25420, AT4G26080, AT4G32460, AT4G39400, AT5G15160, AT5G15580, AT5G19530, AT5G51810, AT5G66460	CYP72C1, ECT4, WRI4, TCH3, CLE44, GA20OX1, ABI1, BDX, BRI1, BNQ2, LNG1, ACL5, GA20OX2, MAN7
w:synthase	word	synthase	20	409	750	21633	1.4104645476772617	0.0784222689060782	1.0	-1.1055605968848912	0.0	True		False		synthase		AT1G09350, AT1G19440, AT1G59500, AT1G78970, AT2G14960, AT2G22810, AT2G23170, AT3G23470, AT3G28180, AT3G28340, AT3G49640, AT3G50660, AT4G11280, AT4G20170, AT4G20320, AT4G27260, AT4G31590, AT4G37770, AT5G19530, AT5G54510	GolS3, KCS4, GH3.4, LUP1, GH3.1, ACS4, GH3.3, AT3G23470, CSLC04, GATL10, AT3G49640, DWF4, ACS6, GALS3, CTPS4, WES1, CSLC5, ACS8, ACL5, DFL1
w:key	word	key	9	409	275	21633	1.7310246721493667	0.07861936707315013	1.0	-1.1044704567986159	0.0	True		False		key		AT1G27730, AT1G29950, AT2G22810, AT3G23250, AT4G25420, AT4G26080, AT5G01840, AT5G04870, AT5G51810	STZ, BHLH144, ACS4, MYB15, GA20OX1, ABI1, OFP1, CPK1, GA20OX2
w:carrying	word	carrying	3	409	53	21633	2.9939105964847537	0.07867864723913494	1.0	-1.1041431157281656	0.0	True		False		carrying		AT2G14960, AT4G27260, AT5G24270	GH3.1, WES1, SOS3
w:reproductive	word	reproductive	10	409	316	21633	1.6738107765157377	0.07870434640341681	1.0	-1.1040012833093251	0.0	True		False		reproductive		AT1G74650, AT3G60630, AT4G28490, AT4G32460, AT5G03730, AT5G09970, AT5G15160, AT5G19530, AT5G50570, AT5G67060	MYB31, HAM2, HAE, BDX, CTR1, CYP78A7, BNQ2, ACL5, SPL13A, HEC1
w:basal	word	basal	8	409	235	21633	1.8005930395879934	0.07890684298319879	1.0	-1.1028853321394319	0.0	True		False		basal		AT1G23080, AT1G70940, AT1G73590, AT2G23150, AT4G12720, AT4G30280, AT4G37590, AT5G67060	PIN7, PIN3, PIN1, NRAMP3, NUDT7, XTH18, NPY5, HEC1
w:elongated	word	elongated	5	409	121	21633	2.1856372123098065	0.07985913745696963	1.0	-1.0976753848466834	0.0	True		False		elongated		AT1G19220, AT2G45400, AT3G60630, AT5G03730, AT5G48150	ARF19, BEN1, HAM2, CTR1, PAT1
p:heavy metal	phrase	heavy metal	4	409	86	21633	2.4601125831580144	0.08018486968163431	1.0	-1.0959075722855198	0.0	True		False		heavy metal		AT1G52200, AT3G24450, AT3G48970, AT4G38580	PCR8, AtHMP27, HIPP31, FP6
p:short silique	phrase	short silique	4	409	86	21633	2.4601125831580144	0.08018486968163431	1.0	-1.0959075722855198	0.0	True		False		short silique		AT1G17060, AT4G13195, AT4G32460, AT4G39400	CYP72C1, CLE44, BDX, BRI1
w:cullin	word	cullin	4	409	86	21633	2.4601125831580144	0.08018486968163431	1.0	-1.0959075722855198	0.0	True		False		cullin		AT1G25280, AT1G67340, AT1G77000, AT1G78100	TLP10, AT1G67340, SKP2B, AUF1
p:week old	phrase	week old	2	409	25	21633	4.231393643031785	0.08042862544682165	1.0	-1.0945893534777582	0.0	True		False		week old		AT1G19220, AT4G12720	ARF19, NUDT7
w:acylation	word	acylation	2	409	25	21633	4.231393643031785	0.08042862544682165	1.0	-1.0945893534777582	0.0	True		False		acylation		AT4G17615, AT5G24270	CBL1, SOS3
w:substantial	word	substantial	2	409	25	21633	4.231393643031785	0.08042862544682165	1.0	-1.0945893534777582	0.0	True		False		substantial		AT5G24270, AT5G67060	SOS3, HEC1
w:attack	word	attack	5	409	122	21633	2.167722153192513	0.08205209165215643	1.0	-1.085910343539453	0.0	True		False		attack		AT1G73080, AT2G18980, AT5G14130, AT5G39580, AT5G64100	PEPR1, PER16, PER55, PER62, PER69
p:nuclear pore	phrase	nuclear pore	3	409	54	21633	2.938467807660962	0.08219225430611003	1.0	-1.0851691078932264	0.0	True		False		nuclear pore		AT2G30060, AT3G16310, AT4G02220	RANBP1B, NUP35, PDCD2
p:significant reduction	phrase	significant reduction	3	409	54	21633	2.938467807660962	0.08219225430611003	1.0	-1.0851691078932264	0.0	True		False		significant reduction		AT2G18980, AT5G39580, AT5G64100	PER16, PER62, PER69
w:restrict	word	restrict	3	409	54	21633	2.938467807660962	0.08219225430611003	1.0	-1.0851691078932264	0.0	True		False		restrict		AT1G04240, AT1G51170, AT4G26080	SHY2, UCN, ABI1
w:wound	word	wound	3	409	54	21633	2.938467807660962	0.08219225430611003	1.0	-1.0851691078932264	0.0	True		False		wound		AT1G09940, AT3G44540, AT5G13330	HEMA2, FAR4, Rap2.6L
w:medium	word	medium	7	409	198	21633	1.8699340594206117	0.08279927997610244	1.0	-1.0819734398306413	0.0	True		False		medium		AT1G08430, AT1G19220, AT1G34370, AT2G23150, AT5G01180, AT5G06860, AT5G24270	ALMT1, ARF19, STOP1, NRAMP3, PTR5, PGIP1, SOS3
w:ascorbate	word	ascorbate	6	409	160	21633	1.9834657701711491	0.08377181839996849	1.0	-1.076902057405863	0.0	True		False		ascorbate		AT1G02400, AT1G05010, AT2G46740, AT4G25420, AT5G43450, AT5G51810	GA2OX6, EFE, GulLO5, GA20OX1, AT5G43450, GA20OX2
w:hydrogen	word	hydrogen	9	409	279	21633	1.7062071141257196	0.084197474226027	1.0	-1.0747009363643862	0.0	True		False		hydrogen		AT1G08430, AT1G34370, AT2G18980, AT2G46740, AT5G04870, AT5G14130, AT5G37770, AT5G39580, AT5G64100	ALMT1, STOP1, PER16, GulLO5, CPK1, PER55, TCH2, PER62, PER69
w:recruit	word	recruit	4	409	88	21633	2.404200933540787	0.08558090964298615	1.0	-1.0676231016937563	0.0	True		False		recruit		AT1G73590, AT1G77000, AT3G02170, AT4G17615	PIN1, SKP2B, LNG2, CBL1
w:vein	word	vein	4	409	88	21633	2.404200933540787	0.08558090964298615	1.0	-1.0676231016937563	0.0	True		False		vein		AT4G02220, AT4G13195, AT4G17350, AT5G19530	PDCD2, CLE44, FL5, ACL5
p:bright green	phrase	bright green	2	409	26	21633	4.068647733684409	0.08607824321171578	1.0	-1.0651066051912013	0.0	True		False		bright green		AT4G25420, AT4G26080	GA20OX1, ABI1
p:invi pmei	phrase	invi pmei	2	409	26	21633	4.068647733684409	0.08607824321171578	1.0	-1.0651066051912013	0.0	True		False		invi pmei		AT3G10720, AT3G43270	PME25, PME32
p:wax layer	phrase	wax layer	2	409	26	21633	4.068647733684409	0.08607824321171578	1.0	-1.0651066051912013	0.0	True		False		wax layer		AT4G25420, AT4G26080	GA20OX1, ABI1
p:wound induced	phrase	wound induced	2	409	26	21633	4.068647733684409	0.08607824321171578	1.0	-1.0651066051912013	0.0	True		False		wound induced		AT1G09940, AT3G44540	HEMA2, FAR4
w:differentially	word	differentially	2	409	26	21633	4.068647733684409	0.08607824321171578	1.0	-1.0651066051912013	0.0	True		False		differentially		AT1G44830, AT4G39400	ERF014, BRI1
w:galacturonosyltransferase	word	galacturonosyltransferase	2	409	26	21633	4.068647733684409	0.08607824321171578	1.0	-1.0651066051912013	0.0	True		False		galacturonosyltransferase		AT1G13250, AT3G28340	GATL3, GATL10
w:germinating	word	germinating	2	409	26	21633	4.068647733684409	0.08607824321171578	1.0	-1.0651066051912013	0.0	True		False		germinating		AT5G63790, AT5G66460	NAC102, MAN7
w:hormonal	word	hormonal	2	409	26	21633	4.068647733684409	0.08607824321171578	1.0	-1.0651066051912013	0.0	True		False		hormonal		AT2G34260, AT4G34760	WDR55, SAUR50
w:outgrowth	word	outgrowth	2	409	26	21633	4.068647733684409	0.08607824321171578	1.0	-1.0651066051912013	0.0	True		False		outgrowth		AT1G23080, AT2G01420	PIN7, PIN4
w:protective	word	protective	2	409	26	21633	4.068647733684409	0.08607824321171578	1.0	-1.0651066051912013	0.0	True		False		protective		AT3G23250, AT5G63790	MYB15, NAC102
w:suspensor	word	suspensor	2	409	26	21633	4.068647733684409	0.08607824321171578	1.0	-1.0651066051912013	0.0	True		False		suspensor		AT4G12110, AT5G09970	SMO1-1, CYP78A7
p:methylesterase inhibitor	phrase	methylesterase inhibitor	4	409	89	21633	2.3771874399054966	0.08834373041603943	1.0	-1.053824266104395	0.0	True		False		methylesterase inhibitor		AT1G57560, AT3G10720, AT3G43270, AT3G49220	MYB50, PME25, PME32, PME34
w:old	word	old	4	409	89	21633	2.3771874399054966	0.08834373041603943	1.0	-1.053824266104395	0.0	True		False		old		AT1G19220, AT2G41820, AT2G42430, AT4G12720	ARF19, PXC3, LBD16, NUDT7
w:extremely	word	extremely	3	409	56	21633	2.8335225288159274	0.08941764148788009	1.0	-1.0485767894255755	0.0	True		False		extremely		AT1G04240, AT4G39400, AT5G19530	SHY2, BRI1, ACL5
w:uncharacterised	word	uncharacterised	3	409	56	21633	2.8335225288159274	0.08941764148788009	1.0	-1.0485767894255755	0.0	True		False		uncharacterised		AT3G14380, AT4G16442, AT5G64780	CASPL2A2, CASPL2B1, MVP7.11
w:fungal	word	fungal	6	409	163	21633	1.946960265198674	0.08965715712646649	1.0	-1.0474150359795105	0.0	True		False		fungal		AT1G44830, AT1G80840, AT2G38470, AT3G04570, AT5G06860, AT5G64900	ERF014, WRKY40, WRKY33, AHL19, PGIP1, PROPEP1
w:organism	word	organism	6	409	163	21633	1.946960265198674	0.08965715712646649	1.0	-1.0474150359795105	0.0	True		False		organism		AT1G27730, AT1G73080, AT4G22470, AT4G22820, AT5G10520, AT5G61900	STZ, PEPR1, DHYPRP1, SAP9, RBK1, BON1
w:motif	word	motif	8	409	242	21633	1.7485097698478451	0.08976109412461455	1.0	-1.0469118623113252	0.0	True		False		motif		AT1G74660, AT2G26070, AT2G39370, AT3G50060, AT3G60530, AT5G26930, AT5G52900, AT5G54490	MIF1, RTE1, MAKR4, MYB77, GATA4, GATA23, MAKR6, PBP1
p:abcg half	phrase	abcg half	1	409	5	21633	10.578484107579461	0.09103206282879549	1.0	-1.0408056158427683	0.0	False		False		abcg half		AT2G39350	ABCG1
p:actively growing	phrase	actively growing	1	409	5	21633	10.578484107579461	0.09103206282879549	1.0	-1.0408056158427683	0.0	False		False		actively growing		AT3G50660	DWF4
p:alkaline soil	phrase	alkaline soil	1	409	5	21633	10.578484107579461	0.09103206282879549	1.0	-1.0408056158427683	0.0	False		False		alkaline soil		AT2G23150	NRAMP3
p:amino cyclopropane	phrase	amino cyclopropane	1	409	5	21633	10.578484107579461	0.09103206282879549	1.0	-1.0408056158427683	0.0	False		False		amino cyclopropane		AT4G37770	ACS8
p:amyrin synthase	phrase	amyrin synthase	1	409	5	21633	10.578484107579461	0.09103206282879549	1.0	-1.0408056158427683	0.0	False		False		amyrin synthase		AT1G78970	LUP1
p:calcium elevation	phrase	calcium elevation	1	409	5	21633	10.578484107579461	0.09103206282879549	1.0	-1.0408056158427683	0.0	False		False		calcium elevation		AT4G26080	ABI1
p:comment field	phrase	comment field	1	409	5	21633	10.578484107579461	0.09103206282879549	1.0	-1.0408056158427683	0.0	False		False		comment field		AT4G28640	IAA11
p:coumaryl alcohol	phrase	coumaryl alcohol	1	409	5	21633	10.578484107579461	0.09103206282879549	1.0	-1.0408056158427683	0.0	False		False		coumaryl alcohol		AT1G61820	BGLU46
p:cyclic dof	phrase	cyclic dof	1	409	5	21633	10.578484107579461	0.09103206282879549	1.0	-1.0408056158427683	0.0	False		False		cyclic dof		AT2G34140	CDF4
p:dihydrouridine synthase	phrase	dihydrouridine synthase	1	409	5	21633	10.578484107579461	0.09103206282879549	1.0	-1.0408056158427683	0.0	False		False		dihydrouridine synthase		AT3G49640	AT3G49640
p:effective suberin	phrase	effective suberin	1	409	5	21633	10.578484107579461	0.09103206282879549	1.0	-1.0408056158427683	0.0	False		False		effective suberin		AT2G39350	ABCG1
p:elmo ced	phrase	elmo ced	1	409	5	21633	10.578484107579461	0.09103206282879549	1.0	-1.0408056158427683	0.0	False		False		elmo ced		AT3G60260	ELMOD_A
p:environmental stimuli	phrase	environmental stimuli	1	409	5	21633	10.578484107579461	0.09103206282879549	1.0	-1.0408056158427683	0.0	False		False		environmental stimuli		AT5G57560	TCH4
p:exaggerated apical	phrase	exaggerated apical	1	409	5	21633	10.578484107579461	0.09103206282879549	1.0	-1.0408056158427683	0.0	False		False		exaggerated apical		AT5G03730	CTR1
p:extremely dwarfed	phrase	extremely dwarfed	1	409	5	21633	10.578484107579461	0.09103206282879549	1.0	-1.0408056158427683	0.0	False		False		extremely dwarfed		AT1G04240	SHY2
p:feed forward	phrase	feed forward	1	409	5	21633	10.578484107579461	0.09103206282879549	1.0	-1.0408056158427683	0.0	False		False		feed forward		AT2G43060	IBH1
p:forward loop	phrase	forward loop	1	409	5	21633	10.578484107579461	0.09103206282879549	1.0	-1.0408056158427683	0.0	False		False		forward loop		AT2G43060	IBH1
p:homocysteine methyltransferase	phrase	homocysteine methyltransferase	1	409	5	21633	10.578484107579461	0.09103206282879549	1.0	-1.0408056158427683	0.0	False		False		homocysteine methyltransferase		AT3G25900	HMT-1
p:northern blot	phrase	northern blot	1	409	5	21633	10.578484107579461	0.09103206282879549	1.0	-1.0408056158427683	0.0	False		False		northern blot		AT2G40940	ERS1
p:phoshpolipid phosphatidylcholine	phrase	phoshpolipid phosphatidylcholine	1	409	5	21633	10.578484107579461	0.09103206282879549	1.0	-1.0408056158427683	0.0	False		False		phoshpolipid phosphatidylcholine		AT1G02660	PLIP2
p:provascular tissue	phrase	provascular tissue	1	409	5	21633	10.578484107579461	0.09103206282879549	1.0	-1.0408056158427683	0.0	False		False		provascular tissue		AT4G37590	NPY5
p:showing thermomemory	phrase	showing thermomemory	1	409	5	21633	10.578484107579461	0.09103206282879549	1.0	-1.0408056158427683	0.0	False		False		showing thermomemory		AT1G04310	ERS2
p:spermidine spermine	phrase	spermidine spermine	1	409	5	21633	10.578484107579461	0.09103206282879549	1.0	-1.0408056158427683	0.0	False		False		spermidine spermine		AT5G19530	ACL5
p:tandem ccch	phrase	tandem ccch	1	409	5	21633	10.578484107579461	0.09103206282879549	1.0	-1.0408056158427683	0.0	False		False		tandem ccch		AT5G44260	TZF5
p:trna dihydrouridine	phrase	trna dihydrouridine	1	409	5	21633	10.578484107579461	0.09103206282879549	1.0	-1.0408056158427683	0.0	False		False		trna dihydrouridine		AT3G49640	AT3G49640
p:unfolded hook	phrase	unfolded hook	1	409	5	21633	10.578484107579461	0.09103206282879549	1.0	-1.0408056158427683	0.0	False		False		unfolded hook		AT5G48150	PAT1
p:utp ammonia	phrase	utp ammonia	1	409	5	21633	10.578484107579461	0.09103206282879549	1.0	-1.0408056158427683	0.0	False		False		utp ammonia		AT4G20320	CTPS4
p:water relation	phrase	water relation	1	409	5	21633	10.578484107579461	0.09103206282879549	1.0	-1.0408056158427683	0.0	False		False		water relation		AT4G26080	ABI1
w:alleviation	word	alleviation	1	409	5	21633	10.578484107579461	0.09103206282879549	1.0	-1.0408056158427683	0.0	False		False		alleviation		AT1G34370	STOP1
w:amination	word	amination	1	409	5	21633	10.578484107579461	0.09103206282879549	1.0	-1.0408056158427683	0.0	False		False		amination		AT4G20320	CTPS4
w:analogue	word	analogue	1	409	5	21633	10.578484107579461	0.09103206282879549	1.0	-1.0408056158427683	0.0	False		False		analogue		AT5G45340	CYP707A3
w:away	word	away	1	409	5	21633	10.578484107579461	0.09103206282879549	1.0	-1.0408056158427683	0.0	False		False		away		AT2G37330	ALS3
w:bulging	word	bulging	1	409	5	21633	10.578484107579461	0.09103206282879549	1.0	-1.0408056158427683	0.0	False		False		bulging		AT3G62720	XT1
w:ced	word	ced	1	409	5	21633	10.578484107579461	0.09103206282879549	1.0	-1.0408056158427683	0.0	False		False		ced		AT3G60260	ELMOD_A
w:challenged	word	challenged	1	409	5	21633	10.578484107579461	0.09103206282879549	1.0	-1.0408056158427683	0.0	False		False		challenged		AT2G35930	PUB23
w:coincide	word	coincide	1	409	5	21633	10.578484107579461	0.09103206282879549	1.0	-1.0408056158427683	0.0	False		False		coincide		AT1G23080	PIN7
w:comment	word	comment	1	409	5	21633	10.578484107579461	0.09103206282879549	1.0	-1.0408056158427683	0.0	False		False		comment		AT4G28640	IAA11
w:cotyldon	word	cotyldon	1	409	5	21633	10.578484107579461	0.09103206282879549	1.0	-1.0408056158427683	0.0	False		False		cotyldon		AT3G27580	ATPK7
w:counteracted	word	counteracted	1	409	5	21633	10.578484107579461	0.09103206282879549	1.0	-1.0408056158427683	0.0	False		False		counteracted		AT2G43060	IBH1
w:dcmp	word	dcmp	1	409	5	21633	10.578484107579461	0.09103206282879549	1.0	-1.0408056158427683	0.0	False		False		dcmp		AT4G25280	UMK2
w:dihydrouridine	word	dihydrouridine	1	409	5	21633	10.578484107579461	0.09103206282879549	1.0	-1.0408056158427683	0.0	False		False		dihydrouridine		AT3G49640	AT3G49640
w:diol	word	diol	1	409	5	21633	10.578484107579461	0.09103206282879549	1.0	-1.0408056158427683	0.0	False		False		diol		AT1G78970	LUP1
w:dus	word	dus	1	409	5	21633	10.578484107579461	0.09103206282879549	1.0	-1.0408056158427683	0.0	False		False		dus		AT3G49640	AT3G49640
w:elmo	word	elmo	1	409	5	21633	10.578484107579461	0.09103206282879549	1.0	-1.0408056158427683	0.0	False		False		elmo		AT3G60260	ELMOD_A
w:ethionine	word	ethionine	1	409	5	21633	10.578484107579461	0.09103206282879549	1.0	-1.0408056158427683	0.0	False		False		ethionine		AT5G01180	PTR5
w:fertilize	word	fertilize	1	409	5	21633	10.578484107579461	0.09103206282879549	1.0	-1.0408056158427683	0.0	False		False		fertilize		AT1G19220	ARF19
w:flatter	word	flatter	1	409	5	21633	10.578484107579461	0.09103206282879549	1.0	-1.0408056158427683	0.0	False		False		flatter		AT3G60630	HAM2
w:flavodoxin	word	flavodoxin	1	409	5	21633	10.578484107579461	0.09103206282879549	1.0	-1.0408056158427683	0.0	False		False		flavodoxin		AT5G54500	FQR1
w:gsa	word	gsa	1	409	5	21633	10.578484107579461	0.09103206282879549	1.0	-1.0408056158427683	0.0	False		False		gsa		AT1G09940	HEMA2
w:guanylyl	word	guanylyl	1	409	5	21633	10.578484107579461	0.09103206282879549	1.0	-1.0408056158427683	0.0	False		False		guanylyl		AT4G39400	BRI1
w:hydrotropism	word	hydrotropism	1	409	5	21633	10.578484107579461	0.09103206282879549	1.0	-1.0408056158427683	0.0	False		False		hydrotropism		AT1G21050	AT1G21050
w:hydroxycampesterol	word	hydroxycampesterol	1	409	5	21633	10.578484107579461	0.09103206282879549	1.0	-1.0408056158427683	0.0	False		False		hydroxycampesterol		AT3G50660	DWF4
w:irregulare	word	irregulare	1	409	5	21633	10.578484107579461	0.09103206282879549	1.0	-1.0408056158427683	0.0	False		False		irregulare		AT5G64900	PROPEP1
w:mini	word	mini	1	409	5	21633	10.578484107579461	0.09103206282879549	1.0	-1.0408056158427683	0.0	False		False		mini		AT1G74660	MIF1
w:ninefold	word	ninefold	1	409	5	21633	10.578484107579461	0.09103206282879549	1.0	-1.0408056158427683	0.0	False		False		ninefold		AT1G80840	WRKY40
w:phoshpolipid	word	phoshpolipid	1	409	5	21633	10.578484107579461	0.09103206282879549	1.0	-1.0408056158427683	0.0	False		False		phoshpolipid		AT1G02660	PLIP2
w:phytotoxic	word	phytotoxic	1	409	5	21633	10.578484107579461	0.09103206282879549	1.0	-1.0408056158427683	0.0	False		False		phytotoxic		AT4G15550	IAGLU
w:pir	word	pir	1	409	5	21633	10.578484107579461	0.09103206282879549	1.0	-1.0408056158427683	0.0	False		False		pir		AT5G19440	AT5G19440
w:pre‑ribosome	word	pre-ribosome	1	409	5	21633	10.578484107579461	0.09103206282879549	1.0	-1.0408056158427683	0.0	False		False		pre-ribosome		AT4G02220	PDCD2
w:pull	word	pull	1	409	5	21633	10.578484107579461	0.09103206282879549	1.0	-1.0408056158427683	0.0	False		False		pull		AT4G22820	SAP9
w:pumping	word	pumping	1	409	5	21633	10.578484107579461	0.09103206282879549	1.0	-1.0408056158427683	0.0	False		False		pumping		AT1G29440	SAUR63
w:rbohf	word	rbohf	1	409	5	21633	10.578484107579461	0.09103206282879549	1.0	-1.0408056158427683	0.0	False		False		rbohf		AT4G17615	CBL1
w:reversed	word	reversed	1	409	5	21633	10.578484107579461	0.09103206282879549	1.0	-1.0408056158427683	0.0	False		False		reversed		AT5G65640	bHLH093
w:sds	word	sds	1	409	5	21633	10.578484107579461	0.09103206282879549	1.0	-1.0408056158427683	0.0	False		False		sds		AT5G03730	CTR1
w:shank	word	shank	1	409	5	21633	10.578484107579461	0.09103206282879549	1.0	-1.0408056158427683	0.0	False		False		shank		AT3G62720	XT1
w:srnas	word	srnas	1	409	5	21633	10.578484107579461	0.09103206282879549	1.0	-1.0408056158427683	0.0	False		False		srnas		AT5G50570	SPL13A
w:strictly	word	strictly	1	409	5	21633	10.578484107579461	0.09103206282879549	1.0	-1.0408056158427683	0.0	False		False		strictly		AT1G73590	PIN1
w:sustaining	word	sustaining	1	409	5	21633	10.578484107579461	0.09103206282879549	1.0	-1.0408056158427683	0.0	False		False		sustaining		AT5G02760	PP2C67
w:tendency	word	tendency	1	409	5	21633	10.578484107579461	0.09103206282879549	1.0	-1.0408056158427683	0.0	False		False		tendency		AT5G67060	HEC1
w:thermospermine	word	thermospermine	1	409	5	21633	10.578484107579461	0.09103206282879549	1.0	-1.0408056158427683	0.0	False		False		thermospermine		AT5G19530	ACL5
w:trichlorophenol	word	trichlorophenol	1	409	5	21633	10.578484107579461	0.09103206282879549	1.0	-1.0408056158427683	0.0	False		False		trichlorophenol		AT4G15550	IAGLU
w:typhasterol	word	typhasterol	1	409	5	21633	10.578484107579461	0.09103206282879549	1.0	-1.0408056158427683	0.0	False		False		typhasterol		AT2G45400	BEN1
w:defense	word	defense	29	409	1181	21633	1.2987977947493834	0.09104879697646795	1.0	-1.0407257881440004	0.0	True		False		defense		AT1G01470, AT1G02660, AT1G11000, AT1G73080, AT1G80840, AT2G23150, AT2G30020, AT2G35930, AT2G38470, AT2G39030, AT2G40140, AT3G04570, AT3G44260, AT4G12720, AT4G20830, AT4G22470, AT4G22820, AT4G23510, AT4G28490, AT4G37290, AT5G04870, AT5G06860, AT5G10520, AT5G22250, AT5G39580, AT5G61600, AT5G61900, AT5G64900, AT5G64905	LEA14, PLIP2, MLO4, PEPR1, WRKY40, NRAMP3, AP2C1, PUB23, WRKY33, NATA1, CZF1, AHL19, CAF1a, NUDT7, AtBBE19, DHYPRP1, SAP9, AT4G23510, HAE, PIP2, CPK1, PGIP1, RBK1, CAF1b, PER62, ERF104, BON1, PROPEP1, PROPEP3
k:Leucine-rich repeat	keyword	Leucine-rich repeat	15	409	541	21633	1.4665181295165612	0.09113958185575559	1.0	-1.0402929682722728	0.0	True		False		Leucine-rich repeat		AT1G25320, AT1G34110, AT1G68400, AT1G73080, AT1G75640, AT1G77000, AT2G25790, AT2G41820, AT3G13380, AT3G24240, AT4G28490, AT4G39400, AT5G05160, AT5G06860, AT5G12940	SENRK1, RGI5, AT1G68400, PEPR1, MUS, SKP2B, SKM1, PXC3, BRL3, RGI1, HAE, BRI1, RUL1, PGIP1, AT5G12940
w:classical	word	classical	4	409	90	21633	2.3507742461287693	0.09114917934080366	1.0	-1.0402472371501452	0.0	True		False		classical		AT2G18980, AT5G14130, AT5G39580, AT5G64100	PER16, PER55, PER62, PER69
p:adventitious root	phrase	adventitious root	2	409	27	21633	3.9179570768812826	0.09184316997065442	1.0	-1.036953134996142	0.0	True		False		adventitious root		AT1G73590, AT5G13330	PIN1, Rap2.6L
p:elongation zone	phrase	elongation zone	2	409	27	21633	3.9179570768812826	0.09184316997065442	1.0	-1.036953134996142	0.0	True		False		elongation zone		AT1G23080, AT1G70940	PIN7, PIN3
p:methyl jasmonate	phrase	methyl jasmonate	2	409	27	21633	3.9179570768812826	0.09184316997065442	1.0	-1.036953134996142	0.0	True		False		methyl jasmonate		AT1G04310, AT2G40940	ERS2, ERS1
p:multicellular organismal	phrase	multicellular organismal	2	409	27	21633	3.9179570768812826	0.09184316997065442	1.0	-1.036953134996142	0.0	True		False		multicellular organismal		AT1G58340, AT2G23150	ZF14, NRAMP3
p:nitric oxide	phrase	nitric oxide	2	409	27	21633	3.9179570768812826	0.09184316997065442	1.0	-1.036953134996142	0.0	True		False		nitric oxide		AT1G66400, AT5G37770	CML23, TCH2
p:organ abscission	phrase	organ abscission	2	409	27	21633	3.9179570768812826	0.09184316997065442	1.0	-1.036953134996142	0.0	True		False		organ abscission		AT3G14380, AT4G28490	CASPL2A2, HAE
w:invi	word	invi	2	409	27	21633	3.9179570768812826	0.09184316997065442	1.0	-1.036953134996142	0.0	True		False		invi		AT3G10720, AT3G43270	PME25, PME32
w:lobed	word	lobed	2	409	27	21633	3.9179570768812826	0.09184316997065442	1.0	-1.036953134996142	0.0	True		False		lobed		AT4G25420, AT4G26080	GA20OX1, ABI1
w:organismal	word	organismal	2	409	27	21633	3.9179570768812826	0.09184316997065442	1.0	-1.036953134996142	0.0	True		False		organismal		AT1G58340, AT2G23150	ZF14, NRAMP3
w:sense	word	sense	2	409	27	21633	3.9179570768812826	0.09184316997065442	1.0	-1.036953134996142	0.0	True		False		sense		AT1G73080, AT3G59900	PEPR1, ARGOS
w:serration	word	serration	2	409	27	21633	3.9179570768812826	0.09184316997065442	1.0	-1.036953134996142	0.0	True		False		serration		AT1G73590, AT3G60630	PIN1, HAM2
w:tim	word	tim	2	409	27	21633	3.9179570768812826	0.09184316997065442	1.0	-1.036953134996142	0.0	True		False		tim		AT3G49640, AT5G64250	AT3G49640, MSJ1.9
w:tracheary	word	tracheary	2	409	27	21633	3.9179570768812826	0.09184316997065442	1.0	-1.036953134996142	0.0	True		False		tracheary		AT2G45420, AT4G13195	LBD18, CLE44
p:early flowering	phrase	early flowering	7	409	204	21633	1.8149359988494174	0.09333763265125444	1.0	-1.0299432184448114	0.0	True		False		early flowering		AT1G17060, AT2G22810, AT2G26710, AT4G11280, AT4G37770, AT4G39400, AT5G65300	CYP72C1, ACS4, BAS1, ACS6, ACS8, BRI1, SUPA
p:wall biogenesis	phrase	wall biogenesis	6	409	165	21633	1.9233607468326295	0.09370282513450161	1.0	-1.0282473149625055	0.0	True		False		wall biogenesis		AT1G10550, AT4G20170, AT4G25810, AT4G30280, AT4G30290, AT5G57560	XTH33, GALS3, XTR6, XTH18, XTH19, TCH4
w:pectinesterase	word	pectinesterase	4	409	91	21633	2.324941562105376	0.09399680787067251	1.0	-1.026886894780003	0.0	True		False		pectinesterase		AT1G53840, AT3G10720, AT3G43270, AT3G49220	PME1, PME25, PME32, PME34
w:sterol	word	sterol	4	409	91	21633	2.324941562105376	0.09399680787067251	1.0	-1.026886894780003	0.0	True		False		sterol		AT2G22830, AT3G50660, AT4G12110, AT4G39400	SQE2, DWF4, SMO1-1, BRI1
w:almost	word	almost	5	409	128	21633	2.066110177261614	0.09587060502103054	1.0	-1.0183145318707518	0.0	True		False		almost		AT1G80840, AT2G42430, AT3G27580, AT5G03730, AT5G07440	WRKY40, LBD16, ATPK7, CTR1, GDH2
w:delay	word	delay	5	409	128	21633	2.066110177261614	0.09587060502103054	1.0	-1.0183145318707518	0.0	True		False		delay		AT4G25420, AT4G26080, AT5G13330, AT5G51810, AT5G67060	GA20OX1, ABI1, Rap2.6L, GA20OX2, HEC1
p:smaller rosette	phrase	smaller rosette	3	409	58	21633	2.735814855408482	0.0968985269411282	1.0	-1.0136828250772245	0.0	True		False		smaller rosette		AT3G28180, AT4G31590, AT4G39400	CSLC04, CSLC5, BRI1
w:block	word	block	3	409	58	21633	2.735814855408482	0.0968985269411282	1.0	-1.0136828250772245	0.0	True		False		block		AT1G08430, AT1G74660, AT4G28490	ALMT1, MIF1, HAE
w:influx	word	influx	3	409	58	21633	2.735814855408482	0.0968985269411282	1.0	-1.0136828250772245	0.0	True		False		influx		AT2G21050, AT2G42430, AT2G45420	LAX2, LBD16, LBD18
p:cotyledon area	phrase	cotyledon area	2	409	28	21633	3.778030038421236	0.09771705191191359	1.0	-1.0100296440082772	0.0	True		False		cotyledon area		AT2G30040, AT5G44260	MAPKKK14, TZF5
p:disrupting non‑covalent	phrase	disrupting non-covalent	2	409	28	21633	3.778030038421236	0.09771705191191359	1.0	-1.0100296440082772	0.0	True		False		disrupting non-covalent		AT1G20190, AT2G39700	EXPA11, EXPA4
p:matrix glucan	phrase	matrix glucan	2	409	28	21633	3.778030038421236	0.09771705191191359	1.0	-1.0100296440082772	0.0	True		False		matrix glucan		AT1G20190, AT2G39700	EXPA11, EXPA4
p:noncellulosic polysaccharide	phrase	noncellulosic polysaccharide	2	409	28	21633	3.778030038421236	0.09771705191191359	1.0	-1.0100296440082772	0.0	True		False		noncellulosic polysaccharide		AT3G28180, AT4G31590	CSLC04, CSLC5
p:non‑covalent bonding	phrase	non-covalent bonding	2	409	28	21633	3.778030038421236	0.09771705191191359	1.0	-1.0100296440082772	0.0	True		False		non-covalent bonding		AT1G20190, AT2G39700	EXPA11, EXPA4
w:gat	word	gat	2	409	28	21633	3.778030038421236	0.09771705191191359	1.0	-1.0100296440082772	0.0	True		False		gat		AT3G60530, AT5G26930	GATA4, GATA23
w:noncellulosic	word	noncellulosic	2	409	28	21633	3.778030038421236	0.09771705191191359	1.0	-1.0100296440082772	0.0	True		False		noncellulosic		AT3G28180, AT4G31590	CSLC04, CSLC5
w:referred	word	referred	2	409	28	21633	3.778030038421236	0.09771705191191359	1.0	-1.0100296440082772	0.0	True		False		referred		AT1G29510, AT3G25780	SAUR68, AOC3
w:rupture	word	rupture	2	409	28	21633	3.778030038421236	0.09771705191191359	1.0	-1.0100296440082772	0.0	True		False		rupture		AT4G32460, AT5G66460	BDX, MAN7
w:strength	word	strength	2	409	28	21633	3.778030038421236	0.09771705191191359	1.0	-1.0100296440082772	0.0	True		False		strength		AT3G10870, AT5G57560	MES17, TCH4
w:nad	word	nad	13	409	460	21633	1.4947857978101413	0.09891733271628336	1.0	-1.0047276028062668	0.0	True		False		nad		AT1G19540, AT1G22440, AT2G45400, AT3G26760, AT3G44540, AT4G03140, AT4G12720, AT4G13180, AT4G30470, AT4G38540, AT5G07440, AT5G19440, AT5G54500	AT1G19540, AT1G22440, BEN1, AT3G26760, FAR4, AT4G03140, NUDT7, AT4G13180, AT4G30470, MO2, GDH2, AT5G19440, FQR1
k:Palmitate	keyword	Palmitate	4	409	93	21633	2.274942818834293	0.0998167365174936	1.0	-1.0007966333840759	0.0	True		False		Palmitate		AT1G32190, AT3G56170, AT4G17615, AT5G04870	AT1G32190, CAN, CBL1, CPK1
w:timing	word	timing	4	409	93	21633	2.274942818834293	0.0998167365174936	1.0	-1.0007966333840759	0.0	True		False		timing		AT1G55500, AT2G44830, AT5G03730, AT5G15160	ECT4, PAX, CTR1, BNQ2
w:distribution	word	distribution	5	409	130	21633	2.0343238668422043	0.10072395320911315	1.0	-0.9968672373957096	0.0	True		False		distribution		AT1G21980, AT1G78100, AT2G01420, AT4G37590, AT5G67060	PIP5K1, AUF1, PIN4, NPY5, HEC1
w:analyse	word	analyse	3	409	59	21633	2.689445112096473	0.10073143481336758	1.0	-0.9968349799368561	0.0	True		False		analyse		AT1G77000, AT4G39400, AT5G45340	SKP2B, BRI1, CYP707A3
w:dominant	word	dominant	3	409	59	21633	2.689445112096473	0.10073143481336758	1.0	-0.9968349799368561	0.0	True		False		dominant		AT1G17060, AT1G52830, AT5G54510	CYP72C1, IAA6, DFL1
w:property	word	property	3	409	59	21633	2.689445112096473	0.10073143481336758	1.0	-0.9968349799368561	0.0	True		False		property		AT1G74660, AT5G45280, AT5G61900	MIF1, PAE11, BON1
w:finger	word	finger	19	409	730	21633	1.3766520413973273	0.10081199023060981	1.0	-0.9964878113298815	0.0	True		False		finger		AT1G27730, AT1G28400, AT1G34370, AT1G65920, AT1G67340, AT1G74660, AT2G34140, AT2G40140, AT3G06410, AT3G60530, AT3G61460, AT4G02220, AT4G12040, AT4G22820, AT4G37890, AT5G04340, AT5G26930, AT5G44260, AT5G59820	STZ, AT1G28400, STOP1, PRAF1, AT1G67340, MIF1, CDF4, CZF1, AtC3H34, GATA4, BRH1, PDCD2, SAP7, SAP9, EDA40, ZAT6, GATA23, TZF5, RHL41
w:localization	word	localization	11	409	375	21633	1.5515110024449879	0.10109444758622077	1.0	-0.9952726965245734	0.0	True		False		localization		AT1G11000, AT1G70940, AT1G73590, AT1G74660, AT2G39370, AT2G47260, AT4G16515, AT4G17615, AT4G37590, AT5G01840, AT5G52900	MLO4, PIN3, PIN1, MIF1, MAKR4, WRKY23, RGF6, CBL1, NPY5, OFP1, MAKR6
w:biosynthesis	word	biosynthesis	32	409	1338	21633	1.2649906257195171	0.10206831404197989	1.0	-0.9911090588188719	0.0	True		False		biosynthesis		AT1G02660, AT1G05010, AT1G09350, AT1G09940, AT1G13250, AT1G19440, AT1G27730, AT1G79700, AT2G18980, AT2G21050, AT2G22810, AT2G22830, AT2G46740, AT3G23250, AT3G25780, AT3G25900, AT3G28340, AT3G50660, AT4G12110, AT4G20170, AT4G24160, AT4G25280, AT4G25420, AT4G26080, AT4G27260, AT4G39400, AT5G01840, AT5G03730, AT5G14130, AT5G39580, AT5G51810, AT5G64100	PLIP2, EFE, GolS3, HEMA2, GATL3, KCS4, STZ, WRI4, PER16, LAX2, ACS4, SQE2, GulLO5, MYB15, AOC3, HMT-1, GATL10, DWF4, SMO1-1, GALS3, AT4G24160, UMK2, GA20OX1, ABI1, WES1, BRI1, OFP1, CTR1, PER55, PER62, GA20OX2, PER69
w:influencing	word	influencing	4	409	94	21633	2.2507412994849916	0.1027880682016647	1.0	-0.9880572959917828	0.0	True		False		influencing		AT3G17090, AT4G16515, AT5G02760, AT5G66080	PP2C42, RGF6, PP2C67, PP2C79
p:mildew resistance	phrase	mildew resistance	2	409	29	21633	3.6477531405446424	0.10369373320644021	1.0	-0.9842474896678769	0.0	True		False		mildew resistance		AT1G11000, AT3G26470	MLO4, AT3G26470
w:camalexin	word	camalexin	2	409	29	21633	3.6477531405446424	0.10369373320644021	1.0	-0.9842474896678769	0.0	True		False		camalexin		AT2G38470, AT4G27260	WRKY33, WES1
w:leafy	word	leafy	2	409	29	21633	3.6477531405446424	0.10369373320644021	1.0	-0.9842474896678769	0.0	True		False		leafy		AT1G28370, AT1G53170	ERF11, ERF8
w:nitric	word	nitric	2	409	29	21633	3.6477531405446424	0.10369373320644021	1.0	-0.9842474896678769	0.0	True		False		nitric		AT1G66400, AT5G37770	CML23, TCH2
w:shift	word	shift	2	409	29	21633	3.6477531405446424	0.10369373320644021	1.0	-0.9842474896678769	0.0	True		False		shift		AT1G74660, AT2G41100	MIF1, TCH3
w:carrier	word	carrier	9	409	292	21633	1.630245838496835	0.10392427254576597	1.0	-0.9832830068069812	0.0	True		False		carrier		AT1G23080, AT1G70940, AT1G73590, AT2G01420, AT2G19620, AT2G21050, AT2G42430, AT2G45420, AT4G24570	PIN7, PIN3, PIN1, PIN4, NDL3, LAX2, LBD16, LBD18, DIC2
w:shortened	word	shortened	3	409	60	21633	2.6446210268948653	0.10462416846167913	1.0	-0.9803679806970287	0.0	True		False		shortened		AT1G52830, AT2G45400, AT4G39400	IAA6, BEN1, BRI1
k:Monooxygenase	keyword	Monooxygenase	8	409	251	21633	1.6858142004110697	0.1049227378691348	1.0	-0.9791303853906455	0.0	True		False		Monooxygenase		AT1G17060, AT2G23180, AT2G26710, AT3G50660, AT4G12110, AT4G38540, AT5G09970, AT5G45340	CYP72C1, CYP96A1, BAS1, DWF4, SMO1-1, MO2, CYP78A7, CYP707A3
w:cis‑acting	word	cis-acting	4	409	95	21633	2.2270492858062028	0.10579964374821887	1.0	-0.975515794667971	0.0	True		False		cis-acting		AT1G80840, AT2G38470, AT2G47260, AT3G01970	WRKY40, WRKY33, WRKY23, WRKY45
w:synthetase	word	synthetase	6	409	171	21633	1.855874404838502	0.10641698075056942	1.0	-0.9729890669858898	0.0	True		False		synthetase		AT1G59500, AT2G14960, AT2G23170, AT4G27260, AT5G54510, AT5G64780	GH3.4, GH3.1, GH3.3, WES1, DFL1, MVP7.11
p:agc viiia	phrase	agc viiia	1	409	6	21633	8.815403422982884	0.10822125675810107	1.0	-0.9656874269739489	0.0	False		False		agc viiia		AT2G44830	PAX
p:almost exclusively	phrase	almost exclusively	1	409	6	21633	8.815403422982884	0.10822125675810107	1.0	-0.9656874269739489	0.0	False		False		almost exclusively		AT5G07440	GDH2
p:anticlinal asymmetric	phrase	anticlinal asymmetric	1	409	6	21633	8.815403422982884	0.10822125675810107	1.0	-0.9656874269739489	0.0	False		False		anticlinal asymmetric		AT4G16515	RGF6
p:biotrophic oomycete	phrase	biotrophic oomycete	1	409	6	21633	8.815403422982884	0.10822125675810107	1.0	-0.9656874269739489	0.0	False		False		biotrophic oomycete		AT2G35930	PUB23
p:chitin oligomer	phrase	chitin oligomer	1	409	6	21633	8.815403422982884	0.10822125675810107	1.0	-0.9656874269739489	0.0	False		False		chitin oligomer		AT1G27730	STZ
p:chromatid alignment	phrase	chromatid alignment	1	409	6	21633	8.815403422982884	0.10822125675810107	1.0	-0.9656874269739489	0.0	False		False		chromatid alignment		AT5G15920	SMC5
p:completely infertile	phrase	completely infertile	1	409	6	21633	8.815403422982884	0.10822125675810107	1.0	-0.9656874269739489	0.0	False		False		completely infertile		AT3G50660	DWF4
p:create proton	phrase	create proton	1	409	6	21633	8.815403422982884	0.10822125675810107	1.0	-0.9656874269739489	0.0	False		False		create proton		AT4G24570	DIC2
p:cycling dof	phrase	cycling dof	1	409	6	21633	8.815403422982884	0.10822125675810107	1.0	-0.9656874269739489	0.0	False		False		cycling dof		AT2G34140	CDF4
p:cytoplasmically localized	phrase	cytoplasmically localized	1	409	6	21633	8.815403422982884	0.10822125675810107	1.0	-0.9656874269739489	0.0	False		False		cytoplasmically localized		AT2G35930	PUB23
p:eucalyptus gunnii	phrase	eucalyptus gunnii	1	409	6	21633	8.815403422982884	0.10822125675810107	1.0	-0.9656874269739489	0.0	False		False		eucalyptus gunnii		AT5G19440	AT5G19440
p:fresh mass	phrase	fresh mass	1	409	6	21633	8.815403422982884	0.10822125675810107	1.0	-0.9656874269739489	0.0	False		False		fresh mass		AT1G04310	ERS2
p:fully fertile	phrase	fully fertile	1	409	6	21633	8.815403422982884	0.10822125675810107	1.0	-0.9656874269739489	0.0	False		False		fully fertile		AT5G19530	ACL5
p:galactolipid monogalactosyldiacylglycerol	phrase	galactolipid monogalactosyldiacylglycerol	1	409	6	21633	8.815403422982884	0.10822125675810107	1.0	-0.9656874269739489	0.0	False		False		galactolipid monogalactosyldiacylglycerol		AT1G02660	PLIP2
p:gravity sensing	phrase	gravity sensing	1	409	6	21633	8.815403422982884	0.10822125675810107	1.0	-0.9656874269739489	0.0	False		False		gravity sensing		AT1G70940	PIN3
p:guide snornp	phrase	guide snornp	1	409	6	21633	8.815403422982884	0.10822125675810107	1.0	-0.9656874269739489	0.0	False		False		guide snornp		AT4G22380	AT4G22380
p:gunnii alcohol	phrase	gunnii alcohol	1	409	6	21633	8.815403422982884	0.10822125675810107	1.0	-0.9656874269739489	0.0	False		False		gunnii alcohol		AT5G19440	AT5G19440
p:half strength	phrase	half strength	1	409	6	21633	8.815403422982884	0.10822125675810107	1.0	-0.9656874269739489	0.0	False		False		half strength		AT3G10870	MES17
p:innermost layer	phrase	innermost layer	1	409	6	21633	8.815403422982884	0.10822125675810107	1.0	-0.9656874269739489	0.0	False		False		innermost layer		AT4G16515	RGF6
p:lupeol synthase	phrase	lupeol synthase	1	409	6	21633	8.815403422982884	0.10822125675810107	1.0	-0.9656874269739489	0.0	False		False		lupeol synthase		AT1G78970	LUP1
p:methylation guide	phrase	methylation guide	1	409	6	21633	8.815403422982884	0.10822125675810107	1.0	-0.9656874269739489	0.0	False		False		methylation guide		AT4G22380	AT4G22380
p:mobility shift	phrase	mobility shift	1	409	6	21633	8.815403422982884	0.10822125675810107	1.0	-0.9656874269739489	0.0	False		False		mobility shift		AT1G74660	MIF1
p:multicopy suppressor	phrase	multicopy suppressor	1	409	6	21633	8.815403422982884	0.10822125675810107	1.0	-0.9656874269739489	0.0	False		False		multicopy suppressor		AT2G43290	MSS3
p:non‑photosynthetic tissue	phrase	non-photosynthetic tissue	1	409	6	21633	8.815403422982884	0.10822125675810107	1.0	-0.9656874269739489	0.0	False		False		non-photosynthetic tissue		AT1G09940	HEMA2
p:oxo phytodienoic	phrase	oxo phytodienoic	1	409	6	21633	8.815403422982884	0.10822125675810107	1.0	-0.9656874269739489	0.0	False		False		oxo phytodienoic		AT3G25780	AOC3
p:polygalacturonase inhibiting	phrase	polygalacturonase inhibiting	1	409	6	21633	8.815403422982884	0.10822125675810107	1.0	-0.9656874269739489	0.0	False		False		polygalacturonase inhibiting		AT5G06860	PGIP1
p:prolonged darkness	phrase	prolonged darkness	1	409	6	21633	8.815403422982884	0.10822125675810107	1.0	-0.9656874269739489	0.0	False		False		prolonged darkness		AT5G07440	GDH2
p:proton leak	phrase	proton leak	1	409	6	21633	8.815403422982884	0.10822125675810107	1.0	-0.9656874269739489	0.0	False		False		proton leak		AT4G24570	DIC2
p:remain unchanged	phrase	remain unchanged	1	409	6	21633	8.815403422982884	0.10822125675810107	1.0	-0.9656874269739489	0.0	False		False		remain unchanged		AT1G80840	WRKY40
p:rha udp	phrase	rha udp	1	409	6	21633	8.815403422982884	0.10822125675810107	1.0	-0.9656874269739489	0.0	False		False		rha udp		AT4G39390	NST-K1
p:rhamnose udp	phrase	rhamnose udp	1	409	6	21633	8.815403422982884	0.10822125675810107	1.0	-0.9656874269739489	0.0	False		False		rhamnose udp		AT4G39390	NST-K1
p:ribose diphosphatase	phrase	ribose diphosphatase	1	409	6	21633	8.815403422982884	0.10822125675810107	1.0	-0.9656874269739489	0.0	False		False		ribose diphosphatase		AT4G12720	NUDT7
p:ribose pyrophosphatase	phrase	ribose pyrophosphatase	1	409	6	21633	8.815403422982884	0.10822125675810107	1.0	-0.9656874269739489	0.0	False		False		ribose pyrophosphatase		AT4G12720	NUDT7
p:sinapyl alcohol	phrase	sinapyl alcohol	1	409	6	21633	8.815403422982884	0.10822125675810107	1.0	-0.9656874269739489	0.0	False		False		sinapyl alcohol		AT1G30760	AtBBE-like 13
p:squalene epoxidase	phrase	squalene epoxidase	1	409	6	21633	8.815403422982884	0.10822125675810107	1.0	-0.9656874269739489	0.0	False		False		squalene epoxidase		AT2G22830	SQE2
p:squalene monooxygenase	phrase	squalene monooxygenase	1	409	6	21633	8.815403422982884	0.10822125675810107	1.0	-0.9656874269739489	0.0	False		False		squalene monooxygenase		AT2G22830	SQE2
p:suberin barrier	phrase	suberin barrier	1	409	6	21633	8.815403422982884	0.10822125675810107	1.0	-0.9656874269739489	0.0	False		False		suberin barrier		AT2G39350	ABCG1
p:toxin extrusion	phrase	toxin extrusion	1	409	6	21633	8.815403422982884	0.10822125675810107	1.0	-0.9656874269739489	0.0	False		False		toxin extrusion		AT1G58340	ZF14
p:transit amplifying	phrase	transit amplifying	1	409	6	21633	8.815403422982884	0.10822125675810107	1.0	-0.9656874269739489	0.0	False		False		transit amplifying		AT4G16515	RGF6
p:udp rha	phrase	udp rha	1	409	6	21633	8.815403422982884	0.10822125675810107	1.0	-0.9656874269739489	0.0	False		False		udp rha		AT4G39390	NST-K1
p:udp xylosyltransferase	phrase	udp xylosyltransferase	1	409	6	21633	8.815403422982884	0.10822125675810107	1.0	-0.9656874269739489	0.0	False		False		udp xylosyltransferase		AT3G62720	XT1
p:uridine monophosphate	phrase	uridine monophosphate	1	409	6	21633	8.815403422982884	0.10822125675810107	1.0	-0.9656874269739489	0.0	False		False		uridine monophosphate		AT4G25280	UMK2
p:xyloglucan synthesizing	phrase	xyloglucan synthesizing	1	409	6	21633	8.815403422982884	0.10822125675810107	1.0	-0.9656874269739489	0.0	False		False		xyloglucan synthesizing		AT3G28180	CSLC04
p:xylosyl residue	phrase	xylosyl residue	1	409	6	21633	8.815403422982884	0.10822125675810107	1.0	-0.9656874269739489	0.0	False		False		xylosyl residue		AT3G62720	XT1
w:acetylornithine	word	acetylornithine	1	409	6	21633	8.815403422982884	0.10822125675810107	1.0	-0.9656874269739489	0.0	False		False		acetylornithine		AT2G39030	NATA1
w:add	word	add	1	409	6	21633	8.815403422982884	0.10822125675810107	1.0	-0.9656874269739489	0.0	False		False		add		AT3G62720	XT1
w:cazy	word	cazy	1	409	6	21633	8.815403422982884	0.10822125675810107	1.0	-0.9656874269739489	0.0	False		False		cazy		AT1G80290	AT1G80290
w:coniferin	word	coniferin	1	409	6	21633	8.815403422982884	0.10822125675810107	1.0	-0.9656874269739489	0.0	False		False		coniferin		AT1G61820	BGLU46
w:cruciferin	word	cruciferin	1	409	6	21633	8.815403422982884	0.10822125675810107	1.0	-0.9656874269739489	0.0	False		False		cruciferin		AT2G39650	AT2G39650
w:cytoplasmically	word	cytoplasmically	1	409	6	21633	8.815403422982884	0.10822125675810107	1.0	-0.9656874269739489	0.0	False		False		cytoplasmically		AT2G35930	PUB23
w:dedifferentiation	word	dedifferentiation	1	409	6	21633	8.815403422982884	0.10822125675810107	1.0	-0.9656874269739489	0.0	False		False		dedifferentiation		AT1G19220	ARF19
w:ecm	word	ecm	1	409	6	21633	8.815403422982884	0.10822125675810107	1.0	-0.9656874269739489	0.0	False		False		ecm		AT5G67060	HEC1
w:enabling	word	enabling	1	409	6	21633	8.815403422982884	0.10822125675810107	1.0	-0.9656874269739489	0.0	False		False		enabling		AT5G57560	TCH4
w:eucalyptus	word	eucalyptus	1	409	6	21633	8.815403422982884	0.10822125675810107	1.0	-0.9656874269739489	0.0	False		False		eucalyptus		AT5G19440	AT5G19440
w:exceed	word	exceed	1	409	6	21633	8.815403422982884	0.10822125675810107	1.0	-0.9656874269739489	0.0	False		False		exceed		AT5G01180	PTR5
w:exogenously	word	exogenously	1	409	6	21633	8.815403422982884	0.10822125675810107	1.0	-0.9656874269739489	0.0	False		False		exogenously		AT4G26080	ABI1
w:expense	word	expense	1	409	6	21633	8.815403422982884	0.10822125675810107	1.0	-0.9656874269739489	0.0	False		False		expense		AT4G25280	UMK2
w:exudation	word	exudation	1	409	6	21633	8.815403422982884	0.10822125675810107	1.0	-0.9656874269739489	0.0	False		False		exudation		AT1G34370	STOP1
w:flattening	word	flattening	1	409	6	21633	8.815403422982884	0.10822125675810107	1.0	-0.9656874269739489	0.0	False		False		flattening		AT5G04190	PKS4
w:freeze	word	freeze	1	409	6	21633	8.815403422982884	0.10822125675810107	1.0	-0.9656874269739489	0.0	False		False		freeze		AT5G59820	RHL41
w:gunnii	word	gunnii	1	409	6	21633	8.815403422982884	0.10822125675810107	1.0	-0.9656874269739489	0.0	False		False		gunnii		AT5G19440	AT5G19440
w:hae	word	hae	1	409	6	21633	8.815403422982884	0.10822125675810107	1.0	-0.9656874269739489	0.0	False		False		hae		AT4G28490	HAE
w:incapable	word	incapable	1	409	6	21633	8.815403422982884	0.10822125675810107	1.0	-0.9656874269739489	0.0	False		False		incapable		AT5G24270	SOS3
w:massively	word	massively	1	409	6	21633	8.815403422982884	0.10822125675810107	1.0	-0.9656874269739489	0.0	False		False		massively		AT5G09970	CYP78A7
w:mediation	word	mediation	1	409	6	21633	8.815403422982884	0.10822125675810107	1.0	-0.9656874269739489	0.0	False		False		mediation		AT1G34370	STOP1
w:methylmethionine	word	methylmethionine	1	409	6	21633	8.815403422982884	0.10822125675810107	1.0	-0.9656874269739489	0.0	False		False		methylmethionine		AT3G25900	HMT-1
w:perturbing	word	perturbing	1	409	6	21633	8.815403422982884	0.10822125675810107	1.0	-0.9656874269739489	0.0	False		False		perturbing		AT5G02760	PP2C67
w:phenyl	word	phenyl	1	409	6	21633	8.815403422982884	0.10822125675810107	1.0	-0.9656874269739489	0.0	False		False		phenyl		AT1G61820	BGLU46
w:pinoid	word	pinoid	1	409	6	21633	8.815403422982884	0.10822125675810107	1.0	-0.9656874269739489	0.0	False		False		pinoid		AT5G54490	PBP1
w:proscoop	word	proscoop	1	409	6	21633	8.815403422982884	0.10822125675810107	1.0	-0.9656874269739489	0.0	False		False		proscoop		AT5G64900	PROPEP1
w:relationship	word	relationship	1	409	6	21633	8.815403422982884	0.10822125675810107	1.0	-0.9656874269739489	0.0	False		False		relationship		AT2G38470	WRKY33
w:sixfold	word	sixfold	1	409	6	21633	8.815403422982884	0.10822125675810107	1.0	-0.9656874269739489	0.0	False		False		sixfold		AT1G80840	WRKY40
w:skewed	word	skewed	1	409	6	21633	8.815403422982884	0.10822125675810107	1.0	-0.9656874269739489	0.0	False		False		skewed		AT1G75640	MUS
w:slanting	word	slanting	1	409	6	21633	8.815403422982884	0.10822125675810107	1.0	-0.9656874269739489	0.0	False		False		slanting		AT1G55500	ECT4
w:smm	word	smm	1	409	6	21633	8.815403422982884	0.10822125675810107	1.0	-0.9656874269739489	0.0	False		False		smm		AT3G25900	HMT-1
w:stigmas	word	stigmas	1	409	6	21633	8.815403422982884	0.10822125675810107	1.0	-0.9656874269739489	0.0	False		False		stigmas		AT5G67060	HEC1
w:substituent	word	substituent	1	409	6	21633	8.815403422982884	0.10822125675810107	1.0	-0.9656874269739489	0.0	False		False		substituent		AT3G63440	CKX6
w:thigmomorphogenesis	word	thigmomorphogenesis	1	409	6	21633	8.815403422982884	0.10822125675810107	1.0	-0.9656874269739489	0.0	False		False		thigmomorphogenesis		AT1G11000	MLO4
w:thigmotropism	word	thigmotropism	1	409	6	21633	8.815403422982884	0.10822125675810107	1.0	-0.9656874269739489	0.0	False		False		thigmotropism		AT2G41100	TCH3
w:underwent	word	underwent	1	409	6	21633	8.815403422982884	0.10822125675810107	1.0	-0.9656874269739489	0.0	False		False		underwent		AT1G74660	MIF1
w:viiia	word	viiia	1	409	6	21633	8.815403422982884	0.10822125675810107	1.0	-0.9656874269739489	0.0	False		False		viiia		AT2G44830	PAX
w:withering	word	withering	1	409	6	21633	8.815403422982884	0.10822125675810107	1.0	-0.9656874269739489	0.0	False		False		withering		AT4G26080	ABI1
w:zfn	word	zfn	1	409	6	21633	8.815403422982884	0.10822125675810107	1.0	-0.9656874269739489	0.0	False		False		zfn		AT3G06410	AtC3H34
w:xylose	word	xylose	3	409	61	21633	2.6012665838310154	0.10857534752812749	1.0	-0.9642687718731104	0.0	True		False		xylose		AT3G28180, AT3G62720, AT4G31590	CSLC04, XT1, CSLC5
w:lignin	word	lignin	6	409	172	21633	1.8450844373685107	0.108618928848933	1.0	-0.9640944843392986	0.0	True		False		lignin		AT1G61820, AT2G18980, AT3G23250, AT5G14130, AT5G39580, AT5G64100	BGLU46, PER16, MYB15, PER55, PER62, PER69
w:freezing	word	freezing	4	409	96	21633	2.203850855745721	0.10885094663876527	1.0	-0.9631677896986386	0.0	True		False		freezing		AT3G23250, AT4G17615, AT4G20170, AT5G13330	MYB15, CBL1, GALS3, Rap2.6L
p:wide range	phrase	wide range	2	409	30	21633	3.526161369193154	0.10976725082322142	1.0	-0.9595272127843119	0.0	True		False		wide range		AT4G24570, AT5G61900	DIC2, BON1
w:additive	word	additive	2	409	30	21633	3.526161369193154	0.10976725082322142	1.0	-0.9595272127843119	0.0	True		False		additive		AT1G23080, AT2G01420	PIN7, PIN4
w:bonding	word	bonding	2	409	30	21633	3.526161369193154	0.10976725082322142	1.0	-0.9595272127843119	0.0	True		False		bonding		AT1G20190, AT2G39700	EXPA11, EXPA4
p:paired donor	phrase	paired donor	6	409	173	21633	1.8344192094068432	0.11084421682166247	1.0	-0.9552869608080298	0.0	True		False		paired donor		AT1G06080, AT1G17060, AT2G26710, AT3G50660, AT5G09970, AT5G45340	ADS1, CYP72C1, BAS1, DWF4, CYP78A7, CYP707A3
w:endosperm	word	endosperm	6	409	173	21633	1.8344192094068432	0.11084421682166247	1.0	-0.9552869608080298	0.0	True		False		endosperm		AT2G18980, AT2G34260, AT4G32460, AT5G39580, AT5G64100, AT5G66460	PER16, WDR55, BDX, PER62, PER69, MAN7
w:narrow	word	narrow	4	409	97	21633	2.1811307438308165	0.1119414484246743	1.0	-0.9510090780012574	0.0	True		False		narrow		AT3G27580, AT3G60630, AT4G39400, AT5G61900	ATPK7, HAM2, BRI1, BON1
w:phloem	word	phloem	7	409	214	21633	1.730125905445239	0.11247965485269365	1.0	-0.9489260249682819	0.0	True		False		phloem		AT1G28370, AT1G73590, AT4G11280, AT4G13195, AT4G17490, AT5G19530, AT5G61600	ERF11, PIN1, ACS6, CLE44, ERF6, ACL5, ERF104
p:drought tolerance	phrase	drought tolerance	3	409	62	21633	2.55931067118858	0.11258358012668378	1.0	-0.9485249450119203	0.0	True		False		drought tolerance		AT2G41230, AT5G24270, AT5G45340	ORS1, SOS3, CYP707A3
p:pectinesterase inhibitor	phrase	pectinesterase inhibitor	3	409	62	21633	2.55931067118858	0.11258358012668378	1.0	-0.9485249450119203	0.0	True		False		pectinesterase inhibitor		AT3G10720, AT3G43270, AT3G49220	PME25, PME32, PME34
w:morphology	word	morphology	8	409	256	21633	1.652888141809291	0.11392354834327105	1.0	-0.9433864966539944	0.0	True		False		morphology		AT1G10550, AT1G55500, AT1G74660, AT3G02170, AT3G60630, AT4G02220, AT5G03730, AT5G15580	XTH33, ECT4, MIF1, LNG2, HAM2, PDCD2, CTR1, LNG1
w:post‑embryonic	word	post-embryonic	4	409	98	21633	2.158874307669278	0.11507060926772102	1.0	-0.9390355874283823	0.0	True		False		post-embryonic		AT2G41230, AT4G28490, AT5G03730, AT5G09970	ORS1, HAE, CTR1, CYP78A7
w:turnover	word	turnover	4	409	98	21633	2.158874307669278	0.11507060926772102	1.0	-0.9390355874283823	0.0	True		False		turnover		AT1G04240, AT3G02070, AT3G23050, AT4G24160	SHY2, OTU12, IAA7, AT4G24160
w:barrier	word	barrier	2	409	31	21633	3.4124142282514396	0.11593182946916109	1.0	-0.9357973106712636	0.0	True		False		barrier		AT2G38470, AT2G39350	WRKY33, ABCG1
w:canonical	word	canonical	2	409	31	21633	3.4124142282514396	0.11593182946916109	1.0	-0.9357973106712636	0.0	True		False		canonical		AT1G19220, AT2G43290	ARF19, MSS3
w:cle	word	cle	2	409	31	21633	3.4124142282514396	0.11593182946916109	1.0	-0.9357973106712636	0.0	True		False		cle		AT4G13195, AT4G16515	CLE44, RGF6
w:determining	word	determining	2	409	31	21633	3.4124142282514396	0.11593182946916109	1.0	-0.9357973106712636	0.0	True		False		determining		AT1G04240, AT1G58340	SHY2, ZF14
w:non‑covalent	word	non-covalent	2	409	31	21633	3.4124142282514396	0.11593182946916109	1.0	-0.9357973106712636	0.0	True		False		non-covalent		AT1G20190, AT2G39700	EXPA11, EXPA4
w:gynoecium	word	gynoecium	3	409	63	21633	2.518686692280824	0.11664746455701731	1.0	-0.9331246965690156	0.0	True		False		gynoecium		AT4G17460, AT5G03730, AT5G67060	HAT1, CTR1, HEC1
w:carpel	word	carpel	4	409	99	21633	2.1370674964806993	0.11823787847409527	1.0	-0.9272433713651795	0.0	True		False		carpel		AT1G55500, AT1G73590, AT5G15160, AT5G67060	ECT4, PIN1, BNQ2, HEC1
w:ectopic	word	ectopic	4	409	99	21633	2.1370674964806993	0.11823787847409527	1.0	-0.9272433713651795	0.0	True		False		ectopic		AT1G51170, AT1G74660, AT2G34140, AT4G12110	UCN, MIF1, CDF4, SMO1-1
w:flc	word	flc	5	409	137	21633	1.930380311602092	0.118648567440904	1.0	-0.9257375010729911	0.0	True		False		flc		AT2G22810, AT3G02885, AT4G11280, AT4G37770, AT4G39400	ACS4, GASA5, ACS6, ACS8, BRI1
w:kanamycin	word	kanamycin	3	409	64	21633	2.4793322127139366	0.12076559094328945	1.0	-0.9180567891599323	0.0	True		False		kanamycin		AT1G04310, AT1G30570, AT2G40940	ERS2, HERK2, ERS1
w:tgac	word	tgac	3	409	64	21633	2.4793322127139366	0.12076559094328945	1.0	-0.9180567891599323	0.0	True		False		tgac		AT1G80840, AT2G47260, AT3G01970	WRKY40, WRKY23, WRKY45
w:constitutive	word	constitutive	5	409	138	21633	1.9163920484745405	0.12132490063673423	1.0	-0.9160500556931689	0.0	True		False		constitutive		AT1G04310, AT1G52830, AT1G74660, AT2G35930, AT5G03730	ERS2, IAA6, MIF1, PUB23, CTR1
w:age	word	age	2	409	32	21633	3.305776283618582	0.12218187665062807	1.0	-0.912993208613462	0.0	True		False		age		AT1G25320, AT4G39400	SENRK1, BRI1
w:ecotype	word	ecotype	2	409	32	21633	3.305776283618582	0.12218187665062807	1.0	-0.912993208613462	0.0	True		False		ecotype		AT4G17615, AT4G38850	CBL1, SAUR15
w:elongating	word	elongating	2	409	32	21633	3.305776283618582	0.12218187665062807	1.0	-0.912993208613462	0.0	True		False		elongating		AT4G30290, AT5G51810	XTH19, GA20OX2
w:protophloem	word	protophloem	2	409	32	21633	3.305776283618582	0.12218187665062807	1.0	-0.912993208613462	0.0	True		False		protophloem		AT2G44830, AT4G13195	PAX, CLE44
w:valve	word	valve	2	409	32	21633	3.305776283618582	0.12218187665062807	1.0	-0.912993208613462	0.0	True		False		valve		AT1G73590, AT5G66460	PIN1, MAN7
w:triggered	word	triggered	5	409	139	21633	1.902605055320047	0.1240293209614156	1.0	-0.9064756339792531	0.0	True		False		triggered		AT1G73080, AT2G35930, AT3G04570, AT3G23250, AT4G37290	PEPR1, PUB23, AHL19, MYB15, PIP2
w:primordia	word	primordia	4	409	101	21633	2.094749328233557	0.12468448807920562	1.0	-0.9041875734712913	0.0	True		False		primordia		AT1G11000, AT1G55500, AT4G30290, AT4G37590	MLO4, ECT4, XTH19, NPY5
p:lipid droplet	phrase	lipid droplet	3	409	65	21633	2.4411886402106453	0.12493654280042873	1.0	-0.9033105158661467	0.0	True		False		lipid droplet		AT1G10740, AT1G78970, AT4G24160	LDAH1, LUP1, AT4G24160
w:null	word	null	3	409	65	21633	2.4411886402106453	0.12493654280042873	1.0	-0.9033105158661467	0.0	True		False		null		AT1G17060, AT2G26070, AT2G26710	CYP72C1, RTE1, BAS1
p:apoplastic barrier	phrase	apoplastic barrier	1	409	7	21633	7.556060076842472	0.12508617126246765	1.0	-0.9027907005093646	0.0	False		False		apoplastic barrier		AT2G38470	WRKY33
p:auxin canalization	phrase	auxin canalization	1	409	7	21633	7.556060076842472	0.12508617126246765	1.0	-0.9027907005093646	0.0	False		False		auxin canalization		AT4G17350	FL5
p:beta amyrin	phrase	beta amyrin	1	409	7	21633	7.556060076842472	0.12508617126246765	1.0	-0.9027907005093646	0.0	False		False		beta amyrin		AT1G78970	LUP1
p:beta mannanase	phrase	beta mannanase	1	409	7	21633	7.556060076842472	0.12508617126246765	1.0	-0.9027907005093646	0.0	False		False		beta mannanase		AT5G66460	MAN7
p:brz insensitive	phrase	brz insensitive	1	409	7	21633	7.556060076842472	0.12508617126246765	1.0	-0.9027907005093646	0.0	False		False		brz insensitive		AT5G65300	SUPA
p:carrying recessive	phrase	carrying recessive	1	409	7	21633	7.556060076842472	0.12508617126246765	1.0	-0.9027907005093646	0.0	False		False		carrying recessive		AT5G24270	SOS3
p:electrolyte leakage	phrase	electrolyte leakage	1	409	7	21633	7.556060076842472	0.12508617126246765	1.0	-0.9027907005093646	0.0	False		False		electrolyte leakage		AT2G38470	WRKY33
p:gfp tagged	phrase	gfp tagged	1	409	7	21633	7.556060076842472	0.12508617126246765	1.0	-0.9027907005093646	0.0	False		False		gfp tagged		AT5G01180	PTR5
p:gulonolactone oxidase	phrase	gulonolactone oxidase	1	409	7	21633	7.556060076842472	0.12508617126246765	1.0	-0.9027907005093646	0.0	False		False		gulonolactone oxidase		AT2G46740	GulLO5
p:mannan endo	phrase	mannan endo	1	409	7	21633	7.556060076842472	0.12508617126246765	1.0	-0.9027907005093646	0.0	False		False		mannan endo		AT5G66460	MAN7
p:nadh pyrophosphatase	phrase	nadh pyrophosphatase	1	409	7	21633	7.556060076842472	0.12508617126246765	1.0	-0.9027907005093646	0.0	False		False		nadh pyrophosphatase		AT4G12720	NUDT7
p:non‑homologous end	phrase	non-homologous end	1	409	7	21633	7.556060076842472	0.12508617126246765	1.0	-0.9027907005093646	0.0	False		False		non-homologous end		AT5G01840	OFP1
p:novo pyrimidine	phrase	novo pyrimidine	1	409	7	21633	7.556060076842472	0.12508617126246765	1.0	-0.9027907005093646	0.0	False		False		novo pyrimidine		AT4G25280	UMK2
p:protophloem sieve	phrase	protophloem sieve	1	409	7	21633	7.556060076842472	0.12508617126246765	1.0	-0.9027907005093646	0.0	False		False		protophloem sieve		AT2G44830	PAX
p:recombinational repair	phrase	recombinational repair	1	409	7	21633	7.556060076842472	0.12508617126246765	1.0	-0.9027907005093646	0.0	False		False		recombinational repair		AT5G56220	TN21
p:shortened petiole	phrase	shortened petiole	1	409	7	21633	7.556060076842472	0.12508617126246765	1.0	-0.9027907005093646	0.0	False		False		shortened petiole		AT2G45400	BEN1
p:stereospecific oxidation	phrase	stereospecific oxidation	1	409	7	21633	7.556060076842472	0.12508617126246765	1.0	-0.9027907005093646	0.0	False		False		stereospecific oxidation		AT2G22830	SQE2
p:take longer	phrase	take longer	1	409	7	21633	7.556060076842472	0.12508617126246765	1.0	-0.9027907005093646	0.0	False		False		take longer		AT4G17615	CBL1
p:vertical plate	phrase	vertical plate	1	409	7	21633	7.556060076842472	0.12508617126246765	1.0	-0.9027907005093646	0.0	False		False		vertical plate		AT1G79700	WRI4
w:aberrantly	word	aberrantly	1	409	7	21633	7.556060076842472	0.12508617126246765	1.0	-0.9027907005093646	0.0	False		False		aberrantly		AT1G51170	UCN
w:alanyl	word	alanyl	1	409	7	21633	7.556060076842472	0.12508617126246765	1.0	-0.9027907005093646	0.0	False		False		alanyl		AT5G01180	PTR5
w:allylic	word	allylic	1	409	7	21633	7.556060076842472	0.12508617126246765	1.0	-0.9027907005093646	0.0	False		False		allylic		AT1G30760	AtBBE-like 13
w:apple	word	apple	1	409	7	21633	7.556060076842472	0.12508617126246765	1.0	-0.9027907005093646	0.0	False		False		apple		AT5G19440	AT5G19440
w:bolted	word	bolted	1	409	7	21633	7.556060076842472	0.12508617126246765	1.0	-0.9027907005093646	0.0	False		False		bolted		AT5G03730	CTR1
w:coexpression	word	coexpression	1	409	7	21633	7.556060076842472	0.12508617126246765	1.0	-0.9027907005093646	0.0	False		False		coexpression		AT1G80840	WRKY40
w:colour	word	colour	1	409	7	21633	7.556060076842472	0.12508617126246765	1.0	-0.9027907005093646	0.0	False		False		colour		AT4G39400	BRI1
w:conditioned	word	conditioned	1	409	7	21633	7.556060076842472	0.12508617126246765	1.0	-0.9027907005093646	0.0	False		False		conditioned		AT4G12720	NUDT7
w:copine	word	copine	1	409	7	21633	7.556060076842472	0.12508617126246765	1.0	-0.9027907005093646	0.0	False		False		copine		AT5G61900	BON1
w:dctp	word	dctp	1	409	7	21633	7.556060076842472	0.12508617126246765	1.0	-0.9027907005093646	0.0	False		False		dctp		AT4G25280	UMK2
w:degron	word	degron	1	409	7	21633	7.556060076842472	0.12508617126246765	1.0	-0.9027907005093646	0.0	False		False		degron		AT3G62100	IAA30
w:demethylated	word	demethylated	1	409	7	21633	7.556060076842472	0.12508617126246765	1.0	-0.9027907005093646	0.0	False		False		demethylated		AT3G10870	MES17
w:dimethyltransferase	word	dimethyltransferase	1	409	7	21633	7.556060076842472	0.12508617126246765	1.0	-0.9027907005093646	0.0	False		False		dimethyltransferase		AT3G02320	AtTRM1a
w:engulfment	word	engulfment	1	409	7	21633	7.556060076842472	0.12508617126246765	1.0	-0.9027907005093646	0.0	False		False		engulfment		AT3G60260	ELMOD_A
w:forward	word	forward	1	409	7	21633	7.556060076842472	0.12508617126246765	1.0	-0.9027907005093646	0.0	False		False		forward		AT2G43060	IBH1
w:golven	word	golven	1	409	7	21633	7.556060076842472	0.12508617126246765	1.0	-0.9027907005093646	0.0	False		False		golven		AT4G16515	RGF6
w:gull	word	gull	1	409	7	21633	7.556060076842472	0.12508617126246765	1.0	-0.9027907005093646	0.0	False		False		gull		AT2G46740	GulLO5
w:gulonolactone	word	gulonolactone	1	409	7	21633	7.556060076842472	0.12508617126246765	1.0	-0.9027907005093646	0.0	False		False		gulonolactone		AT2G46740	GulLO5
w:hemibiotrophic	word	hemibiotrophic	1	409	7	21633	7.556060076842472	0.12508617126246765	1.0	-0.9027907005093646	0.0	False		False		hemibiotrophic		AT1G80840	WRKY40
w:hydathode	word	hydathode	1	409	7	21633	7.556060076842472	0.12508617126246765	1.0	-0.9027907005093646	0.0	False		False		hydathode		AT5G37770	TCH2
w:hydroxybenzoate	word	hydroxybenzoate	1	409	7	21633	7.556060076842472	0.12508617126246765	1.0	-0.9027907005093646	0.0	False		False		hydroxybenzoate		AT4G38540	MO2
w:ipa	word	ipa	1	409	7	21633	7.556060076842472	0.12508617126246765	1.0	-0.9027907005093646	0.0	False		False		ipa		AT1G73590	PIN1
w:lyr	word	lyr	1	409	7	21633	7.556060076842472	0.12508617126246765	1.0	-0.9027907005093646	0.0	False		False		lyr		AT2G39725	SDHAF1
w:mannanase	word	mannanase	1	409	7	21633	7.556060076842472	0.12508617126246765	1.0	-0.9027907005093646	0.0	False		False		mannanase		AT5G66460	MAN7
w:mannase	word	mannase	1	409	7	21633	7.556060076842472	0.12508617126246765	1.0	-0.9027907005093646	0.0	False		False		mannase		AT5G66460	MAN7
w:multicopy	word	multicopy	1	409	7	21633	7.556060076842472	0.12508617126246765	1.0	-0.9027907005093646	0.0	False		False		multicopy		AT2G43290	MSS3
w:nhej	word	nhej	1	409	7	21633	7.556060076842472	0.12508617126246765	1.0	-0.9027907005093646	0.0	False		False		nhej		AT5G01840	OFP1
w:northern	word	northern	1	409	7	21633	7.556060076842472	0.12508617126246765	1.0	-0.9027907005093646	0.0	False		False		northern		AT2G40940	ERS1
w:nramp	word	nramp	1	409	7	21633	7.556060076842472	0.12508617126246765	1.0	-0.9027907005093646	0.0	False		False		nramp		AT2G23150	NRAMP3
w:nucleoplasmic	word	nucleoplasmic	1	409	7	21633	7.556060076842472	0.12508617126246765	1.0	-0.9027907005093646	0.0	False		False		nucleoplasmic		AT3G23050	IAA7
w:overexpressor	word	overexpressor	1	409	7	21633	7.556060076842472	0.12508617126246765	1.0	-0.9027907005093646	0.0	False		False		overexpressor		AT5G65300	SUPA
w:phytodienoic	word	phytodienoic	1	409	7	21633	7.556060076842472	0.12508617126246765	1.0	-0.9027907005093646	0.0	False		False		phytodienoic		AT3G25780	AOC3
w:plant'	word	plant'	1	409	7	21633	7.556060076842472	0.12508617126246765	1.0	-0.9027907005093646	0.0	False		False		plant'		AT5G50570	SPL13A
w:progesterone	word	progesterone	1	409	7	21633	7.556060076842472	0.12508617126246765	1.0	-0.9027907005093646	0.0	False		False		progesterone		AT4G14965	MAPR4
w:rfos	word	rfos	1	409	7	21633	7.556060076842472	0.12508617126246765	1.0	-0.9027907005093646	0.0	False		False		rfos		AT1G09350	GolS3
w:ripen	word	ripen	1	409	7	21633	7.556060076842472	0.12508617126246765	1.0	-0.9027907005093646	0.0	False		False		ripen		AT4G17615	CBL1
w:sgs	word	sgs	1	409	7	21633	7.556060076842472	0.12508617126246765	1.0	-0.9027907005093646	0.0	False		False		sgs		AT5G44260	TZF5
w:sim	word	sim	1	409	7	21633	7.556060076842472	0.12508617126246765	1.0	-0.9027907005093646	0.0	False		False		sim		AT2G47260	WRKY23
w:sinapyl	word	sinapyl	1	409	7	21633	7.556060076842472	0.12508617126246765	1.0	-0.9027907005093646	0.0	False		False		sinapyl		AT1G30760	AtBBE-like 13
w:sirtinol	word	sirtinol	1	409	7	21633	7.556060076842472	0.12508617126246765	1.0	-0.9027907005093646	0.0	False		False		sirtinol		AT1G19220	ARF19
w:sno	word	sno	1	409	7	21633	7.556060076842472	0.12508617126246765	1.0	-0.9027907005093646	0.0	False		False		sno		AT5G59820	RHL41
w:stressed	word	stressed	1	409	7	21633	7.556060076842472	0.12508617126246765	1.0	-0.9027907005093646	0.0	False		False		stressed		AT2G38470	WRKY33
w:sulfolipid	word	sulfolipid	1	409	7	21633	7.556060076842472	0.12508617126246765	1.0	-0.9027907005093646	0.0	False		False		sulfolipid		AT1G02660	PLIP2
w:synergy	word	synergy	1	409	7	21633	7.556060076842472	0.12508617126246765	1.0	-0.9027907005093646	0.0	False		False		synergy		AT5G24270	SOS3
w:thermomemory	word	thermomemory	1	409	7	21633	7.556060076842472	0.12508617126246765	1.0	-0.9027907005093646	0.0	False		False		thermomemory		AT1G04310	ERS2
w:tmd	word	tmd	1	409	7	21633	7.556060076842472	0.12508617126246765	1.0	-0.9027907005093646	0.0	False		False		tmd		AT5G12940	AT5G12940
w:ttl	word	ttl	1	409	7	21633	7.556060076842472	0.12508617126246765	1.0	-0.9027907005093646	0.0	False		False		ttl		AT4G39400	BRI1
w:regulating	word	regulating	16	409	616	21633	1.3738291048804496	0.12581376555896986	1.0	-0.9002718391829659	0.0	True		False		regulating		AT1G25320, AT1G34110, AT1G70940, AT1G77000, AT2G19620, AT2G25790, AT3G03680, AT3G24240, AT4G17490, AT4G24160, AT4G37590, AT5G09970, AT5G13330, AT5G47370, AT5G51190, AT5G61600	SENRK1, RGI5, PIN3, SKP2B, NDL3, SKM1, MCTP14, RGI1, ERF6, AT4G24160, NPY5, CYP78A7, Rap2.6L, HAT2, ERF105, ERF104
p:blue light	phrase	blue light	5	409	140	21633	1.8890150192106185	0.12676153399106635	1.0	-0.8970125138819864	0.0	True		False		blue light		AT1G19220, AT1G70940, AT3G27580, AT5G53980, AT5G65300	ARF19, PIN3, ATPK7, HB52, SUPA
w:removal	word	removal	5	409	140	21633	1.8890150192106185	0.12676153399106635	1.0	-0.8970125138819864	0.0	True		False		removal		AT2G18980, AT4G12110, AT5G14130, AT5G39580, AT5G64100	PER16, SMO1-1, PER55, PER62, PER69
w:drought	word	drought	9	409	306	21633	1.5556594275852151	0.12785794089982666	1.0	-0.8932722939819584	0.0	True		False		drought		AT2G18010, AT2G35930, AT2G41230, AT3G23250, AT4G17615, AT4G26080, AT5G24270, AT5G45340, AT5G59010	SAUR10, PUB23, ORS1, MYB15, CBL1, ABI1, SOS3, CYP707A3, BSK5
p:biologically active	phrase	biologically active	2	409	33	21633	3.2056012447210493	0.12851197785390023	1.0	-0.8910563923838445	0.0	True		False		biologically active		AT1G02400, AT5G03730	GA2OX6, CTR1
p:quiescent center	phrase	quiescent center	2	409	33	21633	3.2056012447210493	0.12851197785390023	1.0	-0.8910563923838445	0.0	True		False		quiescent center		AT2G01420, AT3G62100	PIN4, IAA30
w:adventitious	word	adventitious	2	409	33	21633	3.2056012447210493	0.12851197785390023	1.0	-0.8910563923838445	0.0	True		False		adventitious		AT1G73590, AT5G13330	PIN1, Rap2.6L
w:casp	word	casp	2	409	33	21633	3.2056012447210493	0.12851197785390023	1.0	-0.8910563923838445	0.0	True		False		casp		AT3G14380, AT4G16442	CASPL2A2, CASPL2B1
w:conferring	word	conferring	2	409	33	21633	3.2056012447210493	0.12851197785390023	1.0	-0.8910563923838445	0.0	True		False		conferring		AT1G44830, AT2G25790	ERF014, SKM1
w:extensive	word	extensive	2	409	33	21633	3.2056012447210493	0.12851197785390023	1.0	-0.8910563923838445	0.0	True		False		extensive		AT1G80840, AT5G03730	WRKY40, CTR1
w:feeding	word	feeding	2	409	33	21633	3.2056012447210493	0.12851197785390023	1.0	-0.8910563923838445	0.0	True		False		feeding		AT2G47260, AT3G10870	WRKY23, MES17
w:hybrid	word	hybrid	3	409	66	21633	2.404200933540787	0.1291588985302952	1.0	-0.8888756673112287	0.0	True		False		hybrid		AT1G19220, AT4G17615, AT4G22470	ARF19, CBL1, DHYPRP1
w:suppressor	word	suppressor	8	409	264	21633	1.6028006223605247	0.12916232438777922	1.0	-0.8888641480795962	0.0	True		False		suppressor		AT1G04240, AT1G17060, AT1G52830, AT2G26710, AT2G43290, AT3G50660, AT4G13195, AT5G24270	SHY2, CYP72C1, IAA6, BAS1, MSS3, DWF4, CLE44, SOS3
w:system	word	system	15	409	574	21633	1.3822061116175257	0.13034801347988825	1.0	-0.8848955831477181	0.0	True		False		system		AT1G04310, AT1G11000, AT1G23080, AT1G70940, AT1G73590, AT2G01420, AT2G26710, AT2G40940, AT2G43290, AT3G10870, AT3G29170, AT4G13195, AT4G16515, AT5G03730, AT5G10520	ERS2, MLO4, PIN7, PIN3, PIN1, PIN4, BAS1, ERS1, MSS3, MES17, AT3G29170, CLE44, RGF6, CTR1, RBK1
k:Heme	keyword	Heme	10	409	351	21633	1.5069065680312628	0.13079714233792655	1.0	-0.8834017443942208	0.0	True		False		Heme		AT1G17060, AT2G18980, AT2G23180, AT2G26710, AT3G50660, AT5G09970, AT5G14130, AT5G39580, AT5G45340, AT5G64100	CYP72C1, PER16, CYP96A1, BAS1, DWF4, CYP78A7, PER55, PER62, CYP707A3, PER69
w:frequently	word	frequently	4	409	103	21633	2.054074583996012	0.13127667442793525	1.0	-0.8818124335994662	0.0	True		False		frequently		AT1G80840, AT2G38470, AT2G47260, AT3G01970	WRKY40, WRKY33, WRKY23, WRKY45
w:isozyme	word	isozyme	4	409	103	21633	2.054074583996012	0.13127667442793525	1.0	-0.8818124335994662	0.0	True		False		isozyme		AT2G18980, AT5G14130, AT5G39580, AT5G64100	PER16, PER55, PER62, PER69
w:slight	word	slight	4	409	103	21633	2.054074583996012	0.13127667442793525	1.0	-0.8818124335994662	0.0	True		False		slight		AT2G44830, AT3G24240, AT3G62720, AT5G67060	PAX, RGI1, XT1, HEC1
w:methionine	word	methionine	8	409	266	21633	1.5907494898615733	0.13312959060691473	1.0	-0.8757254035110608	0.0	True		False		methionine		AT2G22810, AT2G41380, AT3G02320, AT3G25900, AT4G11280, AT4G37770, AT5G10830, AT5G19530	ACS4, AT2G41380, AtTRM1a, HMT-1, ACS6, ACS8, AT5G10830, ACL5
p:finger ccch	phrase	finger ccch	3	409	67	21633	2.36831733751779	0.13343123285007497	1.0	-0.8747425012530927	0.0	True		False		finger ccch		AT2G40140, AT3G06410, AT5G44260	CZF1, AtC3H34, TZF5
w:communication	word	communication	3	409	67	21633	2.36831733751779	0.13343123285007497	1.0	-0.8747425012530927	0.0	True		False		communication		AT1G23080, AT1G70940, AT2G01420	PIN7, PIN3, PIN4
w:extension	word	extension	3	409	67	21633	2.36831733751779	0.13343123285007497	1.0	-0.8747425012530927	0.0	True		False		extension		AT1G20190, AT2G39700, AT2G43290	EXPA11, EXPA4, MSS3
w:delayed	word	delayed	11	409	397	21633	1.4655330627628977	0.13420372208564377	1.0	-0.872235439019189	0.0	True		False		delayed		AT1G17060, AT1G25320, AT1G55500, AT2G22810, AT3G60630, AT4G02220, AT4G08950, AT4G11280, AT4G37770, AT5G03730, AT5G50570	CYP72C1, SENRK1, ECT4, ACS4, HAM2, PDCD2, EXO, ACS6, ACS8, CTR1, SPL13A
w:receptor	word	receptor	26	409	1091	21633	1.2604976480158847	0.13429183384192914	1.0	-0.8719503955607448	0.0	True		False		receptor		AT1G04310, AT1G11050, AT1G25320, AT1G30570, AT1G34110, AT1G63500, AT1G68400, AT1G73080, AT1G75640, AT1G76650, AT2G25790, AT2G26530, AT2G40940, AT2G41820, AT2G48010, AT3G13380, AT3G24240, AT4G13195, AT4G28490, AT4G37295, AT4G39400, AT5G03730, AT5G05160, AT5G10520, AT5G20820, AT5G59010	ERS2, AT1G11050, SENRK1, HERK2, RGI5, BSK7, AT1G68400, PEPR1, MUS, CML38, SKM1, AR781, ERS1, PXC3, RKF3, BRL3, RGI1, CLE44, HAE, PIPL3, BRI1, CTR1, RUL1, RBK1, SAUR76, BSK5
w:calcium	word	calcium	15	409	577	21633	1.375019598038925	0.1343300969179465	1.0	-0.8718266719106291	0.0	True		False		calcium		AT1G53840, AT1G66400, AT1G76650, AT2G41100, AT2G43290, AT3G03680, AT3G56170, AT4G17615, AT4G26080, AT4G27280, AT5G04870, AT5G24270, AT5G37770, AT5G54490, AT5G61900	PME1, CML23, CML38, TCH3, MSS3, MCTP14, CAN, CBL1, ABI1, KRP1, CPK1, SOS3, TCH2, PBP1, BON1
w:autophosphorylation	word	autophosphorylation	4	409	104	21633	2.0343238668422043	0.13462588159047542	1.0	-0.8708714397301724	0.0	True		False		autophosphorylation		AT3G61160, AT4G28490, AT5G03730, AT5G04870	ASK2, HAE, CTR1, CPK1
w:acetate	word	acetate	2	409	34	21633	3.11131885517043	0.13491689184179276	1.0	-0.8699336724599105	0.0	True		False		acetate		AT3G10870, AT4G15550	MES17, IAGLU
w:conjugated	word	conjugated	2	409	34	21633	3.11131885517043	0.13491689184179276	1.0	-0.8699336724599105	0.0	True		False		conjugated		AT3G02070, AT5G19530	OTU12, ACL5
w:diffusion	word	diffusion	2	409	34	21633	3.11131885517043	0.13491689184179276	1.0	-0.8699336724599105	0.0	True		False		diffusion		AT1G73590, AT4G37590	PIN1, NPY5
w:disrupting	word	disrupting	2	409	34	21633	3.11131885517043	0.13491689184179276	1.0	-0.8699336724599105	0.0	True		False		disrupting		AT1G20190, AT2G39700	EXPA11, EXPA4
w:frc	word	frc	2	409	34	21633	3.11131885517043	0.13491689184179276	1.0	-0.8699336724599105	0.0	True		False		frc		AT2G30040, AT5G44260	MAPKKK14, TZF5
w:humidity	word	humidity	2	409	34	21633	3.11131885517043	0.13491689184179276	1.0	-0.8699336724599105	0.0	True		False		humidity		AT4G26080, AT5G61900	ABI1, BON1
w:quiescent	word	quiescent	2	409	34	21633	3.11131885517043	0.13491689184179276	1.0	-0.8699336724599105	0.0	True		False		quiescent		AT2G01420, AT3G62100	PIN4, IAA30
w:wider	word	wider	2	409	34	21633	3.11131885517043	0.13491689184179276	1.0	-0.8699336724599105	0.0	True		False		wider		AT1G55500, AT4G39400	ECT4, BRI1
k:Manganese	keyword	Manganese	10	409	355	21633	1.489927339095699	0.13771378884840563	1.0	-0.8610225730258396	0.0	True		False		Manganese		AT1G09350, AT1G22280, AT1G80290, AT2G30020, AT3G17090, AT3G62720, AT4G26080, AT5G02760, AT5G24270, AT5G66080	GolS3, PAPP2C, AT1G80290, AP2C1, PP2C42, XT1, ABI1, PP2C67, SOS3, PP2C79
p:triggered immunity	phrase	triggered immunity	3	409	68	21633	2.3334891413778225	0.13775211815517666	1.0	-0.8609017144650519	0.0	True		False		triggered immunity		AT1G73080, AT2G35930, AT3G23250	PEPR1, PUB23, MYB15
w:anchor	word	anchor	3	409	68	21633	2.3334891413778225	0.13775211815517666	1.0	-0.8609017144650519	0.0	True		False		anchor		AT1G80240, AT4G32460, AT5G13190	DGR1, BDX, GILP
w:droplet	word	droplet	3	409	68	21633	2.3334891413778225	0.13775211815517666	1.0	-0.8609017144650519	0.0	True		False		droplet		AT1G10740, AT1G78970, AT4G24160	LDAH1, LUP1, AT4G24160
w:lack	word	lack	8	409	269	21633	1.5730087892311468	0.13919605505209573	1.0	-0.8563730728675819	0.0	True		False		lack		AT1G73590, AT1G74660, AT3G28180, AT3G50660, AT3G62100, AT3G62720, AT4G31590, AT4G39400	PIN1, MIF1, CSLC04, DWF4, IAA30, XT1, CSLC5, BRI1
w:endogenous	word	endogenous	6	409	185	21633	1.7154298552831562	0.13931100459633491	1.0	-0.856014575990281	0.0	True		False		endogenous		AT1G02400, AT1G73080, AT2G01420, AT4G26080, AT4G37290, AT5G19530	GA2OX6, PEPR1, PIN4, ABI1, PIP2, ACL5
p:cipk serine	phrase	cipk serine	2	409	35	21633	3.0224240307369894	0.14139154606381502	1.0	-0.8495765566465769	0.0	True		False		cipk serine		AT4G17615, AT5G24270	CBL1, SOS3
p:lack trichome	phrase	lack trichome	2	409	35	21633	3.0224240307369894	0.14139154606381502	1.0	-0.8495765566465769	0.0	True		False		lack trichome		AT1G73590, AT4G39400	PIN1, BRI1
p:regulatory naf	phrase	regulatory naf	2	409	35	21633	3.0224240307369894	0.14139154606381502	1.0	-0.8495765566465769	0.0	True		False		regulatory naf		AT4G17615, AT5G24270	CBL1, SOS3
w:coordinated	word	coordinated	2	409	35	21633	3.0224240307369894	0.14139154606381502	1.0	-0.8495765566465769	0.0	True		False		coordinated		AT1G70940, AT1G73590	PIN3, PIN1
w:hipp	word	hipp	2	409	35	21633	3.0224240307369894	0.14139154606381502	1.0	-0.8495765566465769	0.0	True		False		hipp		AT3G48970, AT4G38580	HIPP31, FP6
w:isoprenylated	word	isoprenylated	2	409	35	21633	3.0224240307369894	0.14139154606381502	1.0	-0.8495765566465769	0.0	True		False		isoprenylated		AT3G48970, AT4G38580	HIPP31, FP6
w:naf	word	naf	2	409	35	21633	3.0224240307369894	0.14139154606381502	1.0	-0.8495765566465769	0.0	True		False		naf		AT4G17615, AT5G24270	CBL1, SOS3
w:variation	word	variation	2	409	35	21633	3.0224240307369894	0.14139154606381502	1.0	-0.8495765566465769	0.0	True		False		variation		AT2G01420, AT5G67060	PIN4, HEC1
w:venation	word	venation	2	409	35	21633	3.0224240307369894	0.14139154606381502	1.0	-0.8495765566465769	0.0	True		False		venation		AT1G73590, AT5G03730	PIN1, CTR1
k:DNA condensation	keyword	DNA condensation	1	409	8	21633	6.611552567237164	0.14163290926087937	1.0	-0.8488358239780115	0.0	False		False		DNA condensation		AT5G37630	EMB2656
p:axillary bud	phrase	axillary bud	1	409	8	21633	6.611552567237164	0.14163290926087937	1.0	-0.8488358239780115	0.0	False		False		axillary bud		AT4G13195	CLE44
p:lactone oxidase	phrase	lactone oxidase	1	409	8	21633	6.611552567237164	0.14163290926087937	1.0	-0.8488358239780115	0.0	False		False		lactone oxidase		AT2G46740	GulLO5
p:phosphodiester bond	phrase	phosphodiester bond	1	409	8	21633	6.611552567237164	0.14163290926087937	1.0	-0.8488358239780115	0.0	False		False		phosphodiester bond		AT3G56170	CAN
p:praf rld	phrase	praf rld	1	409	8	21633	6.611552567237164	0.14163290926087937	1.0	-0.8488358239780115	0.0	False		False		praf rld		AT1G65920	PRAF1
p:udp gal	phrase	udp gal	1	409	8	21633	6.611552567237164	0.14163290926087937	1.0	-0.8488358239780115	0.0	False		False		udp gal		AT4G39390	NST-K1
p:vein density	phrase	vein density	1	409	8	21633	6.611552567237164	0.14163290926087937	1.0	-0.8488358239780115	0.0	False		False		vein density		AT4G17350	FL5
p:wax crystal	phrase	wax crystal	1	409	8	21633	6.611552567237164	0.14163290926087937	1.0	-0.8488358239780115	0.0	False		False		wax crystal		AT1G79700	WRI4
w:amyrin	word	amyrin	1	409	8	21633	6.611552567237164	0.14163290926087937	1.0	-0.8488358239780115	0.0	False		False		amyrin		AT1G78970	LUP1
w:arabinono	word	arabinono	1	409	8	21633	6.611552567237164	0.14163290926087937	1.0	-0.8488358239780115	0.0	False		False		arabinono		AT2G46740	GulLO5
w:assayed	word	assayed	1	409	8	21633	6.611552567237164	0.14163290926087937	1.0	-0.8488358239780115	0.0	False		False		assayed		AT5G66080	PP2C79
w:blot	word	blot	1	409	8	21633	6.611552567237164	0.14163290926087937	1.0	-0.8488358239780115	0.0	False		False		blot		AT2G40940	ERS1
w:boi	word	boi	1	409	8	21633	6.611552567237164	0.14163290926087937	1.0	-0.8488358239780115	0.0	False		False		boi		AT3G12920	BRG3
w:canalization	word	canalization	1	409	8	21633	6.611552567237164	0.14163290926087937	1.0	-0.8488358239780115	0.0	False		False		canalization		AT4G17350	FL5
w:chip	word	chip	1	409	8	21633	6.611552567237164	0.14163290926087937	1.0	-0.8488358239780115	0.0	False		False		chip		AT1G79700	WRI4
w:circuit	word	circuit	1	409	8	21633	6.611552567237164	0.14163290926087937	1.0	-0.8488358239780115	0.0	False		False		circuit		AT5G59820	RHL41
w:cornifelin	word	cornifelin	1	409	8	21633	6.611552567237164	0.14163290926087937	1.0	-0.8488358239780115	0.0	False		False		cornifelin		AT1G52200	PCR8
w:dfr	word	dfr	1	409	8	21633	6.611552567237164	0.14163290926087937	1.0	-0.8488358239780115	0.0	False		False		dfr		AT3G25710	BHLH32
w:electrolyte	word	electrolyte	1	409	8	21633	6.611552567237164	0.14163290926087937	1.0	-0.8488358239780115	0.0	False		False		electrolyte		AT2G38470	WRKY33
w:experimental	word	experimental	1	409	8	21633	6.611552567237164	0.14163290926087937	1.0	-0.8488358239780115	0.0	False		False		experimental		AT1G35140	PHI-1
w:expression	word	expression	1	409	8	21633	6.611552567237164	0.14163290926087937	1.0	-0.8488358239780115	0.0	False		False		expression		AT1G09350	GolS3
w:extensibility	word	extensibility	1	409	8	21633	6.611552567237164	0.14163290926087937	1.0	-0.8488358239780115	0.0	False		False		extensibility		AT1G05010	EFE
w:field	word	field	1	409	8	21633	6.611552567237164	0.14163290926087937	1.0	-0.8488358239780115	0.0	False		False		field		AT4G28640	IAA11
w:gnom	word	gnom	1	409	8	21633	6.611552567237164	0.14163290926087937	1.0	-0.8488358239780115	0.0	False		False		gnom		AT1G73590	PIN1
w:gulono	word	gulono	1	409	8	21633	6.611552567237164	0.14163290926087937	1.0	-0.8488358239780115	0.0	False		False		gulono		AT2G46740	GulLO5
w:innermost	word	innermost	1	409	8	21633	6.611552567237164	0.14163290926087937	1.0	-0.8488358239780115	0.0	False		False		innermost		AT4G16515	RGF6
w:isomerize	word	isomerize	1	409	8	21633	6.611552567237164	0.14163290926087937	1.0	-0.8488358239780115	0.0	False		False		isomerize		AT2G46740	GulLO5
w:leak	word	leak	1	409	8	21633	6.611552567237164	0.14163290926087937	1.0	-0.8488358239780115	0.0	False		False		leak		AT4G24570	DIC2
w:meiaa	word	meiaa	1	409	8	21633	6.611552567237164	0.14163290926087937	1.0	-0.8488358239780115	0.0	False		False		meiaa		AT3G10870	MES17
w:non‑reducing	word	non-reducing	1	409	8	21633	6.611552567237164	0.14163290926087937	1.0	-0.8488358239780115	0.0	False		False		non-reducing		AT3G62720	XT1
w:oligogalacturonide	word	oligogalacturonide	1	409	8	21633	6.611552567237164	0.14163290926087937	1.0	-0.8488358239780115	0.0	False		False		oligogalacturonide		AT4G20830	AtBBE19
w:osmoprotectant	word	osmoprotectant	1	409	8	21633	6.611552567237164	0.14163290926087937	1.0	-0.8488358239780115	0.0	False		False		osmoprotectant		AT1G09350	GolS3
w:pac	word	pac	1	409	8	21633	6.611552567237164	0.14163290926087937	1.0	-0.8488358239780115	0.0	False		False		pac		AT1G74660	MIF1
w:phototrophic	word	phototrophic	1	409	8	21633	6.611552567237164	0.14163290926087937	1.0	-0.8488358239780115	0.0	False		False		phototrophic		AT3G27580	ATPK7
w:pks	word	pks	1	409	8	21633	6.611552567237164	0.14163290926087937	1.0	-0.8488358239780115	0.0	False		False		pks		AT5G04190	PKS4
w:poly‑adp	word	poly-adp	1	409	8	21633	6.611552567237164	0.14163290926087937	1.0	-0.8488358239780115	0.0	False		False		poly-adp		AT4G12720	NUDT7
w:praf	word	praf	1	409	8	21633	6.611552567237164	0.14163290926087937	1.0	-0.8488358239780115	0.0	False		False		praf		AT1G65920	PRAF1
w:pxy	word	pxy	1	409	8	21633	6.611552567237164	0.14163290926087937	1.0	-0.8488358239780115	0.0	False		False		pxy		AT2G41820	PXC3
w:rav	word	rav	1	409	8	21633	6.611552567237164	0.14163290926087937	1.0	-0.8488358239780115	0.0	False		False		rav		AT3G25730	EDF3
w:recombinational	word	recombinational	1	409	8	21633	6.611552567237164	0.14163290926087937	1.0	-0.8488358239780115	0.0	False		False		recombinational		AT5G56220	TN21
w:regime	word	regime	1	409	8	21633	6.611552567237164	0.14163290926087937	1.0	-0.8488358239780115	0.0	False		False		regime		AT1G35140	PHI-1
w:rgfs	word	rgfs	1	409	8	21633	6.611552567237164	0.14163290926087937	1.0	-0.8488358239780115	0.0	False		False		rgfs		AT4G16515	RGF6
w:selfed	word	selfed	1	409	8	21633	6.611552567237164	0.14163290926087937	1.0	-0.8488358239780115	0.0	False		False		selfed		AT3G50660	DWF4
w:semidwarf	word	semidwarf	1	409	8	21633	6.611552567237164	0.14163290926087937	1.0	-0.8488358239780115	0.0	False		False		semidwarf		AT4G25420	GA20OX1
w:setting	word	setting	1	409	8	21633	6.611552567237164	0.14163290926087937	1.0	-0.8488358239780115	0.0	False		False		setting		AT1G23080	PIN7
w:shedding	word	shedding	1	409	8	21633	6.611552567237164	0.14163290926087937	1.0	-0.8488358239780115	0.0	False		False		shedding		AT3G14380	CASPL2A2
w:supressor	word	supressor	1	409	8	21633	6.611552567237164	0.14163290926087937	1.0	-0.8488358239780115	0.0	False		False		supressor		AT1G29950	BHLH144
w:totally	word	totally	1	409	8	21633	6.611552567237164	0.14163290926087937	1.0	-0.8488358239780115	0.0	False		False		totally		AT1G08430	ALMT1
w:vertically	word	vertically	1	409	8	21633	6.611552567237164	0.14163290926087937	1.0	-0.8488358239780115	0.0	False		False		vertically		AT1G19220	ARF19
w:ccch	word	ccch	3	409	69	21633	2.2996704581694485	0.14212012581883193	1.0	-0.8473444167019875	0.0	True		False		ccch		AT2G40140, AT3G06410, AT5G44260	CZF1, AtC3H34, TZF5
w:chlorosis	word	chlorosis	3	409	69	21633	2.2996704581694485	0.14212012581883193	1.0	-0.8473444167019875	0.0	True		False		chlorosis		AT1G80840, AT2G23150, AT5G61900	WRKY40, NRAMP3, BON1
w:paired	word	paired	6	409	187	21633	1.6970830119111435	0.14435967528736934	1.0	-0.8405541034832862	0.0	True		False		paired		AT1G06080, AT1G17060, AT2G26710, AT3G50660, AT5G09970, AT5G45340	ADS1, CYP72C1, BAS1, DWF4, CYP78A7, CYP707A3
w:oxo	word	oxo	3	409	70	21633	2.266818023052742	0.14653382743054638	1.0	-0.8340621065687688	0.0	True		False		oxo		AT3G25780, AT3G44540, AT4G12720	AOC3, FAR4, NUDT7
w:premature	word	premature	3	409	70	21633	2.266818023052742	0.14653382743054638	1.0	-0.8340621065687688	0.0	True		False		premature		AT2G34140, AT5G13330, AT5G19530	CDF4, Rap2.6L, ACL5
w:jasmonate	word	jasmonate	5	409	147	21633	1.7990619230577316	0.1466391782751452	1.0	-0.8337499817035728	0.0	True		False		jasmonate		AT1G02660, AT1G04310, AT1G27730, AT2G40940, AT5G13330	PLIP2, ERS2, STZ, ERS1, Rap2.6L
w:weak	word	weak	5	409	147	21633	1.7990619230577316	0.1466391782751452	1.0	-0.8337499817035728	0.0	True		False		weak		AT1G73590, AT2G26070, AT4G25420, AT4G39400, AT5G65640	PIN1, RTE1, GA20OX1, BRI1, bHLH093
k:Nuclear pore complex	keyword	Nuclear pore complex	2	409	36	21633	2.938467807660962	0.14793103217726325	1.0	-0.8299407124826826	0.0	True		False		Nuclear pore complex		AT2G30060, AT3G16310	RANBP1B, NUP35
p:chromosome condensation	phrase	chromosome condensation	2	409	36	21633	2.938467807660962	0.14793103217726325	1.0	-0.8299407124826826	0.0	True		False		chromosome condensation		AT1G65920, AT5G37630	PRAF1, EMB2656
w:environment	word	environment	2	409	36	21633	2.938467807660962	0.14793103217726325	1.0	-0.8299407124826826	0.0	True		False		environment		AT1G34370, AT5G57560	STOP1, TCH4
w:homogalacturonan	word	homogalacturonan	2	409	36	21633	2.938467807660962	0.14793103217726325	1.0	-0.8299407124826826	0.0	True		False		homogalacturonan		AT4G32460, AT5G45280	BDX, PAE11
w:substantially	word	substantially	2	409	36	21633	2.938467807660962	0.14793103217726325	1.0	-0.8299407124826826	0.0	True		False		substantially		AT3G25710, AT5G24270	BHLH32, SOS3
w:take	word	take	2	409	36	21633	2.938467807660962	0.14793103217726325	1.0	-0.8299407124826826	0.0	True		False		take		AT3G59900, AT4G17615	ARGOS, CBL1
p:conjugating enzyme	phrase	conjugating enzyme	5	409	148	21633	1.7869060992532877	0.14958239758885172	1.0	-0.8251195099462292	0.0	True		False		conjugating enzyme		AT1G59500, AT2G14960, AT2G23170, AT4G27260, AT5G54510	GH3.4, GH3.1, GH3.3, WES1, DFL1
w:triple	word	triple	5	409	148	21633	1.7869060992532877	0.14958239758885172	1.0	-0.8251195099462292	0.0	True		False		triple		AT2G35930, AT4G20170, AT4G39400, AT5G03730, AT5G67060	PUB23, GALS3, BRI1, CTR1, HEC1
w:mildew	word	mildew	3	409	71	21633	2.2348910086435483	0.15099179597547546	1.0	-0.8210466491265265	0.0	True		False		mildew		AT1G11000, AT1G80840, AT3G26470	MLO4, WRKY40, AT3G26470
p:dependent manner	phrase	dependent manner	9	409	320	21633	1.487599327628362	0.1544623446506858	1.0	-0.8111773771039762	0.0	True		False		dependent manner		AT1G19220, AT1G53840, AT2G41230, AT3G23050, AT4G16515, AT4G17615, AT5G04190, AT5G24270, AT5G65300	ARF19, PME1, ORS1, IAA7, RGF6, CBL1, PKS4, SOS3, SUPA
w:extended	word	extended	2	409	37	21633	2.85904975880526	0.15453060167670774	1.0	-0.8109855044377101	0.0	True		False		extended		AT1G35140, AT1G55500	PHI-1, ECT4
w:hour	word	hour	2	409	37	21633	2.85904975880526	0.15453060167670774	1.0	-0.8109855044377101	0.0	True		False		hour		AT3G60630, AT5G65300	HAM2, SUPA
w:ump	word	ump	2	409	37	21633	2.85904975880526	0.15453060167670774	1.0	-0.8109855044377101	0.0	True		False		ump		AT4G25280, AT4G39390	UMK2, NST-K1
w:stage	word	stage	13	409	500	21633	1.37520293398533	0.15509217915079998	1.0	-0.8094101018465437	0.0	True		False		stage		AT1G19220, AT1G73590, AT2G22810, AT2G23150, AT2G34260, AT2G42430, AT4G11280, AT4G37770, AT5G04670, AT5G37630, AT5G65300, AT5G65640, AT5G67060	ARF19, PIN1, ACS4, NRAMP3, WDR55, LBD16, ACS6, ACS8, EPCR2, EMB2656, SUPA, bHLH093, HEC1
w:biosynthetic	word	biosynthetic	39	409	1744	21633	1.1828006886341715	0.15533368932887853	1.0	-0.8087343427074067	0.0	True		False		biosynthetic		AT1G02400, AT1G05010, AT1G06080, AT1G09940, AT1G13250, AT1G19440, AT1G19540, AT1G44830, AT1G61820, AT1G73080, AT1G78970, AT1G79700, AT2G22810, AT2G22830, AT2G28350, AT2G38470, AT2G45400, AT2G46740, AT3G25710, AT3G25780, AT3G25900, AT3G28340, AT3G44540, AT3G50660, AT3G62720, AT4G11280, AT4G12110, AT4G12720, AT4G20320, AT4G24160, AT4G25280, AT4G25420, AT4G27260, AT4G32460, AT4G37770, AT5G03730, AT5G51810, AT5G65300, AT5G65640	GA2OX6, EFE, ADS1, HEMA2, GATL3, KCS4, AT1G19540, ERF014, BGLU46, PEPR1, LUP1, WRI4, ACS4, SQE2, ARF10, WRKY33, BEN1, GulLO5, BHLH32, AOC3, HMT-1, GATL10, FAR4, DWF4, XT1, ACS6, SMO1-1, NUDT7, CTPS4, AT4G24160, UMK2, GA20OX1, WES1, BDX, ACS8, CTR1, GA20OX2, SUPA, bHLH093
k:Hydroxylation	keyword	Hydroxylation	3	409	72	21633	2.203850855745721	0.15549260695674624	1.0	-0.808290255088704	0.0	True		False		Hydroxylation		AT4G13195, AT4G16515, AT4G37290	CLE44, RGF6, PIP2
p:udp glucose	phrase	udp glucose	3	409	72	21633	2.203850855745721	0.15549260695674624	1.0	-0.808290255088704	0.0	True		False		udp glucose		AT2G37330, AT4G12720, AT4G15550	ALS3, NUDT7, IAGLU
w:malate	word	malate	3	409	72	21633	2.203850855745721	0.15549260695674624	1.0	-0.808290255088704	0.0	True		False		malate		AT1G08430, AT1G34370, AT4G24570	ALMT1, STOP1, DIC2
w:death	word	death	10	409	365	21633	1.4491074119971867	0.155825961805764	1.0	-0.8073601838285718	0.0	True		False		death		AT1G11000, AT3G12920, AT3G50930, AT3G56170, AT4G02220, AT4G12720, AT5G04870, AT5G13190, AT5G19530, AT5G61900	MLO4, BRG3, BCS1, CAN, PDCD2, NUDT7, CPK1, GILP, ACL5, BON1
p:ath expbeta	phrase	ath expbeta	1	409	9	21633	5.876935615321924	0.157867459092662	1.0	-0.8017073810298834	0.0	False		False		ath expbeta		AT3G45960	EXLA3
p:flavin mononucleotide	phrase	flavin mononucleotide	1	409	9	21633	5.876935615321924	0.157867459092662	1.0	-0.8017073810298834	0.0	False		False		flavin mononucleotide		AT5G54500	FQR1
p:formaldehyde catabolic	phrase	formaldehyde catabolic	1	409	9	21633	5.876935615321924	0.157867459092662	1.0	-0.8017073810298834	0.0	False		False		formaldehyde catabolic		AT1G22440	AT1G22440
p:fruit abscission	phrase	fruit abscission	1	409	9	21633	5.876935615321924	0.157867459092662	1.0	-0.8017073810298834	0.0	False		False		fruit abscission		AT1G11000	MLO4
p:knot nematode	phrase	knot nematode	1	409	9	21633	5.876935615321924	0.157867459092662	1.0	-0.8017073810298834	0.0	False		False		knot nematode		AT4G32460	BDX
p:knox tale	phrase	knox tale	1	409	9	21633	5.876935615321924	0.157867459092662	1.0	-0.8017073810298834	0.0	False		False		knox tale		AT5G01840	OFP1
p:phytoalexin camalexin	phrase	phytoalexin camalexin	1	409	9	21633	5.876935615321924	0.157867459092662	1.0	-0.8017073810298834	0.0	False		False		phytoalexin camalexin		AT2G38470	WRKY33
p:procambium histogenesis	phrase	procambium histogenesis	1	409	9	21633	5.876935615321924	0.157867459092662	1.0	-0.8017073810298834	0.0	False		False		procambium histogenesis		AT4G13195	CLE44
p:relative humidity	phrase	relative humidity	1	409	9	21633	5.876935615321924	0.157867459092662	1.0	-0.8017073810298834	0.0	False		False		relative humidity		AT4G26080	ABI1
p:remove conjugated	phrase	remove conjugated	1	409	9	21633	5.876935615321924	0.157867459092662	1.0	-0.8017073810298834	0.0	False		False		remove conjugated		AT3G02070	OTU12
p:sterol composition	phrase	sterol composition	1	409	9	21633	5.876935615321924	0.157867459092662	1.0	-0.8017073810298834	0.0	False		False		sterol composition		AT4G12110	SMO1-1
p:strict counter	phrase	strict counter	1	409	9	21633	5.876935615321924	0.157867459092662	1.0	-0.8017073810298834	0.0	False		False		strict counter		AT4G39390	NST-K1
p:xyloglucan endotransglycosylase	phrase	xyloglucan endotransglycosylase	1	409	9	21633	5.876935615321924	0.157867459092662	1.0	-0.8017073810298834	0.0	False		False		xyloglucan endotransglycosylase		AT4G25810	XTR6
w:betaine	word	betaine	1	409	9	21633	5.876935615321924	0.157867459092662	1.0	-0.8017073810298834	0.0	False		False		betaine		AT5G03730	CTR1
w:brassinazole	word	brassinazole	1	409	9	21633	5.876935615321924	0.157867459092662	1.0	-0.8017073810298834	0.0	False		False		brassinazole		AT3G50660	DWF4
w:broader	word	broader	1	409	9	21633	5.876935615321924	0.157867459092662	1.0	-0.8017073810298834	0.0	False		False		broader		AT3G60630	HAM2
w:cabbage	word	cabbage	1	409	9	21633	5.876935615321924	0.157867459092662	1.0	-0.8017073810298834	0.0	False		False		cabbage		AT4G39400	BRI1
w:cambium	word	cambium	1	409	9	21633	5.876935615321924	0.157867459092662	1.0	-0.8017073810298834	0.0	False		False		cambium		AT5G05160	RUL1
w:cease	word	cease	1	409	9	21633	5.876935615321924	0.157867459092662	1.0	-0.8017073810298834	0.0	False		False		cease		AT4G30290	XTH19
w:competitively	word	competitively	1	409	9	21633	5.876935615321924	0.157867459092662	1.0	-0.8017073810298834	0.0	False		False		competitively		AT1G74660	MIF1
w:co‑expressed	word	co-expressed	1	409	9	21633	5.876935615321924	0.157867459092662	1.0	-0.8017073810298834	0.0	False		False		co-expressed		AT1G18850	PCP2
w:cyanobacteria	word	cyanobacteria	1	409	9	21633	5.876935615321924	0.157867459092662	1.0	-0.8017073810298834	0.0	False		False		cyanobacteria		AT1G06080	ADS1
w:dexamethasone	word	dexamethasone	1	409	9	21633	5.876935615321924	0.157867459092662	1.0	-0.8017073810298834	0.0	False		False		dexamethasone		AT5G01840	OFP1
w:discrete	word	discrete	1	409	9	21633	5.876935615321924	0.157867459092662	1.0	-0.8017073810298834	0.0	False		False		discrete		AT3G23050	IAA7
w:eliminate	word	eliminate	1	409	9	21633	5.876935615321924	0.157867459092662	1.0	-0.8017073810298834	0.0	False		False		eliminate		AT2G40940	ERS1
w:endotransglycosylase	word	endotransglycosylase	1	409	9	21633	5.876935615321924	0.157867459092662	1.0	-0.8017073810298834	0.0	False		False		endotransglycosylase		AT4G25810	XTR6
w:equal	word	equal	1	409	9	21633	5.876935615321924	0.157867459092662	1.0	-0.8017073810298834	0.0	False		False		equal		AT5G50570	SPL13A
w:excretion	word	excretion	1	409	9	21633	5.876935615321924	0.157867459092662	1.0	-0.8017073810298834	0.0	False		False		excretion		AT1G34370	STOP1
w:expbeta	word	expbeta	1	409	9	21633	5.876935615321924	0.157867459092662	1.0	-0.8017073810298834	0.0	False		False		expbeta		AT3G45960	EXLA3
w:forked	word	forked	1	409	9	21633	5.876935615321924	0.157867459092662	1.0	-0.8017073810298834	0.0	False		False		forked		AT4G17350	FL5
w:formaldehyde	word	formaldehyde	1	409	9	21633	5.876935615321924	0.157867459092662	1.0	-0.8017073810298834	0.0	False		False		formaldehyde		AT1G22440	AT1G22440
w:gsk	word	gsk	1	409	9	21633	5.876935615321924	0.157867459092662	1.0	-0.8017073810298834	0.0	False		False		gsk		AT3G61160	ASK2
w:hairy	word	hairy	1	409	9	21633	5.876935615321924	0.157867459092662	1.0	-0.8017073810298834	0.0	False		False		hairy		AT3G60630	HAM2
w:hemoprotein	word	hemoprotein	1	409	9	21633	5.876935615321924	0.157867459092662	1.0	-0.8017073810298834	0.0	False		False		hemoprotein		AT1G09940	HEMA2
w:homocysteine	word	homocysteine	1	409	9	21633	5.876935615321924	0.157867459092662	1.0	-0.8017073810298834	0.0	False		False		homocysteine		AT3G25900	HMT-1
w:impinging	word	impinging	1	409	9	21633	5.876935615321924	0.157867459092662	1.0	-0.8017073810298834	0.0	False		False		impinging		AT4G13195	CLE44
w:lupeol	word	lupeol	1	409	9	21633	5.876935615321924	0.157867459092662	1.0	-0.8017073810298834	0.0	False		False		lupeol		AT1G78970	LUP1
w:mobilize	word	mobilize	1	409	9	21633	5.876935615321924	0.157867459092662	1.0	-0.8017073810298834	0.0	False		False		mobilize		AT2G23150	NRAMP3
w:myristoylation	word	myristoylation	1	409	9	21633	5.876935615321924	0.157867459092662	1.0	-0.8017073810298834	0.0	False		False		myristoylation		AT5G24270	SOS3
w:nutrition	word	nutrition	1	409	9	21633	5.876935615321924	0.157867459092662	1.0	-0.8017073810298834	0.0	False		False		nutrition		AT5G24270	SOS3
w:phytochelatin	word	phytochelatin	1	409	9	21633	5.876935615321924	0.157867459092662	1.0	-0.8017073810298834	0.0	False		False		phytochelatin		AT5G04340	ZAT6
w:rarely	word	rarely	1	409	9	21633	5.876935615321924	0.157867459092662	1.0	-0.8017073810298834	0.0	False		False		rarely		AT4G39400	BRI1
w:reconstituted	word	reconstituted	1	409	9	21633	5.876935615321924	0.157867459092662	1.0	-0.8017073810298834	0.0	False		False		reconstituted		AT4G24570	DIC2
w:rld	word	rld	1	409	9	21633	5.876935615321924	0.157867459092662	1.0	-0.8017073810298834	0.0	False		False		rld		AT1G65920	PRAF1
w:significance	word	significance	1	409	9	21633	5.876935615321924	0.157867459092662	1.0	-0.8017073810298834	0.0	False		False		significance		AT4G24570	DIC2
w:spontaneously	word	spontaneously	1	409	9	21633	5.876935615321924	0.157867459092662	1.0	-0.8017073810298834	0.0	False		False		spontaneously		AT2G46740	GulLO5
w:squalene	word	squalene	1	409	9	21633	5.876935615321924	0.157867459092662	1.0	-0.8017073810298834	0.0	False		False		squalene		AT2G22830	SQE2
w:survived	word	survived	1	409	9	21633	5.876935615321924	0.157867459092662	1.0	-0.8017073810298834	0.0	False		False		survived		AT2G23150	NRAMP3
w:uncoupling	word	uncoupling	1	409	9	21633	5.876935615321924	0.157867459092662	1.0	-0.8017073810298834	0.0	False		False		uncoupling		AT4G24570	DIC2
w:vertical	word	vertical	1	409	9	21633	5.876935615321924	0.157867459092662	1.0	-0.8017073810298834	0.0	False		False		vertical		AT1G79700	WRI4
p:acyl group	phrase	acyl group	4	409	111	21633	1.90603317253684	0.15900453383355695	1.0	-0.7985904920894654	0.0	True		False		acyl group		AT1G02660, AT1G19440, AT2G39030, AT5G01210	PLIP2, KCS4, NATA1, AT5G01210
w:preventing	word	preventing	4	409	111	21633	1.90603317253684	0.15900453383355695	1.0	-0.7985904920894654	0.0	True		False		preventing		AT1G74660, AT3G02070, AT5G02760, AT5G03730	MIF1, OTU12, PP2C67, CTR1
w:box	word	box	30	409	1309	21633	1.2122021513651027	0.15952076327342787	1.0	-0.7971827810193499	0.0	True		False		box		AT1G25280, AT1G28370, AT1G44830, AT1G53170, AT1G63840, AT1G67340, AT1G77000, AT1G78100, AT1G79700, AT1G80840, AT2G28690, AT2G32560, AT2G35930, AT2G38470, AT2G43060, AT2G44840, AT2G47260, AT3G01970, AT3G25730, AT3G58120, AT4G17490, AT4G22380, AT4G23750, AT5G13330, AT5G25190, AT5G41400, AT5G47230, AT5G51190, AT5G53290, AT5G61600	TLP10, ERF11, ERF014, ERF8, AT1G63840, AT1G67340, SKP2B, AUF1, WRI4, WRKY40, AT2G28690, CFH1, PUB23, WRKY33, IBH1, ERF13, WRKY23, WRKY45, EDF3, BZIP61, ERF6, AT4G22380, CRF2, Rap2.6L, ESE3, MYC6.11, ERF5, ERF105, CRF3, ERF104
k:Lipoprotein	keyword	Lipoprotein	13	409	503	21633	1.367000928414841	0.159874347308214	1.0	-0.7962212155298317	0.0	True		False		Lipoprotein		AT1G32190, AT1G63500, AT3G28420, AT3G48970, AT3G56170, AT3G60640, AT4G17615, AT4G38580, AT5G04870, AT5G17340, AT5G24270, AT5G59010, AT5G61900	AT1G32190, BSK7, AT3G28420, HIPP31, CAN, ATG8G, CBL1, FP6, CPK1, MKP11.1, SOS3, BSK5, BON1
w:accumulated	word	accumulated	3	409	73	21633	2.17366111799578	0.16003483946268113	1.0	-0.7957854614733453	0.0	True		False		accumulated		AT2G37330, AT4G12110, AT4G39400	ALS3, SMO1-1, BRI1
w:biologically	word	biologically	2	409	38	21633	2.783811607257753	0.1611856616293973	1.0	-0.7926735937479921	0.0	True		False		biologically		AT1G02400, AT5G03730	GA2OX6, CTR1
w:etiolation	word	etiolation	2	409	38	21633	2.783811607257753	0.1611856616293973	1.0	-0.7926735937479921	0.0	True		False		etiolation		AT1G52830, AT1G74660	IAA6, MIF1
w:lost	word	lost	2	409	38	21633	2.783811607257753	0.1611856616293973	1.0	-0.7926735937479921	0.0	True		False		lost		AT3G60630, AT4G17615	HAM2, CBL1
w:multidimensional	word	multidimensional	2	409	38	21633	2.783811607257753	0.1611856616293973	1.0	-0.7926735937479921	0.0	True		False		multidimensional		AT1G10550, AT2G44080	XTH33, ARL
w:nucleocytoplasmic	word	nucleocytoplasmic	2	409	38	21633	2.783811607257753	0.1611856616293973	1.0	-0.7926735937479921	0.0	True		False		nucleocytoplasmic		AT2G30060, AT3G16310	RANBP1B, NUP35
w:soil	word	soil	4	409	112	21633	1.889015019210618	0.1626130859307216	1.0	-0.788844508441659	0.0	True		False		soil		AT1G34370, AT2G23150, AT3G10870, AT5G01180	STOP1, NRAMP3, MES17, PTR5
w:germinate	word	germinate	3	409	74	21633	2.1442873191039453	0.16461707718082746	1.0	-0.783525113590968	0.0	True		False		germinate		AT4G26080, AT5G01180, AT5G03730	ABI1, PTR5, CTR1
w:dependent	word	dependent	60	409	2801	21633	1.1330043671095462	0.16494733085527294	1.0	-0.7826547077282477	0.0	True		False		dependent		AT1G02400, AT1G05010, AT1G09940, AT1G11000, AT1G19220, AT1G25320, AT1G27730, AT1G30700, AT1G30720, AT1G30760, AT1G35140, AT1G44830, AT1G53840, AT1G59740, AT1G77000, AT2G18980, AT2G22810, AT2G41230, AT2G41380, AT2G44080, AT2G45400, AT2G46740, AT3G12920, AT3G20830, AT3G23050, AT3G25710, AT3G27580, AT3G56170, AT3G59900, AT3G60630, AT3G63440, AT4G11280, AT4G16515, AT4G17615, AT4G20320, AT4G20830, AT4G22820, AT4G25420, AT4G26080, AT4G27280, AT4G37770, AT4G39400, AT5G01180, AT5G04190, AT5G04870, AT5G10830, AT5G13330, AT5G14130, AT5G15160, AT5G19440, AT5G19530, AT5G24270, AT5G39580, AT5G43450, AT5G51810, AT5G54490, AT5G61900, AT5G64100, AT5G64260, AT5G65300	GA2OX6, EFE, HEMA2, MLO4, ARF19, SENRK1, STZ, AtBBE8, AtBBE10, AtBBE-like 13, PHI-1, ERF014, PME1, NPF4.3, SKP2B, PER16, ACS4, ORS1, AT2G41380, ARL, BEN1, GulLO5, BRG3, UCNL, IAA7, BHLH32, ATPK7, CAN, ARGOS, HAM2, CKX6, ACS6, RGF6, CBL1, CTPS4, AtBBE19, SAP9, GA20OX1, ABI1, KRP1, ACS8, BRI1, PTR5, PKS4, CPK1, AT5G10830, Rap2.6L, PER55, BNQ2, AT5G19440, ACL5, SOS3, PER62, AT5G43450, GA20OX2, PBP1, BON1, PER69, EXL2, SUPA
w:pore	word	pore	4	409	113	21633	1.872298072137958	0.16625117820644536	1.0	-0.7792352682098526	0.0	True		False		pore		AT1G75640, AT2G30060, AT3G16310, AT4G02220	MUS, RANBP1B, NUP35, PDCD2
w:effect	word	effect	9	409	326	21633	1.4602201988990056	0.16663729841245895	1.0	-0.7782277839512868	0.0	True		False		effect		AT2G37330, AT3G10870, AT3G12920, AT4G28490, AT4G39400, AT5G03730, AT5G19530, AT5G61900, AT5G65310	ALS3, MES17, BRG3, HAE, BRI1, CTR1, ACL5, BON1, HB5
w:reduction	word	reduction	18	409	741	21633	1.2848361264266555	0.1676643353770296	1.0	-0.7755593082716713	0.0	True		False		reduction		AT1G06080, AT1G09940, AT1G17060, AT1G80840, AT2G18980, AT2G26710, AT2G41230, AT3G44540, AT3G50660, AT3G59900, AT3G62720, AT5G09970, AT5G24270, AT5G39580, AT5G45280, AT5G45340, AT5G64100, AT5G67060	ADS1, HEMA2, CYP72C1, WRKY40, PER16, BAS1, ORS1, FAR4, DWF4, ARGOS, XT1, CYP78A7, SOS3, PER62, PAE11, CYP707A3, PER69, HEC1
p:organ boundary	phrase	organ boundary	2	409	39	21633	2.7124318224562725	0.16789177051414694	1.0	-0.7749705909845637	0.0	True		False		organ boundary		AT2G42430, AT3G58190	LBD16, LBD29
w:cbl	word	cbl	2	409	39	21633	2.7124318224562725	0.16789177051414694	1.0	-0.7749705909845637	0.0	True		False		cbl		AT4G17615, AT5G24270	CBL1, SOS3
w:cipk	word	cipk	2	409	39	21633	2.7124318224562725	0.16789177051414694	1.0	-0.7749705909845637	0.0	True		False		cipk		AT4G17615, AT5G24270	CBL1, SOS3
p:true leave	phrase	true leave	3	409	75	21633	2.1156968215158924	0.16923790936063673	1.0	-0.7715023482588899	0.0	True		False		true leave		AT1G55500, AT4G39400, AT5G03730	ECT4, BRI1, CTR1
k:Peroxidase	keyword	Peroxidase	4	409	114	21633	1.855874404838502	0.16991815606189242	1.0	-0.7697602135016984	0.0	True		False		Peroxidase		AT2G18980, AT5G14130, AT5G39580, AT5G64100	PER16, PER55, PER62, PER69
p:acyl coa	phrase	acyl coa	4	409	114	21633	1.855874404838502	0.16991815606189242	1.0	-0.7697602135016984	0.0	True		False		acyl coa		AT1G06080, AT2G39030, AT3G44540, AT4G24160	ADS1, NATA1, FAR4, AT4G24160
w:cyclase	word	cyclase	5	409	155	21633	1.7062071141257198	0.17086150817661877	1.0	-0.7673557644842796	0.0	True		False		cyclase		AT1G02470, AT1G73080, AT1G78970, AT3G25780, AT4G39400	AT1G02470, PEPR1, LUP1, AOC3, BRI1
w:repress	word	repress	8	409	284	21633	1.4899273390956989	0.17152213225015026	1.0	-0.7656798330908781	0.0	True		False		repress		AT1G27730, AT2G34140, AT3G17090, AT4G13195, AT4G26080, AT5G02760, AT5G59820, AT5G66080	STZ, CDF4, PP2C42, CLE44, ABI1, PP2C67, RHL41, PP2C79
w:green	word	green	10	409	374	21633	1.4142358432592865	0.17309091446837638	1.0	-0.7617257276174125	0.0	True		False		green		AT1G17060, AT1G73590, AT1G74660, AT2G23150, AT3G23050, AT3G50660, AT4G25420, AT4G26080, AT4G39400, AT5G65640	CYP72C1, PIN1, MIF1, NRAMP3, IAA7, DWF4, GA20OX1, ABI1, BRI1, bHLH093
k:Vitamin C	keyword	Vitamin C	1	409	10	21633	5.289242053789731	0.17379569666346764	1.0	-0.7599609812731267	0.0	False		False		Vitamin C		AT1G05010	EFE
p:carbon utilization	phrase	carbon utilization	1	409	10	21633	5.289242053789731	0.17379569666346764	1.0	-0.7599609812731267	0.0	False		False		carbon utilization		AT1G23730	BCA3
p:ethylene insensitivity	phrase	ethylene insensitivity	1	409	10	21633	5.289242053789731	0.17379569666346764	1.0	-0.7599609812731267	0.0	False		False		ethylene insensitivity		AT2G26070	RTE1
p:exogenous application	phrase	exogenous application	1	409	10	21633	5.289242053789731	0.17379569666346764	1.0	-0.7599609812731267	0.0	False		False		exogenous application		AT1G17060	CYP72C1
p:fine tuning	phrase	fine tuning	1	409	10	21633	5.289242053789731	0.17379569666346764	1.0	-0.7599609812731267	0.0	False		False		fine tuning		AT3G02070	OTU12
p:greater extent	phrase	greater extent	1	409	10	21633	5.289242053789731	0.17379569666346764	1.0	-0.7599609812731267	0.0	False		False		greater extent		AT2G35930	PUB23
p:homogalacturonan region	phrase	homogalacturonan region	1	409	10	21633	5.289242053789731	0.17379569666346764	1.0	-0.7599609812731267	0.0	False		False		homogalacturonan region		AT5G45280	PAE11
p:hydrolyze acetyl	phrase	hydrolyze acetyl	1	409	10	21633	5.289242053789731	0.17379569666346764	1.0	-0.7599609812731267	0.0	False		False		hydrolyze acetyl		AT5G45280	PAE11
p:non canonical	phrase	non canonical	1	409	10	21633	5.289242053789731	0.17379569666346764	1.0	-0.7599609812731267	0.0	False		False		non canonical		AT1G19220	ARF19
p:ovarian tumor	phrase	ovarian tumor	1	409	10	21633	5.289242053789731	0.17379569666346764	1.0	-0.7599609812731267	0.0	False		False		ovarian tumor		AT3G02070	OTU12
p:pectin acetylesterase	phrase	pectin acetylesterase	1	409	10	21633	5.289242053789731	0.17379569666346764	1.0	-0.7599609812731267	0.0	False		False		pectin acetylesterase		AT5G45280	PAE11
p:pectin gels	phrase	pectin gels	1	409	10	21633	5.289242053789731	0.17379569666346764	1.0	-0.7599609812731267	0.0	False		False		pectin gels		AT5G45280	PAE11
p:phenotypically normal	phrase	phenotypically normal	1	409	10	21633	5.289242053789731	0.17379569666346764	1.0	-0.7599609812731267	0.0	False		False		phenotypically normal		AT3G10870	MES17
p:phenylalanine ammonia	phrase	phenylalanine ammonia	1	409	10	21633	5.289242053789731	0.17379569666346764	1.0	-0.7599609812731267	0.0	False		False		phenylalanine ammonia		AT5G04870	CPK1
p:physical property	phrase	physical property	1	409	10	21633	5.289242053789731	0.17379569666346764	1.0	-0.7599609812731267	0.0	False		False		physical property		AT5G45280	PAE11
p:severely dwarfed	phrase	severely dwarfed	1	409	10	21633	5.289242053789731	0.17379569666346764	1.0	-0.7599609812731267	0.0	False		False		severely dwarfed		AT4G39400	BRI1
w:achieve	word	achieve	1	409	10	21633	5.289242053789731	0.17379569666346764	1.0	-0.7599609812731267	0.0	False		False		achieve		AT3G25900	HMT-1
w:acylglycerol	word	acylglycerol	1	409	10	21633	5.289242053789731	0.17379569666346764	1.0	-0.7599609812731267	0.0	False		False		acylglycerol		AT4G24160	AT4G24160
w:adaptive	word	adaptive	1	409	10	21633	5.289242053789731	0.17379569666346764	1.0	-0.7599609812731267	0.0	False		False		adaptive		AT5G57560	TCH4
w:anticlinal	word	anticlinal	1	409	10	21633	5.289242053789731	0.17379569666346764	1.0	-0.7599609812731267	0.0	False		False		anticlinal		AT4G16515	RGF6
w:blh	word	blh	1	409	10	21633	5.289242053789731	0.17379569666346764	1.0	-0.7599609812731267	0.0	False		False		blh		AT5G01840	OFP1
w:campesterol	word	campesterol	1	409	10	21633	5.289242053789731	0.17379569666346764	1.0	-0.7599609812731267	0.0	False		False		campesterol		AT3G50660	DWF4
w:chamber	word	chamber	1	409	10	21633	5.289242053789731	0.17379569666346764	1.0	-0.7599609812731267	0.0	False		False		chamber		AT5G24270	SOS3
w:course	word	course	1	409	10	21633	5.289242053789731	0.17379569666346764	1.0	-0.7599609812731267	0.0	False		False		course		AT3G50660	DWF4
w:dehydrin	word	dehydrin	1	409	10	21633	5.289242053789731	0.17379569666346764	1.0	-0.7599609812731267	0.0	False		False		dehydrin		AT4G38410	AT4G38410
w:desi	word	desi	1	409	10	21633	5.289242053789731	0.17379569666346764	1.0	-0.7599609812731267	0.0	False		False		desi		AT2G25190	AT2G25190
w:dim	word	dim	1	409	10	21633	5.289242053789731	0.17379569666346764	1.0	-0.7599609812731267	0.0	False		False		dim		AT1G17060	CYP72C1
w:epoxidase	word	epoxidase	1	409	10	21633	5.289242053789731	0.17379569666346764	1.0	-0.7599609812731267	0.0	False		False		epoxidase		AT2G22830	SQE2
w:exacerbated	word	exacerbated	1	409	10	21633	5.289242053789731	0.17379569666346764	1.0	-0.7599609812731267	0.0	False		False		exacerbated		AT1G55500	ECT4
w:exaggerated	word	exaggerated	1	409	10	21633	5.289242053789731	0.17379569666346764	1.0	-0.7599609812731267	0.0	False		False		exaggerated		AT5G03730	CTR1
w:existence	word	existence	1	409	10	21633	5.289242053789731	0.17379569666346764	1.0	-0.7599609812731267	0.0	False		False		existence		AT5G63790	NAC102
w:galactolipase	word	galactolipase	1	409	10	21633	5.289242053789731	0.17379569666346764	1.0	-0.7599609812731267	0.0	False		False		galactolipase		AT1G02660	PLIP2
w:guanylate	word	guanylate	1	409	10	21633	5.289242053789731	0.17379569666346764	1.0	-0.7599609812731267	0.0	False		False		guanylate		AT1G73080	PEPR1
w:inwardly	word	inwardly	1	409	10	21633	5.289242053789731	0.17379569666346764	1.0	-0.7599609812731267	0.0	False		False		inwardly		AT4G39400	BRI1
w:knat	word	knat	1	409	10	21633	5.289242053789731	0.17379569666346764	1.0	-0.7599609812731267	0.0	False		False		knat		AT5G01840	OFP1
w:knot	word	knot	1	409	10	21633	5.289242053789731	0.17379569666346764	1.0	-0.7599609812731267	0.0	False		False		knot		AT4G32460	BDX
w:literature	word	literature	1	409	10	21633	5.289242053789731	0.17379569666346764	1.0	-0.7599609812731267	0.0	False		False		literature		AT5G65300	SUPA
w:lysophosphatidic	word	lysophosphatidic	1	409	10	21633	5.289242053789731	0.17379569666346764	1.0	-0.7599609812731267	0.0	False		False		lysophosphatidic		AT4G24160	AT4G24160
w:lysophospholipase	word	lysophospholipase	1	409	10	21633	5.289242053789731	0.17379569666346764	1.0	-0.7599609812731267	0.0	False		False		lysophospholipase		AT4G24160	AT4G24160
w:monounsaturated	word	monounsaturated	1	409	10	21633	5.289242053789731	0.17379569666346764	1.0	-0.7599609812731267	0.0	False		False		monounsaturated		AT1G06080	ADS1
w:nmra	word	nmra	1	409	10	21633	5.289242053789731	0.17379569666346764	1.0	-0.7599609812731267	0.0	False		False		nmra		AT1G19540	AT1G19540
w:otu	word	otu	1	409	10	21633	5.289242053789731	0.17379569666346764	1.0	-0.7599609812731267	0.0	False		False		otu		AT3G02070	OTU12
w:ovarian	word	ovarian	1	409	10	21633	5.289242053789731	0.17379569666346764	1.0	-0.7599609812731267	0.0	False		False		ovarian		AT3G02070	OTU12
w:ovate	word	ovate	1	409	10	21633	5.289242053789731	0.17379569666346764	1.0	-0.7599609812731267	0.0	False		False		ovate		AT5G01840	OFP1
w:pea	word	pea	1	409	10	21633	5.289242053789731	0.17379569666346764	1.0	-0.7599609812731267	0.0	False		False		pea		AT5G54510	DFL1
w:pectinacetylesterase	word	pectinacetylesterase	1	409	10	21633	5.289242053789731	0.17379569666346764	1.0	-0.7599609812731267	0.0	False		False		pectinacetylesterase		AT5G45280	PAE11
w:petiol	word	petiol	1	409	10	21633	5.289242053789731	0.17379569666346764	1.0	-0.7599609812731267	0.0	False		False		petiol		AT4G39400	BRI1
w:pith	word	pith	1	409	10	21633	5.289242053789731	0.17379569666346764	1.0	-0.7599609812731267	0.0	False		False		pith		AT5G13330	Rap2.6L
w:planting	word	planting	1	409	10	21633	5.289242053789731	0.17379569666346764	1.0	-0.7599609812731267	0.0	False		False		planting		AT4G39400	BRI1
w:postgermination	word	postgermination	1	409	10	21633	5.289242053789731	0.17379569666346764	1.0	-0.7599609812731267	0.0	False		False		postgermination		AT5G45340	CYP707A3
w:relation	word	relation	1	409	10	21633	5.289242053789731	0.17379569666346764	1.0	-0.7599609812731267	0.0	False		False		relation		AT4G26080	ABI1
w:seq	word	seq	1	409	10	21633	5.289242053789731	0.17379569666346764	1.0	-0.7599609812731267	0.0	False		False		seq		AT1G79700	WRI4
w:shaggy	word	shaggy	1	409	10	21633	5.289242053789731	0.17379569666346764	1.0	-0.7599609812731267	0.0	False		False		shaggy		AT3G61160	ASK2
p:meristem identity	phrase	meristem identity	3	409	76	21633	2.0878587054433146	0.1738959317265824	1.0	-0.7597105781431377	0.0	True		False		meristem identity		AT1G34110, AT3G24240, AT4G13195	RGI5, RGI1, CLE44
w:occur	word	occur	5	409	156	21633	1.6952698890351703	0.17399367821065545	1.0	-0.7594665308444379	0.0	True		False		occur		AT2G26530, AT4G30280, AT4G39400, AT5G37630, AT5G37770	AR781, XTH18, BRI1, EMB2656, TCH2
p:polynucleotidyl transferase	phrase	polynucleotidyl transferase	2	409	40	21633	2.6446210268948653	0.17464463416134232	1.0	-0.7578447532265562	0.0	True		False		polynucleotidyl transferase		AT3G44260, AT5G22250	CAF1a, CAF1b
w:co‑localize	word	co-localize	2	409	40	21633	2.6446210268948653	0.17464463416134232	1.0	-0.7578447532265562	0.0	True		False		co-localize		AT1G18850, AT5G44260	PCP2, TZF5
w:defensin	word	defensin	2	409	40	21633	2.6446210268948653	0.17464463416134232	1.0	-0.7578447532265562	0.0	True		False		defensin		AT4G13235, AT5G64900	EDA21, PROPEP1
w:largely	word	largely	2	409	40	21633	2.6446210268948653	0.17464463416134232	1.0	-0.7578447532265562	0.0	True		False		largely		AT2G26070, AT4G39400	RTE1, BRI1
w:polynucleotidyl	word	polynucleotidyl	2	409	40	21633	2.6446210268948653	0.17464463416134232	1.0	-0.7578447532265562	0.0	True		False		polynucleotidyl		AT3G44260, AT5G22250	CAF1a, CAF1b
w:pti	word	pti	2	409	40	21633	2.6446210268948653	0.17464463416134232	1.0	-0.7578447532265562	0.0	True		False		pti		AT1G73080, AT3G04570	PEPR1, AHL19
w:segregating	word	segregating	2	409	40	21633	2.6446210268948653	0.17464463416134232	1.0	-0.7578447532265562	0.0	True		False		segregating		AT4G13195, AT4G39400	CLE44, BRI1
w:detoxification	word	detoxification	9	409	330	21633	1.4425205601244722	0.1749986413109226	1.0	-0.756965323162046	0.0	True		False		detoxification		AT1G58340, AT2G18980, AT3G24450, AT3G48970, AT4G38580, AT5G14130, AT5G39580, AT5G54500, AT5G64100	ZF14, PER16, AtHMP27, HIPP31, FP6, PER55, PER62, FQR1, PER69
w:conjugating	word	conjugating	5	409	157	21633	1.6844719916527806	0.17714780459060586	1.0	-0.7516642255497906	0.0	True		False		conjugating		AT1G59500, AT2G14960, AT2G23170, AT4G27260, AT5G54510	GH3.4, GH3.1, GH3.3, WES1, DFL1
w:significant	word	significant	7	409	243	21633	1.5236499743427208	0.17835746008167935	1.0	-0.7487087208950101	0.0	True		False		significant		AT1G70940, AT2G18980, AT2G38470, AT5G39580, AT5G48150, AT5G64100, AT5G67060	PIN3, PER16, WRKY33, PER62, PAT1, PER69, HEC1
p:cadmium ion	phrase	cadmium ion	3	409	77	21633	2.0607436573206743	0.17858974734345806	1.0	-0.7481434771382354	0.0	True		False		cadmium ion		AT2G23150, AT3G01970, AT4G38580	NRAMP3, WRKY45, FP6
p:invertase pectin	phrase	invertase pectin	3	409	77	21633	2.0607436573206743	0.17858974734345806	1.0	-0.7481434771382354	0.0	True		False		invertase pectin		AT3G10720, AT3G43270, AT3G49220	PME25, PME32, PME34
w:sdr	word	sdr	3	409	77	21633	2.0607436573206743	0.17858974734345806	1.0	-0.7481434771382354	0.0	True		False		sdr		AT3G26760, AT4G03140, AT4G13180	AT3G26760, AT4G03140, AT4G13180
k:Iron	keyword	Iron	18	409	750	21633	1.2694180929095356	0.18011757695623426	1.0	-0.7444439040454084	0.0	True		False		Iron		AT1G02400, AT1G05010, AT1G06080, AT1G17060, AT2G18980, AT2G23150, AT2G23180, AT2G26710, AT3G50660, AT4G12110, AT4G25420, AT5G09970, AT5G14130, AT5G39580, AT5G43450, AT5G45340, AT5G51810, AT5G64100	GA2OX6, EFE, ADS1, CYP72C1, PER16, NRAMP3, CYP96A1, BAS1, DWF4, SMO1-1, GA20OX1, CYP78A7, PER55, PER62, AT5G43450, CYP707A3, GA20OX2, PER69
w:formed	word	formed	5	409	158	21633	1.6738107765157377	0.18032350609393905	1.0	-0.7439476570741017	0.0	True		False		formed		AT1G23080, AT1G70940, AT1G73590, AT2G01420, AT5G51810	PIN7, PIN3, PIN1, PIN4, GA20OX2
w:completely	word	completely	4	409	117	21633	1.808287881637515	0.18108580890997653	1.0	-0.7421155825604547	0.0	True		False		completely		AT3G27580, AT3G50660, AT5G24270, AT5G67060	ATPK7, DWF4, SOS3, HEC1
p:pathogen pseudomonas	phrase	pathogen pseudomonas	2	409	41	21633	2.580118075019381	0.18144010179173461	1.0	-0.7412667191387293	0.0	True		False		pathogen pseudomonas		AT1G80840, AT4G26080	WRKY40, ABI1
p:short internode	phrase	short internode	2	409	41	21633	2.580118075019381	0.18144010179173461	1.0	-0.7412667191387293	0.0	True		False		short internode		AT4G13195, AT4G39400	CLE44, BRI1
w:athb	word	athb	2	409	41	21633	2.580118075019381	0.18144010179173461	1.0	-0.7412667191387293	0.0	True		False		athb		AT5G53980, AT5G65310	HB52, HB5
w:autonomous	word	autonomous	2	409	41	21633	2.580118075019381	0.18144010179173461	1.0	-0.7412667191387293	0.0	True		False		autonomous		AT4G39400, AT5G09970	BRI1, CYP78A7
w:flow	word	flow	2	409	41	21633	2.580118075019381	0.18144010179173461	1.0	-0.7412667191387293	0.0	True		False		flow		AT2G38470, AT3G10870	WRKY33, MES17
w:near	word	near	2	409	41	21633	2.580118075019381	0.18144010179173461	1.0	-0.7412667191387293	0.0	True		False		near		AT5G03730, AT5G24270	CTR1, SOS3
w:ozone	word	ozone	2	409	41	21633	2.580118075019381	0.18144010179173461	1.0	-0.7412667191387293	0.0	True		False		ozone		AT4G12720, AT4G26080	NUDT7, ABI1
p:naming convention	phrase	naming convention	3	409	78	21633	2.0343238668422043	0.1833179674355362	1.0	-0.7367949667034044	0.0	True		False		naming convention		AT1G20190, AT2G39700, AT3G45960	EXPA11, EXPA4, EXLA3
w:convention	word	convention	3	409	78	21633	2.0343238668422043	0.1833179674355362	1.0	-0.7367949667034044	0.0	True		False		convention		AT1G20190, AT2G39700, AT3G45960	EXPA11, EXPA4, EXLA3
w:naming	word	naming	3	409	78	21633	2.0343238668422043	0.1833179674355362	1.0	-0.7367949667034044	0.0	True		False		naming		AT1G20190, AT2G39700, AT3G45960	EXPA11, EXPA4, EXLA3
w:grain	word	grain	4	409	118	21633	1.7929634080643155	0.1848617215457561	1.0	-0.7331530068639462	0.0	True		False		grain		AT1G54200, AT3G42800, AT3G60260, AT5G12050	BG3, AT3G42800, ELMOD_A, BG1
w:senescence	word	senescence	10	409	381	21633	1.3882525075563599	0.18711776780967174	1.0	-0.7278849720118812	0.0	True		False		senescence		AT1G25320, AT1G58340, AT2G22810, AT2G28400, AT4G11280, AT4G37770, AT4G39400, AT5G02760, AT5G04870, AT5G13330	SENRK1, ZF14, ACS4, S40-4, ACS6, ACS8, BRI1, PP2C67, CPK1, Rap2.6L
w:appear	word	appear	11	409	427	21633	1.362568210578151	0.18758192097517942	1.0	-0.7268090209626723	0.0	True		False		appear		AT1G19220, AT2G26070, AT2G34140, AT2G35930, AT2G41230, AT3G10870, AT3G50660, AT4G39400, AT5G09970, AT5G48150, AT5G63790	ARF19, RTE1, CDF4, PUB23, ORS1, MES17, DWF4, BRI1, CYP78A7, PAT1, NAC102
w:fresh	word	fresh	3	409	79	21633	2.008572931818885	0.1880792121612283	1.0	-0.725659203081053	0.0	True		False		fresh		AT1G04310, AT4G26080, AT5G24270	ERS2, ABI1, SOS3
k:Two-component regulatory system	keyword	Two-component regulatory system	2	409	42	21633	2.5186866922808244	0.188274162151757	1.0	-0.7252092763978618	0.0	True		False		Two-component regulatory system		AT1G04310, AT2G40940	ERS2, ERS1
w:availability	word	availability	2	409	42	21633	2.5186866922808244	0.188274162151757	1.0	-0.7252092763978618	0.0	True		False		availability		AT1G35140, AT4G26080	PHI-1, ABI1
k:Lipid metabolism	keyword	Lipid metabolism	12	409	474	21633	1.3390486212125903	0.18919035993231823	1.0	-0.7231009965539986	0.0	True		False		Lipid metabolism		AT1G02660, AT1G06080, AT1G10740, AT1G30370, AT1G49740, AT2G45400, AT3G11210, AT3G44540, AT3G50660, AT4G03140, AT4G12110, AT4G24160	PLIP2, ADS1, LDAH1, DLAH, AT1G49740, BEN1, CPRD49, FAR4, DWF4, AT4G03140, SMO1-1, AT4G24160
p:ammonia lyase	phrase	ammonia lyase	1	409	11	21633	4.808401867081574	0.1894233875511633	1.0	-0.722566400953881	0.0	False		False		ammonia lyase		AT5G04870	CPK1
p:competitive inhibitor	phrase	competitive inhibitor	1	409	11	21633	4.808401867081574	0.1894233875511633	1.0	-0.722566400953881	0.0	False		False		competitive inhibitor		AT5G45340	CYP707A3
p:diphosphoinositide kinase	phrase	diphosphoinositide kinase	1	409	11	21633	4.808401867081574	0.1894233875511633	1.0	-0.722566400953881	0.0	False		False		diphosphoinositide kinase		AT1G21980	PIP5K1
p:exchange mode	phrase	exchange mode	1	409	11	21633	4.808401867081574	0.1894233875511633	1.0	-0.722566400953881	0.0	False		False		exchange mode		AT4G39390	NST-K1
p:inhibitory effect	phrase	inhibitory effect	1	409	11	21633	4.808401867081574	0.1894233875511633	1.0	-0.722566400953881	0.0	False		False		inhibitory effect		AT5G65310	HB5
p:master regulator	phrase	master regulator	1	409	11	21633	4.808401867081574	0.1894233875511633	1.0	-0.722566400953881	0.0	False		False		master regulator		AT5G04870	CPK1
p:precatalytic spliceosome	phrase	precatalytic spliceosome	1	409	11	21633	4.808401867081574	0.1894233875511633	1.0	-0.722566400953881	0.0	False		False		precatalytic spliceosome		AT4G22380	AT4G22380
p:tyrosine sulfated	phrase	tyrosine sulfated	1	409	11	21633	4.808401867081574	0.1894233875511633	1.0	-0.722566400953881	0.0	False		False		tyrosine sulfated		AT4G16515	RGF6
w:accumulating	word	accumulating	1	409	11	21633	4.808401867081574	0.1894233875511633	1.0	-0.722566400953881	0.0	False		False		accumulating		AT1G70940	PIN3
w:adds	word	adds	1	409	11	21633	4.808401867081574	0.1894233875511633	1.0	-0.722566400953881	0.0	False		False		adds		AT3G62720	XT1
w:adomet	word	adomet	1	409	11	21633	4.808401867081574	0.1894233875511633	1.0	-0.722566400953881	0.0	False		False		adomet		AT3G25900	HMT-1
w:applied	word	applied	1	409	11	21633	4.808401867081574	0.1894233875511633	1.0	-0.722566400953881	0.0	False		False		applied		AT4G26080	ABI1
w:bigger	word	bigger	1	409	11	21633	4.808401867081574	0.1894233875511633	1.0	-0.722566400953881	0.0	False		False		bigger		AT4G39400	BRI1
w:biology	word	biology	1	409	11	21633	4.808401867081574	0.1894233875511633	1.0	-0.722566400953881	0.0	False		False		biology		AT3G25780	AOC3
w:brz	word	brz	1	409	11	21633	4.808401867081574	0.1894233875511633	1.0	-0.722566400953881	0.0	False		False		brz		AT5G65300	SUPA
w:condensin	word	condensin	1	409	11	21633	4.808401867081574	0.1894233875511633	1.0	-0.722566400953881	0.0	False		False		condensin		AT5G37630	EMB2656
w:demonstrate	word	demonstrate	1	409	11	21633	4.808401867081574	0.1894233875511633	1.0	-0.722566400953881	0.0	False		False		demonstrate		AT2G40140	CZF1
w:destabilizing	word	destabilizing	1	409	11	21633	4.808401867081574	0.1894233875511633	1.0	-0.722566400953881	0.0	False		False		destabilizing		AT1G23060	MDP40
w:determinate	word	determinate	1	409	11	21633	4.808401867081574	0.1894233875511633	1.0	-0.722566400953881	0.0	False		False		determinate		AT1G73590	PIN1
w:diphosphoinositide	word	diphosphoinositide	1	409	11	21633	4.808401867081574	0.1894233875511633	1.0	-0.722566400953881	0.0	False		False		diphosphoinositide		AT1G21980	PIP5K1
w:farnesylated	word	farnesylated	1	409	11	21633	4.808401867081574	0.1894233875511633	1.0	-0.722566400953881	0.0	False		False		farnesylated		AT4G38580	FP6
w:fasciation	word	fasciation	1	409	11	21633	4.808401867081574	0.1894233875511633	1.0	-0.722566400953881	0.0	False		False		fasciation		AT3G60630	HAM2
w:hypophysis	word	hypophysis	1	409	11	21633	4.808401867081574	0.1894233875511633	1.0	-0.722566400953881	0.0	False		False		hypophysis		AT3G25710	BHLH32
w:introduction	word	introduction	1	409	11	21633	4.808401867081574	0.1894233875511633	1.0	-0.722566400953881	0.0	False		False		introduction		AT4G25420	GA20OX1
w:it's	word	it's	1	409	11	21633	4.808401867081574	0.1894233875511633	1.0	-0.722566400953881	0.0	False		False		it's		AT1G10550	XTH33
w:month	word	month	1	409	11	21633	4.808401867081574	0.1894233875511633	1.0	-0.722566400953881	0.0	False		False		month		AT5G03730	CTR1
w:non‑photosynthetic	word	non-photosynthetic	1	409	11	21633	4.808401867081574	0.1894233875511633	1.0	-0.722566400953881	0.0	False		False		non-photosynthetic		AT1G09940	HEMA2
w:pal	word	pal	1	409	11	21633	4.808401867081574	0.1894233875511633	1.0	-0.722566400953881	0.0	False		False		pal		AT5G04870	CPK1
w:phosphodiester	word	phosphodiester	1	409	11	21633	4.808401867081574	0.1894233875511633	1.0	-0.722566400953881	0.0	False		False		phosphodiester		AT3G56170	CAN
w:potentiate	word	potentiate	1	409	11	21633	4.808401867081574	0.1894233875511633	1.0	-0.722566400953881	0.0	False		False		potentiate		AT1G73080	PEPR1
w:pppde	word	pppde	1	409	11	21633	4.808401867081574	0.1894233875511633	1.0	-0.722566400953881	0.0	False		False		pppde		AT2G25190	AT2G25190
w:precatalytic	word	precatalytic	1	409	11	21633	4.808401867081574	0.1894233875511633	1.0	-0.722566400953881	0.0	False		False		precatalytic		AT4G22380	AT4G22380
w:tend	word	tend	1	409	11	21633	4.808401867081574	0.1894233875511633	1.0	-0.722566400953881	0.0	False		False		tend		AT5G19530	ACL5
w:thiosulfate	word	thiosulfate	1	409	11	21633	4.808401867081574	0.1894233875511633	1.0	-0.722566400953881	0.0	False		False		thiosulfate		AT4G24570	DIC2
w:tlp	word	tlp	1	409	11	21633	4.808401867081574	0.1894233875511633	1.0	-0.722566400953881	0.0	False		False		tlp		AT1G25280	TLP10
w:tub	word	tub	1	409	11	21633	4.808401867081574	0.1894233875511633	1.0	-0.722566400953881	0.0	False		False		tub		AT1G25280	TLP10
w:tuning	word	tuning	1	409	11	21633	4.808401867081574	0.1894233875511633	1.0	-0.722566400953881	0.0	False		False		tuning		AT3G02070	OTU12
w:ythdf	word	ythdf	1	409	11	21633	4.808401867081574	0.1894233875511633	1.0	-0.722566400953881	0.0	False		False		ythdf		AT1G55500	ECT4
p:iron ion	phrase	iron ion	8	409	293	21633	1.444161652911872	0.19240528733973974	1.0	-0.7157829976260555	0.0	True		False		iron ion		AT1G17060, AT1G58340, AT2G23150, AT2G26710, AT3G50660, AT4G12110, AT5G09970, AT5G45340	CYP72C1, ZF14, NRAMP3, BAS1, DWF4, SMO1-1, CYP78A7, CYP707A3
w:scf	word	scf	5	409	162	21633	1.6324821153672011	0.19323433648351943	1.0	-0.7139156997613826	0.0	True		False		scf		AT1G25280, AT1G67340, AT1G77000, AT1G78100, AT3G23050	TLP10, AT1G67340, SKP2B, AUF1, IAA7
w:tube	word	tube	11	409	430	21633	1.353061920736908	0.19339908042666418	1.0	-0.7135455952301366	0.0	True		False		tube		AT1G29430, AT1G79700, AT2G25790, AT3G28180, AT3G62720, AT4G17615, AT4G25420, AT4G26080, AT4G31590, AT5G01180, AT5G67060	SAUR62, WRI4, SKM1, CSLC04, XT1, CBL1, GA20OX1, ABI1, CSLC5, PTR5, HEC1
w:antagonistic	word	antagonistic	2	409	43	21633	2.4601125831580144	0.19514293974314514	1.0	-0.7096471568401254	0.0	True		False		antagonistic		AT1G11000, AT2G38470	MLO4, WRKY33
w:barrel	word	barrel	2	409	43	21633	2.4601125831580144	0.19514293974314514	1.0	-0.7096471568401254	0.0	True		False		barrel		AT3G49640, AT5G64250	AT3G49640, MSJ1.9
w:clustered	word	clustered	2	409	43	21633	2.4601125831580144	0.19514293974314514	1.0	-0.7096471568401254	0.0	True		False		clustered		AT3G10720, AT3G43270	PME25, PME32
w:coordinate	word	coordinate	2	409	43	21633	2.4601125831580144	0.19514293974314514	1.0	-0.7096471568401254	0.0	True		False		coordinate		AT4G08950, AT4G17350	EXO, FL5
w:individual	word	individual	2	409	43	21633	2.4601125831580144	0.19514293974314514	1.0	-0.7096471568401254	0.0	True		False		individual		AT4G12720, AT5G67060	NUDT7, HEC1
w:ribosylation	word	ribosylation	2	409	43	21633	2.4601125831580144	0.19514293974314514	1.0	-0.7096471568401254	0.0	True		False		ribosylation		AT4G12720, AT5G46750	NUDT7, AGD9
w:higher	word	higher	10	409	386	21633	1.370269962121692	0.19744153478906062	1.0	-0.7045614816955292	0.0	True		False		higher		AT1G04310, AT1G55500, AT2G38470, AT3G10870, AT3G62720, AT4G12720, AT4G26080, AT4G39400, AT5G24270, AT5G45340	ERS2, ECT4, WRKY33, MES17, XT1, NUDT7, ABI1, BRI1, SOS3, CYP707A3
p:dehydrogenase reductase	phrase	dehydrogenase reductase	3	409	81	21633	1.958978538440641	0.19769530516688416	1.0	-0.7040036441123554	0.0	True		False		dehydrogenase reductase		AT3G26760, AT4G03140, AT4G13180	AT3G26760, AT4G03140, AT4G13180
p:short‑chain dehydrogenase	phrase	short-chain dehydrogenase	3	409	81	21633	1.958978538440641	0.19769530516688416	1.0	-0.7040036441123554	0.0	True		False		short-chain dehydrogenase		AT3G26760, AT4G03140, AT4G13180	AT3G26760, AT4G03140, AT4G13180
k:NADP	keyword	NADP	8	409	297	21633	1.4247116643204663	0.2020145676133718	1.0	-0.6946173117118701	0.0	True		False		NADP		AT1G09940, AT1G19540, AT1G30760, AT2G45400, AT3G44540, AT4G30470, AT5G19440, AT5G54500	HEMA2, AT1G19540, AtBBE-like 13, BEN1, FAR4, AT4G30470, AT5G19440, FQR1
p:casparian strip	phrase	casparian strip	2	409	44	21633	2.404200933540787	0.20204269114468693	1.0	-0.6945568554561451	0.0	True		False		casparian strip		AT3G14380, AT4G16442	CASPL2A2, CASPL2B1
w:bright	word	bright	2	409	44	21633	2.404200933540787	0.20204269114468693	1.0	-0.6945568554561451	0.0	True		False		bright		AT4G25420, AT4G26080	GA20OX1, ABI1
w:casparian	word	casparian	2	409	44	21633	2.404200933540787	0.20204269114468693	1.0	-0.6945568554561451	0.0	True		False		casparian		AT3G14380, AT4G16442	CASPL2A2, CASPL2B1
w:flux	word	flux	2	409	44	21633	2.404200933540787	0.20204269114468693	1.0	-0.6945568554561451	0.0	True		False		flux		AT2G26530, AT2G44830	AR781, PAX
w:local	word	local	2	409	44	21633	2.404200933540787	0.20204269114468693	1.0	-0.6945568554561451	0.0	True		False		local		AT1G55500, AT5G67060	ECT4, HEC1
w:peptide	word	peptide	13	409	528	21633	1.3022755056679263	0.202562696253723	1.0	-0.6934405308554696	0.0	True		False		peptide		AT1G34110, AT1G73080, AT2G25790, AT3G10930, AT3G13380, AT3G24240, AT4G13195, AT4G16515, AT4G37290, AT4G37295, AT5G01180, AT5G64900, AT5G64905	RGI5, PEPR1, SKM1, IDL7, BRL3, RGI1, CLE44, RGF6, PIP2, PIPL3, PTR5, PROPEP1, PROPEP3
w:acyl	word	acyl	10	409	389	21633	1.3597023274523732	0.20375266166768766	1.0	-0.6908967092626401	0.0	True		False		acyl		AT1G02660, AT1G06080, AT1G19440, AT2G14960, AT2G39030, AT2G39980, AT3G23470, AT3G44540, AT4G24160, AT5G01210	PLIP2, ADS1, KCS4, GH3.1, NATA1, AT2G39980, AT3G23470, FAR4, AT4G24160, AT5G01210
p:oxidant detoxification	phrase	oxidant detoxification	4	409	123	21633	1.7200787166795872	0.20411143524738515	1.0	-0.6901326634577676	0.0	True		False		oxidant detoxification		AT2G18980, AT5G14130, AT5G39580, AT5G64100	PER16, PER55, PER62, PER69
k:Peptide transport	keyword	Peptide transport	1	409	12	21633	4.407701711491442	0.20475618907237192	1.0	-0.6887629621470011	0.0	False		False		Peptide transport		AT5G01180	PTR5
p:acetate esterase	phrase	acetate esterase	1	409	12	21633	4.407701711491442	0.20475618907237192	1.0	-0.6887629621470011	0.0	False		False		acetate esterase		AT3G10870	MES17
p:cinnamoyl coa	phrase	cinnamoyl coa	1	409	12	21633	4.407701711491442	0.20475618907237192	1.0	-0.6887629621470011	0.0	False		False		cinnamoyl coa		AT4G30470	AT4G30470
p:convert oxidosqualene	phrase	convert oxidosqualene	1	409	12	21633	4.407701711491442	0.20475618907237192	1.0	-0.6887629621470011	0.0	False		False		convert oxidosqualene		AT1G78970	LUP1
p:cyclase mutase	phrase	cyclase mutase	1	409	12	21633	4.407701711491442	0.20475618907237192	1.0	-0.6887629621470011	0.0	False		False		cyclase mutase		AT1G78970	LUP1
p:induced syncytia	phrase	induced syncytia	1	409	12	21633	4.407701711491442	0.20475618907237192	1.0	-0.6887629621470011	0.0	False		False		induced syncytia		AT2G39700	EXPA4
p:non‑cell autonomous	phrase	non-cell autonomous	1	409	12	21633	4.407701711491442	0.20475618907237192	1.0	-0.6887629621470011	0.0	False		False		non-cell autonomous		AT5G09970	CYP78A7
p:prevent premature	phrase	prevent premature	1	409	12	21633	4.407701711491442	0.20475618907237192	1.0	-0.6887629621470011	0.0	False		False		prevent premature		AT5G19530	ACL5
p:tkl ser	phrase	tkl ser	1	409	12	21633	4.407701711491442	0.20475618907237192	1.0	-0.6887629621470011	0.0	False		False		tkl ser		AT5G03730	CTR1
p:venation pattern	phrase	venation pattern	1	409	12	21633	4.407701711491442	0.20475618907237192	1.0	-0.6887629621470011	0.0	False		False		venation pattern		AT1G73590	PIN1
p:wax load	phrase	wax load	1	409	12	21633	4.407701711491442	0.20475618907237192	1.0	-0.6887629621470011	0.0	False		False		wax load		AT1G79700	WRI4
w:acetylesterase	word	acetylesterase	1	409	12	21633	4.407701711491442	0.20475618907237192	1.0	-0.6887629621470011	0.0	False		False		acetylesterase		AT5G45280	PAE11
w:annotation	word	annotation	1	409	12	21633	4.407701711491442	0.20475618907237192	1.0	-0.6887629621470011	0.0	False		False		annotation		AT4G28640	IAA11
w:anoxia	word	anoxia	1	409	12	21633	4.407701711491442	0.20475618907237192	1.0	-0.6887629621470011	0.0	False		False		anoxia		AT1G35140	PHI-1
w:cinnamoyl	word	cinnamoyl	1	409	12	21633	4.407701711491442	0.20475618907237192	1.0	-0.6887629621470011	0.0	False		False		cinnamoyl		AT4G30470	AT4G30470
w:cycling	word	cycling	1	409	12	21633	4.407701711491442	0.20475618907237192	1.0	-0.6887629621470011	0.0	False		False		cycling		AT2G34140	CDF4
w:dicarboxylate	word	dicarboxylate	1	409	12	21633	4.407701711491442	0.20475618907237192	1.0	-0.6887629621470011	0.0	False		False		dicarboxylate		AT4G24570	DIC2
w:elevation	word	elevation	1	409	12	21633	4.407701711491442	0.20475618907237192	1.0	-0.6887629621470011	0.0	False		False		elevation		AT4G26080	ABI1
w:ensuring	word	ensuring	1	409	12	21633	4.407701711491442	0.20475618907237192	1.0	-0.6887629621470011	0.0	False		False		ensuring		AT4G02220	PDCD2
w:galactan	word	galactan	1	409	12	21633	4.407701711491442	0.20475618907237192	1.0	-0.6887629621470011	0.0	False		False		galactan		AT4G20170	GALS3
w:gels	word	gels	1	409	12	21633	4.407701711491442	0.20475618907237192	1.0	-0.6887629621470011	0.0	False		False		gels		AT5G45280	PAE11
w:hth	word	hth	1	409	12	21633	4.407701711491442	0.20475618907237192	1.0	-0.6887629621470011	0.0	False		False		hth		AT4G37240	AP22.53
w:hydroxycinnamate	word	hydroxycinnamate	1	409	12	21633	4.407701711491442	0.20475618907237192	1.0	-0.6887629621470011	0.0	False		False		hydroxycinnamate		AT3G44540	FAR4
w:lithium	word	lithium	1	409	12	21633	4.407701711491442	0.20475618907237192	1.0	-0.6887629621470011	0.0	False		False		lithium		AT5G24270	SOS3
w:memory	word	memory	1	409	12	21633	4.407701711491442	0.20475618907237192	1.0	-0.6887629621470011	0.0	False		False		memory		AT5G66080	PP2C79
w:metabolizing	word	metabolizing	1	409	12	21633	4.407701711491442	0.20475618907237192	1.0	-0.6887629621470011	0.0	False		False		metabolizing		AT1G17060	CYP72C1
w:micropyle	word	micropyle	1	409	12	21633	4.407701711491442	0.20475618907237192	1.0	-0.6887629621470011	0.0	False		False		micropyle		AT4G32460	BDX
w:non‑electrogenic	word	non-electrogenic	1	409	12	21633	4.407701711491442	0.20475618907237192	1.0	-0.6887629621470011	0.0	False		False		non-electrogenic		AT5G54500	FQR1
w:non‑homologous	word	non-homologous	1	409	12	21633	4.407701711491442	0.20475618907237192	1.0	-0.6887629621470011	0.0	False		False		non-homologous		AT5G01840	OFP1
w:non‑ionic	word	non-ionic	1	409	12	21633	4.407701711491442	0.20475618907237192	1.0	-0.6887629621470011	0.0	False		False		non-ionic		AT5G63650	SNRK2.5
w:outside	word	outside	1	409	12	21633	4.407701711491442	0.20475618907237192	1.0	-0.6887629621470011	0.0	False		False		outside		AT1G09940	HEMA2
w:prerequisite	word	prerequisite	1	409	12	21633	4.407701711491442	0.20475618907237192	1.0	-0.6887629621470011	0.0	False		False		prerequisite		AT3G27580	ATPK7
w:protruding	word	protruding	1	409	12	21633	4.407701711491442	0.20475618907237192	1.0	-0.6887629621470011	0.0	False		False		protruding		AT5G03730	CTR1
w:retained	word	retained	1	409	12	21633	4.407701711491442	0.20475618907237192	1.0	-0.6887629621470011	0.0	False		False		retained		AT1G17060	CYP72C1
w:reversion	word	reversion	1	409	12	21633	4.407701711491442	0.20475618907237192	1.0	-0.6887629621470011	0.0	False		False		reversion		AT2G26070	RTE1
w:rha	word	rha	1	409	12	21633	4.407701711491442	0.20475618907237192	1.0	-0.6887629621470011	0.0	False		False		rha		AT4G39390	NST-K1
w:semi‑dominant	word	semi-dominant	1	409	12	21633	4.407701711491442	0.20475618907237192	1.0	-0.6887629621470011	0.0	False		False		semi-dominant		AT5G48150	PAT1
w:smc	word	smc	1	409	12	21633	4.407701711491442	0.20475618907237192	1.0	-0.6887629621470011	0.0	False		False		smc		AT5G15920	SMC5
w:specifying	word	specifying	1	409	12	21633	4.407701711491442	0.20475618907237192	1.0	-0.6887629621470011	0.0	False		False		specifying		AT1G58340	ZF14
w:supported	word	supported	1	409	12	21633	4.407701711491442	0.20475618907237192	1.0	-0.6887629621470011	0.0	False		False		supported		AT5G45340	CYP707A3
w:thermomorphogenesis	word	thermomorphogenesis	1	409	12	21633	4.407701711491442	0.20475618907237192	1.0	-0.6887629621470011	0.0	False		False		thermomorphogenesis		AT5G67060	HEC1
w:tkl	word	tkl	1	409	12	21633	4.407701711491442	0.20475618907237192	1.0	-0.6887629621470011	0.0	False		False		tkl		AT5G03730	CTR1
w:twin	word	twin	1	409	12	21633	4.407701711491442	0.20475618907237192	1.0	-0.6887629621470011	0.0	False		False		twin		AT4G12110	SMO1-1
w:unfused	word	unfused	1	409	12	21633	4.407701711491442	0.20475618907237192	1.0	-0.6887629621470011	0.0	False		False		unfused		AT5G67060	HEC1
w:viii	word	viii	1	409	12	21633	4.407701711491442	0.20475618907237192	1.0	-0.6887629621470011	0.0	False		False		viii		AT1G51170	UCN
w:yth	word	yth	1	409	12	21633	4.407701711491442	0.20475618907237192	1.0	-0.6887629621470011	0.0	False		False		yth		AT1G55500	ECT4
w:yuc	word	yuc	1	409	12	21633	4.407701711491442	0.20475618907237192	1.0	-0.6887629621470011	0.0	False		False		yuc		AT4G37590	NPY5
w:linked	word	linked	7	409	254	21633	1.4576651329341779	0.2068793148479656	1.0	-0.6842829307769088	0.0	True		False		linked		AT1G30700, AT1G30720, AT1G30760, AT2G46740, AT3G63440, AT4G20830, AT4G22820	AtBBE8, AtBBE10, AtBBE-like 13, GulLO5, CKX6, AtBBE19, SAP9
p:cell population	phrase	cell population	3	409	83	21633	1.9117742363095411	0.20742719309429605	1.0	-0.6831343094867603	0.0	True		False		cell population		AT2G34140, AT3G59900, AT4G16515	CDF4, ARGOS, RGF6
w:aminotransferase	word	aminotransferase	3	409	83	21633	1.9117742363095411	0.20742719309429605	1.0	-0.6831343094867603	0.0	True		False		aminotransferase		AT2G22810, AT4G11280, AT4G37770	ACS4, ACS6, ACS8
w:clock	word	clock	3	409	83	21633	1.9117742363095411	0.20742719309429605	1.0	-0.6831343094867603	0.0	True		False		clock		AT2G32560, AT4G25420, AT5G51810	CFH1, GA20OX1, GA20OX2
w:color	word	color	2	409	45	21633	2.3507742461287693	0.20896980142398333	1.0	-0.6799164699775606	0.0	True		False		color		AT2G23150, AT4G39400	NRAMP3, BRI1
w:suberin	word	suberin	2	409	45	21633	2.3507742461287693	0.20896980142398333	1.0	-0.6799164699775606	0.0	True		False		suberin		AT2G39350, AT3G44540	ABCG1, FAR4
w:syringae	word	syringae	7	409	255	21633	1.451948799079534	0.20955479716600767	1.0	-0.6787023927691531	0.0	True		False		syringae		AT1G80840, AT2G38470, AT3G23050, AT4G26080, AT5G04870, AT5G24270, AT5G65300	WRKY40, WRKY33, IAA7, ABI1, CPK1, SOS3, SUPA
w:ligand	word	ligand	3	409	84	21633	1.889015019210618	0.21233322500561766	1.0	-0.6729820439516958	0.0	True		False		ligand		AT4G13195, AT4G28490, AT4G39400	CLE44, HAE, BRI1
p:cell death	phrase	cell death	9	409	347	21633	1.3718495240376825	0.21256430433660603	1.0	-0.6725096642304974	0.0	True		False		cell death		AT1G11000, AT3G12920, AT3G50930, AT3G56170, AT4G02220, AT4G12720, AT5G04870, AT5G13190, AT5G61900	MLO4, BRG3, BCS1, CAN, PDCD2, NUDT7, CPK1, GILP, BON1
w:iron	word	iron	13	409	534	21633	1.2876431966154775	0.21351495304452842	1.0	-0.6705717047264339	0.0	True		False		iron		AT1G02400, AT1G05010, AT1G17060, AT1G58340, AT2G23150, AT2G26710, AT3G50660, AT4G12110, AT4G25420, AT5G09970, AT5G43450, AT5G45340, AT5G51810	GA2OX6, EFE, CYP72C1, ZF14, NRAMP3, BAS1, DWF4, SMO1-1, GA20OX1, CYP78A7, AT5G43450, CYP707A3, GA20OX2
w:condition	word	condition	19	409	821	21633	1.2240633254811801	0.213606583125082	1.0	-0.6703853669485352	0.0	True		False		condition		AT1G17060, AT1G19220, AT1G35140, AT1G70940, AT1G76650, AT2G23150, AT2G30040, AT3G10870, AT3G10930, AT3G25710, AT3G50660, AT4G17615, AT4G25420, AT4G26080, AT5G03730, AT5G24270, AT5G44260, AT5G61900, AT5G66080	CYP72C1, ARF19, PHI-1, PIN3, CML38, NRAMP3, MAPKKK14, MES17, IDL7, BHLH32, DWF4, CBL1, GA20OX1, ABI1, CTR1, SOS3, TZF5, BON1, PP2C79
p:fatty acyl	phrase	fatty acyl	2	409	46	21633	2.2996704581694485	0.21592078063714	1.0	-0.6657055583061646	0.0	True		False		fatty acyl		AT3G23470, AT3G44540	AT3G23470, FAR4
p:powdery mildew	phrase	powdery mildew	2	409	46	21633	2.2996704581694485	0.21592078063714	1.0	-0.6657055583061646	0.0	True		False		powdery mildew		AT1G80840, AT3G26470	WRKY40, AT3G26470
w:aldolase	word	aldolase	2	409	46	21633	2.2996704581694485	0.21592078063714	1.0	-0.6657055583061646	0.0	True		False		aldolase		AT3G49640, AT5G64250	AT3G49640, MSJ1.9
w:dry	word	dry	2	409	46	21633	2.2996704581694485	0.21592078063714	1.0	-0.6657055583061646	0.0	True		False		dry		AT5G01180, AT5G45340	PTR5, CYP707A3
w:insensitivity	word	insensitivity	2	409	46	21633	2.2996704581694485	0.21592078063714	1.0	-0.6657055583061646	0.0	True		False		insensitivity		AT2G26070, AT3G50660	RTE1, DWF4
w:poor	word	poor	2	409	46	21633	2.2996704581694485	0.21592078063714	1.0	-0.6657055583061646	0.0	True		False		poor		AT1G74660, AT3G50660	MIF1, DWF4
w:powdery	word	powdery	2	409	46	21633	2.2996704581694485	0.21592078063714	1.0	-0.6657055583061646	0.0	True		False		powdery		AT1G80840, AT3G26470	WRKY40, AT3G26470
w:strip	word	strip	2	409	46	21633	2.2996704581694485	0.21592078063714	1.0	-0.6657055583061646	0.0	True		False		strip		AT3G14380, AT4G16442	CASPL2A2, CASPL2B1
w:supply	word	supply	2	409	46	21633	2.2996704581694485	0.21592078063714	1.0	-0.6657055583061646	0.0	True		False		supply		AT1G09940, AT2G23150	HEMA2, NRAMP3
w:double	word	double	20	409	872	21633	1.213128911419663	0.21739564116191454	1.0	-0.6627491678776252	0.0	True		False		double		AT1G17060, AT1G19220, AT1G77000, AT1G80840, AT2G23150, AT2G26710, AT2G38470, AT3G56170, AT3G62720, AT4G17615, AT4G22470, AT4G26080, AT4G39400, AT5G01180, AT5G01840, AT5G03730, AT5G15920, AT5G19530, AT5G61900, AT5G67060	CYP72C1, ARF19, SKP2B, WRKY40, NRAMP3, BAS1, WRKY33, CAN, XT1, CBL1, DHYPRP1, ABI1, BRI1, PTR5, OFP1, CTR1, SMC5, ACL5, BON1, HEC1
p:seed germination	phrase	seed germination	10	409	396	21633	1.3356671853004372	0.21880408230757015	1.0	-0.6599445794724642	0.0	True		False		seed germination		AT2G18980, AT2G23150, AT2G28400, AT4G26080, AT4G32460, AT5G03730, AT5G39580, AT5G63790, AT5G64100, AT5G66460	PER16, NRAMP3, S40-4, ABI1, BDX, CTR1, PER62, NAC102, PER69, MAN7
p:conformational change	phrase	conformational change	1	409	13	21633	4.068647733684409	0.21979965231039975	1.0	-0.6579729988997631	0.0	False		False		conformational change		AT5G37770	TCH2
p:cytosine methylation	phrase	cytosine methylation	1	409	13	21633	4.068647733684409	0.21979965231039975	1.0	-0.6579729988997631	0.0	False		False		cytosine methylation		AT3G50660	DWF4
p:green color	phrase	green color	1	409	13	21633	4.068647733684409	0.21979965231039975	1.0	-0.6579729988997631	0.0	False		False		green color		AT2G23150	NRAMP3
p:hak kup	phrase	hak kup	1	409	13	21633	4.068647733684409	0.21979965231039975	1.0	-0.6579729988997631	0.0	False		False		hak kup		AT2G30070	KT1
p:kup transporter	phrase	kup transporter	1	409	13	21633	4.068647733684409	0.21979965231039975	1.0	-0.6579729988997631	0.0	False		False		kup transporter		AT2G30070	KT1
p:terpene cyclase	phrase	terpene cyclase	1	409	13	21633	4.068647733684409	0.21979965231039975	1.0	-0.6579729988997631	0.0	False		False		terpene cyclase		AT1G78970	LUP1
p:transmitting tract	phrase	transmitting tract	1	409	13	21633	4.068647733684409	0.21979965231039975	1.0	-0.6579729988997631	0.0	False		False		transmitting tract		AT5G67060	HEC1
w:adck	word	adck	1	409	13	21633	4.068647733684409	0.21979965231039975	1.0	-0.6579729988997631	0.0	False		False		adck		AT2G40090	ATH9
w:author	word	author	1	409	13	21633	4.068647733684409	0.21979965231039975	1.0	-0.6579729988997631	0.0	False		False		author		AT5G59820	RHL41
w:best	word	best	1	409	13	21633	4.068647733684409	0.21979965231039975	1.0	-0.6579729988997631	0.0	False		False		best		AT3G50660	DWF4
w:calli	word	calli	1	409	13	21633	4.068647733684409	0.21979965231039975	1.0	-0.6579729988997631	0.0	False		False		calli		AT2G47260	WRKY23
w:combined	word	combined	1	409	13	21633	4.068647733684409	0.21979965231039975	1.0	-0.6579729988997631	0.0	False		False		combined		AT4G22470	DHYPRP1
w:dosage	word	dosage	1	409	13	21633	4.068647733684409	0.21979965231039975	1.0	-0.6579729988997631	0.0	False		False		dosage		AT3G23050	IAA7
w:example	word	example	1	409	13	21633	4.068647733684409	0.21979965231039975	1.0	-0.6579729988997631	0.0	False		False		example		AT1G35140	PHI-1
w:feed	word	feed	1	409	13	21633	4.068647733684409	0.21979965231039975	1.0	-0.6579729988997631	0.0	False		False		feed		AT2G43060	IBH1
w:gasa	word	gasa	1	409	13	21633	4.068647733684409	0.21979965231039975	1.0	-0.6579729988997631	0.0	False		False		gasa		AT3G02885	GASA5
w:hak	word	hak	1	409	13	21633	4.068647733684409	0.21979965231039975	1.0	-0.6579729988997631	0.0	False		False		hak		AT2G30070	KT1
w:kup	word	kup	1	409	13	21633	4.068647733684409	0.21979965231039975	1.0	-0.6579729988997631	0.0	False		False		kup		AT2G30070	KT1
w:liposome	word	liposome	1	409	13	21633	4.068647733684409	0.21979965231039975	1.0	-0.6579729988997631	0.0	False		False		liposome		AT4G24570	DIC2
w:mononucleotide	word	mononucleotide	1	409	13	21633	4.068647733684409	0.21979965231039975	1.0	-0.6579729988997631	0.0	False		False		mononucleotide		AT5G54500	FQR1
w:observation	word	observation	1	409	13	21633	4.068647733684409	0.21979965231039975	1.0	-0.6579729988997631	0.0	False		False		observation		AT5G45340	CYP707A3
w:opda	word	opda	1	409	13	21633	4.068647733684409	0.21979965231039975	1.0	-0.6579729988997631	0.0	False		False		opda		AT3G25780	AOC3
w:opened	word	opened	1	409	13	21633	4.068647733684409	0.21979965231039975	1.0	-0.6579729988997631	0.0	False		False		opened		AT4G39400	BRI1
w:polyunsaturated	word	polyunsaturated	1	409	13	21633	4.068647733684409	0.21979965231039975	1.0	-0.6579729988997631	0.0	False		False		polyunsaturated		AT1G02660	PLIP2
w:proceed	word	proceed	1	409	13	21633	4.068647733684409	0.21979965231039975	1.0	-0.6579729988997631	0.0	False		False		proceed		AT1G78970	LUP1
w:properly	word	properly	1	409	13	21633	4.068647733684409	0.21979965231039975	1.0	-0.6579729988997631	0.0	False		False		properly		AT3G23050	IAA7
w:resolution	word	resolution	1	409	13	21633	4.068647733684409	0.21979965231039975	1.0	-0.6579729988997631	0.0	False		False		resolution		AT4G39400	BRI1
w:solution	word	solution	1	409	13	21633	4.068647733684409	0.21979965231039975	1.0	-0.6579729988997631	0.0	False		False		solution		AT1G34370	STOP1
w:submergence	word	submergence	1	409	13	21633	4.068647733684409	0.21979965231039975	1.0	-0.6579729988997631	0.0	False		False		submergence		AT5G03730	CTR1
p:apical meristem	phrase	apical meristem	6	409	214	21633	1.4829650618102048	0.21986938158599217	1.0	-0.6578352451007183	0.0	True		False		apical meristem		AT1G73590, AT3G24240, AT3G62100, AT4G12110, AT4G16515, AT5G09970	PIN1, RGI1, IAA30, SMO1-1, RGF6, CYP78A7
w:anthocyanin	word	anthocyanin	5	409	170	21633	1.5556594275852151	0.21997240421266157	1.0	-0.657631798495432	0.0	True		False		anthocyanin		AT1G73590, AT2G28350, AT3G25710, AT5G24270, AT5G48150	PIN1, ARF10, BHLH32, SOS3, PAT1
w:absent	word	absent	3	409	86	21633	1.8450844373685107	0.22221890389374646	1.0	-0.6532189989166212	0.0	True		False		absent		AT1G75640, AT2G26070, AT5G24270	MUS, RTE1, SOS3
k:Transferase	keyword	Transferase	62	409	2977	21633	1.1015552816088792	0.2226958396055166	1.0	-0.6522878963617598	0.0	True		False		Transferase		AT1G04310, AT1G09350, AT1G10550, AT1G11050, AT1G13250, AT1G19440, AT1G21980, AT1G25320, AT1G30570, AT1G34110, AT1G51170, AT1G63500, AT1G68400, AT1G73080, AT1G75640, AT1G80290, AT2G17530, AT2G25790, AT2G30040, AT2G30140, AT2G35930, AT2G39030, AT2G39980, AT2G40940, AT2G41380, AT2G41820, AT2G44830, AT2G48010, AT3G02320, AT3G08760, AT3G12920, AT3G13380, AT3G20830, AT3G24240, AT3G25900, AT3G27580, AT3G28180, AT3G28340, AT3G61160, AT3G62720, AT4G15550, AT4G20170, AT4G24160, AT4G25280, AT4G25810, AT4G28490, AT4G30280, AT4G30290, AT4G31590, AT4G37890, AT4G39400, AT5G01210, AT5G03730, AT5G04870, AT5G05160, AT5G10520, AT5G10830, AT5G19530, AT5G40540, AT5G57560, AT5G59010, AT5G63650	ERS2, GolS3, XTH33, AT1G11050, GATL3, KCS4, PIP5K1, SENRK1, HERK2, RGI5, UCN, BSK7, AT1G68400, PEPR1, MUS, AT1G80290, MJB20.9, SKM1, MAPKKK14, UGT87A2, PUB23, NATA1, AT2G39980, ERS1, AT2G41380, PXC3, PAX, RKF3, AtTRM1a, ATSIK, BRG3, BRL3, UCNL, RGI1, HMT-1, ATPK7, CSLC04, GATL10, ASK2, XT1, IAGLU, GALS3, AT4G24160, UMK2, XTR6, HAE, XTH18, XTH19, CSLC5, EDA40, BRI1, AT5G01210, CTR1, CPK1, RUL1, RBK1, AT5G10830, ACL5, MNF13.60, TCH4, BSK5, SNRK2.5
p:bacterial origin	phrase	bacterial origin	2	409	47	21633	2.2507412994849916	0.22289226041436666	1.0	-0.6519050114555601	0.0	True		False		bacterial origin		AT1G80840, AT3G50930	WRKY40, BCS1
w:dioxide	word	dioxide	2	409	47	21633	2.2507412994849916	0.22289226041436666	1.0	-0.6519050114555601	0.0	True		False		dioxide		AT1G23730, AT1G29510	BCA3, SAUR68
w:pedicel	word	pedicel	2	409	47	21633	2.2507412994849916	0.22289226041436666	1.0	-0.6519050114555601	0.0	True		False		pedicel		AT4G39400, AT5G19530	BRI1, ACL5
w:point	word	point	2	409	47	21633	2.2507412994849916	0.22289226041436666	1.0	-0.6519050114555601	0.0	True		False		point		AT2G26710, AT2G41100	BAS1, TCH3
w:separation	word	separation	2	409	47	21633	2.2507412994849916	0.22289226041436666	1.0	-0.6519050114555601	0.0	True		False		separation		AT4G28490, AT4G32460	HAE, BDX
w:sterility	word	sterility	2	409	47	21633	2.2507412994849916	0.22289226041436666	1.0	-0.6519050114555601	0.0	True		False		sterility		AT2G25790, AT5G03730	SKM1, CTR1
w:grow	word	grow	4	409	128	21633	1.652888141809291	0.2239165708122884	1.0	-0.6499137655275332	0.0	True		False		grow		AT3G10870, AT4G30290, AT5G01180, AT5G24270	MES17, XTH19, PTR5, SOS3
w:severe	word	severe	6	409	216	21633	1.469233903830481	0.2259330368910904	1.0	-0.6460202600470789	0.0	True		False		severe		AT2G35930, AT3G27580, AT4G12110, AT4G39400, AT5G06860, AT5G50570	PUB23, ATPK7, SMO1-1, BRI1, PGIP1, SPL13A
w:susceptibility	word	susceptibility	5	409	172	21633	1.537570364473759	0.22682909019236303	1.0	-0.6443012491624324	0.0	True		False		susceptibility		AT1G80840, AT2G22810, AT2G40140, AT4G11280, AT4G37770	WRKY40, ACS4, CZF1, ACS6, ACS8
w:oxidant	word	oxidant	4	409	129	21633	1.6400750554386765	0.22793687474636198	1.0	-0.6421854106536969	0.0	True		False		oxidant		AT2G18980, AT5G14130, AT5G39580, AT5G64100	PER16, PER55, PER62, PER69
w:peroxidase	word	peroxidase	4	409	129	21633	1.6400750554386765	0.22793687474636198	1.0	-0.6421854106536969	0.0	True		False		peroxidase		AT2G18980, AT5G14130, AT5G39580, AT5G64100	PER16, PER55, PER62, PER69
w:polarity	word	polarity	4	409	129	21633	1.6400750554386765	0.22793687474636198	1.0	-0.6421854106536969	0.0	True		False		polarity		AT1G51170, AT1G70940, AT1G73590, AT4G37590	UCN, PIN3, PIN1, NPY5
w:group	word	group	6	409	217	21633	1.4624632406791884	0.2289852131005205	1.0	-0.6401925616609528	0.0	True		False		group		AT1G02660, AT1G19440, AT2G39030, AT2G40940, AT3G02320, AT5G01210	PLIP2, KCS4, NATA1, ERS1, AtTRM1a, AT5G01210
w:tolerant	word	tolerant	2	409	48	21633	2.203850855745721	0.22988099062949016	1.0	-0.6384969400227919	0.0	True		False		tolerant		AT4G26080, AT5G03730	ABI1, CTR1
p:golgi apparatus	phrase	golgi apparatus	19	409	832	21633	1.2078797959375587	0.23024585292800123	1.0	-0.6378081833535014	0.0	True		False		golgi apparatus		AT1G09350, AT1G13250, AT1G35140, AT1G53840, AT1G58340, AT2G23150, AT2G26070, AT3G28180, AT3G48970, AT3G62720, AT4G08950, AT4G25810, AT4G30280, AT4G31590, AT4G39390, AT5G06860, AT5G39580, AT5G57560, AT5G64260	GolS3, GATL3, PHI-1, PME1, ZF14, NRAMP3, RTE1, CSLC04, HIPP31, XT1, EXO, XTR6, XTH18, CSLC5, NST-K1, PGIP1, PER62, TCH4, EXL2
p:pseudomonas syringae	phrase	pseudomonas syringae	5	409	173	21633	1.528682674505703	0.2302810209474436	1.0	-0.6377418537745805	0.0	True		False		pseudomonas syringae		AT1G80840, AT3G23050, AT4G26080, AT5G04870, AT5G24270	WRKY40, IAA7, ABI1, CPK1, SOS3
w:export	word	export	7	409	263	21633	1.4077830561417533	0.2314082645227717	1.0	-0.6356211346991288	0.0	True		False		export		AT1G23080, AT1G50740, AT1G58340, AT1G70940, AT1G73590, AT2G01420, AT2G23150	PIN7, FAX5, ZF14, PIN3, PIN1, PIN4, NRAMP3
w:phospholipase	word	phospholipase	3	409	88	21633	1.80315070015559	0.2321941450011997	1.0	-0.6341487356126463	0.0	True		False		phospholipase		AT1G02660, AT1G30370, AT4G24160	PLIP2, DLAH, AT4G24160
k:Plant defense	keyword	Plant defense	18	409	785	21633	1.212819833990002	0.23274981211267037	1.0	-0.6331106609307805	0.0	True		False		Plant defense		AT1G05010, AT1G11000, AT1G73080, AT2G35930, AT2G38470, AT2G39030, AT2G44840, AT3G04570, AT3G12920, AT3G26470, AT3G50930, AT4G11280, AT4G13235, AT4G17490, AT5G47230, AT5G61900, AT5G64900, AT5G64905	EFE, MLO4, PEPR1, PUB23, WRKY33, NATA1, ERF13, AHL19, BRG3, AT3G26470, BCS1, ACS6, EDA21, ERF6, ERF5, BON1, PROPEP1, PROPEP3
k:Ascorbate biosynthesis	keyword	Ascorbate biosynthesis	1	409	14	21633	3.778030038421236	0.23455922410526772	1.0	-0.6297474836324095	0.0	False		False		Ascorbate biosynthesis		AT2G46740	GulLO5
k:Galactose metabolism	keyword	Galactose metabolism	1	409	14	21633	3.778030038421236	0.23455922410526772	1.0	-0.6297474836324095	0.0	False		False		Galactose metabolism		AT1G09350	GolS3
k:Polyamine biosynthesis	keyword	Polyamine biosynthesis	1	409	14	21633	3.778030038421236	0.23455922410526772	1.0	-0.6297474836324095	0.0	False		False		Polyamine biosynthesis		AT5G19530	ACL5
p:acquired thermotolerance	phrase	acquired thermotolerance	1	409	14	21633	3.778030038421236	0.23455922410526772	1.0	-0.6297474836324095	0.0	False		False		acquired thermotolerance		AT4G26080	ABI1
p:beta carotene	phrase	beta carotene	1	409	14	21633	3.778030038421236	0.23455922410526772	1.0	-0.6297474836324095	0.0	False		False		beta carotene		AT5G63790	NAC102
p:branch point	phrase	branch point	1	409	14	21633	3.778030038421236	0.23455922410526772	1.0	-0.6297474836324095	0.0	False		False		branch point		AT2G41100	TCH3
p:longitudinal axis	phrase	longitudinal axis	1	409	14	21633	3.778030038421236	0.23455922410526772	1.0	-0.6297474836324095	0.0	False		False		longitudinal axis		AT1G23080	PIN7
p:nitrate assimilation	phrase	nitrate assimilation	1	409	14	21633	3.778030038421236	0.23455922410526772	1.0	-0.6297474836324095	0.0	False		False		nitrate assimilation		AT1G76650	CML38
p:statistically significant	phrase	statistically significant	1	409	14	21633	3.778030038421236	0.23455922410526772	1.0	-0.6297474836324095	0.0	False		False		statistically significant		AT1G70940	PIN3
p:transporter abci	phrase	transporter abci	1	409	14	21633	3.778030038421236	0.23455922410526772	1.0	-0.6297474836324095	0.0	False		False		transporter abci		AT2G37330	ALS3
p:udp rhamnose	phrase	udp rhamnose	1	409	14	21633	3.778030038421236	0.23455922410526772	1.0	-0.6297474836324095	0.0	False		False		udp rhamnose		AT4G39390	NST-K1
w:abci	word	abci	1	409	14	21633	3.778030038421236	0.23455922410526772	1.0	-0.6297474836324095	0.0	False		False		abci		AT2G37330	ALS3
w:already	word	already	1	409	14	21633	3.778030038421236	0.23455922410526772	1.0	-0.6297474836324095	0.0	False		False		already		AT5G03730	CTR1
w:cdf	word	cdf	1	409	14	21633	3.778030038421236	0.23455922410526772	1.0	-0.6297474836324095	0.0	False		False		cdf		AT2G34140	CDF4
w:cholesterol	word	cholesterol	1	409	14	21633	3.778030038421236	0.23455922410526772	1.0	-0.6297474836324095	0.0	False		False		cholesterol		AT3G50660	DWF4
w:competitive	word	competitive	1	409	14	21633	3.778030038421236	0.23455922410526772	1.0	-0.6297474836324095	0.0	False		False		competitive		AT5G45340	CYP707A3
w:conferred	word	conferred	1	409	14	21633	3.778030038421236	0.23455922410526772	1.0	-0.6297474836324095	0.0	False		False		conferred		AT5G03730	CTR1
w:conformational	word	conformational	1	409	14	21633	3.778030038421236	0.23455922410526772	1.0	-0.6297474836324095	0.0	False		False		conformational		AT5G37770	TCH2
w:cultured	word	cultured	1	409	14	21633	3.778030038421236	0.23455922410526772	1.0	-0.6297474836324095	0.0	False		False		cultured		AT1G44830	ERF014
w:depletion	word	depletion	1	409	14	21633	3.778030038421236	0.23455922410526772	1.0	-0.6297474836324095	0.0	False		False		depletion		AT1G73590	PIN1
w:dicarboxylic	word	dicarboxylic	1	409	14	21633	3.778030038421236	0.23455922410526772	1.0	-0.6297474836324095	0.0	False		False		dicarboxylic		AT4G24570	DIC2
w:gai	word	gai	1	409	14	21633	3.778030038421236	0.23455922410526772	1.0	-0.6297474836324095	0.0	False		False		gai		AT3G02885	GASA5
w:ionic	word	ionic	1	409	14	21633	3.778030038421236	0.23455922410526772	1.0	-0.6297474836324095	0.0	False		False		ionic		AT5G63650	SNRK2.5
w:mesa	word	mesa	1	409	14	21633	3.778030038421236	0.23455922410526772	1.0	-0.6297474836324095	0.0	False		False		mesa		AT3G10870	MES17
w:pivotal	word	pivotal	1	409	14	21633	3.778030038421236	0.23455922410526772	1.0	-0.6297474836324095	0.0	False		False		pivotal		AT4G24160	AT4G24160
w:qtl	word	qtl	1	409	14	21633	3.778030038421236	0.23455922410526772	1.0	-0.6297474836324095	0.0	False		False		qtl		AT1G08430	ALMT1
w:sitosterol	word	sitosterol	1	409	14	21633	3.778030038421236	0.23455922410526772	1.0	-0.6297474836324095	0.0	False		False		sitosterol		AT3G50660	DWF4
w:sulfated	word	sulfated	1	409	14	21633	3.778030038421236	0.23455922410526772	1.0	-0.6297474836324095	0.0	False		False		sulfated		AT4G16515	RGF6
w:undergoing	word	undergoing	1	409	14	21633	3.778030038421236	0.23455922410526772	1.0	-0.6297474836324095	0.0	False		False		undergoing		AT5G37770	TCH2
w:upward	word	upward	1	409	14	21633	3.778030038421236	0.23455922410526772	1.0	-0.6297474836324095	0.0	False		False		upward		AT1G19220	ARF19
k:Ligase	keyword	Ligase	6	409	219	21633	1.4491074119971865	0.2351288739822649	1.0	-0.6286940359486969	0.0	True		False		Ligase		AT1G59500, AT2G14960, AT2G23170, AT4G20320, AT4G27260, AT5G54510	GH3.4, GH3.1, GH3.3, CTPS4, WES1, DFL1
w:highest	word	highest	2	409	49	21633	2.158874307669278	0.23688383615145217	1.0	-0.62546457249685	0.0	True		False		highest		AT1G09350, AT1G17060	GolS3, CYP72C1
w:stigma	word	stigma	2	409	49	21633	2.158874307669278	0.23688383615145217	1.0	-0.62546457249685	0.0	True		False		stigma		AT1G28400, AT5G67060	AT1G28400, HEC1
w:tagged	word	tagged	2	409	49	21633	2.158874307669278	0.23688383615145217	1.0	-0.62546457249685	0.0	True		False		tagged		AT2G26710, AT5G01180	BAS1, PTR5
p:amino acyl	phrase	amino acyl	3	409	89	21633	1.7828905799291226	0.23721218271928668	1.0	-0.6248630102829267	0.0	True		False		amino acyl		AT1G19440, AT2G39030, AT5G01210	KCS4, NATA1, AT5G01210
p:transferring group	phrase	transferring group	3	409	89	21633	1.7828905799291226	0.23721218271928668	1.0	-0.6248630102829267	0.0	True		False		transferring group		AT1G19440, AT2G39030, AT5G01210	KCS4, NATA1, AT5G01210
k:Lipid biosynthesis	keyword	Lipid biosynthesis	6	409	220	21633	1.442520560124472	0.23821980026607376	1.0	-0.6230221438233681	0.0	True		False		Lipid biosynthesis		AT1G06080, AT2G45400, AT3G44540, AT3G50660, AT4G12110, AT4G24160	ADS1, BEN1, FAR4, DWF4, SMO1-1, AT4G24160
w:toward	word	toward	7	409	266	21633	1.3919058036288765	0.23979625619060344	1.0	-0.6201576015893571	0.0	True		False		toward		AT1G19220, AT1G30760, AT3G56170, AT4G30280, AT4G30290, AT5G01840, AT5G67060	ARF19, AtBBE-like 13, CAN, XTH18, XTH19, OFP1, HEC1
w:myb	word	myb	6	409	221	21633	1.4359933177709678	0.24132308342030187	1.0	-0.6174011342761229	0.0	True		False		myb		AT1G57560, AT1G74650, AT3G23250, AT3G50060, AT4G01680, AT4G09460	MYB50, MYB31, MYB15, MYB77, MYB55, MYB6
k:Stress response	keyword	Stress response	13	409	549	21633	1.2524616885112296	0.24196835066846276	1.0	-0.6162414357920117	0.0	True		False		Stress response		AT1G06080, AT1G21980, AT1G53840, AT2G38470, AT2G40140, AT3G23250, AT4G17615, AT4G24570, AT5G13330, AT5G45340, AT5G54500, AT5G59010, AT5G65300	ADS1, PIP5K1, PME1, WRKY33, CZF1, MYB15, CBL1, DIC2, Rap2.6L, CYP707A3, FQR1, BSK5, SUPA
k:Exonuclease	keyword	Exonuclease	2	409	50	21633	2.1156968215158924	0.2438977736758827	1.0	-0.6127921639531491	0.0	True		False		Exonuclease		AT3G44260, AT5G22250	CAF1a, CAF1b
k:Hypersensitive response	keyword	Hypersensitive response	2	409	50	21633	2.1156968215158924	0.2438977736758827	1.0	-0.6127921639531491	0.0	True		False		Hypersensitive response		AT3G26470, AT3G50930	AT3G26470, BCS1
p:gtpase activating	phrase	gtpase activating	2	409	50	21633	2.1156968215158924	0.2438977736758827	1.0	-0.6127921639531491	0.0	True		False		gtpase activating		AT5G12050, AT5G46750	BG1, AGD9
p:pot ptr	phrase	pot ptr	2	409	50	21633	2.1156968215158924	0.2438977736758827	1.0	-0.6127921639531491	0.0	True		False		pot ptr		AT1G59740, AT5G01180	NPF4.3, PTR5
w:clamp	word	clamp	2	409	50	21633	2.1156968215158924	0.2438977736758827	1.0	-0.6127921639531491	0.0	True		False		clamp		AT1G78120, AT5G25360	TPR12, AT5G25360
w:physiology	word	physiology	2	409	50	21633	2.1156968215158924	0.2438977736758827	1.0	-0.6127921639531491	0.0	True		False		physiology		AT3G25780, AT4G32460	AOC3, BDX
w:ptr	word	ptr	2	409	50	21633	2.1156968215158924	0.2438977736758827	1.0	-0.6127921639531491	0.0	True		False		ptr		AT1G59740, AT5G01180	NPF4.3, PTR5
w:restored	word	restored	2	409	50	21633	2.1156968215158924	0.2438977736758827	1.0	-0.6127921639531491	0.0	True		False		restored		AT4G02220, AT5G03730	PDCD2, CTR1
w:potassium	word	potassium	4	409	133	21633	1.5907494898615733	0.24419347588291837	1.0	-0.6122659432817887	0.0	True		False		potassium		AT2G30070, AT3G50060, AT4G17615, AT5G24270	KT1, MYB77, CBL1, SOS3
p:molecular oxygen	phrase	molecular oxygen	6	409	222	21633	1.42952487940263	0.24443844222502378	1.0	-0.6118304926466634	0.0	True		False		molecular oxygen		AT1G06080, AT1G17060, AT2G26710, AT3G50660, AT5G09970, AT5G45340	ADS1, CYP72C1, BAS1, DWF4, CYP78A7, CYP707A3
w:floral	word	floral	9	409	361	21633	1.3186476034378831	0.24569456506654572	1.0	-0.6096044503075256	0.0	True		False		floral		AT1G55500, AT1G74660, AT3G14380, AT4G17460, AT4G25420, AT4G28490, AT5G37770, AT5G50570, AT5G51810	ECT4, MIF1, CASPL2A2, HAT1, GA20OX1, HAE, TCH2, SPL13A, GA20OX2
w:epidermis	word	epidermis	3	409	91	21633	1.743706171579032	0.24730288449016144	1.0	-0.60677081808733	0.0	True		False		epidermis		AT1G73590, AT4G14550, AT4G37590	PIN1, IAA14, NPY5
w:true	word	true	3	409	91	21633	1.743706171579032	0.24730288449016144	1.0	-0.60677081808733	0.0	True		False		true		AT1G55500, AT4G39400, AT5G03730	ECT4, BRI1, CTR1
w:developing	word	developing	5	409	178	21633	1.4857421499409356	0.24776016074298293	1.0	-0.6059685258875958	0.0	True		False		developing		AT2G01420, AT2G21050, AT2G44830, AT3G60260, AT5G03730	PIN4, LAX2, PAX, ELMOD_A, CTR1
w:pseudomonas	word	pseudomonas	5	409	178	21633	1.4857421499409356	0.24776016074298293	1.0	-0.6059685258875958	0.0	True		False		pseudomonas		AT1G80840, AT3G23050, AT4G26080, AT5G04870, AT5G24270	WRKY40, IAA7, ABI1, CPK1, SOS3
w:specification	word	specification	5	409	178	21633	1.4857421499409356	0.24776016074298293	1.0	-0.6059685258875958	0.0	True		False		specification		AT1G23080, AT2G28350, AT4G30080, AT5G19530, AT5G26930	PIN7, ARF10, ARF16, ACL5, GATA23
w:impaired	word	impaired	7	409	269	21633	1.3763826905772534	0.2482809678611708	1.0	-0.6050565702950729	0.0	True		False		impaired		AT1G19220, AT1G35140, AT1G49740, AT3G27580, AT4G17615, AT4G20170, AT5G24270	ARF19, PHI-1, AT1G49740, ATPK7, CBL1, GALS3, SOS3
k:Cadmium	keyword	Cadmium	1	409	15	21633	3.526161369193154	0.2490402490065558	1.0	-0.6037304580895988	0.0	False		False		Cadmium		AT4G38580	FP6
p:abscission zone	phrase	abscission zone	1	409	15	21633	3.526161369193154	0.2490402490065558	1.0	-0.6037304580895988	0.0	False		False		abscission zone		AT1G11000	MLO4
p:analogous responsiveness	phrase	analogous responsiveness	1	409	15	21633	3.526161369193154	0.2490402490065558	1.0	-0.6037304580895988	0.0	False		False		analogous responsiveness		AT1G11000	MLO4
p:barley mildew	phrase	barley mildew	1	409	15	21633	3.526161369193154	0.2490402490065558	1.0	-0.6037304580895988	0.0	False		False		barley mildew		AT1G11000	MLO4
p:esr signal	phrase	esr signal	1	409	15	21633	3.526161369193154	0.2490402490065558	1.0	-0.6037304580895988	0.0	False		False		esr signal		AT4G13195	CLE44
p:fruit dehiscence	phrase	fruit dehiscence	1	409	15	21633	3.526161369193154	0.2490402490065558	1.0	-0.6037304580895988	0.0	False		False		fruit dehiscence		AT5G66460	MAN7
p:glycerophospholipid phospholipase	phrase	glycerophospholipid phospholipase	1	409	15	21633	3.526161369193154	0.2490402490065558	1.0	-0.6037304580895988	0.0	False		False		glycerophospholipid phospholipase		AT1G02660	PLIP2
p:low humidity	phrase	low humidity	1	409	15	21633	3.526161369193154	0.2490402490065558	1.0	-0.6037304580895988	0.0	False		False		low humidity		AT5G61900	BON1
p:phylogenetically closely	phrase	phylogenetically closely	1	409	15	21633	3.526161369193154	0.2490402490065558	1.0	-0.6037304580895988	0.0	False		False		phylogenetically closely		AT1G11000	MLO4
p:respiratory burst	phrase	respiratory burst	1	409	15	21633	3.526161369193154	0.2490402490065558	1.0	-0.6037304580895988	0.0	False		False		respiratory burst		AT2G35930	PUB23
p:sgnh hydrolase	phrase	sgnh hydrolase	1	409	15	21633	3.526161369193154	0.2490402490065558	1.0	-0.6037304580895988	0.0	False		False		sgnh hydrolase		AT3G11210	CPRD49
w:agd	word	agd	1	409	15	21633	3.526161369193154	0.2490402490065558	1.0	-0.6037304580895988	0.0	False		False		agd		AT5G46750	AGD9
w:atmlo	word	atmlo	1	409	15	21633	3.526161369193154	0.2490402490065558	1.0	-0.6037304580895988	0.0	False		False		atmlo		AT1G11000	MLO4
w:co‑function	word	co-function	1	409	15	21633	3.526161369193154	0.2490402490065558	1.0	-0.6037304580895988	0.0	False		False		co-function		AT1G11000	MLO4
w:csn	word	csn	1	409	15	21633	3.526161369193154	0.2490402490065558	1.0	-0.6037304580895988	0.0	False		False		csn		AT3G23050	IAA7
w:fibrillin	word	fibrillin	1	409	15	21633	3.526161369193154	0.2490402490065558	1.0	-0.6037304580895988	0.0	False		False		fibrillin		AT4G26080	ABI1
w:galacturonic	word	galacturonic	1	409	15	21633	3.526161369193154	0.2490402490065558	1.0	-0.6037304580895988	0.0	False		False		galacturonic		AT5G45280	PAE11
w:integrate	word	integrate	1	409	15	21633	3.526161369193154	0.2490402490065558	1.0	-0.6037304580895988	0.0	False		False		integrate		AT5G15160	BNQ2
w:kaempferol	word	kaempferol	1	409	15	21633	3.526161369193154	0.2490402490065558	1.0	-0.6037304580895988	0.0	False		False		kaempferol		AT4G15550	IAGLU
w:master	word	master	1	409	15	21633	3.526161369193154	0.2490402490065558	1.0	-0.6037304580895988	0.0	False		False		master		AT5G04870	CPK1
w:mctp	word	mctp	1	409	15	21633	3.526161369193154	0.2490402490065558	1.0	-0.6037304580895988	0.0	False		False		mctp		AT3G03680	MCTP14
w:phytoalexin	word	phytoalexin	1	409	15	21633	3.526161369193154	0.2490402490065558	1.0	-0.6037304580895988	0.0	False		False		phytoalexin		AT2G38470	WRKY33
w:raffinose	word	raffinose	1	409	15	21633	3.526161369193154	0.2490402490065558	1.0	-0.6037304580895988	0.0	False		False		raffinose		AT1G09350	GolS3
w:right	word	right	1	409	15	21633	3.526161369193154	0.2490402490065558	1.0	-0.6037304580895988	0.0	False		False		right		AT1G55500	ECT4
w:sink	word	sink	1	409	15	21633	3.526161369193154	0.2490402490065558	1.0	-0.6037304580895988	0.0	False		False		sink		AT2G01420	PIN4
w:syncytia	word	syncytia	1	409	15	21633	3.526161369193154	0.2490402490065558	1.0	-0.6037304580895988	0.0	False		False		syncytia		AT2G39700	EXPA4
w:synthesizing	word	synthesizing	1	409	15	21633	3.526161369193154	0.2490402490065558	1.0	-0.6037304580895988	0.0	False		False		synthesizing		AT3G28180	CSLC04
w:tncgtacaa	word	tncgtacaa	1	409	15	21633	3.526161369193154	0.2490402490065558	1.0	-0.6037304580895988	0.0	False		False		tncgtacaa		AT5G50570	SPL13A
w:vii	word	vii	1	409	15	21633	3.526161369193154	0.2490402490065558	1.0	-0.6037304580895988	0.0	False		False		vii		AT2G43290	MSS3
w:widely	word	widely	1	409	15	21633	3.526161369193154	0.2490402490065558	1.0	-0.6037304580895988	0.0	False		False		widely		AT2G26070	RTE1
w:wilting	word	wilting	1	409	15	21633	3.526161369193154	0.2490402490065558	1.0	-0.6037304580895988	0.0	False		False		wilting		AT4G26080	ABI1
w:xylosyl	word	xylosyl	1	409	15	21633	3.526161369193154	0.2490402490065558	1.0	-0.6037304580895988	0.0	False		False		xylosyl		AT3G62720	XT1
w:oxidase	word	oxidase	10	409	410	21633	1.2900590375096908	0.25016323634309146	1.0	-0.6017765132935269	0.0	True		False		oxidase		AT1G02400, AT1G05010, AT2G46740, AT3G63440, AT4G12110, AT4G17615, AT4G20830, AT4G25420, AT5G43450, AT5G51810	GA2OX6, EFE, GulLO5, CKX6, SMO1-1, CBL1, AtBBE19, GA20OX1, AT5G43450, GA20OX2
k:Cytokinin signaling pathway	keyword	Cytokinin signaling pathway	2	409	51	21633	2.07421257011362	0.2509198886349037	1.0	-0.6004649138864071	0.0	True		False		Cytokinin signaling pathway		AT4G23750, AT5G53290	CRF2, CRF3
w:dividing	word	dividing	2	409	51	21633	2.07421257011362	0.2509198886349037	1.0	-0.6004649138864071	0.0	True		False		dividing		AT4G08950, AT4G30290	EXO, XTH19
w:integument	word	integument	2	409	51	21633	2.07421257011362	0.2509198886349037	1.0	-0.6004649138864071	0.0	True		False		integument		AT1G51170, AT3G20830	UCN, UCNL
w:pot	word	pot	2	409	51	21633	2.07421257011362	0.2509198886349037	1.0	-0.6004649138864071	0.0	True		False		pot		AT1G59740, AT5G01180	NPF4.3, PTR5
w:cleave	word	cleave	5	409	179	21633	1.4774419144664055	0.251297013479938	1.0	-0.5998126727161793	0.0	True		False		cleave		AT1G10550, AT4G25810, AT4G30280, AT4G30290, AT5G57560	XTH33, XTR6, XTH18, XTH19, TCH4
w:photoperiod	word	photoperiod	3	409	92	21633	1.7247528436270863	0.2523731114031935	1.0	-0.5979569180145867	0.0	True		False		photoperiod		AT5G03730, AT5G37770, AT5G65300	CTR1, TCH2, SUPA
w:population	word	population	3	409	92	21633	1.7247528436270863	0.2523731114031935	1.0	-0.5979569180145867	0.0	True		False		population		AT2G34140, AT3G59900, AT4G16515	CDF4, ARGOS, RGF6
w:target	word	target	18	409	798	21633	1.19306211739618	0.25383760970873903	1.0	-0.5954440304726947	0.0	True		False		target		AT1G02400, AT1G25280, AT1G29510, AT1G67340, AT1G78100, AT1G79700, AT2G34140, AT2G37030, AT3G25710, AT3G62100, AT4G23750, AT4G30290, AT4G32280, AT4G37295, AT4G37590, AT5G04340, AT5G50570, AT5G54490	GA2OX6, TLP10, SAUR68, AT1G67340, AUF1, WRI4, CDF4, SAUR46, BHLH32, IAA30, CRF2, XTH19, IAA29, PIPL3, NPY5, ZAT6, SPL13A, PBP1
w:redundant	word	redundant	6	409	225	21633	1.4104645476772615	0.2538541508654567	1.0	-0.5954157308876031	0.0	True		False		redundant		AT1G04310, AT1G17060, AT1G19220, AT1G80840, AT2G40940, AT4G16515	ERS2, CYP72C1, ARF19, WRKY40, ERS1, RGF6
w:abnormal	word	abnormal	10	409	412	21633	1.2837966149975077	0.2547677377457839	1.0	-0.5938555692962514	0.0	True		False		abnormal		AT1G10550, AT1G19220, AT1G55500, AT1G58340, AT3G27580, AT3G60630, AT3G62720, AT4G12110, AT5G03730, AT5G61900	XTH33, ARF19, ECT4, ZF14, ATPK7, HAM2, XT1, SMO1-1, CTR1, BON1
w:uptake	word	uptake	6	409	226	21633	1.4042235541034684	0.25701498799185535	1.0	-0.5900415497723639	0.0	True		False		uptake		AT2G18010, AT2G30070, AT4G34760, AT4G36110, AT4G38860, AT5G01180	SAUR10, KT1, SAUR50, SAUR9, SAUR16, PTR5
k:Lipid-binding	keyword	Lipid-binding	3	409	93	21633	1.7062071141257198	0.2574583238993838	1.0	-0.5892930624107185	0.0	True		False		Lipid-binding		AT3G13380, AT4G14965, AT4G39400	BRL3, MAPR4, BRI1
w:boundary	word	boundary	3	409	93	21633	1.7062071141257198	0.2574583238993838	1.0	-0.5892930624107185	0.0	True		False		boundary		AT2G42430, AT3G58190, AT5G19530	LBD16, LBD29, ACL5
w:homolog	word	homolog	3	409	93	21633	1.7062071141257198	0.2574583238993838	1.0	-0.5892930624107185	0.0	True		False		homolog		AT1G11000, AT3G44260, AT5G22250	MLO4, CAF1a, CAF1b
w:short‑chain	word	short-chain	3	409	93	21633	1.7062071141257198	0.2574583238993838	1.0	-0.5892930624107185	0.0	True		False		short-chain		AT3G26760, AT4G03140, AT4G13180	AT3G26760, AT4G03140, AT4G13180
w:twisted	word	twisted	2	409	52	21633	2.0343238668422043	0.2579473721833428	1.0	-0.5884688921057992	0.0	True		False		twisted		AT3G23050, AT3G27580	IAA7, ATPK7
w:golgi	word	golgi	23	409	1047	21633	1.161915637413217	0.2579532048450728	1.0	-0.5884590720245004	0.0	True		False		golgi		AT1G09350, AT1G13250, AT1G35140, AT1G53840, AT1G58340, AT2G23150, AT2G26070, AT3G03680, AT3G28180, AT3G28340, AT3G48970, AT3G62720, AT4G08950, AT4G20170, AT4G25810, AT4G30280, AT4G31590, AT4G39390, AT5G06860, AT5G39580, AT5G46750, AT5G57560, AT5G64260	GolS3, GATL3, PHI-1, PME1, ZF14, NRAMP3, RTE1, MCTP14, CSLC04, GATL10, HIPP31, XT1, EXO, GALS3, XTR6, XTH18, CSLC5, NST-K1, PGIP1, PER62, AGD9, TCH4, EXL2
w:phosphorylate	word	phosphorylate	5	409	181	21633	1.4611165894446771	0.25840846192890593	1.0	-0.5876932688934451	0.0	True		False		phosphorylate		AT1G21980, AT1G73080, AT4G39400, AT5G03730, AT5G04870	PIP5K1, PEPR1, BRI1, CTR1, CPK1
w:temperature	word	temperature	7	409	273	21633	1.356215911228136	0.259734722905543	1.0	-0.5854699873817193	0.0	True		False		temperature		AT1G06080, AT2G25790, AT3G03830, AT3G03840, AT3G60630, AT5G61900, AT5G67060	ADS1, SKM1, SAUR28, SAUR27, HAM2, BON1, HEC1
w:belong	word	belong	7	409	274	21633	1.351266218121464	0.26262191530248225	1.0	-0.580669035680624	0.0	True		False		belong		AT1G11000, AT2G30020, AT2G39350, AT3G60630, AT4G13195, AT4G16515, AT5G15160	MLO4, AP2C1, ABCG1, HAM2, CLE44, RGF6, BNQ2
k:Growth factor	keyword	Growth factor	1	409	16	21633	3.305776283618582	0.2632479711897511	1.0	-0.5796349671680834	0.0	False		False		Growth factor		AT4G16515	RGF6
p:almost completely	phrase	almost completely	1	409	16	21633	3.305776283618582	0.2632479711897511	1.0	-0.5796349671680834	0.0	False		False		almost completely		AT3G27580	ATPK7
p:end joining	phrase	end joining	1	409	16	21633	3.305776283618582	0.2632479711897511	1.0	-0.5796349671680834	0.0	False		False		end joining		AT5G01840	OFP1
p:external stimuli	phrase	external stimuli	1	409	16	21633	3.305776283618582	0.2632479711897511	1.0	-0.5796349671680834	0.0	False		False		external stimuli		AT1G11000	MLO4
p:medium supplemented	phrase	medium supplemented	1	409	16	21633	3.305776283618582	0.2632479711897511	1.0	-0.5796349671680834	0.0	False		False		medium supplemented		AT5G24270	SOS3
p:mismatch repair	phrase	mismatch repair	1	409	16	21633	3.305776283618582	0.2632479711897511	1.0	-0.5796349671680834	0.0	False		False		mismatch repair		AT1G54200	BG3
p:preglobular stage	phrase	preglobular stage	1	409	16	21633	3.305776283618582	0.2632479711897511	1.0	-0.5796349671680834	0.0	False		False		preglobular stage		AT5G37630	EMB2656
p:premature senescence	phrase	premature senescence	1	409	16	21633	3.305776283618582	0.2632479711897511	1.0	-0.5796349671680834	0.0	False		False		premature senescence		AT5G13330	Rap2.6L
p:reversible hydration	phrase	reversible hydration	1	409	16	21633	3.305776283618582	0.2632479711897511	1.0	-0.5796349671680834	0.0	False		False		reversible hydration		AT1G23730	BCA3
p:squamosa promoter	phrase	squamosa promoter	1	409	16	21633	3.305776283618582	0.2632479711897511	1.0	-0.5796349671680834	0.0	False		False		squamosa promoter		AT5G50570	SPL13A
p:triacylglycerol lipase	phrase	triacylglycerol lipase	1	409	16	21633	3.305776283618582	0.2632479711897511	1.0	-0.5796349671680834	0.0	False		False		triacylglycerol lipase		AT4G24160	AT4G24160
p:uncharacterised conserved	phrase	uncharacterised conserved	1	409	16	21633	3.305776283618582	0.2632479711897511	1.0	-0.5796349671680834	0.0	False		False		uncharacterised conserved		AT5G64780	MVP7.11
w:autoubiquitination	word	autoubiquitination	1	409	16	21633	3.305776283618582	0.2632479711897511	1.0	-0.5796349671680834	0.0	False		False		autoubiquitination		AT2G35930	PUB23
w:bell	word	bell	1	409	16	21633	3.305776283618582	0.2632479711897511	1.0	-0.5796349671680834	0.0	False		False		bell		AT5G01840	OFP1
w:cog	word	cog	1	409	16	21633	3.305776283618582	0.2632479711897511	1.0	-0.5796349671680834	0.0	False		False		cog		AT1G58340	ZF14
w:flooding	word	flooding	1	409	16	21633	3.305776283618582	0.2632479711897511	1.0	-0.5796349671680834	0.0	False		False		flooding		AT5G63790	NAC102
w:homeostatic	word	homeostatic	1	409	16	21633	3.305776283618582	0.2632479711897511	1.0	-0.5796349671680834	0.0	False		False		homeostatic		AT1G02400	GA2OX6
w:load	word	load	1	409	16	21633	3.305776283618582	0.2632479711897511	1.0	-0.5796349671680834	0.0	False		False		load		AT1G79700	WRI4
w:luc	word	luc	1	409	16	21633	3.305776283618582	0.2632479711897511	1.0	-0.5796349671680834	0.0	False		False		luc		AT5G66080	PP2C79
w:mekk	word	mekk	1	409	16	21633	3.305776283618582	0.2632479711897511	1.0	-0.5796349671680834	0.0	False		False		mekk		AT2G30040	MAPKKK14
w:non‑cell	word	non-cell	1	409	16	21633	3.305776283618582	0.2632479711897511	1.0	-0.5796349671680834	0.0	False		False		non-cell		AT5G09970	CYP78A7
w:signature	word	signature	1	409	16	21633	3.305776283618582	0.2632479711897511	1.0	-0.5796349671680834	0.0	False		False		signature		AT3G61460	BRH1
w:squamosa	word	squamosa	1	409	16	21633	3.305776283618582	0.2632479711897511	1.0	-0.5796349671680834	0.0	False		False		squamosa		AT5G50570	SPL13A
w:supernumerary	word	supernumerary	1	409	16	21633	3.305776283618582	0.2632479711897511	1.0	-0.5796349671680834	0.0	False		False		supernumerary		AT1G55500	ECT4
w:terminally	word	terminally	1	409	16	21633	3.305776283618582	0.2632479711897511	1.0	-0.5796349671680834	0.0	False		False		terminally		AT3G10930	IDL7
w:translocating	word	translocating	1	409	16	21633	3.305776283618582	0.2632479711897511	1.0	-0.5796349671680834	0.0	False		False		translocating		AT2G37330	ALS3
w:triterpenoid	word	triterpenoid	1	409	16	21633	3.305776283618582	0.2632479711897511	1.0	-0.5796349671680834	0.0	False		False		triterpenoid		AT1G78970	LUP1
p:long day	phrase	long day	4	409	138	21633	1.5331136387796322	0.2648595052763086	1.0	-0.576984436490987	0.0	True		False		long day		AT4G25420, AT4G26080, AT5G03730, AT5G37770	GA20OX1, ABI1, CTR1, TCH2
p:cellulose microfibril	phrase	cellulose microfibril	2	409	53	21633	1.9959403976565022	0.2649775182595865	1.0	-0.5767909717612628	0.0	True		False		cellulose microfibril		AT1G20190, AT2G39700	EXPA11, EXPA4
p:phosphorelay signal	phrase	phosphorelay signal	2	409	53	21633	1.9959403976565022	0.2649775182595865	1.0	-0.5767909717612628	0.0	True		False		phosphorelay signal		AT1G04310, AT2G40940	ERS2, ERS1
w:desaturase	word	desaturase	2	409	53	21633	1.9959403976565022	0.2649775182595865	1.0	-0.5767909717612628	0.0	True		False		desaturase		AT1G06080, AT4G12110	ADS1, SMO1-1
w:nuclease	word	nuclease	2	409	53	21633	1.9959403976565022	0.2649775182595865	1.0	-0.5767909717612628	0.0	True		False		nuclease		AT3G56170, AT4G29780	CAN, AT4G29780
w:virulent	word	virulent	2	409	53	21633	1.9959403976565022	0.2649775182595865	1.0	-0.5767909717612628	0.0	True		False		virulent		AT1G80840, AT4G12720	WRKY40, NUDT7
w:esterase	word	esterase	5	409	183	21633	1.4451481021283419	0.2655675052201304	1.0	-0.5758250662277473	0.0	True		False		esterase		AT3G10720, AT3G10870, AT3G11210, AT3G43270, AT4G24160	PME25, MES17, CPRD49, PME32, AT4G24160
w:lipase	word	lipase	5	409	183	21633	1.4451481021283419	0.2655675052201304	1.0	-0.5758250662277473	0.0	True		False		lipase		AT1G02660, AT1G10740, AT1G30370, AT3G11210, AT4G24160	PLIP2, LDAH1, DLAH, CPRD49, AT4G24160
w:catalyzing	word	catalyzing	3	409	95	21633	1.670286964354652	0.2676690074343953	1.0	-0.5724019115154662	0.0	True		False		catalyzing		AT1G23080, AT1G30760, AT4G12110	PIN7, AtBBE-like 13, SMO1-1
w:mannitol	word	mannitol	3	409	95	21633	1.670286964354652	0.2676690074343953	1.0	-0.5724019115154662	0.0	True		False		mannitol		AT4G17615, AT5G03730, AT5G63650	CBL1, CTR1, SNRK2.5
w:sepal	word	sepal	3	409	95	21633	1.670286964354652	0.2676690074343953	1.0	-0.5724019115154662	0.0	True		False		sepal		AT1G73590, AT2G28350, AT5G15160	PIN1, ARF10, BNQ2
p:subsequent proteasomal	phrase	subsequent proteasomal	5	409	184	21633	1.4372940363559055	0.26916385383558866	1.0	-0.569983262181161	0.0	True		False		subsequent proteasomal		AT1G25280, AT1G67340, AT1G77000, AT1G78100, AT4G37590	TLP10, AT1G67340, SKP2B, AUF1, NPY5
w:burst	word	burst	2	409	54	21633	1.9589785384406413	0.27200772071933516	1.0	-0.5654187686929479	0.0	True		False		burst		AT2G35930, AT3G62720	PUB23, XT1
w:constitutively	word	constitutively	2	409	54	21633	1.9589785384406413	0.27200772071933516	1.0	-0.5654187686929479	0.0	True		False		constitutively		AT2G41820, AT5G03730	PXC3, CTR1
w:dreb	word	dreb	2	409	54	21633	1.9589785384406413	0.27200772071933516	1.0	-0.5654187686929479	0.0	True		False		dreb		AT1G44830, AT4G17615	ERF014, CBL1
w:hxxxd	word	hxxxd	2	409	54	21633	1.9589785384406413	0.27200772071933516	1.0	-0.5654187686929479	0.0	True		False		hxxxd		AT2G39980, AT5G01210	AT2G39980, AT5G01210
w:necrotrophic	word	necrotrophic	2	409	54	21633	1.9589785384406413	0.27200772071933516	1.0	-0.5654187686929479	0.0	True		False		necrotrophic		AT1G80840, AT2G38470	WRKY40, WRKY33
w:phosphorelay	word	phosphorelay	2	409	54	21633	1.9589785384406413	0.27200772071933516	1.0	-0.5654187686929479	0.0	True		False		phosphorelay		AT1G04310, AT2G40940	ERS2, ERS1
w:pst	word	pst	2	409	54	21633	1.9589785384406413	0.27200772071933516	1.0	-0.5654187686929479	0.0	True		False		pst		AT2G35930, AT3G23250	PUB23, MYB15
w:succinate	word	succinate	2	409	54	21633	1.9589785384406413	0.27200772071933516	1.0	-0.5654187686929479	0.0	True		False		succinate		AT2G39725, AT4G24570	SDHAF1, DIC2
p:oxygen species	phrase	oxygen species	5	409	185	21633	1.42952487940263	0.2727708774255676	1.0	-0.5642019992960755	0.0	True		False		oxygen species		AT2G23150, AT3G13380, AT4G17490, AT4G17615, AT5G65300	NRAMP3, BRL3, ERF6, CBL1, SUPA
p:gibberellic acid	phrase	gibberellic acid	3	409	96	21633	1.652888141809291	0.2727921706858669	1.0	-0.5641680983730331	0.0	True		False		gibberellic acid		AT1G74660, AT4G25420, AT5G03730	MIF1, GA20OX1, CTR1
w:gibberellic	word	gibberellic	3	409	96	21633	1.652888141809291	0.2727921706858669	1.0	-0.5641680983730331	0.0	True		False		gibberellic		AT1G74660, AT4G25420, AT5G03730	MIF1, GA20OX1, CTR1
w:abundant	word	abundant	4	409	140	21633	1.5112120153684947	0.2732166843455007	1.0	-0.5634927834021459	0.0	True		False		abundant		AT1G01470, AT1G79700, AT4G20170, AT5G03730	LEA14, WRI4, GALS3, CTR1
w:suggesting	word	suggesting	6	409	232	21633	1.367907427704241	0.2761939493937708	1.0	-0.5587858397822986	0.0	True		False		suggesting		AT1G11000, AT1G19220, AT1G73590, AT3G10870, AT4G22820, AT5G19530	MLO4, ARF19, PIN1, MES17, SAP9, ACL5
k:Sulfation	keyword	Sulfation	1	409	17	21633	3.11131885517043	0.27718753633678334	1.0	-0.5572263015560904	0.0	False		False		Sulfation		AT4G16515	RGF6
p:carbonate dehydratase	phrase	carbonate dehydratase	1	409	17	21633	3.11131885517043	0.27718753633678334	1.0	-0.5572263015560904	0.0	False		False		carbonate dehydratase		AT1G23730	BCA3
p:counter exchange	phrase	counter exchange	1	409	17	21633	3.11131885517043	0.27718753633678334	1.0	-0.5572263015560904	0.0	False		False		counter exchange		AT4G39390	NST-K1
p:day photoperiod	phrase	day photoperiod	1	409	17	21633	3.11131885517043	0.27718753633678334	1.0	-0.5572263015560904	0.0	False		False		day photoperiod		AT5G03730	CTR1
p:dry weight	phrase	dry weight	1	409	17	21633	3.11131885517043	0.27718753633678334	1.0	-0.5572263015560904	0.0	False		False		dry weight		AT5G01180	PTR5
p:frc condition	phrase	frc condition	1	409	17	21633	3.11131885517043	0.27718753633678334	1.0	-0.5572263015560904	0.0	False		False		frc condition		AT2G30040	MAPKKK14
p:intramolecular transferase	phrase	intramolecular transferase	1	409	17	21633	3.11131885517043	0.27718753633678334	1.0	-0.5572263015560904	0.0	False		False		intramolecular transferase		AT1G78970	LUP1
p:leaf serration	phrase	leaf serration	1	409	17	21633	3.11131885517043	0.27718753633678334	1.0	-0.5572263015560904	0.0	False		False		leaf serration		AT3G60630	HAM2
p:polar nuclei	phrase	polar nuclei	1	409	17	21633	3.11131885517043	0.27718753633678334	1.0	-0.5572263015560904	0.0	False		False		polar nuclei		AT4G37890	EDA40
p:short‑day photoperiodism	phrase	short-day photoperiodism	1	409	17	21633	3.11131885517043	0.27718753633678334	1.0	-0.5572263015560904	0.0	False		False		short-day photoperiodism		AT4G25420	GA20OX1
w:analogous	word	analogous	1	409	17	21633	3.11131885517043	0.27718753633678334	1.0	-0.5572263015560904	0.0	False		False		analogous		AT1G11000	MLO4
w:available	word	available	1	409	17	21633	3.11131885517043	0.27718753633678334	1.0	-0.5572263015560904	0.0	False		False		available		AT2G23150	NRAMP3
w:counter	word	counter	1	409	17	21633	3.11131885517043	0.27718753633678334	1.0	-0.5572263015560904	0.0	False		False		counter		AT4G39390	NST-K1
w:create	word	create	1	409	17	21633	3.11131885517043	0.27718753633678334	1.0	-0.5572263015560904	0.0	False		False		create		AT4G24570	DIC2
w:crn	word	crn	1	409	17	21633	3.11131885517043	0.27718753633678334	1.0	-0.5572263015560904	0.0	False		False		crn		AT4G13195	CLE44
w:crystal	word	crystal	1	409	17	21633	3.11131885517043	0.27718753633678334	1.0	-0.5572263015560904	0.0	False		False		crystal		AT1G79700	WRI4
w:demethylate	word	demethylate	1	409	17	21633	3.11131885517043	0.27718753633678334	1.0	-0.5572263015560904	0.0	False		False		demethylate		AT1G53840	PME1
w:deoxycytidylate	word	deoxycytidylate	1	409	17	21633	3.11131885517043	0.27718753633678334	1.0	-0.5572263015560904	0.0	False		False		deoxycytidylate		AT4G25280	UMK2
w:emerge	word	emerge	1	409	17	21633	3.11131885517043	0.27718753633678334	1.0	-0.5572263015560904	0.0	False		False		emerge		AT1G19220	ARF19
w:enantiomer	word	enantiomer	1	409	17	21633	3.11131885517043	0.27718753633678334	1.0	-0.5572263015560904	0.0	False		False		enantiomer		AT5G45340	CYP707A3
w:endodermal	word	endodermal	1	409	17	21633	3.11131885517043	0.27718753633678334	1.0	-0.5572263015560904	0.0	False		False		endodermal		AT4G37590	NPY5
w:favor	word	favor	1	409	17	21633	3.11131885517043	0.27718753633678334	1.0	-0.5572263015560904	0.0	False		False		favor		AT5G65300	SUPA
w:integrating	word	integrating	1	409	17	21633	3.11131885517043	0.27718753633678334	1.0	-0.5572263015560904	0.0	False		False		integrating		AT1G74660	MIF1
w:lfy	word	lfy	1	409	17	21633	3.11131885517043	0.27718753633678334	1.0	-0.5572263015560904	0.0	False		False		lfy		AT3G02885	GASA5
w:microfilament	word	microfilament	1	409	17	21633	3.11131885517043	0.27718753633678334	1.0	-0.5572263015560904	0.0	False		False		microfilament		AT5G24270	SOS3
w:net	word	net	1	409	17	21633	3.11131885517043	0.27718753633678334	1.0	-0.5572263015560904	0.0	False		False		net		AT1G08430	ALMT1
w:node	word	node	1	409	17	21633	3.11131885517043	0.27718753633678334	1.0	-0.5572263015560904	0.0	False		False		node		AT2G43060	IBH1
w:oligomer	word	oligomer	1	409	17	21633	3.11131885517043	0.27718753633678334	1.0	-0.5572263015560904	0.0	False		False		oligomer		AT1G27730	STZ
w:opposing	word	opposing	1	409	17	21633	3.11131885517043	0.27718753633678334	1.0	-0.5572263015560904	0.0	False		False		opposing		AT4G17350	FL5
w:phylogenetically	word	phylogenetically	1	409	17	21633	3.11131885517043	0.27718753633678334	1.0	-0.5572263015560904	0.0	False		False		phylogenetically		AT1G11000	MLO4
w:regular	word	regular	1	409	17	21633	3.11131885517043	0.27718753633678334	1.0	-0.5572263015560904	0.0	False		False		regular		AT2G23150	NRAMP3
w:snornp	word	snornp	1	409	17	21633	3.11131885517043	0.27718753633678334	1.0	-0.5572263015560904	0.0	False		False		snornp		AT4G22380	AT4G22380
w:stabilized	word	stabilized	1	409	17	21633	3.11131885517043	0.27718753633678334	1.0	-0.5572263015560904	0.0	False		False		stabilized		AT1G77000	SKP2B
w:super	word	super	1	409	17	21633	3.11131885517043	0.27718753633678334	1.0	-0.5572263015560904	0.0	False		False		super		AT5G09970	CYP78A7
w:tightly	word	tightly	1	409	17	21633	3.11131885517043	0.27718753633678334	1.0	-0.5572263015560904	0.0	False		False		tightly		AT1G11000	MLO4
w:toxicity	word	toxicity	1	409	17	21633	3.11131885517043	0.27718753633678334	1.0	-0.5572263015560904	0.0	False		False		toxicity		AT1G34370	STOP1
w:unstable	word	unstable	1	409	17	21633	3.11131885517043	0.27718753633678334	1.0	-0.5572263015560904	0.0	False		False		unstable		AT1G34370	STOP1
p:increased sensitivity	phrase	increased sensitivity	4	409	141	21633	1.5004941996566612	0.27741217180609196	1.0	-0.5568744876309724	0.0	True		False		increased sensitivity		AT1G34370, AT1G76650, AT2G28400, AT4G26080	STOP1, CML38, S40-4, ABI1
w:lys	word	lys	4	409	141	21633	1.5004941996566612	0.27741217180609196	1.0	-0.5568744876309724	0.0	True		False		lys		AT1G59500, AT2G23170, AT4G27260, AT5G54510	GH3.4, GH3.3, WES1, DFL1
w:enlarged	word	enlarged	3	409	97	21633	1.6358480578731125	0.27792570437505437	1.0	-0.556071284989432	0.0	True		False		enlarged		AT2G22810, AT3G59900, AT4G11280	ACS4, ARGOS, ACS6
w:heterozygote	word	heterozygote	2	409	55	21633	1.9233607468326293	0.2790354705405726	1.0	-0.5543405864006264	0.0	True		False		heterozygote		AT1G29430, AT4G32460	SAUR62, BDX
w:limit	word	limit	2	409	55	21633	1.9233607468326293	0.2790354705405726	1.0	-0.5543405864006264	0.0	True		False		limit		AT1G04240, AT1G73590	SHY2, PIN1
w:trnas	word	trnas	2	409	55	21633	1.9233607468326293	0.2790354705405726	1.0	-0.5543405864006264	0.0	True		False		trnas		AT3G02320, AT3G49640	AtTRM1a, AT3G49640
w:mature	word	mature	7	409	280	21633	1.3223105134474327	0.28012840853163073	1.0	-0.5526428460393096	0.0	True		False		mature		AT1G11000, AT1G17060, AT2G01420, AT2G22810, AT4G11280, AT4G30280, AT4G37770	MLO4, CYP72C1, PIN4, ACS4, ACS6, XTH18, ACS8
w:cytochrome	word	cytochrome	9	409	375	21633	1.2694180929095356	0.2804540491083437	1.0	-0.5521382854005302	0.0	True		False		cytochrome		AT1G17060, AT2G23180, AT2G26710, AT2G38470, AT3G50660, AT3G50930, AT4G14965, AT5G09970, AT5G45340	CYP72C1, CYP96A1, BAS1, WRKY33, DWF4, BCS1, MAPR4, CYP78A7, CYP707A3
w:susceptible	word	susceptible	3	409	98	21633	1.6191557307519586	0.2830684968521281	1.0	-0.5481084612762999	0.0	True		False		susceptible		AT1G80840, AT2G35930, AT5G07440	WRKY40, PUB23, GDH2
p:epimerase dehydratase	phrase	epimerase dehydratase	2	409	56	21633	1.889015019210618	0.2860583530980798	1.0	-0.5435453660194925	0.0	True		False		epimerase dehydratase		AT2G45400, AT5G19440	BEN1, AT5G19440
p:innate immunity	phrase	innate immunity	2	409	56	21633	1.889015019210618	0.2860583530980798	1.0	-0.5435453660194925	0.0	True		False		innate immunity		AT1G73080, AT3G04570	PEPR1, AHL19
w:abnormally	word	abnormally	2	409	56	21633	1.889015019210618	0.2860583530980798	1.0	-0.5435453660194925	0.0	True		False		abnormally		AT1G75640, AT4G32460	MUS, BDX
w:disrupted	word	disrupted	2	409	56	21633	1.889015019210618	0.2860583530980798	1.0	-0.5435453660194925	0.0	True		False		disrupted		AT1G19220, AT4G02220	ARF19, PDCD2
w:mate	word	mate	2	409	56	21633	1.889015019210618	0.2860583530980798	1.0	-0.5435453660194925	0.0	True		False		mate		AT1G34370, AT1G58340	STOP1, ZF14
w:dual	word	dual	3	409	99	21633	1.6028006223605245	0.28821945367644175	1.0	-0.5402767093679679	0.0	True		False		dual		AT3G13380, AT4G28490, AT4G39400	BRL3, HAE, BRI1
w:half	word	half	3	409	99	21633	1.6028006223605245	0.28821945367644175	1.0	-0.5402767093679679	0.0	True		False		half		AT2G39350, AT3G10870, AT5G67060	ABCG1, MES17, HEC1
w:variety	word	variety	3	409	99	21633	1.6028006223605245	0.28821945367644175	1.0	-0.5402767093679679	0.0	True		False		variety		AT2G26710, AT3G50660, AT5G65300	BAS1, DWF4, SUPA
p:seed coat	phrase	seed coat	4	409	144	21633	1.469233903830481	0.29005870692761077	1.0	-0.5375140934307889	0.0	True		False		seed coat		AT1G73590, AT2G39350, AT3G44540, AT5G66460	PIN1, ABCG1, FAR4, MAN7
p:actin monomer	phrase	actin monomer	1	409	18	21633	2.938467807660962	0.2908639934814101	1.0	-0.5363100374335443	0.0	False		False		actin monomer		AT1G21980	PIP5K1
p:high mobility	phrase	high mobility	1	409	18	21633	2.938467807660962	0.2908639934814101	1.0	-0.5363100374335443	0.0	False		False		high mobility		AT2G28690	AT2G28690
p:short pedicel	phrase	short pedicel	1	409	18	21633	2.938467807660962	0.2908639934814101	1.0	-0.5363100374335443	0.0	False		False		short pedicel		AT4G39400	BRI1
w:alignment	word	alignment	1	409	18	21633	2.938467807660962	0.2908639934814101	1.0	-0.5363100374335443	0.0	False		False		alignment		AT5G15920	SMC5
w:antagonist	word	antagonist	1	409	18	21633	2.938467807660962	0.2908639934814101	1.0	-0.5363100374335443	0.0	False		False		antagonist		AT2G43060	IBH1
w:carbonate	word	carbonate	1	409	18	21633	2.938467807660962	0.2908639934814101	1.0	-0.5363100374335443	0.0	False		False		carbonate		AT1G23730	BCA3
w:companion	word	companion	1	409	18	21633	2.938467807660962	0.2908639934814101	1.0	-0.5363100374335443	0.0	False		False		companion		AT5G07440	GDH2
w:coordinately	word	coordinately	1	409	18	21633	2.938467807660962	0.2908639934814101	1.0	-0.5363100374335443	0.0	False		False		coordinately		AT5G04340	ZAT6
w:gain	word	gain	1	409	18	21633	2.938467807660962	0.2908639934814101	1.0	-0.5363100374335443	0.0	False		False		gain		AT4G14550	IAA14
w:gal	word	gal	1	409	18	21633	2.938467807660962	0.2908639934814101	1.0	-0.5363100374335443	0.0	False		False		gal		AT4G39390	NST-K1
w:glucosylate	word	glucosylate	1	409	18	21633	2.938467807660962	0.2908639934814101	1.0	-0.5363100374335443	0.0	False		False		glucosylate		AT4G15550	IAGLU
w:hyponastic	word	hyponastic	1	409	18	21633	2.938467807660962	0.2908639934814101	1.0	-0.5363100374335443	0.0	False		False		hyponastic		AT4G26080	ABI1
w:improved	word	improved	1	409	18	21633	2.938467807660962	0.2908639934814101	1.0	-0.5363100374335443	0.0	False		False		improved		AT2G41230	ORS1
w:inoculated	word	inoculated	1	409	18	21633	2.938467807660962	0.2908639934814101	1.0	-0.5363100374335443	0.0	False		False		inoculated		AT1G55500	ECT4
w:interfascicular	word	interfascicular	1	409	18	21633	2.938467807660962	0.2908639934814101	1.0	-0.5363100374335443	0.0	False		False		interfascicular		AT5G05160	RUL1
w:mlo	word	mlo	1	409	18	21633	2.938467807660962	0.2908639934814101	1.0	-0.5363100374335443	0.0	False		False		mlo		AT1G11000	MLO4
w:narrower	word	narrower	1	409	18	21633	2.938467807660962	0.2908639934814101	1.0	-0.5363100374335443	0.0	False		False		narrower		AT5G01840	OFP1
w:opposite	word	opposite	1	409	18	21633	2.938467807660962	0.2908639934814101	1.0	-0.5363100374335443	0.0	False		False		opposite		AT5G47370	HAT2
w:periplasmic	word	periplasmic	1	409	18	21633	2.938467807660962	0.2908639934814101	1.0	-0.5363100374335443	0.0	False		False		periplasmic		AT1G60010	AtPADRE7
w:posttranscriptional	word	posttranscriptional	1	409	18	21633	2.938467807660962	0.2908639934814101	1.0	-0.5363100374335443	0.0	False		False		posttranscriptional		AT3G02320	AtTRM1a
w:semialdehyde	word	semialdehyde	1	409	18	21633	2.938467807660962	0.2908639934814101	1.0	-0.5363100374335443	0.0	False		False		semialdehyde		AT1G09940	HEMA2
w:sgnh	word	sgnh	1	409	18	21633	2.938467807660962	0.2908639934814101	1.0	-0.5363100374335443	0.0	False		False		sgnh		AT3G11210	CPRD49
w:syncytium	word	syncytium	1	409	18	21633	2.938467807660962	0.2908639934814101	1.0	-0.5363100374335443	0.0	False		False		syncytium		AT2G39700	EXPA4
w:wrinkled	word	wrinkled	1	409	18	21633	2.938467807660962	0.2908639934814101	1.0	-0.5363100374335443	0.0	False		False		wrinkled		AT1G79700	WRI4
p:anthocyanin accumulation	phrase	anthocyanin accumulation	2	409	57	21633	1.855874404838502	0.2930740455058843	1.0	-0.533022640765512	0.0	True		False		anthocyanin accumulation		AT5G24270, AT5G48150	SOS3, PAT1
w:typical	word	typical	2	409	57	21633	1.855874404838502	0.2930740455058843	1.0	-0.533022640765512	0.0	True		False		typical		AT1G73080, AT4G39400	PEPR1, BRI1
w:participate	word	participate	8	409	332	21633	1.2745161575396942	0.2931086159240089	1.0	-0.5329714152932014	0.0	True		False		participate		AT1G04240, AT1G10550, AT4G24160, AT4G25810, AT4G30280, AT4G30290, AT5G57560, AT5G66460	SHY2, XTH33, AT4G24160, XTR6, XTH18, XTH19, TCH4, MAN7
w:apparatus	word	apparatus	19	409	871	21633	1.1537956259702054	0.29337127535747254	1.0	-0.5325824111622992	0.0	True		False		apparatus		AT1G09350, AT1G13250, AT1G35140, AT1G53840, AT1G58340, AT2G23150, AT2G26070, AT3G28180, AT3G48970, AT3G62720, AT4G08950, AT4G25810, AT4G30280, AT4G31590, AT4G39390, AT5G06860, AT5G39580, AT5G57560, AT5G64260	GolS3, GATL3, PHI-1, PME1, ZF14, NRAMP3, RTE1, CSLC04, HIPP31, XT1, EXO, XTR6, XTH18, CSLC5, NST-K1, PGIP1, PER62, TCH4, EXL2
w:invertase	word	invertase	3	409	100	21633	1.5867726161369193	0.29337749775855243	1.0	-0.5325731998794568	0.0	True		False		invertase		AT3G10720, AT3G43270, AT3G49220	PME25, PME32, PME34
w:locus	word	locus	6	409	238	21633	1.333422366501613	0.2956953274222597	1.0	-0.5291555381413227	0.0	True		False		locus		AT1G11000, AT1G29510, AT2G30140, AT4G11280, AT4G28640, AT4G39400	MLO4, SAUR68, UGT87A2, ACS6, IAA11, BRI1
p:pyridoxal phosphate	phrase	pyridoxal phosphate	3	409	101	21633	1.5710619961751677	0.2985415694834309	1.0	-0.5249951883526457	0.0	True		False		pyridoxal phosphate		AT2G22810, AT4G11280, AT4G37770	ACS4, ACS6, ACS8
w:somatic	word	somatic	3	409	101	21633	1.5710619961751677	0.2985415694834309	1.0	-0.5249951883526457	0.0	True		False		somatic		AT1G73590, AT2G21050, AT3G62100	PIN1, LAX2, IAA30
w:decrease	word	decrease	6	409	239	21633	1.327843193420016	0.2989726012478339	1.0	-0.5243686099100053	0.0	True		False		decrease		AT1G79700, AT3G24240, AT4G14550, AT4G17615, AT4G24570, AT5G24270	WRI4, RGI1, IAA14, CBL1, DIC2, SOS3
w:aperture	word	aperture	2	409	58	21633	1.8238765702723212	0.3000803140260542	1.0	-0.5227624943794906	0.0	True		False		aperture		AT3G27580, AT3G60260	ATPK7, ELMOD_A
k:Porphyrin biosynthesis	keyword	Porphyrin biosynthesis	1	409	19	21633	2.783811607257753	0.3042822968201149	1.0	-0.5167233142109677	0.0	False		False		Porphyrin biosynthesis		AT1G09940	HEMA2
p:arf gap	phrase	arf gap	1	409	19	21633	2.783811607257753	0.3042822968201149	1.0	-0.5167233142109677	0.0	False		False		arf gap		AT5G46750	AGD9
p:carbonic anhydrase	phrase	carbonic anhydrase	1	409	19	21633	2.783811607257753	0.3042822968201149	1.0	-0.5167233142109677	0.0	False		False		carbonic anhydrase		AT1G23730	BCA3
p:fad nad	phrase	fad nad	1	409	19	21633	2.783811607257753	0.3042822968201149	1.0	-0.5167233142109677	0.0	False		False		fad nad		AT4G38540	MO2
p:light phototransduction	phrase	light phototransduction	1	409	19	21633	2.783811607257753	0.3042822968201149	1.0	-0.5167233142109677	0.0	False		False		light phototransduction		AT5G48150	PAT1
p:meristem determinacy	phrase	meristem determinacy	1	409	19	21633	2.783811607257753	0.3042822968201149	1.0	-0.5167233142109677	0.0	False		False		meristem determinacy		AT4G17460	HAT1
p:pre‑rrna processing	phrase	pre-rrna processing	1	409	19	21633	2.783811607257753	0.3042822968201149	1.0	-0.5167233142109677	0.0	False		False		pre-rrna processing		AT1G18850	PCP2
p:senescing leave	phrase	senescing leave	1	409	19	21633	2.783811607257753	0.3042822968201149	1.0	-0.5167233142109677	0.0	False		False		senescing leave		AT3G25780	AOC3
p:udp xylose	phrase	udp xylose	1	409	19	21633	2.783811607257753	0.3042822968201149	1.0	-0.5167233142109677	0.0	False		False		udp xylose		AT3G62720	XT1
w:anhydrase	word	anhydrase	1	409	19	21633	2.783811607257753	0.3042822968201149	1.0	-0.5167233142109677	0.0	False		False		anhydrase		AT1G23730	BCA3
w:became	word	became	1	409	19	21633	2.783811607257753	0.3042822968201149	1.0	-0.5167233142109677	0.0	False		False		became		AT1G35140	PHI-1
w:carbonic	word	carbonic	1	409	19	21633	2.783811607257753	0.3042822968201149	1.0	-0.5167233142109677	0.0	False		False		carbonic		AT1G23730	BCA3
w:cdna	word	cdna	1	409	19	21633	2.783811607257753	0.3042822968201149	1.0	-0.5167233142109677	0.0	False		False		cdna		AT3G59900	ARGOS
w:considered	word	considered	1	409	19	21633	2.783811607257753	0.3042822968201149	1.0	-0.5167233142109677	0.0	False		False		considered		AT2G22830	SQE2
w:dephosphorylating	word	dephosphorylating	1	409	19	21633	2.783811607257753	0.3042822968201149	1.0	-0.5167233142109677	0.0	False		False		dephosphorylating		AT1G22280	PAPP2C
w:entire	word	entire	1	409	19	21633	2.783811607257753	0.3042822968201149	1.0	-0.5167233142109677	0.0	False		False		entire		AT5G67060	HEC1
w:evident	word	evident	1	409	19	21633	2.783811607257753	0.3042822968201149	1.0	-0.5167233142109677	0.0	False		False		evident		AT1G35140	PHI-1
w:grouped	word	grouped	1	409	19	21633	2.783811607257753	0.3042822968201149	1.0	-0.5167233142109677	0.0	False		False		grouped		AT5G46750	AGD9
w:hypoxic	word	hypoxic	1	409	19	21633	2.783811607257753	0.3042822968201149	1.0	-0.5167233142109677	0.0	False		False		hypoxic		AT5G03730	CTR1
w:made	word	made	1	409	19	21633	2.783811607257753	0.3042822968201149	1.0	-0.5167233142109677	0.0	False		False		made		AT1G80840	WRKY40
w:mannosidase	word	mannosidase	1	409	19	21633	2.783811607257753	0.3042822968201149	1.0	-0.5167233142109677	0.0	False		False		mannosidase		AT5G66460	MAN7
w:occasional	word	occasional	1	409	19	21633	2.783811607257753	0.3042822968201149	1.0	-0.5167233142109677	0.0	False		False		occasional		AT1G73590	PIN1
w:photooxidative	word	photooxidative	1	409	19	21633	2.783811607257753	0.3042822968201149	1.0	-0.5167233142109677	0.0	False		False		photooxidative		AT1G27730	STZ
w:phototransduction	word	phototransduction	1	409	19	21633	2.783811607257753	0.3042822968201149	1.0	-0.5167233142109677	0.0	False		False		phototransduction		AT5G48150	PAT1
w:plc	word	plc	1	409	19	21633	2.783811607257753	0.3042822968201149	1.0	-0.5167233142109677	0.0	False		False		plc		AT1G49740	AT1G49740
w:procambium	word	procambium	1	409	19	21633	2.783811607257753	0.3042822968201149	1.0	-0.5167233142109677	0.0	False		False		procambium		AT4G13195	CLE44
w:sclerotiorum	word	sclerotiorum	1	409	19	21633	2.783811607257753	0.3042822968201149	1.0	-0.5167233142109677	0.0	False		False		sclerotiorum		AT5G12340	AtPADRE20
w:similarly	word	similarly	1	409	19	21633	2.783811607257753	0.3042822968201149	1.0	-0.5167233142109677	0.0	False		False		similarly		AT1G08430	ALMT1
w:transmitting	word	transmitting	1	409	19	21633	2.783811607257753	0.3042822968201149	1.0	-0.5167233142109677	0.0	False		False		transmitting		AT5G67060	HEC1
p:reactive oxygen	phrase	reactive oxygen	5	409	194	21633	1.3632067148942606	0.30564787370202556	1.0	-0.5147786211164362	0.0	True		False		reactive oxygen		AT2G23150, AT3G13380, AT4G17490, AT4G17615, AT5G65300	NRAMP3, BRL3, ERF6, CBL1, SUPA
w:trigger	word	trigger	5	409	194	21633	1.3632067148942606	0.30564787370202556	1.0	-0.5147786211164362	0.0	True		False		trigger		AT2G18010, AT4G34760, AT4G36110, AT4G38860, AT5G64900	SAUR10, SAUR50, SAUR9, SAUR16, PROPEP1
w:embryonic	word	embryonic	4	409	148	21633	1.42952487940263	0.30703796926465765	1.0	-0.5128079150033077	0.0	True		False		embryonic		AT1G73590, AT2G01420, AT2G21050, AT4G32460	PIN1, PIN4, LAX2, BDX
w:glucosyl	word	glucosyl	2	409	59	21633	1.7929634080643155	0.3070750115422892	1.0	-0.5127555231558959	0.0	True		False		glucosyl		AT2G30140, AT3G62720	UGT87A2, XT1
w:curled	word	curled	3	409	103	21633	1.540555937997009	0.3088836453872713	1.0	-0.5102050858911488	0.0	True		False		curled		AT1G04240, AT1G11000, AT4G39400	SHY2, MLO4, BRI1
w:bacterium	word	bacterium	11	409	484	21633	1.2021004667703934	0.30982911962039833	1.0	-0.50887776702827	0.0	True		False		bacterium		AT1G80840, AT2G23150, AT2G28400, AT2G38470, AT3G44260, AT3G50930, AT4G12720, AT4G28490, AT4G37290, AT5G22250, AT5G65300	WRKY40, NRAMP3, S40-4, WRKY33, CAF1a, BCS1, NUDT7, HAE, PIP2, CAF1b, SUPA
w:conversion	word	conversion	7	409	290	21633	1.2767135991906247	0.30990836475854283	1.0	-0.5087667015295101	0.0	True		False		conversion		AT1G49740, AT1G78970, AT2G22810, AT4G11280, AT4G25420, AT4G37770, AT5G51810	AT1G49740, LUP1, ACS4, ACS6, GA20OX1, ACS8, GA20OX2
k:Glycosidase	keyword	Glycosidase	8	409	339	21633	1.2481987147586384	0.31248155140080675	1.0	-0.5051756178761868	0.0	True		False		Glycosidase		AT1G10550, AT1G60260, AT1G61820, AT4G25810, AT4G30280, AT4G30290, AT5G57560, AT5G66460	XTH33, BGLU5, BGLU46, XTR6, XTH18, XTH19, TCH4, MAN7
w:fatty	word	fatty	9	409	388	21633	1.2268860434048345	0.3138792301909118	1.0	-0.5032374211967732	0.0	True		False		fatty		AT1G05010, AT1G06080, AT1G19440, AT1G50740, AT1G79700, AT3G23470, AT3G44540, AT4G12110, AT4G24160	EFE, ADS1, KCS4, FAX5, WRI4, AT3G23470, FAR4, SMO1-1, AT4G24160
k:Aspartyl protease	keyword	Aspartyl protease	2	409	60	21633	1.763080684596577	0.3140560750967927	1.0	-0.5029928011916212	0.0	True		False		Aspartyl protease		AT3G59080, AT5G37540	AT3G59080, MPA22.8
p:cauline leave	phrase	cauline leave	2	409	60	21633	1.763080684596577	0.3140560750967927	1.0	-0.5029928011916212	0.0	True		False		cauline leave		AT1G17060, AT3G60630	CYP72C1, HAM2
p:cellulose synthase	phrase	cellulose synthase	2	409	60	21633	1.763080684596577	0.3140560750967927	1.0	-0.5029928011916212	0.0	True		False		cellulose synthase		AT3G28180, AT4G31590	CSLC04, CSLC5
p:eukaryotic aspartyl	phrase	eukaryotic aspartyl	2	409	60	21633	1.763080684596577	0.3140560750967927	1.0	-0.5029928011916212	0.0	True		False		eukaryotic aspartyl		AT3G59080, AT5G37540	AT3G59080, MPA22.8
p:oligopeptide transporter	phrase	oligopeptide transporter	2	409	60	21633	1.763080684596577	0.3140560750967927	1.0	-0.5029928011916212	0.0	True		False		oligopeptide transporter		AT1G59740, AT5G01180	NPF4.3, PTR5
w:short‑day	word	short-day	2	409	60	21633	1.763080684596577	0.3140560750967927	1.0	-0.5029928011916212	0.0	True		False		short-day		AT1G35140, AT4G25420	PHI-1, GA20OX1
w:layer	word	layer	4	409	150	21633	1.4104645476772615	0.31556699639092084	1.0	-0.5009084238238466	0.0	True		False		layer		AT4G16515, AT4G25420, AT4G26080, AT4G37590	RGF6, GA20OX1, ABI1, NPY5
w:late	word	late	9	409	389	21633	1.2237320947071357	0.31648749102435686	1.0	-0.4996434505327378	0.0	True		False		late		AT1G01470, AT1G58340, AT4G11280, AT4G25420, AT4G26080, AT4G39400, AT5G03730, AT5G51810, AT5G65640	LEA14, ZF14, ACS6, GA20OX1, ABI1, BRI1, CTR1, GA20OX2, bHLH093
w:vegetative	word	vegetative	9	409	389	21633	1.2237320947071357	0.31648749102435686	1.0	-0.4996434505327378	0.0	True		False		vegetative		AT1G30570, AT2G34260, AT3G60630, AT4G24160, AT4G26080, AT5G03730, AT5G15160, AT5G19530, AT5G50570	HERK2, WDR55, HAM2, AT4G24160, ABI1, CTR1, BNQ2, ACL5, SPL13A
k:Methionine biosynthesis	keyword	Methionine biosynthesis	1	409	20	21633	2.6446210268948653	0.31744730748915206	1.0	-0.4983283521541676	0.0	False		False		Methionine biosynthesis		AT3G25900	HMT-1
p:evolutionarily conserved	phrase	evolutionarily conserved	1	409	20	21633	2.6446210268948653	0.31744730748915206	1.0	-0.4983283521541676	0.0	False		False		evolutionarily conserved		AT1G55500	ECT4
p:low fluence	phrase	low fluence	1	409	20	21633	2.6446210268948653	0.31744730748915206	1.0	-0.4983283521541676	0.0	False		False		low fluence		AT2G18010	SAUR10
p:preferred substrate	phrase	preferred substrate	1	409	20	21633	2.6446210268948653	0.31744730748915206	1.0	-0.4983283521541676	0.0	False		False		preferred substrate		AT4G12110	SMO1-1
w:alkane	word	alkane	1	409	20	21633	2.6446210268948653	0.31744730748915206	1.0	-0.4983283521541676	0.0	False		False		alkane		AT1G79700	WRI4
w:better	word	better	1	409	20	21633	2.6446210268948653	0.31744730748915206	1.0	-0.4983283521541676	0.0	False		False		better		AT3G62720	XT1
w:bleached	word	bleached	1	409	20	21633	2.6446210268948653	0.31744730748915206	1.0	-0.4983283521541676	0.0	False		False		bleached		AT2G23150	NRAMP3
w:electrochemical	word	electrochemical	1	409	20	21633	2.6446210268948653	0.31744730748915206	1.0	-0.4983283521541676	0.0	False		False		electrochemical		AT1G29440	SAUR63
w:evolutionarily	word	evolutionarily	1	409	20	21633	2.6446210268948653	0.31744730748915206	1.0	-0.4983283521541676	0.0	False		False		evolutionarily		AT1G55500	ECT4
w:galactoside	word	galactoside	1	409	20	21633	2.6446210268948653	0.31744730748915206	1.0	-0.4983283521541676	0.0	False		False		galactoside		AT1G61820	BGLU46
w:gas	word	gas	1	409	20	21633	2.6446210268948653	0.31744730748915206	1.0	-0.4983283521541676	0.0	False		False		gas		AT1G02400	GA2OX6
w:glycerophospholipid	word	glycerophospholipid	1	409	20	21633	2.6446210268948653	0.31744730748915206	1.0	-0.4983283521541676	0.0	False		False		glycerophospholipid		AT1G02660	PLIP2
w:kcs	word	kcs	1	409	20	21633	2.6446210268948653	0.31744730748915206	1.0	-0.4983283521541676	0.0	False		False		kcs		AT1G19440	KCS4
w:ketone	word	ketone	1	409	20	21633	2.6446210268948653	0.31744730748915206	1.0	-0.4983283521541676	0.0	False		False		ketone		AT1G79700	WRI4
w:mode	word	mode	1	409	20	21633	2.6446210268948653	0.31744730748915206	1.0	-0.4983283521541676	0.0	False		False		mode		AT4G39390	NST-K1
w:ornithine	word	ornithine	1	409	20	21633	2.6446210268948653	0.31744730748915206	1.0	-0.4983283521541676	0.0	False		False		ornithine		AT2G39030	NATA1
w:phosphite	word	phosphite	1	409	20	21633	2.6446210268948653	0.31744730748915206	1.0	-0.4983283521541676	0.0	False		False		phosphite		AT3G25710	BHLH32
w:prominent	word	prominent	1	409	20	21633	2.6446210268948653	0.31744730748915206	1.0	-0.4983283521541676	0.0	False		False		prominent		AT1G19220	ARF19
w:restoring	word	restoring	1	409	20	21633	2.6446210268948653	0.31744730748915206	1.0	-0.4983283521541676	0.0	False		False		restoring		AT2G43060	IBH1
w:staining	word	staining	1	409	20	21633	2.6446210268948653	0.31744730748915206	1.0	-0.4983283521541676	0.0	False		False		staining		AT5G67060	HEC1
w:termini	word	termini	1	409	20	21633	2.6446210268948653	0.31744730748915206	1.0	-0.4983283521541676	0.0	False		False		termini		AT4G13195	CLE44
w:transported	word	transported	1	409	20	21633	2.6446210268948653	0.31744730748915206	1.0	-0.4983283521541676	0.0	False		False		transported		AT5G13330	Rap2.6L
w:tripeptide	word	tripeptide	1	409	20	21633	2.6446210268948653	0.31744730748915206	1.0	-0.4983283521541676	0.0	False		False		tripeptide		AT5G01180	PTR5
w:triterpene	word	triterpene	1	409	20	21633	2.6446210268948653	0.31744730748915206	1.0	-0.4983283521541676	0.0	False		False		triterpene		AT1G78970	LUP1
w:unchanged	word	unchanged	1	409	20	21633	2.6446210268948653	0.31744730748915206	1.0	-0.4983283521541676	0.0	False		False		unchanged		AT1G80840	WRKY40
k:mRNA transport	keyword	mRNA transport	2	409	61	21633	1.7341777225540103	0.3210215234889509	1.0	-0.4934658485324666	0.0	True		False		mRNA transport		AT2G30060, AT3G16310	RANBP1B, NUP35
w:ammonia	word	ammonia	2	409	61	21633	1.7341777225540103	0.3210215234889509	1.0	-0.4934658485324666	0.0	True		False		ammonia		AT4G20320, AT5G04870	CTPS4, CPK1
w:oligosaccharide	word	oligosaccharide	2	409	61	21633	1.7341777225540103	0.3210215234889509	1.0	-0.4934658485324666	0.0	True		False		oligosaccharide		AT1G09350, AT3G62720	GolS3, XT1
w:orientation	word	orientation	2	409	61	21633	1.7341777225540103	0.3210215234889509	1.0	-0.4934658485324666	0.0	True		False		orientation		AT1G19220, AT5G04190	ARF19, PKS4
w:preferentially	word	preferentially	4	409	152	21633	1.3919058036288765	0.3241160226457499	1.0	-0.48929949912936277	0.0	True		False		preferentially		AT1G02660, AT1G21980, AT3G62100, AT3G62720	PLIP2, PIP5K1, IAA30, XT1
p:alpha beta	phrase	alpha beta	5	409	199	21633	1.3289552898969172	0.3241651364763995	1.0	-0.48923369476230094	0.0	True		False		alpha beta		AT1G02660, AT1G10740, AT1G30370, AT1G32190, AT4G24160	PLIP2, LDAH1, DLAH, AT1G32190, AT4G24160
w:amino	word	amino	14	409	640	21633	1.1570216992665037	0.32664665780988006	1.0	-0.4859217810748184	0.0	True		False		amino		AT1G19440, AT1G59500, AT2G14960, AT2G21050, AT2G23170, AT2G39030, AT3G13380, AT4G13195, AT4G22780, AT4G27260, AT4G37770, AT5G01210, AT5G07440, AT5G54510	KCS4, GH3.4, GH3.1, LAX2, GH3.3, NATA1, BRL3, CLE44, ACR7, WES1, ACS8, AT5G01210, GDH2, DFL1
p:aspartyl protease	phrase	aspartyl protease	2	409	62	21633	1.7062071141257198	0.32796945493435964	1.0	-0.48416660193214406	0.0	True		False		aspartyl protease		AT3G59080, AT5G37540	AT3G59080, MPA22.8
w:protect	word	protect	2	409	62	21633	1.7062071141257198	0.32796945493435964	1.0	-0.48416660193214406	0.0	True		False		protect		AT2G37330, AT5G54500	ALS3, FQR1
w:start	word	start	2	409	62	21633	1.7062071141257198	0.32796945493435964	1.0	-0.48416660193214406	0.0	True		False		start		AT1G02470, AT1G19220	AT1G02470, ARF19
w:transport	word	transport	44	409	2165	21633	1.0749498862205458	0.32834881244644326	1.0	-0.4836645501054546	0.0	True		False		transport		AT1G02470, AT1G08430, AT1G23080, AT1G29430, AT1G29440, AT1G52200, AT1G54200, AT1G58340, AT1G59740, AT1G70940, AT1G73590, AT1G78100, AT2G01420, AT2G19620, AT2G21050, AT2G23150, AT2G30060, AT2G30070, AT2G37330, AT2G39350, AT2G47260, AT3G01970, AT3G03830, AT3G03840, AT3G16310, AT3G24450, AT3G27580, AT3G42800, AT3G48970, AT4G02220, AT4G16515, AT4G24570, AT4G30420, AT4G32460, AT4G37590, AT4G38580, AT4G38850, AT4G39390, AT5G01180, AT5G01740, AT5G12050, AT5G18060, AT5G19530, AT5G67060	AT1G02470, ALMT1, PIN7, SAUR62, SAUR63, PCR8, BG3, ZF14, NPF4.3, PIN3, PIN1, AUF1, PIN4, NDL3, LAX2, NRAMP3, RANBP1B, KT1, ALS3, ABCG1, WRKY23, WRKY45, SAUR28, SAUR27, NUP35, AtHMP27, ATPK7, AT3G42800, HIPP31, PDCD2, RGF6, DIC2, UMAMIT34, BDX, NPY5, FP6, SAUR15, NST-K1, PTR5, AT5G01740, BG1, SAUR23, ACL5, HEC1
w:difference	word	difference	4	409	153	21633	1.3828083800757467	0.3283965992055455	1.0	-0.48360134897620555	0.0	True		False		difference		AT1G70940, AT2G23150, AT2G38470, AT5G45340	PIN3, NRAMP3, WRKY33, CYP707A3
w:density	word	density	3	409	107	21633	1.4829650618102048	0.32959546663578315	1.0	-0.4820187703626756	0.0	True		False		density		AT1G73590, AT3G50060, AT4G17350	PIN1, MYB77, FL5
k:Extracellular matrix	keyword	Extracellular matrix	1	409	21	21633	2.5186866922808244	0.3303637953083786	1.0	-0.4810075532382495	0.0	False		False		Extracellular matrix		AT3G02885	GASA5
k:Iron transport	keyword	Iron transport	1	409	21	21633	2.5186866922808244	0.3303637953083786	1.0	-0.4810075532382495	0.0	False		False		Iron transport		AT2G23150	NRAMP3
p:axis specification	phrase	axis specification	1	409	21	21633	2.5186866922808244	0.3303637953083786	1.0	-0.4810075532382495	0.0	False		False		axis specification		AT1G23080	PIN7
p:diphosphate derivative	phrase	diphosphate derivative	1	409	21	21633	2.5186866922808244	0.3303637953083786	1.0	-0.4810075532382495	0.0	False		False		diphosphate derivative		AT4G12720	NUDT7
p:flc locus	phrase	flc locus	1	409	21	21633	2.5186866922808244	0.3303637953083786	1.0	-0.4810075532382495	0.0	False		False		flc locus		AT4G39400	BRI1
p:sterol desaturase	phrase	sterol desaturase	1	409	21	21633	2.5186866922808244	0.3303637953083786	1.0	-0.4810075532382495	0.0	False		False		sterol desaturase		AT4G12110	SMO1-1
p:vlcfa condensing	phrase	vlcfa condensing	1	409	21	21633	2.5186866922808244	0.3303637953083786	1.0	-0.4810075532382495	0.0	False		False		vlcfa condensing		AT1G19440	KCS4
w:cmp	word	cmp	1	409	21	21633	2.5186866922808244	0.3303637953083786	1.0	-0.4810075532382495	0.0	False		False		cmp		AT4G25280	UMK2
w:hydroxymethyl	word	hydroxymethyl	1	409	21	21633	2.5186866922808244	0.3303637953083786	1.0	-0.4810075532382495	0.0	False		False		hydroxymethyl		AT1G22440	AT1G22440
w:intact	word	intact	1	409	21	21633	2.5186866922808244	0.3303637953083786	1.0	-0.4810075532382495	0.0	False		False		intact		AT2G39350	ABCG1
w:joining	word	joining	1	409	21	21633	2.5186866922808244	0.3303637953083786	1.0	-0.4810075532382495	0.0	False		False		joining		AT5G01840	OFP1
w:leakage	word	leakage	1	409	21	21633	2.5186866922808244	0.3303637953083786	1.0	-0.4810075532382495	0.0	False		False		leakage		AT2G38470	WRKY33
w:mismatch	word	mismatch	1	409	21	21633	2.5186866922808244	0.3303637953083786	1.0	-0.4810075532382495	0.0	False		False		mismatch		AT1G54200	BG3
w:myc	word	myc	1	409	21	21633	2.5186866922808244	0.3303637953083786	1.0	-0.4810075532382495	0.0	False		False		myc		AT2G19620	NDL3
w:optimal	word	optimal	1	409	21	21633	2.5186866922808244	0.3303637953083786	1.0	-0.4810075532382495	0.0	False		False		optimal		AT2G23150	NRAMP3
w:post‑germination	word	post-germination	1	409	21	21633	2.5186866922808244	0.3303637953083786	1.0	-0.4810075532382495	0.0	False		False		post-germination		AT5G03730	CTR1
w:processed	word	processed	1	409	21	21633	2.5186866922808244	0.3303637953083786	1.0	-0.4810075532382495	0.0	False		False		processed		AT3G10930	IDL7
w:thickness	word	thickness	1	409	21	21633	2.5186866922808244	0.3303637953083786	1.0	-0.4810075532382495	0.0	False		False		thickness		AT5G19530	ACL5
w:tubby	word	tubby	1	409	21	21633	2.5186866922808244	0.3303637953083786	1.0	-0.4810075532382495	0.0	False		False		tubby		AT1G25280	TLP10
w:twice	word	twice	1	409	21	21633	2.5186866922808244	0.3303637953083786	1.0	-0.4810075532382495	0.0	False		False		twice		AT4G39400	BRI1
w:mechanism	word	mechanism	6	409	249	21633	1.2745161575396942	0.33208277479349674	1.0	-0.47875365076760795	0.0	True		False		mechanism		AT1G59500, AT2G14960, AT2G23170, AT4G27260, AT5G19530, AT5G54510	GH3.4, GH3.1, GH3.3, WES1, ACL5, DFL1
w:assay	word	assay	4	409	154	21633	1.3738291048804496	0.3326804639177263	1.0	-0.4779727015713362	0.0	True		False		assay		AT1G34370, AT1G74660, AT2G38470, AT3G10870	STOP1, MIF1, WRKY33, MES17
w:severely	word	severely	4	409	154	21633	1.3738291048804496	0.3326804639177263	1.0	-0.4779727015713362	0.0	True		False		severely		AT1G17060, AT1G19220, AT1G73590, AT4G39400	CYP72C1, ARF19, PIN1, BRI1
w:ribonuclease	word	ribonuclease	3	409	108	21633	1.469233903830481	0.3347735483831823	1.0	-0.47524886443342057	0.0	True		False		ribonuclease		AT3G12920, AT3G44260, AT5G22250	BRG3, CAF1a, CAF1b
w:salinity	word	salinity	3	409	108	21633	1.469233903830481	0.3347735483831823	1.0	-0.47524886443342057	0.0	True		False		salinity		AT3G10930, AT5G24270, AT5G59820	IDL7, SOS3, RHL41
w:detection	word	detection	2	409	63	21633	1.6791244615205494	0.3348980447827974	1.0	-0.4750873879707953	0.0	True		False		detection		AT4G39400, AT5G24270	BRI1, SOS3
w:galactosyltransferase	word	galactosyltransferase	2	409	63	21633	1.6791244615205494	0.3348980447827974	1.0	-0.4750873879707953	0.0	True		False		galactosyltransferase		AT1G09350, AT4G20170	GolS3, GALS3
w:phenotypic	word	phenotypic	2	409	63	21633	1.6791244615205494	0.3348980447827974	1.0	-0.4750873879707953	0.0	True		False		phenotypic		AT1G17060, AT1G35140	CYP72C1, PHI-1
w:signalling	word	signalling	2	409	63	21633	1.6791244615205494	0.3348980447827974	1.0	-0.4750873879707953	0.0	True		False		signalling		AT3G10930, AT3G50930	IDL7, BCS1
w:hydrolyze	word	hydrolyze	4	409	155	21633	1.3649656913005757	0.3369670587717948	1.0	-0.47241255281675143	0.0	True		False		hydrolyze		AT1G02660, AT1G61820, AT3G10870, AT5G45280	PLIP2, BGLU46, MES17, PAE11
w:methyltransferase	word	methyltransferase	8	409	348	21633	1.2159177135148809	0.33775368950113605	1.0	-0.47139989820161593	0.0	True		False		methyltransferase		AT2G41380, AT3G02320, AT3G23470, AT3G25900, AT5G03670, AT5G10830, AT5G19530, AT5G66440	AT2G41380, AtTRM1a, AT3G23470, HMT-1, TRM28, AT5G10830, ACL5, AT5G66440
w:ion	word	ion	41	409	2019	21633	1.0740907588181228	0.3378884490251385	1.0	-0.4712266546601106	0.0	True		False		ion		AT1G08430, AT1G17060, AT1G22440, AT1G23730, AT1G34370, AT1G58340, AT1G66400, AT1G76650, AT2G23150, AT2G26530, AT2G26710, AT2G30070, AT2G37330, AT2G40140, AT2G41100, AT2G43290, AT3G01970, AT3G06410, AT3G25900, AT3G48970, AT3G50660, AT3G60520, AT3G60530, AT3G61460, AT4G12040, AT4G12110, AT4G17615, AT4G22820, AT4G26080, AT4G27280, AT4G38580, AT5G04340, AT5G04870, AT5G07440, AT5G09970, AT5G24270, AT5G26930, AT5G37770, AT5G44260, AT5G45340, AT5G54490	ALMT1, CYP72C1, AT1G22440, BCA3, STOP1, ZF14, CML23, CML38, NRAMP3, AR781, BAS1, KT1, ALS3, CZF1, TCH3, MSS3, WRKY45, AtC3H34, HMT-1, HIPP31, DWF4, AT3G60520, GATA4, BRH1, SAP7, SMO1-1, CBL1, SAP9, ABI1, KRP1, FP6, ZAT6, CPK1, GDH2, CYP78A7, SOS3, GATA23, TCH2, TZF5, CYP707A3, PBP1
w:stature	word	stature	3	409	109	21633	1.4557546937035957	0.3399498191125752	1.0	-0.46858518557806356	0.0	True		False		stature		AT4G39400, AT5G24270, AT5G65640	BRI1, SOS3, bHLH093
k:Lipid degradation	keyword	Lipid degradation	4	409	156	21633	1.3562159112281362	0.3412558319444571	1.0	-0.466919917944875	0.0	True		False		Lipid degradation		AT1G02660, AT1G30370, AT1G49740, AT3G11210	PLIP2, DLAH, AT1G49740, CPRD49
k:Nuclease	keyword	Nuclease	4	409	156	21633	1.3562159112281362	0.3412558319444571	1.0	-0.466919917944875	0.0	True		False		Nuclease		AT3G44260, AT3G56170, AT4G29780, AT5G22250	CAF1a, CAN, AT4G29780, CAF1b
w:glycosyltransferase	word	glycosyltransferase	10	409	448	21633	1.1806343870066365	0.34171408773938433	1.0	-0.46633711630993413	0.0	True		False		glycosyltransferase		AT1G09350, AT1G13250, AT1G80290, AT2G30140, AT3G28180, AT3G28340, AT3G62720, AT4G15550, AT4G20170, AT4G31590	GolS3, GATL3, AT1G80290, UGT87A2, CSLC04, GATL10, XT1, IAGLU, GALS3, CSLC5
w:aromatic	word	aromatic	2	409	64	21633	1.652888141809291	0.3418055432937489	1.0	-0.4662208983081866	0.0	True		False		aromatic		AT1G08430, AT1G30760	ALMT1, AtBBE-like 13
w:fused	word	fused	2	409	64	21633	1.652888141809291	0.3418055432937489	1.0	-0.4662208983081866	0.0	True		False		fused		AT1G73590, AT3G27580	PIN1, ATPK7
w:microfibril	word	microfibril	2	409	64	21633	1.652888141809291	0.3418055432937489	1.0	-0.4662208983081866	0.0	True		False		microfibril		AT1G20190, AT2G39700	EXPA11, EXPA4
w:nucleobase	word	nucleobase	2	409	64	21633	1.652888141809291	0.3418055432937489	1.0	-0.4662208983081866	0.0	True		False		nucleobase		AT4G20320, AT4G25280	CTPS4, UMK2
w:recruited	word	recruited	2	409	64	21633	1.652888141809291	0.3418055432937489	1.0	-0.4662208983081866	0.0	True		False		recruited		AT4G37590, AT5G57560	NPY5, TCH4
w:sufficient	word	sufficient	2	409	64	21633	1.652888141809291	0.3418055432937489	1.0	-0.4662208983081866	0.0	True		False		sufficient		AT2G23150, AT3G25710	NRAMP3, BHLH32
w:species	word	species	6	409	252	21633	1.259343346140412	0.34211026522845595	1.0	-0.4658338943469786	0.0	True		False		species		AT2G23150, AT2G26070, AT3G13380, AT4G17490, AT4G17615, AT5G65300	NRAMP3, RTE1, BRL3, ERF6, CBL1, SUPA
w:nadp	word	nadp	5	409	204	21633	1.2963828563210125	0.34280116274303285	1.0	-0.46495771366824834	0.0	True		False		nadp		AT1G09940, AT3G44540, AT4G30470, AT5G07440, AT5G19440	HEMA2, FAR4, AT4G30470, GDH2, AT5G19440
p:condensing enzyme	phrase	condensing enzyme	1	409	22	21633	2.404200933540787	0.3430364404924833	1.0	-0.46465974274385685	0.0	False		False		condensing enzyme		AT1G19440	KCS4
p:cotyledon greening	phrase	cotyledon greening	1	409	22	21633	2.404200933540787	0.3430364404924833	1.0	-0.46465974274385685	0.0	False		False		cotyledon greening		AT2G28400	S40-4
p:photoperiodic flowering	phrase	photoperiodic flowering	1	409	22	21633	2.404200933540787	0.3430364404924833	1.0	-0.46465974274385685	0.0	False		False		photoperiodic flowering		AT2G34140	CDF4
p:transferring phosphorus	phrase	transferring phosphorus	1	409	22	21633	2.404200933540787	0.3430364404924833	1.0	-0.46465974274385685	0.0	False		False		transferring phosphorus		AT2G40940	ERS1
w:abolished	word	abolished	1	409	22	21633	2.404200933540787	0.3430364404924833	1.0	-0.46465974274385685	0.0	False		False		abolished		AT5G03730	CTR1
w:areas	word	areas	1	409	22	21633	2.404200933540787	0.3430364404924833	1.0	-0.46465974274385685	0.0	False		False		areas		AT4G08950	EXO
w:camp	word	camp	1	409	22	21633	2.404200933540787	0.3430364404924833	1.0	-0.46465974274385685	0.0	False		False		camp		AT3G20830	UCNL
w:carbonyl	word	carbonyl	1	409	22	21633	2.404200933540787	0.3430364404924833	1.0	-0.46465974274385685	0.0	False		False		carbonyl		AT5G63790	NAC102
w:condensing	word	condensing	1	409	22	21633	2.404200933540787	0.3430364404924833	1.0	-0.46465974274385685	0.0	False		False		condensing		AT1G19440	KCS4
w:motility	word	motility	1	409	22	21633	2.404200933540787	0.3430364404924833	1.0	-0.46465974274385685	0.0	False		False		motility		AT3G60260	ELMOD_A
w:note	word	note	1	409	22	21633	2.404200933540787	0.3430364404924833	1.0	-0.46465974274385685	0.0	False		False		note		AT3G25780	AOC3
w:occurred	word	occurred	1	409	22	21633	2.404200933540787	0.3430364404924833	1.0	-0.46465974274385685	0.0	False		False		occurred		AT5G67060	HEC1
w:porphyrin	word	porphyrin	1	409	22	21633	2.404200933540787	0.3430364404924833	1.0	-0.46465974274385685	0.0	False		False		porphyrin		AT1G09940	HEMA2
w:retain	word	retain	1	409	22	21633	2.404200933540787	0.3430364404924833	1.0	-0.46465974274385685	0.0	False		False		retain		AT5G24270	SOS3
w:rhizosphere	word	rhizosphere	1	409	22	21633	2.404200933540787	0.3430364404924833	1.0	-0.46465974274385685	0.0	False		False		rhizosphere		AT2G30070	KT1
w:sorbitol	word	sorbitol	1	409	22	21633	2.404200933540787	0.3430364404924833	1.0	-0.46465974274385685	0.0	False		False		sorbitol		AT5G03730	CTR1
w:spermine	word	spermine	1	409	22	21633	2.404200933540787	0.3430364404924833	1.0	-0.46465974274385685	0.0	False		False		spermine		AT5G19530	ACL5
w:subjected	word	subjected	1	409	22	21633	2.404200933540787	0.3430364404924833	1.0	-0.46465974274385685	0.0	False		False		subjected		AT5G37770	TCH2
w:dehydratase	word	dehydratase	3	409	110	21633	1.442520560124472	0.3451233792913028	1.0	-0.4620256198064917	0.0	True		False		dehydratase		AT1G23730, AT2G45400, AT5G19440	BCA3, BEN1, AT5G19440
w:indicating	word	indicating	3	409	110	21633	1.442520560124472	0.3451233792913028	1.0	-0.4620256198064917	0.0	True		False		indicating		AT3G28180, AT4G31590, AT4G39400	CSLC04, CSLC5, BRI1
w:pyridoxal	word	pyridoxal	3	409	110	21633	1.442520560124472	0.3451233792913028	1.0	-0.4620256198064917	0.0	True		False		pyridoxal		AT2G22810, AT4G11280, AT4G37770	ACS4, ACS6, ACS8
w:localize	word	localize	4	409	157	21633	1.3475775933222245	0.34554623788834854	1.0	-0.4614938310215202	0.0	True		False		localize		AT1G70940, AT2G01420, AT4G39400, AT5G01180	PIN3, PIN4, BRI1, PTR5
w:precursor	word	precursor	10	409	450	21633	1.1753871230643846	0.34671418669057835	1.0	-0.4600283877194835	0.0	True		False		precursor		AT1G19220, AT2G22810, AT2G39350, AT3G25780, AT4G11280, AT4G37290, AT4G37295, AT4G37770, AT5G64900, AT5G64905	ARF19, ACS4, ABCG1, AOC3, ACS6, PIP2, PIPL3, ACS8, PROPEP1, PROPEP3
w:cytidine	word	cytidine	2	409	65	21633	1.6274590934737634	0.34869027346814035	1.0	-0.45756016687131273	0.0	True		False		cytidine		AT4G20320, AT4G25280	CTPS4, UMK2
p:proteasomal degradation	phrase	proteasomal degradation	5	409	207	21633	1.277594698983027	0.35402027228803445	1.0	-0.4509718682263365	0.0	True		False		proteasomal degradation		AT1G25280, AT1G67340, AT1G77000, AT1G78100, AT4G37590	TLP10, AT1G67340, SKP2B, AUF1, NPY5
w:cascade	word	cascade	3	409	112	21633	1.4167612644079637	0.3554588589993076	1.0	-0.4492106575039106	0.0	True		False		cascade		AT1G27730, AT3G13380, AT4G39400	STZ, BRL3, BRI1
p:fate commitment	phrase	fate commitment	1	409	23	21633	2.2996704581694485	0.3554698353302314	1.0	-0.4491972469889317	0.0	False		False		fate commitment		AT4G13195	CLE44
p:ketoacyl coa	phrase	ketoacyl coa	1	409	23	21633	2.2996704581694485	0.3554698353302314	1.0	-0.4491972469889317	0.0	False		False		ketoacyl coa		AT1G19440	KCS4
p:trichome branch	phrase	trichome branch	1	409	23	21633	2.2996704581694485	0.3554698353302314	1.0	-0.4491972469889317	0.0	False		False		trichome branch		AT1G55500	ECT4
w:acetylated	word	acetylated	1	409	23	21633	2.2996704581694485	0.3554698353302314	1.0	-0.4491972469889317	0.0	False		False		acetylated		AT5G45280	PAE11
w:clavata	word	clavata	1	409	23	21633	2.2996704581694485	0.3554698353302314	1.0	-0.4491972469889317	0.0	False		False		clavata		AT3G24240	RGI1
w:clearly	word	clearly	1	409	23	21633	2.2996704581694485	0.3554698353302314	1.0	-0.4491972469889317	0.0	False		False		clearly		AT1G08430	ALMT1
w:dgdg	word	dgdg	1	409	23	21633	2.2996704581694485	0.3554698353302314	1.0	-0.4491972469889317	0.0	False		False		dgdg		AT1G02660	PLIP2
w:mono	word	mono	1	409	23	21633	2.2996704581694485	0.3554698353302314	1.0	-0.4491972469889317	0.0	False		False		mono		AT3G62720	XT1
w:regeneration	word	regeneration	1	409	23	21633	2.2996704581694485	0.3554698353302314	1.0	-0.4491972469889317	0.0	False		False		regeneration		AT2G47260	WRKY23
w:rhamnose	word	rhamnose	1	409	23	21633	2.2996704581694485	0.3554698353302314	1.0	-0.4491972469889317	0.0	False		False		rhamnose		AT4G39390	NST-K1
w:saga	word	saga	1	409	23	21633	2.2996704581694485	0.3554698353302314	1.0	-0.4491972469889317	0.0	False		False		saga		AT2G14850	ADA1A
w:stimulating	word	stimulating	1	409	23	21633	2.2996704581694485	0.3554698353302314	1.0	-0.4491972469889317	0.0	False		False		stimulating		AT1G29440	SAUR63
w:stimulation	word	stimulation	1	409	23	21633	2.2996704581694485	0.3554698353302314	1.0	-0.4491972469889317	0.0	False		False		stimulation		AT4G14560	IAA1
w:tract	word	tract	1	409	23	21633	2.2996704581694485	0.3554698353302314	1.0	-0.4491972469889317	0.0	False		False		tract		AT5G67060	HEC1
w:defect	word	defect	16	409	755	21633	1.1208989782865655	0.35594398261554266	1.0	-0.44861834459790206	0.0	True		False		defect		AT1G11000, AT1G70940, AT1G74660, AT1G77000, AT2G01420, AT2G44830, AT3G27580, AT3G62100, AT4G08950, AT4G12110, AT4G28490, AT4G32460, AT4G39400, AT5G03730, AT5G24270, AT5G61900	MLO4, PIN3, MIF1, SKP2B, PIN4, PAX, ATPK7, IAA30, EXO, SMO1-1, HAE, BDX, BRI1, CTR1, SOS3, BON1
w:germination	word	germination	17	409	806	21633	1.1155969592360473	0.35675129742149564	1.0	-0.4476344387824208	0.0	True		False		germination		AT1G34370, AT2G18980, AT2G23150, AT2G28400, AT4G17615, AT4G25420, AT4G26080, AT4G32460, AT4G39400, AT5G01180, AT5G03730, AT5G37770, AT5G39580, AT5G51810, AT5G63790, AT5G64100, AT5G66460	STOP1, PER16, NRAMP3, S40-4, CBL1, GA20OX1, ABI1, BDX, BRI1, PTR5, CTR1, TCH2, PER62, GA20OX2, NAC102, PER69, MAN7
w:glucose	word	glucose	8	409	355	21633	1.191941871276559	0.3576219310512678	1.0	-0.44657585608837536	0.0	True		False		glucose		AT2G37330, AT3G13380, AT3G62720, AT4G12720, AT4G15550, AT4G17615, AT4G26080, AT5G03730	ALS3, BRL3, XT1, NUDT7, IAGLU, CBL1, ABI1, CTR1
p:fatty acid	phrase	fatty acid	8	409	356	21633	1.1885937199527483	0.36047168862443774	1.0	-0.4431288390083835	0.0	True		False		fatty acid		AT1G05010, AT1G06080, AT1G19440, AT1G50740, AT1G79700, AT3G44540, AT4G12110, AT4G24160	EFE, ADS1, KCS4, FAX5, WRI4, FAR4, SMO1-1, AT4G24160
w:enzymatic	word	enzymatic	3	409	113	21633	1.4042235541034684	0.3606190684754767	1.0	-0.44295131279185396	0.0	True		False		enzymatic		AT1G20190, AT2G39700, AT4G24160	EXPA11, EXPA4, AT4G24160
w:upstream	word	upstream	3	409	113	21633	1.4042235541034684	0.3606190684754767	1.0	-0.44295131279185396	0.0	True		False		upstream		AT1G04310, AT3G60260, AT5G54490	ERS2, ELMOD_A, PBP1
w:wildtype	word	wildtype	3	409	113	21633	1.4042235541034684	0.3606190684754767	1.0	-0.44295131279185396	0.0	True		False		wildtype		AT3G23050, AT3G50660, AT4G39400	IAA7, DWF4, BRI1
p:population proliferation	phrase	population proliferation	2	409	67	21633	1.5788782250118598	0.3623850718914053	1.0	-0.44082970097513796	0.0	True		False		population proliferation		AT3G59900, AT4G16515	ARGOS, RGF6
w:additional	word	additional	2	409	67	21633	1.5788782250118598	0.3623850718914053	1.0	-0.44082970097513796	0.0	True		False		additional		AT1G23080, AT4G24160	PIN7, AT4G24160
w:cauline	word	cauline	2	409	67	21633	1.5788782250118598	0.3623850718914053	1.0	-0.44082970097513796	0.0	True		False		cauline		AT1G17060, AT3G60630	CYP72C1, HAM2
w:cutin	word	cutin	2	409	67	21633	1.5788782250118598	0.3623850718914053	1.0	-0.44082970097513796	0.0	True		False		cutin		AT1G19440, AT1G79700	KCS4, WRI4
w:greening	word	greening	2	409	67	21633	1.5788782250118598	0.3623850718914053	1.0	-0.44082970097513796	0.0	True		False		greening		AT2G28400, AT5G48150	S40-4, PAT1
w:manner	word	manner	10	409	457	21633	1.1573833815732453	0.3643022580136188	1.0	-0.43853813691121174	0.0	True		False		manner		AT1G19220, AT1G53840, AT2G41230, AT3G23050, AT4G16515, AT4G17615, AT5G04190, AT5G19530, AT5G24270, AT5G65300	ARF19, PME1, ORS1, IAA7, RGF6, CBL1, PKS4, ACL5, SOS3, SUPA
k:Pyridoxal phosphate	keyword	Pyridoxal phosphate	3	409	114	21633	1.3919058036288765	0.3657731471893572	1.0	-0.4367881809141464	0.0	True		False		Pyridoxal phosphate		AT2G22810, AT4G11280, AT4G37770	ACS4, ACS6, ACS8
k:Glutamine amidotransferase	keyword	Glutamine amidotransferase	1	409	24	21633	2.203850855745721	0.36766848583231077	1.0	-0.4345435934535978	0.0	False		False		Glutamine amidotransferase		AT4G20320	CTPS4
p:chalcone stilbene	phrase	chalcone stilbene	1	409	24	21633	2.203850855745721	0.36766848583231077	1.0	-0.4345435934535978	0.0	False		False		chalcone stilbene		AT1G19440	KCS4
p:necrotrophic pathogen	phrase	necrotrophic pathogen	1	409	24	21633	2.203850855745721	0.36766848583231077	1.0	-0.4345435934535978	0.0	False		False		necrotrophic pathogen		AT2G38470	WRKY33
p:pale yellow	phrase	pale yellow	1	409	24	21633	2.203850855745721	0.36766848583231077	1.0	-0.4345435934535978	0.0	False		False		pale yellow		AT5G15160	BNQ2
p:stilbene synthase	phrase	stilbene synthase	1	409	24	21633	2.203850855745721	0.36766848583231077	1.0	-0.4345435934535978	0.0	False		False		stilbene synthase		AT1G19440	KCS4
p:tri snrnp	phrase	tri snrnp	1	409	24	21633	2.203850855745721	0.36766848583231077	1.0	-0.4345435934535978	0.0	False		False		tri snrnp		AT4G22380	AT4G22380
w:acidifying	word	acidifying	1	409	24	21633	2.203850855745721	0.36766848583231077	1.0	-0.4345435934535978	0.0	False		False		acidifying		AT1G29440	SAUR63
w:carotene	word	carotene	1	409	24	21633	2.203850855745721	0.36766848583231077	1.0	-0.4345435934535978	0.0	False		False		carotene		AT5G63790	NAC102
w:concert	word	concert	1	409	24	21633	2.203850855745721	0.36766848583231077	1.0	-0.4345435934535978	0.0	False		False		concert		AT4G37590	NPY5
w:coordination	word	coordination	1	409	24	21633	2.203850855745721	0.36766848583231077	1.0	-0.4345435934535978	0.0	False		False		coordination		AT2G35930	PUB23
w:fine	word	fine	1	409	24	21633	2.203850855745721	0.36766848583231077	1.0	-0.4345435934535978	0.0	False		False		fine		AT3G02070	OTU12
w:flowered	word	flowered	1	409	24	21633	2.203850855745721	0.36766848583231077	1.0	-0.4345435934535978	0.0	False		False		flowered		AT5G03730	CTR1
w:ground	word	ground	1	409	24	21633	2.203850855745721	0.36766848583231077	1.0	-0.4345435934535978	0.0	False		False		ground		AT4G39400	BRI1
w:guide	word	guide	1	409	24	21633	2.203850855745721	0.36766848583231077	1.0	-0.4345435934535978	0.0	False		False		guide		AT4G22380	AT4G22380
w:hydroxylated	word	hydroxylated	1	409	24	21633	2.203850855745721	0.36766848583231077	1.0	-0.4345435934535978	0.0	False		False		hydroxylated		AT1G30760	AtBBE-like 13
w:involvement	word	involvement	1	409	24	21633	2.203850855745721	0.36766848583231077	1.0	-0.4345435934535978	0.0	False		False		involvement		AT4G22470	DHYPRP1
w:meja	word	meja	1	409	24	21633	2.203850855745721	0.36766848583231077	1.0	-0.4345435934535978	0.0	False		False		meja		AT2G39030	NATA1
w:modifying	word	modifying	1	409	24	21633	2.203850855745721	0.36766848583231077	1.0	-0.4345435934535978	0.0	False		False		modifying		AT5G57560	TCH4
w:monogalactosyldiacylglycerol	word	monogalactosyldiacylglycerol	1	409	24	21633	2.203850855745721	0.36766848583231077	1.0	-0.4345435934535978	0.0	False		False		monogalactosyldiacylglycerol		AT1G02660	PLIP2
w:pericycle	word	pericycle	1	409	24	21633	2.203850855745721	0.36766848583231077	1.0	-0.4345435934535978	0.0	False		False		pericycle		AT1G70940	PIN3
w:preglobular	word	preglobular	1	409	24	21633	2.203850855745721	0.36766848583231077	1.0	-0.4345435934535978	0.0	False		False		preglobular		AT5G37630	EMB2656
w:senescing	word	senescing	1	409	24	21633	2.203850855745721	0.36766848583231077	1.0	-0.4345435934535978	0.0	False		False		senescing		AT3G25780	AOC3
w:stilbene	word	stilbene	1	409	24	21633	2.203850855745721	0.36766848583231077	1.0	-0.4345435934535978	0.0	False		False		stilbene		AT1G19440	KCS4
w:transducer	word	transducer	1	409	24	21633	2.203850855745721	0.36766848583231077	1.0	-0.4345435934535978	0.0	False		False		transducer		AT4G27280	KRP1
w:typically	word	typically	1	409	24	21633	2.203850855745721	0.36766848583231077	1.0	-0.4345435934535978	0.0	False		False		typically		AT3G60630	HAM2
w:zeta	word	zeta	1	409	24	21633	2.203850855745721	0.36766848583231077	1.0	-0.4345435934535978	0.0	False		False		zeta		AT2G43060	IBH1
w:proliferation	word	proliferation	6	409	260	21633	1.2205943201053226	0.3689799230144766	1.0	-0.43299726408820327	0.0	True		False		proliferation		AT1G55500, AT2G41230, AT3G59900, AT4G13195, AT4G16515, AT4G30290	ECT4, ORS1, ARGOS, CLE44, RGF6, XTH19
p:freezing tolerance	phrase	freezing tolerance	2	409	68	21633	1.555659427585215	0.3691921310955334	1.0	-0.4327475640334696	0.0	True		False		freezing tolerance		AT3G23250, AT4G20170	MYB15, GALS3
w:deubiquitinase	word	deubiquitinase	2	409	68	21633	1.555659427585215	0.3691921310955334	1.0	-0.4327475640334696	0.0	True		False		deubiquitinase		AT2G25190, AT3G02070	AT2G25190, OTU12
w:base	word	base	4	409	163	21633	1.2979735101324492	0.3712932218141736	1.0	-0.4302829790140009	0.0	True		False		base		AT1G73590, AT2G21050, AT3G49640, AT3G62720	PIN1, LAX2, AT3G49640, XT1
w:calmodulin	word	calmodulin	6	409	261	21633	1.2159177135148806	0.37234715113248174	1.0	-0.42905196464101203	0.0	True		False		calmodulin		AT1G11000, AT1G66400, AT1G76650, AT2G41100, AT2G43290, AT5G37770	MLO4, CML23, CML38, TCH3, MSS3, TCH2
w:time	word	time	8	409	361	21633	1.172131203055896	0.37475285804167274	1.0	-0.4262550463329333	0.0	True		False		time		AT2G30140, AT2G35930, AT3G27580, AT3G50660, AT5G03730, AT5G15160, AT5G50570, AT5G65640	UGT87A2, PUB23, ATPK7, DWF4, CTR1, BNQ2, SPL13A, bHLH093
w:synthesis	word	synthesis	16	409	765	21633	1.1062467040605974	0.37554473408501754	1.0	-0.4253383233492051	0.0	True		False		synthesis		AT1G21980, AT1G59500, AT1G74660, AT2G14960, AT2G23170, AT2G38470, AT2G39350, AT3G28180, AT3G44540, AT3G49640, AT3G50930, AT4G27260, AT4G31590, AT5G04340, AT5G54510, AT5G64900	PIP5K1, GH3.4, MIF1, GH3.1, GH3.3, WRKY33, ABCG1, CSLC04, FAR4, AT3G49640, BCS1, WES1, CSLC5, ZAT6, DFL1, PROPEP1
w:white	word	white	4	409	164	21633	1.2900590375096905	0.3755803252486362	1.0	-0.4252971662987683	0.0	True		False		white		AT2G39350, AT5G15160, AT5G48150, AT5G65300	ABCG1, BNQ2, PAT1, SUPA
w:remain	word	remain	2	409	69	21633	1.5331136387796322	0.3759703999097633	1.0	-0.42484634566245216	0.0	True		False		remain		AT1G80840, AT2G35930	WRKY40, PUB23
w:rlp	word	rlp	2	409	69	21633	1.5331136387796322	0.3759703999097633	1.0	-0.42484634566245216	0.0	True		False		rlp		AT1G75640, AT5G12940	MUS, AT5G12940
w:conserved	word	conserved	8	409	362	21633	1.1688932715557416	0.3776144491337365	1.0	-0.4229513961033357	0.0	True		False		conserved		AT1G19220, AT1G55500, AT1G73590, AT2G26070, AT2G35930, AT3G62100, AT4G13195, AT5G64780	ARF19, ECT4, PIN1, RTE1, PUB23, IAA30, CLE44, MVP7.11
w:initiation	word	initiation	10	409	463	21633	1.1423848928271558	0.37946459448399095	1.0	-0.4208287392350335	0.0	True		False		initiation		AT1G58340, AT1G70940, AT1G73590, AT2G19620, AT2G42430, AT2G45420, AT3G25710, AT4G13195, AT4G16515, AT5G50570	ZF14, PIN3, PIN1, NDL3, LBD16, LBD18, BHLH32, CLE44, RGF6, SPL13A
k:tRNA-binding	keyword	tRNA-binding	1	409	25	21633	2.1156968215158924	0.37963681334837274	1.0	-0.42063168070506063	0.0	False		False		tRNA-binding		AT3G02320	AtTRM1a
p:axillary meristem	phrase	axillary meristem	1	409	25	21633	2.1156968215158924	0.37963681334837274	1.0	-0.42063168070506063	0.0	False		False		axillary meristem		AT3G60630	HAM2
p:diphospho sugar	phrase	diphospho sugar	1	409	25	21633	2.1156968215158924	0.37963681334837274	1.0	-0.42063168070506063	0.0	False		False		diphospho sugar		AT1G80290	AT1G80290
p:effector triggered	phrase	effector triggered	1	409	25	21633	2.1156968215158924	0.37963681334837274	1.0	-0.42063168070506063	0.0	False		False		effector triggered		AT3G23250	MYB15
p:macromolecule adaptor	phrase	macromolecule adaptor	1	409	25	21633	2.1156968215158924	0.37963681334837274	1.0	-0.42063168070506063	0.0	False		False		macromolecule adaptor		AT5G04670	EPCR2
p:nucleotide diphospho	phrase	nucleotide diphospho	1	409	25	21633	2.1156968215158924	0.37963681334837274	1.0	-0.42063168070506063	0.0	False		False		nucleotide diphospho		AT1G80290	AT1G80290
w:barley	word	barley	1	409	25	21633	2.1156968215158924	0.37963681334837274	1.0	-0.42063168070506063	0.0	False		False		barley		AT1G11000	MLO4
w:begin	word	begin	1	409	25	21633	2.1156968215158924	0.37963681334837274	1.0	-0.42063168070506063	0.0	False		False		begin		AT4G30290	XTH19
w:commitment	word	commitment	1	409	25	21633	2.1156968215158924	0.37963681334837274	1.0	-0.42063168070506063	0.0	False		False		commitment		AT4G13195	CLE44
w:desaturation	word	desaturation	1	409	25	21633	2.1156968215158924	0.37963681334837274	1.0	-0.42063168070506063	0.0	False		False		desaturation		AT1G06080	ADS1
w:determinacy	word	determinacy	1	409	25	21633	2.1156968215158924	0.37963681334837274	1.0	-0.42063168070506063	0.0	False		False		determinacy		AT4G17460	HAT1
w:digalactosyldiacylglycerol	word	digalactosyldiacylglycerol	1	409	25	21633	2.1156968215158924	0.37963681334837274	1.0	-0.42063168070506063	0.0	False		False		digalactosyldiacylglycerol		AT1G02660	PLIP2
w:dihydroflavonol	word	dihydroflavonol	1	409	25	21633	2.1156968215158924	0.37963681334837274	1.0	-0.42063168070506063	0.0	False		False		dihydroflavonol		AT5G19440	AT5G19440
w:diminished	word	diminished	1	409	25	21633	2.1156968215158924	0.37963681334837274	1.0	-0.42063168070506063	0.0	False		False		diminished		AT1G35140	PHI-1
w:drosophila	word	drosophila	1	409	25	21633	2.1156968215158924	0.37963681334837274	1.0	-0.42063168070506063	0.0	False		False		drosophila		AT5G52910	ATIM
w:dsbs	word	dsbs	1	409	25	21633	2.1156968215158924	0.37963681334837274	1.0	-0.42063168070506063	0.0	False		False		dsbs		AT5G15920	SMC5
w:gef	word	gef	1	409	25	21633	2.1156968215158924	0.37963681334837274	1.0	-0.42063168070506063	0.0	False		False		gef		AT1G73590	PIN1
w:glycerolipid	word	glycerolipid	1	409	25	21633	2.1156968215158924	0.37963681334837274	1.0	-0.42063168070506063	0.0	False		False		glycerolipid		AT1G02660	PLIP2
w:maturity	word	maturity	1	409	25	21633	2.1156968215158924	0.37963681334837274	1.0	-0.42063168070506063	0.0	False		False		maturity		AT3G62720	XT1
w:methyladenosine	word	methyladenosine	1	409	25	21633	2.1156968215158924	0.37963681334837274	1.0	-0.42063168070506063	0.0	False		False		methyladenosine		AT1G55500	ECT4
w:photoreceptor	word	photoreceptor	1	409	25	21633	2.1156968215158924	0.37963681334837274	1.0	-0.42063168070506063	0.0	False		False		photoreceptor		AT2G26710	BAS1
w:recombinant	word	recombinant	1	409	25	21633	2.1156968215158924	0.37963681334837274	1.0	-0.42063168070506063	0.0	False		False		recombinant		AT4G24570	DIC2
w:tested	word	tested	1	409	25	21633	2.1156968215158924	0.37963681334837274	1.0	-0.42063168070506063	0.0	False		False		tested		AT1G74660	MIF1
w:accumulate	word	accumulate	5	409	214	21633	1.235804218175171	0.3802442807067696	1.0	-0.4199373094936891	0.0	True		False		accumulate		AT3G50660, AT3G62100, AT4G39400, AT5G24270, AT5G54510	DWF4, IAA30, BRI1, SOS3, DFL1
w:heterodimerization	word	heterodimerization	3	409	117	21633	1.3562159112281362	0.38119057805143264	1.0	-0.4188578424273136	0.0	True		False		heterodimerization		AT2G42430, AT2G45420, AT4G39400	LBD16, LBD18, BRI1
k:Translocation	keyword	Translocation	2	409	70	21633	1.5112120153684947	0.38271853439444625	1.0	-0.4171205051381309	0.0	True		False		Translocation		AT2G30060, AT3G16310	RANBP1B, NUP35
w:apex	word	apex	2	409	70	21633	1.5112120153684947	0.38271853439444625	1.0	-0.4171205051381309	0.0	True		False		apex		AT2G21050, AT3G10870	LAX2, MES17
w:origin	word	origin	2	409	70	21633	1.5112120153684947	0.38271853439444625	1.0	-0.4171205051381309	0.0	True		False		origin		AT1G80840, AT3G50930	WRKY40, BCS1
w:consist	word	consist	3	409	118	21633	1.3447225560482365	0.386312200395059	1.0	-0.41306157588163206	0.0	True		False		consist		AT3G28180, AT4G17350, AT4G31590	CSLC04, FL5, CSLC5
w:suppression	word	suppression	3	409	118	21633	1.3447225560482365	0.386312200395059	1.0	-0.41306157588163206	0.0	True		False		suppression		AT5G03730, AT5G24270, AT5G45340	CTR1, SOS3, CYP707A3
p:circadian clock	phrase	circadian clock	2	409	71	21633	1.4899273390956989	0.38943525145006913	1.0	-0.4095647389553829	0.0	True		False		circadian clock		AT4G25420, AT5G51810	GA20OX1, GA20OX2
w:adjacent	word	adjacent	2	409	71	21633	1.4899273390956989	0.38943525145006913	1.0	-0.4095647389553829	0.0	True		False		adjacent		AT3G25710, AT4G13195	BHLH32, CLE44
w:fungi	word	fungi	2	409	71	21633	1.4899273390956989	0.38943525145006913	1.0	-0.4095647389553829	0.0	True		False		fungi		AT2G26070, AT5G06860	RTE1, PGIP1
w:natural	word	natural	2	409	71	21633	1.4899273390956989	0.38943525145006913	1.0	-0.4095647389553829	0.0	True		False		natural		AT1G61820, AT2G23150	BGLU46, NRAMP3
p:non‑coding rnas	phrase	non-coding rnas	1	409	26	21633	2.0343238668422043	0.39137915615383895	1.0	-0.4074023074680483	0.0	False		False		non-coding rnas		AT1G55500	ECT4
w:curly	word	curly	1	409	26	21633	2.0343238668422043	0.39137915615383895	1.0	-0.4074023074680483	0.0	False		False		curly		AT5G65640	bHLH093
w:define	word	define	1	409	26	21633	2.0343238668422043	0.39137915615383895	1.0	-0.4074023074680483	0.0	False		False		define		AT5G19530	ACL5
w:diphospho	word	diphospho	1	409	26	21633	2.0343238668422043	0.39137915615383895	1.0	-0.4074023074680483	0.0	False		False		diphospho		AT1G80290	AT1G80290
w:duplicated	word	duplicated	1	409	26	21633	2.0343238668422043	0.39137915615383895	1.0	-0.4074023074680483	0.0	False		False		duplicated		AT1G77000	SKP2B
w:feature	word	feature	1	409	26	21633	2.0343238668422043	0.39137915615383895	1.0	-0.4074023074680483	0.0	False		False		feature		AT1G17060	CYP72C1
w:multifunctional	word	multifunctional	1	409	26	21633	2.0343238668422043	0.39137915615383895	1.0	-0.4074023074680483	0.0	False		False		multifunctional		AT1G78970	LUP1
w:nat	word	nat	1	409	26	21633	2.0343238668422043	0.39137915615383895	1.0	-0.4074023074680483	0.0	False		False		nat		AT2G39030	NATA1
w:primordium	word	primordium	1	409	26	21633	2.0343238668422043	0.39137915615383895	1.0	-0.4074023074680483	0.0	False		False		primordium		AT1G73590	PIN1
w:strict	word	strict	1	409	26	21633	2.0343238668422043	0.39137915615383895	1.0	-0.4074023074680483	0.0	False		False		strict		AT4G39390	NST-K1
w:tree	word	tree	1	409	26	21633	2.0343238668422043	0.39137915615383895	1.0	-0.4074023074680483	0.0	False		False		tree		AT5G19440	AT5G19440
w:cap	word	cap	3	409	119	21633	1.333422366501613	0.39142381237150276	1.0	-0.40735275745427757	0.0	True		False		cap		AT2G21050, AT2G28350, AT4G30080	LAX2, ARF10, ARF16
w:produced	word	produced	4	409	168	21633	1.2593433461404122	0.39269894719255205	1.0	-0.40594026305114544	0.0	True		False		produced		AT1G27730, AT5G06860, AT5G45340, AT5G67060	STZ, PGIP1, CYP707A3, HEC1
w:activating	word	activating	5	409	218	21633	1.213128911419663	0.3952227573458534	1.0	-0.40315805622718937	0.0	True		False		activating		AT1G05010, AT3G01970, AT4G12720, AT5G12050, AT5G46750	EFE, WRKY45, NUDT7, BG1, AGD9
w:alteration	word	alteration	2	409	72	21633	1.469233903830481	0.3961193270070207	1.0	-0.40217396747267853	0.0	True		False		alteration		AT3G59900, AT5G67060	ARGOS, HEC1
w:transient	word	transient	2	409	73	21633	1.4491074119971865	0.40276959426179115	1.0	-0.39494332248471803	0.0	True		False		transient		AT2G23150, AT5G04190	NRAMP3, PKS4
p:adenine thymine	phrase	adenine thymine	1	409	27	21633	1.9589785384406413	0.40289977100703855	1.0	-0.3948029794480774	0.0	False		False		adenine thymine		AT3G04570	AHL19
p:attachment region	phrase	attachment region	1	409	27	21633	1.9589785384406413	0.40289977100703855	1.0	-0.3948029794480774	0.0	False		False		attachment region		AT3G04570	AHL19
p:diester hydrolase	phrase	diester hydrolase	1	409	27	21633	1.9589785384406413	0.40289977100703855	1.0	-0.3948029794480774	0.0	False		False		diester hydrolase		AT1G49740	AT1G49740
p:nucleoside diphosphate	phrase	nucleoside diphosphate	1	409	27	21633	1.9589785384406413	0.40289977100703855	1.0	-0.3948029794480774	0.0	False		False		nucleoside diphosphate		AT4G12720	NUDT7
p:nudix hydrolase	phrase	nudix hydrolase	1	409	27	21633	1.9589785384406413	0.40289977100703855	1.0	-0.3948029794480774	0.0	False		False		nudix hydrolase		AT4G12720	NUDT7
p:phosphoric diester	phrase	phosphoric diester	1	409	27	21633	1.9589785384406413	0.40289977100703855	1.0	-0.3948029794480774	0.0	False		False		phosphoric diester		AT1G49740	AT1G49740
p:thymine rich	phrase	thymine rich	1	409	27	21633	1.9589785384406413	0.40289977100703855	1.0	-0.3948029794480774	0.0	False		False		thymine rich		AT3G04570	AHL19
w:anisotropic	word	anisotropic	1	409	27	21633	1.9589785384406413	0.40289977100703855	1.0	-0.3948029794480774	0.0	False		False		anisotropic		AT1G11000	MLO4
w:beyond	word	beyond	1	409	27	21633	1.9589785384406413	0.40289977100703855	1.0	-0.3948029794480774	0.0	False		False		beyond		AT2G23150	NRAMP3
w:colocalize	word	colocalize	1	409	27	21633	1.9589785384406413	0.40289977100703855	1.0	-0.3948029794480774	0.0	False		False		colocalize		AT3G23050	IAA7
w:degrading	word	degrading	1	409	27	21633	1.9589785384406413	0.40289977100703855	1.0	-0.3948029794480774	0.0	False		False		degrading		AT5G06860	PGIP1
w:diester	word	diester	1	409	27	21633	1.9589785384406413	0.40289977100703855	1.0	-0.3948029794480774	0.0	False		False		diester		AT1G49740	AT1G49740
w:egg	word	egg	1	409	27	21633	1.9589785384406413	0.40289977100703855	1.0	-0.3948029794480774	0.0	False		False		egg		AT4G17490	ERF6
w:mammal	word	mammal	1	409	27	21633	1.9589785384406413	0.40289977100703855	1.0	-0.3948029794480774	0.0	False		False		mammal		AT1G06080	ADS1
w:mars	word	mars	1	409	27	21633	1.9589785384406413	0.40289977100703855	1.0	-0.3948029794480774	0.0	False		False		mars		AT3G04570	AHL19
w:nudix	word	nudix	1	409	27	21633	1.9589785384406413	0.40289977100703855	1.0	-0.3948029794480774	0.0	False		False		nudix		AT4G12720	NUDT7
w:oxaloacetate	word	oxaloacetate	1	409	27	21633	1.9589785384406413	0.40289977100703855	1.0	-0.3948029794480774	0.0	False		False		oxaloacetate		AT4G24570	DIC2
w:polarization	word	polarization	1	409	27	21633	1.9589785384406413	0.40289977100703855	1.0	-0.3948029794480774	0.0	False		False		polarization		AT4G37590	NPY5
w:statistically	word	statistically	1	409	27	21633	1.9589785384406413	0.40289977100703855	1.0	-0.3948029794480774	0.0	False		False		statistically		AT1G70940	PIN3
k:Zinc-finger	keyword	Zinc-finger	23	409	1140	21633	1.0671277827821388	0.40435010660108717	1.0	-0.3932424380578591	0.0	True		False		Zinc-finger		AT1G27730, AT1G34370, AT1G63840, AT1G65920, AT1G67340, AT1G74660, AT2G34140, AT2G40140, AT3G06410, AT3G12920, AT3G60530, AT3G61460, AT4G02220, AT4G12040, AT4G22820, AT4G37890, AT5G04340, AT5G26930, AT5G41400, AT5G44260, AT5G46750, AT5G50570, AT5G59820	STZ, STOP1, AT1G63840, PRAF1, AT1G67340, MIF1, CDF4, CZF1, AtC3H34, BRG3, GATA4, BRH1, PDCD2, SAP7, SAP9, EDA40, ZAT6, GATA23, MYC6.11, TZF5, AGD9, SPL13A, RHL41
w:metal	word	metal	9	409	422	21633	1.1280374048366726	0.40435193292297944	1.0	-0.39324047649109845	0.0	True		False		metal		AT1G52200, AT2G23150, AT2G40140, AT3G06410, AT3G24450, AT3G48970, AT4G38580, AT5G37770, AT5G44260	PCR8, NRAMP3, CZF1, AtC3H34, AtHMP27, HIPP31, FP6, TCH2, TZF5
p:floral organ	phrase	floral organ	4	409	171	21633	1.2372496032256681	0.40549341458287524	1.0	-0.39201619455650505	0.0	True		False		floral organ		AT1G55500, AT3G14380, AT4G28490, AT5G37770	ECT4, CASPL2A2, HAE, TCH2
w:induce	word	induce	4	409	171	21633	1.2372496032256681	0.40549341458287524	1.0	-0.39201619455650505	0.0	True		False		induce		AT1G53840, AT3G23050, AT4G08950, AT5G64900	PME1, IAA7, EXO, PROPEP1
p:beta glucosidase	phrase	beta glucosidase	2	409	74	21633	1.42952487940263	0.4093849419584843	1.0	-0.3878681356466632	0.0	True		False		beta glucosidase		AT1G60260, AT1G61820	BGLU5, BGLU46
p:molecular pattern	phrase	molecular pattern	2	409	74	21633	1.42952487940263	0.4093849419584843	1.0	-0.3878681356466632	0.0	True		False		molecular pattern		AT1G73080, AT2G35930	PEPR1, PUB23
w:capacity	word	capacity	2	409	74	21633	1.42952487940263	0.4093849419584843	1.0	-0.3878681356466632	0.0	True		False		capacity		AT4G13195, AT5G45280	CLE44, PAE11
w:dwarfed	word	dwarfed	2	409	74	21633	1.42952487940263	0.4093849419584843	1.0	-0.3878681356466632	0.0	True		False		dwarfed		AT1G04240, AT4G39400	SHY2, BRI1
p:stomatal movement	phrase	stomatal movement	3	409	123	21633	1.2900590375096905	0.4117559306711821	1.0	-0.3853601368109847	0.0	True		False		stomatal movement		AT3G49220, AT4G17615, AT4G26080	PME34, CBL1, ABI1
k:S-nitrosylation	keyword	S-nitrosylation	1	409	28	21633	1.889015019210618	0.41420283467722824	1.0	-0.38278693325409296	0.0	False		False		S-nitrosylation		AT1G23730	BCA3
k:Transducer	keyword	Transducer	1	409	28	21633	1.889015019210618	0.41420283467722824	1.0	-0.38278693325409296	0.0	False		False		Transducer		AT1G49740	AT1G49740
p:matrix attachment	phrase	matrix attachment	1	409	28	21633	1.889015019210618	0.41420283467722824	1.0	-0.38278693325409296	0.0	False		False		matrix attachment		AT3G04570	AHL19
p:phototropic responsive	phrase	phototropic responsive	1	409	28	21633	1.889015019210618	0.41420283467722824	1.0	-0.38278693325409296	0.0	False		False		phototropic responsive		AT4G37590	NPY5
p:subcellular localization	phrase	subcellular localization	1	409	28	21633	1.889015019210618	0.41420283467722824	1.0	-0.38278693325409296	0.0	False		False		subcellular localization		AT5G01840	OFP1
w:bioactive	word	bioactive	1	409	28	21633	1.889015019210618	0.41420283467722824	1.0	-0.38278693325409296	0.0	False		False		bioactive		AT4G37295	PIPL3
w:columbia	word	columbia	1	409	28	21633	1.889015019210618	0.41420283467722824	1.0	-0.38278693325409296	0.0	False		False		columbia		AT4G38850	SAUR15
w:differential	word	differential	1	409	28	21633	1.889015019210618	0.41420283467722824	1.0	-0.38278693325409296	0.0	False		False		differential		AT1G70940	PIN3
w:elongase	word	elongase	1	409	28	21633	1.889015019210618	0.41420283467722824	1.0	-0.38278693325409296	0.0	False		False		elongase		AT1G19440	KCS4
w:groove	word	groove	1	409	28	21633	1.889015019210618	0.41420283467722824	1.0	-0.38278693325409296	0.0	False		False		groove		AT3G04570	AHL19
w:mannan	word	mannan	1	409	28	21633	1.889015019210618	0.41420283467722824	1.0	-0.38278693325409296	0.0	False		False		mannan		AT5G66460	MAN7
w:mutated	word	mutated	1	409	28	21633	1.889015019210618	0.41420283467722824	1.0	-0.38278693325409296	0.0	False		False		mutated		AT1G34370	STOP1
w:phenotypically	word	phenotypically	1	409	28	21633	1.889015019210618	0.41420283467722824	1.0	-0.38278693325409296	0.0	False		False		phenotypically		AT3G10870	MES17
w:preferred	word	preferred	1	409	28	21633	1.889015019210618	0.41420283467722824	1.0	-0.38278693325409296	0.0	False		False		preferred		AT4G12110	SMO1-1
w:prone	word	prone	1	409	28	21633	1.889015019210618	0.41420283467722824	1.0	-0.38278693325409296	0.0	False		False		prone		AT3G60630	HAM2
w:reversibly	word	reversibly	1	409	28	21633	1.889015019210618	0.41420283467722824	1.0	-0.38278693325409296	0.0	False		False		reversibly		AT1G53840	PME1
w:smb	word	smb	1	409	28	21633	1.889015019210618	0.41420283467722824	1.0	-0.38278693325409296	0.0	False		False		smb		AT4G28490	HAE
w:stereospecific	word	stereospecific	1	409	28	21633	1.889015019210618	0.41420283467722824	1.0	-0.38278693325409296	0.0	False		False		stereospecific		AT2G22830	SQE2
w:thymine	word	thymine	1	409	28	21633	1.889015019210618	0.41420283467722824	1.0	-0.38278693325409296	0.0	False		False		thymine		AT3G04570	AHL19
w:exonuclease	word	exonuclease	2	409	75	21633	1.4104645476772615	0.4159643127145898	1.0	-0.3809439276808563	0.0	True		False		exonuclease		AT3G44260, AT5G22250	CAF1a, CAF1b
w:nomenclature	word	nomenclature	2	409	75	21633	1.4104645476772615	0.4159643127145898	1.0	-0.3809439276808563	0.0	True		False		nomenclature		AT1G29510, AT3G25780	SAUR68, AOC3
w:surface	word	surface	6	409	274	21633	1.158228186961255	0.4161244536451992	1.0	-0.3807767620462247	0.0	True		False		surface		AT1G11000, AT1G70940, AT1G79700, AT3G60260, AT3G60630, AT4G37590	MLO4, PIN3, WRI4, ELMOD_A, HAM2, NPY5
p:salicylic acid	phrase	salicylic acid	7	409	325	21633	1.1392213654316343	0.4172707523036842	1.0	-0.37958205515953863	0.0	True		False		salicylic acid		AT1G44830, AT1G80840, AT2G28400, AT3G02885, AT3G50930, AT5G13330, AT5G65300	ERF014, WRKY40, S40-4, GASA5, BCS1, Rap2.6L, SUPA
p:amino acid	phrase	amino acid	10	409	478	21633	1.1065359945166802	0.4175595565358868	1.0	-0.3792815723235147	0.0	True		False		amino acid		AT1G59500, AT2G14960, AT2G21050, AT2G23170, AT3G13380, AT4G13195, AT4G22780, AT4G27260, AT5G07440, AT5G54510	GH3.4, GH3.1, LAX2, GH3.3, BRL3, CLE44, ACR7, WES1, GDH2, DFL1
w:incorporation	word	incorporation	5	409	224	21633	1.1806343870066365	0.41762515487457047	1.0	-0.3792133502974606	0.0	True		False		incorporation		AT1G17060, AT2G26710, AT3G50660, AT5G09970, AT5G45340	CYP72C1, BAS1, DWF4, CYP78A7, CYP707A3
p:glycosyl hydrolase	phrase	glycosyl hydrolase	8	409	376	21633	1.1253706497424958	0.41775464363655157	1.0	-0.37907871391925874	0.0	True		False		glycosyl hydrolase		AT1G10550, AT1G60260, AT1G61820, AT4G25810, AT4G30280, AT4G30290, AT5G57560, AT5G66460	XTH33, BGLU5, BGLU46, XTR6, XTH18, XTH19, TCH4, MAN7
w:proton	word	proton	7	409	326	21633	1.135726821365893	0.42035432417726637	1.0	-0.37638448064442454	0.0	True		False		proton		AT1G29440, AT1G34370, AT1G59740, AT2G21050, AT4G24570, AT5G01180, AT5G06860	SAUR63, STOP1, NPF4.3, LAX2, DIC2, PTR5, PGIP1
w:salicylic	word	salicylic	7	409	326	21633	1.135726821365893	0.42035432417726637	1.0	-0.37638448064442454	0.0	True		False		salicylic		AT1G44830, AT1G80840, AT2G28400, AT3G02885, AT3G50930, AT5G13330, AT5G65300	ERF014, WRKY40, S40-4, GASA5, BCS1, Rap2.6L, SUPA
w:zinc	word	zinc	25	409	1254	21633	1.0544740936582397	0.4213353599166624	1.0	-0.37537209185278936	0.0	True		False		zinc		AT1G22440, AT1G23730, AT1G27730, AT1G28400, AT1G34370, AT1G65920, AT1G67340, AT1G74660, AT2G23150, AT2G34140, AT2G40140, AT3G06410, AT3G25900, AT3G60520, AT3G60530, AT3G61460, AT4G02220, AT4G12040, AT4G22820, AT4G37890, AT5G04340, AT5G07440, AT5G26930, AT5G44260, AT5G59820	AT1G22440, BCA3, STZ, AT1G28400, STOP1, PRAF1, AT1G67340, MIF1, NRAMP3, CDF4, CZF1, AtC3H34, HMT-1, AT3G60520, GATA4, BRH1, PDCD2, SAP7, SAP9, EDA40, ZAT6, GDH2, GATA23, TZF5, RHL41
w:degradation	word	degradation	18	409	892	21633	1.0673358404508426	0.422463886539975	1.0	-0.3742104099018491	0.0	True		False		degradation		AT1G25280, AT1G67340, AT1G77000, AT1G78100, AT2G18980, AT3G02070, AT3G23050, AT3G25900, AT3G56170, AT3G63440, AT4G22820, AT4G26080, AT4G37590, AT4G39400, AT5G14130, AT5G39580, AT5G45340, AT5G64100	TLP10, AT1G67340, SKP2B, AUF1, PER16, OTU12, IAA7, HMT-1, CAN, CKX6, SAP9, ABI1, NPY5, BRI1, PER55, PER62, CYP707A3, PER69
w:transferring	word	transferring	4	409	175	21633	1.2089696122947957	0.422470216118785	1.0	-0.37420390311950635	0.0	True		False		transferring		AT1G19440, AT2G39030, AT2G40940, AT5G01210	KCS4, NATA1, ERS1, AT5G01210
w:dephosphorylation	word	dephosphorylation	2	409	76	21633	1.3919058036288765	0.4225067013899413	1.0	-0.37416639830342097	0.0	True		False		dephosphorylation		AT1G22280, AT4G26080	PAPP2C, ABI1
w:affect	word	affect	6	409	276	21633	1.1498352290847242	0.422840598189955	1.0	-0.37382332145113983	0.0	True		False		affect		AT1G21980, AT1G73590, AT2G42430, AT5G01840, AT5G50570, AT5G67060	PIP5K1, PIN1, LBD16, OFP1, SPL13A, HEC1
p:metal ion	phrase	metal ion	7	409	327	21633	1.1322536506583523	0.4234364443175987	1.0	-0.37321176586103993	0.0	True		False		metal ion		AT2G23150, AT2G40140, AT3G06410, AT3G48970, AT4G38580, AT5G37770, AT5G44260	NRAMP3, CZF1, AtC3H34, HIPP31, FP6, TCH2, TZF5
k:Sterol biosynthesis	keyword	Sterol biosynthesis	1	409	29	21633	1.8238765702723212	0.4252924454440425	1.0	-0.3713123316784175	0.0	False		False		Sterol biosynthesis		AT4G12110	SMO1-1
p:white brown	phrase	white brown	1	409	29	21633	1.8238765702723212	0.4252924454440425	1.0	-0.3713123316784175	0.0	False		False		white brown		AT2G39350	ABCG1
w:ceramide	word	ceramide	1	409	29	21633	1.8238765702723212	0.4252924454440425	1.0	-0.3713123316784175	0.0	False		False		ceramide		AT5G03730	CTR1
w:dimethyl	word	dimethyl	1	409	29	21633	1.8238765702723212	0.4252924454440425	1.0	-0.3713123316784175	0.0	False		False		dimethyl		AT4G12110	SMO1-1
w:distributed	word	distributed	1	409	29	21633	1.8238765702723212	0.4252924454440425	1.0	-0.3713123316784175	0.0	False		False		distributed		AT2G26070	RTE1
w:effective	word	effective	1	409	29	21633	1.8238765702723212	0.4252924454440425	1.0	-0.3713123316784175	0.0	False		False		effective		AT2G39350	ABCG1
w:homodimer	word	homodimer	1	409	29	21633	1.8238765702723212	0.4252924454440425	1.0	-0.3713123316784175	0.0	False		False		homodimer		AT1G74660	MIF1
w:lamina	word	lamina	1	409	29	21633	1.8238765702723212	0.4252924454440425	1.0	-0.3713123316784175	0.0	False		False		lamina		AT4G39400	BRI1
w:lignan	word	lignan	1	409	29	21633	1.8238765702723212	0.4252924454440425	1.0	-0.3713123316784175	0.0	False		False		lignan		AT1G19540	AT1G19540
w:pointed	word	pointed	1	409	29	21633	1.8238765702723212	0.4252924454440425	1.0	-0.3713123316784175	0.0	False		False		pointed		AT4G02220	PDCD2
w:pre	word	pre	1	409	29	21633	1.8238765702723212	0.4252924454440425	1.0	-0.3713123316784175	0.0	False		False		pre		AT1G18850	PCP2
w:pre‑rrna	word	pre-rrna	1	409	29	21633	1.8238765702723212	0.4252924454440425	1.0	-0.3713123316784175	0.0	False		False		pre-rrna		AT1G18850	PCP2
w:pro	word	pro	1	409	29	21633	1.8238765702723212	0.4252924454440425	1.0	-0.3713123316784175	0.0	False		False		pro		AT4G26080	ABI1
w:processome	word	processome	1	409	29	21633	1.8238765702723212	0.4252924454440425	1.0	-0.3713123316784175	0.0	False		False		processome		AT4G22380	AT4G22380
w:trait	word	trait	1	409	29	21633	1.8238765702723212	0.4252924454440425	1.0	-0.3713123316784175	0.0	False		False		trait		AT4G39400	BRI1
w:heavy	word	heavy	4	409	176	21633	1.2021004667703934	0.4266968200107085	1.0	-0.36988059374005045	0.0	True		False		heavy		AT1G52200, AT3G24450, AT3G48970, AT4G38580	PCR8, AtHMP27, HIPP31, FP6
w:derivative	word	derivative	3	409	126	21633	1.259343346140412	0.4268661175411732	1.0	-0.3697083159125813	0.0	True		False		derivative		AT1G30760, AT3G63440, AT4G12720	AtBBE-like 13, CKX6, NUDT7
w:insertion	word	insertion	3	409	126	21633	1.259343346140412	0.4268661175411732	1.0	-0.3697083159125813	0.0	True		False		insertion		AT2G14960, AT4G27260, AT5G65300	GH3.1, WES1, SUPA
k:S-adenosyl-L-methionine	keyword	S-adenosyl-L-methionine	5	409	227	21633	1.1650312893809982	0.42877863036938746	1.0	-0.3677668673076355	0.0	True		False		S-adenosyl-L-methionine		AT2G22810, AT3G02320, AT3G25900, AT4G11280, AT4G37770	ACS4, AtTRM1a, HMT-1, ACS6, ACS8
k:tRNA processing	keyword	tRNA processing	2	409	77	21633	1.3738291048804496	0.4290111534978477	1.0	-0.36753141681387164	0.0	True		False		tRNA processing		AT3G02320, AT3G49640	AtTRM1a, AT3G49640
w:aspartyl	word	aspartyl	2	409	77	21633	1.3738291048804496	0.4290111534978477	1.0	-0.36753141681387164	0.0	True		False		aspartyl		AT3G59080, AT5G37540	AT3G59080, MPA22.8
w:pair	word	pair	2	409	77	21633	1.3738291048804496	0.4290111534978477	1.0	-0.36753141681387164	0.0	True		False		pair		AT1G06080, AT4G13195	ADS1, CLE44
p:secretory vesicle	phrase	secretory vesicle	3	409	127	21633	1.2494272568007239	0.4318729961660089	1.0	-0.3646439503464185	0.0	True		False		secretory vesicle		AT1G30720, AT5G06860, AT5G57560	AtBBE10, PGIP1, TCH4
p:elongated hypocotyl	phrase	elongated hypocotyl	1	409	30	21633	1.763080684596577	0.436172624568898	1.0	-0.36034159545551464	0.0	False		False		elongated hypocotyl		AT5G48150	PAT1
p:eye pigment	phrase	eye pigment	1	409	30	21633	1.763080684596577	0.436172624568898	1.0	-0.36034159545551464	0.0	False		False		eye pigment		AT2G39350	ABCG1
p:precursor importer	phrase	precursor importer	1	409	30	21633	1.763080684596577	0.436172624568898	1.0	-0.36034159545551464	0.0	False		False		precursor importer		AT2G39350	ABCG1
w:accompanied	word	accompanied	1	409	30	21633	1.763080684596577	0.436172624568898	1.0	-0.36034159545551464	0.0	False		False		accompanied		AT2G44830	PAX
w:air	word	air	1	409	30	21633	1.763080684596577	0.436172624568898	1.0	-0.36034159545551464	0.0	False		False		air		AT5G03730	CTR1
w:decreasing	word	decreasing	1	409	30	21633	1.763080684596577	0.436172624568898	1.0	-0.36034159545551464	0.0	False		False		decreasing		AT5G45280	PAE11
w:eye	word	eye	1	409	30	21633	1.763080684596577	0.436172624568898	1.0	-0.36034159545551464	0.0	False		False		eye		AT2G39350	ABCG1
w:furthermore	word	furthermore	1	409	30	21633	1.763080684596577	0.436172624568898	1.0	-0.36034159545551464	0.0	False		False		furthermore		AT1G74660	MIF1
w:giving	word	giving	1	409	30	21633	1.763080684596577	0.436172624568898	1.0	-0.36034159545551464	0.0	False		False		giving		AT4G39400	BRI1
w:glycerophospholipase	word	glycerophospholipase	1	409	30	21633	1.763080684596577	0.436172624568898	1.0	-0.36034159545551464	0.0	False		False		glycerophospholipase		AT4G24160	AT4G24160
w:heterotrimeric	word	heterotrimeric	1	409	30	21633	1.763080684596577	0.436172624568898	1.0	-0.36034159545551464	0.0	False		False		heterotrimeric		AT1G11000	MLO4
w:ketoacyl	word	ketoacyl	1	409	30	21633	1.763080684596577	0.436172624568898	1.0	-0.36034159545551464	0.0	False		False		ketoacyl		AT1G19440	KCS4
w:spermidine	word	spermidine	1	409	30	21633	1.763080684596577	0.436172624568898	1.0	-0.36034159545551464	0.0	False		False		spermidine		AT5G19530	ACL5
w:surrounding	word	surrounding	1	409	30	21633	1.763080684596577	0.436172624568898	1.0	-0.36034159545551464	0.0	False		False		surrounding		AT2G01420	PIN4
w:triglyceride	word	triglyceride	1	409	30	21633	1.763080684596577	0.436172624568898	1.0	-0.36034159545551464	0.0	False		False		triglyceride		AT4G24160	AT4G24160
p:double stranded	phrase	double stranded	3	409	128	21633	1.2396661063569683	0.4368639503744979	1.0	-0.3596537914071137	0.0	True		False		double stranded		AT3G56170, AT5G01840, AT5G15920	CAN, OFP1, SMC5
p:carbohydrate metabolic	phrase	carbohydrate metabolic	7	409	332	21633	1.1152016378472323	0.4388190617977731	1.0	-0.35771451543237076	0.0	True		False		carbohydrate metabolic		AT1G10550, AT1G60260, AT1G61820, AT4G25810, AT4G30280, AT4G30290, AT5G57560	XTH33, BGLU5, BGLU46, XTR6, XTH18, XTH19, TCH4
w:use	word	use	4	409	179	21633	1.1819535315731244	0.439327832107238	1.0	-0.3572112826265315	0.0	True		False		use		AT3G50660, AT3G62720, AT4G12720, AT4G24160	DWF4, XT1, NUDT7, AT4G24160
p:transmembrane transporter	phrase	transmembrane transporter	14	409	694	21633	1.0669940742515307	0.4405535573331932	1.0	-0.35600128761425787	0.0	True		False		transmembrane transporter		AT1G08430, AT1G23080, AT1G58340, AT1G59740, AT1G70940, AT1G73590, AT2G01420, AT2G23150, AT2G30070, AT2G37330, AT4G24570, AT4G30420, AT4G39390, AT5G01180	ALMT1, PIN7, ZF14, NPF4.3, PIN3, PIN1, PIN4, NRAMP3, KT1, ALS3, DIC2, UMAMIT34, NST-K1, PTR5
k:Zinc	keyword	Zinc	30	409	1527	21633	1.0391438219626192	0.44068060911374046	1.0	-0.3558760589527037	0.0	True		False		Zinc		AT1G22440, AT1G23730, AT1G27730, AT1G34370, AT1G63840, AT1G65920, AT1G67340, AT1G74660, AT2G34140, AT2G38470, AT2G40140, AT3G01970, AT3G02320, AT3G06410, AT3G12920, AT3G25900, AT3G60530, AT3G61460, AT4G02220, AT4G12040, AT4G22820, AT4G37890, AT5G04340, AT5G13190, AT5G26930, AT5G41400, AT5G44260, AT5G46750, AT5G50570, AT5G59820	AT1G22440, BCA3, STZ, STOP1, AT1G63840, PRAF1, AT1G67340, MIF1, CDF4, WRKY33, CZF1, WRKY45, AtTRM1a, AtC3H34, BRG3, HMT-1, GATA4, BRH1, PDCD2, SAP7, SAP9, EDA40, ZAT6, GILP, GATA23, MYC6.11, TZF5, AGD9, SPL13A, RHL41
k:Copper	keyword	Copper	2	409	79	21633	1.33904862121259	0.4419026740858531	1.0	-0.3546733703833588	0.0	True		False		Copper		AT1G04310, AT2G40940	ERS2, ERS1
w:corresponding	word	corresponding	2	409	79	21633	1.33904862121259	0.4419026740858531	1.0	-0.3546733703833588	0.0	True		False		corresponding		AT1G30760, AT1G35140	AtBBE-like 13, PHI-1
w:xenobiotic	word	xenobiotic	2	409	79	21633	1.33904862121259	0.4419026740858531	1.0	-0.3546733703833588	0.0	True		False		xenobiotic		AT1G58340, AT4G15550	ZF14, IAGLU
w:xylan	word	xylan	2	409	79	21633	1.33904862121259	0.4419026740858531	1.0	-0.3546733703833588	0.0	True		False		xylan		AT1G13250, AT3G28340	GATL3, GATL10
w:molecular	word	molecular	10	409	488	21633	1.0838610765962564	0.44296823519760886	1.0	-0.353627415476723	0.0	True		False		molecular		AT1G06080, AT1G17060, AT1G73080, AT2G26710, AT2G35930, AT2G44830, AT3G25780, AT3G50660, AT5G09970, AT5G45340	ADS1, CYP72C1, PEPR1, BAS1, PUB23, PAX, AOC3, DWF4, CYP78A7, CYP707A3
w:antiporter	word	antiporter	4	409	180	21633	1.1753871230643846	0.44352058775069303	1.0	-0.35308621587960914	0.0	True		False		antiporter		AT1G58340, AT4G39390, AT5G24270, AT5G66080	ZF14, NST-K1, SOS3, PP2C79
w:suppress	word	suppress	4	409	180	21633	1.1753871230643846	0.44352058775069303	1.0	-0.35308621587960914	0.0	True		False		suppress		AT4G28490, AT4G39400, AT5G01840, AT5G24270	HAE, BRI1, OFP1, SOS3
w:fail	word	fail	3	409	130	21633	1.2205943201053226	0.44679579883243814	1.0	-0.34989091915640086	0.0	True		False		fail		AT1G04310, AT1G19220, AT2G40940	ERS2, ARF19, ERS1
k:Sterol metabolism	keyword	Sterol metabolism	1	409	31	21633	1.7062071141257198	0.44684731773888936	1.0	-0.3498408446324766	0.0	False		False		Sterol metabolism		AT4G12110	SMO1-1
w:apoplastic	word	apoplastic	1	409	31	21633	1.7062071141257198	0.44684731773888936	1.0	-0.3498408446324766	0.0	False		False		apoplastic		AT2G38470	WRKY33
w:correlated	word	correlated	1	409	31	21633	1.7062071141257198	0.44684731773888936	1.0	-0.3498408446324766	0.0	False		False		correlated		AT2G41820	PXC3
w:fraction	word	fraction	1	409	31	21633	1.7062071141257198	0.44684731773888936	1.0	-0.3498408446324766	0.0	False		False		fraction		AT5G45280	PAE11
w:iba	word	iba	1	409	31	21633	1.7062071141257198	0.44684731773888936	1.0	-0.3498408446324766	0.0	False		False		iba		AT1G73590	PIN1
w:maybe	word	maybe	1	409	31	21633	1.7062071141257198	0.44684731773888936	1.0	-0.3498408446324766	0.0	False		False		maybe		AT4G30290	XTH19
w:permeability	word	permeability	1	409	31	21633	1.7062071141257198	0.44684731773888936	1.0	-0.3498408446324766	0.0	False		False		permeability		AT4G26080	ABI1
w:physical	word	physical	1	409	31	21633	1.7062071141257198	0.44684731773888936	1.0	-0.3498408446324766	0.0	False		False		physical		AT5G45280	PAE11
w:polycomb	word	polycomb	1	409	31	21633	1.7062071141257198	0.44684731773888936	1.0	-0.3498408446324766	0.0	False		False		polycomb		AT5G04670	EPCR2
w:sieve	word	sieve	1	409	31	21633	1.7062071141257198	0.44684731773888936	1.0	-0.3498408446324766	0.0	False		False		sieve		AT2G44830	PAX
w:tale	word	tale	1	409	31	21633	1.7062071141257198	0.44684731773888936	1.0	-0.3498408446324766	0.0	False		False		tale		AT5G01840	OFP1
w:trans‑acting	word	trans-acting	1	409	31	21633	1.7062071141257198	0.44684731773888936	1.0	-0.3498408446324766	0.0	False		False		trans-acting		AT5G50570	SPL13A
w:reductase	word	reductase	9	409	438	21633	1.08683055899789	0.4473510078255598	1.0	-0.3493515799087295	0.0	True		False		reductase		AT1G09940, AT3G26760, AT3G44540, AT4G03140, AT4G13180, AT4G24380, AT4G30470, AT5G19440, AT5G54500	HEMA2, AT3G26760, FAR4, AT4G03140, AT4G13180, AT4G24380, AT4G30470, AT5G19440, FQR1
p:functionally redundant	phrase	functionally redundant	2	409	80	21633	1.3223105134474327	0.4482880731304951	1.0	-0.34844281554535383	0.0	True		False		functionally redundant		AT1G19220, AT4G16515	ARF19, RGF6
w:epimerase	word	epimerase	2	409	80	21633	1.3223105134474327	0.4482880731304951	1.0	-0.34844281554535383	0.0	True		False		epimerase		AT2G45400, AT5G19440	BEN1, AT5G19440
w:trichome	word	trichome	6	409	284	21633	1.1174455043217741	0.4495844430444452	1.0	-0.34718872505653386	0.0	True		False		trichome		AT1G55500, AT1G73590, AT2G41100, AT4G39400, AT5G24270, AT5G37770	ECT4, PIN1, TCH3, BRI1, SOS3, TCH2
w:starvation	word	starvation	5	409	233	21633	1.1350304836458651	0.4509501669227583	1.0	-0.34587144798063263	0.0	True		False		starvation		AT1G35140, AT2G23150, AT3G25710, AT4G17615, AT5G24270	PHI-1, NRAMP3, BHLH32, CBL1, SOS3
w:redundantly	word	redundantly	6	409	285	21633	1.1135246429031014	0.4529102596633778	1.0	-0.3439878412408148	0.0	True		False		redundantly		AT1G63500, AT2G23150, AT2G41230, AT2G43060, AT4G25420, AT5G51810	BSK7, NRAMP3, ORS1, IBH1, GA20OX1, GA20OX2
w:exporter	word	exporter	2	409	81	21633	1.3059856922937607	0.4546321938384342	1.0	-0.34233981385668744	0.0	True		False		exporter		AT1G08430, AT4G30420	ALMT1, UMAMIT34
w:phosphatidylcholine	word	phosphatidylcholine	2	409	81	21633	1.3059856922937607	0.4546321938384342	1.0	-0.34233981385668744	0.0	True		False		phosphatidylcholine		AT1G02660, AT4G24160	PLIP2, AT4G24160
w:transcribed	word	transcribed	2	409	81	21633	1.3059856922937607	0.4546321938384342	1.0	-0.34233981385668744	0.0	True		False		transcribed		AT3G44260, AT5G22250	CAF1a, CAF1b
w:unable	word	unable	2	409	81	21633	1.3059856922937607	0.4546321938384342	1.0	-0.34233981385668744	0.0	True		False		unable		AT1G09250, AT5G24270	BHLH149, SOS3
w:nitrogen	word	nitrogen	4	409	183	21633	1.1561184817026733	0.4560407837425097	1.0	-0.3409963166287658	0.0	True		False		nitrogen		AT1G29510, AT4G20320, AT5G01180, AT5G07440	SAUR68, CTPS4, PTR5, GDH2
k:Chlorophyll biosynthesis	keyword	Chlorophyll biosynthesis	1	409	32	21633	1.652888141809291	0.4573203964836722	1.0	-0.33977942865918037	0.0	False		False		Chlorophyll biosynthesis		AT1G09940	HEMA2
k:Protease inhibitor	keyword	Protease inhibitor	1	409	32	21633	1.652888141809291	0.4573203964836722	1.0	-0.33977942865918037	0.0	False		False		Protease inhibitor		AT4G22470	DHYPRP1
p:dof zinc	phrase	dof zinc	1	409	32	21633	1.652888141809291	0.4573203964836722	1.0	-0.33977942865918037	0.0	False		False		dof zinc		AT2G34140	CDF4
p:histone deacetylation	phrase	histone deacetylation	1	409	32	21633	1.652888141809291	0.4573203964836722	1.0	-0.33977942865918037	0.0	False		False		histone deacetylation		AT5G04670	EPCR2
p:kanamycin resistant	phrase	kanamycin resistant	1	409	32	21633	1.652888141809291	0.4573203964836722	1.0	-0.33977942865918037	0.0	False		False		kanamycin resistant		AT1G04310	ERS2
p:phylogenetic analysis	phrase	phylogenetic analysis	1	409	32	21633	1.652888141809291	0.4573203964836722	1.0	-0.33977942865918037	0.0	False		False		phylogenetic analysis		AT1G11000	MLO4
p:tpt transporter	phrase	tpt transporter	1	409	32	21633	1.652888141809291	0.4573203964836722	1.0	-0.33977942865918037	0.0	False		False		tpt transporter		AT4G39390	NST-K1
p:xylem vessel	phrase	xylem vessel	1	409	32	21633	1.652888141809291	0.4573203964836722	1.0	-0.33977942865918037	0.0	False		False		xylem vessel		AT5G19530	ACL5
w:antioxidant	word	antioxidant	1	409	32	21633	1.652888141809291	0.4573203964836722	1.0	-0.33977942865918037	0.0	False		False		antioxidant		AT5G13330	Rap2.6L
w:citrate	word	citrate	1	409	32	21633	1.652888141809291	0.4573203964836722	1.0	-0.33977942865918037	0.0	False		False		citrate		AT1G34370	STOP1
w:contact	word	contact	1	409	32	21633	1.652888141809291	0.4573203964836722	1.0	-0.33977942865918037	0.0	False		False		contact		AT1G11000	MLO4
w:dipeptide	word	dipeptide	1	409	32	21633	1.652888141809291	0.4573203964836722	1.0	-0.33977942865918037	0.0	False		False		dipeptide		AT5G01180	PTR5
w:downregulated	word	downregulated	1	409	32	21633	1.652888141809291	0.4573203964836722	1.0	-0.33977942865918037	0.0	False		False		downregulated		AT2G19620	NDL3
w:fourth	word	fourth	1	409	32	21633	1.652888141809291	0.4573203964836722	1.0	-0.33977942865918037	0.0	False		False		fourth		AT3G62720	XT1
w:genomic	word	genomic	1	409	32	21633	1.652888141809291	0.4573203964836722	1.0	-0.33977942865918037	0.0	False		False		genomic		AT3G56170	CAN
w:modify	word	modify	1	409	32	21633	1.652888141809291	0.4573203964836722	1.0	-0.33977942865918037	0.0	False		False		modify		AT2G41230	ORS1
w:parallel	word	parallel	1	409	32	21633	1.652888141809291	0.4573203964836722	1.0	-0.33977942865918037	0.0	False		False		parallel		AT5G09970	CYP78A7
w:protecting	word	protecting	1	409	32	21633	1.652888141809291	0.4573203964836722	1.0	-0.33977942865918037	0.0	False		False		protecting		AT4G24570	DIC2
w:requiring	word	requiring	1	409	32	21633	1.652888141809291	0.4573203964836722	1.0	-0.33977942865918037	0.0	False		False		requiring		AT4G25420	GA20OX1
w:selectivity	word	selectivity	1	409	32	21633	1.652888141809291	0.4573203964836722	1.0	-0.33977942865918037	0.0	False		False		selectivity		AT5G24270	SOS3
w:trehalose	word	trehalose	1	409	32	21633	1.652888141809291	0.4573203964836722	1.0	-0.33977942865918037	0.0	False		False		trehalose		AT4G26080	ABI1
w:utp	word	utp	1	409	32	21633	1.652888141809291	0.4573203964836722	1.0	-0.33977942865918037	0.0	False		False		utp		AT4G20320	CTPS4
w:bolting	word	bolting	2	409	82	21633	1.2900590375096905	0.460934312564028	1.0	-0.3363609612125371	0.0	True		False		bolting		AT4G39400, AT5G03730	BRI1, CTR1
w:hydrophobic	word	hydrophobic	2	409	82	21633	1.2900590375096905	0.460934312564028	1.0	-0.3363609612125371	0.0	True		False		hydrophobic		AT3G61460, AT4G22470	BRH1, DHYPRP1
p:reproductive phase	phrase	reproductive phase	3	409	133	21633	1.19306211739618	0.461560255881461	1.0	-0.3357715945544264	0.0	True		False		reproductive phase		AT5G03730, AT5G15160, AT5G50570	CTR1, BNQ2, SPL13A
p:stress granule	phrase	stress granule	3	409	133	21633	1.19306211739618	0.461560255881461	1.0	-0.3357715945544264	0.0	True		False		stress granule		AT1G05010, AT1G76650, AT5G44260	EFE, CML38, TZF5
w:slow	word	slow	3	409	133	21633	1.19306211739618	0.461560255881461	1.0	-0.3357715945544264	0.0	True		False		slow		AT1G55500, AT3G62720, AT4G39400	ECT4, XT1, BRI1
p:endomembrane system	phrase	endomembrane system	3	409	134	21633	1.184158668758895	0.46644412045517575	1.0	-0.33120037685116244	0.0	True		False		endomembrane system		AT2G43290, AT3G29170, AT5G10520	MSS3, AT3G29170, RBK1
w:backbone	word	backbone	2	409	83	21633	1.2745161575396942	0.4671937476126638	1.0	-0.3305029779579183	0.0	True		False		backbone		AT3G28180, AT4G31590	CSLC04, CSLC5
w:repressing	word	repressing	2	409	83	21633	1.2745161575396942	0.4671937476126638	1.0	-0.3305029779579183	0.0	True		False		repressing		AT1G51170, AT3G02885	UCN, GASA5
w:tips	word	tips	2	409	83	21633	1.2745161575396942	0.4671937476126638	1.0	-0.3305029779579183	0.0	True		False		tips		AT2G21050, AT5G65640	LAX2, bHLH093
k:Steroid metabolism	keyword	Steroid metabolism	1	409	33	21633	1.6028006223605247	0.46759565956585236	1.0	-0.33012952880906016	0.0	False		False		Steroid metabolism		AT4G12110	SMO1-1
p:gdp mannose	phrase	gdp mannose	1	409	33	21633	1.6028006223605247	0.46759565956585236	1.0	-0.33012952880906016	0.0	False		False		gdp mannose		AT4G12720	NUDT7
p:succinate dehydrogenase	phrase	succinate dehydrogenase	1	409	33	21633	1.6028006223605247	0.46759565956585236	1.0	-0.33012952880906016	0.0	False		False		succinate dehydrogenase		AT2G39725	SDHAF1
w:biotrophic	word	biotrophic	1	409	33	21633	1.6028006223605247	0.46759565956585236	1.0	-0.33012952880906016	0.0	False		False		biotrophic		AT2G35930	PUB23
w:developmentally	word	developmentally	1	409	33	21633	1.6028006223605247	0.46759565956585236	1.0	-0.33012952880906016	0.0	False		False		developmentally		AT2G41100	TCH3
w:oxylipin	word	oxylipin	1	409	33	21633	1.6028006223605247	0.46759565956585236	1.0	-0.33012952880906016	0.0	False		False		oxylipin		AT1G02660	PLIP2
w:participating	word	participating	1	409	33	21633	1.6028006223605247	0.46759565956585236	1.0	-0.33012952880906016	0.0	False		False		participating		AT2G38470	WRKY33
w:prolonged	word	prolonged	1	409	33	21633	1.6028006223605247	0.46759565956585236	1.0	-0.33012952880906016	0.0	False		False		prolonged		AT5G07440	GDH2
w:raf	word	raf	1	409	33	21633	1.6028006223605247	0.46759565956585236	1.0	-0.33012952880906016	0.0	False		False		raf		AT5G03730	CTR1
w:thin	word	thin	1	409	33	21633	1.6028006223605247	0.46759565956585236	1.0	-0.33012952880906016	0.0	False		False		thin		AT1G19220	ARF19
w:tpt	word	tpt	1	409	33	21633	1.6028006223605247	0.46759565956585236	1.0	-0.33012952880906016	0.0	False		False		tpt		AT4G39390	NST-K1
w:tumor	word	tumor	1	409	33	21633	1.6028006223605247	0.46759565956585236	1.0	-0.33012952880906016	0.0	False		False		tumor		AT3G02070	OTU12
w:dehydrogenase	word	dehydrogenase	10	409	498	21633	1.0620967979497453	0.46826694207026776	1.0	-0.32950650073430987	0.0	True		False		dehydrogenase		AT1G22440, AT1G30760, AT2G39725, AT3G26760, AT3G63440, AT4G03140, AT4G13180, AT5G07440, AT5G19440, AT5G54500	AT1G22440, AtBBE-like 13, SDHAF1, AT3G26760, CKX6, AT4G03140, AT4G13180, GDH2, AT5G19440, FQR1
p:heat shock	phrase	heat shock	4	409	186	21633	1.1374714094171465	0.46846625462374897	1.0	-0.32932168750517976	0.0	True		False		heat shock		AT1G04310, AT3G02885, AT5G65300, AT5G66080	ERS2, GASA5, SUPA, PP2C79
w:active	word	active	10	409	499	21633	1.0599683474528518	0.4707869932801533	1.0	-0.327175544181804	0.0	True		False		active		AT1G02400, AT1G51170, AT1G59500, AT2G23170, AT4G20830, AT4G24160, AT4G27260, AT4G37290, AT5G03730, AT5G54510	GA2OX6, UCN, GH3.4, GH3.3, AtBBE19, AT4G24160, WES1, PIP2, CTR1, DFL1
w:days	word	days	6	409	291	21633	1.0905653719154085	0.4727632856707506	1.0	-0.3253562576972614	0.0	True		False		days		AT2G23150, AT4G39400, AT5G03730, AT5G24270, AT5G45340, AT5G65640	NRAMP3, BRI1, CTR1, SOS3, CYP707A3, bHLH093
w:fusion	word	fusion	5	409	239	21633	1.1065359945166802	0.47289140376283795	1.0	-0.3252385805337309	0.0	True		False		fusion		AT1G77000, AT2G34260, AT2G39700, AT4G37890, AT5G61900	SKP2B, WDR55, EXPA4, EDA40, BON1
w:ankyrin	word	ankyrin	2	409	84	21633	1.2593433461404122	0.4734098579201524	1.0	-0.32476270290091513	0.0	True		False		ankyrin		AT2G40140, AT5G14230	CZF1, AT5G14230
w:become	word	become	2	409	84	21633	1.2593433461404122	0.4734098579201524	1.0	-0.32476270290091513	0.0	True		False		become		AT3G50660, AT5G09970	DWF4, CYP78A7
w:pyrimidine	word	pyrimidine	2	409	84	21633	1.2593433461404122	0.4734098579201524	1.0	-0.32476270290091513	0.0	True		False		pyrimidine		AT4G20320, AT4G25280	CTPS4, UMK2
w:subset	word	subset	2	409	84	21633	1.2593433461404122	0.4734098579201524	1.0	-0.32476270290091513	0.0	True		False		subset		AT1G27730, AT2G43060	STZ, IBH1
w:lrr	word	lrr	8	409	396	21633	1.0685337482403496	0.47476026450368436	1.0	-0.32352563687189406	0.0	True		False		lrr		AT1G34110, AT1G77000, AT2G25790, AT2G48010, AT3G24240, AT4G23510, AT4G39400, AT5G12940	RGI5, SKP2B, SKM1, RKF3, RGI1, AT4G23510, BRI1, AT5G12940
w:cortical	word	cortical	3	409	136	21633	1.1667445706889112	0.4761524925883162	1.0	-0.32225393786012574	0.0	True		False		cortical		AT4G16515, AT5G01840, AT5G19530	RGF6, OFP1, ACL5
p:consensus core	phrase	consensus core	1	409	34	21633	1.555659427585215	0.47767683434536906	1.0	-0.3208658199683244	0.0	False		False		consensus core		AT2G34140	CDF4
p:cyclase dehydrase	phrase	cyclase dehydrase	1	409	34	21633	1.555659427585215	0.47767683434536906	1.0	-0.3208658199683244	0.0	False		False		cyclase dehydrase		AT1G02470	AT1G02470
p:pollen exine	phrase	pollen exine	1	409	34	21633	1.555659427585215	0.47767683434536906	1.0	-0.3208658199683244	0.0	False		False		pollen exine		AT4G39400	BRI1
p:polyketide cyclase	phrase	polyketide cyclase	1	409	34	21633	1.555659427585215	0.47767683434536906	1.0	-0.3208658199683244	0.0	False		False		polyketide cyclase		AT1G02470	AT1G02470
w:defl	word	defl	1	409	34	21633	1.555659427585215	0.47767683434536906	1.0	-0.3208658199683244	0.0	False		False		defl		AT4G13235	EDA21
w:failure	word	failure	1	409	34	21633	1.555659427585215	0.47767683434536906	1.0	-0.3208658199683244	0.0	False		False		failure		AT5G66080	PP2C79
w:genetically	word	genetically	1	409	34	21633	1.555659427585215	0.47767683434536906	1.0	-0.3208658199683244	0.0	False		False		genetically		AT5G61900	BON1
w:glutamyl	word	glutamyl	1	409	34	21633	1.555659427585215	0.47767683434536906	1.0	-0.3208658199683244	0.0	False		False		glutamyl		AT1G09940	HEMA2
w:gram	word	gram	1	409	34	21633	1.555659427585215	0.47767683434536906	1.0	-0.3208658199683244	0.0	False		False		gram		AT4G28490	HAE
w:hydration	word	hydration	1	409	34	21633	1.555659427585215	0.47767683434536906	1.0	-0.3208658199683244	0.0	False		False		hydration		AT1G23730	BCA3
w:importer	word	importer	1	409	34	21633	1.555659427585215	0.47767683434536906	1.0	-0.3208658199683244	0.0	False		False		importer		AT2G39350	ABCG1
w:make	word	make	1	409	34	21633	1.555659427585215	0.47767683434536906	1.0	-0.3208658199683244	0.0	False		False		make		AT1G06080	ADS1
w:nucleoporin	word	nucleoporin	1	409	34	21633	1.555659427585215	0.47767683434536906	1.0	-0.3208658199683244	0.0	False		False		nucleoporin		AT3G16310	NUP35
w:perform	word	perform	1	409	34	21633	1.555659427585215	0.47767683434536906	1.0	-0.3208658199683244	0.0	False		False		perform		AT3G50660	DWF4
w:phosphatidylglycerol	word	phosphatidylglycerol	1	409	34	21633	1.555659427585215	0.47767683434536906	1.0	-0.3208658199683244	0.0	False		False		phosphatidylglycerol		AT1G02660	PLIP2
w:phosphoric	word	phosphoric	1	409	34	21633	1.555659427585215	0.47767683434536906	1.0	-0.3208658199683244	0.0	False		False		phosphoric		AT1G49740	AT1G49740
w:prasad	word	prasad	1	409	34	21633	1.555659427585215	0.47767683434536906	1.0	-0.3208658199683244	0.0	False		False		prasad		AT1G78120	TPR12
w:ran	word	ran	1	409	34	21633	1.555659427585215	0.47767683434536906	1.0	-0.3208658199683244	0.0	False		False		ran		AT2G30060	RANBP1B
w:redundancy	word	redundancy	1	409	34	21633	1.555659427585215	0.47767683434536906	1.0	-0.3208658199683244	0.0	False		False		redundancy		AT1G11000	MLO4
w:vlcfa	word	vlcfa	1	409	34	21633	1.555659427585215	0.47767683434536906	1.0	-0.3208658199683244	0.0	False		False		vlcfa		AT1G19440	KCS4
w:cation	word	cation	7	409	345	21633	1.0731795471457426	0.47846950905071123	1.0	-0.32014573285672304	0.0	True		False		cation		AT1G78970, AT2G23150, AT2G30020, AT3G17090, AT4G26080, AT5G02760, AT5G66080	LUP1, NRAMP3, AP2C1, PP2C42, ABI1, PP2C67, PP2C79
w:microtubule	word	microtubule	7	409	345	21633	1.0731795471457426	0.47846950905071123	1.0	-0.32014573285672304	0.0	True		False		microtubule		AT1G23060, AT3G02170, AT3G60640, AT4G39400, AT5G01840, AT5G19530, AT5G62580	MDP40, LNG2, ATG8G, BRI1, OFP1, ACL5, TOR1L3
w:determination	word	determination	2	409	85	21633	1.244527542068172	0.47958204176686275	1.0	-0.3191370876823977	0.0	True		False		determination		AT1G73590, AT2G34260	PIN1, WDR55
w:guanine	word	guanine	2	409	85	21633	1.244527542068172	0.47958204176686275	1.0	-0.3191370876823977	0.0	True		False		guanine		AT3G02320, AT5G57340	AtTRM1a, MJB24.15
w:independently	word	independently	2	409	85	21633	1.244527542068172	0.47958204176686275	1.0	-0.3191370876823977	0.0	True		False		independently		AT3G02170, AT5G15580	LNG2, LNG1
w:proposed	word	proposed	2	409	85	21633	1.244527542068172	0.47958204176686275	1.0	-0.3191370876823977	0.0	True		False		proposed		AT2G01420, AT5G63790	PIN4, NAC102
p:flowering time	phrase	flowering time	5	409	241	21633	1.0973531231928904	0.4801442596086797	1.0	-0.3186282590009092	0.0	True		False		flowering time		AT2G30140, AT5G03730, AT5G15160, AT5G50570, AT5G65640	UGT87A2, CTR1, BNQ2, SPL13A, bHLH093
p:pollen tube	phrase	pollen tube	8	409	398	21633	1.0631642319175338	0.4804019779145334	1.0	-0.31839521318503666	0.0	True		False		pollen tube		AT1G29430, AT2G25790, AT3G28180, AT3G62720, AT4G17615, AT4G31590, AT5G01180, AT5G67060	SAUR62, SKM1, CSLC04, XT1, CBL1, CSLC5, PTR5, HEC1
w:identity	word	identity	4	409	189	21633	1.1194163076803665	0.48078767740091893	1.0	-0.3180466718401012	0.0	True		False		identity		AT1G34110, AT2G34140, AT3G24240, AT4G13195	RGI5, CDF4, RGI1, CLE44
w:exogenous	word	exogenous	3	409	137	21633	1.158228186961255	0.4809760764085005	1.0	-0.3178765247533324	0.0	True		False		exogenous		AT1G17060, AT2G42430, AT4G26080	CYP72C1, LBD16, ABI1
w:compromised	word	compromised	2	409	86	21633	1.2300562915790072	0.4857097355257464	1.0	-0.31362319147706447	0.0	True		False		compromised		AT4G26080, AT5G04870	ABI1, CPK1
w:eight	word	eight	2	409	86	21633	1.2300562915790072	0.4857097355257464	1.0	-0.31362319147706447	0.0	True		False		eight		AT3G44540, AT4G22470	FAR4, DHYPRP1
w:initiate	word	initiate	2	409	86	21633	1.2300562915790072	0.4857097355257464	1.0	-0.31362319147706447	0.0	True		False		initiate		AT1G73590, AT5G19530	PIN1, ACL5
p:carboxylate clamp	phrase	carboxylate clamp	1	409	35	21633	1.5112120153684947	0.4875675781183562	1.0	-0.31196518146309415	0.0	False		False		carboxylate clamp		AT1G78120	TPR12
p:coniferyl alcohol	phrase	coniferyl alcohol	1	409	35	21633	1.5112120153684947	0.4875675781183562	1.0	-0.31196518146309415	0.0	False		False		coniferyl alcohol		AT1G30760	AtBBE-like 13
w:context	word	context	1	409	35	21633	1.5112120153684947	0.4875675781183562	1.0	-0.31196518146309415	0.0	False		False		context		AT4G17615	CBL1
w:ctp	word	ctp	1	409	35	21633	1.5112120153684947	0.4875675781183562	1.0	-0.31196518146309415	0.0	False		False		ctp		AT4G20320	CTPS4
w:dehydrase	word	dehydrase	1	409	35	21633	1.5112120153684947	0.4875675781183562	1.0	-0.31196518146309415	0.0	False		False		dehydrase		AT1G02470	AT1G02470
w:diphosphatase	word	diphosphatase	1	409	35	21633	1.5112120153684947	0.4875675781183562	1.0	-0.31196518146309415	0.0	False		False		diphosphatase		AT4G12720	NUDT7
w:lignification	word	lignification	1	409	35	21633	1.5112120153684947	0.4875675781183562	1.0	-0.31196518146309415	0.0	False		False		lignification		AT1G61820	BGLU46
w:pubmed	word	pubmed	1	409	35	21633	1.5112120153684947	0.4875675781183562	1.0	-0.31196518146309415	0.0	False		False		pubmed		AT1G78120	TPR12
w:rhamnogalacturonan	word	rhamnogalacturonan	1	409	35	21633	1.5112120153684947	0.4875675781183562	1.0	-0.31196518146309415	0.0	False		False		rhamnogalacturonan		AT4G20170	GALS3
w:style	word	style	1	409	35	21633	1.5112120153684947	0.4875675781183562	1.0	-0.31196518146309415	0.0	False		False		style		AT5G67060	HEC1
p:phosphate starvation	phrase	phosphate starvation	2	409	87	21633	1.2159177135148809	0.4917924124434556	1.0	-0.30821817600266616	0.0	True		False		phosphate starvation		AT3G25710, AT4G17615	BHLH32, CBL1
w:continuous	word	continuous	2	409	87	21633	1.2159177135148809	0.4917924124434556	1.0	-0.30821817600266616	0.0	True		False		continuous		AT2G44830, AT3G27580	PAX, ATPK7
w:diverse	word	diverse	2	409	87	21633	1.2159177135148809	0.4917924124434556	1.0	-0.30821817600266616	0.0	True		False		diverse		AT3G44260, AT5G22250	CAF1a, CAF1b
w:polyamine	word	polyamine	2	409	87	21633	1.2159177135148809	0.4917924124434556	1.0	-0.30821817600266616	0.0	True		False		polyamine		AT2G21050, AT5G19530	LAX2, ACL5
w:seem	word	seem	8	409	403	21633	1.0499736086927505	0.4944390354971054	1.0	-0.30588724942456863	0.0	True		False		seem		AT1G11000, AT1G30760, AT1G70940, AT1G73590, AT2G25790, AT3G28180, AT3G61460, AT4G31590	MLO4, AtBBE-like 13, PIN3, PIN1, SKM1, CSLC04, BRH1, CSLC5
w:addition	word	addition	5	409	245	21633	1.079437153834639	0.4945469820349488	1.0	-0.3057924440682116	0.0	True		False		addition		AT1G19220, AT1G74660, AT2G23150, AT2G42430, AT3G27580	ARF19, MIF1, NRAMP3, LBD16, ATPK7
k:Golgi apparatus	keyword	Golgi apparatus	11	409	562	21633	1.0352609002079545	0.4964267640367725	1.0	-0.30414481226567713	0.0	True		False		Golgi apparatus		AT1G13250, AT1G53840, AT1G58340, AT2G26070, AT3G03680, AT3G28180, AT3G28340, AT3G62720, AT4G20170, AT4G31590, AT4G39390	GATL3, PME1, ZF14, RTE1, MCTP14, CSLC04, GATL10, XT1, GALS3, CSLC5, NST-K1
w:ros	word	ros	4	409	193	21633	1.0962159696973535	0.4970393257410956	1.0	-0.30360924853690213	0.0	True		False		ros		AT2G26530, AT3G10930, AT3G13380, AT5G65300	AR781, IDL7, BRL3, SUPA
k:Antimicrobial	keyword	Antimicrobial	1	409	36	21633	1.469233903830481	0.49727147943095895	1.0	-0.30340644863214644	0.0	False		False		Antimicrobial		AT4G13235	EDA21
k:Fungicide	keyword	Fungicide	1	409	36	21633	1.469233903830481	0.49727147943095895	1.0	-0.30340644863214644	0.0	False		False		Fungicide		AT4G13235	EDA21
p:histone lysine	phrase	histone lysine	1	409	36	21633	1.469233903830481	0.49727147943095895	1.0	-0.30340644863214644	0.0	False		False		histone lysine		AT5G03670	TRM28
p:unsaturated fatty	phrase	unsaturated fatty	1	409	36	21633	1.469233903830481	0.49727147943095895	1.0	-0.30340644863214644	0.0	False		False		unsaturated fatty		AT1G06080	ADS1
w:acquisition	word	acquisition	1	409	36	21633	1.469233903830481	0.49727147943095895	1.0	-0.30340644863214644	0.0	False		False		acquisition		AT5G04340	ZAT6
w:adenylate	word	adenylate	1	409	36	21633	1.469233903830481	0.49727147943095895	1.0	-0.30340644863214644	0.0	False		False		adenylate		AT4G25280	UMK2
w:cdk	word	cdk	1	409	36	21633	1.469233903830481	0.49727147943095895	1.0	-0.30340644863214644	0.0	False		False		cdk		AT1G77000	SKP2B
w:differentiating	word	differentiating	1	409	36	21633	1.469233903830481	0.49727147943095895	1.0	-0.30340644863214644	0.0	False		False		differentiating		AT3G61160	ASK2
w:dof	word	dof	1	409	36	21633	1.469233903830481	0.49727147943095895	1.0	-0.30340644863214644	0.0	False		False		dof		AT2G34140	CDF4
w:fluence	word	fluence	1	409	36	21633	1.469233903830481	0.49727147943095895	1.0	-0.30340644863214644	0.0	False		False		fluence		AT2G18010	SAUR10
w:phi	word	phi	1	409	36	21633	1.469233903830481	0.49727147943095895	1.0	-0.30340644863214644	0.0	False		False		phi		AT3G25710	BHLH32
w:photoperiodic	word	photoperiodic	1	409	36	21633	1.469233903830481	0.49727147943095895	1.0	-0.30340644863214644	0.0	False		False		photoperiodic		AT2G34140	CDF4
w:thiolase	word	thiolase	1	409	36	21633	1.469233903830481	0.49727147943095895	1.0	-0.30340644863214644	0.0	False		False		thiolase		AT1G19440	KCS4
w:mirna	word	mirna	2	409	88	21633	1.2021004667703934	0.4978295814537406	1.0	-0.302919300816162	0.0	True		False		mirna		AT2G28350, AT4G30080	ARF10, ARF16
w:condensation	word	condensation	2	409	89	21633	1.1885937199527483	0.5038207860223494	1.0	-0.2977239188772333	0.0	True		False		condensation		AT1G65920, AT5G37630	PRAF1, EMB2656
w:shock	word	shock	4	409	195	21633	1.084972728982509	0.5050838883745566	1.0	-0.296636484787244	0.0	True		False		shock		AT1G04310, AT3G02885, AT5G65300, AT5G66080	ERS2, GASA5, SUPA, PP2C79
w:specificity	word	specificity	6	409	301	21633	1.0543339642105776	0.5053762282923276	1.0	-0.2963851901253842	0.0	True		False		specificity		AT1G02660, AT1G11000, AT3G13380, AT4G28490, AT4G39400, AT5G65640	PLIP2, MLO4, BRL3, HAE, BRI1, bHLH093
w:chalcone	word	chalcone	1	409	37	21633	1.42952487940263	0.5067920593685772	1.0	-0.29517019844413384	0.0	False		False		chalcone		AT1G19440	KCS4
w:deacetylation	word	deacetylation	1	409	37	21633	1.42952487940263	0.5067920593685772	1.0	-0.29517019844413384	0.0	False		False		deacetylation		AT5G04670	EPCR2
w:die	word	die	1	409	37	21633	1.42952487940263	0.5067920593685772	1.0	-0.29517019844413384	0.0	False		False		die		AT5G03730	CTR1
w:mus	word	mus	1	409	37	21633	1.42952487940263	0.5067920593685772	1.0	-0.29517019844413384	0.0	False		False		mus		AT1G75640	MUS
w:precocious	word	precocious	1	409	37	21633	1.42952487940263	0.5067920593685772	1.0	-0.29517019844413384	0.0	False		False		precocious		AT5G09970	CYP78A7
k:Glycosyltransferase	keyword	Glycosyltransferase	9	409	461	21633	1.0326069085489715	0.5083096277527188	1.0	-0.2938716643671756	0.0	True		False		Glycosyltransferase		AT1G09350, AT1G13250, AT2G30140, AT3G28180, AT3G28340, AT3G62720, AT4G15550, AT4G20170, AT4G31590	GolS3, GATL3, UGT87A2, CSLC04, GATL10, XT1, IAGLU, GALS3, CSLC5
w:metabolic	word	metabolic	29	409	1524	21633	1.0064830679783607	0.5136192106306863	1.0	-0.2893587409460699	0.0	True		False		metabolic		AT1G02400, AT1G02660, AT1G06080, AT1G09350, AT1G10550, AT1G17060, AT1G18400, AT1G19440, AT1G21980, AT1G60260, AT1G61820, AT1G66400, AT2G23150, AT2G26710, AT2G38470, AT2G39030, AT2G45400, AT3G10870, AT3G62720, AT3G63440, AT4G25810, AT4G30280, AT4G30290, AT4G32460, AT5G07440, AT5G13330, AT5G37770, AT5G57560, AT5G63790	GA2OX6, PLIP2, ADS1, GolS3, XTH33, CYP72C1, BEE1, KCS4, PIP5K1, BGLU5, BGLU46, CML23, NRAMP3, BAS1, WRKY33, NATA1, BEN1, MES17, XT1, CKX6, XTR6, XTH18, XTH19, BDX, GDH2, Rap2.6L, TCH2, TCH4, NAC102
w:displayed	word	displayed	2	409	91	21633	1.162470781052688	0.5156636416413785	1.0	-0.28763348870415467	0.0	True		False		displayed		AT2G28400, AT4G17615	S40-4, CBL1
p:carboxylic ester	phrase	carboxylic ester	1	409	38	21633	1.3919058036288765	0.5161327728209874	1.0	-0.28723856370969486	0.0	False		False		carboxylic ester		AT1G02660	PLIP2
p:chromatid cohesion	phrase	chromatid cohesion	1	409	38	21633	1.3919058036288765	0.5161327728209874	1.0	-0.28723856370969486	0.0	False		False		chromatid cohesion		AT5G15920	SMC5
p:deubiquitinating enzyme	phrase	deubiquitinating enzyme	1	409	38	21633	1.3919058036288765	0.5161327728209874	1.0	-0.28723856370969486	0.0	False		False		deubiquitinating enzyme		AT3G02070	OTU12
p:rho gtpase	phrase	rho gtpase	1	409	38	21633	1.3919058036288765	0.5161327728209874	1.0	-0.28723856370969486	0.0	False		False		rho gtpase		AT5G12050	BG1
w:coniferyl	word	coniferyl	1	409	38	21633	1.3919058036288765	0.5161327728209874	1.0	-0.28723856370969486	0.0	False		False		coniferyl		AT1G30760	AtBBE-like 13
w:deubiquitinating	word	deubiquitinating	1	409	38	21633	1.3919058036288765	0.5161327728209874	1.0	-0.28723856370969486	0.0	False		False		deubiquitinating		AT3G02070	OTU12
w:establishing	word	establishing	1	409	38	21633	1.3919058036288765	0.5161327728209874	1.0	-0.28723856370969486	0.0	False		False		establishing		AT3G24240	RGI1
w:gravity	word	gravity	1	409	38	21633	1.3919058036288765	0.5161327728209874	1.0	-0.28723856370969486	0.0	False		False		gravity		AT1G70940	PIN3
w:night	word	night	1	409	38	21633	1.3919058036288765	0.5161327728209874	1.0	-0.28723856370969486	0.0	False		False		night		AT1G35140	PHI-1
w:phosphodiesterase	word	phosphodiesterase	1	409	38	21633	1.3919058036288765	0.5161327728209874	1.0	-0.28723856370969486	0.0	False		False		phosphodiesterase		AT1G49740	AT1G49740
w:recessive	word	recessive	1	409	38	21633	1.3919058036288765	0.5161327728209874	1.0	-0.28723856370969486	0.0	False		False		recessive		AT5G24270	SOS3
w:traffic	word	traffic	1	409	38	21633	1.3919058036288765	0.5161327728209874	1.0	-0.28723856370969486	0.0	False		False		traffic		AT4G16515	RGF6
p:embryo sac	phrase	embryo sac	3	409	145	21633	1.0943259421633926	0.5187749175325579	1.0	-0.28502102996756007	0.0	True		False		embryo sac		AT2G34260, AT4G13235, AT4G37890	WDR55, EDA21, EDA40
p:guard cell	phrase	guard cell	3	409	145	21633	1.0943259421633926	0.5187749175325579	1.0	-0.28502102996756007	0.0	True		False		guard cell		AT1G75640, AT4G26080, AT5G65640	MUS, ABI1, bHLH093
w:critical	word	critical	3	409	145	21633	1.0943259421633926	0.5187749175325579	1.0	-0.28502102996756007	0.0	True		False		critical		AT1G08430, AT1G34370, AT5G15160	ALMT1, STOP1, BNQ2
w:proteasomal	word	proteasomal	5	409	252	21633	1.0494527884503435	0.5193838760368966	1.0	-0.2845115369109827	0.0	True		False		proteasomal		AT1G25280, AT1G67340, AT1G77000, AT1G78100, AT4G37590	TLP10, AT1G67340, SKP2B, AUF1, NPY5
w:heterozygous	word	heterozygous	2	409	92	21633	1.1498352290847242	0.5215145423133382	1.0	-0.2827335768666337	0.0	True		False		heterozygous		AT4G12110, AT5G03670	SMO1-1, TRM28
w:analysis	word	analysis	3	409	146	21633	1.08683055899789	0.5233953643808633	1.0	-0.28117012814765985	0.0	True		False		analysis		AT1G11000, AT1G17060, AT2G40940	MLO4, CYP72C1, ERS1
w:antisense	word	antisense	1	409	39	21633	1.3562159112281362	0.5252970097237987	1.0	-0.2795950714301866	0.0	False		False		antisense		AT3G59900	ARGOS
w:cohesion	word	cohesion	1	409	39	21633	1.3562159112281362	0.5252970097237987	1.0	-0.2795950714301866	0.0	False		False		cohesion		AT5G15920	SMC5
w:culture	word	culture	1	409	39	21633	1.3562159112281362	0.5252970097237987	1.0	-0.2795950714301866	0.0	False		False		culture		AT5G24270	SOS3
w:help	word	help	1	409	39	21633	1.3562159112281362	0.5252970097237987	1.0	-0.2795950714301866	0.0	False		False		help		AT3G60630	HAM2
w:knock	word	knock	1	409	39	21633	1.3562159112281362	0.5252970097237987	1.0	-0.2795950714301866	0.0	False		False		knock		AT2G40940	ERS1
w:nitrophenyl	word	nitrophenyl	1	409	39	21633	1.3562159112281362	0.5252970097237987	1.0	-0.2795950714301866	0.0	False		False		nitrophenyl		AT1G61820	BGLU46
w:percentage	word	percentage	1	409	39	21633	1.3562159112281362	0.5252970097237987	1.0	-0.2795950714301866	0.0	False		False		percentage		AT1G08430	ALMT1
w:polyketide	word	polyketide	1	409	39	21633	1.3562159112281362	0.5252970097237987	1.0	-0.2795950714301866	0.0	False		False		polyketide		AT1G02470	AT1G02470
w:ram	word	ram	1	409	39	21633	1.3562159112281362	0.5252970097237987	1.0	-0.2795950714301866	0.0	False		False		ram		AT4G16515	RGF6
w:tetrapyrrole	word	tetrapyrrole	1	409	39	21633	1.3562159112281362	0.5252970097237987	1.0	-0.2795950714301866	0.0	False		False		tetrapyrrole		AT1G09940	HEMA2
w:utilize	word	utilize	1	409	39	21633	1.3562159112281362	0.5252970097237987	1.0	-0.2795950714301866	0.0	False		False		utilize		AT3G62720	XT1
w:autophagy	word	autophagy	2	409	93	21633	1.1374714094171465	0.5273179756850738	1.0	-0.27792742379887364	0.0	True		False		autophagy		AT2G38470, AT3G60640	WRKY33, ATG8G
w:feedback	word	feedback	2	409	93	21633	1.1374714094171465	0.5273179756850738	1.0	-0.27792742379887364	0.0	True		False		feedback		AT2G45420, AT4G39400	LBD18, BRI1
w:phosphate	word	phosphate	15	409	791	21633	1.0030168243596203	0.5324682991058023	1.0	-0.27370624316292075	0.0	True		False		phosphate		AT1G21980, AT1G22030, AT1G35140, AT2G22810, AT3G01970, AT3G25710, AT4G08950, AT4G11280, AT4G17615, AT4G24160, AT4G24570, AT4G25280, AT4G37770, AT5G04340, AT5G24270	PIP5K1, AT1G22030, PHI-1, ACS4, WRKY45, BHLH32, EXO, ACS6, CBL1, AT4G24160, DIC2, UMK2, ACS8, ZAT6, SOS3
w:range	word	range	2	409	94	21633	1.1253706497424958	0.533073641606097	1.0	-0.27321279109730445	0.0	True		False		range		AT4G24570, AT5G61900	DIC2, BON1
k:Autophagy	keyword	Autophagy	1	409	40	21633	1.3223105134474327	0.5342880962766821	1.0	-0.272224501615223	0.0	False		False		Autophagy		AT3G60640	ATG8G
p:adp ribosylation	phrase	adp ribosylation	1	409	40	21633	1.3223105134474327	0.5342880962766821	1.0	-0.272224501615223	0.0	False		False		adp ribosylation		AT5G46750	AGD9
p:golgi medial	phrase	golgi medial	1	409	40	21633	1.3223105134474327	0.5342880962766821	1.0	-0.272224501615223	0.0	False		False		golgi medial		AT3G62720	XT1
p:medial cisterna	phrase	medial cisterna	1	409	40	21633	1.3223105134474327	0.5342880962766821	1.0	-0.272224501615223	0.0	False		False		medial cisterna		AT3G62720	XT1
p:metabolite exporter	phrase	metabolite exporter	1	409	40	21633	1.3223105134474327	0.5342880962766821	1.0	-0.272224501615223	0.0	False		False		metabolite exporter		AT4G30420	UMAMIT34
p:transporter abcg	phrase	transporter abcg	1	409	40	21633	1.3223105134474327	0.5342880962766821	1.0	-0.272224501615223	0.0	False		False		transporter abcg		AT2G39350	ABCG1
p:vegetative phase	phrase	vegetative phase	1	409	40	21633	1.3223105134474327	0.5342880962766821	1.0	-0.272224501615223	0.0	False		False		vegetative phase		AT5G50570	SPL13A
w:class	word	class	1	409	40	21633	1.3223105134474327	0.5342880962766821	1.0	-0.272224501615223	0.0	False		False		class		AT5G46750	AGD9
w:dmt	word	dmt	1	409	40	21633	1.3223105134474327	0.5342880962766821	1.0	-0.272224501615223	0.0	False		False		dmt		AT4G30420	UMAMIT34
w:intramolecular	word	intramolecular	1	409	40	21633	1.3223105134474327	0.5342880962766821	1.0	-0.272224501615223	0.0	False		False		intramolecular		AT1G78970	LUP1
w:knox	word	knox	1	409	40	21633	1.3223105134474327	0.5342880962766821	1.0	-0.272224501615223	0.0	False		False		knox		AT5G01840	OFP1
w:occasionally	word	occasionally	1	409	40	21633	1.3223105134474327	0.5342880962766821	1.0	-0.272224501615223	0.0	False		False		occasionally		AT1G19220	ARF19
p:cortical microtubule	phrase	cortical microtubule	2	409	95	21633	1.1135246429031014	0.5387812681474243	1.0	-0.26858751183848284	0.0	True		False		cortical microtubule		AT5G01840, AT5G19530	OFP1, ACL5
w:appearance	word	appearance	2	409	95	21633	1.1135246429031014	0.5387812681474243	1.0	-0.26858751183848284	0.0	True		False		appearance		AT1G19220, AT4G39400	ARF19, BRI1
w:number	word	number	2	409	95	21633	1.1135246429031014	0.5387812681474243	1.0	-0.26858751183848284	0.0	True		False		number		AT1G19220, AT1G73590	ARF19, PIN1
p:zinc ion	phrase	zinc ion	11	409	581	21633	1.0014055523526169	0.5409810917663764	1.0	-0.26681791397851545	0.0	True		False		zinc ion		AT1G22440, AT1G23730, AT2G23150, AT3G25900, AT3G60520, AT3G60530, AT3G61460, AT4G12040, AT4G22820, AT5G07440, AT5G26930	AT1G22440, BCA3, NRAMP3, HMT-1, AT3G60520, GATA4, BRH1, SAP7, SAP9, GDH2, GATA23
w:phosphorylated	word	phosphorylated	3	409	150	21633	1.0578484107579462	0.5416306979002109	1.0	-0.2662967291994725	0.0	True		False		phosphorylated		AT1G04240, AT1G77000, AT5G04190	SHY2, SKP2B, PKS4
w:vivo	word	vivo	3	409	150	21633	1.0578484107579462	0.5416306979002109	1.0	-0.2662967291994725	0.0	True		False		vivo		AT4G24570, AT5G04870, AT5G19530	DIC2, CPK1, ACL5
p:rna polymerase	phrase	rna polymerase	10	409	528	21633	1.0017503889753279	0.5425679013360367	1.0	-0.2655459029536806	0.0	True		False		rna polymerase		AT1G79700, AT2G14850, AT4G09890, AT4G17460, AT4G37790, AT5G04340, AT5G04670, AT5G47370, AT5G53980, AT5G65310	WRI4, ADA1A, AT4G09890, HAT1, HAT22, ZAT6, EPCR2, HAT2, HB52, HB5
p:auxin permease	phrase	auxin permease	1	409	41	21633	1.2900590375096905	0.543109296138806	1.0	-0.2651127635354257	0.0	False		False		auxin permease		AT2G21050	LAX2
w:aaap	word	aaap	1	409	41	21633	1.2900590375096905	0.543109296138806	1.0	-0.2651127635354257	0.0	False		False		aaap		AT2G21050	LAX2
w:appropriate	word	appropriate	1	409	41	21633	1.2900590375096905	0.543109296138806	1.0	-0.2651127635354257	0.0	False		False		appropriate		AT5G15160	BNQ2
w:enhancing	word	enhancing	1	409	41	21633	1.2900590375096905	0.543109296138806	1.0	-0.2651127635354257	0.0	False		False		enhancing		AT3G02885	GASA5
w:exine	word	exine	1	409	41	21633	1.2900590375096905	0.543109296138806	1.0	-0.2651127635354257	0.0	False		False		exine		AT4G39400	BRI1
w:planta	word	planta	1	409	41	21633	1.2900590375096905	0.543109296138806	1.0	-0.2651127635354257	0.0	False		False		planta		AT4G39400	BRI1
w:recovery	word	recovery	1	409	41	21633	1.2900590375096905	0.543109296138806	1.0	-0.2651127635354257	0.0	False		False		recovery		AT4G02220	PDCD2
w:tcp	word	tcp	1	409	41	21633	1.2900590375096905	0.543109296138806	1.0	-0.2651127635354257	0.0	False		False		tcp		AT4G15550	IAGLU
w:testa	word	testa	1	409	41	21633	1.2900590375096905	0.543109296138806	1.0	-0.2651127635354257	0.0	False		False		testa		AT4G32460	BDX
k:ANK repeat	keyword	ANK repeat	2	409	96	21633	1.1019254278728605	0.544440610646606	1.0	-0.2640494875797854	0.0	True		False		ANK repeat		AT2G40140, AT5G14230	CZF1, AT5G14230
w:aldehyde	word	aldehyde	2	409	96	21633	1.1019254278728605	0.544440610646606	1.0	-0.2640494875797854	0.0	True		False		aldehyde		AT1G30760, AT3G44540	AtBBE-like 13, FAR4
w:delta	word	delta	2	409	96	21633	1.1019254278728605	0.544440610646606	1.0	-0.2640494875797854	0.0	True		False		delta		AT1G06080, AT2G39030	ADS1, NATA1
w:insect	word	insect	2	409	96	21633	1.1019254278728605	0.544440610646606	1.0	-0.2640494875797854	0.0	True		False		insect		AT1G02660, AT3G44260	PLIP2, CAF1a
w:morphological	word	morphological	3	409	151	21633	1.0508427921436552	0.5461264695128792	1.0	-0.26270677368457074	0.0	True		False		morphological		AT1G19220, AT1G30570, AT2G40940	ARF19, HERK2, ERS1
w:coa	word	coa	6	409	315	21633	1.0074746769123297	0.5497437865369443	1.0	-0.25983967054010193	0.0	True		False		coa		AT1G06080, AT1G19440, AT2G39030, AT3G44540, AT4G24160, AT4G30470	ADS1, KCS4, NATA1, FAR4, AT4G24160, AT4G30470
w:controlled	word	controlled	2	409	97	21633	1.0905653719154083	0.5500514507786385	1.0	-0.2595966855163472	0.0	True		False		controlled		AT2G41100, AT3G25710	TCH3, BHLH32
w:day	word	day	5	409	261	21633	1.0132647612624006	0.550531451411741	1.0	-0.2592178650947889	0.0	True		False		day		AT4G25420, AT4G26080, AT5G03730, AT5G37770, AT5G65640	GA20OX1, ABI1, CTR1, TCH2, bHLH093
w:immunity	word	immunity	5	409	261	21633	1.0132647612624006	0.550531451411741	1.0	-0.2592178650947889	0.0	True		False		immunity		AT1G73080, AT2G35930, AT3G04570, AT3G23250, AT4G20830	PEPR1, PUB23, AHL19, MYB15, AtBBE19
p:shoot apical	phrase	shoot apical	3	409	152	21633	1.0439293527216573	0.5505964785102041	1.0	-0.2591665705824945	0.0	True		False		shoot apical		AT3G62100, AT4G12110, AT5G09970	IAA30, SMO1-1, CYP78A7
w:following	word	following	3	409	152	21633	1.0439293527216573	0.5505964785102041	1.0	-0.2591665705824945	0.0	True		False		following		AT2G38470, AT3G28180, AT4G31590	WRKY33, CSLC04, CSLC5
k:Innate immunity	keyword	Innate immunity	1	409	42	21633	1.2593433461404122	0.5517638116019045	1.0	-0.25824678688870195	0.0	False		False		Innate immunity		AT3G04570	AHL19
p:cuticular wax	phrase	cuticular wax	1	409	42	21633	1.2593433461404122	0.5517638116019045	1.0	-0.25824678688870195	0.0	False		False		cuticular wax		AT1G79700	WRI4
p:drug metabolite	phrase	drug metabolite	1	409	42	21633	1.2593433461404122	0.5517638116019045	1.0	-0.25824678688870195	0.0	False		False		drug metabolite		AT4G30420	UMAMIT34
w:abcg	word	abcg	1	409	42	21633	1.2593433461404122	0.5517638116019045	1.0	-0.25824678688870195	0.0	False		False		abcg		AT2G39350	ABCG1
w:alkyl	word	alkyl	1	409	42	21633	1.2593433461404122	0.5517638116019045	1.0	-0.25824678688870195	0.0	False		False		alkyl		AT3G44540	FAR4
w:della	word	della	1	409	42	21633	1.2593433461404122	0.5517638116019045	1.0	-0.25824678688870195	0.0	False		False		della		AT3G12920	BRG3
w:parental	word	parental	1	409	42	21633	1.2593433461404122	0.5517638116019045	1.0	-0.25824678688870195	0.0	False		False		parental		AT4G39400	BRI1
w:phosphoribosyltransferase	word	phosphoribosyltransferase	1	409	42	21633	1.2593433461404122	0.5517638116019045	1.0	-0.25824678688870195	0.0	False		False		phosphoribosyltransferase		AT3G03680	MCTP14
w:phytohormone	word	phytohormone	1	409	42	21633	1.2593433461404122	0.5517638116019045	1.0	-0.25824678688870195	0.0	False		False		phytohormone		AT5G47370	HAT2
w:embryogenesis	word	embryogenesis	7	409	370	21633	1.000667415581841	0.5522801995219389	1.0	-0.2578405269239059	0.0	True		False		embryogenesis		AT1G01470, AT1G23080, AT1G51170, AT1G73590, AT2G21050, AT3G62100, AT4G12110	LEA14, PIN7, UCN, PIN1, LAX2, IAA30, SMO1-1
w:sam	word	sam	5	409	262	21633	1.0093973385094908	0.5539325416853664	1.0	-0.25654312075464397	0.0	True		False		sam		AT2G22810, AT3G02320, AT4G11280, AT4G37770, AT5G65640	ACS4, AtTRM1a, ACS6, ACS8, bHLH093
w:consensus	word	consensus	2	409	98	21633	1.079437153834639	0.5556135956521082	1.0	-0.255227135784589	0.0	True		False		consensus		AT2G34140, AT5G50570	CDF4, SPL13A
w:influence	word	influence	2	409	98	21633	1.079437153834639	0.5556135956521082	1.0	-0.255227135784589	0.0	True		False		influence		AT3G60260, AT4G37590	ELMOD_A, NPY5
w:terminal	word	terminal	14	409	749	21633	0.9886433745401366	0.5557899249510857	1.0	-0.25508933013476565	0.0	True		False		terminal		AT1G10740, AT1G21980, AT1G55500, AT1G77000, AT2G18010, AT2G43290, AT3G61460, AT4G02220, AT4G13195, AT4G34760, AT4G36110, AT4G38860, AT5G03730, AT5G37630	LDAH1, PIP5K1, ECT4, SKP2B, SAUR10, MSS3, BRH1, PDCD2, CLE44, SAUR50, SAUR9, SAUR16, CTR1, EMB2656
w:galactose	word	galactose	4	409	208	21633	1.0171619334211022	0.555888955412887	1.0	-0.2550119545832929	0.0	True		False		galactose		AT1G09350, AT3G28180, AT4G31590, AT4G39390	GolS3, CSLC04, CSLC5, NST-K1
w:increase	word	increase	8	409	426	21633	0.9932848927304659	0.5574016819876014	1.0	-0.253831725115302	0.0	True		False		increase		AT1G44830, AT2G18980, AT2G28400, AT4G24570, AT5G19530, AT5G24270, AT5G59820, AT5G64100	ERF014, PER16, S40-4, DIC2, ACL5, SOS3, RHL41, PER69
p:leaf senescence	phrase	leaf senescence	4	409	209	21633	1.0122951299119103	0.5596817308517977	1.0	-0.25205886911568565	0.0	True		False		leaf senescence		AT1G25320, AT2G28400, AT5G02760, AT5G04870	SENRK1, S40-4, PP2C67, CPK1
k:Phytochrome signaling pathway	keyword	Phytochrome signaling pathway	1	409	43	21633	1.2300562915790072	0.5602547847413989	1.0	-0.25161442577386767	0.0	False		False		Phytochrome signaling pathway		AT5G04190	PKS4
p:shoot apex	phrase	shoot apex	1	409	43	21633	1.2300562915790072	0.5602547847413989	1.0	-0.25161442577386767	0.0	False		False		shoot apex		AT3G10870	MES17
p:ssu rrna	phrase	ssu rrna	1	409	43	21633	1.2300562915790072	0.5602547847413989	1.0	-0.25161442577386767	0.0	False		False		ssu rrna		AT4G22380	AT4G22380
w:agar	word	agar	1	409	43	21633	1.2300562915790072	0.5602547847413989	1.0	-0.25161442577386767	0.0	False		False		agar		AT2G23150	NRAMP3
w:complementation	word	complementation	1	409	43	21633	1.2300562915790072	0.5602547847413989	1.0	-0.25161442577386767	0.0	False		False		complementation		AT1G55500	ECT4
w:constan	word	constan	1	409	43	21633	1.2300562915790072	0.5602547847413989	1.0	-0.25161442577386767	0.0	False		False		constan		AT2G34140	CDF4
w:macromolecule	word	macromolecule	1	409	43	21633	1.2300562915790072	0.5602547847413989	1.0	-0.25161442577386767	0.0	False		False		macromolecule		AT5G04670	EPCR2
w:non‑catalytic	word	non-catalytic	1	409	43	21633	1.2300562915790072	0.5602547847413989	1.0	-0.25161442577386767	0.0	False		False		non-catalytic		AT5G66440	AT5G66440
w:non‑coding	word	non-coding	1	409	43	21633	1.2300562915790072	0.5602547847413989	1.0	-0.25161442577386767	0.0	False		False		non-coding		AT1G55500	ECT4
w:carbon	word	carbon	5	409	264	21633	1.0017503889753279	0.560696882494424	1.0	-0.25127185859605317	0.0	True		False		carbon		AT1G17060, AT1G23730, AT1G35140, AT1G79700, AT2G26710	CYP72C1, BCA3, PHI-1, WRI4, BAS1
w:recycling	word	recycling	2	409	99	21633	1.0685337482403496	0.5611268769299562	1.0	-0.25093892890335	0.0	True		False		recycling		AT1G73590, AT4G25280	PIN1, UMK2
w:catalyze	word	catalyze	29	409	1558	21633	0.9845187391521322	0.5630566356897819	1.0	-0.24944791894887972	0.0	True		False		catalyze		AT1G02400, AT1G02660, AT1G09940, AT1G10550, AT1G21980, AT1G59500, AT2G14960, AT2G22810, AT2G22830, AT2G23170, AT2G46740, AT3G25900, AT3G44540, AT3G49640, AT3G50660, AT3G56170, AT3G63440, AT4G11280, AT4G20320, AT4G25280, AT4G25420, AT4G25810, AT4G27260, AT4G30280, AT4G37770, AT5G51810, AT5G54500, AT5G54510, AT5G57560	GA2OX6, PLIP2, HEMA2, XTH33, PIP5K1, GH3.4, GH3.1, ACS4, SQE2, GH3.3, GulLO5, HMT-1, FAR4, AT3G49640, DWF4, CAN, CKX6, ACS6, CTPS4, UMK2, GA20OX1, XTR6, WES1, XTH18, ACS8, GA20OX2, FQR1, DFL1, TCH4
w:oxygenase	word	oxygenase	3	409	155	21633	1.0237242684754317	0.5638494976940249	1.0	-0.24883680212207387	0.0	True		False		oxygenase		AT4G12110, AT4G25420, AT5G43450	SMO1-1, GA20OX1, AT5G43450
p:vesicle trafficking	phrase	vesicle trafficking	2	409	100	21633	1.0578484107579462	0.5665911499742712	1.0	-0.24673021334427206	0.0	True		False		vesicle trafficking		AT1G70940, AT1G73590	PIN3, PIN1
w:arrested	word	arrested	2	409	100	21633	1.0578484107579462	0.5665911499742712	1.0	-0.24673021334427206	0.0	True		False		arrested		AT2G23150, AT4G26080	NRAMP3, ABI1
w:lethality	word	lethality	2	409	100	21633	1.0578484107579462	0.5665911499742712	1.0	-0.24673021334427206	0.0	True		False		lethality		AT2G23150, AT5G61900	NRAMP3, BON1
w:yellow	word	yellow	3	409	156	21633	1.0171619334211022	0.5682140793753891	1.0	-0.24548800940350018	0.0	True		False		yellow		AT1G73590, AT4G13195, AT5G15160	PIN1, CLE44, BNQ2
k:Cyclin	keyword	Cyclin	1	409	44	21633	1.2021004667703934	0.568585298545974	1.0	-0.24520437370449605	0.0	False		False		Cyclin		AT3G60550	CYCP3;2
p:carbon dioxide	phrase	carbon dioxide	1	409	44	21633	1.2021004667703934	0.568585298545974	1.0	-0.24520437370449605	0.0	False		False		carbon dioxide		AT1G23730	BCA3
p:histone acetyltransferase	phrase	histone acetyltransferase	1	409	44	21633	1.2021004667703934	0.568585298545974	1.0	-0.24520437370449605	0.0	False		False		histone acetyltransferase		AT5G04670	EPCR2
w:case	word	case	1	409	44	21633	1.2021004667703934	0.568585298545974	1.0	-0.24520437370449605	0.0	False		False		case		AT5G57560	TCH4
w:establish	word	establish	1	409	44	21633	1.2021004667703934	0.568585298545974	1.0	-0.24520437370449605	0.0	False		False		establish		AT4G37590	NPY5
w:onset	word	onset	1	409	44	21633	1.2021004667703934	0.568585298545974	1.0	-0.24520437370449605	0.0	False		False		onset		AT5G67060	HEC1
w:respond	word	respond	1	409	44	21633	1.2021004667703934	0.568585298545974	1.0	-0.24520437370449605	0.0	False		False		respond		AT1G17060	CYP72C1
w:retardation	word	retardation	1	409	44	21633	1.2021004667703934	0.568585298545974	1.0	-0.24520437370449605	0.0	False		False		retardation		AT4G12720	NUDT7
w:nutrient	word	nutrient	2	409	101	21633	1.0473746641167785	0.5720062930144909	1.0	-0.24259919322369955	0.0	True		False		nutrient		AT1G11000, AT2G23150	MLO4, NRAMP3
k:Immunity	keyword	Immunity	1	409	45	21633	1.1753871230643846	0.576758378026019	1.0	-0.2390060881739388	0.0	False		False		Immunity		AT3G04570	AHL19
p:day photoperiodism	phrase	day photoperiodism	1	409	45	21633	1.1753871230643846	0.576758378026019	1.0	-0.2390060881739388	0.0	False		False		day photoperiodism		AT5G37770	TCH2
p:substrate preference	phrase	substrate preference	1	409	45	21633	1.1753871230643846	0.576758378026019	1.0	-0.2390060881739388	0.0	False		False		substrate preference		AT1G02660	PLIP2
w:dme	word	dme	1	409	45	21633	1.1753871230643846	0.576758378026019	1.0	-0.2390060881739388	0.0	False		False		dme		AT4G30420	UMAMIT34
w:driven	word	driven	1	409	45	21633	1.1753871230643846	0.576758378026019	1.0	-0.2390060881739388	0.0	False		False		driven		AT2G21050	LAX2
w:eama	word	eama	1	409	45	21633	1.1753871230643846	0.576758378026019	1.0	-0.2390060881739388	0.0	False		False		eama		AT4G30420	UMAMIT34
w:esterification	word	esterification	1	409	45	21633	1.1753871230643846	0.576758378026019	1.0	-0.2390060881739388	0.0	False		False		esterification		AT4G32460	BDX
w:frame	word	frame	1	409	45	21633	1.1753871230643846	0.576758378026019	1.0	-0.2390060881739388	0.0	False		False		frame		AT2G34260	WDR55
w:isopentenyl	word	isopentenyl	1	409	45	21633	1.1753871230643846	0.576758378026019	1.0	-0.2390060881739388	0.0	False		False		isopentenyl		AT3G63440	CKX6
w:land	word	land	1	409	45	21633	1.1753871230643846	0.576758378026019	1.0	-0.2390060881739388	0.0	False		False		land		AT1G27730	STZ
w:pyrophosphatase	word	pyrophosphatase	1	409	45	21633	1.1753871230643846	0.576758378026019	1.0	-0.2390060881739388	0.0	False		False		pyrophosphatase		AT4G12720	NUDT7
w:terpene	word	terpene	1	409	45	21633	1.1753871230643846	0.576758378026019	1.0	-0.2390060881739388	0.0	False		False		terpene		AT1G78970	LUP1
w:unfolded	word	unfolded	1	409	45	21633	1.1753871230643846	0.576758378026019	1.0	-0.2390060881739388	0.0	False		False		unfolded		AT5G48150	PAT1
w:vessel	word	vessel	1	409	45	21633	1.1753871230643846	0.576758378026019	1.0	-0.2390060881739388	0.0	False		False		vessel		AT5G19530	ACL5
w:enhance	word	enhance	3	409	158	21633	1.0042864659094426	0.5768623586736858	1.0	-0.23892779862835056	0.0	True		False		enhance		AT3G03830, AT3G03840, AT3G23250	SAUR28, SAUR27, MYB15
k:NAD	keyword	NAD	6	409	324	21633	0.9794892692203205	0.5772998806476582	1.0	-0.2385985322884273	0.0	True		False		NAD		AT1G22440, AT4G03140, AT4G12720, AT4G23510, AT5G07440, AT5G54500	AT1G22440, AT4G03140, NUDT7, AT4G23510, GDH2, FQR1
w:stomata	word	stomata	2	409	102	21633	1.03710628505681	0.5773722063384669	1.0	-0.2385441261088494	0.0	True		False		stomata		AT4G26080, AT5G37770	ABI1, TCH2
w:possess	word	possess	6	409	325	21633	0.976475456084258	0.5803098329049126	1.0	-0.23634007058631354	0.0	True		False		possess		AT1G02660, AT1G17060, AT3G56170, AT4G24160, AT4G30290, AT5G01840	PLIP2, CYP72C1, CAN, AT4G24160, XTH19, OFP1
w:nadph	word	nadph	3	409	159	21633	0.9979701988282511	0.5811456771524978	1.0	-0.23571498834428226	0.0	True		False		nadph		AT1G09940, AT4G17615, AT5G54500	HEMA2, CBL1, FQR1
w:sac	word	sac	3	409	159	21633	0.9979701988282511	0.5811456771524978	1.0	-0.23571498834428226	0.0	True		False		sac		AT2G34260, AT4G13235, AT4G37890	WDR55, EDA21, EDA40
p:potassium ion	phrase	potassium ion	2	409	103	21633	1.027037291998006	0.5826888115058175	1.0	-0.2345633209315334	0.0	True		False		potassium ion		AT2G30070, AT5G24270	KT1, SOS3
p:feedback loop	phrase	feedback loop	1	409	46	21633	1.1498352290847242	0.5847769913013271	1.0	-0.23300972351163715	0.0	False		False		feedback loop		AT2G45420	LBD18
p:polyamine transporter	phrase	polyamine transporter	1	409	46	21633	1.1498352290847242	0.5847769913013271	1.0	-0.23300972351163715	0.0	False		False		polyamine transporter		AT2G21050	LAX2
w:cdpk	word	cdpk	1	409	46	21633	1.1498352290847242	0.5847769913013271	1.0	-0.23300972351163715	0.0	False		False		cdpk		AT5G04870	CPK1
w:disruption	word	disruption	1	409	46	21633	1.1498352290847242	0.5847769913013271	1.0	-0.23300972351163715	0.0	False		False		disruption		AT5G45340	CYP707A3
w:distorted	word	distorted	1	409	46	21633	1.1498352290847242	0.5847769913013271	1.0	-0.23300972351163715	0.0	False		False		distorted		AT1G73590	PIN1
w:gap	word	gap	1	409	46	21633	1.1498352290847242	0.5847769913013271	1.0	-0.23300972351163715	0.0	False		False		gap		AT5G46750	AGD9
w:isolated	word	isolated	1	409	46	21633	1.1498352290847242	0.5847769913013271	1.0	-0.23300972351163715	0.0	False		False		isolated		AT4G13195	CLE44
w:prior	word	prior	1	409	46	21633	1.1498352290847242	0.5847769913013271	1.0	-0.23300972351163715	0.0	False		False		prior		AT3G60630	HAM2
w:elevated	word	elevated	3	409	160	21633	0.9917328850855746	0.5854015456446712	1.0	-0.2325461352263377	0.0	True		False		elevated		AT2G35930, AT3G25710, AT5G03730	PUB23, BHLH32, CTR1
w:position	word	position	4	409	216	21633	0.9794892692203206	0.5857310738818313	1.0	-0.23230173540957802	0.0	True		False		position		AT3G02320, AT3G56170, AT4G12110, AT5G45280	AtTRM1a, CAN, SMO1-1, PAE11
w:altered	word	altered	7	409	382	21633	0.9692328370818879	0.5860863103028353	1.0	-0.23203842267122596	0.0	True		False		altered		AT1G73590, AT1G74660, AT2G35930, AT3G23050, AT3G60630, AT4G39400, AT5G03730	PIN1, MIF1, PUB23, IAA7, HAM2, BRI1, CTR1
w:indistinguishable	word	indistinguishable	2	409	104	21633	1.0171619334211022	0.5879560505830023	1.0	-0.23065513600317883	0.0	True		False		indistinguishable		AT4G26080, AT5G67060	ABI1, HEC1
w:cellulose	word	cellulose	4	409	217	21633	0.9749754937861256	0.589378976183279	1.0	-0.22960535998666493	0.0	True		False		cellulose		AT1G20190, AT2G39700, AT3G28180, AT4G31590	EXPA11, EXPA4, CSLC04, CSLC5
k:GTPase activation	keyword	GTPase activation	1	409	47	21633	1.1253706497424958	0.592644050668435	1.0	-0.22720607096056655	0.0	False		False		GTPase activation		AT5G46750	AGD9
p:ascorbic acid	phrase	ascorbic acid	1	409	47	21633	1.1253706497424958	0.592644050668435	1.0	-0.22720607096056655	0.0	False		False		ascorbic acid		AT2G46740	GulLO5
p:cobalt ion	phrase	cobalt ion	1	409	47	21633	1.1253706497424958	0.592644050668435	1.0	-0.22720607096056655	0.0	False		False		cobalt ion		AT5G07440	GDH2
p:electron acceptor	phrase	electron acceptor	1	409	47	21633	1.1253706497424958	0.592644050668435	1.0	-0.22720607096056655	0.0	False		False		electron acceptor		AT1G30760	AtBBE-like 13
p:sister chromatid	phrase	sister chromatid	1	409	47	21633	1.1253706497424958	0.592644050668435	1.0	-0.22720607096056655	0.0	False		False		sister chromatid		AT5G15920	SMC5
w:ascorbic	word	ascorbic	1	409	47	21633	1.1253706497424958	0.592644050668435	1.0	-0.22720607096056655	0.0	False		False		ascorbic		AT2G46740	GulLO5
w:cellulase	word	cellulase	1	409	47	21633	1.1253706497424958	0.592644050668435	1.0	-0.22720607096056655	0.0	False		False		cellulase		AT5G66460	MAN7
w:efficiently	word	efficiently	1	409	47	21633	1.1253706497424958	0.592644050668435	1.0	-0.22720607096056655	0.0	False		False		efficiently		AT3G10870	MES17
w:gsh	word	gsh	1	409	47	21633	1.1253706497424958	0.592644050668435	1.0	-0.22720607096056655	0.0	False		False		gsh		AT5G13190	GILP
w:reproduction	word	reproduction	1	409	47	21633	1.1253706497424958	0.592644050668435	1.0	-0.22720607096056655	0.0	False		False		reproduction		AT4G17460	HAT1
p:reduced fertility	phrase	reduced fertility	4	409	218	21633	0.9705031291357304	0.5930080643858474	1.0	-0.22693940057425482	0.0	True		False		reduced fertility		AT3G27580, AT3G50660, AT4G39400, AT5G65640	ATPK7, DWF4, BRI1, bHLH093
p:delayed flowering	phrase	delayed flowering	2	409	105	21633	1.0074746769123297	0.5931738853996157	1.0	-0.22681797712527163	0.0	True		False		delayed flowering		AT4G08950, AT5G50570	EXO, SPL13A
w:stabilization	word	stabilization	2	409	105	21633	1.0074746769123297	0.5931738853996157	1.0	-0.22681797712527163	0.0	True		False		stabilization		AT1G55500, AT5G03730	ECT4, CTR1
p:xenobiotic detoxification	phrase	xenobiotic detoxification	1	409	48	21633	1.1019254278728605	0.6003624136479875	1.0	-0.22158650506341085	0.0	False		False		xenobiotic detoxification		AT1G58340	ZF14
w:chromatid	word	chromatid	1	409	48	21633	1.1019254278728605	0.6003624136479875	1.0	-0.22158650506341085	0.0	False		False		chromatid		AT5G15920	SMC5
w:delivery	word	delivery	1	409	48	21633	1.1019254278728605	0.6003624136479875	1.0	-0.22158650506341085	0.0	False		False		delivery		AT3G60640	ATG8G
w:grew	word	grew	1	409	48	21633	1.1019254278728605	0.6003624136479875	1.0	-0.22158650506341085	0.0	False		False		grew		AT1G08430	ALMT1
w:overlapping	word	overlapping	1	409	48	21633	1.1019254278728605	0.6003624136479875	1.0	-0.22158650506341085	0.0	False		False		overlapping		AT1G11000	MLO4
w:pcd	word	pcd	1	409	48	21633	1.1019254278728605	0.6003624136479875	1.0	-0.22158650506341085	0.0	False		False		pcd		AT5G13190	GILP
w:subgroup	word	subgroup	1	409	48	21633	1.1019254278728605	0.6003624136479875	1.0	-0.22158650506341085	0.0	False		False		subgroup		AT3G61160	ASK2
w:symptom	word	symptom	1	409	48	21633	1.1019254278728605	0.6003624136479875	1.0	-0.22158650506341085	0.0	False		False		symptom		AT4G26080	ABI1
w:resistance	word	resistance	18	409	992	21633	0.9597415016957174	0.6053698035932094	1.0	-0.21797924585039	0.0	True		False		resistance		AT1G08430, AT1G11000, AT1G19220, AT1G44830, AT1G52200, AT2G23150, AT2G37330, AT2G38470, AT3G12920, AT3G26470, AT4G12720, AT4G23510, AT4G26080, AT5G06860, AT5G15160, AT5G24270, AT5G48150, AT5G64900	ALMT1, MLO4, ARF19, ERF014, PCR8, NRAMP3, ALS3, WRKY33, BRG3, AT3G26470, NUDT7, AT4G23510, ABI1, PGIP1, BNQ2, SOS3, PAT1, PROPEP1
p:metabolite transporter	phrase	metabolite transporter	1	409	49	21633	1.079437153834639	0.6079348840124981	1.0	-0.21614293557679298	0.0	False		False		metabolite transporter		AT4G30420	UMAMIT34
p:udp galactose	phrase	udp galactose	1	409	49	21633	1.079437153834639	0.6079348840124981	1.0	-0.21614293557679298	0.0	False		False		udp galactose		AT4G39390	NST-K1
p:udp glucosyl	phrase	udp glucosyl	1	409	49	21633	1.079437153834639	0.6079348840124981	1.0	-0.21614293557679298	0.0	False		False		udp glucosyl		AT2G30140	UGT87A2
w:alone	word	alone	1	409	49	21633	1.079437153834639	0.6079348840124981	1.0	-0.21614293557679298	0.0	False		False		alone		AT4G39400	BRI1
w:buds	word	buds	1	409	49	21633	1.079437153834639	0.6079348840124981	1.0	-0.21614293557679298	0.0	False		False		buds		AT5G03730	CTR1
w:cobalt	word	cobalt	1	409	49	21633	1.079437153834639	0.6079348840124981	1.0	-0.21614293557679298	0.0	False		False		cobalt		AT5G07440	GDH2
w:cytosine	word	cytosine	1	409	49	21633	1.079437153834639	0.6079348840124981	1.0	-0.21614293557679298	0.0	False		False		cytosine		AT3G50660	DWF4
w:meristematic	word	meristematic	1	409	49	21633	1.079437153834639	0.6079348840124981	1.0	-0.21614293557679298	0.0	False		False		meristematic		AT4G17460	HAT1
w:newly	word	newly	1	409	49	21633	1.079437153834639	0.6079348840124981	1.0	-0.21614293557679298	0.0	False		False		newly		AT5G61900	BON1
w:palmitoyl	word	palmitoyl	1	409	49	21633	1.079437153834639	0.6079348840124981	1.0	-0.21614293557679298	0.0	False		False		palmitoyl		AT1G32190	AT1G32190
w:spontaneous	word	spontaneous	1	409	49	21633	1.079437153834639	0.6079348840124981	1.0	-0.21614293557679298	0.0	False		False		spontaneous		AT4G12720	NUDT7
w:tri	word	tri	1	409	49	21633	1.079437153834639	0.6079348840124981	1.0	-0.21614293557679298	0.0	False		False		tri		AT4G22380	AT4G22380
w:unaffected	word	unaffected	1	409	49	21633	1.079437153834639	0.6079348840124981	1.0	-0.21614293557679298	0.0	False		False		unaffected		AT4G39400	BRI1
w:compact	word	compact	2	409	108	21633	0.9794892692203206	0.6085308639856015	1.0	-0.21571738995863055	0.0	True		False		compact		AT4G39400, AT5G03730	BRI1, CTR1
w:guard	word	guard	3	409	166	21633	0.9558871181547706	0.6103517607208232	1.0	-0.21441979825211363	0.0	True		False		guard		AT1G75640, AT4G26080, AT5G65640	MUS, ABI1, bHLH093
w:proper	word	proper	4	409	223	21633	0.9487429692896379	0.6108666355200265	1.0	-0.2140535946343131	0.0	True		False		proper		AT1G04240, AT2G34260, AT3G24240, AT5G02760	SHY2, WDR55, RGI1, PP2C67
w:novel	word	novel	3	409	167	21633	0.9501632431957601	0.6144114017373008	1.0	-0.2115407336249027	0.0	True		False		novel		AT1G18850, AT1G23080, AT3G61460	PCP2, PIN7, BRH1
k:Pathogenesis-related protein	keyword	Pathogenesis-related protein	1	409	50	21633	1.0578484107579462	0.6153642127948783	1.0	-0.21086776424331347	0.0	False		False		Pathogenesis-related protein		AT1G11000	MLO4
p:cysteine proteinase	phrase	cysteine proteinase	1	409	50	21633	1.0578484107579462	0.6153642127948783	1.0	-0.21086776424331347	0.0	False		False		cysteine proteinase		AT3G02070	OTU12
p:hyperosmotic salinity	phrase	hyperosmotic salinity	1	409	50	21633	1.0578484107579462	0.6153642127948783	1.0	-0.21086776424331347	0.0	False		False		hyperosmotic salinity		AT5G59820	RHL41
p:mate efflux	phrase	mate efflux	1	409	50	21633	1.0578484107579462	0.6153642127948783	1.0	-0.21086776424331347	0.0	False		False		mate efflux		AT1G58340	ZF14
w:balance	word	balance	1	409	50	21633	1.0578484107579462	0.6153642127948783	1.0	-0.21086776424331347	0.0	False		False		balance		AT4G12110	SMO1-1
w:cortex	word	cortex	1	409	50	21633	1.0578484107579462	0.6153642127948783	1.0	-0.21086776424331347	0.0	False		False		cortex		AT1G73590	PIN1
w:cuticular	word	cuticular	1	409	50	21633	1.0578484107579462	0.6153642127948783	1.0	-0.21086776424331347	0.0	False		False		cuticular		AT1G79700	WRI4
w:phenylalanine	word	phenylalanine	1	409	50	21633	1.0578484107579462	0.6153642127948783	1.0	-0.21086776424331347	0.0	False		False		phenylalanine		AT5G04870	CPK1
w:ssu	word	ssu	1	409	50	21633	1.0578484107579462	0.6153642127948783	1.0	-0.21086776424331347	0.0	False		False		ssu		AT4G22380	AT4G22380
w:triacylglycerol	word	triacylglycerol	1	409	50	21633	1.0578484107579462	0.6153642127948783	1.0	-0.21086776424331347	0.0	False		False		triacylglycerol		AT4G24160	AT4G24160
w:undergoe	word	undergoe	1	409	50	21633	1.0578484107579462	0.6153642127948783	1.0	-0.21086776424331347	0.0	False		False		undergoe		AT5G37770	TCH2
p:arm repeat	phrase	arm repeat	2	409	110	21633	0.9616803734163146	0.6185219536010951	1.0	-0.2086448810654063	0.0	True		False		arm repeat		AT5G37630, AT5G62580	EMB2656, TOR1L3
p:rrna processing	phrase	rrna processing	2	409	110	21633	0.9616803734163146	0.6185219536010951	1.0	-0.2086448810654063	0.0	True		False		rrna processing		AT1G18850, AT4G22380	PCP2, AT4G22380
w:extent	word	extent	2	409	110	21633	0.9616803734163146	0.6185219536010951	1.0	-0.2086448810654063	0.0	True		False		extent		AT2G35930, AT2G42430	PUB23, LBD16
w:terminus	word	terminus	2	409	110	21633	0.9616803734163146	0.6185219536010951	1.0	-0.2086448810654063	0.0	True		False		terminus		AT1G19220, AT3G02170	ARF19, LNG2
w:wide	word	wide	2	409	110	21633	0.9616803734163146	0.6185219536010951	1.0	-0.2086448810654063	0.0	True		False		wide		AT4G24570, AT5G61900	DIC2, BON1
w:yeast	word	yeast	7	409	395	21633	0.9373340348488131	0.6212405314089192	1.0	-0.20674021747502225	0.0	True		False		yeast		AT1G06080, AT1G19220, AT1G23080, AT1G27730, AT2G43290, AT3G44260, AT5G22250	ADS1, ARF19, PIN7, STZ, MSS3, CAF1a, CAF1b
p:glucosyl transferase	phrase	glucosyl transferase	1	409	51	21633	1.03710628505681	0.6226530992780783	1.0	-0.20575384584409787	0.0	False		False		glucosyl transferase		AT2G30140	UGT87A2
w:galactolipid	word	galactolipid	1	409	51	21633	1.03710628505681	0.6226530992780783	1.0	-0.20575384584409787	0.0	False		False		galactolipid		AT1G02660	PLIP2
w:glutaredoxin	word	glutaredoxin	1	409	51	21633	1.03710628505681	0.6226530992780783	1.0	-0.20575384584409787	0.0	False		False		glutaredoxin		AT3G28850	AT3G28850
w:medial	word	medial	1	409	51	21633	1.03710628505681	0.6226530992780783	1.0	-0.20575384584409787	0.0	False		False		medial		AT3G62720	XT1
w:modifier	word	modifier	1	409	51	21633	1.03710628505681	0.6226530992780783	1.0	-0.20575384584409787	0.0	False		False		modifier		AT3G60640	ATG8G
w:phosphorus	word	phosphorus	1	409	51	21633	1.03710628505681	0.6226530992780783	1.0	-0.20575384584409787	0.0	False		False		phosphorus		AT2G40940	ERS1
w:structure	word	structure	7	409	396	21633	0.9349670297103059	0.6238764231013012	1.0	-0.20490142647170395	0.0	True		False		structure		AT1G73590, AT4G25420, AT4G26080, AT4G28490, AT4G32460, AT4G39400, AT5G09970	PIN1, GA20OX1, ABI1, HAE, BDX, BRI1, CYP78A7
w:udp	word	udp	6	409	341	21633	0.9306584258867563	0.6269346368306015	1.0	-0.20277773563423065	0.0	True		False		udp		AT2G30140, AT2G37330, AT3G62720, AT4G12720, AT4G15550, AT4G39390	UGT87A2, ALS3, XT1, NUDT7, IAGLU, NST-K1
w:convert	word	convert	4	409	228	21633	0.927937202419251	0.628236307071033	1.0	-0.2018769684390049	0.0	True		False		convert		AT1G02400, AT1G78970, AT2G39030, AT3G50660	GA2OX6, LUP1, NATA1, DWF4
w:damage	word	damage	4	409	228	21633	0.927937202419251	0.628236307071033	1.0	-0.2018769684390049	0.0	True		False		damage		AT4G24570, AT5G06860, AT5G15920, AT5G63790	DIC2, PGIP1, SMC5, NAC102
w:stability	word	stability	5	409	285	21633	0.9279372024192512	0.6284130910708741	1.0	-0.20175477633635513	0.0	True		False		stability		AT1G55500, AT1G77000, AT2G35930, AT3G12920, AT4G25280	ECT4, SKP2B, PUB23, BRG3, UMK2
p:antimicrobial extrusion	phrase	antimicrobial extrusion	1	409	52	21633	1.0171619334211022	0.6298041919662101	1.0	-0.20079445303301796	0.0	False		False		antimicrobial extrusion		AT1G58340	ZF14
p:compound extrusion	phrase	compound extrusion	1	409	52	21633	1.0171619334211022	0.6298041919662101	1.0	-0.20079445303301796	0.0	False		False		compound extrusion		AT1G58340	ZF14
p:multi antimicrobial	phrase	multi antimicrobial	1	409	52	21633	1.0171619334211022	0.6298041919662101	1.0	-0.20079445303301796	0.0	False		False		multi antimicrobial		AT1G58340	ZF14
w:biotic	word	biotic	1	409	52	21633	1.0171619334211022	0.6298041919662101	1.0	-0.20079445303301796	0.0	False		False		biotic		AT5G65300	SUPA
w:dehiscence	word	dehiscence	1	409	52	21633	1.0171619334211022	0.6298041919662101	1.0	-0.20079445303301796	0.0	False		False		dehiscence		AT5G66460	MAN7
w:depend	word	depend	1	409	52	21633	1.0171619334211022	0.6298041919662101	1.0	-0.20079445303301796	0.0	False		False		depend		AT1G73590	PIN1
w:multi	word	multi	1	409	52	21633	1.0171619334211022	0.6298041919662101	1.0	-0.20079445303301796	0.0	False		False		multi		AT1G58340	ZF14
w:triggering	word	triggering	1	409	52	21633	1.0171619334211022	0.6298041919662101	1.0	-0.20079445303301796	0.0	False		False		triggering		AT3G58190	LBD29
w:unique	word	unique	1	409	52	21633	1.0171619334211022	0.6298041919662101	1.0	-0.20079445303301796	0.0	False		False		unique		AT2G43290	MSS3
w:utilization	word	utilization	1	409	52	21633	1.0171619334211022	0.6298041919662101	1.0	-0.20079445303301796	0.0	False		False		utilization		AT1G23730	BCA3
w:width	word	width	1	409	52	21633	1.0171619334211022	0.6298041919662101	1.0	-0.20079445303301796	0.0	False		False		width		AT2G45400	BEN1
w:glycosyl	word	glycosyl	8	409	455	21633	0.9299766248421505	0.6316352504943122	1.0	-0.19953364074738988	0.0	True		False		glycosyl		AT1G10550, AT1G60260, AT1G61820, AT4G25810, AT4G30280, AT4G30290, AT5G57560, AT5G66460	XTH33, BGLU5, BGLU46, XTR6, XTH18, XTH19, TCH4, MAN7
w:oomycete	word	oomycete	2	409	113	21633	0.936149036068979	0.6331393975239087	1.0	-0.19850066137210245	0.0	True		False		oomycete		AT2G35930, AT4G38540	PUB23, MO2
w:endomembrane	word	endomembrane	3	409	172	21633	0.9225422186842553	0.6342803025929544	1.0	-0.19771877529339987	0.0	True		False		endomembrane		AT2G43290, AT3G29170, AT5G10520	MSS3, AT3G29170, RBK1
k:Ubl conjugation	keyword	Ubl conjugation	4	409	230	21633	0.9198681832677793	0.6350444423583042	1.0	-0.19719588038426933	0.0	True		False		Ubl conjugation		AT1G34110, AT2G22810, AT2G35930, AT3G24240	RGI5, ACS4, PUB23, RGI1
k:Host-virus interaction	keyword	Host-virus interaction	1	409	53	21633	0.9979701988282511	0.6368200895374914	1.0	-0.1959832445202989	0.0	False		False		Host-virus interaction		AT3G24240	RGI1
p:toxic compound	phrase	toxic compound	1	409	53	21633	0.9979701988282511	0.6368200895374914	1.0	-0.1959832445202989	0.0	False		False		toxic compound		AT1G58340	ZF14
p:xenobiotic transmembrane	phrase	xenobiotic transmembrane	1	409	53	21633	0.9979701988282511	0.6368200895374914	1.0	-0.1959832445202989	0.0	False		False		xenobiotic transmembrane		AT1G58340	ZF14
w:constitute	word	constitute	1	409	53	21633	0.9979701988282511	0.6368200895374914	1.0	-0.1959832445202989	0.0	False		False		constitute		AT3G25900	HMT-1
w:parasitica	word	parasitica	1	409	53	21633	0.9979701988282511	0.6368200895374914	1.0	-0.1959832445202989	0.0	False		False		parasitica		AT4G12720	NUDT7
w:showing	word	showing	1	409	53	21633	0.9979701988282511	0.6368200895374914	1.0	-0.1959832445202989	0.0	False		False		showing		AT1G04310	ERS2
k:Prenylation	keyword	Prenylation	2	409	114	21633	0.927937202419251	0.6379137948513112	1.0	-0.19523800615331	0.0	True		False		Prenylation		AT3G48970, AT4G38580	HIPP31, FP6
w:implicated	word	implicated	2	409	114	21633	0.927937202419251	0.6379137948513112	1.0	-0.19523800615331	0.0	True		False		implicated		AT3G62100, AT4G32460	IAA30, BDX
w:granule	word	granule	3	409	173	21633	0.9172096047034216	0.6381676893982982	1.0	-0.19506518803227654	0.0	True		False		granule		AT1G05010, AT1G76650, AT5G44260	EFE, CML38, TZF5
w:forming	word	forming	4	409	231	21633	0.9158860699202996	0.6384182234313667	1.0	-0.1948947246919028	0.0	True		False		forming		AT1G05010, AT1G74660, AT3G44540, AT3G62720	EFE, MIF1, FAR4, XT1
w:ovule	word	ovule	4	409	232	21633	0.9119382851361606	0.6417717126845306	1.0	-0.1926194291784319	0.0	True		False		ovule		AT1G51170, AT3G20830, AT5G01180, AT5G03670	UCN, UCNL, PTR5, TRM28
w:proteasome	word	proteasome	4	409	232	21633	0.9119382851361606	0.6417717126845306	1.0	-0.1926194291784319	0.0	True		False		proteasome		AT3G12920, AT3G23050, AT4G22820, AT4G26080	BRG3, IAA7, SAP9, ABI1
k:Abscisic acid signaling pathway	keyword	Abscisic acid signaling pathway	3	409	174	21633	0.9119382851361606	0.6420261373829471	1.0	-0.1924472911054121	0.0	True		False		Abscisic acid signaling pathway		AT4G17615, AT4G26080, AT5G52900	CBL1, ABI1, MAKR6
k:Amino-acid transport	keyword	Amino-acid transport	1	409	54	21633	0.9794892692203206	0.6437033417793432	1.0	-0.19131423622979846	0.0	False		False		Amino-acid transport		AT2G21050	LAX2
p:basic leucine	phrase	basic leucine	1	409	54	21633	0.9794892692203206	0.6437033417793432	1.0	-0.19131423622979846	0.0	False		False		basic leucine		AT3G58120	BZIP61
w:dag	word	dag	1	409	54	21633	0.9794892692203206	0.6437033417793432	1.0	-0.19131423622979846	0.0	False		False		dag		AT2G41820	PXC3
w:fmn	word	fmn	1	409	54	21633	0.9794892692203206	0.6437033417793432	1.0	-0.19131423622979846	0.0	False		False		fmn		AT5G54500	FQR1
w:generated	word	generated	1	409	54	21633	0.9794892692203206	0.6437033417793432	1.0	-0.19131423622979846	0.0	False		False		generated		AT5G63790	NAC102
w:operate	word	operate	1	409	54	21633	0.9794892692203206	0.6437033417793432	1.0	-0.19131423622979846	0.0	False		False		operate		AT5G24270	SOS3
w:phylogenetic	word	phylogenetic	1	409	54	21633	0.9794892692203206	0.6437033417793432	1.0	-0.19131423622979846	0.0	False		False		phylogenetic		AT1G11000	MLO4
w:polygalacturonase	word	polygalacturonase	1	409	54	21633	0.9794892692203206	0.6437033417793432	1.0	-0.19131423622979846	0.0	False		False		polygalacturonase		AT5G06860	PGIP1
w:protection	word	protection	1	409	54	21633	0.9794892692203206	0.6437033417793432	1.0	-0.19131423622979846	0.0	False		False		protection		AT1G01470	LEA14
w:tapetum	word	tapetum	1	409	54	21633	0.9794892692203206	0.6437033417793432	1.0	-0.19131423622979846	0.0	False		False		tapetum		AT4G39400	BRI1
k:ATP-binding	keyword	ATP-binding	37	409	2052	21633	0.9537132358197858	0.6450887839633948	1.0	-0.1903805090362748	0.0	True		False		ATP-binding		AT1G04310, AT1G11050, AT1G21980, AT1G25320, AT1G30570, AT1G34110, AT1G51170, AT1G63500, AT1G68400, AT1G73080, AT1G75640, AT2G17530, AT2G25790, AT2G30040, AT2G39350, AT2G40940, AT2G41820, AT2G44830, AT2G48010, AT3G13380, AT3G20830, AT3G24240, AT3G27580, AT3G50930, AT3G61160, AT4G20320, AT4G25280, AT4G28490, AT4G39400, AT5G03730, AT5G04870, AT5G05160, AT5G10520, AT5G15920, AT5G40540, AT5G59010, AT5G63650	ERS2, AT1G11050, PIP5K1, SENRK1, HERK2, RGI5, UCN, BSK7, AT1G68400, PEPR1, MUS, MJB20.9, SKM1, MAPKKK14, ABCG1, ERS1, PXC3, PAX, RKF3, BRL3, UCNL, RGI1, ATPK7, BCS1, ASK2, CTPS4, UMK2, HAE, BRI1, CTR1, CPK1, RUL1, RBK1, SMC5, MNF13.60, BSK5, SNRK2.5
w:pmid	word	pmid	2	409	116	21633	0.9119382851361606	0.6473161798013315	1.0	-0.1888835375663154	0.0	True		False		pmid		AT1G29510, AT2G01420	SAUR68, PIN4
p:fresh weight	phrase	fresh weight	1	409	55	21633	0.9616803734163146	0.6504564505059867	1.0	-0.18678177510250144	0.0	False		False		fresh weight		AT5G24270	SOS3
p:trans cisterna	phrase	trans cisterna	1	409	55	21633	0.9616803734163146	0.6504564505059867	1.0	-0.18678177510250144	0.0	False		False		trans cisterna		AT3G28180	CSLC04
w:cam	word	cam	1	409	55	21633	0.9616803734163146	0.6504564505059867	1.0	-0.18678177510250144	0.0	False		False		cam		AT2G43290	MSS3
w:junction	word	junction	1	409	55	21633	0.9616803734163146	0.6504564505059867	1.0	-0.18678177510250144	0.0	False		False		junction		AT2G41100	TCH3
w:loading	word	loading	1	409	55	21633	0.9616803734163146	0.6504564505059867	1.0	-0.18678177510250144	0.0	False		False		loading		AT2G21050	LAX2
w:represent	word	represent	1	409	55	21633	0.9616803734163146	0.6504564505059867	1.0	-0.18678177510250144	0.0	False		False		represent		AT1G08430	ALMT1
w:repressed	word	repressed	1	409	55	21633	0.9616803734163146	0.6504564505059867	1.0	-0.18678177510250144	0.0	False		False		repressed		AT1G57560	MYB50
w:sister	word	sister	1	409	55	21633	0.9616803734163146	0.6504564505059867	1.0	-0.18678177510250144	0.0	False		False		sister		AT5G15920	SMC5
w:viral	word	viral	1	409	55	21633	0.9616803734163146	0.6504564505059867	1.0	-0.18678177510250144	0.0	False		False		viral		AT1G55500	ECT4
w:nacl	word	nacl	2	409	117	21633	0.9041439408187575	0.6519444511361123	1.0	-0.18578940671102281	0.0	True		False		nacl		AT5G03730, AT5G24270	CTR1, SOS3
w:glucosidase	word	glucosidase	2	409	118	21633	0.8964817040321578	0.6565243175281996	1.0	-0.18274918309663415	0.0	True		False		glucosidase		AT1G60260, AT1G61820	BGLU5, BGLU46
w:oligopeptide	word	oligopeptide	2	409	118	21633	0.8964817040321578	0.6565243175281996	1.0	-0.18274918309663415	0.0	True		False		oligopeptide		AT1G59740, AT5G01180	NPF4.3, PTR5
p:golgi trans	phrase	golgi trans	1	409	56	21633	0.944507509605309	0.6570818704588579	1.0	-0.18238051526009505	0.0	False		False		golgi trans		AT3G28180	CSLC04
w:cleaved	word	cleaved	1	409	56	21633	0.944507509605309	0.6570818704588579	1.0	-0.18238051526009505	0.0	False		False		cleaved		AT5G64900	PROPEP1
w:code	word	code	1	409	56	21633	0.944507509605309	0.6570818704588579	1.0	-0.18238051526009505	0.0	False		False		code		AT2G14960	GH3.1
w:eventually	word	eventually	1	409	56	21633	0.944507509605309	0.6570818704588579	1.0	-0.18238051526009505	0.0	False		False		eventually		AT5G03730	CTR1
w:extra	word	extra	1	409	56	21633	0.944507509605309	0.6570818704588579	1.0	-0.18238051526009505	0.0	False		False		extra		AT5G09970	CYP78A7
w:glucoside	word	glucoside	1	409	56	21633	0.944507509605309	0.6570818704588579	1.0	-0.18238051526009505	0.0	False		False		glucoside		AT1G61820	BGLU46
w:order	word	order	1	409	56	21633	0.944507509605309	0.6570818704588579	1.0	-0.18238051526009505	0.0	False		False		order		AT2G37330	ALS3
w:phosphotransferase	word	phosphotransferase	1	409	56	21633	0.944507509605309	0.6570818704588579	1.0	-0.18238051526009505	0.0	False		False		phosphotransferase		AT4G25280	UMK2
w:prime	word	prime	1	409	56	21633	0.944507509605309	0.6570818704588579	1.0	-0.18238051526009505	0.0	False		False		prime		AT1G06080	ADS1
w:quinone	word	quinone	1	409	56	21633	0.944507509605309	0.6570818704588579	1.0	-0.18238051526009505	0.0	False		False		quinone		AT5G54500	FQR1
w:circadian	word	circadian	3	409	178	21633	0.8914452899645613	0.6571697398754113	1.0	-0.182322442357625	0.0	True		False		circadian		AT4G25420, AT5G12050, AT5G51810	GA20OX1, BG1, GA20OX2
w:stomatal	word	stomatal	7	409	409	21633	0.9052492512598561	0.6572008384372934	1.0	-0.1823018911766325	0.0	True		False		stomatal		AT1G75640, AT3G49220, AT3G63440, AT4G17615, AT4G26080, AT5G13330, AT5G65640	MUS, PME34, CKX6, CBL1, ABI1, Rap2.6L, bHLH093
p:abc transporter	phrase	abc transporter	2	409	119	21633	0.8889482443344086	0.6610559500949804	1.0	-0.17976178137791818	0.0	True		False		abc transporter		AT2G37330, AT2G39350	ALS3, ABCG1
w:open	word	open	2	409	119	21633	0.8889482443344086	0.6610559500949804	1.0	-0.17976178137791818	0.0	True		False		open		AT3G27580, AT5G03730	ATPK7, CTR1
k:Lyase	keyword	Lyase	5	409	296	21633	0.8934530496266438	0.661258456271387	1.0	-0.17962876109888493	0.0	True		False		Lyase		AT1G23730, AT1G78970, AT2G22810, AT4G11280, AT4G37770	BCA3, LUP1, ACS4, ACS6, ACS8
w:strong	word	strong	4	409	238	21633	0.8889482443344086	0.6614629035711934	1.0	-0.17949450707147044	0.0	True		False		strong		AT1G73590, AT1G79700, AT4G39400, AT5G45280	PIN1, WRI4, BRI1, PAE11
k:DNA recombination	keyword	DNA recombination	1	409	57	21633	0.927937202419251	0.6635820101901613	1.0	-0.17810539627794605	0.0	False		False		DNA recombination		AT5G15920	SMC5
w:desiccation	word	desiccation	1	409	57	21633	0.927937202419251	0.6635820101901613	1.0	-0.17810539627794605	0.0	False		False		desiccation		AT1G01470	LEA14
w:gametogenesis	word	gametogenesis	1	409	57	21633	0.927937202419251	0.6635820101901613	1.0	-0.17810539627794605	0.0	False		False		gametogenesis		AT2G34260	WDR55
w:germinated	word	germinated	1	409	57	21633	0.927937202419251	0.6635820101901613	1.0	-0.17810539627794605	0.0	False		False		germinated		AT1G19220	ARF19
w:purple	word	purple	1	409	57	21633	0.927937202419251	0.6635820101901613	1.0	-0.17810539627794605	0.0	False		False		purple		AT5G15160	BNQ2
w:rop	word	rop	1	409	57	21633	0.927937202419251	0.6635820101901613	1.0	-0.17810539627794605	0.0	False		False		rop		AT5G10520	RBK1
w:stable	word	stable	1	409	57	21633	0.927937202419251	0.6635820101901613	1.0	-0.17810539627794605	0.0	False		False		stable		AT3G50660	DWF4
w:treated	word	treated	1	409	57	21633	0.927937202419251	0.6635820101901613	1.0	-0.17810539627794605	0.0	False		False		treated		AT2G42430	LBD16
w:variable	word	variable	1	409	57	21633	0.927937202419251	0.6635820101901613	1.0	-0.17810539627794605	0.0	False		False		variable		AT5G67060	HEC1
k:Nucleotide-binding	keyword	Nucleotide-binding	43	409	2395	21633	0.9496342727054631	0.6650109188787119	1.0	-0.17717122391517634	0.0	True		False		Nucleotide-binding		AT1G04310, AT1G11050, AT1G21980, AT1G25320, AT1G30570, AT1G30700, AT1G30720, AT1G30760, AT1G34110, AT1G51170, AT1G63500, AT1G68400, AT1G73080, AT1G75640, AT2G17530, AT2G25790, AT2G30040, AT2G39350, AT2G40940, AT2G41820, AT2G44830, AT2G48010, AT3G13380, AT3G20830, AT3G24240, AT3G27580, AT3G49640, AT3G50930, AT3G61160, AT4G20320, AT4G20830, AT4G25280, AT4G28490, AT4G39400, AT5G03730, AT5G04870, AT5G05160, AT5G10520, AT5G15920, AT5G40540, AT5G54500, AT5G59010, AT5G63650	ERS2, AT1G11050, PIP5K1, SENRK1, HERK2, AtBBE8, AtBBE10, AtBBE-like 13, RGI5, UCN, BSK7, AT1G68400, PEPR1, MUS, MJB20.9, SKM1, MAPKKK14, ABCG1, ERS1, PXC3, PAX, RKF3, BRL3, UCNL, RGI1, ATPK7, AT3G49640, BCS1, ASK2, CTPS4, AtBBE19, UMK2, HAE, BRI1, CTR1, CPK1, RUL1, RBK1, SMC5, MNF13.60, FQR1, BSK5, SNRK2.5
w:human	word	human	2	409	120	21633	0.8815403422982885	0.6655395307755386	1.0	-0.17682614381393197	0.0	True		False		human		AT1G77000, AT2G34260	SKP2B, WDR55
p:guanine nucleotide	phrase	guanine nucleotide	1	409	58	21633	0.9119382851361606	0.6699592329298825	1.0	-0.17395162334731856	0.0	False		False		guanine nucleotide		AT5G57340	MJB24.15
w:limited	word	limited	1	409	58	21633	0.9119382851361606	0.6699592329298825	1.0	-0.17395162334731856	0.0	False		False		limited		AT5G24270	SOS3
w:multiprotein	word	multiprotein	1	409	58	21633	0.9119382851361606	0.6699592329298825	1.0	-0.17395162334731856	0.0	False		False		multiprotein		AT3G28180	CSLC04
w:physiological	word	physiological	1	409	58	21633	0.9119382851361606	0.6699592329298825	1.0	-0.17395162334731856	0.0	False		False		physiological		AT5G19440	AT5G19440
w:polymerization	word	polymerization	1	409	58	21633	0.9119382851361606	0.6699592329298825	1.0	-0.17395162334731856	0.0	False		False		polymerization		AT3G62720	XT1
w:resulted	word	resulted	1	409	58	21633	0.9119382851361606	0.6699592329298825	1.0	-0.17395162334731856	0.0	False		False		resulted		AT4G26080	ABI1
w:slower	word	slower	1	409	58	21633	0.9119382851361606	0.6699592329298825	1.0	-0.17395162334731856	0.0	False		False		slower		AT3G23050	IAA7
k:Phospholipid biosynthesis	keyword	Phospholipid biosynthesis	1	409	59	21633	0.8964817040321578	0.6762158574365649	1.0	-0.16991464913303003	0.0	False		False		Phospholipid biosynthesis		AT4G24160	AT4G24160
w:common	word	common	1	409	59	21633	0.8964817040321578	0.6762158574365649	1.0	-0.16991464913303003	0.0	False		False		common		AT4G22380	AT4G22380
w:exclusively	word	exclusively	1	409	59	21633	0.8964817040321578	0.6762158574365649	1.0	-0.16991464913303003	0.0	False		False		exclusively		AT5G07440	GDH2
w:expressing	word	expressing	1	409	59	21633	0.8964817040321578	0.6762158574365649	1.0	-0.16991464913303003	0.0	False		False		expressing		AT3G59900	ARGOS
w:fyve	word	fyve	1	409	59	21633	0.8964817040321578	0.6762158574365649	1.0	-0.16991464913303003	0.0	False		False		fyve		AT1G65920	PRAF1
w:internal	word	internal	1	409	59	21633	0.8964817040321578	0.6762158574365649	1.0	-0.16991464913303003	0.0	False		False		internal		AT1G55500	ECT4
w:remove	word	remove	1	409	59	21633	0.8964817040321578	0.6762158574365649	1.0	-0.16991464913303003	0.0	False		False		remove		AT3G02070	OTU12
w:resemble	word	resemble	1	409	59	21633	0.8964817040321578	0.6762158574365649	1.0	-0.16991464913303003	0.0	False		False		resemble		AT4G39400	BRI1
w:slowly	word	slowly	1	409	59	21633	0.8964817040321578	0.6762158574365649	1.0	-0.16991464913303003	0.0	False		False		slowly		AT4G17615	CBL1
w:rich	word	rich	18	409	1038	21633	0.9172096047034216	0.6808872069177727	1.0	-0.16692482563545136	0.0	True		False		rich		AT1G23040, AT1G25320, AT1G34110, AT1G68400, AT1G73080, AT1G75640, AT1G77000, AT2G25790, AT2G41820, AT3G04570, AT3G24240, AT4G22470, AT4G28490, AT4G39400, AT5G05160, AT5G12940, AT5G40590, AT5G49350	AT1G23040, SENRK1, RGI5, AT1G68400, PEPR1, MUS, SKP2B, SKM1, PXC3, AHL19, RGI1, DHYPRP1, HAE, BRI1, RUL1, AT5G12940, MNF13.11, AT5G49350
w:ptdin	word	ptdin	1	409	60	21633	0.8815403422982885	0.6823541588321544	1.0	-0.16599015715554227	0.0	False		False		ptdin		AT1G21980	PIP5K1
w:status	word	status	1	409	60	21633	0.8815403422982885	0.6823541588321544	1.0	-0.16599015715554227	0.0	False		False		status		AT4G32460	BDX
w:able	word	able	3	409	185	21633	0.8577149276415781	0.6825510609245159	1.0	-0.1658648539600629	0.0	True		False		able		AT2G43060, AT3G62720, AT4G24160	IBH1, XT1, AT4G24160
w:arm	word	arm	2	409	125	21633	0.846278728606357	0.6872437234157001	1.0	-0.16288921786990587	0.0	True		False		arm		AT5G37630, AT5G62580	EMB2656, TOR1L3
p:cmgc ser	phrase	cmgc ser	1	409	61	21633	0.8670888612770051	0.6883763694212078	1.0	-0.16217404654627768	0.0	False		False		cmgc ser		AT3G61160	ASK2
w:bushy	word	bushy	1	409	61	21633	0.8670888612770051	0.6883763694212078	1.0	-0.16217404654627768	0.0	False		False		bushy		AT5G09970	CYP78A7
w:cmgc	word	cmgc	1	409	61	21633	0.8670888612770051	0.6883763694212078	1.0	-0.16217404654627768	0.0	False		False		cmgc		AT3G61160	ASK2
w:pavement	word	pavement	1	409	61	21633	0.8670888612770051	0.6883763694212078	1.0	-0.16217404654627768	0.0	False		False		pavement		AT5G01840	OFP1
w:coat	word	coat	4	409	247	21633	0.8565574176177702	0.6896014684799017	1.0	-0.16140182236890185	0.0	True		False		coat		AT1G73590, AT2G39350, AT3G44540, AT5G66460	PIN1, ABCG1, FAR4, MAN7
w:subsequent	word	subsequent	6	409	365	21633	0.869464447198312	0.6909458014592899	1.0	-0.16055601782162163	0.0	True		False		subsequent		AT1G25280, AT1G67340, AT1G77000, AT1G78100, AT4G37590, AT5G65300	TLP10, AT1G67340, SKP2B, AUF1, NPY5, SUPA
k:Phospholipid metabolism	keyword	Phospholipid metabolism	1	409	62	21633	0.8531035570628599	0.6942846794947626	1.0	-0.1584624180421581	0.0	False		False		Phospholipid metabolism		AT4G24160	AT4G24160
p:late endosome	phrase	late endosome	1	409	62	21633	0.8531035570628599	0.6942846794947626	1.0	-0.1584624180421581	0.0	False		False		late endosome		AT1G58340	ZF14
w:adaptation	word	adaptation	1	409	62	21633	0.8531035570628599	0.6942846794947626	1.0	-0.1584624180421581	0.0	False		False		adaptation		AT5G57560	TCH4
w:contributing	word	contributing	1	409	62	21633	0.8531035570628599	0.6942846794947626	1.0	-0.1584624180421581	0.0	False		False		contributing		AT2G21050	LAX2
w:ltp	word	ltp	1	409	62	21633	0.8531035570628599	0.6942846794947626	1.0	-0.1584624180421581	0.0	False		False		ltp		AT4G22470	DHYPRP1
w:mammalian	word	mammalian	1	409	62	21633	0.8531035570628599	0.6942846794947626	1.0	-0.1584624180421581	0.0	False		False		mammalian		AT1G23080	PIN7
w:mutase	word	mutase	1	409	62	21633	0.8531035570628599	0.6942846794947626	1.0	-0.1584624180421581	0.0	False		False		mutase		AT1G78970	LUP1
w:unlike	word	unlike	1	409	62	21633	0.8531035570628599	0.6942846794947626	1.0	-0.1584624180421581	0.0	False		False		unlike		AT1G73080	PEPR1
p:high affinity	phrase	high affinity	2	409	127	21633	0.832951504533816	0.6955964880769936	1.0	-0.15764261932693407	0.0	True		False		high affinity		AT2G30070, AT5G01180	KT1, PTR5
w:mannose	word	mannose	2	409	127	21633	0.832951504533816	0.6955964880769936	1.0	-0.15764261932693407	0.0	True		False		mannose		AT4G12720, AT5G03730	NUDT7, CTR1
w:tail	word	tail	2	409	127	21633	0.832951504533816	0.6955964880769936	1.0	-0.15764261932693407	0.0	True		False		tail		AT3G44260, AT5G22250	CAF1a, CAF1b
w:transporter	word	transporter	18	409	1050	21633	0.9067272092210968	0.6992248940927673	1.0	-0.1553831181673273	0.0	True		False		transporter		AT1G08430, AT1G23080, AT1G34370, AT1G58340, AT1G59740, AT1G70940, AT1G73590, AT1G78100, AT2G01420, AT2G21050, AT2G23150, AT2G30070, AT2G37330, AT2G39350, AT4G24570, AT4G30420, AT4G39390, AT5G01180	ALMT1, PIN7, STOP1, ZF14, NPF4.3, PIN3, PIN1, AUF1, PIN4, LAX2, NRAMP3, KT1, ALS3, ABCG1, DIC2, UMAMIT34, NST-K1, PTR5
w:acetylation	word	acetylation	2	409	128	21633	0.8264440709046454	0.6997033537548111	1.0	-0.15508604446185184	0.0	True		False		acetylation		AT4G39400, AT5G45280	BRI1, PAE11
w:homozygote	word	homozygote	2	409	128	21633	0.8264440709046454	0.6997033537548111	1.0	-0.15508604446185184	0.0	True		False		homozygote		AT1G02660, AT2G38470	PLIP2, WRKY33
p:actin cytoskeleton	phrase	actin cytoskeleton	1	409	63	21633	0.8395622307602747	0.7000812381191491	1.0	-0.15485156110038467	0.0	False		False		actin cytoskeleton		AT5G37770	TCH2
p:male sterile	phrase	male sterile	1	409	63	21633	0.8395622307602747	0.7000812381191491	1.0	-0.15485156110038467	0.0	False		False		male sterile		AT4G39400	BRI1
w:heart	word	heart	1	409	63	21633	0.8395622307602747	0.7000812381191491	1.0	-0.15485156110038467	0.0	False		False		heart		AT2G34260	WDR55
w:increasing	word	increasing	1	409	63	21633	0.8395622307602747	0.7000812381191491	1.0	-0.15485156110038467	0.0	False		False		increasing		AT1G29440	SAUR63
w:pep	word	pep	1	409	63	21633	0.8395622307602747	0.7000812381191491	1.0	-0.15485156110038467	0.0	False		False		pep		AT1G73080	PEPR1
w:transferase	word	transferase	17	409	997	21633	0.9018767794827024	0.7036996668782739	1.0	-0.15261265456157957	0.0	True		False		transferase		AT1G10550, AT1G78970, AT1G80290, AT2G30140, AT2G35930, AT2G39980, AT2G40940, AT3G02320, AT3G12920, AT3G44260, AT4G25810, AT4G30280, AT4G30290, AT4G37890, AT5G01210, AT5G22250, AT5G57560	XTH33, LUP1, AT1G80290, UGT87A2, PUB23, AT2G39980, ERS1, AtTRM1a, BRG3, CAF1a, XTR6, XTH18, XTH19, EDA40, AT5G01210, CAF1b, TCH4
w:abc	word	abc	2	409	129	21633	0.8200375277193382	0.7037642190965225	1.0	-0.1525728174155199	0.0	True		False		abc		AT2G37330, AT2G39350	ALS3, ABCG1
w:glutamate	word	glutamate	2	409	129	21633	0.8200375277193382	0.7037642190965225	1.0	-0.1525728174155199	0.0	True		False		glutamate		AT1G09940, AT5G07440	HEMA2, GDH2
w:copy	word	copy	1	409	64	21633	0.8264440709046454	0.7057681539100289	1.0	-0.151337942027588	0.0	False		False		copy		AT4G25420	GA20OX1
w:followed	word	followed	1	409	64	21633	0.8264440709046454	0.7057681539100289	1.0	-0.151337942027588	0.0	False		False		followed		AT3G50660	DWF4
w:transit	word	transit	1	409	64	21633	0.8264440709046454	0.7057681539100289	1.0	-0.151337942027588	0.0	False		False		transit		AT4G16515	RGF6
k:Methylation	keyword	Methylation	2	409	130	21633	0.8137295467368817	0.7077793506631491	1.0	-0.15010211197805515	0.0	True		False		Methylation		AT3G48970, AT4G38580	HIPP31, FP6
w:located	word	located	4	409	254	21633	0.832951504533816	0.7103167962150594	1.0	-0.1485479158400198	0.0	True		False		located		AT1G23080, AT2G38470, AT4G30080, AT5G66080	PIN7, WRKY33, ARF16, PP2C79
p:cytokinin activated	phrase	cytokinin activated	1	409	65	21633	0.8137295467368817	0.711347495791933	1.0	-0.14791819302897377	0.0	False		False		cytokinin activated		AT1G78100	AUF1
p:low affinity	phrase	low affinity	1	409	65	21633	0.8137295467368817	0.711347495791933	1.0	-0.14791819302897377	0.0	False		False		low affinity		AT2G30070	KT1
p:nadh dehydrogenase	phrase	nadh dehydrogenase	1	409	65	21633	0.8137295467368817	0.711347495791933	1.0	-0.14791819302897377	0.0	False		False		nadh dehydrogenase		AT5G54500	FQR1
w:adaxial	word	adaxial	1	409	65	21633	0.8137295467368817	0.711347495791933	1.0	-0.14791819302897377	0.0	False		False		adaxial		AT3G60630	HAM2
w:array	word	array	1	409	65	21633	0.8137295467368817	0.711347495791933	1.0	-0.14791819302897377	0.0	False		False		array		AT5G19530	ACL5
w:corepressor	word	corepressor	1	409	65	21633	0.8137295467368817	0.711347495791933	1.0	-0.14791819302897377	0.0	False		False		corepressor		AT5G04340	ZAT6
w:cuticle	word	cuticle	1	409	65	21633	0.8137295467368817	0.711347495791933	1.0	-0.14791819302897377	0.0	False		False		cuticle		AT1G19440	KCS4
w:enhancer	word	enhancer	1	409	65	21633	0.8137295467368817	0.711347495791933	1.0	-0.14791819302897377	0.0	False		False		enhancer		AT5G04670	EPCR2
w:modified	word	modified	1	409	65	21633	0.8137295467368817	0.711347495791933	1.0	-0.14791819302897377	0.0	False		False		modified		AT3G49640	AT3G49640
w:transcriptionally	word	transcriptionally	1	409	65	21633	0.8137295467368817	0.711347495791933	1.0	-0.14791819302897377	0.0	False		False		transcriptionally		AT3G25710	BHLH32
w:unsaturated	word	unsaturated	1	409	65	21633	0.8137295467368817	0.711347495791933	1.0	-0.14791819302897377	0.0	False		False		unsaturated		AT1G06080	ADS1
p:udp glycosyltransferase	phrase	udp glycosyltransferase	2	409	131	21633	0.8075178708075925	0.7117490213883232	1.0	-0.1476731213091328	0.0	True		False		udp glycosyltransferase		AT2G30140, AT4G15550	UGT87A2, IAGLU
w:acquired	word	acquired	2	409	131	21633	0.8075178708075925	0.7117490213883232	1.0	-0.1476731213091328	0.0	True		False		acquired		AT2G38470, AT4G26080	WRKY33, ABI1
w:arrest	word	arrest	5	409	316	21633	0.8369053882578689	0.7159997470281014	1.0	-0.1450871311339308	0.0	True		False		arrest		AT3G60630, AT4G13235, AT4G37890, AT5G04670, AT5G37630	HAM2, EDA21, EDA40, EPCR2, EMB2656
w:fewer	word	fewer	3	409	195	21633	0.8137295467368817	0.7163467735706113	1.0	-0.14487669083436996	0.0	True		False		fewer		AT2G42430, AT4G14560, AT5G67060	LBD16, IAA1, HEC1
w:plate	word	plate	3	409	195	21633	0.8137295467368817	0.7163467735706113	1.0	-0.14487669083436996	0.0	True		False		plate		AT1G79700, AT4G25420, AT4G26080	WRI4, GA20OX1, ABI1
k:Detoxification	keyword	Detoxification	1	409	66	21633	0.8014003111802623	0.716821293743579	1.0	-0.14458910209317158	0.0	False		False		Detoxification		AT4G15550	IAGLU
w:drug	word	drug	1	409	66	21633	0.8014003111802623	0.716821293743579	1.0	-0.14458910209317158	0.0	False		False		drug		AT4G30420	UMAMIT34
w:amount	word	amount	2	409	133	21633	0.7953747449307866	0.7195531019130796	1.0	-0.14293715027936646	0.0	True		False		amount		AT1G49740, AT5G45280	AT1G49740, PAE11
w:event	word	event	2	409	133	21633	0.7953747449307866	0.7195531019130796	1.0	-0.14293715027936646	0.0	True		False		event		AT2G26530, AT5G67060	AR781, HEC1
p:phosphatidic acid	phrase	phosphatidic acid	1	409	67	21633	0.7894391125059299	0.722191539529218	1.0	-0.14134760363738003	0.0	False		False		phosphatidic acid		AT4G24160	AT4G24160
w:hyperosmotic	word	hyperosmotic	1	409	67	21633	0.7894391125059299	0.722191539529218	1.0	-0.14134760363738003	0.0	False		False		hyperosmotic		AT5G59820	RHL41
w:phosphatidic	word	phosphatidic	1	409	67	21633	0.7894391125059299	0.722191539529218	1.0	-0.14134760363738003	0.0	False		False		phosphatidic		AT4G24160	AT4G24160
k:Differentiation	keyword	Differentiation	2	409	134	21633	0.7894391125059299	0.7233880864806236	1.0	-0.1406286479359283	0.0	True		False		Differentiation		AT4G13195, AT4G16515	CLE44, RGF6
w:serve	word	serve	2	409	134	21633	0.7894391125059299	0.7233880864806236	1.0	-0.1406286479359283	0.0	True		False		serve		AT2G26710, AT4G12110	BAS1, SMO1-1
w:throughout	word	throughout	2	409	134	21633	0.7894391125059299	0.7233880864806236	1.0	-0.1406286479359283	0.0	True		False		throughout		AT4G30290, AT5G65640	XTH19, bHLH093
w:polypeptide	word	polypeptide	5	409	319	21633	0.8290348046692368	0.723645669745077	1.0	-0.14047403234236244	0.0	True		False		polypeptide		AT2G22810, AT2G23180, AT4G37295, AT5G09970, AT5G45340	ACS4, CYP96A1, PIPL3, CYP78A7, CYP707A3
p:ester bond	phrase	ester bond	2	409	135	21633	0.7835914153762564	0.7271787591234912	1.0	-0.13835881533364852	0.0	True		False		ester bond		AT3G10870, AT3G11210	MES17, CPRD49
p:seed storage	phrase	seed storage	2	409	135	21633	0.7835914153762564	0.7271787591234912	1.0	-0.13835881533364852	0.0	True		False		seed storage		AT4G17615, AT4G22470	CBL1, DHYPRP1
w:poly	word	poly	2	409	135	21633	0.7835914153762564	0.7271787591234912	1.0	-0.13835881533364852	0.0	True		False		poly		AT3G44260, AT5G22250	CAF1a, CAF1b
p:increased susceptibility	phrase	increased susceptibility	1	409	68	21633	0.7778297137926075	0.727460187416288	1.0	-0.1381907698452078	0.0	False		False		increased susceptibility		AT2G40140	CZF1
w:autophagosome	word	autophagosome	1	409	68	21633	0.7778297137926075	0.727460187416288	1.0	-0.1381907698452078	0.0	False		False		autophagosome		AT3G60640	ATG8G
w:chlorotic	word	chlorotic	1	409	68	21633	0.7778297137926075	0.727460187416288	1.0	-0.1381907698452078	0.0	False		False		chlorotic		AT1G58340	ZF14
w:contrast	word	contrast	1	409	68	21633	0.7778297137926075	0.727460187416288	1.0	-0.1381907698452078	0.0	False		False		contrast		AT1G19220	ARF19
w:endocytic	word	endocytic	1	409	68	21633	0.7778297137926075	0.727460187416288	1.0	-0.1381907698452078	0.0	False		False		endocytic		AT3G02070	OTU12
w:segregate	word	segregate	1	409	68	21633	0.7778297137926075	0.727460187416288	1.0	-0.1381907698452078	0.0	False		False		segregate		AT5G03730	CTR1
w:subcellular	word	subcellular	1	409	68	21633	0.7778297137926075	0.727460187416288	1.0	-0.1381907698452078	0.0	False		False		subcellular		AT5G01840	OFP1
w:viable	word	viable	1	409	68	21633	0.7778297137926075	0.727460187416288	1.0	-0.1381907698452078	0.0	False		False		viable		AT5G61900	BON1
p:manganese ion	phrase	manganese ion	1	409	69	21633	0.7665568193898161	0.7326291548796193	1.0	-0.13511580263653192	0.0	False		False		manganese ion		AT2G23150	NRAMP3
w:antimicrobial	word	antimicrobial	1	409	69	21633	0.7665568193898161	0.7326291548796193	1.0	-0.13511580263653192	0.0	False		False		antimicrobial		AT1G58340	ZF14
w:co‑chaperone	word	co-chaperone	1	409	69	21633	0.7665568193898161	0.7326291548796193	1.0	-0.13511580263653192	0.0	False		False		co-chaperone		AT1G78120	TPR12
w:moderate	word	moderate	1	409	69	21633	0.7665568193898161	0.7326291548796193	1.0	-0.13511580263653192	0.0	False		False		moderate		AT5G45340	CYP707A3
w:polymerase	word	polymerase	10	409	617	21633	0.8572515484262125	0.7331923440544003	1.0	-0.13478207856018512	0.0	True		False		polymerase		AT1G79700, AT2G14850, AT4G09890, AT4G17460, AT4G37790, AT5G04340, AT5G04670, AT5G47370, AT5G53980, AT5G65310	WRI4, ADA1A, AT4G09890, HAT1, HAT22, ZAT6, EPCR2, HAT2, HB52, HB5
w:distinct	word	distinct	2	409	137	21633	0.7721521246408367	0.7346283730537426	1.0	-0.13393230220537936	0.0	True		False		distinct		AT1G23080, AT3G27580	PIN7, ATPK7
w:targeted	word	targeted	3	409	201	21633	0.78943911250593	0.7352521278562789	1.0	-0.13356370994921266	0.0	True		False		targeted		AT2G18980, AT5G39580, AT5G64100	PER16, PER62, PER69
p:aaa atpase	phrase	aaa atpase	1	409	70	21633	0.7556060076842473	0.7377003232924481	1.0	-0.13212002621479993	0.0	False		False		aaa atpase		AT3G50930	BCS1
p:map kinase	phrase	map kinase	1	409	70	21633	0.7556060076842473	0.7377003232924481	1.0	-0.13212002621479993	0.0	False		False		map kinase		AT2G30020	AP2C1
w:aerial	word	aerial	1	409	70	21633	0.7556060076842473	0.7377003232924481	1.0	-0.13212002621479993	0.0	False		False		aerial		AT3G59900	ARGOS
w:presumably	word	presumably	1	409	70	21633	0.7556060076842473	0.7377003232924481	1.0	-0.13212002621479993	0.0	False		False		presumably		AT5G65300	SUPA
w:rho	word	rho	1	409	70	21633	0.7556060076842473	0.7377003232924481	1.0	-0.13212002621479993	0.0	False		False		rho		AT5G12050	BG1
w:rnase	word	rnase	1	409	70	21633	0.7556060076842473	0.7377003232924481	1.0	-0.13212002621479993	0.0	False		False		rnase		AT3G02320	AtTRM1a
w:transformation	word	transformation	1	409	70	21633	0.7556060076842473	0.7377003232924481	1.0	-0.13212002621479993	0.0	False		False		transformation		AT5G06860	PGIP1
w:nitrate	word	nitrate	2	409	138	21633	0.7665568193898161	0.7382879275563257	1.0	-0.13177423307900762	0.0	True		False		nitrate		AT1G59740, AT1G76650	NPF4.3, CML38
w:facilitator	word	facilitator	3	409	203	21633	0.7816613872595661	0.7413290662439112	1.0	-0.12998897160108583	0.0	True		False		facilitator		AT1G59740, AT3G27580, AT5G01180	NPF4.3, ATPK7, PTR5
w:preference	word	preference	2	409	139	21633	0.7610420221280189	0.7419043960198333	1.0	-0.12965205557829396	0.0	True		False		preference		AT1G02660, AT4G25280	PLIP2, UMK2
w:beta	word	beta	20	409	1193	21633	0.8867128338289575	0.7423720594657601	1.0	-0.12937838195108756	0.0	True		False		beta		AT1G02400, AT1G02660, AT1G10740, AT1G23730, AT1G30370, AT1G32190, AT1G60260, AT1G61820, AT1G78970, AT3G28180, AT3G61160, AT4G12110, AT4G15550, AT4G20170, AT4G24160, AT4G31590, AT5G07440, AT5G63790, AT5G65640, AT5G66460	GA2OX6, PLIP2, LDAH1, BCA3, DLAH, AT1G32190, BGLU5, BGLU46, LUP1, CSLC04, ASK2, SMO1-1, IAGLU, GALS3, AT4G24160, CSLC5, GDH2, NAC102, bHLH093, MAN7
p:low temperature	phrase	low temperature	1	409	71	21633	0.7449636695478494	0.7426755386044819	1.0	-0.1292008801426262	0.0	False		False		low temperature		AT5G61900	BON1
w:rlk	word	rlk	1	409	71	21633	0.7449636695478494	0.7426755386044819	1.0	-0.1292008801426262	0.0	False		False		rlk		AT2G25790	SKM1
w:endosome	word	endosome	6	409	389	21633	0.8158213964714238	0.7472881196645996	1.0	-0.12651192207290976	0.0	True		False		endosome		AT1G53840, AT1G58340, AT2G43290, AT3G28180, AT3G62720, AT4G39400	PME1, ZF14, MSS3, CSLC04, XT1, BRI1
w:coactivator	word	coactivator	1	409	72	21633	0.7346169519152405	0.7475566120072629	1.0	-0.12635591290134127	0.0	False		False		coactivator		AT2G14850	ADA1A
w:six	word	six	1	409	72	21633	0.7346169519152405	0.7475566120072629	1.0	-0.12635591290134127	0.0	False		False		six		AT2G41100	TCH3
w:trna	word	trna	4	409	268	21633	0.7894391125059299	0.7486836289402501	1.0	-0.12570166325054452	0.0	True		False		trna		AT1G09940, AT3G02320, AT3G49640, AT5G66440	HEMA2, AtTRM1a, AT3G49640, AT5G66440
k:Chromosome	keyword	Chromosome	2	409	141	21633	0.7502470998283306	0.7490093438990812	1.0	-0.12551276443871973	0.0	True		False		Chromosome		AT5G15920, AT5G37630	SMC5, EMB2656
w:functionally	word	functionally	2	409	141	21633	0.7502470998283306	0.7490093438990812	1.0	-0.12551276443871973	0.0	True		False		functionally		AT1G19220, AT4G16515	ARF19, RGF6
w:stimulate	word	stimulate	2	409	141	21633	0.7502470998283306	0.7490093438990812	1.0	-0.12551276443871973	0.0	True		False		stimulate		AT1G29440, AT3G23050	SAUR63, IAA7
k:Fatty acid biosynthesis	keyword	Fatty acid biosynthesis	1	409	73	21633	0.7245537059985933	0.7523453205870609	1.0	-0.12358277589443989	0.0	False		False		Fatty acid biosynthesis		AT1G06080	ADS1
p:nucleotide exchange	phrase	nucleotide exchange	1	409	73	21633	0.7245537059985933	0.7523453205870609	1.0	-0.12358277589443989	0.0	False		False		nucleotide exchange		AT5G57340	MJB24.15
w:adenosylmethionine	word	adenosylmethionine	1	409	73	21633	0.7245537059985933	0.7523453205870609	1.0	-0.12358277589443989	0.0	False		False		adenosylmethionine		AT3G25900	HMT-1
w:irregular	word	irregular	1	409	73	21633	0.7245537059985933	0.7523453205870609	1.0	-0.12358277589443989	0.0	False		False		irregular		AT1G08430	ALMT1
w:still	word	still	1	409	73	21633	0.7245537059985933	0.7523453205870609	1.0	-0.12358277589443989	0.0	False		False		still		AT5G03730	CTR1
w:photosynthetic	word	photosynthetic	3	409	207	21633	0.7665568193898161	0.7531505107443105	1.0	-0.1231182250557841	0.0	True		False		photosynthetic		AT1G09940, AT5G45280, AT5G59820	HEMA2, PAE11, RHL41
w:tir	word	tir	2	409	143	21633	0.7397541333971652	0.7559457879586484	1.0	-0.12150934845991865	0.0	True		False		tir		AT4G23510, AT5G56220	AT4G23510, TN21
w:end	word	end	4	409	271	21633	0.7806999341387056	0.7563796022258092	1.0	-0.1212601915671108	0.0	True		False		end		AT1G73590, AT3G16310, AT3G62720, AT5G01840	PIN1, NUP35, XT1, OFP1
w:ester	word	ester	4	409	271	21633	0.7806999341387056	0.7563796022258092	1.0	-0.1212601915671108	0.0	True		False		ester		AT1G02660, AT3G10870, AT3G11210, AT5G45280	PLIP2, MES17, CPRD49, PAE11
w:according	word	according	1	409	74	21633	0.714762439701315	0.7570434079655348	1.0	-0.12087921785868407	0.0	False		False		according		AT1G80290	AT1G80290
w:brown	word	brown	1	409	74	21633	0.714762439701315	0.7570434079655348	1.0	-0.12087921785868407	0.0	False		False		brown		AT2G39350	ABCG1
w:bzip	word	bzip	1	409	74	21633	0.714762439701315	0.7570434079655348	1.0	-0.12087921785868407	0.0	False		False		bzip		AT3G58120	BZIP61
w:exposed	word	exposed	1	409	74	21633	0.714762439701315	0.7570434079655348	1.0	-0.12087921785868407	0.0	False		False		exposed		AT1G34370	STOP1
w:facilitating	word	facilitating	1	409	74	21633	0.714762439701315	0.7570434079655348	1.0	-0.12087921785868407	0.0	False		False		facilitating		AT2G21050	LAX2
w:inducing	word	inducing	1	409	74	21633	0.714762439701315	0.7570434079655348	1.0	-0.12087921785868407	0.0	False		False		inducing		AT1G19220	ARF19
w:monophosphate	word	monophosphate	1	409	74	21633	0.714762439701315	0.7570434079655348	1.0	-0.12087921785868407	0.0	False		False		monophosphate		AT4G25280	UMK2
w:physically	word	physically	1	409	74	21633	0.714762439701315	0.7570434079655348	1.0	-0.12087921785868407	0.0	False		False		physically		AT1G74660	MIF1
w:yield	word	yield	1	409	74	21633	0.714762439701315	0.7570434079655348	1.0	-0.12087921785868407	0.0	False		False		yield		AT5G67060	HEC1
w:acetyltransferase	word	acetyltransferase	2	409	144	21633	0.7346169519152405	0.7593516378295642	1.0	-0.11955706599603733	0.0	True		False		acetyltransferase		AT2G39030, AT5G04670	NATA1, EPCR2
w:weight	word	weight	2	409	144	21633	0.7346169519152405	0.7593516378295642	1.0	-0.11955706599603733	0.0	True		False		weight		AT5G01180, AT5G24270	PTR5, SOS3
p:ankyrin repeat	phrase	ankyrin repeat	1	409	75	21633	0.7052322738386307	0.7616525849283853	1.0	-0.11824307965002741	0.0	False		False		ankyrin repeat		AT2G40140	CZF1
p:udp glucosyltransferase	phrase	udp glucosyltransferase	1	409	75	21633	0.7052322738386307	0.7616525849283853	1.0	-0.11824307965002741	0.0	False		False		udp glucosyltransferase		AT4G15550	IAGLU
w:extrusion	word	extrusion	1	409	75	21633	0.7052322738386307	0.7616525849283853	1.0	-0.11824307965002741	0.0	False		False		extrusion		AT1G58340	ZF14
w:move	word	move	1	409	75	21633	0.7052322738386307	0.7616525849283853	1.0	-0.11824307965002741	0.0	False		False		move		AT4G30420	UMAMIT34
w:neutral	word	neutral	1	409	75	21633	0.7052322738386307	0.7616525849283853	1.0	-0.11824307965002741	0.0	False		False		neutral		AT4G24160	AT4G24160
w:pump	word	pump	1	409	75	21633	0.7052322738386307	0.7616525849283853	1.0	-0.11824307965002741	0.0	False		False		pump		AT4G24570	DIC2
w:phospholipid	word	phospholipid	3	409	210	21633	0.7556060076842472	0.761729272899815	1.0	-0.11819935435203038	0.0	True		False		phospholipid		AT3G23470, AT4G24160, AT5G61900	AT3G23470, AT4G24160, BON1
w:center	word	center	2	409	145	21633	0.7295506281089285	0.7627163472043474	1.0	-0.11763694533206649	0.0	True		False		center		AT2G01420, AT3G62100	PIN4, IAA30
w:generate	word	generate	2	409	145	21633	0.7295506281089285	0.7627163472043474	1.0	-0.11763694533206649	0.0	True		False		generate		AT1G19220, AT3G44540	ARF19, FAR4
w:catabolic	word	catabolic	17	409	1039	21633	0.8654197778096768	0.7637127153952584	1.0	-0.11706997857374712	0.0	True		False		catabolic		AT1G02400, AT1G22440, AT1G53840, AT1G77000, AT2G18980, AT3G10720, AT3G12920, AT3G43270, AT3G49220, AT4G22820, AT4G28490, AT5G14130, AT5G39580, AT5G45340, AT5G64100, AT5G65640, AT5G66460	GA2OX6, AT1G22440, PME1, SKP2B, PER16, PME25, BRG3, PME32, PME34, SAP9, HAE, PER55, PER62, CYP707A3, PER69, bHLH093, MAN7
w:constituent	word	constituent	7	409	457	21633	0.8101683671012716	0.7639006753927359	1.0	-0.11696310599639582	0.0	True		False		constituent		AT1G10550, AT3G04230, AT3G16310, AT4G25810, AT4G30280, AT4G30290, AT5G57560	XTH33, RPS16B, NUP35, XTR6, XTH18, XTH19, TCH4
w:oxoglutarate	word	oxoglutarate	2	409	146	21633	0.7245537059985933	0.7660402497435626	1.0	-0.11574841080827	0.0	True		False		oxoglutarate		AT4G25420, AT5G43450	GA20OX1, AT5G43450
w:ribose	word	ribose	2	409	146	21633	0.7245537059985933	0.7660402497435626	1.0	-0.11574841080827	0.0	True		False		ribose		AT1G60010, AT4G12720	AtPADRE7, NUDT7
w:transducin	word	transducin	2	409	146	21633	0.7245537059985933	0.7660402497435626	1.0	-0.11574841080827	0.0	True		False		transducin		AT2G34260, AT3G10530	WDR55, AT3G10530
k:Potassium transport	keyword	Potassium transport	1	409	76	21633	0.6959529018144383	0.7661745300422313	1.0	-0.11567228937456654	0.0	False		False		Potassium transport		AT2G30070	KT1
p:microtubule cytoskeleton	phrase	microtubule cytoskeleton	1	409	76	21633	0.6959529018144383	0.7661745300422313	1.0	-0.11567228937456654	0.0	False		False		microtubule cytoskeleton		AT3G60640	ATG8G
w:coenzyme	word	coenzyme	1	409	76	21633	0.6959529018144383	0.7661745300422313	1.0	-0.11567228937456654	0.0	False		False		coenzyme		AT1G02470	AT1G02470
w:lea	word	lea	1	409	76	21633	0.6959529018144383	0.7661745300422313	1.0	-0.11567228937456654	0.0	False		False		lea		AT1G01470	LEA14
w:retrograde	word	retrograde	1	409	76	21633	0.6959529018144383	0.7661745300422313	1.0	-0.11567228937456654	0.0	False		False		retrograde		AT5G63790	NAC102
w:actin	word	actin	3	409	212	21633	0.7484776491211884	0.7673134407309473	1.0	-0.11502719436520165	0.0	True		False		actin		AT1G21980, AT4G26080, AT5G37770	PIP5K1, ABI1, TCH2
w:cytoskeleton	word	cytoskeleton	4	409	276	21633	0.7665568193898161	0.7688009995963567	1.0	-0.11418606066872589	0.0	True		False		cytoskeleton		AT3G02170, AT3G60640, AT5G01840, AT5G37770	LNG2, ATG8G, OFP1, TCH2
w:cyclin	word	cyclin	2	409	147	21633	0.7196247692230926	0.7693236812223849	1.0	-0.11389089895973747	0.0	True		False		cyclin		AT1G77000, AT3G60550	SKP2B, CYCP3;2
w:detected	word	detected	2	409	147	21633	0.7196247692230926	0.7693236812223849	1.0	-0.11389089895973747	0.0	True		False		detected		AT1G73590, AT2G01420	PIN1, PIN4
w:nadh	word	nadh	2	409	147	21633	0.7196247692230926	0.7693236812223849	1.0	-0.11389089895973747	0.0	True		False		nadh		AT4G12720, AT5G54500	NUDT7, FQR1
w:external	word	external	1	409	77	21633	0.6869145524402248	0.7706108902599207	1.0	-0.11316485783746022	0.0	False		False		external		AT1G11000	MLO4
w:psi	word	psi	1	409	77	21633	0.6869145524402248	0.7706108902599207	1.0	-0.11316485783746022	0.0	False		False		psi		AT1G78970	LUP1
w:normal	word	normal	10	409	639	21633	0.8277374106087217	0.7710856470372285	1.0	-0.11289738074302517	0.0	True		False		normal		AT1G19220, AT1G55500, AT2G35930, AT3G10870, AT3G23050, AT4G02220, AT4G39400, AT5G03730, AT5G19530, AT5G66080	ARF19, ECT4, PUB23, MES17, IAA7, PDCD2, BRI1, CTR1, ACL5, PP2C79
w:body	word	body	4	409	278	21633	0.7610420221280189	0.7736291298558154	1.0	-0.1114671859035188	0.0	True		False		body		AT1G73590, AT2G34260, AT3G23050, AT5G44260	PIN1, WDR55, IAA7, TZF5
w:homologous	word	homologous	4	409	278	21633	0.7610420221280189	0.7736291298558154	1.0	-0.1114671859035188	0.0	True		False		homologous		AT1G06080, AT4G16515, AT5G03730, AT5G15920	ADS1, RGF6, CTR1, SMC5
w:btb	word	btb	1	409	78	21633	0.6781079556140681	0.7749632815144989	1.0	-0.11071887428519199	0.0	False		False		btb		AT4G37590	NPY5
w:frequency	word	frequency	1	409	78	21633	0.6781079556140681	0.7749632815144989	1.0	-0.11071887428519199	0.0	False		False		frequency		AT4G26080	ABI1
w:stranded	word	stranded	3	409	215	21633	0.7380337749474043	0.7754897552890893	1.0	-0.11042393511769491	0.0	True		False		stranded		AT3G56170, AT5G01840, AT5G15920	CAN, OFP1, SMC5
w:lyase	word	lyase	4	409	279	21633	0.7583142729447643	0.7760133637677756	1.0	-0.11013079966883703	0.0	True		False		lyase		AT2G22810, AT4G11280, AT4G37770, AT5G04870	ACS4, ACS6, ACS8, CPK1
w:histidine	word	histidine	3	409	216	21633	0.7346169519152405	0.7781624127736986	1.0	-0.10892975055516241	0.0	True		False		histidine		AT1G04310, AT2G40940, AT5G40590	ERS2, ERS1, MNF13.11
w:cisterna	word	cisterna	2	409	150	21633	0.7052322738386307	0.7789345346445828	1.0	-0.10849904096328705	0.0	True		False		cisterna		AT3G28180, AT3G62720	CSLC04, XT1
k:Ribosome biogenesis	keyword	Ribosome biogenesis	1	409	79	21633	0.669524310606295	0.7792332893020457	1.0	-0.10833250241875425	0.0	False		False		Ribosome biogenesis		AT4G02220	PDCD2
p:cyclic adp	phrase	cyclic adp	1	409	79	21633	0.669524310606295	0.7792332893020457	1.0	-0.10833250241875425	0.0	False		False		cyclic adp		AT4G12720	NUDT7
w:bundle	word	bundle	1	409	79	21633	0.669524310606295	0.7792332893020457	1.0	-0.10833250241875425	0.0	False		False		bundle		AT4G39400	BRI1
w:perception	word	perception	1	409	79	21633	0.669524310606295	0.7792332893020457	1.0	-0.10833250241875425	0.0	False		False		perception		AT2G25790	SKM1
w:predominantly	word	predominantly	1	409	79	21633	0.669524310606295	0.7792332893020457	1.0	-0.10833250241875425	0.0	False		False		predominantly		AT1G70940	PIN3
w:sensing	word	sensing	1	409	79	21633	0.669524310606295	0.7792332893020457	1.0	-0.10833250241875425	0.0	False		False		sensing		AT1G70940	PIN3
w:seven	word	seven	1	409	79	21633	0.669524310606295	0.7792332893020457	1.0	-0.10833250241875425	0.0	False		False		seven		AT1G11000	MLO4
w:animal	word	animal	1	409	80	21633	0.6611552567237163	0.7834224692535844	1.0	-0.10600397665730679	0.0	False		False		animal		AT2G26070	RTE1
w:endosomal	word	endosomal	1	409	80	21633	0.6611552567237163	0.7834224692535844	1.0	-0.10600397665730679	0.0	False		False		endosomal		AT1G73590	PIN1
w:sodium	word	sodium	1	409	80	21633	0.6611552567237163	0.7834224692535844	1.0	-0.10600397665730679	0.0	False		False		sodium		AT5G24270	SOS3
w:toxin	word	toxin	1	409	80	21633	0.6611552567237163	0.7834224692535844	1.0	-0.10600397665730679	0.0	False		False		toxin		AT1G58340	ZF14
p:tube growth	phrase	tube growth	3	409	218	21633	0.7278773468517978	0.7834293864575747	1.0	-0.1060001420848011	0.0	True		False		tube growth		AT2G25790, AT4G17615, AT5G01180	SKM1, CBL1, PTR5
p:developmental arrest	phrase	developmental arrest	1	409	81	21633	0.6529928461468804	0.7875323476962738	1.0	-0.10373159863363525	0.0	False		False		developmental arrest		AT5G37630	EMB2656
w:acylhydrolase	word	acylhydrolase	1	409	81	21633	0.6529928461468804	0.7875323476962738	1.0	-0.10373159863363525	0.0	False		False		acylhydrolase		AT1G30370	DLAH
w:coli	word	coli	1	409	81	21633	0.6529928461468804	0.7875323476962738	1.0	-0.10373159863363525	0.0	False		False		coli		AT5G19530	ACL5
w:mapk	word	mapk	1	409	81	21633	0.6529928461468804	0.7875323476962738	1.0	-0.10373159863363525	0.0	False		False		mapk		AT2G30020	AP2C1
w:glucosinolate	word	glucosinolate	2	409	153	21633	0.6914041900378733	0.7881933990308239	1.0	-0.10336720658852369	0.0	True		False		glucosinolate		AT5G13330, AT5G63790	Rap2.6L, NAC102
w:rna	word	rna	33	409	1966	21633	0.8878178421925794	0.7891196008196175	1.0	-0.1028571691105186	0.0	True		False		rna		AT1G29430, AT1G29440, AT1G29450, AT1G29460, AT1G29490, AT1G29500, AT1G29510, AT1G55500, AT1G79700, AT2G14850, AT2G18010, AT2G37030, AT3G02320, AT3G03830, AT3G03840, AT3G56170, AT4G09890, AT4G17460, AT4G22380, AT4G34760, AT4G34770, AT4G36110, AT4G37790, AT4G38840, AT4G38850, AT4G38860, AT5G04340, AT5G04670, AT5G18060, AT5G20820, AT5G47370, AT5G53980, AT5G65310	SAUR62, SAUR63, SAUR64, SAUR65, SAUR68, SAUR66, SAUR68, ECT4, WRI4, ADA1A, SAUR10, SAUR46, AtTRM1a, SAUR28, SAUR27, CAN, AT4G09890, HAT1, AT4G22380, SAUR50, SAUR1, SAUR9, HAT22, SAUR14, SAUR15, SAUR16, ZAT6, EPCR2, SAUR23, SAUR76, HAT2, HB52, HB5
k:Endonuclease	keyword	Endonuclease	1	409	82	21633	0.6450295187548453	0.7915644222040793	1.0	-0.10151373390434591	0.0	False		False		Endonuclease		AT3G56170	CAN
w:heterochromatin	word	heterochromatin	1	409	82	21633	0.6450295187548453	0.7915644222040793	1.0	-0.10151373390434591	0.0	False		False		heterochromatin		AT5G04670	EPCR2
w:monomer	word	monomer	1	409	82	21633	0.6450295187548453	0.7915644222040793	1.0	-0.10151373390434591	0.0	False		False		monomer		AT1G21980	PIP5K1
w:substrate	word	substrate	15	409	946	21633	0.838674744258414	0.7926305859294162	1.0	-0.10092917317760652	0.0	True		False		substrate		AT1G02660, AT1G59500, AT2G23170, AT3G13380, AT3G50660, AT3G62720, AT4G12110, AT4G12720, AT4G17615, AT4G27260, AT4G28490, AT4G37590, AT4G39400, AT5G04190, AT5G54510	PLIP2, GH3.4, GH3.3, BRL3, DWF4, XT1, SMO1-1, NUDT7, CBL1, WES1, HAE, NPY5, BRI1, PKS4, DFL1
k:Symport	keyword	Symport	1	409	83	21633	0.6372580787698471	0.7955201621381207	1.0	-0.09934880885917749	0.0	False		False		Symport		AT2G21050	LAX2
p:microtubule organization	phrase	microtubule organization	1	409	83	21633	0.6372580787698471	0.7955201621381207	1.0	-0.09934880885917749	0.0	False		False		microtubule organization		AT5G01840	OFP1
w:acidic	word	acidic	1	409	83	21633	0.6372580787698471	0.7955201621381207	1.0	-0.09934880885917749	0.0	False		False		acidic		AT1G34370	STOP1
w:allow	word	allow	1	409	83	21633	0.6372580787698471	0.7955201621381207	1.0	-0.09934880885917749	0.0	False		False		allow		AT2G35930	PUB23
w:reversible	word	reversible	1	409	83	21633	0.6372580787698471	0.7955201621381207	1.0	-0.09934880885917749	0.0	False		False		reversible		AT1G23730	BCA3
w:stunted	word	stunted	1	409	83	21633	0.6372580787698471	0.7955201621381207	1.0	-0.09934880885917749	0.0	False		False		stunted		AT4G39400	BRI1
k:Acyltransferase	keyword	Acyltransferase	3	409	223	21633	0.7115572269672285	0.7961465325473072	1.0	-0.09900699203623557	0.0	True		False		Acyltransferase		AT1G19440, AT2G39030, AT4G24160	KCS4, NATA1, AT4G24160
w:anther	word	anther	2	409	156	21633	0.6781079556140681	0.7971095721296496	1.0	-0.0984819755920193	0.0	True		False		anther		AT4G39400, AT5G50570	BRI1, SPL13A
k:Antiport	keyword	Antiport	1	409	84	21633	0.6296716730702061	0.7994010091768917	1.0	-0.09723530781511996	0.0	False		False		Antiport		AT4G39390	NST-K1
p:broad substrate	phrase	broad substrate	1	409	84	21633	0.6296716730702061	0.7994010091768917	1.0	-0.09723530781511996	0.0	False		False		broad substrate		AT1G02660	PLIP2
p:homologous recombination	phrase	homologous recombination	1	409	84	21633	0.6296716730702061	0.7994010091768917	1.0	-0.09723530781511996	0.0	False		False		homologous recombination		AT5G15920	SMC5
p:mitogen activated	phrase	mitogen activated	1	409	84	21633	0.6296716730702061	0.7994010091768917	1.0	-0.09723530781511996	0.0	False		False		mitogen activated		AT2G30040	MAPKKK14
w:lacking	word	lacking	1	409	84	21633	0.6296716730702061	0.7994010091768917	1.0	-0.09723530781511996	0.0	False		False		lacking		AT3G23050	IAA7
w:mitogen	word	mitogen	1	409	84	21633	0.6296716730702061	0.7994010091768917	1.0	-0.09723530781511996	0.0	False		False		mitogen		AT2G30040	MAPKKK14
w:module	word	module	1	409	84	21633	0.6296716730702061	0.7994010091768917	1.0	-0.09723530781511996	0.0	False		False		module		AT2G14850	ADA1A
w:pollen	word	pollen	16	409	1010	21633	0.8378997312934228	0.8000613921378569	1.0	-0.09687668645340347	0.0	True		False		pollen		AT1G02660, AT1G04310, AT1G28400, AT1G29430, AT2G25790, AT2G39350, AT2G40940, AT3G27580, AT3G28180, AT3G60260, AT3G62720, AT4G17615, AT4G31590, AT4G39400, AT5G01180, AT5G67060	PLIP2, ERS2, AT1G28400, SAUR62, SKM1, ABCG1, ERS1, ATPK7, CSLC04, ELMOD_A, XT1, CBL1, CSLC5, BRI1, PTR5, HEC1
w:cyclic	word	cyclic	2	409	158	21633	0.669524310606295	0.8028679221441648	1.0	-0.09535589357791392	0.0	True		False		cyclic		AT2G34140, AT4G12720	CDF4, NUDT7
w:photoperiodism	word	photoperiodism	2	409	158	21633	0.669524310606295	0.8028679221441648	1.0	-0.09535589357791392	0.0	True		False		photoperiodism		AT4G25420, AT5G37770	GA20OX1, TCH2
p:embryogenesis abundant	phrase	embryogenesis abundant	1	409	85	21633	0.622263771034086	0.8032083778365349	1.0	-0.09517177028222076	0.0	False		False		embryogenesis abundant		AT1G01470	LEA14
p:short days	phrase	short days	1	409	85	21633	0.622263771034086	0.8032083778365349	1.0	-0.09517177028222076	0.0	False		False		short days		AT5G65640	bHLH093
w:aaa	word	aaa	1	409	85	21633	0.622263771034086	0.8032083778365349	1.0	-0.09517177028222076	0.0	False		False		aaa		AT3G50930	BCS1
w:diacylglycerol	word	diacylglycerol	1	409	85	21633	0.622263771034086	0.8032083778365349	1.0	-0.09517177028222076	0.0	False		False		diacylglycerol		AT1G06080	ADS1
w:generation	word	generation	1	409	85	21633	0.622263771034086	0.8032083778365349	1.0	-0.09517177028222076	0.0	False		False		generation		AT3G60630	HAM2
w:mesophyll	word	mesophyll	1	409	85	21633	0.622263771034086	0.8032083778365349	1.0	-0.09517177028222076	0.0	False		False		mesophyll		AT2G23150	NRAMP3
w:nuclei	word	nuclei	1	409	85	21633	0.622263771034086	0.8032083778365349	1.0	-0.09517177028222076	0.0	False		False		nuclei		AT4G37890	EDA40
w:viability	word	viability	1	409	85	21633	0.622263771034086	0.8032083778365349	1.0	-0.09517177028222076	0.0	False		False		viability		AT1G30370	DLAH
w:hydrolase	word	hydrolase	23	409	1417	21633	0.8585219988508386	0.8048483692897039	1.0	-0.09428593153717749	0.0	True		False		hydrolase		AT1G02660, AT1G10550, AT1G10740, AT1G29130, AT1G30370, AT1G32190, AT1G49740, AT1G60260, AT1G61820, AT3G02070, AT3G10870, AT3G11210, AT4G12720, AT4G24160, AT4G24380, AT4G25280, AT4G25810, AT4G30280, AT4G30290, AT5G45280, AT5G56220, AT5G57560, AT5G66460	PLIP2, XTH33, LDAH1, UP9, DLAH, AT1G32190, AT1G49740, BGLU5, BGLU46, OTU12, MES17, CPRD49, NUDT7, AT4G24160, AT4G24380, UMK2, XTR6, XTH18, XTH19, PAE11, TN21, TCH4, MAN7
p:ubiquitin ligase	phrase	ubiquitin ligase	6	409	418	21633	0.7592213474339327	0.8050018118914228	1.0	-0.09420314212460207	0.0	True		False		ubiquitin ligase		AT1G25280, AT1G67340, AT1G77000, AT1G78100, AT2G35930, AT4G22820	TLP10, AT1G67340, SKP2B, AUF1, PUB23, SAP9
k:Peroxisome	keyword	Peroxisome	2	409	159	21633	0.6653134658855008	0.8056924093415108	1.0	-0.09383072794913103	0.0	True		False		Peroxisome		AT5G04870, AT5G65300	CPK1, SUPA
w:aborted	word	aborted	1	409	86	21633	0.6150281457895036	0.8069436559813676	1.0	-0.09315678838902401	0.0	False		False		aborted		AT5G03670	TRM28
w:assimilation	word	assimilation	1	409	86	21633	0.6150281457895036	0.8069436559813676	1.0	-0.09315678838902401	0.0	False		False		assimilation		AT1G76650	CML38
w:map	word	map	1	409	86	21633	0.6150281457895036	0.8069436559813676	1.0	-0.09315678838902401	0.0	False		False		map		AT2G30020	AP2C1
w:nucleolar	word	nucleolar	1	409	86	21633	0.6150281457895036	0.8069436559813676	1.0	-0.09315678838902401	0.0	False		False		nucleolar		AT5G06930	MOJ9.10
k:Endoplasmic reticulum	keyword	Endoplasmic reticulum	9	409	604	21633	0.7881320941077414	0.8095001189098744	1.0	-0.09178308311579769	0.0	True		False		Endoplasmic reticulum		AT1G04310, AT1G06080, AT2G26070, AT2G40940, AT2G41230, AT2G44080, AT3G59900, AT4G12110, AT4G16515	ERS2, ADS1, RTE1, ERS1, ORS1, ARL, ARGOS, SMO1-1, RGF6
p:late embryogenesis	phrase	late embryogenesis	1	409	87	21633	0.6079588567574404	0.8106082053248316	1.0	-0.09118900445657505	0.0	False		False		late embryogenesis		AT1G01470	LEA14
w:generating	word	generating	1	409	87	21633	0.6079588567574404	0.8106082053248316	1.0	-0.09118900445657505	0.0	False		False		generating		AT2G01420	PIN4
w:glutamine	word	glutamine	1	409	87	21633	0.6079588567574404	0.8106082053248316	1.0	-0.09118900445657505	0.0	False		False		glutamine		AT4G20320	CTPS4
w:manganese	word	manganese	1	409	87	21633	0.6079588567574404	0.8106082053248316	1.0	-0.09118900445657505	0.0	False		False		manganese		AT2G23150	NRAMP3
p:stomatal closure	phrase	stomatal closure	2	409	161	21633	0.6570487023341282	0.8112337453330882	1.0	-0.09085399205027155	0.0	True		False		stomatal closure		AT4G26080, AT5G13330	ABI1, Rap2.6L
w:male	word	male	5	409	359	21633	0.7366632386893776	0.8116717571855391	1.0	-0.09061956541871319	0.0	True		False		male		AT1G17060, AT1G29430, AT2G25790, AT2G34260, AT4G39400	CYP72C1, SAUR62, SKM1, WDR55, BRI1
w:mitochondrion	word	mitochondrion	38	409	2272	21633	0.8846443575880711	0.8117018875529108	1.0	-0.09060344411191339	0.0	True		False		mitochondrion		AT1G06080, AT1G11000, AT1G22280, AT1G29430, AT1G29440, AT1G29450, AT1G29460, AT1G29490, AT1G29500, AT1G29510, AT1G50740, AT1G70940, AT2G01420, AT2G26070, AT2G39725, AT2G40090, AT2G41100, AT2G41230, AT2G44080, AT3G03840, AT3G50930, AT3G59900, AT3G61160, AT4G13195, AT4G16515, AT4G20830, AT4G24570, AT4G25280, AT4G30420, AT4G34760, AT4G37290, AT4G38540, AT4G38850, AT4G38860, AT5G02760, AT5G07440, AT5G64900, AT5G65300	ADS1, MLO4, PAPP2C, SAUR62, SAUR63, SAUR64, SAUR65, SAUR68, SAUR66, SAUR68, FAX5, PIN3, PIN4, RTE1, SDHAF1, ATH9, TCH3, ORS1, ARL, SAUR27, BCS1, ARGOS, ASK2, CLE44, RGF6, AtBBE19, DIC2, UMK2, UMAMIT34, SAUR50, PIP2, MO2, SAUR15, SAUR16, PP2C67, GDH2, PROPEP1, SUPA
w:final	word	final	1	409	88	21633	0.6010502333851967	0.8142033619210511	1.0	-0.0892671087107992	0.0	False		False		final		AT2G41230	ORS1
w:multidrug	word	multidrug	1	409	88	21633	0.6010502333851967	0.8142033619210511	1.0	-0.0892671087107992	0.0	False		False		multidrug		AT1G58340	ZF14
w:controlling	word	controlling	2	409	163	21633	0.6489867550662246	0.8166338778440816	1.0	-0.08797260744564778	0.0	True		False		controlling		AT3G23250, AT5G01840	MYB15, OFP1
w:mediator	word	mediator	1	409	89	21633	0.5942968599763742	0.8177304366471726	1.0	-0.08738983712387556	0.0	False		False		mediator		AT4G09890	AT4G09890
w:partner	word	partner	1	409	89	21633	0.5942968599763742	0.8177304366471726	1.0	-0.08738983712387556	0.0	False		False		partner		AT1G25280	TLP10
w:producing	word	producing	1	409	89	21633	0.5942968599763742	0.8177304366471726	1.0	-0.08738983712387556	0.0	False		False		producing		AT3G10930	IDL7
w:regulatory	word	regulatory	8	409	549	21633	0.770745654468449	0.8180733632014203	1.0	-0.08720774791195	0.0	True		False		regulatory		AT1G35140, AT2G22810, AT3G02070, AT4G17615, AT5G15160, AT5G24270, AT5G37770, AT5G59820	PHI-1, ACS4, OTU12, CBL1, BNQ2, SOS3, TCH2, RHL41
w:side	word	side	2	409	164	21633	0.6450295187548453	0.8192818593810938	1.0	-0.0865666612249573	0.0	True		False		side		AT1G70940, AT4G20170	PIN3, GALS3
k:Methyltransferase	keyword	Methyltransferase	4	409	299	21633	0.7075909102059841	0.8196444923093379	1.0	-0.08637447506344922	0.0	True		False		Methyltransferase		AT2G41380, AT3G02320, AT3G25900, AT5G10830	AT2G41380, AtTRM1a, HMT-1, AT5G10830
w:affecting	word	affecting	1	409	90	21633	0.5876935615321923	0.8211907156766615	1.0	-0.08555596937595564	0.0	False		False		affecting		AT1G78100	AUF1
w:messenger	word	messenger	1	409	90	21633	0.5876935615321923	0.8211907156766615	1.0	-0.08555596937595564	0.0	False		False		messenger		AT5G04870	CPK1
w:sulfate	word	sulfate	1	409	90	21633	0.5876935615321923	0.8211907156766615	1.0	-0.08555596937595564	0.0	False		False		sulfate		AT4G24570	DIC2
w:content	word	content	5	409	365	21633	0.7245537059985934	0.8227251503429616	1.0	-0.08474522630117873	0.0	True		False		content		AT1G09940, AT3G25710, AT4G26080, AT5G01180, AT5G45280	HEMA2, BHLH32, ABI1, PTR5, PAE11
p:pollen grain	phrase	pollen grain	1	409	91	21633	0.581235390526344	0.8245854609437201	1.0	-0.08376432692925195	0.0	False		False		pollen grain		AT3G60260	ELMOD_A
w:composition	word	composition	1	409	91	21633	0.581235390526344	0.8245854609437201	1.0	-0.08376432692925195	0.0	False		False		composition		AT4G12110	SMO1-1
w:reducing	word	reducing	1	409	91	21633	0.581235390526344	0.8245854609437201	1.0	-0.08376432692925195	0.0	False		False		reducing		AT3G62720	XT1
w:transmission	word	transmission	1	409	91	21633	0.581235390526344	0.8245854609437201	1.0	-0.08376432692925195	0.0	False		False		transmission		AT1G02660	PLIP2
k:Hydrolase	keyword	Hydrolase	37	409	2236	21633	0.875232361315832	0.8277273130235856	1.0	-0.08211271388449382	0.0	True		False		Hydrolase		AT1G02660, AT1G10550, AT1G10740, AT1G22280, AT1G30370, AT1G32190, AT1G49740, AT1G53840, AT1G60260, AT1G61820, AT2G25190, AT2G30020, AT3G02070, AT3G10720, AT3G10870, AT3G11210, AT3G17090, AT3G43270, AT3G44260, AT3G49220, AT3G50930, AT3G56170, AT3G59080, AT4G12720, AT4G25810, AT4G26080, AT4G29780, AT4G30280, AT4G30290, AT5G02760, AT5G22250, AT5G37540, AT5G45280, AT5G56220, AT5G57560, AT5G66080, AT5G66460	PLIP2, XTH33, LDAH1, PAPP2C, DLAH, AT1G32190, AT1G49740, PME1, BGLU5, BGLU46, AT2G25190, AP2C1, OTU12, PME25, MES17, CPRD49, PP2C42, PME32, CAF1a, PME34, BCS1, CAN, AT3G59080, NUDT7, XTR6, ABI1, AT4G29780, XTH18, XTH19, PP2C67, CAF1b, MPA22.8, PAE11, TN21, TCH4, PP2C79, MAN7
p:glycine rich	phrase	glycine rich	1	409	92	21633	0.5749176145423621	0.827915910598999	1.0	-0.08201377120712465	0.0	False		False		glycine rich		AT5G49350	AT5G49350
w:phenylpropanoid	word	phenylpropanoid	1	409	92	21633	0.5749176145423621	0.827915910598999	1.0	-0.08201377120712465	0.0	False		False		phenylpropanoid		AT1G18400	BEE1
w:attachment	word	attachment	2	409	168	21633	0.6296716730702061	0.8295346125624472	1.0	-0.0811654882034989	0.0	True		False		attachment		AT3G04570, AT4G27350	AHL19, AT4G27350
w:exchange	word	exchange	2	409	168	21633	0.6296716730702061	0.8295346125624472	1.0	-0.0811654882034989	0.0	True		False		exchange		AT4G39390, AT5G57340	NST-K1, MJB24.15
w:later	word	later	2	409	168	21633	0.6296716730702061	0.8295346125624472	1.0	-0.0811654882034989	0.0	True		False		later		AT4G25420, AT5G03730	GA20OX1, CTR1
w:respiratory	word	respiratory	2	409	168	21633	0.6296716730702061	0.8295346125624472	1.0	-0.0811654882034989	0.0	True		False		respiratory		AT2G35930, AT2G39725	PUB23, SDHAF1
w:conjugation	word	conjugation	1	409	93	21633	0.5687357047085733	0.8311832794567591	1.0	-0.08030320187135909	0.0	False		False		conjugation		AT2G14960	GH3.1
w:isomerization	word	isomerization	1	409	93	21633	0.5687357047085733	0.8311832794567591	1.0	-0.08030320187135909	0.0	False		False		isomerization		AT5G45340	CYP707A3
w:rescue	word	rescue	1	409	93	21633	0.5687357047085733	0.8311832794567591	1.0	-0.08030320187135909	0.0	False		False		rescue		AT4G02220	PDCD2
w:rnai	word	rnai	1	409	93	21633	0.5687357047085733	0.8311832794567591	1.0	-0.08030320187135909	0.0	False		False		rnai		AT4G22470	DHYPRP1
w:turn	word	turn	1	409	93	21633	0.5687357047085733	0.8311832794567591	1.0	-0.08030320187135909	0.0	False		False		turn		AT5G03730	CTR1
k:DNA repair	keyword	DNA repair	2	409	169	21633	0.6259458051822168	0.8320147267834334	1.0	-0.07986898656483134	0.0	True		False		DNA repair		AT5G01840, AT5G15920	OFP1, SMC5
w:starch	word	starch	2	409	169	21633	0.6259458051822168	0.8320147267834334	1.0	-0.07986898656483134	0.0	True		False		starch		AT4G12720, AT5G65300	NUDT7, SUPA
w:acyltransferase	word	acyltransferase	4	409	306	21633	0.6914041900378733	0.8331671092931161	1.0	-0.07926788290870077	0.0	True		False		acyltransferase		AT1G19440, AT2G39030, AT4G24160, AT5G01210	KCS4, NATA1, AT4G24160, AT5G01210
w:abaxial	word	abaxial	1	409	94	21633	0.5626853248712479	0.834388759433648	1.0	-0.07863155519133175	0.0	False		False		abaxial		AT3G60630	HAM2
w:earlier	word	earlier	1	409	94	21633	0.5626853248712479	0.834388759433648	1.0	-0.07863155519133175	0.0	False		False		earlier		AT5G03730	CTR1
w:ras	word	ras	1	409	94	21633	0.5626853248712479	0.834388759433648	1.0	-0.07863155519133175	0.0	False		False		ras		AT5G57340	MJB24.15
w:snrnp	word	snrnp	1	409	94	21633	0.5626853248712479	0.834388759433648	1.0	-0.07863155519133175	0.0	False		False		snrnp		AT4G22380	AT4G22380
w:uridine	word	uridine	1	409	95	21633	0.5567623214515507	0.8375335199792461	1.0	-0.07699780249923252	0.0	False		False		uridine		AT4G25280	UMK2
p:gdsl esterase	phrase	gdsl esterase	1	409	96	21633	0.5509627139364303	0.840618708498537	1.0	-0.07540094872593604	0.0	False		False		gdsl esterase		AT3G11210	CPRD49
w:axis	word	axis	1	409	96	21633	0.5509627139364303	0.840618708498537	1.0	-0.07540094872593604	0.0	False		False		axis		AT1G23080	PIN7
w:fertilization	word	fertilization	1	409	96	21633	0.5509627139364303	0.840618708498537	1.0	-0.07540094872593604	0.0	False		False		fertilization		AT5G67060	HEC1
w:hypersensitivity	word	hypersensitivity	1	409	96	21633	0.5509627139364303	0.840618708498537	1.0	-0.07540094872593604	0.0	False		False		hypersensitivity		AT5G24270	SOS3
w:soluble	word	soluble	1	409	96	21633	0.5509627139364303	0.840618708498537	1.0	-0.07540094872593604	0.0	False		False		soluble		AT4G24160	AT4G24160
w:closure	word	closure	2	409	173	21633	0.6114730698022811	0.841613128588897	1.0	-0.07488749844076174	0.0	True		False		closure		AT4G26080, AT5G13330	ABI1, Rap2.6L
k:Mitosis	keyword	Mitosis	1	409	97	21633	0.5452826859577041	0.8436454507664527	1.0	-0.07384003101251001	0.0	False		False		Mitosis		AT5G37630	EMB2656
p:gdsl lipolytic	phrase	gdsl lipolytic	1	409	97	21633	0.5452826859577041	0.8436454507664527	1.0	-0.07384003101251001	0.0	False		False		gdsl lipolytic		AT3G11210	CPRD49
w:closely	word	closely	1	409	97	21633	0.5452826859577041	0.8436454507664527	1.0	-0.07384003101251001	0.0	False		False		closely		AT1G11000	MLO4
k:Endosome	keyword	Endosome	2	409	174	21633	0.6079588567574404	0.8439339075564083	1.0	-0.07369156369125789	0.0	True		False		Endosome		AT1G58340, AT4G39400	ZF14, BRI1
w:carboxyl	word	carboxyl	1	409	98	21633	0.5397185769173195	0.8466148513346419	1.0	-0.07231411739270566	0.0	False		False		carboxyl		AT4G13195	CLE44
w:alpha	word	alpha	13	409	874	21633	0.7867293672684955	0.847110801898727	1.0	-0.07205978033519732	0.0	True		False		alpha		AT1G02660, AT1G09350, AT1G10740, AT1G13250, AT1G20190, AT1G30370, AT1G32190, AT2G39700, AT3G28340, AT3G50660, AT4G12110, AT4G24160, AT5G07440	PLIP2, GolS3, LDAH1, GATL3, EXPA11, DLAH, AT1G32190, EXPA4, GATL10, DWF4, SMO1-1, AT4G24160, GDH2
w:methylation	word	methylation	4	409	314	21633	0.6737887966611122	0.8475779651510542	1.0	-0.07182034235494092	0.0	True		False		methylation		AT3G50660, AT4G22380, AT4G32460, AT4G39400	DWF4, AT4G22380, BDX, BRI1
p:seed set	phrase	seed set	1	409	99	21633	0.5342668741201748	0.849527993930608	1.0	-0.07082230554210826	0.0	False		False		seed set		AT5G67060	HEC1
p:tir nbs	phrase	tir nbs	1	409	99	21633	0.5342668741201748	0.849527993930608	1.0	-0.07082230554210826	0.0	False		False		tir nbs		AT4G23510	AT4G23510
w:nodulin	word	nodulin	1	409	99	21633	0.5342668741201748	0.849527993930608	1.0	-0.07082230554210826	0.0	False		False		nodulin		AT4G30420	UMAMIT34
w:novo	word	novo	1	409	99	21633	0.5342668741201748	0.849527993930608	1.0	-0.07082230554210826	0.0	False		False		novo		AT4G25280	UMK2
w:rni	word	rni	1	409	99	21633	0.5342668741201748	0.849527993930608	1.0	-0.07082230554210826	0.0	False		False		rni		AT1G77000	SKP2B
p:triphosphate hydrolase	phrase	triphosphate hydrolase	2	409	177	21633	0.5976544693547718	0.8507124391755582	1.0	-0.07021721686500751	0.0	True		False		triphosphate hydrolase		AT4G25280, AT5G56220	UMK2, TN21
w:lower	word	lower	5	409	382	21633	0.6923091693442057	0.8512231529755574	1.0	-0.06995657222856902	0.0	True		False		lower		AT1G49740, AT3G60630, AT4G26080, AT5G01180, AT5G63790	AT1G49740, HAM2, ABI1, PTR5, NAC102
p:adp ribose	phrase	adp ribose	1	409	100	21633	0.5289242053789731	0.8523859418493588	1.0	-0.06936372158992862	0.0	False		False		adp ribose		AT4G12720	NUDT7
w:certain	word	certain	1	409	100	21633	0.5289242053789731	0.8523859418493588	1.0	-0.06936372158992862	0.0	False		False		certain		AT4G22470	DHYPRP1
w:cytoplasm	word	cytoplasm	64	409	3781	21633	0.8952961952989759	0.8534476759954441	1.0	-0.06882309988378639	0.0	True		False		cytoplasm		AT1G02400, AT1G05010, AT1G09350, AT1G19440, AT1G21980, AT1G22440, AT1G30760, AT1G51170, AT1G55500, AT1G73590, AT1G74660, AT1G76650, AT2G19620, AT2G22810, AT2G23150, AT2G28400, AT2G30020, AT2G30140, AT2G34260, AT2G35930, AT2G39030, AT2G41230, AT2G44080, AT2G44830, AT2G45400, AT3G02070, AT3G04230, AT3G04570, AT3G11210, AT3G12920, AT3G20830, AT3G25900, AT3G44260, AT3G49640, AT3G59900, AT4G02220, AT4G11280, AT4G12720, AT4G17615, AT4G23510, AT4G23750, AT4G24160, AT4G24380, AT4G25280, AT4G25420, AT4G26080, AT4G37590, AT4G37770, AT5G01210, AT5G01840, AT5G02760, AT5G07440, AT5G10520, AT5G14230, AT5G19530, AT5G20820, AT5G22250, AT5G24270, AT5G43450, AT5G48150, AT5G51810, AT5G53290, AT5G54500, AT5G54510	GA2OX6, EFE, GolS3, KCS4, PIP5K1, AT1G22440, AtBBE-like 13, UCN, ECT4, PIN1, MIF1, CML38, NDL3, ACS4, NRAMP3, S40-4, AP2C1, UGT87A2, WDR55, PUB23, NATA1, ORS1, ARL, PAX, BEN1, OTU12, RPS16B, AHL19, CPRD49, BRG3, UCNL, HMT-1, CAF1a, AT3G49640, ARGOS, PDCD2, ACS6, NUDT7, CBL1, AT4G23510, CRF2, AT4G24160, AT4G24380, UMK2, GA20OX1, ABI1, NPY5, ACS8, AT5G01210, OFP1, PP2C67, GDH2, RBK1, AT5G14230, ACL5, SAUR76, CAF1b, SOS3, AT5G43450, PAT1, GA20OX2, CRF3, FQR1, DFL1
w:set	word	set	3	409	250	21633	0.6347090464547677	0.8544654353073192	1.0	-0.06830550059556997	0.0	True		False		set		AT3G44260, AT5G22250, AT5G67060	CAF1a, CAF1b, HEC1
p:esterase lipase	phrase	esterase lipase	1	409	101	21633	0.5236873320583892	0.8551897383377074	1.0	-0.06793751898969774	0.0	False		False		esterase lipase		AT3G11210	CPRD49
w:confer	word	confer	3	409	251	21633	0.6321803251541511	0.8563150447957484	1.0	-0.06736642569166286	0.0	True		False		confer		AT2G38470, AT3G01970, AT5G37770	WRKY33, WRKY45, TCH2
w:gdsl	word	gdsl	1	409	102	21633	0.518553142528405	0.8579404069713633	1.0	-0.06654287744538295	0.0	False		False		gdsl		AT3G11210	CPRD49
w:globular	word	globular	1	409	102	21633	0.518553142528405	0.8579404069713633	1.0	-0.06654287744538295	0.0	False		False		globular		AT2G34260	WDR55
k:DNA damage	keyword	DNA damage	2	409	181	21633	0.5844466357778708	0.8593339518301786	1.0	-0.06583802912314288	0.0	True		False		DNA damage		AT5G01840, AT5G15920	OFP1, SMC5
k:Cytoplasm	keyword	Cytoplasm	33	409	2053	21633	0.8501947772774531	0.8599576063233408	1.0	-0.06552295781881463	0.0	True		False		Cytoplasm		AT1G09350, AT1G22440, AT1G23730, AT1G51170, AT1G55500, AT1G74660, AT2G19620, AT2G28400, AT2G30020, AT2G34260, AT2G35930, AT2G41230, AT2G44080, AT2G45400, AT3G02170, AT3G20830, AT3G44260, AT3G59900, AT3G60640, AT4G02220, AT4G12720, AT4G23750, AT4G24160, AT4G25280, AT4G26080, AT4G37590, AT5G10520, AT5G20820, AT5G22250, AT5G24270, AT5G44260, AT5G48150, AT5G53290	GolS3, AT1G22440, BCA3, UCN, ECT4, MIF1, NDL3, S40-4, AP2C1, WDR55, PUB23, ORS1, ARL, BEN1, LNG2, UCNL, CAF1a, ARGOS, ATG8G, PDCD2, NUDT7, CRF2, AT4G24160, UMK2, ABI1, NPY5, RBK1, SAUR76, CAF1b, SOS3, TZF5, PAT1, CRF3
w:fructose	word	fructose	1	409	103	21633	0.513518645999003	0.8606389520249471	1.0	-0.06517900188968362	0.0	False		False		fructose		AT5G03730	CTR1
w:proteinase	word	proteinase	1	409	103	21633	0.513518645999003	0.8606389520249471	1.0	-0.06517900188968362	0.0	False		False		proteinase		AT3G02070	OTU12
w:transmembrane	word	transmembrane	29	409	1825	21633	0.8404822989583681	0.8607258420873849	1.0	-0.06513515775529667	0.0	True		False		transmembrane		AT1G08430, AT1G11000, AT1G23080, AT1G50740, AT1G58340, AT1G59740, AT1G68400, AT1G70940, AT1G73590, AT2G01420, AT2G23150, AT2G30070, AT2G37330, AT2G39350, AT2G41820, AT3G03680, AT3G13380, AT3G18560, AT3G29170, AT3G47510, AT4G09970, AT4G24570, AT4G28490, AT4G30420, AT4G37290, AT4G39390, AT4G39400, AT5G01180, AT5G48175	ALMT1, MLO4, PIN7, FAX5, ZF14, NPF4.3, AT1G68400, PIN3, PIN1, PIN4, NRAMP3, KT1, ALS3, ABCG1, PXC3, MCTP14, BRL3, AT3G18560, AT3G29170, AT3G47510, AT4G09970, DIC2, HAE, UMAMIT34, PIP2, NST-K1, BRI1, PTR5, AT5G48175
w:sterile	word	sterile	2	409	182	21633	0.581235390526344	0.8614171296660652	1.0	-0.06478649634694858	0.0	True		False		sterile		AT4G39400, AT5G09970	BRI1, CYP78A7
w:systemic	word	systemic	2	409	182	21633	0.581235390526344	0.8614171296660652	1.0	-0.06478649634694858	0.0	True		False		systemic		AT1G44830, AT2G38470	ERF014, WRKY33
w:adaptor	word	adaptor	1	409	104	21633	0.5085809667105511	0.863286358835063	1.0	-0.0638451215114819	0.0	False		False		adaptor		AT5G04670	EPCR2
w:snare	word	snare	1	409	104	21633	0.5085809667105511	0.863286358835063	1.0	-0.0638451215114819	0.0	False		False		snare		AT4G39400	BRI1
w:young	word	young	1	409	104	21633	0.5085809667105511	0.863286358835063	1.0	-0.0638451215114819	0.0	False		False		young		AT1G11000	MLO4
p:trans‑golgi network	phrase	trans-golgi network	3	409	256	21633	0.6198330531784841	0.8652582786333308	1.0	-0.0628542367635968	0.0	True		False		trans-golgi network		AT1G53840, AT3G28180, AT3G62720	PME1, CSLC04, XT1
w:trans‑golgi	word	trans-golgi	3	409	256	21633	0.6198330531784841	0.8652582786333308	1.0	-0.0628542367635968	0.0	True		False		trans-golgi		AT1G53840, AT3G28180, AT3G62720	PME1, CSLC04, XT1
p:copper ion	phrase	copper ion	2	409	184	21633	0.5749176145423621	0.8654991023165943	1.0	-0.06273337823243685	0.0	True		False		copper ion		AT4G38580, AT5G07440	FP6, GDH2
w:mitotic	word	mitotic	2	409	184	21633	0.5749176145423621	0.8654991023165943	1.0	-0.06273337823243685	0.0	True		False		mitotic		AT3G16310, AT5G37630	NUP35, EMB2656
w:shape	word	shape	2	409	184	21633	0.5749176145423621	0.8654991023165943	1.0	-0.06273337823243685	0.0	True		False		shape		AT1G55500, AT1G73590	ECT4, PIN1
k:Ion channel	keyword	Ion channel	1	409	105	21633	0.5037373384561649	0.8658835941565577	1.0	-0.06254048882962829	0.0	False		False		Ion channel		AT1G08430	ALMT1
p:transmembrane transport	phrase	transmembrane transport	15	409	1014	21633	0.7824322564777709	0.8672648901560901	1.0	-0.06184823497727129	0.0	True		False		transmembrane transport		AT1G08430, AT1G23080, AT1G58340, AT1G59740, AT1G70940, AT1G73590, AT2G01420, AT2G23150, AT2G30070, AT2G37330, AT2G39350, AT4G24570, AT4G30420, AT4G39390, AT5G01180	ALMT1, PIN7, ZF14, NPF4.3, PIN3, PIN1, PIN4, NRAMP3, KT1, ALS3, ABCG1, DIC2, UMAMIT34, NST-K1, PTR5
w:biogenesis	word	biogenesis	7	409	524	21633	0.7065781369566434	0.8694078053347404	1.0	-0.0607764651359908	0.0	True		False		biogenesis		AT1G10550, AT2G39725, AT4G20170, AT4G25810, AT4G30280, AT4G30290, AT5G57560	XTH33, SDHAF1, GALS3, XTR6, XTH18, XTH19, TCH4
p:epidermal cell	phrase	epidermal cell	2	409	186	21633	0.5687357047085733	0.8694706854037157	1.0	-0.06074505584875761	0.0	True		False		epidermal cell		AT3G58120, AT5G19530	BZIP61, ACL5
w:gfp	word	gfp	1	409	107	21633	0.4943216872700683	0.8709313265351598	1.0	-0.06001608802636965	0.0	False		False		gfp		AT5G01180	PTR5
w:trans	word	trans	1	409	107	21633	0.4943216872700683	0.8709313265351598	1.0	-0.06001608802636965	0.0	False		False		trans		AT3G28180	CSLC04
w:photosynthesis	word	photosynthesis	2	409	187	21633	0.5656943373037145	0.8714158687854039	1.0	-0.0597745356750128	0.0	True		False		photosynthesis		AT1G27730, AT2G23150	STZ, NRAMP3
k:Cell cycle	keyword	Cell cycle	3	409	260	21633	0.6102971600526613	0.8720572011685547	1.0	-0.05945502729552487	0.0	True		False		Cell cycle		AT3G60550, AT5G37630, AT5G52910	CYCP3;2, EMB2656, ATIM
p:actin filament	phrase	actin filament	1	409	108	21633	0.4897446346101603	0.8733836673066512	1.0	-0.058794933853788735	0.0	False		False		actin filament		AT1G21980	PIP5K1
p:proline rich	phrase	proline rich	1	409	108	21633	0.4897446346101603	0.8733836673066512	1.0	-0.058794933853788735	0.0	False		False		proline rich		AT4G22470	DHYPRP1
w:accept	word	accept	1	409	108	21633	0.4897446346101603	0.8733836673066512	1.0	-0.058794933853788735	0.0	False		False		accept		AT3G62720	XT1
w:seed	word	seed	26	409	1671	21633	0.8229820071725494	0.8746350999000917	1.0	-0.05817309800985667	0.0	True		False		seed		AT1G17060, AT1G30370, AT1G73590, AT1G79700, AT2G18980, AT2G23150, AT2G28400, AT2G34260, AT2G39350, AT3G02170, AT3G44540, AT4G13195, AT4G17615, AT4G22470, AT4G26080, AT4G32460, AT4G39400, AT5G01180, AT5G03730, AT5G15580, AT5G39580, AT5G45340, AT5G63790, AT5G64100, AT5G66460, AT5G67060	CYP72C1, DLAH, PIN1, WRI4, PER16, NRAMP3, S40-4, WDR55, ABCG1, LNG2, FAR4, CLE44, CBL1, DHYPRP1, ABI1, BDX, BRI1, PTR5, CTR1, LNG1, PER62, CYP707A3, NAC102, PER69, MAN7, HEC1
w:efficient	word	efficient	1	409	109	21633	0.4852515645678652	0.8757895246851216	1.0	-0.05760025370732703	0.0	False		False		efficient		AT1G30760	AtBBE-like 13
p:nbs lrr	phrase	nbs lrr	1	409	110	21633	0.4808401867081573	0.8781497776308468	1.0	-0.05643140430915974	0.0	False		False		nbs lrr		AT4G23510	AT4G23510
w:nac	word	nac	1	409	110	21633	0.4808401867081573	0.8781497776308468	1.0	-0.05643140430915974	0.0	False		False		nac		AT5G63790	NAC102
w:triphosphate	word	triphosphate	3	409	264	21633	0.6010502333851967	0.8785516030956615	1.0	-0.056232724457233395	0.0	True		False		triphosphate		AT4G20320, AT4G25280, AT5G56220	CTPS4, UMK2, TN21
w:inactive	word	inactive	2	409	191	21633	0.5538473354753645	0.8789331263513174	1.0	-0.0560441669756511	0.0	True		False		inactive		AT3G02070, AT3G10870	OTU12, MES17
w:residue	word	residue	5	409	402	21633	0.6578659270882751	0.8797838670457827	1.0	-0.05562400612050283	0.0	True		False		residue		AT1G73590, AT3G02320, AT3G62720, AT4G39400, AT5G45280	PIN1, AtTRM1a, XT1, BRI1, PAE11
k:Potassium	keyword	Potassium	1	409	111	21633	0.47650829313421	0.8804652885237976	1.0	-0.05528776099111436	0.0	False		False		Potassium		AT2G30070	KT1
p:acquired resistance	phrase	acquired resistance	1	409	111	21633	0.47650829313421	0.8804652885237976	1.0	-0.05528776099111436	0.0	False		False		acquired resistance		AT2G38470	WRKY33
p:lipid transfer	phrase	lipid transfer	1	409	111	21633	0.47650829313421	0.8804652885237976	1.0	-0.05528776099111436	0.0	False		False		lipid transfer		AT4G22470	DHYPRP1
p:systemic acquired	phrase	systemic acquired	1	409	111	21633	0.47650829313421	0.8804652885237976	1.0	-0.05528776099111436	0.0	False		False		systemic acquired		AT2G38470	WRKY33
w:cassette	word	cassette	1	409	111	21633	0.47650829313421	0.8804652885237976	1.0	-0.05528776099111436	0.0	False		False		cassette		AT2G39350	ABCG1
w:molecule	word	molecule	4	409	335	21633	0.631551290004744	0.8804889226157648	1.0	-0.05527610349807808	0.0	True		False		molecule		AT1G06080, AT1G80840, AT3G03680, AT3G50930	ADS1, WRKY40, MCTP14, BCS1
p:nucleoside triphosphate	phrase	nucleoside triphosphate	2	409	192	21633	0.5509627139364303	0.8807481028896812	1.0	-0.05514828360562464	0.0	True		False		nucleoside triphosphate		AT4G25280, AT5G56220	UMK2, TN21
k:Transmembrane helix	keyword	Transmembrane helix	78	409	4612	21633	0.8945379015516024	0.8823353508876529	1.0	-0.05436632035631253	0.0	True		False		Transmembrane helix		AT1G04310, AT1G06080, AT1G08430, AT1G10550, AT1G10740, AT1G11000, AT1G11050, AT1G13250, AT1G17060, AT1G19440, AT1G23040, AT1G23080, AT1G25320, AT1G30570, AT1G34110, AT1G50740, AT1G52200, AT1G58340, AT1G59740, AT1G63840, AT1G68400, AT1G70940, AT1G73080, AT1G73590, AT1G75640, AT1G79660, AT2G01420, AT2G21050, AT2G22830, AT2G23150, AT2G23180, AT2G25790, AT2G26070, AT2G26710, AT2G30040, AT2G30070, AT2G37330, AT2G39350, AT2G40940, AT2G41230, AT2G41820, AT2G44080, AT2G48010, AT3G03680, AT3G13380, AT3G14380, AT3G14595, AT3G24240, AT3G28180, AT3G28340, AT3G28420, AT3G29170, AT3G49220, AT3G50660, AT3G50930, AT3G59900, AT3G61460, AT3G62720, AT4G09970, AT4G12110, AT4G14965, AT4G16442, AT4G20170, AT4G24380, AT4G24570, AT4G28490, AT4G30420, AT4G31590, AT4G39390, AT4G39400, AT5G01180, AT5G05160, AT5G09970, AT5G12940, AT5G37540, AT5G45340, AT5G48175, AT5G66440	ERS2, ADS1, ALMT1, XTH33, LDAH1, MLO4, AT1G11050, GATL3, CYP72C1, KCS4, AT1G23040, PIN7, SENRK1, HERK2, RGI5, FAX5, PCR8, ZF14, NPF4.3, AT1G63840, AT1G68400, PIN3, PEPR1, PIN1, MUS, AT1G79660, PIN4, LAX2, SQE2, NRAMP3, CYP96A1, SKM1, RTE1, BAS1, MAPKKK14, KT1, ALS3, ABCG1, ERS1, ORS1, PXC3, ARL, RKF3, MCTP14, BRL3, CASPL2A2, AT3G14595, RGI1, CSLC04, GATL10, AT3G28420, AT3G29170, PME34, DWF4, BCS1, ARGOS, BRH1, XT1, AT4G09970, SMO1-1, MAPR4, CASPL2B1, GALS3, AT4G24380, DIC2, HAE, UMAMIT34, CSLC5, NST-K1, BRI1, PTR5, RUL1, CYP78A7, AT5G12940, MPA22.8, CYP707A3, AT5G48175, AT5G66440
k:Cell division	keyword	Cell division	2	409	193	21633	0.5481079848486767	0.8825379490716243	1.0	-0.05426661090551975	0.0	True		False		Cell division		AT3G60550, AT5G37630	CYCP3;2, EMB2656
w:permease	word	permease	1	409	112	21633	0.4722537548026545	0.88273690347565	1.0	-0.05416871702790643	0.0	False		False		permease		AT2G21050	LAX2
w:mitochondria	word	mitochondria	2	409	194	21633	0.5452826859577041	0.8843029633813616	1.0	-0.053398919621284006	0.0	True		False		mitochondria		AT1G30370, AT5G07440	DLAH, GDH2
w:central	word	central	4	409	338	21633	0.6259458051822168	0.8846499682925778	1.0	-0.053228533719693126	0.0	True		False		central		AT1G02400, AT1G04240, AT1G73080, AT4G16515	GA2OX6, SHY2, PEPR1, RGF6
p:development ending	phrase	development ending	3	409	268	21633	0.5920793343794475	0.884752119676558	1.0	-0.05317838821265173	0.0	True		False		development ending		AT1G73590, AT2G34260, AT4G32460	PIN1, WDR55, BDX
k:TPR repeat	keyword	TPR repeat	1	409	113	21633	0.4680745180344895	0.8849654526359334	1.0	-0.053073682999839104	0.0	False		False		TPR repeat		AT1G78120	TPR12
w:dioxygenase	word	dioxygenase	1	409	113	21633	0.4680745180344895	0.8849654526359334	1.0	-0.053073682999839104	0.0	False		False		dioxygenase		AT1G02400	GA2OX6
w:endo	word	endo	1	409	113	21633	0.4680745180344895	0.8849654526359334	1.0	-0.053073682999839104	0.0	False		False		endo		AT5G66460	MAN7
p:sugar transporter	phrase	sugar transporter	1	409	114	21633	0.4639686012096255	0.8871517504924347	1.0	-0.05200208618340686	0.0	False		False		sugar transporter		AT4G39390	NST-K1
w:ratio	word	ratio	1	409	114	21633	0.4639686012096255	0.8871517504924347	1.0	-0.05200208618340686	0.0	False		False		ratio		AT5G24270	SOS3
w:nucleoside	word	nucleoside	3	409	271	21633	0.5855249506040293	0.8892159757754123	1.0	-0.05099274330910291	0.0	True		False		nucleoside		AT4G12720, AT4G25280, AT5G56220	NUDT7, UMK2, TN21
p:cell fate	phrase	cell fate	1	409	115	21633	0.45993409163388965	0.88929659616596	1.0	-0.05095336996834603	0.0	False		False		cell fate		AT4G13195	CLE44
p:monoatomic cation	phrase	monoatomic cation	1	409	115	21633	0.45993409163388965	0.88929659616596	1.0	-0.05095336996834603	0.0	False		False		monoatomic cation		AT2G23150	NRAMP3
w:efficiency	word	efficiency	1	409	115	21633	0.45993409163388965	0.88929659616596	1.0	-0.05095336996834603	0.0	False		False		efficiency		AT4G24570	DIC2
w:energy	word	energy	1	409	115	21633	0.45993409163388965	0.88929659616596	1.0	-0.05095336996834603	0.0	False		False		energy		AT1G35140	PHI-1
w:opening	word	opening	1	409	115	21633	0.45993409163388965	0.88929659616596	1.0	-0.05095336996834603	0.0	False		False		opening		AT1G17060	CYP72C1
w:ending	word	ending	3	409	272	21633	0.5833722853444556	0.8906692663755638	1.0	-0.050283533284139974	0.0	True		False		ending		AT1G73590, AT2G34260, AT4G32460	PIN1, WDR55, BDX
p:hydroxyproline rich	phrase	hydroxyproline rich	1	409	116	21633	0.4559691425680803	0.8914007736995654	1.0	-0.0499269932997571	0.0	False		False		hydroxyproline rich		AT1G23040	AT1G23040
p:lipolytic enzyme	phrase	lipolytic enzyme	1	409	116	21633	0.4559691425680803	0.8914007736995654	1.0	-0.0499269932997571	0.0	False		False		lipolytic enzyme		AT3G11210	CPRD49
w:acetyl	word	acetyl	1	409	116	21633	0.4559691425680803	0.8914007736995654	1.0	-0.0499269932997571	0.0	False		False		acetyl		AT5G45280	PAE11
w:female	word	female	3	409	273	21633	0.581235390526344	0.892105495368713	1.0	-0.04958378536892483	0.0	True		False		female		AT2G34260, AT4G37890, AT5G67060	WDR55, EDA40, HEC1
w:prevent	word	prevent	3	409	273	21633	0.581235390526344	0.892105495368713	1.0	-0.04958378536892483	0.0	True		False		prevent		AT1G74660, AT3G61460, AT5G19530	MIF1, BRH1, ACL5
p:seed dormancy	phrase	seed dormancy	4	409	344	21633	0.6150281457895036	0.8925956206674613	1.0	-0.049345248264727144	0.0	True		False		seed dormancy		AT1G73590, AT2G34260, AT4G26080, AT4G32460	PIN1, WDR55, ABI1, BDX
p:substrate specificity	phrase	substrate specificity	1	409	117	21633	0.45207197040937874	0.8934650523423537	1.0	-0.0489224301440122	0.0	False		False		substrate specificity		AT1G02660	PLIP2
p:mitochondrial inner	phrase	mitochondrial inner	2	409	200	21633	0.5289242053789731	0.8943880063997081	1.0	-0.04847403323823004	0.0	True		False		mitochondrial inner		AT2G40090, AT4G24570	ATH9, DIC2
k:Transmembrane	keyword	Transmembrane	79	409	4696	21633	0.8898000899688858	0.8947085660800101	1.0	-0.04831840463337202	0.0	True		False		Transmembrane		AT1G04310, AT1G06080, AT1G08430, AT1G10550, AT1G10740, AT1G11000, AT1G11050, AT1G13250, AT1G17060, AT1G19440, AT1G23040, AT1G23080, AT1G25320, AT1G30570, AT1G34110, AT1G50740, AT1G52200, AT1G58340, AT1G59740, AT1G63840, AT1G68400, AT1G70940, AT1G73080, AT1G73590, AT1G75640, AT1G79660, AT2G01420, AT2G21050, AT2G22830, AT2G23150, AT2G23180, AT2G25790, AT2G26070, AT2G26710, AT2G30040, AT2G30070, AT2G37330, AT2G39350, AT2G40940, AT2G41230, AT2G41820, AT2G44080, AT2G48010, AT3G03680, AT3G13380, AT3G14380, AT3G14595, AT3G24240, AT3G28180, AT3G28340, AT3G28420, AT3G29170, AT3G47510, AT3G49220, AT3G50660, AT3G50930, AT3G59900, AT3G61460, AT3G62720, AT4G09970, AT4G12110, AT4G14965, AT4G16442, AT4G20170, AT4G24380, AT4G24570, AT4G28490, AT4G30420, AT4G31590, AT4G39390, AT4G39400, AT5G01180, AT5G05160, AT5G09970, AT5G12940, AT5G37540, AT5G45340, AT5G48175, AT5G66440	ERS2, ADS1, ALMT1, XTH33, LDAH1, MLO4, AT1G11050, GATL3, CYP72C1, KCS4, AT1G23040, PIN7, SENRK1, HERK2, RGI5, FAX5, PCR8, ZF14, NPF4.3, AT1G63840, AT1G68400, PIN3, PEPR1, PIN1, MUS, AT1G79660, PIN4, LAX2, SQE2, NRAMP3, CYP96A1, SKM1, RTE1, BAS1, MAPKKK14, KT1, ALS3, ABCG1, ERS1, ORS1, PXC3, ARL, RKF3, MCTP14, BRL3, CASPL2A2, AT3G14595, RGI1, CSLC04, GATL10, AT3G28420, AT3G29170, AT3G47510, PME34, DWF4, BCS1, ARGOS, BRH1, XT1, AT4G09970, SMO1-1, MAPR4, CASPL2B1, GALS3, AT4G24380, DIC2, HAE, UMAMIT34, CSLC5, NST-K1, BRI1, PTR5, RUL1, CYP78A7, AT5G12940, MPA22.8, CYP707A3, AT5G48175, AT5G66440
w:loss	word	loss	6	409	481	21633	0.6597807135704447	0.8947998722648404	1.0	-0.04827408657214344	0.0	True		False		loss		AT1G17060, AT1G35140, AT1G73590, AT3G50660, AT4G39400, AT5G65300	CYP72C1, PHI-1, PIN1, DWF4, BRI1, SUPA
k:Spliceosome	keyword	Spliceosome	1	409	118	21633	0.4482408520160789	0.8954901868279448	1.0	-0.04793916897723312	0.0	False		False		Spliceosome		AT4G22380	AT4G22380
p:pale green	phrase	pale green	1	409	118	21633	0.4482408520160789	0.8954901868279448	1.0	-0.04793916897723312	0.0	False		False		pale green		AT1G73590	PIN1
p:rich glycoprotein	phrase	rich glycoprotein	1	409	118	21633	0.4482408520160789	0.8954901868279448	1.0	-0.04793916897723312	0.0	False		False		rich glycoprotein		AT1G23040	AT1G23040
w:arginine	word	arginine	1	409	118	21633	0.4482408520160789	0.8954901868279448	1.0	-0.04793916897723312	0.0	False		False		arginine		AT2G17530	MJB20.9
w:overall	word	overall	1	409	118	21633	0.4482408520160789	0.8954901868279448	1.0	-0.04793916897723312	0.0	False		False		overall		AT5G67060	HEC1
k:Dioxygenase	keyword	Dioxygenase	1	409	119	21633	0.4444741221672043	0.8974769176477159	1.0	-0.046976712295199334	0.0	False		False		Dioxygenase		AT1G02400	GA2OX6
w:glucosyltransferase	word	glucosyltransferase	1	409	119	21633	0.4444741221672043	0.8974769176477159	1.0	-0.046976712295199334	0.0	False		False		glucosyltransferase		AT4G15550	IAGLU
w:peroxisomal	word	peroxisomal	1	409	119	21633	0.4444741221672043	0.8974769176477159	1.0	-0.046976712295199334	0.0	False		False		peroxisomal		AT5G04870	CPK1
w:deposition	word	deposition	2	409	202	21633	0.5236873320583892	0.8975641902090825	1.0	-0.04693448263072306	0.0	True		False		deposition		AT1G44830, AT1G79700	ERF014, WRI4
w:modulating	word	modulating	2	409	202	21633	0.5236873320583892	0.8975641902090825	1.0	-0.04693448263072306	0.0	True		False		modulating		AT4G16515, AT4G32460	RGF6, BDX
w:peroxisome	word	peroxisome	3	409	278	21633	0.5707815165960142	0.8990363101265365	1.0	-0.04622276770042633	0.0	True		False		peroxisome		AT2G30060, AT5G04870, AT5G65300	RANBP1B, CPK1, SUPA
w:step	word	step	7	409	552	21633	0.670737216966089	0.9002457299209339	1.0	-0.04563892991354882	0.0	True		False		step		AT1G02660, AT1G34370, AT2G26070, AT3G50660, AT4G25420, AT4G28490, AT5G51810	PLIP2, STOP1, RTE1, DWF4, GA20OX1, HAE, GA20OX2
w:complement	word	complement	1	409	121	21633	0.4371274424619613	0.9013380606477147	1.0	-0.045112289667705203	0.0	False		False		complement		AT1G19220	ARF19
w:organization	word	organization	13	409	934	21633	0.7361900074867934	0.9022821758341089	1.0	-0.04465762183365884	0.0	True		False		organization		AT1G20190, AT2G21050, AT2G34260, AT2G39700, AT2G40090, AT3G28180, AT3G60630, AT4G31590, AT4G32460, AT5G01840, AT5G04670, AT5G15920, AT5G57560	EXPA11, LAX2, WDR55, EXPA4, ATH9, CSLC04, HAM2, CSLC5, BDX, OFP1, EPCR2, SMC5, TCH4
k:Repeat	keyword	Repeat	53	409	3264	21633	0.8588536423126707	0.9024999991996245	1.0	-0.04455278980745532	0.0	True		False		Repeat		AT1G21980, AT1G25320, AT1G27730, AT1G34110, AT1G34370, AT1G57560, AT1G65920, AT1G66400, AT1G68400, AT1G73080, AT1G74650, AT1G75640, AT1G76650, AT1G77000, AT1G78970, AT1G79700, AT2G25790, AT2G34260, AT2G35930, AT2G38470, AT2G40140, AT2G41100, AT2G41820, AT2G43290, AT3G03680, AT3G06410, AT3G10530, AT3G11210, AT3G13380, AT3G23250, AT3G24240, AT3G50060, AT4G01680, AT4G09460, AT4G17615, AT4G22780, AT4G24570, AT4G28490, AT4G30420, AT4G39400, AT5G04340, AT5G04870, AT5G05160, AT5G06860, AT5G12940, AT5G14230, AT5G24270, AT5G37770, AT5G40590, AT5G44260, AT5G59820, AT5G61900, AT5G62580	PIP5K1, SENRK1, STZ, RGI5, STOP1, MYB50, PRAF1, CML23, AT1G68400, PEPR1, MYB31, MUS, CML38, SKP2B, LUP1, WRI4, SKM1, WDR55, PUB23, WRKY33, CZF1, TCH3, PXC3, MSS3, MCTP14, AtC3H34, AT3G10530, CPRD49, BRL3, MYB15, RGI1, MYB77, MYB55, MYB6, CBL1, ACR7, DIC2, HAE, UMAMIT34, BRI1, ZAT6, CPK1, RUL1, PGIP1, AT5G12940, AT5G14230, SOS3, TCH2, MNF13.11, TZF5, RHL41, BON1, TOR1L3
p:cysteine histidine	phrase	cysteine histidine	1	409	122	21633	0.43354443063850256	0.9032138849873896	1.0	-0.04420939468023885	0.0	False		False		cysteine histidine		AT5G40590	MNF13.11
w:nbs	word	nbs	1	409	122	21633	0.43354443063850256	0.9032138849873896	1.0	-0.04420939468023885	0.0	False		False		nbs		AT4G23510	AT4G23510
w:lipid	word	lipid	11	409	812	21633	0.7165229383212689	0.9041841836704616	1.0	-0.043743094077569745	0.0	True		False		lipid		AT1G02470, AT1G02660, AT1G06080, AT1G10740, AT1G78970, AT2G40090, AT3G03680, AT4G12110, AT4G22470, AT4G24160, AT4G27350	AT1G02470, PLIP2, ADS1, LDAH1, LUP1, ATH9, MCTP14, SMO1-1, DHYPRP1, AT4G24160, AT4G27350
k:Fatty acid metabolism	keyword	Fatty acid metabolism	1	409	124	21633	0.42655177853142995	0.9068594703627317	1.0	-0.04246000728891997	0.0	False		False		Fatty acid metabolism		AT1G06080	ADS1
w:modification	word	modification	8	409	625	21633	0.6770229828850856	0.907584581038227	1.0	-0.042112890956886445	0.0	True		False		modification		AT1G10550, AT1G53840, AT1G55500, AT3G02320, AT3G10720, AT3G43270, AT3G49220, AT4G17615	XTH33, PME1, ECT4, AtTRM1a, PME25, PME32, PME34, CBL1
w:contribute	word	contribute	5	409	426	21633	0.6208030579565412	0.9077746923995927	1.0	-0.042021929000541886	0.0	True		False		contribute		AT1G23080, AT1G58340, AT4G17615, AT4G25280, AT5G57560	PIN7, ZF14, CBL1, UMK2, TCH4
k:Sugar transport	keyword	Sugar transport	1	409	125	21633	0.4231393643031785	0.9086305650961753	1.0	-0.0416126582000837	0.0	False		False		Sugar transport		AT4G39390	NST-K1
p:histidine rich	phrase	histidine rich	1	409	125	21633	0.4231393643031785	0.9086305650961753	1.0	-0.0416126582000837	0.0	False		False		histidine rich		AT5G40590	MNF13.11
w:lipolytic	word	lipolytic	1	409	125	21633	0.4231393643031785	0.9086305650961753	1.0	-0.0416126582000837	0.0	False		False		lipolytic		AT3G11210	CPRD49
w:deficient	word	deficient	2	409	210	21633	0.5037373384561649	0.9094006158193692	1.0	-0.041244756039352085	0.0	True		False		deficient		AT4G28490, AT5G24270	HAE, SOS3
p:eukaryotic ribosomal	phrase	eukaryotic ribosomal	1	409	126	21633	0.41978111538013735	0.9103680627191838	1.0	-0.04078298648076768	0.0	False		False		eukaryotic ribosomal		AT4G22380	AT4G22380
w:hydroxyproline	word	hydroxyproline	1	409	126	21633	0.41978111538013735	0.9103680627191838	1.0	-0.04078298648076768	0.0	False		False		hydroxyproline		AT1G23040	AT1G23040
w:metabolite	word	metabolite	1	409	126	21633	0.41978111538013735	0.9103680627191838	1.0	-0.04078298648076768	0.0	False		False		metabolite		AT4G30420	UMAMIT34
w:metabolism	word	metabolism	4	409	359	21633	0.5893305909515021	0.9103974056595602	1.0	-0.04076898854713956	0.0	True		False		metabolism		AT1G30760, AT2G26710, AT4G25280, AT5G65640	AtBBE-like 13, BAS1, UMK2, bHLH093
w:facilitate	word	facilitate	2	409	212	21633	0.49898509941412555	0.912153305643602	1.0	-0.039932163645582684	0.0	True		False		facilitate		AT4G02220, AT5G15920	PDCD2, SMC5
w:pale	word	pale	2	409	212	21633	0.49898509941412555	0.912153305643602	1.0	-0.039932163645582684	0.0	True		False		pale		AT1G73590, AT5G15160	PIN1, BNQ2
k:Cytoplasmic vesicle	keyword	Cytoplasmic vesicle	1	409	128	21633	0.4132220354523227	0.9137447978075297	1.0	-0.03917508258118571	0.0	False		False		Cytoplasmic vesicle		AT3G60640	ATG8G
w:inositol	word	inositol	1	409	128	21633	0.4132220354523227	0.9137447978075297	1.0	-0.03917508258118571	0.0	False		False		inositol		AT1G09350	GolS3
p:tetratricopeptide repeat	phrase	tetratricopeptide repeat	3	409	290	21633	0.5471629710816963	0.9140637061650038	1.0	-0.03902353482222935	0.0	True		False		tetratricopeptide repeat		AT1G63500, AT1G78120, AT5G59010	BSK7, TPR12, BSK5
k:WD repeat	keyword	WD repeat	2	409	214	21633	0.4943216872700683	0.9148275567306293	1.0	-0.03866076190984335	0.0	True		False		WD repeat		AT2G34260, AT3G10530	WDR55, AT3G10530
k:Signal-anchor	keyword	Signal-anchor	3	409	291	21633	0.5452826859577042	0.9152195614670404	1.0	-0.03847470604842402	0.0	True		False		Signal-anchor		AT1G13250, AT3G28340, AT3G62720	GATL3, GATL10, XT1
w:nuclear	word	nuclear	14	409	1015	21633	0.7295506281089283	0.9158349621961301	1.0	-0.03818278120685089	0.0	True		False		nuclear		AT1G34370, AT1G44830, AT1G74660, AT2G30060, AT3G04570, AT3G16310, AT3G23050, AT3G44260, AT4G02220, AT4G14560, AT4G38580, AT5G01740, AT5G22250, AT5G37630	STOP1, ERF014, MIF1, RANBP1B, AHL19, NUP35, IAA7, CAF1a, PDCD2, IAA1, FP6, AT5G01740, CAF1b, EMB2656
w:carbohydrate	word	carbohydrate	8	409	635	21633	0.6663612036270528	0.9159889560149138	1.0	-0.03810976254469933	0.0	True		False		carbohydrate		AT1G10550, AT1G60260, AT1G61820, AT2G28350, AT4G25810, AT4G30280, AT4G30290, AT5G57560	XTH33, BGLU5, BGLU46, ARF10, XTR6, XTH18, XTH19, TCH4
w:vesicle	word	vesicle	8	409	635	21633	0.6663612036270528	0.9159889560149138	1.0	-0.03810976254469933	0.0	True		False		vesicle		AT1G30720, AT1G70940, AT1G73590, AT2G37330, AT3G03680, AT5G06860, AT5G57560, AT5G61900	AtBBE10, PIN3, PIN1, ALS3, MCTP14, PGIP1, TCH4, BON1
w:phosphatidylinositol	word	phosphatidylinositol	2	409	215	21633	0.49202251663160285	0.9161358928943997	1.0	-0.03804010148844151	0.0	True		False		phosphatidylinositol		AT1G21980, AT1G22030	PIP5K1, AT1G22030
w:tetratricopeptide	word	tetratricopeptide	3	409	292	21633	0.543415279498945	0.9163612751601693	1.0	-0.03793327210115239	0.0	True		False		tetratricopeptide		AT1G63500, AT1G78120, AT5G59010	BSK7, TPR12, BSK5
w:larger	word	larger	1	409	131	21633	0.40375893540379626	0.9185734315906057	1.0	-0.03688612007687904	0.0	False		False		larger		AT4G39400	BRI1
w:dormancy	word	dormancy	4	409	367	21633	0.5764841475520143	0.9187794080049139	1.0	-0.0367887469228683	0.0	True		False		dormancy		AT1G73590, AT2G34260, AT4G26080, AT4G32460	PIN1, WDR55, ABI1, BDX
w:chromosome	word	chromosome	3	409	295	21633	0.5378890224192946	0.9197030146749163	1.0	-0.03635238994819447	0.0	True		False		chromosome		AT1G65920, AT5G15920, AT5G37630	PRAF1, SMC5, EMB2656
w:fate	word	fate	1	409	132	21633	0.40070015559013117	0.9201222859520344	1.0	-0.03615445027950646	0.0	False		False		fate		AT4G13195	CLE44
w:activation	word	activation	6	409	509	21633	0.6234862931775714	0.9217006558450851	1.0	-0.035410103483515254	0.0	True		False		activation		AT2G26530, AT2G26710, AT3G50060, AT4G17615, AT5G04870, AT5G24270	AR781, BAS1, MYB77, CBL1, CPK1, SOS3
p:circadian rhythm	phrase	circadian rhythm	1	409	134	21633	0.39471955625296495	0.9231323785124951	1.0	-0.03473601605411226	0.0	False		False		circadian rhythm		AT5G12050	BG1
w:genome	word	genome	1	409	134	21633	0.39471955625296495	0.9231323785124951	1.0	-0.03473601605411226	0.0	False		False		genome		AT1G11000	MLO4
k:Calmodulin-binding	keyword	Calmodulin-binding	1	409	135	21633	0.3917957076881282	0.9245947189556964	1.0	-0.03404859146785889	0.0	False		False		Calmodulin-binding		AT1G11000	MLO4
p:mrna splicing	phrase	mrna splicing	1	409	135	21633	0.3917957076881282	0.9245947189556964	1.0	-0.03404859146785889	0.0	False		False		mrna splicing		AT4G22380	AT4G22380
w:progression	word	progression	1	409	135	21633	0.3917957076881282	0.9245947189556964	1.0	-0.03404859146785889	0.0	False		False		progression		AT4G37590	NPY5
w:proline	word	proline	2	409	223	21633	0.47437148464481893	0.9259436005038042	1.0	-0.03341546551669728	0.0	True		False		proline		AT4G22470, AT4G26080	DHYPRP1, ABI1
w:transcript	word	transcript	5	409	446	21633	0.5929643558060237	0.9265817701883929	1.0	-0.03311624847181047	0.0	True		False		transcript		AT2G35930, AT3G50660, AT3G62100, AT5G37770, AT5G59820	PUB23, DWF4, IAA30, TCH2, RHL41
w:break	word	break	1	409	137	21633	0.38607606232041836	0.9274366661604145	1.0	-0.03271573829102204	0.0	False		False		break		AT5G15920	SMC5
k:Amino-acid biosynthesis	keyword	Amino-acid biosynthesis	1	409	138	21633	0.38327840969490806	0.9288173138874517	1.0	-0.032069697602280754	0.0	False		False		Amino-acid biosynthesis		AT3G25900	HMT-1
p:ubiquitin transferase	phrase	ubiquitin transferase	3	409	304	21633	0.5219646763608287	0.9290107404747081	1.0	-0.031979265013963316	0.0	True		False		ubiquitin transferase		AT2G35930, AT3G12920, AT4G37890	PUB23, BRG3, EDA40
w:copper	word	copper	2	409	226	21633	0.4680745180344895	0.929334880459231	1.0	-0.03182776229403403	0.0	True		False		copper		AT4G38580, AT5G07440	FP6, GDH2
p:endoplasmic reticulum	phrase	endoplasmic reticulum	14	409	1038	21633	0.7133852481026611	0.9298224320500104	1.0	-0.03159998063301171	0.0	True		False		endoplasmic reticulum		AT1G04310, AT1G06080, AT1G19440, AT2G25790, AT2G26070, AT2G40940, AT2G41230, AT2G44080, AT3G50660, AT3G59900, AT4G12110, AT4G16515, AT5G03730, AT5G24270	ERS2, ADS1, KCS4, SKM1, RTE1, ERS1, ORS1, ARL, DWF4, ARGOS, SMO1-1, RGF6, CTR1, SOS3
p:phase transition	phrase	phase transition	1	409	139	21633	0.38052101106400943	0.9301717553212749	1.0	-0.03143685198247683	0.0	False		False		phase transition		AT5G50570	SPL13A
w:reticulum	word	reticulum	14	409	1039	21633	0.7126986405491457	0.9303832983982918	1.0	-0.031338094365769405	0.0	True		False		reticulum		AT1G04310, AT1G06080, AT1G19440, AT2G25790, AT2G26070, AT2G40940, AT2G41230, AT2G44080, AT3G50660, AT3G59900, AT4G12110, AT4G16515, AT5G03730, AT5G24270	ERS2, ADS1, KCS4, SKM1, RTE1, ERS1, ORS1, ARL, DWF4, ARGOS, SMO1-1, RGF6, CTR1, SOS3
k:Chaperone	keyword	Chaperone	2	409	227	21633	0.4660125157523992	0.9304323735150027	1.0	-0.03131518715070995	0.0	True		False		Chaperone		AT2G39725, AT4G02220	SDHAF1, PDCD2
w:endoplasmic	word	endoplasmic	14	409	1040	21633	0.7120133533947715	0.9309403773258926	1.0	-0.031078132796891443	0.0	True		False		endoplasmic		AT1G04310, AT1G06080, AT1G19440, AT2G25790, AT2G26070, AT2G40940, AT2G41230, AT2G44080, AT3G50660, AT3G59900, AT4G12110, AT4G16515, AT5G03730, AT5G24270	ERS2, ADS1, KCS4, SKM1, RTE1, ERS1, ORS1, ARL, DWF4, ARGOS, SMO1-1, RGF6, CTR1, SOS3
w:bisphosphate	word	bisphosphate	1	409	140	21633	0.3778030038421237	0.9315004866915921	1.0	-0.030816913856930583	0.0	False		False		bisphosphate		AT1G21980	PIP5K1
w:thiol	word	thiol	1	409	140	21633	0.3778030038421237	0.9315004866915921	1.0	-0.030816913856930583	0.0	False		False		thiol		AT2G25190	AT2G25190
w:outer	word	outer	2	409	229	21633	0.4619425374488848	0.9325792646629978	1.0	-0.03031424504982267	0.0	True		False		outer		AT2G21050, AT3G50930	LAX2, BCS1
w:organelle	word	organelle	1	409	141	21633	0.3751235499141653	0.9328039948543958	1.0	-0.03020960265849055	0.0	False		False		organelle		AT1G58340	ZF14
w:rhythm	word	rhythm	1	409	141	21633	0.3751235499141653	0.9328039948543958	1.0	-0.03020960265849055	0.0	False		False		rhythm		AT5G12050	BG1
w:tomato	word	tomato	1	409	141	21633	0.3751235499141653	0.9328039948543958	1.0	-0.03020960265849055	0.0	False		False		tomato		AT4G26080	ABI1
w:secretory	word	secretory	3	409	309	21633	0.513518645999003	0.9337438775609941	1.0	-0.029772232780500053	0.0	True		False		secretory		AT1G30720, AT5G06860, AT5G57560	AtBBE10, PGIP1, TCH4
p:dna damage	phrase	dna damage	1	409	143	21633	0.3698770666985826	0.9353372431693778	1.0	-0.0290317726139176	0.0	False		False		dna damage		AT5G15920	SMC5
p:universal ribosomal	phrase	universal ribosomal	1	409	144	21633	0.36730847595762023	0.9365679117381878	1.0	-0.02846072589812681	0.0	False		False		universal ribosomal		AT3G04230	RPS16B
w:free	word	free	2	409	233	21633	0.45401219345834604	0.9366865954049511	1.0	-0.028405694762272286	0.0	True		False		free		AT1G50740, AT5G19530	FAX5, ACL5
w:accumulation	word	accumulation	10	409	796	21633	0.6644776449484586	0.9370523041723459	1.0	-0.0282361670850535	0.0	True		False		accumulation		AT2G23150, AT3G02885, AT4G20170, AT4G24160, AT4G26080, AT5G04340, AT5G24270, AT5G37770, AT5G48150, AT5G65300	NRAMP3, GASA5, GALS3, AT4G24160, ABI1, ZAT6, SOS3, TCH2, PAT1, SUPA
w:phase	word	phase	3	409	316	21633	0.5021432329547213	0.9398835079622103	1.0	-0.02692597085170825	0.0	True		False		phase		AT5G03730, AT5G15160, AT5G50570	CTR1, BNQ2, SPL13A
p:small ribosomal	phrase	small ribosomal	1	409	147	21633	0.3598123846115463	0.9401214831443632	1.0	-0.026816022942548635	0.0	False		False		small ribosomal		AT3G04230	RPS16B
w:ubiquitination	word	ubiquitination	7	409	603	21633	0.6140081986157233	0.9406935074589435	1.0	-0.02655185340728052	0.0	True		False		ubiquitination		AT1G25280, AT1G63840, AT1G67340, AT1G77000, AT1G78100, AT2G35930, AT4G37590	TLP10, AT1G63840, AT1G67340, SKP2B, AUF1, PUB23, NPY5
w:matrix	word	matrix	3	409	317	21633	0.5005591849012364	0.9407164223332143	1.0	-0.02654127431625713	0.0	True		False		matrix		AT1G20190, AT2G39700, AT3G04570	EXPA11, EXPA4, AHL19
w:repair	word	repair	4	409	393	21633	0.5383452472050616	0.941389246787567	1.0	-0.026230766819195197	0.0	True		False		repair		AT1G54200, AT5G01840, AT5G15920, AT5G56220	BG3, OFP1, SMC5, TN21
k:Ubl conjugation pathway	keyword	Ubl conjugation pathway	9	409	739	21633	0.6441566777281134	0.9419243162233442	1.0	-0.025983991439662506	0.0	True		False		Ubl conjugation pathway		AT1G25280, AT1G67340, AT1G78100, AT2G35930, AT3G02070, AT3G12920, AT3G60640, AT4G37590, AT4G37890	TLP10, AT1G67340, AUF1, PUB23, OTU12, BRG3, ATG8G, NPY5, EDA40
w:movement	word	movement	3	409	319	21633	0.4974208828015421	0.9423503409727227	1.0	-0.025787607966313315	0.0	True		False		movement		AT3G49220, AT4G17615, AT4G26080	PME34, CBL1, ABI1
p:female gametophyte	phrase	female gametophyte	1	409	149	21633	0.35498268817380746	0.9423794909591049	1.0	-0.025774174021543254	0.0	False		False		female gametophyte		AT4G37890	EDA40
w:pigment	word	pigment	1	409	150	21633	0.35261613691931537	0.9434764369746386	1.0	-0.025268941730821923	0.0	False		False		pigment		AT2G39350	ABCG1
w:intermediate	word	intermediate	2	409	241	21633	0.43894124927715605	0.9442009482829874	1.0	-0.024935567732489065	0.0	True		False		intermediate		AT3G50660, AT4G39400	DWF4, BRI1
k:Flowering	keyword	Flowering	1	409	151	21633	0.35028093071455174	0.9445525500536952	1.0	-0.024773875155089047	0.0	False		False		Flowering		AT2G34140	CDF4
w:rnas	word	rnas	1	409	151	21633	0.35028093071455174	0.9445525500536952	1.0	-0.024773875155089047	0.0	False		False		rnas		AT1G55500	ECT4
w:dehydration	word	dehydration	1	409	152	21633	0.3479764509072191	0.9456082248990559	1.0	-0.02428875895357767	0.0	False		False		dehydration		AT2G19620	NDL3
w:trafficking	word	trafficking	4	409	399	21633	0.5302498299538577	0.9457189053520094	1.0	-0.02423792913227569	0.0	True		False		trafficking		AT1G70940, AT1G73590, AT3G03680, AT5G61900	PIN3, PIN1, MCTP14, BON1
w:glutathione	word	glutathione	1	409	153	21633	0.3457020950189367	0.9466438487534521	1.0	-0.02381338278518993	0.0	False		False		glutathione		AT1G22440	AT1G22440
w:embryo	word	embryo	13	409	1008	21633	0.6821443124927232	0.9467183427332051	1.0	-0.023779208315557115	0.0	True		False		embryo		AT1G02660, AT1G23080, AT1G73590, AT2G34260, AT3G25710, AT4G12110, AT4G13235, AT4G23750, AT4G32460, AT4G37890, AT5G15920, AT5G37630, AT5G53290	PLIP2, PIN7, PIN1, WDR55, BHLH32, SMO1-1, EDA21, CRF2, BDX, EDA40, SMC5, EMB2656, CRF3
w:intracellular	word	intracellular	7	409	614	21633	0.6030080517349856	0.9472299055458203	1.0	-0.023544599041232503	0.0	True		False		intracellular		AT1G59500, AT2G23150, AT2G23170, AT4G27260, AT5G24270, AT5G54510, AT5G63790	GH3.4, NRAMP3, GH3.3, WES1, SOS3, DFL1, NAC102
w:using	word	using	1	409	154	21633	0.3434572762201124	0.947659801540223	1.0	-0.02334754117483909	0.0	False		False		using		AT3G02320	AtTRM1a
w:network	word	network	4	409	402	21633	0.52629274167062	0.947772484190375	1.0	-0.023295903927132273	0.0	True		False		network		AT1G53840, AT3G23250, AT3G28180, AT3G62720	PME1, MYB15, CSLC04, XT1
w:universal	word	universal	1	409	156	21633	0.33905397780703406	0.949634177832757	1.0	-0.022443663285711908	0.0	False		False		universal		AT3G04230	RPS16B
k:Magnesium	keyword	Magnesium	8	409	691	21633	0.6123579801782613	0.9519204793483489	1.0	-0.02139932979059033	0.0	True		False		Magnesium		AT1G22280, AT2G30020, AT3G17090, AT3G50930, AT4G12720, AT4G26080, AT5G02760, AT5G66080	PAPP2C, AP2C1, PP2C42, BCS1, NUDT7, ABI1, PP2C67, PP2C79
w:epidermal	word	epidermal	2	409	253	21633	0.4181219014853543	0.9539028218149032	1.0	-0.020495866490060972	0.0	True		False		epidermal		AT3G58120, AT5G19530	BZIP61, ACL5
p:embryo lethal	phrase	embryo lethal	1	409	161	21633	0.3285243511670641	0.9542511202201761	1.0	-0.020337321548991545	0.0	False		False		embryo lethal		AT1G02660	PLIP2
k:Vacuole	keyword	Vacuole	2	409	254	21633	0.416475752266908	0.9546342626814459	1.0	-0.020162982470870578	0.0	True		False		Vacuole		AT2G23150, AT3G60640	NRAMP3, ATG8G
w:translocation	word	translocation	2	409	254	21633	0.416475752266908	0.9546342626814459	1.0	-0.020162982470870578	0.0	True		False		translocation		AT5G03730, AT5G24270	CTR1, SOS3
w:eukaryotic	word	eukaryotic	4	409	414	21633	0.5110378795932108	0.9552955059189706	1.0	-0.01986226533933209	0.0	True		False		eukaryotic		AT3G29170, AT3G59080, AT4G22380, AT5G37540	AT3G29170, AT3G59080, AT4G22380, MPA22.8
w:gdp	word	gdp	1	409	163	21633	0.3244933775331123	0.955977416078515	1.0	-0.01955236733512611	0.0	False		False		gdp		AT4G12720	NUDT7
w:recognize	word	recognize	1	409	163	21633	0.3244933775331123	0.955977416078515	1.0	-0.01955236733512611	0.0	False		False		recognize		AT1G55500	ECT4
w:recombination	word	recombination	1	409	163	21633	0.3244933775331123	0.955977416078515	1.0	-0.01955236733512611	0.0	False		False		recombination		AT5G15920	SMC5
w:atp	word	atp	30	409	2081	21633	0.7625048611902544	0.9565412530707429	1.0	-0.019296295271138623	0.0	True		False		atp		AT1G11050, AT1G21980, AT1G30570, AT1G34110, AT1G51170, AT1G63500, AT1G68400, AT1G73080, AT2G25790, AT2G39350, AT2G41820, AT2G48010, AT3G13380, AT3G20830, AT3G24240, AT3G27580, AT3G50930, AT3G61160, AT4G12720, AT4G20320, AT4G25280, AT4G28490, AT4G39400, AT5G03730, AT5G04870, AT5G05160, AT5G07440, AT5G10520, AT5G59010, AT5G63650	AT1G11050, PIP5K1, HERK2, RGI5, UCN, BSK7, AT1G68400, PEPR1, SKM1, ABCG1, PXC3, RKF3, BRL3, UCNL, RGI1, ATPK7, BCS1, ASK2, NUDT7, CTPS4, UMK2, HAE, BRI1, CTR1, CPK1, RUL1, GDH2, RBK1, BSK5, SNRK2.5
w:adapter	word	adapter	1	409	164	21633	0.32251475937742263	0.9568160391257385	1.0	-0.019171553207859862	0.0	False		False		adapter		AT4G37590	NPY5
w:compartment	word	compartment	1	409	164	21633	0.32251475937742263	0.9568160391257385	1.0	-0.019171553207859862	0.0	False		False		compartment		AT1G73590	PIN1
k:Isomerase	keyword	Isomerase	2	409	259	21633	0.4084356798293229	0.9581282371966744	1.0	-0.018576360462447206	0.0	True		False		Isomerase		AT1G78970, AT3G25780	LUP1, AOC3
w:storage	word	storage	2	409	259	21633	0.4084356798293229	0.9581282371966744	1.0	-0.018576360462447206	0.0	True		False		storage		AT4G17615, AT4G22470	CBL1, DHYPRP1
w:broad	word	broad	1	409	167	21633	0.3167210810652534	0.9592374872535675	1.0	-0.018073857234855495	0.0	False		False		broad		AT1G02660	PLIP2
k:Microtubule	keyword	Microtubule	1	409	168	21633	0.31483583653510305	0.9600141511738736	1.0	-0.017722365156859363	0.0	False		False		Microtubule		AT3G60640	ATG8G
w:develop	word	develop	1	409	168	21633	0.31483583653510305	0.9600141511738736	1.0	-0.017722365156859363	0.0	False		False		develop		AT5G03730	CTR1
w:affinity	word	affinity	2	409	262	21633	0.40375893540379626	0.9600994986379009	1.0	-0.01768375709561304	0.0	True		False		affinity		AT2G30070, AT5G01180	KT1, PTR5
w:lethal	word	lethal	3	409	345	21633	0.45993409163388965	0.9601178540894179	1.0	-0.017675454211259267	0.0	True		False		lethal		AT1G02660, AT5G04670, AT5G61900	PLIP2, EPCR2, BON1
w:epigenetic	word	epigenetic	1	409	169	21633	0.3129729025911084	0.9607760525095309	1.0	-0.01737783032681893	0.0	False		False		epigenetic		AT1G10550	XTH33
w:mrnas	word	mrnas	1	409	171	21633	0.30931240080641703	0.962256681843215	1.0	-0.016709064512340593	0.0	False		False		mrnas		AT1G55500	ECT4
w:release	word	release	1	409	172	21633	0.3075140728947518	0.9629759539113412	1.0	-0.016384557334447665	0.0	False		False		release		AT1G08430	ALMT1
k:Ribosomal protein	keyword	Ribosomal protein	3	409	354	21633	0.4482408520160789	0.9649671072865884	1.0	-0.015487490145735238	0.0	True		False		Ribosomal protein		AT3G04230, AT3G14595, AT4G22380	RPS16B, AT3G14595, AT4G22380
w:sugar	word	sugar	3	409	354	21633	0.4482408520160789	0.9649671072865884	1.0	-0.015487490145735238	0.0	True		False		sugar		AT1G80290, AT4G39390, AT5G03730	AT1G80290, NST-K1, CTR1
w:isomerase	word	isomerase	1	409	177	21633	0.2988272346773859	0.9663723142920897	1.0	-0.014855520695631994	0.0	False		False		isomerase		AT3G25780	AOC3
w:inner	word	inner	3	409	357	21633	0.4444741221672043	0.9664563691133036	1.0	-0.014817747513386739	0.0	True		False		inner		AT2G21050, AT2G40090, AT4G24570	LAX2, ATH9, DIC2
k:Ion transport	keyword	Ion transport	3	409	360	21633	0.44077017114914424	0.9678858828201755	1.0	-0.014175844533600594	0.0	True		False		Ion transport		AT1G08430, AT2G23150, AT2G30070	ALMT1, NRAMP3, KT1
k:Cytoskeleton	keyword	Cytoskeleton	2	409	276	21633	0.38327840969490806	0.9681810752827196	1.0	-0.01404341062366871	0.0	True		False		Cytoskeleton		AT3G02170, AT3G60640	LNG2, ATG8G
w:spliceosome	word	spliceosome	1	409	180	21633	0.29384678076609616	0.9682590353582281	1.0	-0.014008441682017111	0.0	False		False		spliceosome		AT4G22380	AT4G22380
p:cytosolic ribosome	phrase	cytosolic ribosome	1	409	183	21633	0.2890296204256683	0.9700401439784307	1.0	-0.013210292591940823	0.0	False		False		cytosolic ribosome		AT3G04230	RPS16B
w:rrna	word	rrna	2	409	280	21633	0.3778030038421237	0.9701846983822827	1.0	-0.013145579287922407	0.0	True		False		rrna		AT1G18850, AT4G22380	PCP2, AT4G22380
w:glycine	word	glycine	1	409	185	21633	0.285904975880526	0.971171802544859	1.0	-0.012703935594340443	0.0	False		False		glycine		AT5G49350	AT5G49350
k:Mitochondrion inner membrane	keyword	Mitochondrion inner membrane	1	409	186	21633	0.28436785235428663	0.9717215383131895	1.0	-0.01245817097922613	0.0	False		False		Mitochondrion inner membrane		AT4G24570	DIC2
w:adp	word	adp	2	409	285	21633	0.37117488096770046	0.9725189098436806	1.0	-0.012101945415188853	0.0	True		False		adp		AT4G12720, AT5G46750	NUDT7, AGD9
w:diphosphate	word	diphosphate	1	409	188	21633	0.28134266243562395	0.9727898343947252	1.0	-0.011980976403313482	0.0	False		False		diphosphate		AT4G12720	NUDT7
w:peptidase	word	peptidase	5	409	528	21633	0.5008751944876639	0.9728491699950913	1.0	-0.011954487292261274	0.0	True		False		peptidase		AT2G25190, AT3G02070, AT3G59080, AT4G24160, AT5G37540	AT2G25190, OTU12, AT3G59080, AT4G24160, MPA22.8
w:photosystem	word	photosystem	1	409	189	21633	0.2798540769200916	0.9733087878912307	1.0	-0.011749355412827242	0.0	False		False		photosystem		AT2G23150	NRAMP3
w:gtpase	word	gtpase	3	409	375	21633	0.4231393643031785	0.974211602666385	1.0	-0.011346702372563761	0.0	True		False		gtpase		AT5G10520, AT5G12050, AT5G46750	RBK1, BG1, AGD9
p:embryo defective	phrase	embryo defective	2	409	289	21633	0.36603751237299176	0.9742585115269764	1.0	-0.011325791341737298	0.0	True		False		embryo defective		AT5G15920, AT5G37630	SMC5, EMB2656
k:Carbohydrate metabolism	keyword	Carbohydrate metabolism	1	409	192	21633	0.27548135696821513	0.974807151877529	1.0	-0.011081293182889763	0.0	False		False		Carbohydrate metabolism		AT1G09350	GolS3
w:site	word	site	5	409	534	21633	0.49524738331364526	0.9748402138035268	1.0	-0.011066563737682307	0.0	True		False		site		AT1G55500, AT2G21050, AT2G47260, AT4G27350, AT5G37770	ECT4, LAX2, WRKY23, AT4G27350, TCH2
w:secondary	word	secondary	3	409	378	21633	0.4197811153801374	0.9753263254036225	1.0	-0.01085005341854922	0.0	True		False		secondary		AT1G79700, AT4G39400, AT5G05160	WRI4, BRI1, RUL1
w:recognition	word	recognition	2	409	293	21633	0.361040413227968	0.9758916628468726	1.0	-0.010598392209637124	0.0	True		False		recognition		AT1G21980, AT3G23250	PIP5K1, MYB15
w:monoatomic	word	monoatomic	1	409	195	21633	0.27124318224562727	0.9762215963282058	1.0	-0.010451588953187667	0.0	False		False		monoatomic		AT2G23150	NRAMP3
w:cluster	word	cluster	1	409	197	21633	0.2684894443548087	0.9771202639286908	1.0	-0.010051980041472935	0.0	False		False		cluster		AT2G39725	SDHAF1
k:mRNA splicing	keyword	mRNA splicing	1	409	200	21633	0.26446210268948656	0.9784051333289945	1.0	-0.009481277383660024	0.0	False		False		mRNA splicing		AT4G22380	AT4G22380
w:maintaining	word	maintaining	1	409	200	21633	0.26446210268948656	0.9784051333289945	1.0	-0.009481277383660024	0.0	False		False		maintaining		AT4G24160	AT4G24160
w:electron	word	electron	2	409	301	21633	0.3514446547368592	0.9788630842839363	1.0	-0.009278049666014466	0.0	True		False		electron		AT1G30760, AT5G54500	AtBBE-like 13, FQR1
w:bond	word	bond	3	409	390	21633	0.40686477336844085	0.9793444845104334	1.0	-0.009064518200302522	0.0	True		False		bond		AT3G10870, AT3G11210, AT3G56170	MES17, CPRD49, CAN
w:ligase	word	ligase	11	409	978	21633	0.5949045254773725	0.9794026434935237	1.0	-0.009038728117370927	0.0	True		False		ligase		AT1G25280, AT1G63840, AT1G67340, AT1G77000, AT1G78100, AT2G35930, AT3G12920, AT4G20320, AT4G22820, AT4G37590, AT4G37890	TLP10, AT1G63840, AT1G67340, SKP2B, AUF1, PUB23, BRG3, CTPS4, SAP9, NPY5, EDA40
w:protease	word	protease	4	409	472	21633	0.4482408520160789	0.9794667119046933	1.0	-0.00901031932393251	0.0	True		False		protease		AT3G02070, AT3G59080, AT4G22470, AT5G37540	OTU12, AT3G59080, DHYPRP1, MPA22.8
w:bound	word	bound	1	409	205	21633	0.25801180750193814	0.9803886042295047	1.0	-0.008601745511561737	0.0	False		False		bound		AT4G37295	PIPL3
w:core	word	core	3	409	395	21633	0.40171458636377705	0.980827887706909	1.0	-0.008407194431451244	0.0	True		False		core		AT2G18010, AT2G34140, AT5G15920	SAUR10, CDF4, SMC5
w:nucleolus	word	nucleolus	3	409	395	21633	0.40171458636377705	0.980827887706909	1.0	-0.008407194431451244	0.0	True		False		nucleolus		AT1G29500, AT3G04230, AT5G01840	SAUR66, RPS16B, OFP1
w:derived	word	derived	1	409	207	21633	0.2555189397966054	0.9811301288487383	1.0	-0.008273387632293131	0.0	False		False		derived		AT2G47260	WRKY23
w:defective	word	defective	8	409	783	21633	0.5404078726732803	0.9822560012787083	1.0	-0.007775309103821904	0.0	True		False		defective		AT1G55500, AT1G73590, AT3G27580, AT4G14550, AT4G39400, AT5G15920, AT5G37630, AT5G37770	ECT4, PIN1, ATPK7, IAA14, BRI1, SMC5, EMB2656, TCH2
w:patterning	word	patterning	1	409	214	21633	0.24716084363503416	0.9835119986222878	1.0	-0.007220337418600974	0.0	False		False		patterning		AT2G01420	PIN4
w:processing	word	processing	6	409	643	21633	0.4935529132618723	0.9835365243148632	1.0	-0.007209507616665033	0.0	True		False		processing		AT1G18850, AT1G55500, AT3G02320, AT3G49640, AT4G22380, AT5G44260	PCP2, ECT4, AtTRM1a, AT3G49640, AT4G22380, TZF5
w:large	word	large	4	409	490	21633	0.4317748615338556	0.9840000426046468	1.0	-0.007004882764834695	0.0	True		False		large		AT1G04240, AT1G11000, AT3G63440, AT4G13195	SHY2, MLO4, CKX6, CLE44
w:machinery	word	machinery	1	409	217	21633	0.2437438734465314	0.9844386448143789	1.0	-0.006811346106764512	0.0	False		False		machinery		AT4G22380	AT4G22380
w:affected	word	affected	1	409	221	21633	0.23933221962849463	0.9855938558737646	1.0	-0.006302012533989588	0.0	False		False		affected		AT4G29780	AT4G29780
w:vacuole	word	vacuole	10	409	944	21633	0.5603010650200986	0.985697112558069	1.0	-0.006256515639850483	0.0	True		False		vacuole		AT1G53840, AT2G23150, AT2G41100, AT3G25780, AT3G60640, AT4G20830, AT4G23510, AT5G07440, AT5G15160, AT5G54500	PME1, NRAMP3, TCH3, AOC3, ATG8G, AtBBE19, AT4G23510, GDH2, BNQ2, FQR1
w:cytoplasmic	word	cytoplasmic	4	409	500	21633	0.4231393643031785	0.9860914081892257	1.0	-0.006082825188434841	0.0	True		False		cytoplasmic		AT1G05010, AT1G76650, AT4G26080, AT5G44260	EFE, CML38, ABI1, TZF5
w:ring	word	ring	6	409	664	21633	0.4779435590773853	0.9873449939328526	1.0	-0.005531071462099784	0.0	True		False		ring		AT1G63840, AT2G35930, AT3G12920, AT3G61460, AT4G37890, AT5G41400	AT1G63840, PUB23, BRG3, BRH1, EDA40, MYC6.11
w:lysine	word	lysine	1	409	231	21633	0.2289715174800749	0.9881212442416865	1.0	-0.0051897634341124665	0.0	False		False		lysine		AT5G03670	TRM28
w:cysteine	word	cysteine	4	409	512	21633	0.4132220354523227	0.9882592648778264	1.0	-0.005129105478333979	0.0	True		False		cysteine		AT3G02070, AT4G22470, AT4G27260, AT5G40590	OTU12, DHYPRP1, WES1, MNF13.11
w:state	word	state	1	409	239	21633	0.22130719890333603	0.9898206265197939	1.0	-0.004443500322406948	0.0	False		False		state		AT4G02220	PDCD2
w:silencing	word	silencing	1	409	242	21633	0.21856372123098064	0.9903933756639984	1.0	-0.004192273132310411	0.0	False		False		silencing		AT5G04670	EPCR2
w:hydrolysis	word	hydrolysis	5	409	610	21633	0.43354443063850256	0.9907325156944851	1.0	-0.004043583292947839	0.0	True		False		hydrolysis		AT2G39350, AT3G50930, AT3G56170, AT4G12720, AT5G66460	ABCG1, BCS1, CAN, NUDT7, MAN7
w:gametophyte	word	gametophyte	1	409	246	21633	0.2150098395849484	0.9911073415304422	1.0	-0.0038793068570103168	0.0	False		False		gametophyte		AT4G37890	EDA40
p:nucleic acid	phrase	nucleic acid	4	409	532	21633	0.3976873724653933	0.9911755155037774	1.0	-0.0038494346515019254	0.0	True		False		nucleic acid		AT3G16310, AT3G44260, AT3G56170, AT5G22250	NUP35, CAF1a, CAN, CAF1b
w:nucleic	word	nucleic	4	409	532	21633	0.3976873724653933	0.9911755155037774	1.0	-0.0038494346515019254	0.0	True		False		nucleic		AT3G16310, AT3G44260, AT3G56170, AT5G22250	NUP35, CAF1a, CAN, CAF1b
w:cytosolic	word	cytosolic	4	409	537	21633	0.3939845105243748	0.9917883222848983	1.0	-0.003581009572925734	0.0	True		False		cytosolic		AT2G35930, AT3G04230, AT5G03730, AT5G10520	PUB23, RPS16B, CTR1, RBK1
k:Protease	keyword	Protease	3	409	451	21633	0.3518342829571883	0.9918186080093827	1.0	-0.0035677479505507015	0.0	True		False		Protease		AT2G25190, AT3G59080, AT5G37540	AT2G25190, AT3G59080, MPA22.8
w:glycoprotein	word	glycoprotein	1	409	252	21633	0.20989055769006867	0.9920802596503342	1.0	-0.003453191844533996	0.0	False		False		glycoprotein		AT1G23040	AT1G23040
w:necessary	word	necessary	1	409	252	21633	0.20989055769006867	0.9920802596503342	1.0	-0.003453191844533996	0.0	False		False		necessary		AT4G17460	HAT1
w:transfer	word	transfer	4	409	543	21633	0.3896310905185806	0.9924700545887472	1.0	-0.003282588164910567	0.0	True		False		transfer		AT3G25900, AT3G62720, AT4G22470, AT5G54500	HMT-1, XT1, DHYPRP1, FQR1
w:repeat	word	repeat	20	409	1684	21633	0.6281760158895168	0.9925119714199997	1.0	-0.0032642461867203073	0.0	True		False		repeat		AT1G25320, AT1G63500, AT1G68400, AT1G73080, AT1G75640, AT1G77000, AT1G78120, AT2G25790, AT2G34260, AT2G40140, AT2G41820, AT3G10530, AT3G24240, AT4G22780, AT4G39400, AT5G05160, AT5G12940, AT5G37630, AT5G59010, AT5G62580	SENRK1, BSK7, AT1G68400, PEPR1, MUS, SKP2B, TPR12, SKM1, WDR55, CZF1, PXC3, AT3G10530, RGI1, ACR7, BRI1, RUL1, AT5G12940, EMB2656, BSK5, TOR1L3
w:vacuolar	word	vacuolar	2	409	364	21633	0.290617695263172	0.9926344210805121	1.0	-0.0032106690680354312	0.0	True		False		vacuolar		AT2G23150, AT3G60640	NRAMP3, ATG8G
w:histone	word	histone	3	409	461	21633	0.34420230284965714	0.9929938014262458	1.0	-0.003053462496340131	0.0	True		False		histone		AT4G39400, AT5G03670, AT5G04670	BRI1, TRM28, EPCR2
k:Ribonucleoprotein	keyword	Ribonucleoprotein	3	409	464	21633	0.3419768569260602	0.9933133569105493	1.0	-0.0029137246072530676	0.0	True		False		Ribonucleoprotein		AT3G04230, AT3G14595, AT4G22380	RPS16B, AT3G14595, AT4G22380
w:ubiquitin	word	ubiquitin	12	409	1157	21633	0.5485817169012686	0.993453761904911	1.0	-0.002852341354221599	0.0	True		False		ubiquitin		AT1G25280, AT1G63840, AT1G67340, AT1G77000, AT1G78100, AT2G35930, AT3G02070, AT3G12920, AT3G60640, AT4G22820, AT4G37590, AT4G37890	TLP10, AT1G63840, AT1G67340, SKP2B, AUF1, PUB23, OTU12, BRG3, ATG8G, SAP9, NPY5, EDA40
w:catalytic	word	catalytic	5	409	646	21633	0.4093840598908461	0.9943391698957335	1.0	-0.002465452132587025	0.0	True		False		catalytic		AT2G22810, AT3G63440, AT4G11280, AT4G37770, AT5G19530	ACS4, CKX6, ACS6, ACS8, ACL5
k:Protein transport	keyword	Protein transport	4	409	563	21633	0.37578984396374643	0.9943724212042594	1.0	-0.0024509293029571777	0.0	True		False		Protein transport		AT2G30060, AT3G16310, AT3G60640, AT5G01180	RANBP1B, NUP35, ATG8G, PTR5
p:dna repair	phrase	dna repair	1	409	271	21633	0.1951749835346764	0.994513845419384	1.0	-0.0023891663380553037	0.0	False		False		dna repair		AT5G01840	OFP1
w:sucrose	word	sucrose	1	409	274	21633	0.19303803116020918	0.9948229810283702	1.0	-0.0022541908141135965	0.0	False		False		sucrose		AT5G03730	CTR1
p:structural constituent	phrase	structural constituent	2	409	388	21633	0.27264134297885206	0.9951070822429064	1.0	-0.0021301828473103907	0.0	True		False		structural constituent		AT3G04230, AT3G16310	RPS16B, NUP35
w:translation	word	translation	4	409	585	21633	0.361657576327503	0.9959308978092233	1.0	-0.0017707938466393614	0.0	True		False		translation		AT1G29430, AT3G04230, AT3G10930, AT4G02220	SAUR62, RPS16B, IDL7, PDCD2
w:channel	word	channel	1	409	290	21633	0.18238765702723211	0.9962008898682592	1.0	-0.0016530746647657462	0.0	False		False		channel		AT4G26080	ABI1
w:nucleotide	word	nucleotide	5	409	677	21633	0.3906382609889019	0.9963306191972603	1.0	-0.0015965227542444071	0.0	True		False		nucleotide		AT1G80290, AT4G25280, AT4G39390, AT5G50570, AT5G57340	AT1G80290, UMK2, NST-K1, SPL13A, MJB24.15
w:tpr	word	tpr	1	409	292	21633	0.18113842649964831	0.9963451042261798	1.0	-0.0015902088637742917	0.0	False		False		tpr		AT1G78120	TPR12
w:structural	word	structural	4	409	602	21633	0.3514446547368592	0.9968412144289637	1.0	-0.0013740143957330871	0.0	True		False		structural		AT3G04230, AT3G16310, AT5G15920, AT5G45340	RPS16B, NUP35, SMC5, CYP707A3
p:disease resistance	phrase	disease resistance	1	409	304	21633	0.17398822545360956	0.9971026546336371	1.0	-0.001260127499868387	0.0	False		False		disease resistance		AT4G23510	AT4G23510
k:mRNA processing	keyword	mRNA processing	1	409	310	21633	0.17062071141257196	0.9974204650881991	1.0	-0.0011217251654849904	0.0	False		False		mRNA processing		AT4G22380	AT4G22380
k:RNA-binding	keyword	RNA-binding	5	409	704	21633	0.37565639586574795	0.9975005721005301	1.0	-0.0010868465584752413	0.0	True		False		RNA-binding		AT1G55500, AT3G02320, AT3G44260, AT4G22380, AT5G22250	ECT4, AtTRM1a, CAF1a, AT4G22380, CAF1b
w:ribosome	word	ribosome	3	409	527	21633	0.30109537308100937	0.9975312361629305	1.0	-0.0010734961617155415	0.0	True		False		ribosome		AT1G29430, AT3G04230, AT4G02220	SAUR62, RPS16B, PDCD2
w:chlorophyll	word	chlorophyll	1	409	313	21633	0.16898536913066234	0.9975660782853822	1.0	-0.0010583272359588399	0.0	False		False		chlorophyll		AT1G09940	HEMA2
w:plastid	word	plastid	9	409	1042	21633	0.4568443232639883	0.9980496831880219	1.0	-0.0008478388756203596	0.0	True		False		plastid		AT1G02660, AT1G09940, AT1G25280, AT2G30020, AT5G46750, AT5G54500, AT5G61900, AT5G63650, AT5G64260	PLIP2, HEMA2, TLP10, AP2C1, AGD9, FQR1, BON1, SNRK2.5, EXL2
p:atp hydrolysis	phrase	atp hydrolysis	2	409	445	21633	0.2377187439905497	0.9981727365628161	1.0	-0.0007942963432936566	0.0	True		False		atp hydrolysis		AT2G39350, AT3G50930	ABCG1, BCS1
w:gtp	word	gtp	1	409	330	21633	0.16028006223605246	0.9982491795130856	1.0	-0.0007610380913867688	0.0	False		False		gtp		AT4G12720	NUDT7
w:ribosomal	word	ribosomal	3	409	552	21633	0.28745880727118106	0.9983503158383316	1.0	-0.0007170403360891841	0.0	True		False		ribosomal		AT3G04230, AT3G14595, AT4G22380	RPS16B, AT3G14595, AT4G22380
w:reaction	word	reaction	2	409	458	21633	0.2309712687244424	0.9985438517809518	1.0	-0.0006328580158079737	0.0	True		False		reaction		AT1G30760, AT3G50660	AtBBE-like 13, DWF4
w:disease	word	disease	1	409	343	21633	0.1542053076906627	0.9986393037768821	1.0	-0.0005913452731880625	0.0	False		False		disease		AT4G23510	AT4G23510
w:kda	word	kda	1	409	346	21633	0.15286826745057028	0.9987162310234226	1.0	-0.0005578919614316577	0.0	False		False		kda		AT3G50930	BCS1
w:maturation	word	maturation	1	409	347	21633	0.15242772489307582	0.9987408968528687	1.0	-0.000547166090552049	0.0	False		False		maturation		AT4G22380	AT4G22380
w:cycle	word	cycle	3	409	570	21633	0.27838116072577535	0.9987689442458307	1.0	-0.0005349700775509003	0.0	True		False		cycle		AT1G19220, AT1G73590, AT3G25900	ARF19, PIN1, HMT-1
w:splicing	word	splicing	1	409	349	21633	0.15155421357563698	0.9987888192031295	1.0	-0.0005263279401958568	0.0	False		False		splicing		AT4G22380	AT4G22380
p:cell cycle	phrase	cell cycle	1	409	352	21633	0.15026255834629917	0.9988573124942847	1.0	-0.0004965466311484098	0.0	False		False		cell cycle		AT1G19220	ARF19
w:chromatin	word	chromatin	2	409	480	21633	0.22038508557457212	0.9990101698360319	1.0	-0.00043009067172580703	0.0	True		False		chromatin		AT2G42430, AT5G04670	LBD16, EPCR2
w:mrna	word	mrna	13	409	1400	21633	0.49114390499476074	0.9990447050907421	1.0	-0.00041507760002145133	0.0	True		False		mrna		AT1G01470, AT1G55500, AT2G41100, AT3G06410, AT3G25780, AT3G44260, AT4G22380, AT4G38580, AT4G38850, AT5G22250, AT5G54490, AT5G63650, AT5G64100	LEA14, ECT4, TCH3, AtC3H34, AOC3, CAF1a, AT4G22380, FP6, SAUR15, CAF1b, PBP1, SNRK2.5, PER69
k:Transport	keyword	Transport	20	409	1904	21633	0.5555926527090054	0.9991273687022665	1.0	-0.0003791444080500663	0.0	True		False		Transport		AT1G08430, AT1G23080, AT1G54200, AT1G58340, AT1G59740, AT1G70940, AT1G73590, AT2G01420, AT2G21050, AT2G23150, AT2G30060, AT2G30070, AT2G39350, AT3G16310, AT3G42800, AT3G60640, AT4G24570, AT4G39390, AT5G01180, AT5G12050	ALMT1, PIN7, BG3, ZF14, NPF4.3, PIN3, PIN1, PIN4, LAX2, NRAMP3, RANBP1B, KT1, ABCG1, NUP35, AT3G42800, ATG8G, DIC2, NST-K1, PTR5, BG1
w:mitochondrial	word	mitochondrial	7	409	1014	21633	0.36513505302295973	0.9996653742011443	1.0	-0.00014535045830862405	0.0	True		False		mitochondrial		AT2G22830, AT2G25790, AT2G39725, AT2G40090, AT3G50930, AT4G24570, AT4G25280	SQE2, SKM1, SDHAF1, ATH9, BCS1, DIC2, UMK2
w:cytosol	word	cytosol	21	409	2082	21633	0.5334970371257655	0.9997257444228236	1.0	-0.00011912401975908035	0.0	True		False		cytosol		AT1G01470, AT1G05010, AT1G22440, AT1G23730, AT1G25280, AT2G30060, AT2G30140, AT2G35930, AT2G41100, AT3G02170, AT3G62720, AT4G12720, AT4G17615, AT4G20830, AT4G22780, AT4G25280, AT4G37590, AT5G10520, AT5G15580, AT5G15920, AT5G54500	LEA14, EFE, AT1G22440, BCA3, TLP10, RANBP1B, UGT87A2, PUB23, TCH3, LNG2, XT1, NUDT7, CBL1, AtBBE19, ACR7, UMK2, NPY5, RBK1, LNG1, SMC5, FQR1
w:assembly	word	assembly	3	409	730	21633	0.217366111799578	0.9999154577472654	1.0	-3.671778597433805e-05	0.0	True		False		assembly		AT1G29430, AT2G39350, AT2G39725	SAUR62, ABCG1, SDHAF1
k:Mitochondrion	keyword	Mitochondrion	4	409	836	21633	0.25307378247797757	0.999920154723396	1.0	-3.467774748074327e-05	0.0	True		False		Mitochondrion		AT2G22830, AT2G39725, AT4G24570, AT5G07440	SQE2, SDHAF1, DIC2, GDH2
p:chloroplast stroma	phrase	chloroplast stroma	1	409	612	21633	0.08642552375473417	0.9999928701528831	1.0	-3.0964642983667473e-06	0.0	False		False		chloroplast stroma		AT1G02660	PLIP2
w:envelope	word	envelope	1	409	616	21633	0.0858643190550281	0.9999934090987641	1.0	-2.8624014704303757e-06	0.0	False		False		envelope		AT3G50930	BCS1
w:stroma	word	stroma	1	409	633	21633	0.08355832628419796	0.9999952815857817	1.0	-2.0491860928175246e-06	0.0	False		False		stroma		AT1G02660	PLIP2
k:Coiled coil	keyword	Coiled coil	9	409	1494	21633	0.31862903938492354	0.9999962598086333	1.0	-1.6243475095202213e-06	0.0	True		False		Coiled coil		AT1G22030, AT1G23730, AT1G65920, AT2G28690, AT3G51410, AT5G06930, AT5G15920, AT5G22310, AT5G40590	AT1G22030, BCA3, PRAF1, AT2G28690, AT3G51410, MOJ9.10, SMC5, MWD9.9, MNF13.11
w:complex	word	complex	29	409	3160	21633	0.4854051251895639	0.9999992698288273	1.0	-3.1710942694093687e-07	0.0	True		False		complex		AT1G18850, AT1G25280, AT1G58340, AT1G67340, AT1G77000, AT1G78100, AT1G80840, AT2G14850, AT2G34260, AT2G39350, AT2G39725, AT3G02320, AT3G16310, AT3G23250, AT3G28180, AT3G44260, AT3G50930, AT3G63440, AT4G02220, AT4G22380, AT4G26080, AT4G37590, AT4G39400, AT5G01840, AT5G04670, AT5G15920, AT5G22250, AT5G24270, AT5G37630	PCP2, TLP10, ZF14, AT1G67340, SKP2B, AUF1, WRKY40, ADA1A, WDR55, ABCG1, SDHAF1, AtTRM1a, NUP35, MYB15, CSLC04, CAF1a, BCS1, CKX6, PDCD2, AT4G22380, ABI1, NPY5, BRI1, OFP1, EPCR2, SMC5, CAF1b, SOS3, EMB2656
w:chloroplast	word	chloroplast	36	409	3776	21633	0.5042709585180888	0.9999998395066008	1.0	-6.970140326391171e-08	0.0	True		False		chloroplast		AT1G02400, AT1G02470, AT1G02660, AT1G06080, AT1G09940, AT1G11050, AT1G22280, AT1G23730, AT1G25280, AT1G30700, AT1G30720, AT1G51170, AT1G58340, AT2G23150, AT2G30020, AT2G41100, AT2G43290, AT3G03830, AT3G25780, AT3G27580, AT3G28340, AT3G44540, AT3G49220, AT3G49640, AT4G14965, AT4G20830, AT4G23510, AT4G24160, AT4G25280, AT4G30420, AT4G39400, AT5G45340, AT5G57560, AT5G63790, AT5G64260, AT5G66080	GA2OX6, AT1G02470, PLIP2, ADS1, HEMA2, AT1G11050, PAPP2C, BCA3, TLP10, AtBBE8, AtBBE10, UCN, ZF14, NRAMP3, AP2C1, TCH3, MSS3, SAUR28, AOC3, ATPK7, GATL10, FAR4, PME34, AT3G49640, MAPR4, AtBBE19, AT4G23510, AT4G24160, UMK2, UMAMIT34, BRI1, CYP707A3, TCH4, NAC102, EXL2, PP2C79
k:Chloroplast	keyword	Chloroplast	5	409	1413	21633	0.18716355462808673	0.9999999739118701	1.0	-1.1329930997234281e-08	0.0	True		False		Chloroplast		AT1G02660, AT1G06080, AT1G09940, AT1G30370, AT3G25780	PLIP2, ADS1, HEMA2, DLAH, AOC3
k:Plastid	keyword	Plastid	5	409	1425	21633	0.18558744048385023	0.9999999788604129	1.0	-9.180806115957724e-09	0.0	True		False		Plastid		AT1G02660, AT1G06080, AT1G09940, AT1G30370, AT3G25780	PLIP2, ADS1, HEMA2, DLAH, AOC3
w:chloroplastic	word	chloroplastic	4	409	1315	21633	0.16088949213048612	0.9999999794682882	1.0	-8.916809219529389e-09	0.0	True		False		chloroplastic		AT1G02660, AT1G06080, AT1G09940, AT3G25780	PLIP2, ADS1, HEMA2, AOC3
k:Transit peptide	keyword	Transit peptide	5	409	1836	21633	0.14404253959122362	0.9999999999874283	1.0	-5.459829250165721e-12	0.0	True		False		Transit peptide		AT1G02660, AT1G09940, AT1G30370, AT2G22830, AT3G25780	PLIP2, HEMA2, DLAH, SQE2, AOC3
