concept	layer	label	k	n	K	N	fold	p	genes	tested	fdr	status	representative	group	display	merged	symbols
p:phosphate starvation	phrase	phosphate starvation	24	367	77	21521	18.277504511836938	4.148143298051992e-24	AT1G13300, AT1G25550, AT1G68740, AT1G73010, AT2G02990, AT2G11810, AT2G16430, AT2G26660, AT2G27190, AT2G33770, AT2G45130, AT3G03540, AT3G04530, AT3G05630, AT3G09560, AT3G25790, AT3G47420, AT3G52190, AT4G00550, AT4G28610, AT4G33030, AT5G01220, AT5G20150, AT5G20410	True	5.048290393729274e-21	significant	True	phosphate starvation	phosphate starvation	phosphate, starvation	HRS1, HHO3, PHO1;H1, PS2, RNS1, MGDC, PAP10, SPX2, PAP12, PHO2, SPX3, NPC5, PPCK2, PLDP2, PAH1, HHO1, G3Pp1, PHF1, DGD2, PHR1, SQD1, SQD2, SPX1, MGD2
w:phosphate	word	phosphate	54	367	727	21521	4.355677657050549	5.946129502997588e-20	AT1G10060, AT1G13300, AT1G17710, AT1G20860, AT1G25550, AT1G50110, AT1G68670, AT1G68740, AT1G73010, AT1G76430, AT2G02990, AT2G11810, AT2G16430, AT2G26660, AT2G27190, AT2G32260, AT2G33770, AT2G38740, AT2G38940, AT2G45130, AT2G46860, AT3G02040, AT3G02870, AT3G03540, AT3G04530, AT3G05630, AT3G09560, AT3G17790, AT3G25790, AT3G46970, AT3G47420, AT3G49360, AT3G52190, AT3G53620, AT3G56040, AT4G00550, AT4G01480, AT4G03960, AT4G04040, AT4G10120, AT4G26200, AT4G28610, AT4G33030, AT4G34350, AT5G01220, AT5G04340, AT5G09470, AT5G19220, AT5G20150, AT5G20410, AT5G43340, AT5G51050, AT5G64000, AT5G66530	True	3.618219802574032e-17	significant	False	phosphate starvation	phosphate		BCAT-1, HRS1, PEPC1, PHT1;8, HHO3, BCAT6, HHO2, PHO1;H1, PS2, PHT1;9, RNS1, MGDC, PAP10, SPX2, PAP12, CCT1, PHO2, SGPP, PHT1;4, SPX3, PPa3, SRG3, VTC4, NPC5, PPCK2, PLDP2, PAH1, PAP17, HHO1, PHS2, G3Pp1, PGL2, PHF1, PPa4, UGP3, DGD2, PPa5, PFA-DSP4, MEE51, ATSPS4F, ACS7, PHR1, SQD1, HDR, SQD2, ZAT6, DIC3, APL1, SPX1, MGD2, PHT1;6, APC2, SAL2, AT5G66530
w:starvation	word	starvation	30	367	202	21521	8.70895945180349	1.0995227899985158e-19	AT1G01140, AT1G06830, AT1G13300, AT1G25550, AT1G68740, AT1G73010, AT2G02990, AT2G11810, AT2G16430, AT2G26660, AT2G27190, AT2G33770, AT2G45130, AT3G02040, AT3G03540, AT3G04530, AT3G05630, AT3G09560, AT3G25790, AT3G47420, AT3G52190, AT4G00550, AT4G04955, AT4G28610, AT4G33030, AT5G01220, AT5G20150, AT5G20410, AT5G24660, AT5G61430	True	4.460397451427312e-17	significant	False	phosphate starvation	starvation		CIPK9, GRXS11, HRS1, HHO3, PHO1;H1, PS2, RNS1, MGDC, PAP10, SPX2, PAP12, PHO2, SPX3, SRG3, NPC5, PPCK2, PLDP2, PAH1, HHO1, G3Pp1, PHF1, DGD2, ALN, PHR1, SQD1, SQD2, SPX1, MGD2, LSU2, NAC100
w:inorganic	word	inorganic	17	367	87	21521	11.458454696357542	1.0081109368878062e-13	AT1G17710, AT1G20860, AT1G68740, AT1G73010, AT1G75830, AT1G76430, AT2G33770, AT2G38940, AT2G46860, AT3G02040, AT3G03540, AT3G05630, AT3G53620, AT4G01480, AT4G04040, AT4G28610, AT5G43340	True	3.067177525481151e-11	significant	True	inorganic	inorganic	inorganic phosphate, inorganic pyrophosphatase, inorganic diphosphate, external inorganic, soluble inorganic	PEPC1, PHT1;8, PHO1;H1, PS2, LCR67, PHT1;9, PHO2, PHT1;4, PPa3, SRG3, NPC5, PLDP2, PPa4, PPa5, MEE51, PHR1, PHT1;6
p:purple acid	phrase	purple acid	8	367	27	21521	17.374911696437582	1.1087923127079392e-08	AT1G13750, AT1G52940, AT2G16430, AT2G27190, AT2G46880, AT3G17790, AT4G13700, AT4G24890	True	2.24900040760927e-06	significant	True	purple acid	purple acid	purple, metallophosphoesterase	PAP1, PAP5, PAP10, PAP12, PAP14, PAP17, PAP23, PAP24
w:purple	word	purple	8	367	27	21521	17.374911696437582	1.1087923127079392e-08	AT1G13750, AT1G52940, AT2G16430, AT2G27190, AT2G46880, AT3G17790, AT4G13700, AT4G24890	True	2.24900040760927e-06	significant	False	purple acid	purple		PAP1, PAP5, PAP10, PAP12, PAP14, PAP17, PAP23, PAP24
p:inorganic phosphate	phrase	inorganic phosphate	10	367	53	21521	11.064212636882422	1.870160477782177e-08	AT1G20860, AT1G68740, AT1G76430, AT2G33770, AT2G38940, AT3G02040, AT3G03540, AT4G04040, AT4G28610, AT5G43340	True	3.2514075735155845e-06	significant	False	inorganic	inorganic phosphate		PHT1;8, PHO1;H1, PHT1;9, PHO2, PHT1;4, SRG3, NPC5, MEE51, PHR1, PHT1;6
w:metallophosphoesterase	word	metallophosphoesterase	8	367	30	21521	15.637420526793823	2.7953993807177272e-08	AT1G13750, AT1G52940, AT2G16430, AT2G27190, AT2G46880, AT3G17790, AT4G13700, AT4G24890	True	4.252501307916842e-06	significant	False	purple acid	metallophosphoesterase		PAP1, PAP5, PAP10, PAP12, PAP14, PAP17, PAP23, PAP24
w:phosphatase	word	phosphatase	26	367	462	21521	3.3001049813038916	1.1914850992642933e-07	AT1G03445, AT1G13750, AT1G17710, AT1G52940, AT1G67600, AT1G73010, AT2G16430, AT2G27190, AT2G38740, AT2G46860, AT2G46880, AT3G02870, AT3G05640, AT3G09560, AT3G17790, AT3G53620, AT4G01480, AT4G03960, AT4G13700, AT4G21470, AT4G24890, AT4G25150, AT4G26720, AT4G33950, AT5G10740, AT5G64000	True	1.6111526286718275e-05	significant	True	phosphatase	phosphatase		BSU1, PAP1, PEPC1, PAP5, AT1G67600, PS2, PAP10, PAP12, SGPP, PPa3, PAP14, VTC4, AT3G05640, PAH1, PAP17, PPa4, PPa5, PFA-DSP4, PAP23, FMN/FHY, PAP24, AT4G25150, PPX1, OST1, AT5G10740, SAL2
w:glycolipid	word	glycolipid	7	367	25	21521	16.419291553133515	1.4615578698594335e-07	AT2G11810, AT3G03540, AT4G00550, AT4G31780, AT4G33030, AT5G01220, AT5G20410	True	1.7787159276189305e-05	significant	True	glycolipid	glycolipid		MGDC, NPC5, DGD2, MGD1, SQD1, SQD2, MGD2
w:response	word	response	114	367	4315	21521	1.549246181970883	3.149238115353994e-07	AT1G01140, AT1G03020, AT1G03445, AT1G05760, AT1G06830, AT1G08650, AT1G09780, AT1G13300, AT1G19200, AT1G22070, AT1G25550, AT1G27760, AT1G51805, AT1G52940, AT1G55480, AT1G56600, AT1G60740, AT1G66760, AT1G68670, AT1G68740, AT1G71695, AT1G72890, AT1G73010, AT1G75830, AT1G76080, AT2G02990, AT2G04160, AT2G11810, AT2G16430, AT2G22170, AT2G26130, AT2G26640, AT2G26660, AT2G27190, AT2G29090, AT2G31730, AT2G33770, AT2G37320, AT2G40710, AT2G41070, AT2G42690, AT2G43140, AT2G43535, AT2G43710, AT2G44260, AT2G45130, AT2G48150, AT3G02040, AT3G02870, AT3G03540, AT3G04360, AT3G04530, AT3G05630, AT3G05640, AT3G06370, AT3G08720, AT3G09560, AT3G11650, AT3G11660, AT3G11670, AT3G12500, AT3G17790, AT3G20660, AT3G25790, AT3G27960, AT3G46970, AT3G52190, AT3G56700, AT3G60160, AT4G00550, AT4G02640, AT4G03960, AT4G04955, AT4G13420, AT4G15680, AT4G15690, AT4G19810, AT4G26010, AT4G28610, AT4G30070, AT4G32690, AT4G33030, AT4G33950, AT4G34590, AT4G37220, AT4G38320, AT4G38740, AT5G01220, AT5G01810, AT5G01820, AT5G02200, AT5G04340, AT5G07460, AT5G20150, AT5G20320, AT5G20410, AT5G20790, AT5G24660, AT5G27100, AT5G37670, AT5G38710, AT5G39720, AT5G39760, AT5G41080, AT5G47240, AT5G49330, AT5G49780, AT5G53760, AT5G59080, AT5G60270, AT5G60310, AT5G61430, AT5G62430, AT5G67440	True	3.48420253307801e-05	significant	True	response	response		CIPK9, GRXS1, BSU1, RTM1, GRXS11, PPCK1, iPGAM1, HRS1, FLZ12, TGA3, HHO3, SAT32, SIF3, PAP5, ZKT, GolS2, PRXIID, DTX9, HHO2, PHO1;H1, PER12, AT1G72890, PS2, LCR67, CDSP32, RNS1, AIR3, MGDC, PAP10, PLAT2, RSL1, KCS11, SPX2, PAP12, CYP707A2, BHLH154, PHO2, PCMP-E50, AT2G40710, EEL, AT2G42690, BHLH129, ATTI4, SSI2, AT2G44260, SPX3, GPX4, SRG3, VTC4, NPC5, AT3G04360, PPCK2, PLDP2, AT3G05640, NHX4, S6K2, PAH1, NHL2, NHL1, DGD1, HCHIB, PAP17, OCT4, HHO1, KLCR2, PHS2, PHF1, FAR6, ABCC9, DGD2, BZO2H1, PFA-DSP4, ALN, HAK5, GRXS4, GRXS5, ChiC, PER44, PHR1, LCR59, GLB3, SQD1, OST1, GBF6, AT4G37220, HHP5, ROC1, SQD2, CIPK15, SR1, FHL, ZAT6, PMSR2, SPX1, DCL4, MGD2, AT5G20790, LSU2, GLR2.1, HSP15.7, POX2, AIG2L, HB23, GDPD2, NUDT8, MYB111, AT5G49780, MLO11, AT5G59080, LECRK17, LECRK110, NAC100, CDF1, NPY3
w:hydrolase	word	hydrolase	50	367	1404	21521	2.088330732744902	6.251116705587434e-07	AT1G02310, AT1G03445, AT1G08310, AT1G13750, AT1G17710, AT1G52940, AT1G55120, AT1G63750, AT1G73010, AT1G74210, AT2G16430, AT2G27190, AT2G28305, AT2G31690, AT2G38740, AT2G42690, AT2G44450, AT2G44460, AT2G46860, AT2G46880, AT3G02040, AT3G03310, AT3G03540, AT3G10420, AT3G11210, AT3G12500, AT3G17790, AT3G21280, AT3G44510, AT3G44830, AT3G53620, AT4G00500, AT4G01480, AT4G04955, AT4G13700, AT4G19770, AT4G19810, AT4G21470, AT4G24890, AT4G26720, AT4G30270, AT4G34310, AT5G08030, AT5G16080, AT5G18630, AT5G37710, AT5G39640, AT5G41080, AT5G47240, AT5G47740	True	6.339674192249923e-05	significant	True	hydrolase	hydrolase	Hydrolase, diester hydrolase	MAN1, BSU1, AT1G08310, PAP1, PEPC1, PAP5, FRUCT5, AT1G63750, PS2, GDPD5, PAP10, PAP12, LOG1, DALL5, SGPP, AT2G42690, BGLU15, BGLU28, PPa3, PAP14, SRG3, LCAT3, NPC5, SPD1, CPRD49, HCHIB, PAP17, UBP7, AT3G44510, PDAT2, PPa4, AT4G00500, PPa5, ALN, PAP23, AT4G19770, ChiC, FMN/FHY, PAP24, PPX1, XTH24, AT4G34310, GDPD6, CXE17, AT5G18630, AT5G37710, MIJ24.14, GDPD2, NUDT8, MCA23.6
w:dgdg	word	dgdg	6	367	20	21521	17.59209809264305	7.477271939972808e-07	AT2G11810, AT2G31690, AT3G03540, AT3G11670, AT4G00550, AT5G20410	True	6.999876885343775e-05	significant	True	dgdg	dgdg	digalactosyldiacylglycerol	MGDC, DALL5, NPC5, DGD1, DGD2, MGD2
w:transporter	word	transporter	40	367	1021	21521	2.2973683437992887	9.148156443862659e-07	AT1G10010, AT1G13300, AT1G14660, AT1G20860, AT1G22150, AT1G48370, AT1G66760, AT1G68740, AT1G76430, AT2G33770, AT2G35060, AT2G37890, AT2G38940, AT2G40900, AT3G02050, AT3G06370, AT3G20660, AT3G23870, AT3G24290, AT3G25790, AT3G28360, AT3G47420, AT3G52190, AT3G52310, AT3G60160, AT4G01470, AT4G02050, AT4G12980, AT4G13420, AT4G13800, AT4G19960, AT4G23700, AT5G02180, AT5G09470, AT5G14880, AT5G43340, AT5G50790, AT5G51050, AT5G55930, AT5G62730	True	7.952361708700612e-05	significant	True	transporter	transporter	kup transporter, Phosphate transport, Potassium transport, transmembrane transport, transmembrane transporter, transport, Ion transport	AAP8, HRS1, NHX8, PHT1;8, SULTR1;3, YSL8, DTX9, PHO1;H1, PHT1;9, PHO2, KUP11, AT2G37890, PHT1;4, UMAMIT11, KUP3, NHX4, OCT4, AT3G23870, AMT1;5, HHO1, ABCB16, G3Pp1, PHF1, ABCG27, ABCC9, TIP1;3, STP7, AT4G12980, HAK5, AT4G13800, KUP9, CHX17, AVT1D, DIC3, POT8, PHT1;6, SWEET10, APC2, OPT1, NPF4.7
w:galactolipid	word	galactolipid	8	367	47	21521	9.981332251144993	1.1663012984557488e-06	AT2G11810, AT3G03540, AT3G05630, AT3G09560, AT3G11670, AT4G00550, AT4G31780, AT5G20410	True	8.928750317117283e-05	significant	True	galactolipid	galactolipid	diacylglycerol	MGDC, NPC5, PLDP2, PAH1, DGD1, DGD2, MGD1, MGD2
w:digalactosyldiacylglycerol	word	digalactosyldiacylglycerol	6	367	22	21521	15.992816447857319	1.3984298549503637e-06	AT2G11810, AT2G31690, AT3G03540, AT3G11670, AT4G00550, AT5G20410	True	8.928750317117283e-05	significant	False	dgdg	digalactosyldiacylglycerol		MGDC, DALL5, NPC5, DGD1, DGD2, MGD2
w:diacylglycerol	word	diacylglycerol	10	367	83	21521	7.065099635599619	1.4821711063502104e-06	AT2G11810, AT3G03540, AT3G05630, AT3G09560, AT3G11670, AT3G44830, AT4G00550, AT4G31780, AT5G01220, AT5G20410	True	8.928750317117283e-05	significant	False	galactolipid	diacylglycerol		MGDC, NPC5, PLDP2, PAH1, DGD1, PDAT2, DGD2, MGD1, SQD2, MGD2
p:kup transporter	phrase	kup transporter	5	367	13	21521	22.553971913644936	1.6140715445898128e-06	AT2G35060, AT3G02050, AT4G13420, AT4G19960, AT5G14880	True	8.928750317117283e-05	significant	False	transporter	kup transporter		KUP11, KUP3, HAK5, KUP9, POT8
p:hak kup	phrase	hak kup	5	367	13	21521	22.553971913644936	1.6140715445898128e-06	AT2G35060, AT3G02050, AT4G13420, AT4G19960, AT5G14880	True	8.928750317117283e-05	significant	True	hak kup	hak kup	kup, hak	KUP11, KUP3, HAK5, KUP9, POT8
w:kup	word	kup	5	367	13	21521	22.553971913644936	1.6140715445898128e-06	AT2G35060, AT3G02050, AT4G13420, AT4G19960, AT5G14880	True	8.928750317117283e-05	significant	False	hak kup	kup		KUP11, KUP3, HAK5, KUP9, POT8
w:hak	word	hak	5	367	13	21521	22.553971913644936	1.6140715445898128e-06	AT2G35060, AT3G02050, AT4G13420, AT4G19960, AT5G14880	True	8.928750317117283e-05	significant	False	hak kup	hak		KUP11, KUP3, HAK5, KUP9, POT8
p:inorganic pyrophosphatase	phrase	inorganic pyrophosphatase	5	367	13	21521	22.553971913644936	1.6140715445898128e-06	AT1G17710, AT1G73010, AT2G46860, AT3G53620, AT4G01480	True	8.928750317117283e-05	significant	False	inorganic	inorganic pyrophosphatase		PEPC1, PS2, PPa3, PPa4, PPa5
p:inorganic diphosphate	phrase	inorganic diphosphate	5	367	14	21521	20.94297391981316	2.4756798625650145e-06	AT1G17710, AT1G73010, AT2G46860, AT3G53620, AT4G01480	True	0.0001309957562061575	significant	False	inorganic	inorganic diphosphate		PEPC1, PS2, PPa3, PPa4, PPa5
p:external inorganic	phrase	external inorganic	4	367	7	21521	33.508758271701055	2.7963167915598535e-06	AT1G20860, AT1G76430, AT2G38940, AT5G43340	True	0.00014179656397201424	significant	False	inorganic	external inorganic		PHT1;8, PHT1;9, PHT1;4, PHT1;6
w:monothiol	word	monothiol	5	367	15	21521	19.54677565849228	3.6616282066864595e-06	AT1G03020, AT1G06830, AT2G30540, AT4G15680, AT4G15690	True	0.0001591500545549079	significant	True	monothiol	monothiol glutaredoxin	reduce gsh, gsh thiol, monothiol glutaredoxin, roxy, glutaredoxin, gsh, 2Fe-2S	GRXS1, GRXS11, GRXS9, GRXS4, GRXS5
p:reduce gsh	phrase	reduce gsh	5	367	15	21521	19.54677565849228	3.6616282066864595e-06	AT1G03020, AT1G06830, AT2G30540, AT4G15680, AT4G15690	True	0.0001591500545549079	significant	False	monothiol	reduce gsh		GRXS1, GRXS11, GRXS9, GRXS4, GRXS5
p:gsh thiol	phrase	gsh thiol	5	367	15	21521	19.54677565849228	3.6616282066864595e-06	AT1G03020, AT1G06830, AT2G30540, AT4G15680, AT4G15690	True	0.0001591500545549079	significant	False	monothiol	gsh thiol		GRXS1, GRXS11, GRXS9, GRXS4, GRXS5
p:monothiol glutaredoxin	phrase	monothiol glutaredoxin	5	367	15	21521	19.54677565849228	3.6616282066864595e-06	AT1G03020, AT1G06830, AT2G30540, AT4G15680, AT4G15690	True	0.0001591500545549079	significant	False	monothiol	monothiol glutaredoxin		GRXS1, GRXS11, GRXS9, GRXS4, GRXS5
w:cbl	word	cbl	7	367	39	21521	10.525186893034306	3.8079582265559887e-06	AT1G01130, AT1G01140, AT4G13420, AT4G14580, AT4G18700, AT5G01810, AT5G01820	True	0.00015980293661098754	significant	True	cbl	cbl	cipk	AT1G01130, CIPK9, HAK5, CIPK4, CIPK12, CIPK15, SR1
w:hypoxia	word	hypoxia	14	367	193	21521	4.253702474905055	6.156757804458581e-06	AT1G13300, AT1G25550, AT1G68670, AT1G73010, AT2G26660, AT2G29090, AT3G02040, AT3G08720, AT4G32690, AT5G04340, AT5G20150, AT5G20790, AT5G37670, AT5G41080	True	0.00024975914160086976	significant	True	hypoxia	hypoxia		HRS1, HHO3, HHO2, PS2, SPX2, CYP707A2, SRG3, S6K2, GLB3, ZAT6, SPX1, AT5G20790, HSP15.7, GDPD2
w:roxy	word	roxy	5	367	18	21521	16.288979715410232	1.0015621512280677e-05	AT1G03020, AT1G06830, AT2G30540, AT4G15680, AT4G15690	True	0.00038090660563892446	significant	False	monothiol	roxy		GRXS1, GRXS11, GRXS9, GRXS4, GRXS5
k:Phosphate transport	keyword	Phosphate transport	5	367	18	21521	16.288979715410232	1.0015621512280677e-05	AT1G20860, AT1G68740, AT1G76430, AT2G38940, AT5G43340	True	0.00038090660563892446	significant	False	transporter	Phosphate transport		PHT1;8, PHO1;H1, PHT1;9, PHT1;4, PHT1;6
w:phospholipid	word	phospholipid	14	367	203	21521	4.044160481067368	1.0977788297768845e-05	AT1G23140, AT1G33340, AT2G32260, AT2G42690, AT3G02040, AT3G03310, AT3G03540, AT3G05630, AT3G09560, AT3G44830, AT4G00550, AT4G40080, AT5G01220, AT5G44240	True	0.0004048475260116571	significant	True	phospholipid	phospholipid		CAR8, AT1G33340, CCT1, AT2G42690, SRG3, LCAT3, NPC5, PLDP2, PAH1, PDAT2, DGD2, AT4G40080, SQD2, ALA2
k:Glycerol metabolism	keyword	Glycerol metabolism	5	367	19	21521	15.431664993546537	1.3402979384654115e-05	AT1G74210, AT3G02040, AT3G44830, AT5G08030, AT5G41080	True	0.0004797478209154135	significant	True	Glycerol metabolism	Glycerol metabolism	glycerophosphoryl diester, glycerophosphoryl, diester phosphodiesterase, glycerophosphodiester, glycerophosphodiester phosphodiesterase, diester, phosphoric diester, phosphoric, phosphodiesterase	GDPD5, SRG3, PDAT2, GDPD6, GDPD2
w:adaptation	word	adaptation	7	367	47	21521	8.733665719751869	1.384946422832292e-05	AT1G13300, AT2G45130, AT3G08720, AT3G09560, AT3G25790, AT4G28610, AT5G20150	True	0.00048156565616768555	significant	True	adaptation	adaptation		HRS1, SPX3, S6K2, PAH1, HHO1, PHR1, SPX1
w:starved	word	starved	3	367	4	21521	43.980245231607626	1.9427997442620674e-05	AT2G11810, AT3G05630, AT5G20410	True	0.0006567742468797044	significant	True	starved	starved		MGDC, PLDP2, MGD2
w:mgdg	word	mgdg	5	367	22	21521	13.3273470398811	2.9101877871732588e-05	AT2G11810, AT2G31690, AT2G42690, AT4G31780, AT5G20410	True	0.0009572158208080693	significant	True	mgdg	mgdg	monogalactosyldiacylglycerol	MGDC, DALL5, AT2G42690, MGD1, MGD2
p:thiol disulfide	phrase	thiol disulfide	7	367	53	21521	7.744948845817696	3.109378926839978e-05	AT1G03020, AT1G06830, AT1G76080, AT2G30540, AT4G15680, AT4G15690, AT4G31240	True	0.0009958195142011192	significant	True	thiol disulfide	thiol disulfide	thiol, thioredoxin, Redox-active center, disulfide	GRXS1, GRXS11, CDSP32, GRXS9, GRXS4, GRXS5, AT4G31240
w:monogalactosyldiacylglycerol	word	monogalactosyldiacylglycerol	5	367	23	21521	12.747897168581922	3.666770497390691e-05	AT2G11810, AT2G31690, AT2G42690, AT4G31780, AT5G20410	True	0.001022196823129422	significant	False	mgdg	monogalactosyldiacylglycerol		MGDC, DALL5, AT2G42690, MGD1, MGD2
p:glycerophosphoryl diester	phrase	glycerophosphoryl diester	4	367	12	21521	19.546775658492276	3.695699278364385e-05	AT1G74210, AT3G02040, AT5G08030, AT5G41080	True	0.001022196823129422	significant	False	Glycerol metabolism	glycerophosphoryl diester		GDPD5, SRG3, GDPD6, GDPD2
w:glycerophosphoryl	word	glycerophosphoryl	4	367	12	21521	19.546775658492276	3.695699278364385e-05	AT1G74210, AT3G02040, AT5G08030, AT5G41080	True	0.001022196823129422	significant	False	Glycerol metabolism	glycerophosphoryl		GDPD5, SRG3, GDPD6, GDPD2
p:diester phosphodiesterase	phrase	diester phosphodiesterase	4	367	12	21521	19.546775658492276	3.695699278364385e-05	AT1G74210, AT3G02040, AT5G08030, AT5G41080	True	0.001022196823129422	significant	False	Glycerol metabolism	diester phosphodiesterase		GDPD5, SRG3, GDPD6, GDPD2
w:glycerophosphodiester	word	glycerophosphodiester	4	367	12	21521	19.546775658492276	3.695699278364385e-05	AT1G74210, AT3G02040, AT5G08030, AT5G41080	True	0.001022196823129422	significant	False	Glycerol metabolism	glycerophosphodiester		GDPD5, SRG3, GDPD6, GDPD2
p:glycerophosphodiester phosphodiesterase	phrase	glycerophosphodiester phosphodiesterase	4	367	12	21521	19.546775658492276	3.695699278364385e-05	AT1G74210, AT3G02040, AT5G08030, AT5G41080	True	0.001022196823129422	significant	False	Glycerol metabolism	glycerophosphodiester phosphodiesterase		GDPD5, SRG3, GDPD6, GDPD2
k:Iron	keyword	Iron	29	367	750	21521	2.2674259763851046	3.924307274044631e-05	AT1G01190, AT1G03020, AT1G06830, AT1G13750, AT1G33720, AT1G52790, AT1G52800, AT1G52940, AT1G58300, AT1G71695, AT2G16430, AT2G27190, AT2G29090, AT2G30540, AT2G43710, AT2G46880, AT3G17790, AT3G60290, AT3G61880, AT4G12980, AT4G13700, AT4G15680, AT4G15690, AT4G24890, AT4G26010, AT4G32690, AT4G34350, AT5G16230, AT5G20400	True	0.0010613071005582924	significant	True	Iron	Iron		CYP78A8, GRXS1, GRXS11, PAP1, CYP76C6, AT1G52790, AT1G52800, PAP5, HO4, PER12, PAP10, PAP12, CYP707A2, GRXS9, SSI2, PAP14, PAP17, AT3G60290, CYP78A9, AT4G12980, PAP23, GRXS4, GRXS5, PAP24, PER44, GLB3, HDR, S-ACP-DES3, AT5G20400
w:cipk	word	cipk	6	367	38	21521	9.258998996127922	4.1099190093972865e-05	AT1G01140, AT4G13420, AT4G14580, AT4G18700, AT5G01810, AT5G01820	True	0.0010873416161818474	significant	False	cbl	cipk		CIPK9, HAK5, CIPK4, CIPK12, CIPK15, SR1
k:Potassium transport	keyword	Potassium transport	8	367	76	21521	6.172665997418615	4.550783968478649e-05	AT1G14660, AT2G35060, AT3G02050, AT3G06370, AT4G13420, AT4G19960, AT4G23700, AT5G14880	True	0.001178362572263514	significant	False	transporter	Potassium transport		NHX8, KUP11, KUP3, NHX4, HAK5, KUP9, CHX17, POT8
p:transmembrane transport	phrase	transmembrane transport	35	367	1014	21521	2.024074402506597	6.44629584469362e-05	AT1G14660, AT1G20860, AT1G22150, AT1G48370, AT1G66760, AT1G76430, AT2G33770, AT2G35060, AT2G38940, AT2G40900, AT3G02050, AT3G06370, AT3G20660, AT3G21620, AT3G23870, AT3G24290, AT3G28360, AT3G47420, AT3G52310, AT3G60160, AT4G01470, AT4G02050, AT4G13420, AT4G13800, AT4G19960, AT4G23700, AT4G28610, AT5G09470, AT5G14880, AT5G27100, AT5G43340, AT5G50790, AT5G51050, AT5G55930, AT5G62730	True	0.0016344045922900283	significant	False	transporter	transmembrane transport		NHX8, PHT1;8, SULTR1;3, YSL8, DTX9, PHT1;9, PHO2, KUP11, PHT1;4, UMAMIT11, KUP3, NHX4, OCT4, OSCA1.5, AT3G23870, AMT1;5, ABCB16, G3Pp1, ABCG27, ABCC9, TIP1;3, STP7, HAK5, AT4G13800, KUP9, CHX17, PHR1, DIC3, POT8, GLR2.1, PHT1;6, SWEET10, APC2, OPT1, NPF4.7
w:ion	word	ion	57	367	1996	21521	1.6745985158327554	7.648791928559222e-05	AT1G01140, AT1G01190, AT1G09780, AT1G13750, AT1G14660, AT1G22990, AT1G31480, AT1G52940, AT1G68670, AT1G68740, AT1G76430, AT2G16430, AT2G20800, AT2G26130, AT2G27190, AT2G29090, AT2G33770, AT2G35060, AT2G38940, AT2G43535, AT2G44260, AT2G46860, AT3G02040, AT3G02050, AT3G06370, AT3G13110, AT3G17790, AT3G23870, AT3G47420, AT3G52190, AT3G52720, AT3G53620, AT3G61880, AT4G01480, AT4G04710, AT4G04955, AT4G13420, AT4G13700, AT4G13800, AT4G19960, AT4G21470, AT4G24890, AT4G28610, AT4G33030, AT4G33770, AT4G33950, AT4G34350, AT5G04340, AT5G07500, AT5G14880, AT5G18550, AT5G24600, AT5G27100, AT5G43340, AT5G44240, AT5G51050, AT5G61430	True	0.0018997101585829742	significant	True	ion	ion	potassium ion, magnesium ion	CIPK9, CYP78A8, iPGAM1, PAP1, NHX8, HIPP22, SGR2, PAP5, HHO2, PHO1;H1, PHT1;9, PAP10, NDB4, RSL1, PAP12, CYP707A2, PHO2, KUP11, PHT1;4, ATTI4, AT2G44260, PPa3, SRG3, KUP3, NHX4, SERAT2;2, PAP17, AT3G23870, G3Pp1, PHF1, ACA1, PPa4, CYP78A9, PPa5, CPK22, ALN, HAK5, PAP23, AT4G13800, KUP9, FMN/FHY, PAP24, PHR1, SQD1, ITPK2, OST1, HDR, ZAT6, PEI1, POT8, AT5G18550, AT5G24600, GLR2.1, PHT1;6, ALA2, APC2, NAC100
p:soluble inorganic	phrase	soluble inorganic	3	367	6	21521	29.320163487738416	9.469377790176519e-05	AT2G46860, AT3G53620, AT4G01480	True	0.0022596534844401615	significant	False	inorganic	soluble inorganic		PPa3, PPa4, PPa5
p:pyrophosphate phospho	phrase	pyrophosphate phospho	3	367	6	21521	29.320163487738416	9.469377790176519e-05	AT2G46860, AT3G53620, AT4G01480	True	0.0022596534844401615	significant	True	pyrophosphate phospho	pyrophosphate phospho	pyrophosphate, ppase, phospho	PPa3, PPa4, PPa5
p:glycerophospholipid phospholipase	phrase	glycerophospholipid phospholipase	4	367	15	21521	15.637420526793823	9.786032012292932e-05	AT1G31480, AT2G31690, AT2G42690, AT3G03310	True	0.0022903078767231725	significant	True	glycerophospholipid phospholipase	glycerophospholipid phospholipase	glycerophospholipid, phospholipase	SGR2, DALL5, AT2G42690, LCAT3
p:camk ser	phrase	camk ser	5	367	29	21521	10.11040120266842	0.00011897572473356818	AT1G01140, AT4G14580, AT4G18700, AT5G01810, AT5G01820	True	0.002680730505360906	significant	True	camk ser	camk ser	camk, naf, regulatory naf, cipk serine, ser	CIPK9, CIPK4, CIPK12, CIPK15, SR1
w:camk	word	camk	5	367	29	21521	10.11040120266842	0.00011897572473356818	AT1G01140, AT4G14580, AT4G18700, AT5G01810, AT5G01820	True	0.002680730505360906	significant	False	camk ser	camk		CIPK9, CIPK4, CIPK12, CIPK15, SR1
k:Potassium	keyword	Potassium	9	367	111	21521	4.754621106119743	0.00012115051585443701	AT1G14660, AT2G35060, AT3G02050, AT3G06370, AT4G13420, AT4G19960, AT4G23700, AT5G14880, AT5G63680	True	0.002680730505360906	significant	True	Potassium	Potassium	potassium	NHX8, KUP11, KUP3, NHX4, HAK5, KUP9, CHX17, POT8, MBK5.16
w:plc	word	plc	4	367	16	21521	14.66008174386921	0.00012872989052475708	AT1G74210, AT3G03540, AT5G08030, AT5G41080	True	0.0027975763708683815	significant	True	plc	plc		GDPD5, NPC5, GDPD6, GDPD2
p:transmembrane transporter	phrase	transmembrane transporter	26	367	691	21521	2.206437773317508	0.00015257283279825277	AT1G20860, AT1G22150, AT1G48370, AT1G66760, AT1G76430, AT2G35060, AT2G37890, AT2G38940, AT2G40900, AT3G02050, AT3G20660, AT3G23870, AT3G47420, AT3G60160, AT4G01470, AT4G02050, AT4G13420, AT4G13800, AT4G19960, AT5G09470, AT5G14880, AT5G43340, AT5G50790, AT5G51050, AT5G55930, AT5G62730	True	0.0032575638160609404	significant	False	transporter	transmembrane transporter		PHT1;8, SULTR1;3, YSL8, DTX9, PHT1;9, KUP11, AT2G37890, PHT1;4, UMAMIT11, KUP3, OCT4, AT3G23870, G3Pp1, ABCC9, TIP1;3, STP7, HAK5, AT4G13800, KUP9, DIC3, POT8, PHT1;6, SWEET10, APC2, OPT1, NPF4.7
w:sulfolipid	word	sulfolipid	3	367	7	21521	25.131568703775788	0.0001636168737344192	AT3G56040, AT4G33030, AT5G01220	True	0.003425790819090602	significant	True	sulfolipid	sulfolipid		UGP3, SQD1, SQD2
w:ppi	word	ppi	4	367	17	21521	13.797723994229843	0.0001660818885179503	AT1G17710, AT1G73010, AT3G53620, AT4G04040	True	0.003425790819090602	significant	True	ppi	ppi		PEPC1, PS2, PPa4, MEE51
w:convert	word	convert	12	367	203	21521	3.466423269486315	0.00020131720004006018	AT1G10060, AT1G50110, AT2G28305, AT2G43710, AT3G47460, AT3G56040, AT3G56700, AT4G33030, AT4G34350, AT5G16230, AT5G38710, AT5G64000	True	0.004083383874145887	significant	True	convert	convert	convert stearoyl	BCAT-1, BCAT6, LOG1, SSI2, ATSMC2, UGP3, FAR6, SQD1, HDR, S-ACP-DES3, POX2, SAL2
w:pyrophosphate	word	pyrophosphate	8	367	94	21521	4.9906661255724964	0.00020599927934211062	AT1G17710, AT1G73010, AT2G46860, AT3G53620, AT4G01480, AT4G03960, AT4G04040, AT4G13700	True	0.0041098544747434195	significant	False	pyrophosphate phospho	pyrophosphate		PEPC1, PS2, PPa3, PPa4, PPa5, PFA-DSP4, MEE51, PAP23
w:glutaredoxin	word	glutaredoxin	6	367	51	21521	6.898861997114921	0.00022253989950032636	AT1G03020, AT1G06830, AT1G60740, AT2G30540, AT4G15680, AT4G15690	True	0.004368242865998342	significant	False	monothiol	glutaredoxin		GRXS1, GRXS11, PRXIID, GRXS9, GRXS4, GRXS5
w:spx	word	spx	3	367	8	21521	21.990122615803813	0.00025847663331445475	AT2G26660, AT2G45130, AT5G20150	True	0.0049431956010037624	significant	True	spx	spx		SPX2, SPX3, SPX1
w:cotransporter	word	cotransporter	5	367	34	21521	8.623577496393652	0.00025995441122780676	AT1G20860, AT1G22150, AT1G76430, AT2G38940, AT5G43340	True	0.0049431956010037624	significant	True	cotransporter	cotransporter		PHT1;8, SULTR1;3, PHT1;9, PHT1;4, PHT1;6
w:phosphatidylcholine	word	phosphatidylcholine	7	367	74	21521	5.547057957139701	0.0002673131650844405	AT2G31690, AT2G32260, AT2G42690, AT3G03310, AT3G03540, AT3G05630, AT5G44240	True	0.00500492495242714	significant	True	phosphatidylcholine	phosphatidylcholine		DALL5, CCT1, AT2G42690, LCAT3, NPC5, PLDP2, ALA2
w:magnesium	word	magnesium	11	367	180	21521	3.583575537390251	0.00027685194929695625	AT2G46860, AT3G02040, AT3G09560, AT3G23870, AT3G53620, AT4G01480, AT4G13800, AT4G21470, AT4G33770, AT5G44240, AT5G51050	True	0.005104982155975693	significant	True	magnesium	magnesium ion	Magnesium	PPa3, SRG3, PAH1, AT3G23870, PPa4, PPa5, AT4G13800, FMN/FHY, ITPK2, ALA2, APC2
w:sulfoquinovose	word	sulfoquinovose	2	367	2	21521	58.64032697547684	0.00029002967448238083	AT4G33030, AT5G01220	True	0.005199638832529084	significant	True	sulfoquinovose	sulfoquinovose	sulfoquinovosyldiacylglycerol	SQD1, SQD2
w:naf	word	naf	5	367	35	21521	8.377189567925262	0.0002990753642374987	AT1G01140, AT4G14580, AT4G18700, AT5G01810, AT5G01820	True	0.005199638832529084	significant	False	camk ser	naf		CIPK9, CIPK4, CIPK12, CIPK15, SR1
p:regulatory naf	phrase	regulatory naf	5	367	35	21521	8.377189567925262	0.0002990753642374987	AT1G01140, AT4G14580, AT4G18700, AT5G01810, AT5G01820	True	0.005199638832529084	significant	False	camk ser	regulatory naf		CIPK9, CIPK4, CIPK12, CIPK15, SR1
p:cipk serine	phrase	cipk serine	5	367	35	21521	8.377189567925262	0.0002990753642374987	AT1G01140, AT4G14580, AT4G18700, AT5G01810, AT5G01820	True	0.005199638832529084	significant	False	camk ser	cipk serine		CIPK9, CIPK4, CIPK12, CIPK15, SR1
w:glycerophospholipid	word	glycerophospholipid	4	367	20	21521	11.728065395095367	0.0003246913876657164	AT1G31480, AT2G31690, AT2G42690, AT3G03310	True	0.005565484771678547	significant	False	glycerophospholipid phospholipase	glycerophospholipid		SGR2, DALL5, AT2G42690, LCAT3
w:pyrophosphorylase	word	pyrophosphorylase	5	367	36	21521	8.144489857705116	0.00034250001794777004	AT2G46860, AT3G53620, AT3G56040, AT4G01480, AT5G19220	True	0.005789201692256057	significant	True	pyrophosphorylase	pyrophosphorylase		PPa3, PPa4, UGP3, PPa5, APL1
p:inactive purple	phrase	inactive purple	3	367	9	21521	19.546775658492276	0.0003828162763432078	AT1G13750, AT2G46880, AT4G24890	True	0.0063387187950673255	significant	True	inactive purple	inactive purple		PAP1, PAP14, PAP24
p:potassium ion	phrase	potassium ion	8	367	103	21521	4.554588502949658	0.00038542743700491547	AT1G01140, AT1G14660, AT2G35060, AT3G02050, AT3G06370, AT4G13420, AT4G19960, AT5G14880	True	0.0063387187950673255	significant	False	ion	potassium ion		CIPK9, NHX8, KUP11, KUP3, NHX4, HAK5, KUP9, POT8
w:affinity	word	affinity	12	367	221	21521	3.184090152514579	0.0004368062101582447	AT1G14660, AT1G20860, AT1G22150, AT1G71695, AT1G76430, AT2G38940, AT3G02050, AT3G06370, AT3G20660, AT4G13420, AT5G43340, AT5G50790	True	0.007087908770167783	significant	True	affinity	high affinity	high affinity, affinity electroneutral	NHX8, PHT1;8, SULTR1;3, PER12, PHT1;9, PHT1;4, KUP3, NHX4, OCT4, HAK5, PHT1;6, SWEET10
k:Hydrolase	keyword	Hydrolase	59	367	2236	21521	1.5473073754709896	0.0004631299189635865	AT1G02310, AT1G03445, AT1G17710, AT1G31480, AT1G52940, AT1G55120, AT1G62710, AT1G63750, AT1G73010, AT1G74210, AT2G02990, AT2G04160, AT2G16430, AT2G27190, AT2G28305, AT2G31690, AT2G38740, AT2G42690, AT2G44450, AT2G44460, AT2G46860, AT3G02040, AT3G02870, AT3G03310, AT3G03540, AT3G05630, AT3G05640, AT3G09560, AT3G11210, AT3G12500, AT3G17790, AT3G21280, AT3G49360, AT3G53620, AT4G00500, AT4G01480, AT4G03960, AT4G04955, AT4G13700, AT4G15980, AT4G19770, AT4G19810, AT4G21470, AT4G26720, AT4G30270, AT4G33030, AT4G34980, AT5G08030, AT5G10740, AT5G16080, AT5G18630, AT5G19120, AT5G20320, AT5G23210, AT5G37710, AT5G39640, AT5G41080, AT5G47240, AT5G64000	True	0.007416172518140589	significant	False	hydrolase	Hydrolase		MAN1, BSU1, PEPC1, SGR2, PAP5, FRUCT5, BETA-VPE, AT1G63750, PS2, GDPD5, RNS1, AIR3, PAP10, PAP12, LOG1, DALL5, SGPP, AT2G42690, BGLU15, BGLU28, PPa3, SRG3, VTC4, LCAT3, NPC5, PLDP2, AT3G05640, PAH1, CPRD49, HCHIB, PAP17, UBP7, PGL2, PPa4, AT4G00500, PPa5, PFA-DSP4, ALN, PAP23, PME43, AT4G19770, ChiC, FMN/FHY, PPX1, XTH24, SQD1, SLP2, GDPD6, AT5G10740, CXE17, AT5G18630, AT5G19120, DCL4, SCPL34, AT5G37710, MIJ24.14, GDPD2, NUDT8, SAL2
k:Symport	keyword	Symport	7	367	83	21521	4.945569744919734	0.0005411888043649775	AT1G10010, AT1G20860, AT1G22150, AT1G76430, AT2G38940, AT4G02050, AT5G43340	True	0.00855359447937893	significant	True	Symport	Symport	symporter	AAP8, PHT1;8, SULTR1;3, PHT1;9, PHT1;4, STP7, PHT1;6
w:gsh	word	gsh	5	367	40	21521	7.330040871934605	0.0005653811540483976	AT1G03020, AT1G06830, AT2G30540, AT4G15680, AT4G15690	True	0.008821395698421794	significant	False	monothiol	gsh		GRXS1, GRXS11, GRXS9, GRXS4, GRXS5
w:facilitator	word	facilitator	11	367	198	21521	3.2577959430820465	0.0006201611521894647	AT1G20860, AT1G76430, AT2G38940, AT3G01930, AT3G20660, AT3G47420, AT3G52190, AT4G02050, AT4G34950, AT5G43340, AT5G62730	True	0.00955362180018454	significant	True	facilitator	facilitator		PHT1;8, PHT1;9, PHT1;4, AT3G01930, OCT4, G3Pp1, PHF1, STP7, MFS1, PHT1;6, NPF4.7
p:high affinity	phrase	high affinity	8	367	111	21521	4.226329872106438	0.0006363920810298608	AT1G20860, AT1G22150, AT1G76430, AT2G38940, AT3G02050, AT3G20660, AT4G13420, AT5G43340	True	0.009681114532666759	significant	False	affinity	high affinity		PHT1;8, SULTR1;3, PHT1;9, PHT1;4, KUP3, OCT4, HAK5, PHT1;6
w:galactosyltransferase	word	galactosyltransferase	6	367	63	21521	5.584793045283508	0.0007074100686972763	AT1G56600, AT2G11810, AT3G11670, AT4G00550, AT4G31780, AT5G20410	True	0.010628617945735622	significant	True	galactosyltransferase	galactosyltransferase		GolS2, MGDC, DGD1, DGD2, MGD1, MGD2
w:thiosulfate	word	thiosulfate	3	367	11	21521	15.992816447857319	0.0007331024991305423	AT3G07350, AT5G09470, AT5G51050	True	0.010749225800504457	significant	True	thiosulfate	thiosulfate		AT3G07350, DIC3, APC2
w:prokaryotic	word	prokaryotic	3	367	11	21521	15.992816447857319	0.0007331024991305423	AT2G11810, AT4G31780, AT5G20410	True	0.010749225800504457	significant	True	prokaryotic	prokaryotic	operate	MGDC, MGD1, MGD2
p:magnesium ion	phrase	magnesium ion	9	367	142	21521	3.7166404421076873	0.0007556537372615978	AT2G46860, AT3G02040, AT3G23870, AT3G53620, AT4G01480, AT4G13800, AT4G21470, AT4G33770, AT5G44240	True	0.010845331662384827	significant	False	ion	magnesium ion		PPa3, SRG3, AT3G23870, PPa4, PPa5, AT4G13800, FMN/FHY, ITPK2, ALA2
w:glucose	word	glucose	14	367	303	21521	2.709454051672197	0.0007574800257212081	AT1G09780, AT1G19200, AT1G32900, AT2G38740, AT3G02870, AT3G14790, AT3G53620, AT3G56040, AT4G10120, AT4G33030, AT4G37220, AT5G01820, AT5G19220, AT5G66530	True	0.010845331662384827	significant	True	glucose	glucose	udp glucose	iPGAM1, FLZ12, GBSS1, SGPP, VTC4, RHM3, PPa4, UGP3, ATSPS4F, SQD1, AT4G37220, SR1, APL1, AT5G66530
k:Allosteric enzyme	keyword	Allosteric enzyme	5	367	43	21521	6.8186426715670745	0.0007932643655327792	AT3G14940, AT3G27190, AT3G46970, AT4G04040, AT5G19220	True	0.011096583136245888	significant	True	Allosteric enzyme	Allosteric enzyme		PPC3, UKL2, PHS2, MEE51, APL1
w:pyrophosphatase	word	pyrophosphatase	5	367	43	21521	6.8186426715670745	0.0007932643655327792	AT1G17710, AT1G73010, AT2G46860, AT3G53620, AT4G01480	True	0.011096583136245888	significant	True	pyrophosphatase	inorganic pyrophosphatase		PEPC1, PS2, PPa3, PPa4, PPa5
w:ppase	word	ppase	3	367	12	21521	14.660081743869208	0.0009651510012461749	AT2G46860, AT3G53620, AT4G01480	True	0.013347599642234032	significant	False	pyrophosphate phospho	ppase		PPa3, PPa4, PPa5
w:diester	word	diester	4	367	27	21521	8.687455848218791	0.001070478516010924	AT1G74210, AT3G02040, AT5G08030, AT5G41080	True	0.014316179714124114	significant	False	Glycerol metabolism	diester		GDPD5, SRG3, GDPD6, GDPD2
p:diester hydrolase	phrase	diester hydrolase	4	367	27	21521	8.687455848218791	0.001070478516010924	AT1G74210, AT3G02040, AT5G08030, AT5G41080	True	0.014316179714124114	significant	False	hydrolase	diester hydrolase		GDPD5, SRG3, GDPD6, GDPD2
p:phosphoric diester	phrase	phosphoric diester	4	367	27	21521	8.687455848218791	0.001070478516010924	AT1G74210, AT3G02040, AT5G08030, AT5G41080	True	0.014316179714124114	significant	False	Glycerol metabolism	phosphoric diester		GDPD5, SRG3, GDPD6, GDPD2
w:diphosphate	word	diphosphate	10	367	180	21521	3.257795943082047	0.0010843776226949586	AT1G17710, AT1G73010, AT2G46860, AT3G27190, AT3G53620, AT4G01480, AT4G03960, AT4G04040, AT4G34350, AT5G47240	True	0.014344430074127877	significant	True	diphosphate	diphosphate		PEPC1, PS2, PPa3, UKL2, PPa4, PPa5, PFA-DSP4, MEE51, HDR, NUDT8
w:rlp	word	rlp	6	367	69	21521	5.0991588674327675	0.0011459277576930378	AT1G47890, AT1G58190, AT1G74200, AT2G32660, AT3G47090, AT4G13900	True	0.014995635280778784	significant	True	rlp	rlp		RLP7, RLP9, RLP16, RLP22, AT3G47090, RLP49
w:external	word	external	5	367	47	21521	6.23833265696562	0.0011957325324149664	AT1G20860, AT1G76430, AT2G20800, AT2G38940, AT5G43340	True	0.015453058105732621	significant	True	external	external inorganic		PHT1;8, PHT1;9, NDB4, PHT1;4, PHT1;6
w:acquisition	word	acquisition	4	367	28	21521	8.377189567925264	0.0012322498718643636	AT1G68670, AT2G26130, AT4G23700, AT5G04340	True	0.015453058105732621	significant	True	acquisition	acquisition		HHO2, RSL1, CHX17, ZAT6
p:plasma membrane	phrase	plasma membrane	68	367	2775	21521	1.4369521565161891	0.0012327659545150558	AT1G03445, AT1G08650, AT1G09780, AT1G10010, AT1G14660, AT1G23140, AT1G47890, AT1G51805, AT1G58190, AT1G60740, AT1G66760, AT1G68740, AT1G74200, AT1G76430, AT2G17660, AT2G25220, AT2G26130, AT2G32660, AT2G35060, AT2G38740, AT2G38940, AT2G40900, AT2G44260, AT2G47920, AT3G02050, AT3G02870, AT3G03540, AT3G05640, AT3G11650, AT3G11660, AT3G20660, AT3G21620, AT3G23870, AT3G52190, AT3G52310, AT4G02050, AT4G04710, AT4G12980, AT4G13000, AT4G13420, AT4G13800, AT4G13900, AT4G18700, AT4G19960, AT4G30270, AT4G31780, AT4G32690, AT4G33030, AT4G33770, AT4G33950, AT4G34350, AT4G34980, AT4G37220, AT4G38740, AT5G01220, AT5G01810, AT5G07460, AT5G10740, AT5G14880, AT5G20150, AT5G27100, AT5G37710, AT5G49780, AT5G50790, AT5G59270, AT5G60270, AT5G60310, AT5G67440	True	0.015453058105732621	significant	True	plasma membrane	plasma membrane	plasma	BSU1, PPCK1, iPGAM1, AAP8, NHX8, CAR8, RLP7, SIF3, RLP9, PRXIID, DTX9, PHO1;H1, RLP16, PHT1;9, AT2G17660, AT2G25220, RSL1, RLP22, KUP11, SGPP, PHT1;4, UMAMIT11, AT2G44260, NET3C, KUP3, VTC4, NPC5, AT3G05640, NHL2, NHL1, OCT4, OSCA1.5, AT3G23870, PHF1, ABCG27, STP7, CPK22, AT4G12980, AT4G13000, HAK5, AT4G13800, RLP49, CIPK12, KUP9, XTH24, MGD1, GLB3, SQD1, ITPK2, OST1, HDR, SLP2, AT4G37220, ROC1, SQD2, CIPK15, PMSR2, AT5G10740, POT8, SPX1, GLR2.1, AT5G37710, AT5G49780, SWEET10, LECRK22, LECRK17, LECRK110, NPY3
w:limitation	word	limitation	3	367	13	21521	13.532383148186963	0.0012388968142863937	AT3G03540, AT3G05630, AT4G00550	True	0.015453058105732621	significant	True	limitation	limitation		NPC5, PLDP2, DGD2
w:plasma	word	plasma	68	367	2776	21521	1.4364345224540433	0.0012443711539538182	AT1G03445, AT1G08650, AT1G09780, AT1G10010, AT1G14660, AT1G23140, AT1G47890, AT1G51805, AT1G58190, AT1G60740, AT1G66760, AT1G68740, AT1G74200, AT1G76430, AT2G17660, AT2G25220, AT2G26130, AT2G32660, AT2G35060, AT2G38740, AT2G38940, AT2G40900, AT2G44260, AT2G47920, AT3G02050, AT3G02870, AT3G03540, AT3G05640, AT3G11650, AT3G11660, AT3G20660, AT3G21620, AT3G23870, AT3G52190, AT3G52310, AT4G02050, AT4G04710, AT4G12980, AT4G13000, AT4G13420, AT4G13800, AT4G13900, AT4G18700, AT4G19960, AT4G30270, AT4G31780, AT4G32690, AT4G33030, AT4G33770, AT4G33950, AT4G34350, AT4G34980, AT4G37220, AT4G38740, AT5G01220, AT5G01810, AT5G07460, AT5G10740, AT5G14880, AT5G20150, AT5G27100, AT5G37710, AT5G49780, AT5G50790, AT5G59270, AT5G60270, AT5G60310, AT5G67440	True	0.015453058105732621	significant	False	plasma membrane	plasma		BSU1, PPCK1, iPGAM1, AAP8, NHX8, CAR8, RLP7, SIF3, RLP9, PRXIID, DTX9, PHO1;H1, RLP16, PHT1;9, AT2G17660, AT2G25220, RSL1, RLP22, KUP11, SGPP, PHT1;4, UMAMIT11, AT2G44260, NET3C, KUP3, VTC4, NPC5, AT3G05640, NHL2, NHL1, OCT4, OSCA1.5, AT3G23870, PHF1, ABCG27, STP7, CPK22, AT4G12980, AT4G13000, HAK5, AT4G13800, RLP49, CIPK12, KUP9, XTH24, MGD1, GLB3, SQD1, ITPK2, OST1, HDR, SLP2, AT4G37220, ROC1, SQD2, CIPK15, PMSR2, AT5G10740, POT8, SPX1, GLR2.1, AT5G37710, AT5G49780, SWEET10, LECRK22, LECRK17, LECRK110, NPY3
w:potassium	word	potassium	8	367	124	21521	3.783246901643667	0.0013115023962907946	AT1G01140, AT1G14660, AT2G35060, AT3G02050, AT3G06370, AT4G13420, AT4G19960, AT5G14880	True	0.016122206225110073	significant	False	Potassium	potassium		CIPK9, NHX8, KUP11, KUP3, NHX4, HAK5, KUP9, POT8
w:low	word	low	16	367	397	21521	2.363338114880679	0.0013964108214373242	AT1G01140, AT1G08630, AT1G09780, AT1G13300, AT1G14660, AT1G75830, AT2G31690, AT2G38940, AT2G42690, AT3G06370, AT4G13420, AT4G13700, AT4G28610, AT4G30070, AT5G24660, AT5G50790	True	0.016994319696892236	significant	True	low	low		CIPK9, THA1, iPGAM1, HRS1, NHX8, LCR67, DALL5, PHT1;4, AT2G42690, NHX4, HAK5, PAP23, PHR1, LCR59, LSU2, SWEET10
w:condition	word	condition	11	367	221	21521	2.9187493064716974	0.0015157323935664534	AT1G13300, AT2G11810, AT2G33770, AT2G38940, AT3G08720, AT3G25790, AT4G13420, AT4G28610, AT5G01220, AT5G02200, AT5G20410	True	0.01826382497990469	significant	True	condition	condition		HRS1, MGDC, PHO2, PHT1;4, S6K2, HHO1, HAK5, PHR1, SQD2, FHL, MGD2
p:divalent cation	phrase	divalent cation	3	367	14	21521	12.565784351887894	0.0015569393993794304	AT3G23870, AT4G13800, AT5G51050	True	0.018396070379075407	significant	True	divalent cation	divalent cation	divalent	AT3G23870, AT4G13800, APC2
p:phosphoenolpyruvate carboxylase	phrase	phosphoenolpyruvate carboxylase	3	367	14	21521	12.565784351887894	0.0015569393993794304	AT1G08650, AT3G04530, AT3G14940	True	0.018396070379075407	significant	True	phosphoenolpyruvate carboxylase	phosphoenolpyruvate carboxylase	phosphoenolpyruvate	PPCK1, PPCK2, PPC3
w:availability	word	availability	4	367	30	21521	7.818710263396912	0.0016056947032608278	AT1G13300, AT2G33770, AT3G25790, AT4G10120	True	0.018789715902581033	significant	True	availability	availability		HRS1, PHO2, HHO1, ATSPS4F
w:transmembrane	word	transmembrane	46	367	1726	21521	1.562836060760101	0.0016931752817660292	AT1G10660, AT1G14660, AT1G20860, AT1G22150, AT1G48370, AT1G53620, AT1G66760, AT1G76430, AT2G33770, AT2G35060, AT2G37890, AT2G38940, AT2G40900, AT3G02050, AT3G06370, AT3G20660, AT3G21620, AT3G23870, AT3G24290, AT3G28360, AT3G43110, AT3G47420, AT3G52310, AT3G60160, AT4G01470, AT4G02050, AT4G13420, AT4G13800, AT4G16400, AT4G19960, AT4G23700, AT4G28610, AT4G38320, AT5G02180, AT5G09470, AT5G14880, AT5G20790, AT5G27100, AT5G43340, AT5G44240, AT5G49320, AT5G50790, AT5G51050, AT5G53760, AT5G55930, AT5G62730	True	0.01882004646891634	significant	True	transmembrane	transmembrane transport		AT1G10660, NHX8, PHT1;8, SULTR1;3, YSL8, AT1G53620, DTX9, PHT1;9, PHO2, KUP11, AT2G37890, PHT1;4, UMAMIT11, KUP3, NHX4, OCT4, OSCA1.5, AT3G23870, AMT1;5, ABCB16, AT3G43110, G3Pp1, ABCG27, ABCC9, TIP1;3, STP7, HAK5, AT4G13800, DL4230W, KUP9, CHX17, PHR1, HHP5, AVT1D, DIC3, POT8, AT5G20790, GLR2.1, PHT1;6, ALA2, AT5G49320, SWEET10, APC2, MLO11, OPT1, NPF4.7
k:Lithium	keyword	Lithium	2	367	4	21521	29.32016348773842	0.0017010724006415756	AT3G02870, AT5G64000	True	0.01882004646891634	significant	True	Lithium	Lithium		VTC4, SAL2
w:cycling	word	cycling	2	367	4	21521	29.32016348773842	0.0017010724006415756	AT3G05630, AT5G62430	True	0.01882004646891634	significant	True	cycling	cycling		PLDP2, CDF1
w:sulfoquinovosyldiacylglycerol	word	sulfoquinovosyldiacylglycerol	2	367	4	21521	29.32016348773842	0.0017010724006415756	AT4G33030, AT5G01220	True	0.01882004646891634	significant	False	sulfoquinovose	sulfoquinovosyldiacylglycerol		SQD1, SQD2
w:phosphoglyceromutase	word	phosphoglyceromutase	2	367	4	21521	29.32016348773842	0.0017010724006415756	AT1G09780, AT1G22170	True	0.01882004646891634	significant	True	phosphoglyceromutase	phosphoglyceromutase	bpg, pgam, bisphosphoglycerate	iPGAM1, gpmA1
w:arsenate	word	arsenate	2	367	4	21521	29.32016348773842	0.0017010724006415756	AT1G76430, AT2G38940	True	0.01882004646891634	significant	True	arsenate	arsenate		PHT1;9, PHT1;4
p:udp glycosyltransferase	phrase	udp glycosyltransferase	8	367	131	21521	3.5810886702581275	0.00186021328542609	AT1G32900, AT2G36970, AT3G02100, AT3G11670, AT4G00550, AT4G31780, AT5G01220, AT5G05870	True	0.020344562660589947	significant	True	udp glycosyltransferase	udp glycosyltransferase	udp, Glycosyltransferase, glycosyltransferase	GBSS1, UGT86A1, UGT83A1, DGD1, DGD2, MGD1, SQD2, UGT76C1
k:Magnesium	keyword	Magnesium	23	367	691	21521	1.95184879947318	0.0018723015759951305	AT1G17710, AT1G73010, AT2G38740, AT2G46860, AT3G02870, AT3G05640, AT3G09560, AT3G14940, AT3G21230, AT3G23870, AT3G53620, AT4G01480, AT4G04040, AT4G13800, AT4G21470, AT4G33770, AT5G10740, AT5G17060, AT5G20320, AT5G44240, AT5G47240, AT5G63680, AT5G64000	True	0.020344562660589947	significant	False	magnesium	Magnesium		PEPC1, PS2, SGPP, PPa3, VTC4, AT3G05640, PAH1, PPC3, 4CL5, AT3G23870, PPa4, PPa5, MEE51, AT4G13800, FMN/FHY, ITPK2, AT5G10740, ARFB1B, DCL4, ALA2, NUDT8, MBK5.16, SAL2
w:udp	word	udp	14	367	334	21521	2.4579777774151967	0.0019034572920595446	AT1G32900, AT2G36970, AT3G02100, AT3G02250, AT3G11670, AT3G14790, AT3G56040, AT4G00550, AT4G10120, AT4G31780, AT4G33030, AT5G01220, AT5G05870, AT5G20410	True	0.020500066587933328	significant	False	udp glycosyltransferase	udp		GBSS1, UGT86A1, UGT83A1, RRT2, DGD1, RHM3, UGP3, DGD2, ATSPS4F, MGD1, SQD1, SQD2, UGT76C1, MGD2
w:metabolic	word	metabolic	41	367	1505	21521	1.597510568767143	0.002045084536951527	AT1G08630, AT1G10060, AT1G50110, AT1G55120, AT1G56600, AT1G74210, AT2G11810, AT2G29090, AT2G31690, AT2G42690, AT2G43710, AT2G44450, AT2G44460, AT2G46860, AT3G02040, AT3G03310, AT3G03910, AT3G09560, AT3G12500, AT3G14790, AT3G27190, AT3G44830, AT3G46970, AT3G49360, AT3G53620, AT3G56040, AT4G01480, AT4G04040, AT4G10120, AT4G19770, AT4G19810, AT4G30270, AT4G33770, AT4G33950, AT4G34590, AT5G08030, AT5G16230, AT5G20410, AT5G37710, AT5G41080, AT5G64000	True	0.021832174398859722	significant	True	metabolic	metabolic		THA1, BCAT-1, BCAT6, FRUCT5, GolS2, GDPD5, MGDC, CYP707A2, DALL5, AT2G42690, SSI2, BGLU15, BGLU28, PPa3, SRG3, LCAT3, GDH3, PAH1, HCHIB, RHM3, UKL2, PDAT2, PHS2, PGL2, PPa4, UGP3, PPa5, MEE51, ATSPS4F, AT4G19770, ChiC, XTH24, ITPK2, OST1, GBF6, GDPD6, S-ACP-DES3, MGD2, AT5G37710, GDPD2, SAL2
w:symporter	word	symporter	6	367	78	21521	4.510794382728988	0.002160749097683391	AT1G10010, AT1G20860, AT1G76430, AT2G38940, AT4G13420, AT5G43340	True	0.02286636219026684	significant	False	Symport	symporter		AAP8, PHT1;8, PHT1;9, PHT1;4, HAK5, PHT1;6
k:2Fe-2S	keyword	2Fe-2S	5	367	54	21521	5.429659905136744	0.0022371785226412283	AT1G03020, AT1G06830, AT2G30540, AT4G15680, AT4G15690	True	0.02347108846598599	significant	False	monothiol	2Fe-2S		GRXS1, GRXS11, GRXS9, GRXS4, GRXS5
w:reduce	word	reduce	7	367	106	21521	3.872474422908848	0.0022778743807360794	AT1G03020, AT1G06830, AT2G30540, AT4G15680, AT4G15690, AT4G38740, AT5G07460	True	0.023693787362015457	significant	True	reduce	reduce gsh		GRXS1, GRXS11, GRXS9, GRXS4, GRXS5, ROC1, PMSR2
w:divalent	word	divalent	3	367	16	21521	10.995061307901906	0.002335473618117123	AT3G23870, AT4G13800, AT5G51050	True	0.023884633556710406	significant	False	divalent cation	divalent		AT3G23870, AT4G13800, APC2
w:glycogen	word	glycogen	3	367	16	21521	10.995061307901906	0.002335473618117123	AT1G32900, AT3G46970, AT5G19220	True	0.023884633556710406	significant	True	glycogen	glycogen		GBSS1, PHS2, APL1
k:Serine/threonine-protein kinase	keyword	Serine/threonine-protein kinase	26	367	835	21521	1.8259263489370037	0.002442624949739971	AT1G01140, AT1G08650, AT1G20930, AT1G51805, AT1G70250, AT2G25220, AT2G30040, AT3G04530, AT3G08720, AT3G47090, AT3G63260, AT4G04710, AT4G13000, AT4G14580, AT4G18700, AT4G25160, AT4G33950, AT5G01810, AT5G01820, AT5G49780, AT5G57610, AT5G59270, AT5G60270, AT5G60310, AT5G61550, AT5G67080	True	0.024764750556387025	significant	True	Serine/threonine-protein kinase	Serine/threonine-protein kinase	ser thr, thr, threonine, kinase, Kinase, serine threonine	CIPK9, PPCK1, CDKB2;2, SIF3, LTPG32, AT2G25220, MAPKKK14, PPCK2, S6K2, AT3G47090, ATMRK1, CPK22, AT4G13000, CIPK4, CIPK12, PUB35, OST1, CIPK15, SR1, AT5G49780, MUA2.19, LECRK22, LECRK17, LECRK110, PUB52, MAPKKK19
w:thiol	word	thiol	8	367	137	21521	3.424252670100837	0.002462230745540534	AT1G03020, AT1G06830, AT1G60740, AT1G76080, AT2G30540, AT4G15680, AT4G15690, AT4G31240	True	0.024764750556387025	significant	False	thiol disulfide	thiol		GRXS1, GRXS11, PRXIID, CDSP32, GRXS9, GRXS4, GRXS5, AT4G31240
k:Glycosyltransferase	keyword	Glycosyltransferase	17	367	461	21521	2.1624415587486037	0.0025592628259729516	AT1G32900, AT1G56600, AT2G11810, AT2G19880, AT2G36970, AT3G02100, AT3G02250, AT3G11670, AT3G27190, AT3G46970, AT4G00550, AT4G07960, AT4G10120, AT4G31780, AT5G01220, AT5G05870, AT5G20410	True	0.02548412469663486	significant	False	udp glycosyltransferase	Glycosyltransferase		GBSS1, GolS2, MGDC, GCS, UGT86A1, UGT83A1, RRT2, DGD1, UKL2, PHS2, DGD2, CSLC12, ATSPS4F, MGD1, SQD2, UGT76C1, MGD2
w:phosphoric	word	phosphoric	4	367	34	21521	6.898861997114921	0.002575634624228503	AT1G74210, AT3G02040, AT5G08030, AT5G41080	True	0.02548412469663486	significant	False	Glycerol metabolism	phosphoric		GDPD5, SRG3, GDPD6, GDPD2
w:phospholipase	word	phospholipase	6	367	81	21521	4.343727924109395	0.0026165500794363716	AT1G31480, AT2G31690, AT2G42690, AT3G03310, AT3G03540, AT3G05630	True	0.025489347291242023	significant	False	glycerophospholipid phospholipase	phospholipase		SGR2, DALL5, AT2G42690, LCAT3, NPC5, PLDP2
p:oxidative stress	phrase	oxidative stress	14	367	348	21521	2.359093613955965	0.0027663333402194153	AT1G56600, AT1G60740, AT1G71695, AT1G76080, AT2G26660, AT2G45130, AT2G48150, AT4G02640, AT4G26010, AT5G01820, AT5G07460, AT5G09470, AT5G59080, AT5G61510	True	0.025489347291242023	significant	True	oxidative stress	oxidative stress		GolS2, PRXIID, PER12, CDSP32, SPX2, SPX3, GPX4, BZO2H1, PER44, SR1, PMSR2, DIC3, AT5G59080, AT5G61510
w:lecithin	word	lecithin	2	367	5	21521	23.456130790190734	0.002803151141992268	AT3G03310, AT3G44830	True	0.025489347291242023	significant	True	lecithin	lecithin	cholesterol acyltransferase	LCAT3, PDAT2
p:cholesterol acyltransferase	phrase	cholesterol acyltransferase	2	367	5	21521	23.456130790190734	0.002803151141992268	AT3G03310, AT3G44830	True	0.025489347291242023	significant	False	lecithin	cholesterol acyltransferase		LCAT3, PDAT2
w:adipor	word	adipor	2	367	5	21521	23.456130790190734	0.002803151141992268	AT2G40710, AT4G38320	True	0.025489347291242023	significant	True	adipor	adipor		AT2G40710, HHP5
w:hypoosmolarity	word	hypoosmolarity	2	367	5	21521	23.456130790190734	0.002803151141992268	AT4G02640, AT4G34590	True	0.025489347291242023	significant	True	hypoosmolarity	hypoosmolarity		BZO2H1, GBF6
p:chitinase insertion	phrase	chitinase insertion	2	367	5	21521	23.456130790190734	0.002803151141992268	AT4G19770, AT4G19810	True	0.025489347291242023	significant	True	chitinase insertion	chitinase insertion	chitinase	AT4G19770, ChiC
p:glycosidic linkage	phrase	glycosidic linkage	2	367	5	21521	23.456130790190734	0.002803151141992268	AT3G11670, AT4G00550	True	0.025489347291242023	significant	True	glycosidic linkage	glycosidic linkage		DGD1, DGD2
w:bpg	word	bpg	2	367	5	21521	23.456130790190734	0.002803151141992268	AT1G09780, AT1G22170	True	0.025489347291242023	significant	False	phosphoglyceromutase	bpg		iPGAM1, gpmA1
w:pgam	word	pgam	2	367	5	21521	23.456130790190734	0.002803151141992268	AT1G09780, AT1G22170	True	0.025489347291242023	significant	False	phosphoglyceromutase	pgam		iPGAM1, gpmA1
w:sucrose	word	sucrose	9	367	172	21521	3.0683892022051835	0.0028509323930426154	AT1G19200, AT1G55120, AT2G40710, AT4G10120, AT4G33950, AT4G34590, AT4G37220, AT4G38320, AT5G50790	True	0.025489347291242023	significant	True	sucrose	sucrose		FLZ12, FRUCT5, AT2G40710, ATSPS4F, OST1, GBF6, AT4G37220, HHP5, SWEET10
p:unsaturated fatty	phrase	unsaturated fatty	4	367	35	21521	6.701751654340209	0.0028693842061628242	AT2G43710, AT3G03310, AT4G33950, AT5G16230	True	0.025489347291242023	significant	True	unsaturated fatty	unsaturated fatty		SSI2, LCAT3, OST1, S-ACP-DES3
w:polyphosphate	word	polyphosphate	4	367	35	21521	6.701751654340209	0.0028693842061628242	AT4G03960, AT4G13700, AT4G33770, AT5G64000	True	0.025489347291242023	significant	True	polyphosphate	polyphosphate		PFA-DSP4, PAP23, ITPK2, SAL2
w:phosphodiesterase	word	phosphodiesterase	4	367	35	21521	6.701751654340209	0.0028693842061628242	AT1G74210, AT3G02040, AT5G08030, AT5G41080	True	0.025489347291242023	significant	False	Glycerol metabolism	phosphodiesterase		GDPD5, SRG3, GDPD6, GDPD2
p:ser thr	phrase	ser thr	27	367	892	21521	1.7749874757151063	0.0029965220394682877	AT1G01140, AT1G08650, AT1G20930, AT1G51805, AT1G70250, AT2G25220, AT2G30040, AT3G04530, AT3G08720, AT3G47090, AT3G63260, AT4G04710, AT4G13000, AT4G14580, AT4G18700, AT4G25160, AT4G33950, AT5G01810, AT5G01820, AT5G49780, AT5G57610, AT5G59270, AT5G60270, AT5G60310, AT5G61550, AT5G65500, AT5G67080	True	0.026425850159658742	significant	False	Serine/threonine-protein kinase	ser thr		CIPK9, PPCK1, CDKB2;2, SIF3, LTPG32, AT2G25220, MAPKKK14, PPCK2, S6K2, AT3G47090, ATMRK1, CPK22, AT4G13000, CIPK4, CIPK12, PUB35, OST1, CIPK15, SR1, AT5G49780, MUA2.19, LECRK22, LECRK17, LECRK110, PUB52, PUB50, MAPKKK19
w:uptake	word	uptake	9	367	174	21521	3.033120360800526	0.0030793881951171145	AT2G35060, AT3G02050, AT3G20660, AT3G52190, AT4G02050, AT4G13420, AT4G19960, AT5G50790, AT5G51050	True	0.02696126211120524	significant	True	uptake	uptake		KUP11, KUP3, OCT4, PHF1, STP7, HAK5, KUP9, SWEET10, APC2
w:thioredoxin	word	thioredoxin	7	367	112	21521	3.665020435967303	0.003105896728795021	AT1G03020, AT1G60740, AT1G76080, AT2G30540, AT4G15680, AT4G15690, AT4G31240	True	0.026999116563882434	significant	False	thiol disulfide	thioredoxin		GRXS1, PRXIID, CDSP32, GRXS9, GRXS4, GRXS5, AT4G31240
k:Antimicrobial	keyword	Antimicrobial	4	367	36	21521	6.515591886164093	0.003185244729689705	AT1G75830, AT2G43535, AT3G12500, AT4G30070	True	0.027298893211495572	significant	True	Antimicrobial	Antimicrobial	Fungicide	LCR67, ATTI4, HCHIB, LCR59
k:Fungicide	keyword	Fungicide	4	367	36	21521	6.515591886164093	0.003185244729689705	AT1G75830, AT2G43535, AT3G12500, AT4G30070	True	0.027298893211495572	significant	False	Antimicrobial	Fungicide		LCR67, ATTI4, HCHIB, LCR59
w:phosphohydrolase	word	phosphohydrolase	3	367	18	21521	9.773387829246138	0.003318277479247849	AT3G09560, AT4G21470, AT5G64000	True	0.028240165680032396	significant	True	phosphohydrolase	phosphohydrolase		PAH1, FMN/FHY, SAL2
k:Redox-active center	keyword	Redox-active center	7	367	114	21521	3.6007218318275256	0.003427559372926863	AT1G03020, AT1G06830, AT1G60740, AT1G76080, AT2G30540, AT4G15680, AT4G15690	True	0.02896763720036106	significant	False	thiol disulfide	Redox-active center		GRXS1, GRXS11, PRXIID, CDSP32, GRXS9, GRXS4, GRXS5
w:sulfate	word	sulfate	6	367	87	21521	4.044160481067368	0.0037399894524079444	AT1G22150, AT3G07350, AT4G28610, AT5G09470, AT5G51050, AT5G64000	True	0.03139011836952047	significant	True	sulfate	sulfate		SULTR1;3, AT3G07350, PHR1, DIC3, APC2, SAL2
w:thr	word	thr	27	367	908	21521	1.7437101633677035	0.0038070069795800073	AT1G01140, AT1G08650, AT1G20930, AT1G51805, AT1G70250, AT2G25220, AT2G30040, AT3G04530, AT3G08720, AT3G47090, AT3G63260, AT4G04710, AT4G13000, AT4G14580, AT4G18700, AT4G25160, AT4G33950, AT5G01810, AT5G01820, AT5G49780, AT5G57610, AT5G59270, AT5G60270, AT5G60310, AT5G61550, AT5G65500, AT5G67080	True	0.03173374995992376	significant	False	Serine/threonine-protein kinase	thr		CIPK9, PPCK1, CDKB2;2, SIF3, LTPG32, AT2G25220, MAPKKK14, PPCK2, S6K2, AT3G47090, ATMRK1, CPK22, AT4G13000, CIPK4, CIPK12, PUB35, OST1, CIPK15, SR1, AT5G49780, MUA2.19, LECRK22, LECRK17, LECRK110, PUB52, PUB50, MAPKKK19
p:stearoyl acp	phrase	stearoyl acp	2	367	6	21521	19.546775658492276	0.00415737982403752	AT2G43710, AT5G16230	True	0.033298729411645425	significant	True	stearoyl acp	stearoyl acp	stearoyl acyl, acp desaturase, oleoyl acp, stearoyl, introduction	SSI2, S-ACP-DES3
p:convert stearoyl	phrase	convert stearoyl	2	367	6	21521	19.546775658492276	0.00415737982403752	AT2G43710, AT5G16230	True	0.033298729411645425	significant	False	convert	convert stearoyl		SSI2, S-ACP-DES3
p:stearoyl acyl	phrase	stearoyl acyl	2	367	6	21521	19.546775658492276	0.00415737982403752	AT2G43710, AT5G16230	True	0.033298729411645425	significant	False	stearoyl acp	stearoyl acyl		SSI2, S-ACP-DES3
p:acp desaturase	phrase	acp desaturase	2	367	6	21521	19.546775658492276	0.00415737982403752	AT2G43710, AT5G16230	True	0.033298729411645425	significant	False	stearoyl acp	acp desaturase		SSI2, S-ACP-DES3
w:cycloheximide	word	cycloheximide	2	367	6	21521	19.546775658492276	0.00415737982403752	AT1G08650, AT3G04530	True	0.033298729411645425	significant	True	cycloheximide	cycloheximide		PPCK1, PPCK2
w:threonine	word	threonine	30	367	1050	21521	1.6754379135850526	0.004158921011150456	AT1G01130, AT1G01140, AT1G03445, AT1G08630, AT1G08650, AT1G20930, AT1G51805, AT1G70250, AT2G25220, AT2G30040, AT3G04530, AT3G05640, AT3G08720, AT3G47090, AT3G63260, AT4G04710, AT4G13000, AT4G14580, AT4G18700, AT4G26720, AT4G33950, AT5G01810, AT5G01820, AT5G10740, AT5G49780, AT5G57610, AT5G59270, AT5G60270, AT5G60310, AT5G67080	True	0.033298729411645425	significant	False	Serine/threonine-protein kinase	threonine		AT1G01130, CIPK9, BSU1, THA1, PPCK1, CDKB2;2, SIF3, LTPG32, AT2G25220, MAPKKK14, PPCK2, AT3G05640, S6K2, AT3G47090, ATMRK1, CPK22, AT4G13000, CIPK4, CIPK12, PPX1, OST1, CIPK15, SR1, AT5G10740, AT5G49780, MUA2.19, LECRK22, LECRK17, LECRK110, MAPKKK19
w:kinase	word	kinase	42	367	1617	21521	1.5231253759864114	0.004257199784280873	AT1G01130, AT1G01140, AT1G08180, AT1G08650, AT1G19200, AT1G20930, AT1G51805, AT1G70250, AT1G80940, AT2G25220, AT2G30040, AT2G47920, AT3G04530, AT3G05490, AT3G08720, AT3G27190, AT3G47090, AT3G61410, AT3G63260, AT4G04040, AT4G04710, AT4G13000, AT4G14580, AT4G18700, AT4G21470, AT4G25160, AT4G31240, AT4G33770, AT4G33950, AT5G01810, AT5G01820, AT5G49780, AT5G57610, AT5G59270, AT5G60270, AT5G60310, AT5G61550, AT5G61650, AT5G63680, AT5G65500, AT5G67080, AT5G67440	True	0.033862824427907334	significant	False	Serine/threonine-protein kinase	kinase		AT1G01130, CIPK9, SMR2, PPCK1, FLZ12, CDKB2;2, SIF3, LTPG32, AT1G80940, AT2G25220, MAPKKK14, NET3C, PPCK2, RALFL22, S6K2, UKL2, AT3G47090, AT3G61410, ATMRK1, MEE51, CPK22, AT4G13000, CIPK4, CIPK12, FMN/FHY, PUB35, AT4G31240, ITPK2, OST1, CIPK15, SR1, AT5G49780, MUA2.19, LECRK22, LECRK17, LECRK110, PUB52, CYCP4;2, MBK5.16, PUB50, MAPKKK19, NPY3
p:udp glucose	phrase	udp glucose	5	367	63	21521	4.653994204402924	0.004390782466884281	AT1G32900, AT3G14790, AT3G56040, AT4G10120, AT4G33030	True	0.034698586118169936	significant	False	glucose	udp glucose		GBSS1, RHM3, UGP3, ATSPS4F, SQD1
k:Transferase	keyword	Transferase	69	367	2977	21521	1.359147652437992	0.00455421046795719	AT1G01140, AT1G08650, AT1G09240, AT1G10060, AT1G20930, AT1G22410, AT1G32900, AT1G50110, AT1G51805, AT1G56600, AT1G69770, AT1G70250, AT1G76410, AT2G11810, AT2G19880, AT2G25220, AT2G26130, AT2G26640, AT2G30040, AT2G32260, AT2G33770, AT2G36970, AT3G02100, AT3G02250, AT3G02980, AT3G04530, AT3G08720, AT3G11670, AT3G13110, AT3G13430, AT3G27190, AT3G44830, AT3G46970, AT3G47090, AT3G56040, AT3G61410, AT3G63260, AT4G00550, AT4G04040, AT4G04710, AT4G07960, AT4G10120, AT4G13000, AT4G14580, AT4G18700, AT4G21470, AT4G25160, AT4G30270, AT4G31780, AT4G33770, AT4G33950, AT5G01220, AT5G01810, AT5G01820, AT5G05870, AT5G17240, AT5G19220, AT5G20410, AT5G39720, AT5G49160, AT5G49780, AT5G57610, AT5G59270, AT5G60270, AT5G60310, AT5G61550, AT5G63680, AT5G65500, AT5G67080	True	0.03575789767421871	significant	True	Transferase	Transferase		CIPK9, PPCK1, NAS3, BCAT-1, CDKB2;2, AT1G22410, GBSS1, BCAT6, SIF3, GolS2, CMT3, LTPG32, ATL8, MGDC, GCS, AT2G25220, RSL1, KCS11, MAPKKK14, CCT1, PHO2, UGT86A1, UGT83A1, RRT2, MCC1, PPCK2, S6K2, DGD1, SERAT2;2, BTL07, UKL2, PDAT2, PHS2, AT3G47090, UGP3, AT3G61410, ATMRK1, DGD2, MEE51, CPK22, CSLC12, ATSPS4F, AT4G13000, CIPK4, CIPK12, FMN/FHY, PUB35, XTH24, MGD1, ITPK2, OST1, SQD2, CIPK15, SR1, UGT76C1, SDG40, APL1, MGD2, AIG2L, MET1, AT5G49780, MUA2.19, LECRK22, LECRK17, LECRK110, PUB52, MBK5.16, PUB50, MAPKKK19
w:lipid	word	lipid	22	367	701	21521	1.840352629758189	0.0046878125408802715	AT1G23140, AT1G74210, AT2G11810, AT2G31690, AT2G42690, AT2G43710, AT3G02040, AT3G03260, AT3G03310, AT3G04360, AT3G05630, AT3G09560, AT3G11670, AT3G44830, AT4G28610, AT4G33770, AT5G01220, AT5G08030, AT5G20410, AT5G37710, AT5G41080, AT5G44240	True	0.03641439685728841	significant	True	lipid	lipid		CAR8, GDPD5, MGDC, DALL5, AT2G42690, SSI2, SRG3, HDG8, LCAT3, AT3G04360, PLDP2, PAH1, DGD1, PDAT2, PHR1, ITPK2, SQD2, GDPD6, MGD2, AT5G37710, GDPD2, ALA2
w:phospho	word	phospho	5	367	64	21521	4.581275544959128	0.004697666644695382	AT1G22410, AT2G46860, AT3G27190, AT3G53620, AT4G01480	True	0.03641439685728841	significant	False	pyrophosphate phospho	phospho		AT1G22410, PPa3, UKL2, PPa4, PPa5
k:Metal-binding	keyword	Metal-binding	75	367	3296	21521	1.3343521004735326	0.004834913099047186	AT1G01190, AT1G03020, AT1G03445, AT1G06830, AT1G09780, AT1G13750, AT1G17710, AT1G19200, AT1G22990, AT1G23140, AT1G33720, AT1G49900, AT1G52790, AT1G52800, AT1G52940, AT1G56600, AT1G58300, AT1G71695, AT1G73010, AT1G76410, AT2G16430, AT2G20800, AT2G26130, AT2G27190, AT2G29090, AT2G30540, AT2G38740, AT2G40710, AT2G43710, AT2G44370, AT2G46860, AT2G46880, AT3G02870, AT3G05640, AT3G09560, AT3G11230, AT3G13430, AT3G13810, AT3G17790, AT3G52720, AT3G53620, AT3G60290, AT3G61880, AT4G01480, AT4G04040, AT4G04710, AT4G04955, AT4G12980, AT4G13700, AT4G14770, AT4G15680, AT4G15690, AT4G21470, AT4G24890, AT4G26010, AT4G26720, AT4G32690, AT4G33770, AT4G34350, AT5G04340, AT5G07500, AT5G10740, AT5G16230, AT5G17060, AT5G18550, AT5G19430, AT5G20320, AT5G20400, AT5G39760, AT5G44240, AT5G47240, AT5G51050, AT5G62430, AT5G63680, AT5G64000	True	0.037241071148990036	significant	True	Metal-binding	Metal-binding		CYP78A8, GRXS1, BSU1, GRXS11, iPGAM1, PAP1, PEPC1, FLZ12, HIPP22, CAR8, CYP76C6, AT1G49900, AT1G52790, AT1G52800, PAP5, GolS2, HO4, PER12, PS2, ATL8, PAP10, NDB4, RSL1, PAP12, CYP707A2, GRXS9, SGPP, AT2G40710, SSI2, AT2G44370, PPa3, PAP14, VTC4, AT3G05640, PAH1, AT3G11230, BTL07, IDD11, PAP17, ACA1, PPa4, AT3G60290, CYP78A9, PPa5, MEE51, CPK22, ALN, AT4G12980, PAP23, TCX2, GRXS4, GRXS5, FMN/FHY, PAP24, PER44, PPX1, GLB3, ITPK2, HDR, ZAT6, PEI1, AT5G10740, S-ACP-DES3, ARFB1B, AT5G18550, C3HC4, DCL4, AT5G20400, HB23, ALA2, NUDT8, APC2, CDF1, MBK5.16, SAL2
k:Kinase	keyword	Kinase	32	367	1155	21521	1.6246670677188388	0.0049097289185648756	AT1G01140, AT1G08650, AT1G20930, AT1G51805, AT1G70250, AT2G25220, AT2G30040, AT3G04530, AT3G08720, AT3G27190, AT3G47090, AT3G61410, AT3G63260, AT4G04040, AT4G04710, AT4G13000, AT4G14580, AT4G18700, AT4G21470, AT4G25160, AT4G33770, AT4G33950, AT5G01810, AT5G01820, AT5G49780, AT5G57610, AT5G59270, AT5G60270, AT5G60310, AT5G61550, AT5G63680, AT5G67080	True	0.037579497445870774	significant	False	Serine/threonine-protein kinase	Kinase		CIPK9, PPCK1, CDKB2;2, SIF3, LTPG32, AT2G25220, MAPKKK14, PPCK2, S6K2, UKL2, AT3G47090, AT3G61410, ATMRK1, MEE51, CPK22, AT4G13000, CIPK4, CIPK12, FMN/FHY, PUB35, ITPK2, OST1, CIPK15, SR1, AT5G49780, MUA2.19, LECRK22, LECRK17, LECRK110, PUB52, MBK5.16, MAPKKK19
w:soluble	word	soluble	5	367	65	21521	4.510794382728988	0.0050194871778385716	AT2G46860, AT3G47070, AT3G53620, AT4G01480, AT4G03960	True	0.038179474346434636	significant	True	soluble	soluble		PPa3, AT3G47070, PPa4, PPa5, PFA-DSP4
p:oxidant detoxification	phrase	oxidant detoxification	7	367	123	21521	3.3372543807181945	0.005199024364901411	AT1G60740, AT1G71695, AT2G48150, AT3G17790, AT4G26010, AT4G31240, AT5G24660	True	0.039299457466366566	significant	True	oxidant detoxification	oxidant detoxification	oxidant	PRXIID, PER12, GPX4, PAP17, PER44, AT4G31240, LSU2
p:serine threonine	phrase	serine threonine	29	367	1023	21521	1.6623357598131265	0.005347277408014202	AT1G01130, AT1G01140, AT1G03445, AT1G08650, AT1G20930, AT1G51805, AT1G70250, AT2G25220, AT2G30040, AT3G04530, AT3G05640, AT3G08720, AT3G47090, AT3G63260, AT4G04710, AT4G13000, AT4G14580, AT4G18700, AT4G26720, AT4G33950, AT5G01810, AT5G01820, AT5G10740, AT5G49780, AT5G57610, AT5G59270, AT5G60270, AT5G60310, AT5G67080	True	0.04000170383808284	significant	False	Serine/threonine-protein kinase	serine threonine		AT1G01130, CIPK9, BSU1, PPCK1, CDKB2;2, SIF3, LTPG32, AT2G25220, MAPKKK14, PPCK2, AT3G05640, S6K2, AT3G47090, ATMRK1, CPK22, AT4G13000, CIPK4, CIPK12, PPX1, OST1, CIPK15, SR1, AT5G10740, AT5G49780, MUA2.19, LECRK22, LECRK17, LECRK110, MAPKKK19
w:calcium	word	calcium	18	367	538	21521	1.9619440252018274	0.005357664523917422	AT1G01140, AT1G08650, AT1G23140, AT2G16595, AT2G20800, AT3G04360, AT3G04530, AT3G05490, AT3G21620, AT4G04710, AT4G13420, AT4G14580, AT4G18700, AT4G33950, AT5G01810, AT5G01820, AT5G27100, AT5G51050	True	0.04000170383808284	significant	True	calcium	calcium		CIPK9, PPCK1, CAR8, AT2G16595, NDB4, AT3G04360, PPCK2, RALFL22, OSCA1.5, CPK22, HAK5, CIPK4, CIPK12, OST1, CIPK15, SR1, GLR2.1, APC2
w:ser	word	ser	27	367	935	21521	1.693357035655481	0.005593484780371188	AT1G01140, AT1G08650, AT1G20930, AT1G51805, AT1G70250, AT2G25220, AT2G30040, AT3G04530, AT3G08720, AT3G47090, AT3G63260, AT4G04710, AT4G13000, AT4G14580, AT4G18700, AT4G25160, AT4G33950, AT5G01810, AT5G01820, AT5G49780, AT5G57610, AT5G59270, AT5G60270, AT5G60310, AT5G61550, AT5G65500, AT5G67080	True	0.04150774986409595	significant	False	camk ser	ser		CIPK9, PPCK1, CDKB2;2, SIF3, LTPG32, AT2G25220, MAPKKK14, PPCK2, S6K2, AT3G47090, ATMRK1, CPK22, AT4G13000, CIPK4, CIPK12, PUB35, OST1, CIPK15, SR1, AT5G49780, MUA2.19, LECRK22, LECRK17, LECRK110, PUB52, PUB50, MAPKKK19
w:oxidant	word	oxidant	7	367	125	21521	3.2838583106267034	0.005671912179536373	AT1G60740, AT1G71695, AT2G48150, AT3G17790, AT4G26010, AT4G31240, AT5G24660	True	0.04183464922724707	significant	False	oxidant detoxification	oxidant		PRXIID, PER12, GPX4, PAP17, PER44, AT4G31240, LSU2
p:affinity electroneutral	phrase	affinity electroneutral	2	367	7	21521	16.754379135850527	0.005754885004158762	AT1G14660, AT3G06370	True	0.04219093403651333	significant	False	affinity	affinity electroneutral		NHX8, NHX4
w:extent	word	extent	5	367	68	21521	4.311788748196826	0.006078362175348021	AT3G02870, AT3G23870, AT3G56700, AT4G13800, AT5G51050	True	0.044295609385620015	significant	True	extent	extent		VTC4, AT3G23870, FAR6, AT4G13800, APC2
w:disulfide	word	disulfide	7	367	130	21521	3.1575560679102916	0.00699455311493204	AT1G03020, AT1G06830, AT1G76080, AT2G30540, AT4G15680, AT4G15690, AT4G31240	True	0.05066887583852556	trend	False	thiol disulfide	disulfide		GRXS1, GRXS11, CDSP32, GRXS9, GRXS4, GRXS5, AT4G31240
w:operate	word	operate	4	367	45	21521	5.212473508931275	0.007147185605494795	AT2G11810, AT4G23700, AT4G31780, AT5G20410	True	0.05146819456737968	trend	False	prokaryotic	operate		MGDC, CHX17, MGD1, MGD2
p:chromosomal cpg	phrase	chromosomal cpg	2	367	8	21521	14.66008174386921	0.00758702112777353	AT5G20320, AT5G49160	True	0.05160276986045403	trend	True	chromosomal cpg	chromosomal cpg	island methylation	DCL4, MET1
p:island methylation	phrase	island methylation	2	367	8	21521	14.66008174386921	0.00758702112777353	AT5G20320, AT5G49160	True	0.05160276986045403	trend	False	chromosomal cpg	island methylation		DCL4, MET1
p:oleoyl acp	phrase	oleoyl acp	2	367	8	21521	14.66008174386921	0.00758702112777353	AT2G43710, AT5G16230	True	0.05160276986045403	trend	False	stearoyl acp	oleoyl acp		SSI2, S-ACP-DES3
w:nipa	word	nipa	2	367	8	21521	14.66008174386921	0.00758702112777353	AT3G23870, AT4G13800	True	0.05160276986045403	trend	True	nipa	nipa		AT3G23870, AT4G13800
w:bisphosphoglycerate	word	bisphosphoglycerate	2	367	8	21521	14.66008174386921	0.00758702112777353	AT1G09780, AT1G22170	True	0.05160276986045403	trend	False	phosphoglyceromutase	bisphosphoglycerate		iPGAM1, gpmA1
w:nhe	word	nhe	2	367	8	21521	14.66008174386921	0.00758702112777353	AT1G14660, AT3G06370	True	0.05160276986045403	trend	True	nhe	nhe	electroneutral exchange	NHX8, NHX4
p:electroneutral exchange	phrase	electroneutral exchange	2	367	8	21521	14.66008174386921	0.00758702112777353	AT1G14660, AT3G06370	True	0.05160276986045403	trend	False	nhe	electroneutral exchange		NHX8, NHX4
w:tetramerization	word	tetramerization	2	367	8	21521	14.66008174386921	0.00758702112777353	AT1G17710, AT1G73010	True	0.05160276986045403	trend	True	tetramerization	tetramerization		PEPC1, PS2
w:atbcat	word	atbcat	2	367	8	21521	14.66008174386921	0.00758702112777353	AT1G10060, AT1G50110	True	0.05160276986045403	trend	True	atbcat	atbcat		BCAT-1, BCAT6
w:chitinase	word	chitinase	3	367	24	21521	7.330040871934604	0.007632291351587284	AT3G12500, AT4G19770, AT4G19810	True	0.05160276986045403	trend	False	chitinase insertion	chitinase		HCHIB, AT4G19770, ChiC
w:phosphoenolpyruvate	word	phosphoenolpyruvate	3	367	24	21521	7.330040871934604	0.007632291351587284	AT1G08650, AT3G04530, AT3G14940	True	0.05160276986045403	trend	False	phosphoenolpyruvate carboxylase	phosphoenolpyruvate		PPCK1, PPCK2, PPC3
w:phosphatidylethanolamine	word	phosphatidylethanolamine	4	367	46	21521	5.099158867432769	0.007724681978253695	AT1G65480, AT3G03310, AT3G03540, AT5G44240	True	0.05193888379853451	trend	True	phosphatidylethanolamine	phosphatidylethanolamine		FT, LCAT3, NPC5, ALA2
k:Manganese	keyword	Manganese	13	367	355	21521	2.147392255439997	0.008304594143442836	AT1G01140, AT1G03445, AT1G09780, AT1G22410, AT1G56600, AT3G05640, AT4G14580, AT4G18700, AT4G26720, AT5G01810, AT5G01820, AT5G10740, AT5G47240	True	0.05553126962950512	trend	True	Manganese	Manganese		CIPK9, BSU1, iPGAM1, AT1G22410, GolS2, AT3G05640, CIPK4, CIPK12, PPX1, CIPK15, SR1, AT5G10740, NUDT8
w:alpha	word	alpha	24	367	828	21521	1.6997196224775892	0.008378448954048667	AT1G08310, AT1G32900, AT1G56600, AT1G58300, AT2G03020, AT2G16595, AT2G31690, AT2G42690, AT2G44450, AT3G02870, AT3G11670, AT3G27190, AT3G44510, AT3G46970, AT3G52720, AT3G56040, AT4G00500, AT4G00550, AT4G34310, AT5G01220, AT5G18630, AT5G19220, AT5G37710, AT5G47740	True	0.055718974738126925	trend	True	alpha	alpha		AT1G08310, GBSS1, GolS2, HO4, AT2G03020, AT2G16595, DALL5, AT2G42690, BGLU15, VTC4, DGD1, UKL2, AT3G44510, PHS2, ACA1, UGP3, AT4G00500, DGD2, AT4G34310, SQD2, AT5G18630, APL1, AT5G37710, MCA23.6
p:nitrogen starvation	phrase	nitrogen starvation	3	367	25	21521	7.03683923705722	0.008564976687913407	AT1G06830, AT3G05630, AT4G04955	True	0.05634365745508441	trend	True	nitrogen starvation	nitrogen starvation		GRXS11, PLDP2, ALN
p:phosphoglycerate mutase	phrase	phosphoglycerate mutase	3	367	25	21521	7.03683923705722	0.008564976687913407	AT1G09780, AT1G22170, AT2G17280	True	0.05634365745508441	trend	True	phosphoglycerate mutase	phosphoglycerate mutase		iPGAM1, gpmA1, PGM
w:glycerol	word	glycerol	5	367	74	21521	3.9621842550997863	0.008649826730411066	AT2G38740, AT3G02870, AT3G05630, AT3G47420, AT3G53620	True	0.05659590930596919	trend	True	glycerol	glycerol		SGPP, VTC4, PLDP2, G3Pp1, PPa4
w:transport	word	transport	50	367	2086	21521	1.4055687194505477	0.008704882486740563	AT1G01140, AT1G05760, AT1G09240, AT1G10010, AT1G14660, AT1G20730, AT1G20860, AT1G22150, AT1G22990, AT1G48370, AT1G66760, AT1G68740, AT1G76430, AT2G33770, AT2G35060, AT2G38940, AT2G40900, AT3G02050, AT3G05630, AT3G06370, AT3G09560, AT3G11670, AT3G20660, AT3G21620, AT3G23870, AT3G24290, AT3G28360, AT3G47420, AT3G52190, AT3G52310, AT3G60160, AT4G01470, AT4G02050, AT4G13420, AT4G13800, AT4G19960, AT4G23700, AT4G28610, AT4G31780, AT4G32690, AT5G09470, AT5G14880, AT5G27100, AT5G43340, AT5G44240, AT5G50790, AT5G51050, AT5G55930, AT5G62730, AT5G67440	True	0.056651561424402495	trend	False	transporter	transport		CIPK9, RTM1, NAS3, AAP8, NHX8, AT1G20730, PHT1;8, SULTR1;3, HIPP22, YSL8, DTX9, PHO1;H1, PHT1;9, PHO2, KUP11, PHT1;4, UMAMIT11, KUP3, PLDP2, NHX4, PAH1, DGD1, OCT4, OSCA1.5, AT3G23870, AMT1;5, ABCB16, G3Pp1, PHF1, ABCG27, ABCC9, TIP1;3, STP7, HAK5, AT4G13800, KUP9, CHX17, PHR1, MGD1, GLB3, DIC3, POT8, GLR2.1, PHT1;6, ALA2, SWEET10, APC2, OPT1, NPF4.7, NPY3
k:Ion transport	keyword	Ion transport	13	367	360	21521	2.1175673630033307	0.009269219358688689	AT1G14660, AT2G35060, AT3G02050, AT3G06370, AT3G20660, AT3G21620, AT3G23870, AT4G13420, AT4G13800, AT4G19960, AT4G23700, AT5G14880, AT5G27100	True	0.06000340404002199	trend	False	transporter	Ion transport		NHX8, KUP11, KUP3, NHX4, OCT4, OSCA1.5, AT3G23870, HAK5, AT4G13800, KUP9, CHX17, POT8, GLR2.1
w:metal	word	metal	14	367	401	21521	2.047293211113905	0.00936204025124293	AT1G09780, AT1G13750, AT1G22990, AT1G31480, AT1G48370, AT1G52940, AT2G16430, AT2G27190, AT4G13700, AT4G24890, AT4G34350, AT5G07500, AT5G18550, AT5G51050	True	0.060283613681283835	trend	True	metal	metal ion		iPGAM1, PAP1, HIPP22, SGR2, YSL8, PAP5, PAP10, PAP12, PAP23, PAP24, HDR, PEI1, AT5G18550, APC2
w:sufficient	word	sufficient	3	367	26	21521	6.766191574093481	0.009561598229597785	AT2G11810, AT2G33770, AT5G20410	True	0.06046004496940935	trend	True	sufficient	sufficient		MGDC, PHO2, MGD2
w:atformin	word	atformin	2	367	9	21521	13.031183772328186	0.00964536537103934	AT4G15190, AT4G15200	True	0.06046004496940935	trend	True	atformin	atformin		FH3, FH3
w:stearoyl	word	stearoyl	2	367	9	21521	13.031183772328186	0.00964536537103934	AT2G43710, AT5G16230	True	0.06046004496940935	trend	False	stearoyl acp	stearoyl		SSI2, S-ACP-DES3
w:introduction	word	introduction	2	367	9	21521	13.031183772328186	0.00964536537103934	AT2G43710, AT5G16230	True	0.06046004496940935	trend	False	stearoyl acp	introduction		SSI2, S-ACP-DES3
w:crystallin	word	crystallin	2	367	9	21521	13.031183772328186	0.00964536537103934	AT2G03020, AT5G61510	True	0.06046004496940935	trend	True	crystallin	crystallin		AT2G03020, AT5G61510
w:compound	word	compound	15	367	444	21521	1.9810921275498932	0.009687517476610372	AT1G02310, AT1G55120, AT1G56600, AT1G66390, AT1G66760, AT2G02990, AT2G44450, AT2G44460, AT2G46860, AT3G21230, AT3G53620, AT4G01480, AT4G19770, AT4G30270, AT5G64000	True	0.06046004496940935	trend	True	compound	compound		MAN1, FRUCT5, GolS2, MYB90, DTX9, RNS1, BGLU15, BGLU28, PPa3, 4CL5, PPa4, PPa5, AT4G19770, XTH24, SAL2
w:glycosyltransferase	word	glycosyltransferase	15	367	445	21521	1.9766402351284327	0.00987501283326088	AT1G32900, AT1G56600, AT2G11810, AT2G19880, AT2G36970, AT3G02100, AT3G02250, AT3G11670, AT4G00550, AT4G07960, AT4G10120, AT4G31780, AT5G01220, AT5G05870, AT5G20410	True	0.06131576845958414	trend	False	udp glycosyltransferase	glycosyltransferase		GBSS1, GolS2, MGDC, GCS, UGT86A1, UGT83A1, RRT2, DGD1, DGD2, CSLC12, ATSPS4F, MGD1, SQD2, UGT76C1, MGD2
w:lower	word	lower	5	367	77	21521	3.807813439966029	0.010181723096759614	AT1G14660, AT2G38740, AT3G06370, AT3G56040, AT3G56700	True	0.06289927415612412		False		lower		NHX8, SGPP, NHX4, UGP3, FAR6
k:Hypersensitive response	keyword	Hypersensitive response	4	367	50	21521	4.6912261580381465	0.010338999014147142	AT1G22070, AT3G12500, AT4G02640, AT4G38740	True	0.06354829192028824		False		Hypersensitive response		TGA3, HCHIB, BZO2H1, ROC1
p:metal ion	phrase	metal ion	12	367	326	21521	2.158539643269086	0.010570825814702959	AT1G09780, AT1G13750, AT1G22990, AT1G31480, AT1G52940, AT2G16430, AT2G27190, AT4G13700, AT4G24890, AT4G34350, AT5G07500, AT5G18550	True	0.06464088315924953		False		metal ion		iPGAM1, PAP1, HIPP22, SGR2, PAP5, PAP10, PAP12, PAP23, PAP24, HDR, PEI1, AT5G18550
p:reproductive structure	phrase	reproductive structure	3	367	27	21521	6.515591886164093	0.010622988193796144	AT1G01190, AT3G61880, AT5G20320	True	0.06464088315924953		False		reproductive structure		CYP78A8, CYP78A9, DCL4
k:Glycoprotein	keyword	Glycoprotein	48	367	2012	21521	1.3989740033910973	0.010974220547713215	AT1G02310, AT1G13750, AT1G14660, AT1G47890, AT1G52940, AT1G55120, AT1G58190, AT1G62710, AT1G70250, AT1G71695, AT1G74210, AT2G04160, AT2G16430, AT2G27190, AT2G32660, AT2G35060, AT2G44450, AT2G44460, AT2G46880, AT3G02250, AT3G06370, AT3G11210, AT3G11650, AT3G11660, AT3G17790, AT3G28360, AT3G47090, AT3G52720, AT4G13420, AT4G13700, AT4G13900, AT4G15980, AT4G17030, AT4G19810, AT4G22010, AT4G24890, AT4G25150, AT4G30270, AT4G34980, AT5G06870, AT5G08030, AT5G14880, AT5G23210, AT5G27100, AT5G49780, AT5G59270, AT5G60270, AT5G60310	True	0.06644590252023375		False		Glycoprotein		MAN1, PAP1, NHX8, RLP7, PAP5, FRUCT5, RLP9, BETA-VPE, LTPG32, PER12, GDPD5, AIR3, PAP10, PAP12, RLP22, KUP11, BGLU15, BGLU28, PAP14, RRT2, NHX4, CPRD49, NHL2, NHL1, PAP17, ABCB16, AT3G47090, ACA1, HAK5, PAP23, RLP49, PME43, EXLB1, ChiC, sks4, PAP24, AT4G25150, XTH24, SLP2, PGIP2, GDPD6, POT8, SCPL34, GLR2.1, AT5G49780, LECRK22, LECRK17, LECRK110
w:oxidative	word	oxidative	15	367	451	21521	1.9503434692508925	0.01106101421817523	AT1G56600, AT1G60740, AT1G71695, AT1G76080, AT2G26660, AT2G29090, AT2G45130, AT2G48150, AT4G02640, AT4G26010, AT5G01820, AT5G07460, AT5G09470, AT5G59080, AT5G61510	True	0.0666398727896993		False		oxidative		GolS2, PRXIID, PER12, CDSP32, SPX2, CYP707A2, SPX3, GPX4, BZO2H1, PER44, SR1, PMSR2, DIC3, AT5G59080, AT5G61510
w:carbon	word	carbon	9	367	213	21521	2.4777602947384585	0.01115646588606052	AT1G09780, AT1G58300, AT2G43710, AT3G14940, AT3G52720, AT4G04955, AT4G10120, AT4G33950, AT5G16230	True	0.06688383735633327		False		carbon		iPGAM1, HO4, SSI2, PPC3, ACA1, ALN, ATSPS4F, OST1, S-ACP-DES3
w:preference	word	preference	6	367	110	21521	3.1985632895714637	0.011476306141053704	AT1G65840, AT2G04160, AT2G11810, AT3G03310, AT4G31780, AT5G20410	True	0.06846404202775666		False		preference		PAO4, AIR3, MGDC, LCAT3, MGD1, MGD2
w:deoxy	word	deoxy	3	367	28	21521	6.282892175943947	0.011749876792427961	AT1G22410, AT2G38740, AT3G14790	True	0.06941973313386425		False		deoxy		AT1G22410, SGPP, RHM3
p:cpg island	phrase	cpg island	2	367	10	21521	11.728065395095367	0.011921712592422045	AT5G20320, AT5G49160	True	0.06941973313386425		False		cpg island		DCL4, MET1
p:uptake permease	phrase	uptake permease	2	367	10	21521	11.728065395095367	0.011921712592422045	AT2G35060, AT4G19960	True	0.06941973313386425		False		uptake permease		KUP11, KUP9
k:Chitin degradation	keyword	Chitin degradation	2	367	10	21521	11.728065395095367	0.011921712592422045	AT3G12500, AT4G19810	True	0.06941973313386425		False		Chitin degradation		HCHIB, ChiC
w:integrate	word	integrate	2	367	10	21521	11.728065395095367	0.011921712592422045	AT1G13300, AT3G25790	True	0.06941973313386425		False		integrate		HRS1, HHO1
k:Plastid outer membrane	keyword	Plastid outer membrane	4	367	53	21521	4.425685054752969	0.012634821871002086	AT2G11810, AT3G11670, AT4G00550, AT5G20410	True	0.07287477827966606		False		Plastid outer membrane		MGDC, DGD1, DGD2, MGD2
k:Glycolysis	keyword	Glycolysis	4	367	53	21521	4.425685054752969	0.012634821871002086	AT1G09780, AT1G22170, AT4G04040, AT5G63680	True	0.07287477827966606		False		Glycolysis		iPGAM1, gpmA1, MEE51, MBK5.16
w:position	word	position	8	367	183	21521	2.5635115617694795	0.013498878779228732	AT2G04160, AT2G31690, AT2G42690, AT3G02870, AT3G03310, AT3G14790, AT4G03960, AT5G16230	True	0.07749120506755362		False		position		AIR3, DALL5, AT2G42690, VTC4, LCAT3, RHM3, PFA-DSP4, S-ACP-DES3
w:cation	word	cation	12	367	339	21521	2.075763786742543	0.01403415412691914	AT1G14660, AT1G75830, AT3G06370, AT3G20660, AT3G21620, AT3G23870, AT4G13800, AT4G23700, AT5G10740, AT5G27100, AT5G44240, AT5G51050	True	0.07875197310364146		False		cation		NHX8, LCR67, NHX4, OCT4, OSCA1.5, AT3G23870, AT4G13800, CHX17, AT5G10740, GLR2.1, ALA2, APC2
w:hexosyltransferase	word	hexosyltransferase	3	367	30	21521	5.8640326975476835	0.014202585450671655	AT2G11810, AT4G31780, AT5G20410	True	0.07875197310364146		False		hexosyltransferase		MGDC, MGD1, MGD2
p:vesicle budding	phrase	vesicle budding	3	367	30	21521	5.8640326975476835	0.014202585450671655	AT1G33340, AT4G40080, AT5G17060	True	0.07875197310364146		False		vesicle budding		AT1G33340, AT4G40080, ARFB1B
w:dicarboxylic	word	dicarboxylic	2	367	11	21521	10.66187763190488	0.014408070390931263	AT3G14940, AT5G09470	True	0.07875197310364146		False		dicarboxylic		PPC3, DIC3
w:island	word	island	2	367	11	21521	10.66187763190488	0.014408070390931263	AT5G20320, AT5G49160	True	0.07875197310364146		False		island		DCL4, MET1
p:inositol monophosphatase	phrase	inositol monophosphatase	2	367	11	21521	10.66187763190488	0.014408070390931263	AT3G02870, AT5G64000	True	0.07875197310364146		False		inositol monophosphatase		VTC4, SAL2
w:head	word	head	2	367	11	21521	10.66187763190488	0.014408070390931263	AT3G56040, AT4G33030	True	0.07875197310364146		False		head		UGP3, SQD1
w:endochitinase	word	endochitinase	2	367	11	21521	10.66187763190488	0.014408070390931263	AT3G12500, AT4G19810	True	0.07875197310364146		False		endochitinase		HCHIB, ChiC
w:abre	word	abre	2	367	11	21521	10.66187763190488	0.014408070390931263	AT2G41070, AT4G02640	True	0.07875197310364146		False		abre		EEL, BZO2H1
w:phosphocholine	word	phosphocholine	2	367	11	21521	10.66187763190488	0.014408070390931263	AT1G17710, AT2G32260	True	0.07875197310364146		False		phosphocholine		PEPC1, CCT1
w:serine	word	serine	35	367	1395	21521	1.4712626839725371	0.014430312244956486	AT1G01130, AT1G01140, AT1G03445, AT1G08650, AT1G20930, AT1G51805, AT1G70250, AT2G04160, AT2G25220, AT2G30040, AT3G04530, AT3G05640, AT3G08720, AT3G13110, AT3G47090, AT3G63260, AT4G04710, AT4G13000, AT4G14580, AT4G18700, AT4G25160, AT4G26720, AT4G33950, AT4G34980, AT5G01810, AT5G01820, AT5G10740, AT5G23210, AT5G49780, AT5G57610, AT5G59270, AT5G60270, AT5G60310, AT5G61550, AT5G67080	True	0.07875197310364146		False		serine		AT1G01130, CIPK9, BSU1, PPCK1, CDKB2;2, SIF3, LTPG32, AIR3, AT2G25220, MAPKKK14, PPCK2, AT3G05640, S6K2, SERAT2;2, AT3G47090, ATMRK1, CPK22, AT4G13000, CIPK4, CIPK12, PUB35, PPX1, OST1, SLP2, CIPK15, SR1, AT5G10740, SCPL34, AT5G49780, MUA2.19, LECRK22, LECRK17, LECRK110, PUB52, MAPKKK19
w:high	word	high	13	367	386	21521	1.9749332919202045	0.015778661577685746	AT1G20860, AT1G22150, AT1G55480, AT1G76430, AT2G38940, AT2G42690, AT3G02050, AT3G08720, AT3G20660, AT4G13420, AT4G28610, AT4G33950, AT5G43340	True	0.08572603187519444		False		high		PHT1;8, SULTR1;3, ZKT, PHT1;9, PHT1;4, AT2G42690, KUP3, S6K2, OCT4, HAK5, PHR1, OST1, PHT1;6
w:hydrolyze	word	hydrolyze	3	367	32	21521	5.497530653950953	0.016923680125689813	AT3G03540, AT4G19810, AT5G64000	True	0.08929883367044072		False		hydrolyze		NPC5, ChiC, SAL2
w:monophosphatase	word	monophosphatase	2	367	12	21521	9.773387829246138	0.017096654268868274	AT3G02870, AT5G64000	True	0.08929883367044072		False		monophosphatase		VTC4, SAL2
p:enth anth	phrase	enth anth	2	367	12	21521	9.773387829246138	0.017096654268868274	AT1G33340, AT4G40080	True	0.08929883367044072		False		enth anth		AT1G33340, AT4G40080
p:anth vhs	phrase	anth vhs	2	367	12	21521	9.773387829246138	0.017096654268868274	AT1G33340, AT4G40080	True	0.08929883367044072		False		anth vhs		AT1G33340, AT4G40080
w:anth	word	anth	2	367	12	21521	9.773387829246138	0.017096654268868274	AT1G33340, AT4G40080	True	0.08929883367044072		False		anth		AT1G33340, AT4G40080
w:abundance	word	abundance	2	367	12	21521	9.773387829246138	0.017096654268868274	AT2G33770, AT4G38740	True	0.08929883367044072		False		abundance		PHO2, ROC1
w:phosphotyrosine	word	phosphotyrosine	2	367	12	21521	9.773387829246138	0.017096654268868274	AT4G03960, AT4G13700	True	0.08929883367044072		False		phosphotyrosine		PFA-DSP4, PAP23
w:nicotianamine	word	nicotianamine	2	367	12	21521	9.773387829246138	0.017096654268868274	AT1G09240, AT1G48370	True	0.08929883367044072		False		nicotianamine		NAS3, YSL8
p:hybrid ribonuclease	phrase	hybrid ribonuclease	2	367	12	21521	9.773387829246138	0.017096654268868274	AT1G10000, AT2G26130	True	0.08929883367044072		False		hybrid ribonuclease		AT1G10000, RSL1
w:nutrient	word	nutrient	4	367	59	21521	3.975615388167921	0.018144508280077434	AT1G13300, AT2G11810, AT3G25790, AT5G20410	True	0.09436695118313776		False		nutrient		HRS1, MGDC, HHO1, MGD2
w:extracellular	word	extracellular	43	367	1822	21521	1.3839374642950077	0.01863654251002745	AT1G02310, AT1G09780, AT1G13750, AT1G47890, AT1G52940, AT1G55120, AT1G58190, AT1G71695, AT1G75830, AT2G02990, AT2G04160, AT2G16430, AT2G22170, AT2G25220, AT2G27190, AT2G31690, AT2G40900, AT2G43535, AT2G44450, AT2G46880, AT3G04360, AT3G05490, AT3G11210, AT3G12500, AT3G17790, AT3G23870, AT4G13700, AT4G17030, AT4G18530, AT4G19770, AT4G19810, AT4G19960, AT4G24890, AT4G26010, AT4G30070, AT4G30270, AT4G33770, AT4G34980, AT5G06870, AT5G20790, AT5G23210, AT5G60270, AT5G62730	True	0.09651349887107834		False		extracellular		MAN1, iPGAM1, PAP1, RLP7, PAP5, FRUCT5, RLP9, PER12, LCR67, RNS1, AIR3, PAP10, PLAT2, AT2G25220, PAP12, DALL5, UMAMIT11, ATTI4, BGLU15, PAP14, AT3G04360, RALFL22, CPRD49, HCHIB, PAP17, AT3G23870, PAP23, EXLB1, AT4G18530, AT4G19770, ChiC, KUP9, PAP24, PER44, LCR59, XTH24, ITPK2, SLP2, PGIP2, AT5G20790, SCPL34, LECRK17, NPF4.7
w:unsaturated	word	unsaturated	4	367	60	21521	3.909355131698456	0.019186551388997844	AT2G43710, AT3G03310, AT4G33950, AT5G16230	True	0.0985233461620691		False		unsaturated		SSI2, LCAT3, OST1, S-ACP-DES3
k:Multifunctional enzyme	keyword	Multifunctional enzyme	4	367	60	21521	3.909355131698456	0.019186551388997844	AT3G14790, AT3G27190, AT4G21470, AT5G64000	True	0.0985233461620691		False		Multifunctional enzyme		RHM3, UKL2, FMN/FHY, SAL2
w:inositol	word	inositol	6	367	124	21521	2.83743517623275	0.019674606005127365	AT1G56600, AT3G02870, AT4G03960, AT4G33770, AT4G34590, AT5G64000	True	0.09884356701470509		False		inositol		GolS2, VTC4, PFA-DSP4, ITPK2, GBF6, SAL2
w:defl	word	defl	3	367	34	21521	5.174146497836191	0.019915737006159274	AT1G75830, AT2G43535, AT4G30070	True	0.09884356701470509		False		defl		LCR67, ATTI4, LCR59
w:grown	word	grown	2	367	13	21521	9.021588765457976	0.019979882896974076	AT2G11810, AT5G20410	True	0.09884356701470509		False		grown		MGDC, MGD2
w:inactivate	word	inactivate	2	367	13	21521	9.021588765457976	0.019979882896974076	AT1G03445, AT5G20320	True	0.09884356701470509		False		inactivate		BSU1, DCL4
w:cholesterol	word	cholesterol	2	367	13	21521	9.021588765457976	0.019979882896974076	AT3G03310, AT3G44830	True	0.09884356701470509		False		cholesterol		LCAT3, PDAT2
p:glucose pyrophosphorylase	phrase	glucose pyrophosphorylase	2	367	13	21521	9.021588765457976	0.019979882896974076	AT3G56040, AT5G19220	True	0.09884356701470509		False		glucose pyrophosphorylase		UGP3, APL1
p:confer broad	phrase	confer broad	2	367	13	21521	9.021588765457976	0.019979882896974076	AT1G75830, AT4G30070	True	0.09884356701470509		False		confer broad		LCR67, LCR59
p:spectrum resistance	phrase	spectrum resistance	2	367	13	21521	9.021588765457976	0.019979882896974076	AT1G75830, AT4G30070	True	0.09884356701470509		False		spectrum resistance		LCR67, LCR59
w:glycosidic	word	glycosidic	2	367	13	21521	9.021588765457976	0.019979882896974076	AT3G11670, AT4G00550	True	0.09884356701470509		False		glycosidic		DGD1, DGD2
k:Iron-sulfur	keyword	Iron-sulfur	6	367	125	21521	2.8147356948228883	0.020380624181207563	AT1G03020, AT1G06830, AT2G30540, AT4G15680, AT4G15690, AT4G34350	True	0.10041789323291338		False		Iron-sulfur		GRXS1, GRXS11, GRXS9, GRXS4, GRXS5, HDR
p:alpha beta	phrase	alpha beta	8	367	198	21521	2.3693061404233067	0.020671887963758778	AT1G08310, AT2G31690, AT2G42690, AT3G44510, AT4G00500, AT4G34310, AT5G18630, AT5G37710	True	0.10144228891892916		False		alpha beta		AT1G08310, DALL5, AT2G42690, AT3G44510, AT4G00500, AT4G34310, AT5G18630, AT5G37710
w:ctp	word	ctp	3	367	35	21521	5.026313740755157	0.021513832581158934	AT2G32260, AT3G27190, AT3G56040	True	0.10480141668865589		False		ctp		CCT1, UKL2, UGP3
w:fructose	word	fructose	5	367	93	21521	3.1527057513697225	0.02152863941837631	AT2G38740, AT3G02870, AT4G04040, AT4G10120, AT4G37220	True	0.10480141668865589		False		fructose		SGPP, VTC4, MEE51, ATSPS4F, AT4G37220
w:myb	word	myb	8	367	202	21521	2.3223891871475977	0.022970426887638562	AT1G13300, AT1G18710, AT1G25550, AT1G66390, AT1G68670, AT3G25790, AT4G28610, AT5G49330	True	0.11044214379939457		False		myb		HRS1, MYB47, HHO3, MYB90, HHO2, HHO1, PHR1, MYB111
w:raffinose	word	raffinose	2	367	14	21521	8.377189567925264	0.02305037347990651	AT1G56600, AT4G34590	True	0.11044214379939457		False		raffinose		GolS2, GBF6
w:electroneutral	word	electroneutral	2	367	14	21521	8.377189567925264	0.02305037347990651	AT1G14660, AT3G06370	True	0.11044214379939457		False		electroneutral		NHX8, NHX4
p:lower affinity	phrase	lower affinity	2	367	14	21521	8.377189567925264	0.02305037347990651	AT1G14660, AT3G06370	True	0.11044214379939457		False		lower affinity		NHX8, NHX4
w:broad	word	broad	4	367	64	21521	3.6650204359673024	0.02372054041784554	AT1G10010, AT1G75830, AT2G38740, AT4G30070	True	0.11320744191575696		False		broad		AAP8, LCR67, SGPP, LCR59
w:defensin	word	defensin	3	367	37	21521	4.754621106119743	0.024914426937377058	AT1G75830, AT2G43535, AT4G30070	True	0.11844084993276516		False		defensin		LCR67, ATTI4, LCR59
w:photosynthetic	word	photosynthetic	6	367	132	21521	2.66546940797622	0.02580795301546655	AT2G11810, AT3G11670, AT4G10120, AT4G31780, AT5G01220, AT5G20410	True	0.12078581357267816		False		photosynthetic		MGDC, DGD1, ATSPS4F, MGD1, SQD2, MGD2
p:methionine sulfoxide	phrase	methionine sulfoxide	2	367	15	21521	7.818710263396912	0.026300937220016196	AT1G76080, AT5G07460	True	0.12078581357267816		False		methionine sulfoxide		CDSP32, PMSR2
p:sulfoxide reductase	phrase	sulfoxide reductase	2	367	15	21521	7.818710263396912	0.026300937220016196	AT1G76080, AT5G07460	True	0.12078581357267816		False		sulfoxide reductase		CDSP32, PMSR2
w:sulfoxide	word	sulfoxide	2	367	15	21521	7.818710263396912	0.026300937220016196	AT1G76080, AT5G07460	True	0.12078581357267816		False		sulfoxide		CDSP32, PMSR2
w:tetrakisphosphate	word	tetrakisphosphate	2	367	15	21521	7.818710263396912	0.026300937220016196	AT4G03960, AT4G33770	True	0.12078581357267816		False		tetrakisphosphate		PFA-DSP4, ITPK2
p:weight cysteine	phrase	weight cysteine	2	367	15	21521	7.818710263396912	0.026300937220016196	AT1G75830, AT4G30070	True	0.12078581357267816		False		weight cysteine		LCR67, LCR59
w:antifungal	word	antifungal	2	367	15	21521	7.818710263396912	0.026300937220016196	AT1G75830, AT3G12500	True	0.12078581357267816		False		antifungal		LCR67, HCHIB
w:peroxiredoxin	word	peroxiredoxin	2	367	15	21521	7.818710263396912	0.026300937220016196	AT1G60740, AT1G76080	True	0.12078581357267816		False		peroxiredoxin		PRXIID, CDSP32
k:Cadmium	keyword	Cadmium	2	367	15	21521	7.818710263396912	0.026300937220016196	AT1G22410, AT1G22990	True	0.12078581357267816		False		Cadmium		AT1G22410, HIPP22
k:Pyruvate	keyword	Pyruvate	3	367	38	21521	4.629499498063961	0.026716828156563042	AT1G08650, AT3G04530, AT5G63680	True	0.12223451077645571		False		Pyruvate		PPCK1, PPCK2, MBK5.16
p:pyridoxal phosphate	phrase	pyridoxal phosphate	5	367	99	21521	2.9616326755291333	0.027310800932614662	AT1G10060, AT1G17710, AT1G50110, AT3G46970, AT4G26200	True	0.12355195702924002		False		pyridoxal phosphate		BCAT-1, PEPC1, BCAT6, PHS2, ACS7
w:isozyme	word	isozyme	5	367	99	21521	2.9616326755291333	0.027310800932614662	AT1G62710, AT1G71695, AT3G46970, AT4G26010, AT4G26720	True	0.12355195702924002		False		isozyme		BETA-VPE, PER12, PHS2, PER44, PPX1
p:primary root	phrase	primary root	4	367	67	21521	3.5009150433120504	0.027512391417357472	AT1G13300, AT3G25790, AT4G12980, AT5G04340	True	0.12355195702924002		False		primary root		HRS1, HHO1, AT4G12980, ZAT6
w:monophosphate	word	monophosphate	4	367	67	21521	3.5009150433120504	0.027512391417357472	AT2G28305, AT3G02870, AT3G27190, AT3G56040	True	0.12355195702924002		False		monophosphate		LOG1, VTC4, UKL2, UGP3
w:sodium	word	sodium	4	367	67	21521	3.5009150433120504	0.027512391417357472	AT1G14660, AT2G43535, AT3G06370, AT4G13420	True	0.12355195702924002		False		sodium		NHX8, ATTI4, NHX4, HAK5
w:virus	word	virus	6	367	135	21521	2.606236754465637	0.0284022104215625	AT1G05760, AT1G22070, AT2G43710, AT3G11650, AT3G11660, AT5G20320	True	0.12605265753337563		False		virus		RTM1, TGA3, SSI2, NHL2, NHL1, DCL4
w:concanavalin	word	concanavalin	3	367	39	21521	4.510794382728988	0.028587126934438517	AT5G59270, AT5G60270, AT5G60310	True	0.12605265753337563		False		concanavalin		LECRK22, LECRK17, LECRK110
w:phosphorus	word	phosphorus	3	367	39	21521	4.510794382728988	0.028587126934438517	AT3G05630, AT3G56040, AT4G28610	True	0.12605265753337563		False		phosphorus		PLDP2, UGP3, PHR1
w:triacylglycerol	word	triacylglycerol	3	367	39	21521	4.510794382728988	0.028587126934438517	AT2G31690, AT2G42690, AT4G28610	True	0.12605265753337563		False		triacylglycerol		DALL5, AT2G42690, PHR1
p:monovalent cation	phrase	monovalent cation	3	367	39	21521	4.510794382728988	0.028587126934438517	AT1G14660, AT3G06370, AT4G23700	True	0.12605265753337563		False		monovalent cation		NHX8, NHX4, CHX17
w:induce	word	induce	4	367	68	21521	3.4494309985574607	0.028852018244983086	AT1G22070, AT1G65480, AT4G38740, AT5G13820	True	0.12630541800051948		False		induce		TGA3, FT, ROC1, TBP1
w:bzip	word	bzip	4	367	68	21521	3.4494309985574607	0.028852018244983086	AT1G22070, AT2G41070, AT4G02640, AT4G34590	True	0.12630541800051948		False		bzip		TGA3, EEL, BZO2H1, GBF6
w:synthase	word	synthase	19	367	692	21521	1.6100667811185838	0.02910611787242816	AT1G09240, AT1G22410, AT1G32900, AT1G56600, AT2G11810, AT2G26640, AT3G11670, AT3G14790, AT3G21230, AT4G00550, AT4G07960, AT4G10120, AT4G26200, AT4G31780, AT4G33030, AT4G34350, AT5G01220, AT5G19220, AT5G20410	True	0.12696109480553788		False		synthase		NAS3, AT1G22410, GBSS1, GolS2, MGDC, KCS11, DGD1, RHM3, 4CL5, DGD2, CSLC12, ATSPS4F, ACS7, MGD1, SQD1, HDR, SQD2, APL1, MGD2
w:strain	word	strain	2	367	16	21521	7.330040871934605	0.029724574877430344	AT4G03960, AT4G33950	True	0.12919574152083116		False		strain		PFA-DSP4, OST1
k:Vacuole	keyword	Vacuole	9	367	254	21521	2.0778068613357936	0.030830032777690426	AT1G31480, AT1G62710, AT1G71695, AT1G74210, AT2G26130, AT3G06370, AT3G12500, AT3G20660, AT4G01470	True	0.1335236650905667		False		Vacuole		SGR2, BETA-VPE, PER12, GDPD5, RSL1, NHX4, HCHIB, OCT4, TIP1;3
w:agc	word	agc	3	367	41	21521	4.2907556323519636	0.03253054212766183	AT3G08720, AT4G13000, AT5G67440	True	0.1403888998913633		False		agc		S6K2, AT4G13000, NPY3
w:rhamnose	word	rhamnose	2	367	17	21521	6.898861997114921	0.033314472424493105	AT3G02250, AT3G14790	True	0.14275955260777504		False		rhamnose		RRT2, RHM3
p:aliphatic glucosinolate	phrase	aliphatic glucosinolate	2	367	17	21521	6.898861997114921	0.033314472424493105	AT1G52790, AT1G52800	True	0.14275955260777504		False		aliphatic glucosinolate		AT1G52790, AT1G52800
k:Secreted	keyword	Secreted	25	367	992	21521	1.4778308209545576	0.033954706936061	AT1G02310, AT1G13750, AT1G52940, AT1G55120, AT1G71695, AT1G74210, AT1G75830, AT2G04160, AT2G16430, AT2G27190, AT2G43535, AT2G44450, AT2G46880, AT3G05490, AT3G11210, AT3G17790, AT4G13700, AT4G15980, AT4G17030, AT4G24890, AT4G26010, AT4G30070, AT4G30270, AT5G06870, AT5G23210	True	0.14421900553925246		False		Secreted		MAN1, PAP1, PAP5, FRUCT5, PER12, GDPD5, LCR67, AIR3, PAP10, PAP12, ATTI4, BGLU15, PAP14, RALFL22, CPRD49, PAP17, PAP23, PME43, EXLB1, PAP24, PER44, LCR59, XTH24, PGIP2, SCPL34
p:acyl carrier	phrase	acyl carrier	3	367	42	21521	4.188594783962631	0.0346030810332471	AT2G43710, AT3G56700, AT5G16230	True	0.14421900553925246		False		acyl carrier		SSI2, FAR6, S-ACP-DES3
w:protection	word	protection	3	367	42	21521	4.188594783962631	0.0346030810332471	AT1G60740, AT2G42690, AT5G61510	True	0.14421900553925246		False		protection		PRXIID, AT2G42690, AT5G61510
p:carbon dioxide	phrase	carbon dioxide	3	367	42	21521	4.188594783962631	0.0346030810332471	AT1G09780, AT3G52720, AT4G33950	True	0.14421900553925246		False		carbon dioxide		iPGAM1, ACA1, OST1
w:deficiency	word	deficiency	3	367	42	21521	4.188594783962631	0.0346030810332471	AT1G13300, AT3G25790, AT4G28610	True	0.14421900553925246		False		deficiency		HRS1, HHO1, PHR1
w:monovalent	word	monovalent	3	367	42	21521	4.188594783962631	0.0346030810332471	AT1G14660, AT3G06370, AT4G23700	True	0.14421900553925246		False		monovalent		NHX8, NHX4, CHX17
w:followed	word	followed	3	367	42	21521	4.188594783962631	0.0346030810332471	AT3G14790, AT3G21230, AT4G04955	True	0.14421900553925246		False		followed		RHM3, 4CL5, ALN
w:yield	word	yield	3	367	42	21521	4.188594783962631	0.0346030810332471	AT3G09560, AT3G14790, AT3G21230	True	0.14421900553925246		False		yield		PAH1, RHM3, 4CL5
w:carbohydrate	word	carbohydrate	17	367	614	21521	1.6235921149561992	0.035236388342052574	AT1G05760, AT1G55120, AT2G17280, AT2G43730, AT2G44450, AT2G44460, AT3G12500, AT3G46970, AT3G49360, AT4G02050, AT4G19770, AT4G19810, AT4G30270, AT5G50790, AT5G59270, AT5G60270, AT5G60310	True	0.14635728536613646		False		carbohydrate		RTM1, FRUCT5, PGM, JAL24, BGLU15, BGLU28, HCHIB, PHS2, PGL2, STP7, AT4G19770, ChiC, XTH24, SWEET10, LECRK22, LECRK17, LECRK110
w:oxoglutarate	word	oxoglutarate	6	367	143	21521	2.4604332996703566	0.0361422006130118	AT1G10060, AT1G50110, AT1G52790, AT1G52800, AT3G60290, AT5G20400	True	0.14960904131304545		False		oxoglutarate		BCAT-1, BCAT6, AT1G52790, AT1G52800, AT3G60290, AT5G20400
w:nitrate	word	nitrate	5	367	107	21521	2.74020219511574	0.036431200972135744	AT1G03020, AT1G13300, AT3G25790, AT4G15680, AT4G15690	True	0.15029414095962443		False		nitrate		GRXS1, HRS1, HHO1, GRXS4, GRXS5
w:tobacco	word	tobacco	2	367	18	21521	6.515591886164093	0.03706399679264874	AT1G05760, AT5G20320	True	0.15035628032217838		False		tobacco		RTM1, DCL4
k:Starch biosynthesis	keyword	Starch biosynthesis	2	367	18	21521	6.515591886164093	0.03706399679264874	AT1G32900, AT5G19220	True	0.15035628032217838		False		Starch biosynthesis		GBSS1, APL1
p:broad spectrum	phrase	broad spectrum	2	367	18	21521	6.515591886164093	0.03706399679264874	AT1G75830, AT4G30070	True	0.15035628032217838		False		broad spectrum		LCR67, LCR59
w:dehydro	word	dehydro	2	367	18	21521	6.515591886164093	0.03706399679264874	AT1G22410, AT3G14790	True	0.15035628032217838		False		dehydro		AT1G22410, RHM3
p:hydrogen exchanger	phrase	hydrogen exchanger	2	367	18	21521	6.515591886164093	0.03706399679264874	AT1G14660, AT3G06370	True	0.15035628032217838		False		hydrogen exchanger		NHX8, NHX4
w:phosphorylation	word	phosphorylation	10	367	305	21521	1.9226336713271093	0.037229154340681136	AT1G08650, AT3G04530, AT3G08720, AT4G04040, AT4G13420, AT4G21470, AT4G33950, AT4G38740, AT5G09470, AT5G67440	True	0.15052452103856792		False		phosphorylation		PPCK1, PPCK2, S6K2, MEE51, HAK5, FMN/FHY, OST1, ROC1, DIC3, NPY3
w:pyridoxal	word	pyridoxal	5	367	108	21521	2.714829952568372	0.03768783172905801	AT1G10060, AT1G17710, AT1G50110, AT3G46970, AT4G26200	True	0.1518744742194159		False		pyridoxal		BCAT-1, PEPC1, BCAT6, PHS2, ACS7
w:acp	word	acp	3	367	44	21521	3.9982041119643297	0.03894798586541799	AT2G43710, AT3G56700, AT5G16230	True	0.15490097646475065		False		acp		SSI2, FAR6, S-ACP-DES3
w:lecrk	word	lecrk	3	367	44	21521	3.9982041119643297	0.03894798586541799	AT5G59270, AT5G60270, AT5G60310	True	0.15490097646475065		False		lecrk		LECRK22, LECRK17, LECRK110
w:dioxide	word	dioxide	3	367	44	21521	3.9982041119643297	0.03894798586541799	AT1G09780, AT3G52720, AT4G33950	True	0.15490097646475065		False		dioxide		iPGAM1, ACA1, OST1
p:basic leucine	phrase	basic leucine	3	367	44	21521	3.9982041119643297	0.03894798586541799	AT2G41070, AT3G49760, AT4G02640	True	0.15490097646475065		False		basic leucine		EEL, bZIP5, BZO2H1
k:Transmembrane helix	keyword	Transmembrane helix	93	367	4612	21521	1.1824697330267446	0.03970567298733019	AT1G01190, AT1G10010, AT1G10660, AT1G14660, AT1G19370, AT1G20860, AT1G22150, AT1G47890, AT1G48370, AT1G51805, AT1G53620, AT1G58190, AT1G63750, AT1G66760, AT1G67600, AT1G68740, AT1G70250, AT1G70990, AT1G72890, AT1G76410, AT1G76430, AT2G16595, AT2G19880, AT2G25220, AT2G26130, AT2G26640, AT2G29090, AT2G30040, AT2G32660, AT2G35060, AT2G37890, AT2G38940, AT2G40710, AT2G40900, AT2G44260, AT3G01930, AT3G02050, AT3G02250, AT3G03790, AT3G06370, AT3G10680, AT3G11650, AT3G11660, AT3G20660, AT3G21620, AT3G23870, AT3G24290, AT3G28360, AT3G43110, AT3G44830, AT3G47090, AT3G47420, AT3G52190, AT3G52310, AT3G60160, AT3G61880, AT4G01470, AT4G02050, AT4G03450, AT4G07960, AT4G12980, AT4G13420, AT4G13800, AT4G13900, AT4G15190, AT4G15200, AT4G16400, AT4G17790, AT4G19960, AT4G23700, AT4G34950, AT4G37220, AT4G38320, AT5G01220, AT5G02180, AT5G09470, AT5G14880, AT5G20790, AT5G24600, AT5G27100, AT5G43340, AT5G44240, AT5G49320, AT5G49780, AT5G50790, AT5G51050, AT5G53760, AT5G55930, AT5G59270, AT5G60270, AT5G60310, AT5G62730, AT5G66440	True	0.15740001311264118		False		Transmembrane helix		CYP78A8, AAP8, AT1G10660, NHX8, AT1G19370, PHT1;8, SULTR1;3, RLP7, YSL8, SIF3, AT1G53620, RLP9, AT1G63750, DTX9, AT1G67600, PHO1;H1, LTPG32, AT1G70990, AT1G72890, ATL8, PHT1;9, AT2G16595, GCS, AT2G25220, RSL1, KCS11, CYP707A2, MAPKKK14, RLP22, KUP11, AT2G37890, PHT1;4, AT2G40710, UMAMIT11, AT2G44260, AT3G01930, KUP3, RRT2, AT3G03790, NHX4, SLI1, NHL2, NHL1, OCT4, OSCA1.5, AT3G23870, AMT1;5, ABCB16, AT3G43110, PDAT2, AT3G47090, G3Pp1, PHF1, ABCG27, ABCC9, CYP78A9, TIP1;3, STP7, AT4G03450, CSLC12, AT4G12980, HAK5, AT4G13800, RLP49, FH3, FH3, DL4230W, DL4930W, KUP9, CHX17, MFS1, AT4G37220, HHP5, SQD2, AVT1D, DIC3, POT8, AT5G20790, AT5G24600, GLR2.1, PHT1;6, ALA2, AT5G49320, AT5G49780, SWEET10, APC2, MLO11, OPT1, LECRK22, LECRK17, LECRK110, NPF4.7, AT5G66440
w:stimulus	word	stimulus	12	367	397	21521	1.772503586160509	0.040694542944050324	AT1G08650, AT1G19200, AT1G55480, AT1G65480, AT2G26640, AT2G43140, AT3G04530, AT3G11670, AT4G38740, AT5G27100, AT5G49330, AT5G67440	True	0.15877854716859569		False		stimulus		PPCK1, FLZ12, ZKT, FT, KCS11, BHLH129, PPCK2, DGD1, ROC1, GLR2.1, MYB111, NPY3
w:oleoyl	word	oleoyl	2	367	19	21521	6.172665997418615	0.040966691709892394	AT2G43710, AT5G16230	True	0.15877854716859569		False		oleoyl		SSI2, S-ACP-DES3
p:coated pit	phrase	coated pit	2	367	19	21521	6.172665997418615	0.040966691709892394	AT1G33340, AT4G40080	True	0.15877854716859569		False		coated pit		AT1G33340, AT4G40080
p:clathrin heavy	phrase	clathrin heavy	2	367	19	21521	6.172665997418615	0.040966691709892394	AT1G33340, AT4G40080	True	0.15877854716859569		False		clathrin heavy		AT1G33340, AT4G40080
w:ins	word	ins	2	367	19	21521	6.172665997418615	0.040966691709892394	AT3G02870, AT4G33770	True	0.15877854716859569		False		ins		VTC4, ITPK2
w:urea	word	urea	2	367	19	21521	6.172665997418615	0.040966691709892394	AT4G01470, AT4G04955	True	0.15877854716859569		False		urea		TIP1;3, ALN
k:Sodium transport	keyword	Sodium transport	2	367	19	21521	6.172665997418615	0.040966691709892394	AT1G14660, AT3G06370	True	0.15877854716859569		False		Sodium transport		NHX8, NHX4
w:permease	word	permease	5	367	111	21521	2.6414561700665242	0.041615684874701166	AT1G10010, AT2G35060, AT3G47420, AT4G19960, AT5G02180	True	0.16078186823019466		False		permease		AAP8, KUP11, G3Pp1, KUP9, AVT1D
w:galactose	word	galactose	7	367	187	21521	2.1950924536274754	0.04177254932714753	AT1G56600, AT2G22030, AT3G02870, AT3G27150, AT3G56040, AT4G07960, AT5G66530	True	0.16087719155423588		False		galactose		GolS2, AT2G22030, VTC4, AT3G27150, UGP3, CSLC12, AT5G66530
p:defense response	phrase	defense response	24	367	966	21521	1.4569025335522194	0.04270222866133781	AT1G05760, AT1G22070, AT1G52940, AT1G72890, AT1G75830, AT1G76080, AT2G43535, AT2G43710, AT3G04360, AT3G11650, AT3G11660, AT3G12500, AT3G27960, AT4G02640, AT4G03960, AT4G30070, AT4G33950, AT5G20320, AT5G24660, AT5G39720, AT5G47240, AT5G53760, AT5G60270, AT5G60310	True	0.16393884000267545		False		defense response		RTM1, TGA3, PAP5, AT1G72890, LCR67, CDSP32, ATTI4, SSI2, AT3G04360, NHL2, NHL1, HCHIB, KLCR2, BZO2H1, PFA-DSP4, LCR59, OST1, DCL4, LSU2, AIG2L, NUDT8, MLO11, LECRK17, LECRK110
w:chitin	word	chitin	3	367	46	21521	3.8243691505745763	0.04355631738571262	AT3G12500, AT4G19770, AT4G19810	True	0.1656501195575383		False		chitin		HCHIB, AT4G19770, ChiC
w:phosphoglycerate	word	phosphoglycerate	3	367	46	21521	3.8243691505745763	0.04355631738571262	AT1G09780, AT1G22170, AT2G17280	True	0.1656501195575383		False		phosphoglycerate		iPGAM1, gpmA1, PGM
w:used	word	used	3	367	46	21521	3.8243691505745763	0.04355631738571262	AT1G65840, AT3G03310, AT3G21230	True	0.1656501195575383		False		used		PAO4, LCAT3, 4CL5
w:transposon	word	transposon	2	367	20	21521	5.8640326975476835	0.04501627362694872	AT1G69770, AT5G20320	True	0.17013914597514468		False		transposon		CMT3, DCL4
w:pit	word	pit	2	367	20	21521	5.8640326975476835	0.04501627362694872	AT1G33340, AT4G40080	True	0.17013914597514468		False		pit		AT1G33340, AT4G40080
k:Pyridoxal phosphate	keyword	Pyridoxal phosphate	5	367	114	21521	2.5719441655910895	0.045782027239226676	AT1G08630, AT1G10060, AT1G50110, AT3G46970, AT4G26200	True	0.17249760727597171		False		Pyridoxal phosphate		THA1, BCAT-1, BCAT6, PHS2, ACS7
w:biosynthetic	word	biosynthetic	39	367	1734	21521	1.3189000876837353	0.04619584863063561	AT1G09240, AT1G22410, AT1G32900, AT1G50110, AT1G62540, AT1G66390, AT2G02990, AT2G11810, AT2G19880, AT2G26640, AT2G28305, AT2G32260, AT2G41070, AT2G43710, AT3G02250, AT3G02870, AT3G03540, AT3G05630, AT3G09560, AT3G11670, AT3G13110, AT3G14790, AT3G21230, AT3G27190, AT3G52310, AT3G56040, AT4G00550, AT4G10120, AT4G21470, AT4G26200, AT4G31780, AT4G33030, AT4G33950, AT4G34350, AT5G01220, AT5G16230, AT5G19220, AT5G20410, AT5G49330	True	0.17349654856261212		False		biosynthetic		NAS3, AT1G22410, GBSS1, BCAT6, FMOGS-OX2, MYB90, RNS1, MGDC, GCS, KCS11, LOG1, CCT1, EEL, SSI2, RRT2, VTC4, NPC5, PLDP2, PAH1, DGD1, SERAT2;2, RHM3, 4CL5, UKL2, ABCG27, UGP3, DGD2, ATSPS4F, FMN/FHY, ACS7, MGD1, SQD1, OST1, HDR, SQD2, S-ACP-DES3, APL1, MGD2, MYB111
w:oxygenase	word	oxygenase	6	367	152	21521	2.3147497490319804	0.04633227467777234	AT1G52790, AT1G52800, AT1G58300, AT1G62540, AT3G60290, AT5G20400	True	0.17349654856261212		False		oxygenase		AT1G52790, AT1G52800, HO4, FMOGS-OX2, AT3G60290, AT5G20400
p:light stimulus	phrase	light stimulus	7	367	192	21521	2.137928587647593	0.046981819413356524	AT1G08650, AT1G55480, AT2G26640, AT3G04530, AT4G38740, AT5G27100, AT5G49330	True	0.17538918474249968		False		light stimulus		PPCK1, ZKT, KCS11, PPCK2, ROC1, GLR2.1, MYB111
w:hydrolyz	word	hydrolyz	5	367	115	21521	2.549579433716384	0.04722407244211291	AT3G02040, AT3G03310, AT3G05630, AT3G21280, AT4G19810	True	0.17575442251391868		False		hydrolyz		SRG3, LCAT3, PLDP2, UBP7, ChiC
w:detoxification	word	detoxification	10	367	320	21521	1.8325102179836512	0.04872715471529308	AT1G22990, AT1G60740, AT1G66760, AT1G71695, AT2G48150, AT3G17790, AT4G26010, AT4G31240, AT5G24660, AT5G61510	True	0.18037489743333637		False		detoxification		HIPP22, PRXIID, DTX9, PER12, GPX4, PAP17, PER44, AT4G31240, LSU2, AT5G61510
p:actin cable	phrase	actin cable	2	367	21	21521	5.584793045283508	0.04920662773037607	AT4G15190, AT4G15200	True	0.18037489743333637		False		actin cable		FH3, FH3
w:cable	word	cable	2	367	21	21521	5.584793045283508	0.04920662773037607	AT4G15190, AT4G15200	True	0.18037489743333637		False		cable		FH3, FH3
p:lesser extent	phrase	lesser extent	2	367	21	21521	5.584793045283508	0.04920662773037607	AT3G02870, AT5G51050	True	0.18037489743333637		False		lesser extent		VTC4, APC2
w:protective	word	protective	2	367	21	21521	5.584793045283508	0.04920662773037607	AT2G48150, AT5G07460	True	0.18037489743333637		False		protective		GPX4, PMSR2
w:sensitivity	word	sensitivity	4	367	81	21521	2.8958186160729302	0.049766004854791546	AT1G23140, AT2G38940, AT2G42690, AT4G38740	True	0.18187756128613006		False		sensitivity		CAR8, PHT1;4, AT2G42690, ROC1
p:signal transduction	phrase	signal transduction	20	367	787	21521	1.4902243195800975	0.0503619021751066	AT1G01140, AT1G47890, AT1G58190, AT1G72890, AT1G74200, AT2G19330, AT2G25220, AT2G32660, AT3G05630, AT3G05640, AT3G60490, AT4G04710, AT4G14580, AT4G18700, AT4G38740, AT5G01810, AT5G01820, AT5G06870, AT5G10740, AT5G27100	True	0.18350429624881656		False		signal transduction		CIPK9, RLP7, RLP9, AT1G72890, RLP16, PIRL6, AT2G25220, RLP22, PLDP2, AT3G05640, ERF035, CPK22, CIPK4, CIPK12, ROC1, CIPK15, SR1, PGIP2, AT5G10740, GLR2.1
w:carrier	word	carrier	9	367	279	21521	1.8916234508218337	0.05070389051087592	AT2G33770, AT2G37890, AT2G43710, AT3G56700, AT4G32690, AT5G09470, AT5G16230, AT5G44240, AT5G51050	True	0.18419890970667463		False		carrier		PHO2, AT2G37890, SSI2, FAR6, GLB3, DIC3, S-ACP-DES3, ALA2, APC2
k:Lipid degradation	keyword	Lipid degradation	6	367	156	21521	2.255397191364494	0.0513794372146386	AT1G31480, AT2G31690, AT2G42690, AT3G03310, AT3G05630, AT3G11210	True	0.1860975449113547		False		Lipid degradation		SGR2, DALL5, AT2G42690, LCAT3, PLDP2, CPRD49
w:oligosaccharide	word	oligosaccharide	3	367	50	21521	3.51841961852861	0.05354572621167504	AT1G56600, AT3G02250, AT4G19810	True	0.19336839406412026		False		oligosaccharide		GolS2, RRT2, ChiC
p:dependent manner	phrase	dependent manner	8	367	240	21521	1.954677565849228	0.05423192429072711	AT1G01140, AT2G26660, AT4G14580, AT4G18700, AT5G01810, AT5G01820, AT5G20150, AT5G55930	True	0.1952670173426476		False		dependent manner		CIPK9, SPX2, CIPK4, CIPK12, CIPK15, SR1, SPX1, OPT1
w:acid	word	acid	56	367	2660	21521	1.234533199483723	0.05547887449395947	AT1G08630, AT1G09780, AT1G10000, AT1G10010, AT1G10060, AT1G13300, AT1G13750, AT1G22070, AT1G23140, AT1G50110, AT1G52940, AT1G56600, AT1G67600, AT1G68670, AT1G76080, AT2G11810, AT2G16430, AT2G26130, AT2G26640, AT2G27190, AT2G29090, AT2G37320, AT2G41070, AT2G43140, AT2G43710, AT2G46880, AT3G02870, AT3G02980, AT3G03310, AT3G03910, AT3G05630, AT3G09560, AT3G11670, AT3G14940, AT3G17790, AT3G21230, AT3G52310, AT3G56700, AT3G60290, AT4G13700, AT4G19810, AT4G24890, AT4G25150, AT4G33950, AT4G34590, AT5G01810, AT5G01820, AT5G02180, AT5G09470, AT5G16230, AT5G20320, AT5G20410, AT5G27100, AT5G39760, AT5G47240, AT5G63690	True	0.19813553777861914		False		acid		THA1, iPGAM1, AT1G10000, AAP8, BCAT-1, HRS1, PAP1, TGA3, CAR8, BCAT6, PAP5, GolS2, AT1G67600, HHO2, CDSP32, MGDC, PAP10, RSL1, KCS11, PAP12, CYP707A2, PCMP-E50, EEL, BHLH129, SSI2, PAP14, VTC4, MCC1, LCAT3, GDH3, PLDP2, PAH1, DGD1, PPC3, PAP17, 4CL5, ABCG27, FAR6, AT3G60290, PAP23, ChiC, PAP24, AT4G25150, OST1, GBF6, CIPK15, SR1, AVT1D, DIC3, S-ACP-DES3, DCL4, MGD2, GLR2.1, HB23, NUDT8, MBK5.17
w:oomycete	word	oomycete	4	367	84	21521	2.792396522641754	0.05551702414339287	AT4G02640, AT5G24660, AT5G60270, AT5G60310	True	0.19813553777861914		False		oomycete		BZO2H1, LSU2, LECRK17, LECRK110
w:polyamine	word	polyamine	4	367	84	21521	2.792396522641754	0.05551702414339287	AT1G09240, AT1G10010, AT1G65840, AT5G02180	True	0.19813553777861914		False		polyamine		NAS3, AAP8, PAO4, AVT1D
p:leguminous lectin	phrase	leguminous lectin	3	367	51	21521	3.4494309985574607	0.05620036616486256	AT5G59270, AT5G60270, AT5G60310	True	0.1985863369800063		False		leguminous lectin		LECRK22, LECRK17, LECRK110
p:atpase coupled	phrase	atpase coupled	3	367	51	21521	3.4494309985574607	0.05620036616486256	AT1G76430, AT3G60160, AT5G44240	True	0.1985863369800063		False		atpase coupled		PHT1;9, ABCC9, ALA2
w:glycolytic	word	glycolytic	3	367	51	21521	3.4494309985574607	0.05620036616486256	AT1G09780, AT1G22170, AT4G04040	True	0.1985863369800063		False		glycolytic		iPGAM1, gpmA1, MEE51
w:peroxidase	word	peroxidase	5	367	121	21521	2.4231540072511093	0.0564377669437756	AT1G60740, AT1G71695, AT2G48150, AT3G17790, AT4G26010	True	0.1985863369800063		False		peroxidase		PRXIID, PER12, GPX4, PAP17, PER44
w:transduction	word	transduction	20	367	798	21521	1.4696823803377652	0.05645922152430746	AT1G01140, AT1G47890, AT1G58190, AT1G72890, AT1G74200, AT2G19330, AT2G25220, AT2G32660, AT3G05630, AT3G05640, AT3G60490, AT4G04710, AT4G14580, AT4G18700, AT4G38740, AT5G01810, AT5G01820, AT5G06870, AT5G10740, AT5G27100	True	0.1985863369800063		False		transduction		CIPK9, RLP7, RLP9, AT1G72890, RLP16, PIRL6, AT2G25220, RLP22, PLDP2, AT3G05640, ERF035, CPK22, CIPK4, CIPK12, ROC1, CIPK15, SR1, PGIP2, AT5G10740, GLR2.1
w:oxaloacetate	word	oxaloacetate	2	367	23	21521	5.099158867432769	0.05798601359474469	AT3G14940, AT5G09470	True	0.20162565298515508		False		oxaloacetate		PPC3, DIC3
w:phosphosulfate	word	phosphosulfate	2	367	23	21521	5.099158867432769	0.05798601359474469	AT5G51050, AT5G64000	True	0.20162565298515508		False		phosphosulfate		APC2, SAL2
w:phox	word	phox	2	367	23	21521	5.099158867432769	0.05798601359474469	AT3G05630, AT5G57610	True	0.20162565298515508		False		phox		PLDP2, MUA2.19
w:etiolation	word	etiolation	2	367	23	21521	5.099158867432769	0.05798601359474469	AT4G38740, AT5G24660	True	0.20162565298515508		False		etiolation		ROC1, LSU2
k:Transmembrane	keyword	Transmembrane	93	367	4696	21521	1.161318230136147	0.05853782721612238	AT1G01190, AT1G10010, AT1G10660, AT1G14660, AT1G19370, AT1G20860, AT1G22150, AT1G47890, AT1G48370, AT1G51805, AT1G53620, AT1G58190, AT1G63750, AT1G66760, AT1G67600, AT1G68740, AT1G70250, AT1G70990, AT1G72890, AT1G76410, AT1G76430, AT2G16595, AT2G19880, AT2G25220, AT2G26130, AT2G26640, AT2G29090, AT2G30040, AT2G32660, AT2G35060, AT2G37890, AT2G38940, AT2G40710, AT2G40900, AT2G44260, AT3G01930, AT3G02050, AT3G02250, AT3G03790, AT3G06370, AT3G10680, AT3G11650, AT3G11660, AT3G20660, AT3G21620, AT3G23870, AT3G24290, AT3G28360, AT3G43110, AT3G44830, AT3G47090, AT3G47420, AT3G52190, AT3G52310, AT3G60160, AT3G61880, AT4G01470, AT4G02050, AT4G03450, AT4G07960, AT4G12980, AT4G13420, AT4G13800, AT4G13900, AT4G15190, AT4G15200, AT4G16400, AT4G17790, AT4G19960, AT4G23700, AT4G34950, AT4G37220, AT4G38320, AT5G01220, AT5G02180, AT5G09470, AT5G14880, AT5G20790, AT5G24600, AT5G27100, AT5G43340, AT5G44240, AT5G49320, AT5G49780, AT5G50790, AT5G51050, AT5G53760, AT5G55930, AT5G59270, AT5G60270, AT5G60310, AT5G62730, AT5G66440	True	0.20296448923652688		False		Transmembrane		CYP78A8, AAP8, AT1G10660, NHX8, AT1G19370, PHT1;8, SULTR1;3, RLP7, YSL8, SIF3, AT1G53620, RLP9, AT1G63750, DTX9, AT1G67600, PHO1;H1, LTPG32, AT1G70990, AT1G72890, ATL8, PHT1;9, AT2G16595, GCS, AT2G25220, RSL1, KCS11, CYP707A2, MAPKKK14, RLP22, KUP11, AT2G37890, PHT1;4, AT2G40710, UMAMIT11, AT2G44260, AT3G01930, KUP3, RRT2, AT3G03790, NHX4, SLI1, NHL2, NHL1, OCT4, OSCA1.5, AT3G23870, AMT1;5, ABCB16, AT3G43110, PDAT2, AT3G47090, G3Pp1, PHF1, ABCG27, ABCC9, CYP78A9, TIP1;3, STP7, AT4G03450, CSLC12, AT4G12980, HAK5, AT4G13800, RLP49, FH3, FH3, DL4230W, DL4930W, KUP9, CHX17, MFS1, AT4G37220, HHP5, SQD2, AVT1D, DIC3, POT8, AT5G20790, AT5G24600, GLR2.1, PHT1;6, ALA2, AT5G49320, AT5G49780, SWEET10, APC2, MLO11, OPT1, LECRK22, LECRK17, LECRK110, NPF4.7, AT5G66440
p:proton antiporter	phrase	proton antiporter	3	367	52	21521	3.3830957870467406	0.058916515298870854	AT1G14660, AT3G06370, AT4G23700	True	0.2036971565872893		False		proton antiporter		NHX8, NHX4, CHX17
w:activation	word	activation	11	367	377	21521	1.710990972759271	0.059637430720428077	AT1G01140, AT2G28305, AT2G43710, AT3G05490, AT4G14580, AT4G18700, AT4G33950, AT4G38740, AT5G01810, AT5G01820, AT5G64000	True	0.20531901823776422		False		activation		CIPK9, LOG1, SSI2, RALFL22, CIPK4, CIPK12, OST1, ROC1, CIPK15, SR1, SAL2
p:secretory vesicle	phrase	secretory vesicle	5	367	123	21521	2.3837531290844245	0.059723034064230504	AT2G22170, AT2G43535, AT3G12500, AT4G19810, AT4G30270	True	0.20531901823776422		False		secretory vesicle		PLAT2, ATTI4, HCHIB, ChiC, XTH24
p:threonine kinase	phrase	threonine kinase	19	367	756	21521	1.473764831394259	0.060552509953267115	AT1G01130, AT1G01140, AT1G08650, AT1G20930, AT1G51805, AT1G70250, AT3G04530, AT3G08720, AT4G04710, AT4G13000, AT4G14580, AT4G18700, AT4G33950, AT5G01810, AT5G01820, AT5G49780, AT5G59270, AT5G60270, AT5G60310	True	0.20758423834683404		False		threonine kinase		AT1G01130, CIPK9, PPCK1, CDKB2;2, SIF3, LTPG32, PPCK2, S6K2, CPK22, AT4G13000, CIPK4, CIPK12, OST1, CIPK15, SR1, AT5G49780, LECRK22, LECRK17, LECRK110
w:amino	word	amino	13	367	472	21521	1.615093751443218	0.062380817754902014	AT1G08630, AT1G09240, AT1G10010, AT1G10060, AT1G50110, AT1G65840, AT2G26640, AT3G02980, AT3G03910, AT4G26200, AT4G34590, AT5G02180, AT5G27100	True	0.21149980908150753		False		amino		THA1, NAS3, AAP8, BCAT-1, BCAT6, PAO4, KCS11, MCC1, GDH3, ACS7, GBF6, AVT1D, GLR2.1
w:catalyz	word	catalyz	30	367	1311	21521	1.3418839124823074	0.06251920187747823	AT1G09780, AT1G17710, AT1G22170, AT1G58300, AT1G60740, AT1G62540, AT1G65840, AT1G73010, AT2G20800, AT2G31690, AT2G32260, AT2G42690, AT3G09560, AT3G14790, AT3G27190, AT3G49360, AT3G53620, AT3G56040, AT3G56700, AT4G04040, AT4G04955, AT4G21470, AT4G30270, AT4G38740, AT5G01220, AT5G05870, AT5G07460, AT5G19220, AT5G51050, AT5G61510	True	0.21149980908150753		False		catalyz		iPGAM1, PEPC1, gpmA1, HO4, PRXIID, FMOGS-OX2, PAO4, PS2, NDB4, DALL5, CCT1, AT2G42690, PAH1, RHM3, UKL2, PGL2, PPa4, UGP3, FAR6, MEE51, ALN, FMN/FHY, XTH24, ROC1, SQD2, UGT76C1, PMSR2, APL1, APC2, AT5G61510
w:night	word	night	2	367	24	21521	4.886693914623069	0.062563624707759	AT1G32900, AT5G07460	True	0.21149980908150753		False		night		GBSS1, PMSR2
p:clathrin coat	phrase	clathrin coat	2	367	24	21521	4.886693914623069	0.062563624707759	AT1G33340, AT4G40080	True	0.21149980908150753		False		clathrin coat		AT1G33340, AT4G40080
k:Storage protein	keyword	Storage protein	2	367	24	21521	4.886693914623069	0.062563624707759	AT4G02640, AT4G25150	True	0.21149980908150753		False		Storage protein		BZO2H1, AT4G25150
w:conversion	word	conversion	7	367	206	21521	1.9926324700404754	0.06370206316454942	AT1G62540, AT1G65840, AT3G03540, AT3G27190, AT3G47460, AT4G04955, AT4G26200	True	0.21475183066830095		False		conversion		FMOGS-OX2, PAO4, NPC5, UKL2, ATSMC2, ALN, ACS7
k:Lipid metabolism	keyword	Lipid metabolism	13	367	474	21521	1.6082790098759472	0.0640353218144709	AT1G31480, AT2G31690, AT2G32260, AT2G42690, AT2G43710, AT3G03310, AT3G05630, AT3G09560, AT3G11210, AT3G44830, AT3G56700, AT5G01220, AT5G16230	True	0.2152789686414671		False		Lipid metabolism		SGR2, DALL5, CCT1, AT2G42690, SSI2, LCAT3, PLDP2, PAH1, CPRD49, PDAT2, FAR6, SQD2, S-ACP-DES3
w:pathogenic	word	pathogenic	3	367	54	21521	3.2577959430820465	0.06453028652605308	AT1G05760, AT4G33950, AT5G60270	True	0.21634534077742865		False		pathogenic		RTM1, OST1, LECRK17
k:Oxidoreductase	keyword	Oxidoreductase	27	367	1164	21521	1.3602137700497205	0.06562346081851064	AT1G01190, AT1G33720, AT1G52790, AT1G52800, AT1G58300, AT1G60740, AT1G62540, AT1G65840, AT1G71695, AT2G20800, AT2G29090, AT2G43710, AT2G48150, AT3G03910, AT3G14790, AT3G17790, AT3G56700, AT3G60290, AT3G61880, AT4G26010, AT4G31240, AT4G34350, AT5G07460, AT5G16230, AT5G20400, AT5G38710, AT5G61510	True	0.2194059115827677		False		Oxidoreductase		CYP78A8, CYP76C6, AT1G52790, AT1G52800, HO4, PRXIID, FMOGS-OX2, PAO4, PER12, NDB4, CYP707A2, SSI2, GPX4, GDH3, RHM3, PAP17, FAR6, AT3G60290, CYP78A9, PER44, AT4G31240, HDR, PMSR2, S-ACP-DES3, AT5G20400, POX2, AT5G61510
p:actin nucleation	phrase	actin nucleation	2	367	25	21521	4.6912261580381465	0.06725915931818038	AT4G15190, AT4G15200	True	0.22003870131781056		False		actin nucleation		FH3, FH3
w:decrease	word	decrease	2	367	25	21521	4.6912261580381465	0.06725915931818038	AT4G33950, AT5G09470	True	0.22003870131781056		False		decrease		OST1, DIC3
w:hydrolytic	word	hydrolytic	2	367	25	21521	4.6912261580381465	0.06725915931818038	AT4G04955, AT5G20320	True	0.22003870131781056		False		hydrolytic		ALN, DCL4
p:long distance	phrase	long distance	2	367	25	21521	4.6912261580381465	0.06725915931818038	AT1G05760, AT5G20320	True	0.22003870131781056		False		long distance		RTM1, DCL4
w:lesser	word	lesser	2	367	25	21521	4.6912261580381465	0.06725915931818038	AT3G02870, AT5G51050	True	0.22003870131781056		False		lesser		VTC4, APC2
k:Coated pit	keyword	Coated pit	2	367	25	21521	4.6912261580381465	0.06725915931818038	AT1G33340, AT4G40080	True	0.22003870131781056		False		Coated pit		AT1G33340, AT4G40080
k:Sodium	keyword	Sodium	2	367	25	21521	4.6912261580381465	0.06725915931818038	AT1G14660, AT3G06370	True	0.22003870131781056		False		Sodium		NHX8, NHX4
w:hydroperoxide	word	hydroperoxide	2	367	25	21521	4.6912261580381465	0.06725915931818038	AT1G60740, AT1G76080	True	0.22003870131781056		False		hydroperoxide		PRXIID, CDSP32
p:iron ascorbate	phrase	iron ascorbate	4	367	90	21521	2.6062367544656375	0.06804268603006229	AT1G52790, AT1G52800, AT3G60290, AT5G20400	True	0.22200522492918448		False		iron ascorbate		AT1G52790, AT1G52800, AT3G60290, AT5G20400
w:beta	word	beta	26	367	1119	21521	1.3625098314230544	0.06881894237319097	AT1G02310, AT1G08310, AT1G55120, AT1G62710, AT2G11810, AT2G31690, AT2G31730, AT2G42690, AT2G44450, AT2G44460, AT3G02250, AT3G02870, AT3G14790, AT3G44510, AT4G00500, AT4G03960, AT4G04040, AT4G07960, AT4G30270, AT4G31780, AT4G34310, AT5G05870, AT5G18630, AT5G20410, AT5G37710, AT5G46140	True	0.22393757451383264		False		beta		MAN1, AT1G08310, FRUCT5, BETA-VPE, MGDC, DALL5, BHLH154, AT2G42690, BGLU15, BGLU28, RRT2, VTC4, RHM3, AT3G44510, AT4G00500, PFA-DSP4, MEE51, CSLC12, XTH24, MGD1, AT4G34310, UGT76C1, AT5G18630, MGD2, AT5G37710, ATDOA13
w:budding	word	budding	3	367	56	21521	3.1414460879719734	0.07038066375002018	AT1G33340, AT4G40080, AT5G17060	True	0.22780124410578342		False		budding		AT1G33340, AT4G40080, ARFB1B
w:leguminous	word	leguminous	3	367	56	21521	3.1414460879719734	0.07038066375002018	AT5G59270, AT5G60270, AT5G60310	True	0.22780124410578342		False		leguminous		LECRK22, LECRK17, LECRK110
k:Transport	keyword	Transport	41	367	1904	21521	1.2627381334004992	0.07172227529683861	AT1G10010, AT1G14660, AT1G20860, AT1G22150, AT1G48370, AT1G66760, AT1G68740, AT1G76080, AT1G76430, AT2G35060, AT2G37890, AT2G38940, AT3G02050, AT3G06370, AT3G20660, AT3G21620, AT3G23870, AT3G24290, AT3G28360, AT3G47420, AT3G52190, AT3G52310, AT3G60160, AT4G01470, AT4G02050, AT4G12980, AT4G13420, AT4G13800, AT4G19960, AT4G23700, AT4G32690, AT5G02180, AT5G09470, AT5G14880, AT5G17060, AT5G27100, AT5G43340, AT5G50790, AT5G51050, AT5G55930, AT5G62730	True	0.23080497687006843		False		Transport		AAP8, NHX8, PHT1;8, SULTR1;3, YSL8, DTX9, PHO1;H1, CDSP32, PHT1;9, KUP11, AT2G37890, PHT1;4, KUP3, NHX4, OCT4, OSCA1.5, AT3G23870, AMT1;5, ABCB16, G3Pp1, PHF1, ABCG27, ABCC9, TIP1;3, STP7, AT4G12980, HAK5, AT4G13800, KUP9, CHX17, GLB3, AVT1D, DIC3, POT8, ARFB1B, GLR2.1, PHT1;6, SWEET10, APC2, OPT1, NPF4.7
w:cpg	word	cpg	2	367	26	21521	4.510794382728988	0.07206728940889565	AT5G20320, AT5G49160	True	0.23080497687006843		False		cpg		DCL4, MET1
p:inositol polyphosphate	phrase	inositol polyphosphate	2	367	26	21521	4.510794382728988	0.07206728940889565	AT4G33770, AT5G64000	True	0.23080497687006843		False		inositol polyphosphate		ITPK2, SAL2
p:ppp phosphatase	phrase	ppp phosphatase	2	367	26	21521	4.510794382728988	0.07206728940889565	AT1G03445, AT4G26720	True	0.23080497687006843		False		ppp phosphatase		BSU1, PPX1
w:architecture	word	architecture	3	367	57	21521	3.0863329987093073	0.073392479228832	AT1G13300, AT3G25790, AT5G04340	True	0.2332079561918761		False		architecture		HRS1, HHO1, ZAT6
w:exchanger	word	exchanger	3	367	57	21521	3.0863329987093073	0.073392479228832	AT1G14660, AT3G06370, AT4G23700	True	0.2332079561918761		False		exchanger		NHX8, NHX4, CHX17
w:mutase	word	mutase	3	367	57	21521	3.0863329987093073	0.073392479228832	AT1G09780, AT1G22170, AT2G17280	True	0.2332079561918761		False		mutase		iPGAM1, gpmA1, PGM
w:homeostasis	word	homeostasis	13	367	485	21521	1.5718025787241217	0.0736562266080874	AT1G01140, AT1G68670, AT1G76080, AT2G33770, AT3G02040, AT3G17790, AT3G47420, AT3G60290, AT4G23700, AT4G28610, AT5G04340, AT5G16230, AT5G27100	True	0.233436530682402		False		homeostasis		CIPK9, HHO2, CDSP32, PHO2, SRG3, PAP17, G3Pp1, AT3G60290, CHX17, PHR1, ZAT6, S-ACP-DES3, GLR2.1
p:low affinity	phrase	low affinity	3	367	58	21521	3.0331203608005257	0.07646088169246418	AT1G14660, AT3G06370, AT5G50790	True	0.24169582602526987		False		low affinity		NHX8, NHX4, SWEET10
w:ppp	word	ppp	2	367	27	21521	4.343727924109396	0.07698283350610356	AT1G03445, AT4G26720	True	0.2419427590304265		False		ppp		BSU1, PPX1
w:rhamnogalacturonan	word	rhamnogalacturonan	2	367	27	21521	4.343727924109396	0.07698283350610356	AT3G02250, AT3G14790	True	0.2419427590304265		False		rhamnogalacturonan		RRT2, RHM3
p:ascorbate dependent	phrase	ascorbate dependent	4	367	94	21521	2.4953330627862482	0.07713540715185331	AT1G52790, AT1G52800, AT3G60290, AT5G20400	True	0.2419427590304265		False		ascorbate dependent		AT1G52790, AT1G52800, AT3G60290, AT5G20400
w:facilitating	word	facilitating	3	367	59	21521	2.9817115411259407	0.07958497312527063	AT2G16595, AT2G33770, AT3G52190	True	0.2486792132916016		False		facilitating		AT2G16595, PHO2, PHF1
p:serine kinase	phrase	serine kinase	16	367	636	21521	1.475228351584323	0.07969177747224702	AT1G01140, AT1G08650, AT1G20930, AT3G04530, AT3G08720, AT4G04710, AT4G14580, AT4G18700, AT4G25160, AT4G33950, AT5G01810, AT5G01820, AT5G59270, AT5G60270, AT5G60310, AT5G61550	True	0.2486792132916016		False		serine kinase		CIPK9, PPCK1, CDKB2;2, PPCK2, S6K2, CPK22, CIPK4, CIPK12, PUB35, OST1, CIPK15, SR1, LECRK22, LECRK17, LECRK110, PUB52
k:Plant defense	keyword	Plant defense	19	367	785	21521	1.4193200159669552	0.0806426692659822	AT1G05760, AT1G22070, AT1G63750, AT1G70250, AT1G75830, AT2G43535, AT2G43710, AT3G11650, AT3G11660, AT3G12500, AT4G02640, AT4G03960, AT4G30070, AT4G33950, AT4G38740, AT5G20320, AT5G24660, AT5G53760, AT5G60270	True	0.2510028861808193		False		Plant defense		RTM1, TGA3, AT1G63750, LTPG32, LCR67, ATTI4, SSI2, NHL2, NHL1, HCHIB, BZO2H1, PFA-DSP4, LCR59, OST1, ROC1, DCL4, LSU2, MLO11, LECRK17
w:wounding	word	wounding	8	367	262	21521	1.7905443351290637	0.08095257025478667	AT1G01140, AT1G55480, AT1G66760, AT1G71695, AT2G02990, AT3G56700, AT4G26010, AT5G47240	True	0.25132468877570247		False		wounding		CIPK9, ZKT, DTX9, PER12, RNS1, FAR6, PER44, NUDT8
w:confer	word	confer	6	367	176	21521	1.9991020559821648	0.08148768782027353	AT1G75830, AT2G38940, AT2G42690, AT4G30070, AT4G38740, AT5G49330	True	0.25137258616946495		False		confer		LCR67, PHT1;4, AT2G42690, LCR59, ROC1, MYB111
w:vhs	word	vhs	2	367	28	21521	4.188594783962632	0.08200075325330944	AT1G33340, AT4G40080	True	0.25137258616946495		False		vhs		AT1G33340, AT4G40080
w:linkage	word	linkage	2	367	28	21521	4.188594783962632	0.08200075325330944	AT3G11670, AT4G00550	True	0.25137258616946495		False		linkage		DGD1, DGD2
w:interconversion	word	interconversion	2	367	28	21521	4.188594783962632	0.08200075325330944	AT1G09780, AT1G22170	True	0.25137258616946495		False		interconversion		iPGAM1, gpmA1
w:isoleucine	word	isoleucine	2	367	28	21521	4.188594783962632	0.08200075325330944	AT1G10060, AT1G50110	True	0.25137258616946495		False		isoleucine		BCAT-1, BCAT6
w:channel	word	channel	8	367	263	21521	1.783736181763554	0.08232459900957428	AT2G43535, AT3G21620, AT3G24290, AT4G01470, AT4G33770, AT4G33950, AT5G24600, AT5G27100	True	0.25173124873028113		False		channel		ATTI4, OSCA1.5, AMT1;5, TIP1;3, ITPK2, OST1, AT5G24600, GLR2.1
k:Lipid biosynthesis	keyword	Lipid biosynthesis	7	367	220	21521	1.865828585583354	0.08362514416494993	AT2G32260, AT2G43710, AT3G09560, AT3G44830, AT3G56700, AT5G01220, AT5G16230	True	0.25506716904447135		False		Lipid biosynthesis		CCT1, SSI2, PAH1, PDAT2, FAR6, SQD2, S-ACP-DES3
k:Lectin	keyword	Lectin	5	367	137	21521	2.1401579188130233	0.08568579113716115	AT1G05760, AT2G43730, AT5G59270, AT5G60270, AT5G60310	True	0.26049227179816503		False		Lectin		RTM1, JAL24, LECRK22, LECRK17, LECRK110
p:dependent aminotransferase	phrase	dependent aminotransferase	3	367	61	21521	2.8839505069906637	0.08599654182814007	AT1G10060, AT1G50110, AT4G26200	True	0.26049227179816503		False		dependent aminotransferase		BCAT-1, BCAT6, ACS7
w:pap	word	pap	2	367	29	21521	4.044160481067368	0.08711615005904122	AT2G27190, AT5G64000	True	0.26049227179816503		False		pap		PAP12, SAL2
w:enth	word	enth	2	367	29	21521	4.044160481067368	0.08711615005904122	AT1G33340, AT4G40080	True	0.26049227179816503		False		enth		AT1G33340, AT4G40080
p:myo inositol	phrase	myo inositol	2	367	29	21521	4.044160481067368	0.08711615005904122	AT3G02870, AT4G34590	True	0.26049227179816503		False		myo inositol		VTC4, GBF6
w:myo	word	myo	2	367	29	21521	4.044160481067368	0.08711615005904122	AT3G02870, AT4G34590	True	0.26049227179816503		False		myo		VTC4, GBF6
p:low molecular	phrase	low molecular	2	367	29	21521	4.044160481067368	0.08711615005904122	AT1G75830, AT4G30070	True	0.26049227179816503		False		low molecular		LCR67, LCR59
p:oxoglutarate transaminase	phrase	oxoglutarate transaminase	2	367	29	21521	4.044160481067368	0.08711615005904122	AT1G10060, AT1G50110	True	0.26049227179816503		False		oxoglutarate transaminase		BCAT-1, BCAT6
w:carboxylase	word	carboxylase	3	367	62	21521	2.83743517623275	0.08928213825081228	AT1G08650, AT3G04530, AT3G14940	True	0.2663146133608788		False		carboxylase		PPCK1, PPCK2, PPC3
w:lipase	word	lipase	6	367	181	21521	1.943878242281	0.09027888683808372	AT2G22170, AT2G31690, AT2G42690, AT3G03310, AT3G11210, AT3G44830	True	0.2686293527675987		False		lipase		PLAT2, DALL5, AT2G42690, LCAT3, CPRD49, PDAT2
w:reductase	word	reductase	11	367	407	21521	1.5848737020399144	0.0905204761578781	AT1G76080, AT2G20800, AT3G14790, AT3G56700, AT4G12980, AT4G18530, AT4G31240, AT4G34350, AT5G07460, AT5G38710, AT5G61510	True	0.2686912670344821		False		reductase		CDSP32, NDB4, RHM3, FAR6, AT4G12980, AT4G18530, AT4G31240, HDR, PMSR2, POX2, AT5G61510
w:formin	word	formin	2	367	30	21521	3.909355131698456	0.09232426181678187	AT4G15190, AT4G15200	True	0.26944514779621953		False		formin		FH3, FH3
w:distance	word	distance	2	367	30	21521	3.909355131698456	0.09232426181678187	AT1G05760, AT5G20320	True	0.26944514779621953		False		distance		RTM1, DCL4
k:Endocytosis	keyword	Endocytosis	2	367	30	21521	3.909355131698456	0.09232426181678187	AT1G33340, AT4G40080	True	0.26944514779621953		False		Endocytosis		AT1G33340, AT4G40080
p:clathrin assembly	phrase	clathrin assembly	2	367	30	21521	3.909355131698456	0.09232426181678187	AT1G33340, AT4G40080	True	0.26944514779621953		False		clathrin assembly		AT1G33340, AT4G40080
w:triglyceride	word	triglyceride	2	367	30	21521	3.909355131698456	0.09232426181678187	AT2G31690, AT4G33950	True	0.26944514779621953		False		triglyceride		DALL5, OST1
w:glycerophospholipase	word	glycerophospholipase	2	367	30	21521	3.909355131698456	0.09232426181678187	AT3G03540, AT3G05630	True	0.26944514779621953		False		glycerophospholipase		NPC5, PLDP2
w:grain	word	grain	2	367	30	21521	3.909355131698456	0.09232426181678187	AT1G09780, AT1G32900	True	0.26944514779621953		False		grain		iPGAM1, GBSS1
w:water	word	water	13	367	507	21521	1.5035981275763295	0.09559192097543387	AT1G56600, AT1G60740, AT1G76080, AT2G41070, AT3G05640, AT3G20660, AT3G46970, AT4G01470, AT4G33950, AT5G01220, AT5G01820, AT5G24660, AT5G38710	True	0.27757967161119707		False		water		GolS2, PRXIID, CDSP32, EEL, AT3G05640, OCT4, PHS2, TIP1;3, OST1, SQD2, SR1, LSU2, POX2
w:phosphatidic	word	phosphatidic	3	367	64	21521	2.7487653269754766	0.09600814614128807	AT3G03310, AT3G05630, AT3G09560	True	0.27757967161119707		False		phosphatidic		LCAT3, PLDP2, PAH1
p:phosphatidic acid	phrase	phosphatidic acid	3	367	64	21521	2.7487653269754766	0.09600814614128807	AT3G03310, AT3G05630, AT3G09560	True	0.27757967161119707		False		phosphatidic acid		LCAT3, PLDP2, PAH1
w:sensor	word	sensor	5	367	142	21521	2.064800245615382	0.09618757163760605	AT1G09240, AT1G13300, AT3G25790, AT4G13420, AT5G54090	True	0.27757967161119707		False		sensor		NAS3, HRS1, HHO1, HAK5, MJP23.7
w:phototropic	word	phototropic	2	367	31	21521	3.783246901643667	0.09762045969563873	AT5G02200, AT5G67440	True	0.27757967161119707		False		phototropic		FHL, NPY3
w:spectrum	word	spectrum	2	367	31	21521	3.783246901643667	0.09762045969563873	AT1G75830, AT4G30070	True	0.27757967161119707		False		spectrum		LCR67, LCR59
p:jacalin lectin	phrase	jacalin lectin	2	367	31	21521	3.783246901643667	0.09762045969563873	AT1G05760, AT2G43730	True	0.27757967161119707		False		jacalin lectin		RTM1, JAL24
w:jacalin	word	jacalin	2	367	31	21521	3.783246901643667	0.09762045969563873	AT1G05760, AT2G43730	True	0.27757967161119707		False		jacalin		RTM1, JAL24
w:depending	word	depending	2	367	31	21521	3.783246901643667	0.09762045969563873	AT1G13300, AT3G25790	True	0.27757967161119707		False		depending		HRS1, HHO1
w:hybrid	word	hybrid	2	367	31	21521	3.783246901643667	0.09762045969563873	AT1G10000, AT2G26130	True	0.27757967161119707		False		hybrid		AT1G10000, RSL1
w:polyubiquitination	word	polyubiquitination	2	367	31	21521	3.783246901643667	0.09762045969563873	AT2G26130, AT2G33770	True	0.27757967161119707		False		polyubiquitination		RSL1, PHO2
w:lectin	word	lectin	5	367	143	21521	2.0503610830586307	0.09836312855878691	AT1G05760, AT2G43730, AT5G59270, AT5G60270, AT5G60310	True	0.27903945793949575		False		lectin		RTM1, JAL24, LECRK22, LECRK17, LECRK110
k:Ubl conjugation	keyword	Ubl conjugation	7	367	230	21521	1.784705603601469	0.09981285042805373	AT1G69770, AT2G38940, AT4G07960, AT4G26200, AT4G28610, AT5G49160, AT5G62430	True	0.2824935790021893		False		Ubl conjugation		CMT3, PHT1;4, CSLC12, ACS7, PHR1, MET1, CDF1
w:stress	word	stress	34	367	1587	21521	1.2563145035703922	0.10010607146539198	AT1G01140, AT1G09780, AT1G27760, AT1G56600, AT1G60740, AT1G71695, AT1G76080, AT2G22170, AT2G26660, AT2G44260, AT2G44450, AT2G45130, AT2G48150, AT3G05490, AT3G06370, AT3G08720, AT3G21620, AT3G60490, AT4G02640, AT4G19810, AT4G26010, AT4G30270, AT4G33950, AT4G34590, AT4G38320, AT4G38740, AT5G01820, AT5G07460, AT5G09470, AT5G20150, AT5G24660, AT5G38710, AT5G59080, AT5G61510	True	0.28266609970622286		False		stress		CIPK9, iPGAM1, SAT32, GolS2, PRXIID, PER12, CDSP32, PLAT2, SPX2, AT2G44260, BGLU15, SPX3, GPX4, RALFL22, NHX4, S6K2, OSCA1.5, ERF035, BZO2H1, ChiC, PER44, XTH24, OST1, GBF6, HHP5, ROC1, SR1, PMSR2, DIC3, SPX1, LSU2, POX2, AT5G59080, AT5G61510
w:ribonuclease	word	ribonuclease	4	367	104	21521	2.255397191364494	0.10234467387855485	AT1G10000, AT2G02990, AT2G26130, AT5G20320	True	0.28750297744350334		False		ribonuclease		AT1G10000, RNS1, RSL1, DCL4
p:blue light	phrase	blue light	4	367	104	21521	2.255397191364494	0.10234467387855485	AT1G09780, AT4G38740, AT5G02200, AT5G39760	True	0.28750297744350334		False		blue light		iPGAM1, ROC1, FHL, HB23
w:signal	word	signal	23	367	1016	21521	1.3274877169645345	0.10279459098253561	AT1G01140, AT1G47890, AT1G58190, AT1G65480, AT1G72890, AT1G74200, AT2G16595, AT2G19330, AT2G25220, AT2G32660, AT3G05630, AT3G05640, AT3G60490, AT4G04710, AT4G14580, AT4G18700, AT4G38740, AT5G01810, AT5G01820, AT5G02200, AT5G06870, AT5G10740, AT5G27100	True	0.28750297744350334		False		signal		CIPK9, RLP7, RLP9, FT, AT1G72890, RLP16, AT2G16595, PIRL6, AT2G25220, RLP22, PLDP2, AT3G05640, ERF035, CPK22, CIPK4, CIPK12, ROC1, CIPK15, SR1, FHL, PGIP2, AT5G10740, GLR2.1
w:hexose	word	hexose	2	367	32	21521	3.6650204359673024	0.10300024500030194	AT3G56040, AT4G02050	True	0.28750297744350334		False		hexose		UGP3, STP7
w:calb	word	calb	2	367	32	21521	3.6650204359673024	0.10300024500030194	AT1G23140, AT3G04360	True	0.28750297744350334		False		calb		CAR8, AT3G04360
w:substrate	word	substrate	18	367	762	21521	1.3852045742238626	0.1033795460156328	AT1G55120, AT1G65840, AT1G69770, AT2G04160, AT2G26130, AT2G37890, AT2G38740, AT3G02870, AT3G03310, AT3G03540, AT3G21230, AT3G46970, AT3G53620, AT3G56700, AT4G19810, AT5G20320, AT5G51050, AT5G67440	True	0.28790139016252886		False		substrate		FRUCT5, PAO4, CMT3, AIR3, RSL1, AT2G37890, SGPP, VTC4, LCAT3, NPC5, 4CL5, PHS2, PPa4, FAR6, ChiC, DCL4, APC2, NPY3
k:NAD	keyword	NAD	9	367	324	21521	1.6288979715410234	0.10434800110336714	AT1G17615, AT1G63750, AT1G72890, AT2G20800, AT2G26640, AT3G03910, AT3G14790, AT4G31240, AT4G33030	True	0.2899349711022781		False		NAD		TN2, AT1G63750, AT1G72890, NDB4, KCS11, GDH3, RHM3, AT4G31240, SQD1
w:oxo	word	oxo	3	367	67	21521	2.6256862824840375	0.10646940779065255	AT1G10060, AT1G50110, AT3G56700	True	0.2951555108911712		False		oxo		BCAT-1, BCAT6, FAR6
p:threonine phosphatase	phrase	threonine phosphatase	4	367	106	21521	2.2128425273764845	0.10779078429799116	AT1G03445, AT3G05640, AT4G26720, AT5G10740	True	0.29813951020603463		False		threonine phosphatase		BSU1, AT3G05640, PPX1, AT5G10740
w:status	word	status	2	367	33	21521	3.55395921063496	0.10845924609887238	AT1G09240, AT3G02980	True	0.29930816893951856		False		status		NAS3, MCC1
w:lactoperoxidase	word	lactoperoxidase	3	367	68	21521	2.5870732489180956	0.1100517488466067	AT1G71695, AT3G17790, AT4G26010	True	0.3029119070564211		False		lactoperoxidase		PER12, PAP17, PER44
p:amino acid	phrase	amino acid	9	367	328	21521	1.6090333621319866	0.11026292097452306	AT1G08630, AT1G10010, AT1G10060, AT1G50110, AT3G02980, AT3G03910, AT4G34590, AT5G02180, AT5G27100	True	0.3029119070564211		False		amino acid		THA1, AAP8, BCAT-1, BCAT6, MCC1, GDH3, GBF6, AVT1D, GLR2.1
w:use	word	use	5	367	149	21521	1.9677962072307664	0.11192931361861357	AT1G55120, AT2G11810, AT3G02870, AT3G56040, AT5G20410	True	0.30655978397935785		False		use		FRUCT5, MGDC, VTC4, UGP3, MGD2
w:basic	word	basic	7	367	237	21521	1.7319927798664045	0.11209458000888597	AT2G04160, AT2G31730, AT2G41070, AT2G43140, AT3G12500, AT3G49760, AT4G02640	True	0.30655978397935785		False		basic		AIR3, BHLH154, EEL, BHLH129, HCHIB, bZIP5, BZO2H1
w:carboxylate	word	carboxylate	3	367	69	21521	2.5495794337163837	0.11368002104981104	AT3G21230, AT4G26200, AT5G38710	True	0.30760475202370785		False		carboxylate		4CL5, ACS7, POX2
w:range	word	range	2	367	34	21521	3.4494309985574607	0.113993215417167	AT2G38740, AT5G09470	True	0.30760475202370785		False		range		SGPP, DIC3
p:chromosome condensation	phrase	chromosome condensation	2	367	34	21521	3.4494309985574607	0.113993215417167	AT3G03790, AT3G47460	True	0.30760475202370785		False		chromosome condensation		AT3G03790, ATSMC2
p:molecular weight	phrase	molecular weight	2	367	34	21521	3.4494309985574607	0.113993215417167	AT1G75830, AT4G30070	True	0.30760475202370785		False		molecular weight		LCR67, LCR59
p:agc ser	phrase	agc ser	2	367	34	21521	3.4494309985574607	0.113993215417167	AT3G08720, AT4G13000	True	0.30760475202370785		False		agc ser		S6K2, AT4G13000
w:organic	word	organic	2	367	34	21521	3.4494309985574607	0.113993215417167	AT1G60740, AT3G20660	True	0.30760475202370785		False		organic		PRXIID, OCT4
w:starch	word	starch	4	367	109	21521	2.1519386046046547	0.11619894692955282	AT1G32900, AT3G27190, AT3G46970, AT5G19220	True	0.3126098936343782		False		starch		GBSS1, UKL2, PHS2, APL1
p:carbohydrate metabolic	phrase	carbohydrate metabolic	9	367	332	21521	1.5896474180099145	0.11636177634870445	AT1G55120, AT2G44450, AT2G44460, AT3G12500, AT3G46970, AT3G49360, AT4G19770, AT4G19810, AT4G30270	True	0.3126098936343782		False		carbohydrate metabolic		FRUCT5, BGLU15, BGLU28, HCHIB, PHS2, PGL2, AT4G19770, ChiC, XTH24
w:dephosphorylation	word	dephosphorylation	3	367	70	21521	2.5131568703775784	0.11735319718706823	AT1G03445, AT3G05640, AT3G09560	True	0.3142648923696984		False		dephosphorylation		BSU1, AT3G05640, PAH1
w:monoatomic	word	monoatomic	6	367	195	21521	1.804317753091595	0.11749426953838354	AT1G14660, AT3G06370, AT3G21620, AT4G23700, AT4G28610, AT5G27100	True	0.3142648923696984		False		monoatomic		NHX8, NHX4, OSCA1.5, CHX17, PHR1, GLR2.1
w:lignin	word	lignin	5	367	152	21521	1.9289581241933171	0.11903391574411165	AT1G71695, AT3G11670, AT3G21230, AT3G27190, AT4G26010	True	0.31572841268597174		False		lignin		PER12, DGD1, 4CL5, UKL2, PER44
w:blue	word	blue	4	367	110	21521	2.132375526380976	0.11906381316575707	AT1G09780, AT4G38740, AT5G02200, AT5G39760	True	0.31572841268597174		False		blue		iPGAM1, ROC1, FHL, HB23
p:leucine zipper	phrase	leucine zipper	4	367	110	21521	2.132375526380976	0.11906381316575707	AT2G41070, AT3G03260, AT3G49760, AT4G02640	True	0.31572841268597174		False		leucine zipper		EEL, HDG8, bZIP5, BZO2H1
w:open	word	open	2	367	35	21521	3.3508758271701047	0.11959802649813721	AT1G58300, AT4G33950	True	0.31572841268597174		False		open		HO4, OST1
w:weight	word	weight	2	367	35	21521	3.3508758271701047	0.11959802649813721	AT1G75830, AT4G30070	True	0.31572841268597174		False		weight		LCR67, LCR59
w:mannitol	word	mannitol	2	367	35	21521	3.3508758271701047	0.11959802649813721	AT1G01140, AT3G02870	True	0.31572841268597174		False		mannitol		CIPK9, VTC4
k:ATP-binding	keyword	ATP-binding	42	367	2052	21521	1.2002406106091752	0.1231041214982073	AT1G01140, AT1G08650, AT1G20930, AT1G51805, AT1G70250, AT2G25220, AT2G30040, AT3G04530, AT3G07350, AT3G08720, AT3G10420, AT3G20660, AT3G21230, AT3G28360, AT3G47090, AT3G47460, AT3G52310, AT3G60160, AT3G63260, AT4G04710, AT4G13000, AT4G14580, AT4G18700, AT4G21470, AT4G25160, AT4G33770, AT4G33950, AT5G01810, AT5G01820, AT5G19220, AT5G20320, AT5G44240, AT5G49780, AT5G54090, AT5G57610, AT5G59270, AT5G60270, AT5G60310, AT5G61550, AT5G63680, AT5G65500, AT5G67080	True	0.3236798084059505		False		ATP-binding		CIPK9, PPCK1, CDKB2;2, SIF3, LTPG32, AT2G25220, MAPKKK14, PPCK2, AT3G07350, S6K2, SPD1, OCT4, 4CL5, ABCB16, AT3G47090, ATSMC2, ABCG27, ABCC9, ATMRK1, CPK22, AT4G13000, CIPK4, CIPK12, FMN/FHY, PUB35, ITPK2, OST1, CIPK15, SR1, APL1, DCL4, ALA2, AT5G49780, MJP23.7, MUA2.19, LECRK22, LECRK17, LECRK110, PUB52, MBK5.16, PUB50, MAPKKK19
w:increase	word	increase	3	367	72	21521	2.4433469573115345	0.12483012764450592	AT1G56600, AT3G05490, AT5G09470	True	0.3236798084059505		False		increase		GolS2, RALFL22, DIC3
w:mitogen	word	mitogen	3	367	72	21521	2.4433469573115345	0.12483012764450592	AT2G30040, AT3G05490, AT5G67080	True	0.3236798084059505		False		mitogen		MAPKKK14, RALFL22, MAPKKK19
p:mitogen activated	phrase	mitogen activated	3	367	72	21521	2.4433469573115345	0.12483012764450592	AT2G30040, AT3G05490, AT5G67080	True	0.3236798084059505		False		mitogen activated		MAPKKK14, RALFL22, MAPKKK19
w:reversible	word	reversible	3	367	72	21521	2.4433469573115345	0.12483012764450592	AT3G10420, AT3G52720, AT4G04040	True	0.3236798084059505		False		reversible		SPD1, ACA1, MEE51
w:zipper	word	zipper	4	367	112	21521	2.094297391981316	0.12488429947973204	AT2G41070, AT3G03260, AT3G49760, AT4G02640	True	0.3236798084059505		False		zipper		EEL, HDG8, bZIP5, BZO2H1
w:cytosine	word	cytosine	2	367	36	21521	3.2577959430820465	0.12526967112506385	AT1G69770, AT5G49160	True	0.3236798084059505		False		cytosine		CMT3, MET1
w:glc	word	glc	2	367	36	21521	3.2577959430820465	0.12526967112506385	AT3G02870, AT5G19220	True	0.3236798084059505		False		glc		VTC4, APL1
p:multidrug resistance	phrase	multidrug resistance	2	367	36	21521	3.2577959430820465	0.12526967112506385	AT3G28360, AT3G60160	True	0.3236798084059505		False		multidrug resistance		ABCB16, ABCC9
p:confer sensitivity	phrase	confer sensitivity	2	367	36	21521	3.2577959430820465	0.12526967112506385	AT2G38940, AT2G42690	True	0.3236798084059505		False		confer sensitivity		PHT1;4, AT2G42690
p:glycosyl compound	phrase	glycosyl compound	6	367	199	21521	1.7680500595621154	0.12594826826721417	AT1G02310, AT1G55120, AT2G44450, AT2G44460, AT4G19770, AT4G30270	True	0.32474373407033824		False		glycosyl compound		MAN1, FRUCT5, BGLU15, BGLU28, AT4G19770, XTH24
k:Cell membrane	keyword	Cell membrane	28	367	1308	21521	1.2552975193527152	0.12767375380594076	AT1G10010, AT1G14660, AT1G23140, AT1G47890, AT1G58190, AT1G68740, AT2G26130, AT2G32660, AT2G35060, AT2G38940, AT2G47920, AT3G02050, AT3G11650, AT3G11660, AT3G23870, AT3G47090, AT4G02050, AT4G13420, AT4G13800, AT4G13900, AT4G19960, AT4G37220, AT5G14880, AT5G50790, AT5G59270, AT5G60270, AT5G60310, AT5G67440	True	0.3284967407649681		False		Cell membrane		AAP8, NHX8, CAR8, RLP7, RLP9, PHO1;H1, RSL1, RLP22, KUP11, PHT1;4, NET3C, KUP3, NHL2, NHL1, AT3G23870, AT3G47090, STP7, HAK5, AT4G13800, RLP49, KUP9, AT4G37220, POT8, SWEET10, LECRK22, LECRK17, LECRK110, NPY3
k:Peroxidase	keyword	Peroxidase	4	367	114	21521	2.0575553324728717	0.13082296844635322	AT1G60740, AT1G71695, AT2G48150, AT4G26010	True	0.3325001911383175		False		Peroxidase		PRXIID, PER12, GPX4, PER44
w:mannose	word	mannose	4	367	114	21521	2.0575553324728717	0.13082296844635322	AT1G05760, AT1G19200, AT2G38740, AT2G43730	True	0.3325001911383175		False		mannose		RTM1, FLZ12, SGPP, JAL24
w:flavonol	word	flavonol	2	367	37	21521	3.1697474040798292	0.1310042565072174	AT2G44450, AT5G49330	True	0.3325001911383175		False		flavonol		BGLU15, MYB111
w:phosphoprotein	word	phosphoprotein	2	367	37	21521	3.1697474040798292	0.1310042565072174	AT1G03445, AT3G47070	True	0.3325001911383175		False		phosphoprotein		BSU1, AT3G47070
w:physiological	word	physiological	2	367	37	21521	3.1697474040798292	0.1310042565072174	AT1G09240, AT1G76080	True	0.3325001911383175		False		physiological		NAS3, CDSP32
w:leucine	word	leucine	11	367	438	21521	1.4727022756398291	0.13105623864102348	AT1G10060, AT1G50110, AT1G51805, AT2G19330, AT2G41070, AT3G03260, AT3G47090, AT3G49760, AT4G02640, AT5G49780, AT5G56570	True	0.3325001911383175		False		leucine		BCAT-1, BCAT6, SIF3, PIRL6, EEL, HDG8, AT3G47090, bZIP5, BZO2H1, AT5G49780, AT5G56570
w:dependent	word	dependent	50	367	2501	21521	1.1723376044677498	0.13114222822217947	AT1G01140, AT1G08180, AT1G08650, AT1G10060, AT1G19200, AT1G20930, AT1G22170, AT1G23140, AT1G33340, AT1G50110, AT1G52790, AT1G52800, AT1G60740, AT1G67600, AT1G69770, AT1G71695, AT2G26130, AT2G26660, AT2G33770, AT3G04360, AT3G04530, AT3G05490, AT3G09560, AT3G14790, AT3G21230, AT3G21280, AT3G60290, AT4G04040, AT4G04710, AT4G04955, AT4G13000, AT4G13420, AT4G14580, AT4G18700, AT4G26010, AT4G26200, AT4G28610, AT4G33030, AT4G33950, AT4G40080, AT5G01810, AT5G01820, AT5G20150, AT5G20400, AT5G51050, AT5G53760, AT5G54090, AT5G55930, AT5G62430, AT5G62730	True	0.3325001911383175		False		dependent		CIPK9, SMR2, PPCK1, BCAT-1, FLZ12, CDKB2;2, gpmA1, CAR8, AT1G33340, BCAT6, AT1G52790, AT1G52800, PRXIID, AT1G67600, CMT3, PER12, RSL1, SPX2, PHO2, AT3G04360, PPCK2, RALFL22, PAH1, RHM3, 4CL5, UBP7, AT3G60290, MEE51, CPK22, ALN, AT4G13000, HAK5, CIPK4, CIPK12, PER44, ACS7, PHR1, SQD1, OST1, AT4G40080, CIPK15, SR1, SPX1, AT5G20400, APC2, MLO11, MJP23.7, OPT1, CDF1, NPF4.7
w:heterochromatin	word	heterochromatin	3	367	74	21521	2.3773105530598717	0.1324742360867132	AT1G69770, AT5G02200, AT5G20320	True	0.3351790962942411		False		heterochromatin		CMT3, FHL, DCL4
p:monoatomic cation	phrase	monoatomic cation	4	367	115	21521	2.0396635469731073	0.1338355412753348	AT1G14660, AT3G06370, AT3G21620, AT4G23700	True	0.3379208583653163		False		monoatomic cation		NHX8, NHX4, OSCA1.5, CHX17
w:production	word	production	7	367	249	21521	1.648523248306578	0.13490457027128536	AT1G09780, AT1G52790, AT1G52800, AT1G66390, AT5G09470, AT5G20320, AT5G49330	True	0.33991482819907715		False		production		iPGAM1, AT1G52790, AT1G52800, MYB90, DIC3, DCL4, MYB111
w:reduction	word	reduction	9	367	344	21521	1.5341946011025918	0.13574104629259404	AT1G01190, AT1G60740, AT1G76080, AT2G29090, AT3G14790, AT3G56700, AT3G61880, AT5G07460, AT5G61510	True	0.340063543210321		False		reduction		CYP78A8, PRXIID, CDSP32, CYP707A2, RHM3, FAR6, CYP78A9, PMSR2, AT5G61510
w:acidic	word	acidic	3	367	75	21521	2.3456130790190732	0.13635637535415226	AT1G10010, AT2G11810, AT5G20410	True	0.340063543210321		False		acidic		AAP8, MGDC, MGD2
w:organogenesis	word	organogenesis	2	367	38	21521	3.0863329987093073	0.13679800252669816	AT4G32690, AT5G67440	True	0.340063543210321		False		organogenesis		GLB3, NPY3
w:dimer	word	dimer	2	367	38	21521	3.0863329987093073	0.13679800252669816	AT4G19810, AT4G28610	True	0.340063543210321		False		dimer		ChiC, PHR1
w:valine	word	valine	2	367	38	21521	3.0863329987093073	0.13679800252669816	AT1G10060, AT1G50110	True	0.340063543210321		False		valine		BCAT-1, BCAT6
w:cotyledon	word	cotyledon	4	367	116	21521	2.022080240533684	0.13687635282793276	AT4G19960, AT4G31780, AT5G49330, AT5G67440	True	0.340063543210321		False		cotyledon		KUP9, MGD1, MYB111, NPY3
w:bacterial	word	bacterial	6	367	204	21521	1.7247154992787304	0.1369195860090857	AT1G32900, AT3G03540, AT4G03960, AT4G38740, AT5G19220, AT5G20320	True	0.340063543210321		False		bacterial		GBSS1, NPC5, PFA-DSP4, ROC1, APL1, DCL4
w:oligopeptide	word	oligopeptide	4	367	117	21521	2.0047975034351055	0.13994495675432192	AT1G48370, AT4G38740, AT5G55930, AT5G62730	True	0.34616465928863777		False		oligopeptide		YSL8, ROC1, OPT1, NPF4.7
w:glucosyltransferase	word	glucosyltransferase	4	367	117	21521	2.0047975034351055	0.13994495675432192	AT1G32900, AT2G19880, AT4G10120, AT5G05870	True	0.34616465928863777		False		glucosyltransferase		GBSS1, GCS, ATSPS4F, UGT76C1
w:adenosine	word	adenosine	3	367	76	21521	2.3147497490319804	0.14027717835392073	AT3G02870, AT5G51050, AT5G64000	True	0.3462826086343236		False		adenosine		VTC4, APC2, SAL2
w:darkness	word	darkness	2	367	39	21521	3.0071962551526585	0.1426472390451988	AT1G31480, AT4G33950	True	0.349932217183871		False		darkness		SGR2, OST1
w:possess	word	possess	2	367	39	21521	3.0071962551526585	0.1426472390451988	AT3G16190, AT3G27190	True	0.349932217183871		False		possess		AT3G16190, UKL2
w:transient	word	transient	2	367	39	21521	3.0071962551526585	0.1426472390451988	AT1G23140, AT3G05490	True	0.349932217183871		False		transient		CAR8, RALFL22
w:defense	word	defense	24	367	1114	21521	1.2633463621287648	0.1429057616601347	AT1G05760, AT1G22070, AT1G52940, AT1G72890, AT1G75830, AT1G76080, AT2G43535, AT2G43710, AT3G04360, AT3G11650, AT3G11660, AT3G12500, AT3G27960, AT4G02640, AT4G03960, AT4G30070, AT4G33950, AT5G20320, AT5G24660, AT5G39720, AT5G47240, AT5G53760, AT5G60270, AT5G60310	True	0.349932217183871		False		defense		RTM1, TGA3, PAP5, AT1G72890, LCR67, CDSP32, ATTI4, SSI2, AT3G04360, NHL2, NHL1, HCHIB, KLCR2, BZO2H1, PFA-DSP4, LCR59, OST1, DCL4, LSU2, AIG2L, NUDT8, MLO11, LECRK17, LECRK110
w:plasmodesma	word	plasmodesma	16	367	700	21521	1.340350330868042	0.1455489350478344	AT1G09780, AT1G31480, AT1G71695, AT2G16430, AT2G38940, AT2G44450, AT2G46880, AT3G05490, AT3G11650, AT3G14790, AT3G60160, AT4G04710, AT4G07960, AT5G01820, AT5G06870, AT5G44240	True	0.3556888633598684		False		plasmodesma		iPGAM1, SGR2, PER12, PAP10, PHT1;4, BGLU15, PAP14, RALFL22, NHL2, RHM3, ABCC9, CPK22, CSLC12, SR1, PGIP2, ALA2
w:catalytic	word	catalytic	13	367	548	21521	1.3911026472284653	0.1461086199923892	AT1G09780, AT1G10060, AT1G22170, AT1G50110, AT2G26130, AT2G32260, AT2G38740, AT3G05630, AT3G21230, AT3G46970, AT4G04040, AT4G21470, AT4G26200	True	0.35576252716292767		False		catalytic		iPGAM1, BCAT-1, gpmA1, BCAT6, RSL1, CCT1, SGPP, PLDP2, 4CL5, PHS2, MEE51, FMN/FHY, ACS7
k:Dioxygenase	keyword	Dioxygenase	4	367	119	21521	1.9711034277471207	0.1461637334276613	AT1G52790, AT1G52800, AT3G60290, AT5G20400	True	0.35576252716292767		False		Dioxygenase		AT1G52790, AT1G52800, AT3G60290, AT5G20400
k:Heme	keyword	Heme	9	367	351	21521	1.5035981275763293	0.1477747688634565	AT1G01190, AT1G33720, AT1G58300, AT1G71695, AT2G29090, AT3G61880, AT4G12980, AT4G26010, AT4G32690	True	0.35727946003739836		False		Heme		CYP78A8, CYP76C6, HO4, PER12, CYP707A2, CYP78A9, AT4G12980, PER44, GLB3
w:epimerase	word	epimerase	3	367	78	21521	2.255397191364494	0.14823059574381994	AT3G14790, AT4G33030, AT5G66530	True	0.35727946003739836		False		epimerase		RHM3, SQD1, AT5G66530
w:space	word	space	3	367	78	21521	2.255397191364494	0.14823059574381994	AT2G20800, AT3G05490, AT3G10420	True	0.35727946003739836		False		space		NDB4, RALFL22, SPD1
w:source	word	source	2	367	40	21521	2.9320163487738418	0.1485484032694524	AT3G14940, AT3G46970	True	0.35727946003739836		False		source		PPC3, PHS2
w:substituted	word	substituted	2	367	40	21521	2.9320163487738418	0.1485484032694524	AT3G21230, AT4G07960	True	0.35727946003739836		False		substituted		4CL5, CSLC12
w:aliphatic	word	aliphatic	2	367	40	21521	2.9320163487738418	0.1485484032694524	AT1G52790, AT1G52800	True	0.35727946003739836		False		aliphatic		AT1G52790, AT1G52800
k:Receptor	keyword	Receptor	13	367	550	21521	1.3860440921476345	0.1488859713122394	AT1G47890, AT1G51805, AT1G58190, AT1G70250, AT1G74200, AT2G32660, AT3G47090, AT4G13900, AT5G27100, AT5G49780, AT5G59270, AT5G60270, AT5G60310	True	0.3573850632879593		False		Receptor		RLP7, SIF3, RLP9, LTPG32, RLP16, RLP22, AT3G47090, RLP49, GLR2.1, AT5G49780, LECRK22, LECRK17, LECRK110
w:primary	word	primary	7	367	256	21521	1.603446440735695	0.14918864580461724	AT1G13300, AT3G14790, AT3G25790, AT3G56700, AT4G12980, AT4G30270, AT5G04340	True	0.3574066573705102		False		primary		HRS1, RHM3, HHO1, FAR6, AT4G12980, XTH24, ZAT6
w:aminotransferase	word	aminotransferase	3	367	79	21521	2.226847859828234	0.1522611223323624	AT1G10060, AT1G50110, AT4G26200	True	0.3640506598791454		False		aminotransferase		BCAT-1, BCAT6, ACS7
p:water deprivation	phrase	water deprivation	10	367	403	21521	1.4550949621706413	0.15302483564374314	AT1G56600, AT1G76080, AT2G41070, AT3G05640, AT3G20660, AT3G46970, AT4G33950, AT5G01820, AT5G24660, AT5G38710	True	0.3651592646635988		False		water deprivation		GolS2, CDSP32, EEL, AT3G05640, OCT4, PHS2, OST1, SR1, LSU2, POX2
p:mosaic virus	phrase	mosaic virus	2	367	41	21521	2.860503754901309	0.1544980371741596	AT1G22070, AT5G20320	True	0.3658056638929032		False		mosaic virus		TGA3, DCL4
w:adenylyltransferase	word	adenylyltransferase	2	367	41	21521	2.860503754901309	0.1544980371741596	AT4G21470, AT5G19220	True	0.3658056638929032		False		adenylyltransferase		FMN/FHY, APL1
w:aaap	word	aaap	2	367	41	21521	2.860503754901309	0.1544980371741596	AT1G10010, AT5G02180	True	0.3658056638929032		False		aaap		AAP8, AVT1D
p:auxin permease	phrase	auxin permease	2	367	41	21521	2.860503754901309	0.1544980371741596	AT1G10010, AT5G02180	True	0.3658056638929032		False		auxin permease		AAP8, AVT1D
w:long	word	long	8	367	307	21521	1.5280866964293638	0.15587566632007807	AT1G05760, AT1G65480, AT2G26640, AT3G56700, AT4G04040, AT5G07460, AT5G20320, AT5G50790	True	0.36798628707128983		False		long		RTM1, FT, KCS11, FAR6, MEE51, PMSR2, DCL4, SWEET10
w:enhance	word	enhance	3	367	80	21521	2.199012261580381	0.15632613838607792	AT2G26130, AT2G34210, AT5G61510	True	0.36798628707128983		False		enhance		RSL1, AT2G34210, AT5G61510
w:clathrin	word	clathrin	3	367	80	21521	2.199012261580381	0.15632613838607792	AT1G33340, AT2G26130, AT4G40080	True	0.36798628707128983		False		clathrin		AT1G33340, RSL1, AT4G40080
w:shoot	word	shoot	8	367	308	21521	1.5231253759864114	0.15783089035745107	AT1G31480, AT1G55580, AT1G65480, AT3G60290, AT4G28610, AT4G32690, AT5G20320, AT5G67440	True	0.3708111844884517		False		shoot		SGR2, LAS, FT, AT3G60290, PHR1, GLB3, DCL4, NPY3
p:wall loosening	phrase	wall loosening	2	367	42	21521	2.792396522641754	0.16049278498120537	AT4G17030, AT4G30270	True	0.3720375606135751		False		wall loosening		EXLB1, XTH24
w:vivo	word	vivo	2	367	42	21521	2.792396522641754	0.16049278498120537	AT1G71695, AT5G09470	True	0.3720375606135751		False		vivo		PER12, DIC3
w:mosaic	word	mosaic	2	367	42	21521	2.792396522641754	0.16049278498120537	AT1G22070, AT5G20320	True	0.3720375606135751		False		mosaic		TGA3, DCL4
w:glucoside	word	glucoside	2	367	42	21521	2.792396522641754	0.16049278498120537	AT2G44450, AT5G05870	True	0.3720375606135751		False		glucoside		BGLU15, UGT76C1
p:chromosome segregation	phrase	chromosome segregation	2	367	42	21521	2.792396522641754	0.16049278498120537	AT3G02980, AT3G47460	True	0.3720375606135751		False		chromosome segregation		MCC1, ATSMC2
p:histone acetyltransferase	phrase	histone acetyltransferase	2	367	42	21521	2.792396522641754	0.16049278498120537	AT3G02980, AT4G34590	True	0.3720375606135751		False		histone acetyltransferase		MCC1, GBF6
p:substrate preference	phrase	substrate preference	2	367	42	21521	2.792396522641754	0.16049278498120537	AT1G65840, AT2G04160	True	0.3720375606135751		False		substrate preference		PAO4, AIR3
w:seem	word	seem	9	367	359	21521	1.4700917626164112	0.1621585501999776	AT1G55580, AT1G65480, AT2G11810, AT3G03310, AT3G12500, AT4G07960, AT5G20320, AT5G20410, AT5G53760	True	0.3751843262231421		False		seem		LAS, FT, MGDC, LCAT3, HCHIB, CSLC12, DCL4, MGD2, MLO11
w:hydrogen	word	hydrogen	7	367	263	21521	1.5607691590431099	0.16415261130209635	AT1G14660, AT1G60740, AT1G71695, AT3G06370, AT3G17790, AT4G02050, AT4G26010	True	0.37907728264639706		False		hydrogen		NHX8, PRXIID, PER12, NHX4, PAP17, STP7, PER44
k:Endonuclease	keyword	Endonuclease	3	367	82	21521	2.1453778161759818	0.16455548663377903	AT2G02990, AT5G20320, AT5G39640	True	0.3792879303661157		False		Endonuclease		RNS1, DCL4, MIJ24.14
w:producing	word	producing	2	367	43	21521	2.72745706862683	0.166529390694005	AT4G19810, AT5G20320	True	0.3827191314905526		False		producing		ChiC, DCL4
w:deprivation	word	deprivation	10	367	411	21521	1.426771945875349	0.16667308109284543	AT1G56600, AT1G76080, AT2G41070, AT3G05640, AT3G20660, AT3G46970, AT4G33950, AT5G01820, AT5G24660, AT5G38710	True	0.3827191314905526		False		deprivation		GolS2, CDSP32, EEL, AT3G05640, OCT4, PHS2, OST1, SR1, LSU2, POX2
w:anthocyanin	word	anthocyanin	3	367	83	21521	2.1195298906798854	0.1687177510765629	AT1G66390, AT2G02990, AT3G21230	True	0.38668456320184		False		anthocyanin		MYB90, RNS1, 4CL5
w:loosening	word	loosening	2	367	44	21521	2.66546940797622	0.17260469568584252	AT4G17030, AT4G30270	True	0.39186577469497536		False		loosening		EXLB1, XTH24
w:pin	word	pin	2	367	44	21521	2.66546940797622	0.17260469568584252	AT3G05630, AT5G67440	True	0.39186577469497536		False		pin		PLDP2, NPY3
w:moiety	word	moiety	2	367	44	21521	2.66546940797622	0.17260469568584252	AT3G05630, AT5G01220	True	0.39186577469497536		False		moiety		PLDP2, SQD2
w:inducing	word	inducing	2	367	44	21521	2.66546940797622	0.17260469568584252	AT1G05760, AT3G12500	True	0.39186577469497536		False		inducing		RTM1, HCHIB
k:Antiport	keyword	Antiport	3	367	84	21521	2.0942973919813155	0.1729103705926062	AT1G14660, AT3G06370, AT4G23700	True	0.39186577469497536		False		Antiport		NHX8, NHX4, CHX17
k:Photosynthesis	keyword	Photosynthesis	3	367	84	21521	2.0942973919813155	0.1729103705926062	AT1G55480, AT1G58300, AT3G14940	True	0.39186577469497536		False		Photosynthesis		ZKT, HO4, PPC3
w:catabolic	word	catabolic	22	367	1039	21521	1.2416623613671707	0.17485294221579337	AT1G02310, AT1G08630, AT1G09780, AT1G10060, AT1G62710, AT1G65840, AT1G71695, AT2G26130, AT2G29090, AT2G31690, AT3G03540, AT3G05630, AT3G12500, AT3G21280, AT4G04955, AT4G15980, AT4G19770, AT4G19810, AT4G26010, AT5G37710, AT5G38710, AT5G61430	True	0.3955316555327519		False		catabolic		MAN1, THA1, iPGAM1, BCAT-1, BETA-VPE, PAO4, PER12, RSL1, CYP707A2, DALL5, NPC5, PLDP2, HCHIB, UBP7, ALN, PME43, AT4G19770, ChiC, PER44, AT5G37710, POX2, NAC100
k:Protein phosphatase	keyword	Protein phosphatase	4	367	128	21521	1.8325102179836512	0.17540214311444702	AT1G03445, AT3G05640, AT4G26720, AT5G10740	True	0.39603786302464195		False		Protein phosphatase		BSU1, AT3G05640, PPX1, AT5G10740
w:cis	word	cis	3	367	85	21521	2.0696585991344763	0.17713232213591046	AT1G22070, AT2G43710, AT5G16230	True	0.3984658706828152		False		cis		TGA3, SSI2, S-ACP-DES3
w:endocytosis	word	endocytosis	3	367	85	21521	2.0696585991344763	0.17713232213591046	AT1G33340, AT2G26130, AT4G40080	True	0.3984658706828152		False		endocytosis		AT1G33340, RSL1, AT4G40080
w:fungi	word	fungi	2	367	45	21521	2.6062367544656375	0.17871563634107862	AT4G03960, AT5G06870	True	0.4012858476514625		False		fungi		PFA-DSP4, PGIP2
w:efficient	word	efficient	3	367	86	21521	2.0455928014701223	0.18138258790222805	AT2G20800, AT4G33950, AT5G20320	True	0.4065241426832625		False		efficient		NDB4, OST1, DCL4
p:fatty acid	phrase	fatty acid	8	367	320	21521	1.4660081743869209	0.18217507034580158	AT2G11810, AT2G26640, AT2G43710, AT3G03310, AT3G56700, AT4G33950, AT5G16230, AT5G20410	True	0.4075497437699274		False		fatty acid		MGDC, KCS11, SSI2, LCAT3, FAR6, OST1, S-ACP-DES3, MGD2
w:nucleation	word	nucleation	2	367	46	21521	2.5495794337163846	0.1848592417481407	AT4G15190, AT4G15200	True	0.41053594380928327		False		nucleation		FH3, FH3
p:polyamine transporter	phrase	polyamine transporter	2	367	46	21521	2.5495794337163846	0.1848592417481407	AT1G10010, AT5G02180	True	0.41053594380928327		False		polyamine transporter		AAP8, AVT1D
w:salvage	word	salvage	2	367	46	21521	2.5495794337163846	0.1848592417481407	AT1G50110, AT3G27190	True	0.41053594380928327		False		salvage		BCAT6, UKL2
w:aldolase	word	aldolase	2	367	46	21521	2.5495794337163846	0.1848592417481407	AT1G08630, AT1G22410	True	0.41053594380928327		False		aldolase		THA1, AT1G22410
w:specificity	word	specificity	5	367	177	21521	1.656506411736634	0.18569903207526314	AT1G08630, AT1G10010, AT1G71695, AT4G03960, AT5G62430	True	0.4109013127919913		False		specificity		THA1, AAP8, PER12, PFA-DSP4, CDF1
w:antiporter	word	antiporter	5	367	177	21521	1.656506411736634	0.18569903207526314	AT1G14660, AT1G66760, AT3G06370, AT3G47420, AT4G23700	True	0.4109013127919913		False		antiporter		NHX8, DTX9, NHX4, G3Pp1, CHX17
p:glycosyl hydrolase	phrase	glycosyl hydrolase	9	367	372	21521	1.4187175881163752	0.18689052470849468	AT1G02310, AT1G55120, AT2G44450, AT2G44460, AT3G12500, AT4G19770, AT4G19810, AT4G30270, AT5G39640	True	0.412787238784461		False		glycosyl hydrolase		MAN1, FRUCT5, BGLU15, BGLU28, HCHIB, AT4G19770, ChiC, XTH24, MIJ24.14
w:multidrug	word	multidrug	3	367	88	21521	1.9991020559821648	0.1899640198783578	AT1G66760, AT3G28360, AT3G60160	True	0.4188156017970316		False		multidrug		DTX9, ABCB16, ABCC9
w:transaminase	word	transaminase	2	367	47	21521	2.4953330627862482	0.19103263144321928	AT1G10060, AT1G50110	True	0.420409968293667		False		transaminase		BCAT-1, BCAT6
w:plant	word	plant	59	367	3092	21521	1.118945437112915	0.19191497593104054	AT1G09240, AT1G22070, AT1G22990, AT1G23140, AT1G31480, AT1G32900, AT1G55120, AT1G71695, AT1G72890, AT1G74210, AT1G75830, AT2G02990, AT2G11810, AT2G16430, AT2G19330, AT2G26130, AT2G31690, AT2G40900, AT2G43710, AT2G44450, AT2G45130, AT2G47920, AT3G05490, AT3G06370, AT3G08720, AT3G11650, AT3G11660, AT3G12500, AT3G20660, AT3G49360, AT4G02640, AT4G03960, AT4G07960, AT4G10120, AT4G13420, AT4G15980, AT4G17030, AT4G19810, AT4G24890, AT4G25160, AT4G26010, AT4G28610, AT4G30070, AT4G30270, AT4G33950, AT4G34980, AT4G38740, AT5G01820, AT5G06870, AT5G09470, AT5G13820, AT5G16230, AT5G19220, AT5G20150, AT5G20410, AT5G23210, AT5G47240, AT5G61550, AT5G65500	True	0.42158939658497535		False		plant		NAS3, TGA3, HIPP22, CAR8, SGR2, GBSS1, FRUCT5, PER12, AT1G72890, GDPD5, LCR67, RNS1, MGDC, PAP10, PIRL6, RSL1, DALL5, UMAMIT11, SSI2, BGLU15, SPX3, NET3C, RALFL22, NHX4, S6K2, NHL2, NHL1, HCHIB, OCT4, PGL2, BZO2H1, PFA-DSP4, CSLC12, ATSPS4F, HAK5, PME43, EXLB1, ChiC, PAP24, PUB35, PER44, PHR1, LCR59, XTH24, OST1, SLP2, ROC1, SR1, PGIP2, DIC3, TBP1, S-ACP-DES3, APL1, SPX1, MGD2, SCPL34, NUDT8, PUB52, PUB50
w:chloroplast	word	chloroplast	69	367	3657	21521	1.1064212636882422	0.19371003196249578	AT1G09780, AT1G10060, AT1G13750, AT1G14660, AT1G19200, AT1G22150, AT1G22170, AT1G22410, AT1G32900, AT1G50110, AT1G55480, AT1G58300, AT1G74210, AT1G76080, AT2G11810, AT2G20800, AT2G25220, AT2G28305, AT2G29090, AT2G31690, AT2G43710, AT2G46880, AT3G02040, AT3G02050, AT3G02980, AT3G03790, AT3G03910, AT3G06370, AT3G10420, AT3G11650, AT3G11670, AT3G13110, AT3G14790, AT3G20660, AT3G21230, AT3G27190, AT3G27960, AT3G44510, AT3G44830, AT3G46970, AT3G52720, AT3G56040, AT3G56700, AT3G60160, AT4G00550, AT4G01470, AT4G04955, AT4G12980, AT4G21470, AT4G22030, AT4G24890, AT4G31780, AT4G33030, AT4G34310, AT4G34350, AT5G01220, AT5G16230, AT5G17240, AT5G19220, AT5G20410, AT5G24660, AT5G35050, AT5G41080, AT5G43340, AT5G50790, AT5G51050, AT5G61550, AT5G62430, AT5G64000	True	0.4247659619790223		False		chloroplast		iPGAM1, BCAT-1, PAP1, NHX8, FLZ12, SULTR1;3, gpmA1, AT1G22410, GBSS1, BCAT6, ZKT, HO4, GDPD5, CDSP32, MGDC, NDB4, AT2G25220, LOG1, CYP707A2, DALL5, SSI2, PAP14, SRG3, KUP3, MCC1, AT3G03790, GDH3, NHX4, SPD1, NHL2, DGD1, SERAT2;2, RHM3, OCT4, 4CL5, UKL2, KLCR2, AT3G44510, PDAT2, PHS2, ACA1, UGP3, FAR6, ABCC9, DGD2, TIP1;3, ALN, AT4G12980, FMN/FHY, AT4G22030, PAP24, MGD1, SQD1, AT4G34310, HDR, SQD2, S-ACP-DES3, SDG40, APL1, MGD2, LSU2, MSK10.16, GDPD2, PHT1;6, SWEET10, APC2, PUB52, CDF1, SAL2
p:cyclin dependent	phrase	cyclin dependent	3	367	89	21521	1.9766402351284325	0.19429318078193075	AT1G08180, AT1G19200, AT1G20930	True	0.425278419085629		False		cyclin dependent		SMR2, FLZ12, CDKB2;2
w:bond	word	bond	9	367	376	21521	1.4036248478172646	0.19481937083795875	AT2G43710, AT3G03310, AT3G03540, AT3G05630, AT3G11210, AT3G21280, AT4G04955, AT4G38740, AT5G16230	True	0.4256645858344628		False		bond		SSI2, LCAT3, NPC5, PLDP2, CPRD49, UBP7, ALN, ROC1, S-ACP-DES3
w:hypersensitive	word	hypersensitive	4	367	134	21521	1.7504575216560252	0.19591261740532537	AT1G05760, AT1G72890, AT4G02640, AT4G38740	True	0.42710422965979583		False		hypersensitive		RTM1, AT1G72890, BZO2H1, ROC1
w:contribute	word	contribute	8	367	327	21521	1.434625736403103	0.1970875461179975	AT1G68740, AT3G03540, AT3G05630, AT4G28610, AT5G01220, AT5G02200, AT5G44240, AT5G62430	True	0.42710422965979583		False		contribute		PHO1;H1, NPC5, PLDP2, PHR1, SQD2, FHL, ALA2, CDF1
w:vacuolar	word	vacuolar	8	367	327	21521	1.434625736403103	0.1970875461179975	AT1G31480, AT1G62710, AT2G26130, AT2G33770, AT3G04350, AT3G06370, AT3G20660, AT4G01470	True	0.42710422965979583		False		vacuolar		SGR2, BETA-VPE, RSL1, PHO2, AT3G04350, NHX4, OCT4, TIP1;3
w:palmitoyl	word	palmitoyl	2	367	48	21521	2.4433469573115345	0.19723301320361977	AT3G56700, AT5G16230	True	0.42710422965979583		False		palmitoyl		FAR6, S-ACP-DES3
w:branched	word	branched	2	367	48	21521	2.4433469573115345	0.19723301320361977	AT1G10060, AT1G50110	True	0.42710422965979583		False		branched		BCAT-1, BCAT6
w:adp	word	adp	7	367	278	21521	1.476554995785388	0.19832527507487957	AT1G63750, AT1G72890, AT3G53620, AT4G13700, AT5G17060, AT5G19220, AT5G51050	True	0.4287066780925905		False		adp		AT1G63750, AT1G72890, PPa4, PAP23, ARFB1B, APL1, APC2
w:derived	word	derived	4	367	135	21521	1.737491169643758	0.19940114973464257	AT1G66390, AT1G76080, AT3G21230, AT5G20320	True	0.429506547304531		False		derived		MYB90, CDSP32, 4CL5, DCL4
w:amp	word	amp	4	367	135	21521	1.737491169643758	0.19940114973464257	AT3G21230, AT4G13700, AT5G51050, AT5G64000	True	0.429506547304531		False		amp		4CL5, PAP23, APC2, SAL2
w:organism	word	organism	4	367	136	21521	1.7247154992787304	0.2029084077562087	AT1G75830, AT3G11650, AT3G11660, AT5G60270	True	0.4357663410021724		False		organism		LCR67, NHL2, NHL1, LECRK17
w:snare	word	snare	3	367	91	21521	1.9331975925981373	0.20302343085310742	AT1G33340, AT4G17790, AT4G40080	True	0.4357663410021724		False		snare		AT1G33340, DL4930W, AT4G40080
w:leu	word	leu	2	367	49	21521	2.393482733692932	0.20345768088973873	AT2G04160, AT3G03910	True	0.4359295733148099		False		leu		AIR3, GDH3
w:hydrolyzing	word	hydrolyzing	6	367	232	21521	1.5165601804002629	0.20578826300537895	AT1G02310, AT1G55120, AT2G44450, AT2G44460, AT4G19770, AT4G30270	True	0.44014818291308644		False		hydrolyzing		MAN1, FRUCT5, BGLU15, BGLU28, AT4G19770, XTH24
w:cyclin	word	cyclin	4	367	137	21521	1.7121263350504186	0.2064338999853528	AT1G08180, AT1G19200, AT1G20930, AT5G61650	True	0.44075448470556905		False		cyclin		SMR2, FLZ12, CDKB2;2, CYCP4;2
p:abiotic stress	phrase	abiotic stress	3	367	92	21521	1.9121845752872881	0.20742255766657466	AT2G22170, AT2G44450, AT4G38320	True	0.4420897595100199		False		abiotic stress		PLAT2, BGLU15, HHP5
w:manner	word	manner	8	367	332	21521	1.4130199271199237	0.2080372218057037	AT1G01140, AT2G26660, AT4G14580, AT4G18700, AT5G01810, AT5G01820, AT5G20150, AT5G55930	True	0.44262464849220523		False		manner		CIPK9, SPX2, CIPK4, CIPK12, CIPK15, SR1, SPX1, OPT1
k:Pathogenesis-related protein	keyword	Pathogenesis-related protein	2	367	50	21521	2.3456130790190732	0.2097040123346583	AT1G70250, AT5G53760	True	0.44364960637973033		False		Pathogenesis-related protein		LTPG32, MLO11
p:clathrin coated	phrase	clathrin coated	2	367	50	21521	2.3456130790190732	0.2097040123346583	AT1G33340, AT4G40080	True	0.44364960637973033		False		clathrin coated		AT1G33340, AT4G40080
w:loading	word	loading	2	367	50	21521	2.3456130790190732	0.2097040123346583	AT1G22150, AT1G68740	True	0.44364960637973033		False		loading		SULTR1;3, PHO1;H1
w:glucosinolate	word	glucosinolate	4	367	138	21521	1.6997196224775895	0.2099771349833399	AT1G50110, AT1G52790, AT1G52800, AT1G62540	True	0.44364960637973033		False		glucosinolate		BCAT6, AT1G52790, AT1G52800, FMOGS-OX2
w:synthesis	word	synthesis	13	367	591	21521	1.2898887490375617	0.21170569898994043	AT1G32900, AT1G66390, AT2G11810, AT3G03540, AT3G05630, AT3G09560, AT3G11670, AT4G00550, AT4G07960, AT4G10120, AT4G31780, AT5G19220, AT5G20410	True	0.4465265782855416		False		synthesis		GBSS1, MYB90, MGDC, NPC5, PLDP2, PAH1, DGD1, DGD2, CSLC12, ATSPS4F, MGD1, APL1, MGD2
w:inactive	word	inactive	5	367	186	21521	1.5763528756848613	0.2124735436336258	AT1G13750, AT2G28305, AT2G46880, AT3G16190, AT4G24890	True	0.447370765747617		False		inactive		PAP1, LOG1, PAP14, AT3G16190, PAP24
w:bisphosphate	word	bisphosphate	4	367	139	21521	1.6874914237547292	0.2135376215425	AT1G33340, AT3G02870, AT4G40080, AT5G64000	True	0.44883468983976255		False		bisphosphate		AT1G33340, VTC4, AT4G40080, SAL2
k:Leucine-rich repeat	keyword	Leucine-rich repeat	12	367	541	21521	1.3007096556482847	0.21552160281561317	AT1G47890, AT1G51805, AT1G58190, AT1G63750, AT1G74200, AT2G19330, AT2G32660, AT3G47090, AT4G13900, AT5G06870, AT5G49780, AT5G56570	True	0.45102725670019334		False		Leucine-rich repeat		RLP7, SIF3, RLP9, AT1G63750, RLP16, PIRL6, RLP22, AT3G47090, RLP49, PGIP2, AT5G49780, AT5G56570
w:desaturase	word	desaturase	2	367	51	21521	2.299620665704974	0.21596946728036406	AT2G43710, AT5G16230	True	0.45102725670019334		False		desaturase		SSI2, S-ACP-DES3
w:zygote	word	zygote	2	367	51	21521	2.299620665704974	0.21596946728036406	AT1G69770, AT5G49160	True	0.45102725670019334		False		zygote		CMT3, MET1
w:resistance	word	resistance	15	367	699	21521	1.2583761153535802	0.21606318048990364	AT1G05760, AT1G17615, AT1G22070, AT1G63750, AT1G72890, AT1G75830, AT1G76080, AT3G12500, AT3G28360, AT3G60160, AT4G30070, AT4G33950, AT4G38740, AT5G06870, AT5G60270	True	0.45102725670019334		False		resistance		RTM1, TN2, TGA3, AT1G63750, AT1G72890, LCR67, CDSP32, HCHIB, ABCB16, ABCC9, LCR59, OST1, ROC1, PGIP2, LECRK17
w:glycosyl	word	glycosyl	10	367	438	21521	1.338820250581663	0.21675143858445803	AT1G02310, AT1G55120, AT2G44450, AT2G44460, AT3G12500, AT4G19770, AT4G19810, AT4G30270, AT5G19220, AT5G39640	True	0.4516892136254887		False		glycosyl		MAN1, FRUCT5, BGLU15, BGLU28, HCHIB, AT4G19770, ChiC, XTH24, APL1, MIJ24.14
p:tir nbs	phrase	tir nbs	3	367	95	21521	1.8517997992255844	0.22074434007713375	AT1G17615, AT1G63750, AT1G72890	True	0.45766527814325214		False		tir nbs		TN2, AT1G63750, AT1G72890
w:cytoplasm	word	cytoplasm	70	367	3753	21521	1.0937444413225097	0.22088152866299662	AT1G01140, AT1G03020, AT1G05760, AT1G06830, AT1G08630, AT1G09780, AT1G10060, AT1G22990, AT1G27760, AT1G31480, AT1G50110, AT1G56600, AT1G60740, AT1G65480, AT1G72070, AT1G72890, AT2G16430, AT2G17280, AT2G26640, AT2G26660, AT2G28305, AT2G30540, AT2G32260, AT2G35060, AT2G38740, AT2G38940, AT2G42690, AT2G45130, AT2G46860, AT2G46880, AT2G47920, AT2G48150, AT3G02040, AT3G02870, AT3G11210, AT3G13110, AT3G13430, AT3G14940, AT3G16190, AT3G44510, AT3G46970, AT3G49360, AT3G52190, AT3G52720, AT3G53620, AT3G59300, AT3G60290, AT4G01480, AT4G02640, AT4G03960, AT4G04040, AT4G04955, AT4G13000, AT4G14580, AT4G15680, AT4G15690, AT4G18530, AT4G26200, AT4G26720, AT4G30270, AT4G33950, AT4G38740, AT5G01820, AT5G02200, AT5G24660, AT5G37670, AT5G41080, AT5G61650, AT5G64000, AT5G66530	True	0.45766527814325214		False		cytoplasm		CIPK9, GRXS1, RTM1, GRXS11, THA1, iPGAM1, BCAT-1, HIPP22, SAT32, SGR2, BCAT6, GolS2, PRXIID, FT, AT1G72070, AT1G72890, PAP10, PGM, KCS11, SPX2, LOG1, GRXS9, CCT1, KUP11, SGPP, PHT1;4, AT2G42690, SPX3, PPa3, PAP14, NET3C, GPX4, SRG3, VTC4, CPRD49, SERAT2;2, BTL07, PPC3, AT3G16190, AT3G44510, PHS2, PGL2, PHF1, ACA1, PPa4, AT3G59300, AT3G60290, PPa5, BZO2H1, PFA-DSP4, MEE51, ALN, AT4G13000, CIPK4, GRXS4, GRXS5, AT4G18530, ACS7, PPX1, XTH24, OST1, ROC1, SR1, FHL, LSU2, HSP15.7, GDPD2, CYCP4;2, SAL2, AT5G66530
w:controlled	word	controlled	2	367	52	21521	2.255397191364494	0.2222515853596237	AT1G32900, AT5G62430	True	0.45766527814325214		False		controlled		GBSS1, CDF1
k:Gibberellin signaling pathway	keyword	Gibberellin signaling pathway	2	367	52	21521	2.255397191364494	0.2222515853596237	AT2G26130, AT5G39760	True	0.45766527814325214		False		Gibberellin signaling pathway		RSL1, HB23
w:subtilase	word	subtilase	2	367	52	21521	2.255397191364494	0.2222515853596237	AT2G04160, AT4G34980	True	0.45766527814325214		False		subtilase		AIR3, SLP2
w:metallo	word	metallo	2	367	52	21521	2.255397191364494	0.2222515853596237	AT3G17790, AT4G04955	True	0.45766527814325214		False		metallo		PAP17, ALN
p:intermembrane space	phrase	intermembrane space	2	367	52	21521	2.255397191364494	0.2222515853596237	AT2G20800, AT3G10420	True	0.45766527814325214		False		intermembrane space		NDB4, SPD1
k:Glycosidase	keyword	Glycosidase	8	367	339	21521	1.3838425244950288	0.22375622884572868	AT1G02310, AT1G55120, AT2G44450, AT2G44460, AT3G12500, AT4G19770, AT4G19810, AT4G30270	True	0.45998535558319564		False		Glycosidase		MAN1, FRUCT5, BGLU15, BGLU28, HCHIB, AT4G19770, ChiC, XTH24
p:abscisic acid	phrase	abscisic acid	15	367	707	21521	1.244137064543356	0.2285507786556424	AT1G09780, AT1G13300, AT1G23140, AT1G56600, AT1G68670, AT2G26130, AT2G29090, AT2G37320, AT2G41070, AT2G43140, AT3G52310, AT4G19810, AT4G33950, AT5G01810, AT5G01820	True	0.4690494057738901		False		abscisic acid		iPGAM1, HRS1, CAR8, GolS2, HHO2, RSL1, CYP707A2, PCMP-E50, EEL, BHLH129, ABCG27, ChiC, OST1, CIPK15, SR1
k:Stress response	keyword	Stress response	12	367	549	21521	1.2817557808847395	0.22973948812036224	AT1G66390, AT2G02990, AT2G03020, AT2G22170, AT2G29090, AT2G40710, AT4G01470, AT4G34590, AT4G38320, AT5G09470, AT5G37670, AT5G38710	True	0.4706952138762304		False		Stress response		MYB90, RNS1, AT2G03020, PLAT2, CYP707A2, AT2G40710, TIP1;3, GBF6, HHP5, DIC3, HSP15.7, POX2
w:abscisic	word	abscisic	15	367	708	21521	1.2423798088024756	0.23013300002336792	AT1G09780, AT1G13300, AT1G23140, AT1G56600, AT1G68670, AT2G26130, AT2G29090, AT2G37320, AT2G41070, AT2G43140, AT3G52310, AT4G19810, AT4G33950, AT5G01810, AT5G01820	True	0.47070901013182986		False		abscisic		iPGAM1, HRS1, CAR8, GolS2, HHO2, RSL1, CYP707A2, PCMP-E50, EEL, BHLH129, ABCG27, ChiC, OST1, CIPK15, SR1
k:Carbohydrate metabolism	keyword	Carbohydrate metabolism	5	367	192	21521	1.5270918483197091	0.23096978922211903	AT1G56600, AT3G02250, AT3G12500, AT3G46970, AT4G19810	True	0.4716279085290585		False		Carbohydrate metabolism		GolS2, RRT2, HCHIB, PHS2, ChiC
w:species	word	species	5	367	193	21521	1.519179455323234	0.23409723784166386	AT2G11810, AT4G31780, AT4G33950, AT5G20410, AT5G37670	True	0.4747843631217264		False		species		MGDC, MGD1, OST1, MGD2, HSP15.7
p:long day	phrase	long day	2	367	54	21521	2.171863962054698	0.23485635710704955	AT1G65480, AT5G50790	True	0.4747843631217264		False		long day		FT, SWEET10
k:Amino-acid transport	keyword	Amino-acid transport	2	367	54	21521	2.171863962054698	0.23485635710704955	AT1G10010, AT5G02180	True	0.4747843631217264		False		Amino-acid transport		AAP8, AVT1D
w:deficient	word	deficient	2	367	54	21521	2.171863962054698	0.23485635710704955	AT4G00550, AT4G28610	True	0.4747843631217264		False		deficient		DGD2, PHR1
w:phe	word	phe	2	367	54	21521	2.171863962054698	0.23485635710704955	AT2G04160, AT3G03910	True	0.4747843631217264		False		phe		AIR3, GDH3
k:Aminotransferase	keyword	Aminotransferase	2	367	54	21521	2.171863962054698	0.23485635710704955	AT1G10060, AT1G50110	True	0.4747843631217264		False		Aminotransferase		BCAT-1, BCAT6
w:generation	word	generation	2	367	55	21521	2.132375526380976	0.2411744719518624	AT3G56700, AT4G04955	True	0.483540909992449		False		generation		FAR6, ALN
w:flavonoid	word	flavonoid	2	367	55	21521	2.132375526380976	0.2411744719518624	AT3G21230, AT5G49330	True	0.483540909992449		False		flavonoid		4CL5, MYB111
k:Polysaccharide degradation	keyword	Polysaccharide degradation	2	367	55	21521	2.132375526380976	0.2411744719518624	AT3G12500, AT4G19810	True	0.483540909992449		False		Polysaccharide degradation		HCHIB, ChiC
w:phosphotransferase	word	phosphotransferase	2	367	55	21521	2.132375526380976	0.2411744719518624	AT1G22170, AT4G04040	True	0.483540909992449		False		phosphotransferase		gpmA1, MEE51
w:tag	word	tag	2	367	55	21521	2.132375526380976	0.2411744719518624	AT2G31690, AT2G42690	True	0.483540909992449		False		tag		DALL5, AT2G42690
w:exchange	word	exchange	4	367	147	21521	1.595655155795288	0.24258384039951408	AT1G14660, AT3G06370, AT3G52190, AT5G51050	True	0.48556666737863263		False		exchange		NHX8, NHX4, PHF1, APC2
w:quinone	word	quinone	2	367	56	21521	2.094297391981316	0.24750016855193044	AT2G20800, AT5G61510	True	0.4904867343781391		False		quinone		NDB4, AT5G61510
w:subtilisin	word	subtilisin	2	367	56	21521	2.094297391981316	0.24750016855193044	AT2G04160, AT4G34980	True	0.4904867343781391		False		subtilisin		AIR3, SLP2
p:dependent epimerase	phrase	dependent epimerase	2	367	56	21521	2.094297391981316	0.24750016855193044	AT3G14790, AT4G33030	True	0.4904867343781391		False		dependent epimerase		RHM3, SQD1
p:epimerase dehydratase	phrase	epimerase dehydratase	2	367	56	21521	2.094297391981316	0.24750016855193044	AT3G14790, AT4G33030	True	0.4904867343781391		False		epimerase dehydratase		RHM3, SQD1
w:heme	word	heme	7	367	298	21521	1.3774573450615364	0.24771560585443664	AT1G01190, AT1G58300, AT1G71695, AT2G29090, AT3G61880, AT4G26010, AT4G32690	True	0.4904867343781391		False		heme		CYP78A8, HO4, PER12, CYP707A2, CYP78A9, PER44, GLB3
k:Nucleotidyltransferase	keyword	Nucleotidyltransferase	3	367	101	21521	1.7417918903606981	0.24786305804647127	AT2G32260, AT3G56040, AT5G19220	True	0.4904867343781391		False		Nucleotidyltransferase		CCT1, UGP3, APL1
w:dehydration	word	dehydration	3	367	101	21521	1.7417918903606981	0.24786305804647127	AT3G10420, AT3G14790, AT3G21620	True	0.4904867343781391		False		dehydration		SPD1, RHM3, OSCA1.5
w:ascorbate	word	ascorbate	4	367	149	21521	1.574236965784613	0.2499837705311783	AT1G52790, AT1G52800, AT3G60290, AT5G20400	True	0.49388027392279865		False		ascorbate		AT1G52790, AT1G52800, AT3G60290, AT5G20400
w:direct	word	direct	4	367	151	21521	1.553386145045744	0.2574313506687702	AT2G28305, AT4G15190, AT4G15200, AT4G26200	True	0.5077697791959374		False		direct		LOG1, FH3, FH3, ACS7
w:polarized	word	polarized	2	367	58	21521	2.022080240533684	0.26016601709609294	AT4G15190, AT4G15200	True	0.5115057234344832		False		polarized		FH3, FH3
p:early endosome	phrase	early endosome	2	367	58	21521	2.022080240533684	0.26016601709609294	AT3G23870, AT4G13800	True	0.5115057234344832		False		early endosome		AT3G23870, AT4G13800
w:fatty	word	fatty	8	367	355	21521	1.3214721571938441	0.2612021181424992	AT2G11810, AT2G26640, AT2G43710, AT3G03310, AT3G56700, AT4G33950, AT5G16230, AT5G20410	True	0.5126358397627254		False		fatty		MGDC, KCS11, SSI2, LCAT3, FAR6, OST1, S-ACP-DES3, MGD2
w:iron	word	iron	11	367	513	21521	1.2573949254000882	0.26158328388878593	AT1G01190, AT1G09240, AT1G52790, AT1G52800, AT1G58300, AT2G29090, AT3G60290, AT3G61880, AT4G28610, AT5G20400, AT5G61430	True	0.5126358397627254		False		iron		CYP78A8, NAS3, AT1G52790, AT1G52800, HO4, CYP707A2, AT3G60290, CYP78A9, PHR1, AT5G20400, NAC100
p:ubiquitin transferase	phrase	ubiquitin transferase	7	367	304	21521	1.350270686935322	0.2632326902620701	AT1G76410, AT2G26130, AT3G13430, AT3G61410, AT4G25160, AT5G61550, AT5G65500	True	0.5150388811076194		False		ubiquitin transferase		ATL8, RSL1, BTL07, AT3G61410, PUB35, PUB52, PUB50
w:limiting	word	limiting	3	367	105	21521	1.6754379135850523	0.2662155693822955	AT2G02990, AT4G10120, AT5G67440	True	0.5172777834008744		False		limiting		RNS1, ATSPS4F, NPY3
w:dioxygenase	word	dioxygenase	3	367	105	21521	1.6754379135850523	0.2662155693822955	AT1G52790, AT1G52800, AT3G60290	True	0.5172777834008744		False		dioxygenase		AT1G52790, AT1G52800, AT3G60290
p:stomatal movement	phrase	stomatal movement	3	367	105	21521	1.6754379135850523	0.2662155693822955	AT1G09780, AT1G65480, AT4G33950	True	0.5172777834008744		False		stomatal movement		iPGAM1, FT, OST1
p:cation channel	phrase	cation channel	2	367	59	21521	1.9878076940839604	0.26650219407752523	AT3G21620, AT5G27100	True	0.5172777834008744		False		cation channel		OSCA1.5, GLR2.1
p:oligopeptide transporter	phrase	oligopeptide transporter	2	367	59	21521	1.9878076940839604	0.26650219407752523	AT5G55930, AT5G62730	True	0.5172777834008744		False		oligopeptide transporter		OPT1, NPF4.7
w:immunity	word	immunity	4	367	154	21521	1.5231253759864114	0.26868377159739737	AT3G11650, AT3G11660, AT5G20320, AT5G47240	True	0.5206817675701155		False		immunity		NHL2, NHL1, DCL4, NUDT8
k:Disulfide bond	keyword	Disulfide bond	21	367	1060	21521	1.1617423268726543	0.2700290138572664	AT1G55120, AT1G62710, AT1G70250, AT1G71695, AT1G75830, AT1G76080, AT2G02990, AT2G16430, AT2G27190, AT2G43535, AT2G44450, AT2G44460, AT3G05490, AT3G12500, AT3G52720, AT4G15980, AT4G26010, AT4G30070, AT4G30270, AT5G06870, AT5G23210	True	0.5224567724392579		False		Disulfide bond		FRUCT5, BETA-VPE, LTPG32, PER12, LCR67, CDSP32, RNS1, PAP10, PAP12, ATTI4, BGLU15, BGLU28, RALFL22, HCHIB, ACA1, PME43, PER44, LCR59, XTH24, PGIP2, SCPL34
w:light	word	light	14	367	679	21521	1.2090789067108625	0.27130046477699316	AT1G08650, AT1G09780, AT1G55480, AT2G26640, AT2G29090, AT3G04530, AT3G27960, AT4G28610, AT4G33950, AT4G38740, AT5G02200, AT5G27100, AT5G39760, AT5G49330	True	0.5240835962438106		False		light		PPCK1, iPGAM1, ZKT, KCS11, CYP707A2, PPCK2, KLCR2, PHR1, OST1, ROC1, FHL, GLR2.1, HB23, MYB111
w:granule	word	granule	4	367	155	21521	1.5132987606574668	0.27245431560725464	AT1G09780, AT1G32900, AT4G38740, AT5G20320	True	0.5245558378613919		False		granule		iPGAM1, GBSS1, ROC1, DCL4
w:rnase	word	rnase	2	367	60	21521	1.954677565849228	0.2728379994792614	AT2G02990, AT5G20320	True	0.5245558378613919		False		rnase		RNS1, DCL4
w:rapid	word	rapid	2	367	60	21521	1.954677565849228	0.2728379994792614	AT2G44450, AT3G05490	True	0.5245558378613919		False		rapid		BGLU15, RALFL22
k:DNA-binding	keyword	DNA-binding	32	367	1675	21521	1.120292813859856	0.27599995044555775	AT1G13300, AT1G18710, AT1G22070, AT1G25550, AT1G30500, AT1G60280, AT1G66390, AT1G68670, AT1G69770, AT2G31730, AT2G41070, AT2G42660, AT2G43140, AT3G03260, AT3G04670, AT3G13810, AT3G25790, AT3G49760, AT3G60490, AT4G02640, AT4G28610, AT4G34590, AT5G07500, AT5G13820, AT5G18550, AT5G39760, AT5G49160, AT5G49330, AT5G54090, AT5G61430, AT5G62430, AT5G63690	True	0.5294121603409774		False		DNA-binding		HRS1, MYB47, TGA3, HHO3, NF-YA7, NAC023, MYB90, HHO2, CMT3, BHLH154, EEL, AT2G42660, BHLH129, HDG8, WRKY39, IDD11, HHO1, bZIP5, ERF035, BZO2H1, PHR1, GBF6, PEI1, TBP1, AT5G18550, HB23, MET1, MYB111, MJP23.7, NAC100, CDF1, MBK5.17
w:bound	word	bound	4	367	156	21521	1.5035981275763293	0.2762339538344459	AT1G32900, AT2G16595, AT3G21230, AT3G53620	True	0.5294121603409774		False		bound		GBSS1, AT2G16595, 4CL5, PPa4
w:drug	word	drug	2	367	61	21521	1.9226336713271093	0.27917160821319786	AT1G56600, AT2G40900	True	0.5333623974811017		False		drug		GolS2, UMAMIT11
w:day	word	day	2	367	61	21521	1.9226336713271093	0.27917160821319786	AT1G65480, AT5G50790	True	0.5333623974811017		False		day		FT, SWEET10
w:influence	word	influence	2	367	62	21521	1.8916234508218335	0.2855012572119436	AT3G02980, AT5G67440	True	0.5437480908089755		False		influence		MCC1, NPY3
w:enhanced	word	enhanced	2	367	62	21521	1.8916234508218335	0.2855012572119436	AT2G41070, AT5G24660	True	0.5437480908089755		False		enhanced		EEL, LSU2
w:endonuclease	word	endonuclease	3	367	110	21521	1.5992816447857319	0.28936697377372644	AT5G20320, AT5G39640, AT5G54090	True	0.5476821261005056		False		endonuclease		DCL4, MIJ24.14, MJP23.7
p:far red	phrase	far red	3	367	110	21521	1.5992816447857319	0.28936697377372644	AT2G29090, AT4G38740, AT5G02200	True	0.5476821261005056		False		far red		CYP707A2, ROC1, FHL
w:dehydratase	word	dehydratase	3	367	110	21521	1.5992816447857319	0.28936697377372644	AT3G14790, AT3G52720, AT4G33030	True	0.5476821261005056		False		dehydratase		RHM3, ACA1, SQD1
w:concentration	word	concentration	3	367	110	21521	1.5992816447857319	0.28936697377372644	AT1G65840, AT3G05490, AT4G32690	True	0.5476821261005056		False		concentration		PAO4, RALFL22, GLB3
w:hormone	word	hormone	4	367	160	21521	1.4660081743869209	0.29143428508005326	AT1G20930, AT2G40710, AT3G05490, AT4G38320	True	0.5498845347944571		False		hormone		CDKB2;2, AT2G40710, RALFL22, HHP5
w:independent	word	independent	4	367	160	21521	1.4660081743869209	0.29143428508005326	AT1G08650, AT1G09780, AT3G04530, AT4G32690	True	0.5498845347944571		False		independent		PPCK1, iPGAM1, PPCK2, GLB3
w:far	word	far	3	367	111	21521	1.5848737020399144	0.29401719331471476	AT2G29090, AT4G38740, AT5G02200	True	0.5538992635665757		False		far		CYP707A2, ROC1, FHL
w:cold	word	cold	9	367	422	21521	1.2506230871547193	0.2948173949017213	AT1G01140, AT1G09780, AT1G56600, AT2G26640, AT3G02870, AT3G08720, AT4G37220, AT5G01820, AT5G04340	True	0.5545098010932596		False		cold		CIPK9, iPGAM1, GolS2, KCS11, VTC4, S6K2, AT4G37220, SR1, ZAT6
w:adapter	word	adapter	4	367	161	21521	1.4569025335522197	0.2952525481581202	AT1G19200, AT2G47920, AT4G34590, AT5G67440	True	0.5545098010932596		False		adapter		FLZ12, NET3C, GBF6, NPY3
w:biosynthesis	word	biosynthesis	19	367	968	21521	1.1509981534442768	0.2967570455620839	AT1G52790, AT1G52800, AT1G56600, AT1G71695, AT2G11810, AT2G32260, AT2G43710, AT3G09560, AT3G14790, AT3G56040, AT4G00550, AT4G10120, AT4G26010, AT4G33030, AT4G34350, AT5G01220, AT5G16230, AT5G20410, AT5G49330	True	0.5557860861903943		False		biosynthesis		AT1G52790, AT1G52800, GolS2, PER12, MGDC, CCT1, SSI2, PAH1, RHM3, UGP3, DGD2, ATSPS4F, PER44, SQD1, HDR, SQD2, S-ACP-DES3, MGD2, MYB111
w:proton	word	proton	7	367	317	21521	1.2948968101840312	0.29771738454709845	AT1G10010, AT1G14660, AT2G20800, AT3G06370, AT4G23700, AT5G09470, AT5G62730	True	0.5557860861903943		False		proton		AAP8, NHX8, NDB4, NHX4, CHX17, DIC3, NPF4.7
p:disulfide oxidoreductase	phrase	disulfide oxidoreductase	2	367	64	21521	1.8325102179836512	0.2981419244255884	AT1G76080, AT4G31240	True	0.5557860861903943		False		disulfide oxidoreductase		CDSP32, AT4G31240
w:nucleobase	word	nucleobase	2	367	64	21521	1.8325102179836512	0.2981419244255884	AT3G27190, AT4G04955	True	0.5557860861903943		False		nucleobase		UKL2, ALN
w:polarity	word	polarity	3	367	112	21521	1.5707230439859867	0.29867222708999003	AT5G20320, AT5G39760, AT5G67440	True	0.5557860861903943		False		polarity		DCL4, HB23, NPY3
w:exhibit	word	exhibit	3	367	112	21521	1.5707230439859867	0.29867222708999003	AT1G71695, AT4G32690, AT5G16230	True	0.5557860861903943		False		exhibit		PER12, GLB3, S-ACP-DES3
w:chromosomal	word	chromosomal	2	367	65	21521	1.804317753091595	0.3044497126141066	AT5G20320, AT5G49160	True	0.5648099089197678		False		chromosomal		DCL4, MET1
w:xyloglucan	word	xyloglucan	2	367	65	21521	1.804317753091595	0.3044497126141066	AT4G07960, AT4G30270	True	0.5648099089197678		False		xyloglucan		CSLC12, XTH24
p:post‑embryonic development	phrase	post-embryonic development	2	367	66	21521	1.77697960531748	0.31074707803961543	AT1G01190, AT3G61880	True	0.5695923148349227		False		post-embryonic development		CYP78A8, CYP78A9
w:segregation	word	segregation	2	367	66	21521	1.77697960531748	0.31074707803961543	AT3G02980, AT3G47460	True	0.5695923148349227		False		segregation		MCC1, ATSMC2
w:atperox	word	atperox	2	367	66	21521	1.77697960531748	0.31074707803961543	AT1G71695, AT4G26010	True	0.5695923148349227		False		atperox		PER12, PER44
p:toxic reductant	phrase	toxic reductant	2	367	66	21521	1.77697960531748	0.31074707803961543	AT1G71695, AT4G26010	True	0.5695923148349227		False		toxic reductant		PER12, PER44
w:suberization	word	suberization	2	367	66	21521	1.77697960531748	0.31074707803961543	AT1G71695, AT4G26010	True	0.5695923148349227		False		suberization		PER12, PER44
w:pigment	word	pigment	2	367	66	21521	1.77697960531748	0.31074707803961543	AT1G66390, AT3G52310	True	0.5695923148349227		False		pigment		MYB90, ABCG27
w:final	word	final	2	367	66	21521	1.77697960531748	0.31074707803961543	AT3G11670, AT3G21230	True	0.5695923148349227		False		final		DGD1, 4CL5
w:atp	word	atp	38	367	2044	21521	1.0901822040450684	0.31110042086222695	AT1G01140, AT1G08650, AT1G20930, AT1G51805, AT1G70250, AT2G25220, AT2G37890, AT3G04530, AT3G07350, AT3G08720, AT3G21230, AT3G27190, AT3G28360, AT3G47460, AT3G52310, AT3G56040, AT3G60160, AT4G04040, AT4G04710, AT4G13700, AT4G14580, AT4G18700, AT4G25160, AT4G33770, AT4G33950, AT5G01810, AT5G01820, AT5G19220, AT5G20320, AT5G44240, AT5G49780, AT5G51050, AT5G54090, AT5G59270, AT5G60270, AT5G60310, AT5G61550, AT5G65500	True	0.5695923148349227		False		atp		CIPK9, PPCK1, CDKB2;2, SIF3, LTPG32, AT2G25220, AT2G37890, PPCK2, AT3G07350, S6K2, 4CL5, UKL2, ABCB16, ATSMC2, ABCG27, UGP3, ABCC9, MEE51, CPK22, PAP23, CIPK4, CIPK12, PUB35, ITPK2, OST1, CIPK15, SR1, APL1, DCL4, ALA2, AT5G49780, APC2, MJP23.7, LECRK22, LECRK17, LECRK110, PUB52, PUB50
w:tube	word	tube	7	367	322	21521	1.2747897168581923	0.31123984335679833	AT1G09240, AT1G22150, AT3G27960, AT4G02050, AT4G07960, AT4G15190, AT4G15200	True	0.5695923148349227		False		tube		NAS3, SULTR1;3, KLCR2, STP7, CSLC12, FH3, FH3
w:hydrolysis	word	hydrolysis	12	367	592	21521	1.1886552765299359	0.31172622181237974	AT2G31690, AT2G42690, AT3G28360, AT3G47460, AT3G49360, AT3G52310, AT3G53620, AT3G60160, AT4G21470, AT5G44240, AT5G47240, AT5G54090	True	0.5696258437622616		False		hydrolysis		DALL5, AT2G42690, ABCB16, ATSMC2, PGL2, ABCG27, PPa4, ABCC9, FMN/FHY, ALA2, NUDT8, MJP23.7
w:nbs	word	nbs	3	367	115	21521	1.5297476602298306	0.3126586514261873	AT1G17615, AT1G63750, AT1G72890	True	0.5704731316126986		False		nbs		TN2, AT1G63750, AT1G72890
w:thylakoid	word	thylakoid	10	367	484	21521	1.2115770036255546	0.31335928804907776	AT1G55480, AT2G22170, AT2G31690, AT2G43710, AT3G11670, AT3G20660, AT3G47070, AT4G00550, AT4G31780, AT4G33030	True	0.5708955891552809		False		thylakoid		ZKT, PLAT2, DALL5, SSI2, DGD1, OCT4, AT3G47070, DGD2, MGD1, SQD1
w:axis	word	axis	2	367	67	21521	1.7504575216560252	0.3170325448165068	AT1G13300, AT5G20320	True	0.5755365993822843		False		axis		HRS1, DCL4
p:finger ccch	phrase	finger ccch	2	367	67	21521	1.7504575216560252	0.3170325448165068	AT5G07500, AT5G18550	True	0.5755365993822843		False		finger ccch		PEI1, AT5G18550
k:Kelch repeat	keyword	Kelch repeat	3	367	116	21521	1.5165601804002629	0.31732543811463665	AT1G03445, AT2G22030, AT3G27150	True	0.5755365993822843		False		Kelch repeat		BSU1, AT2G22030, AT3G27150
w:pathogen	word	pathogen	9	367	432	21521	1.2216734786557675	0.3181900538335736	AT1G71695, AT1G75830, AT3G12500, AT4G02640, AT4G03960, AT4G26010, AT4G30070, AT4G33950, AT5G53760	True	0.5762459754694331		False		pathogen		PER12, LCR67, HCHIB, BZO2H1, PFA-DSP4, PER44, LCR59, OST1, MLO11
p:abc transporter	phrase	abc transporter	3	367	117	21521	1.503598127576329	0.3219933455188552	AT3G28360, AT3G52310, AT3G60160	True	0.5786203057518312		False		abc transporter		ABCB16, ABCG27, ABCC9
w:suppressor	word	suppressor	4	367	168	21521	1.396198261320877	0.3221344906419416	AT1G03445, AT1G55580, AT2G43710, AT5G20320	True	0.5786203057518312		False		suppressor		BSU1, LAS, SSI2, DCL4
w:coat	word	coat	4	367	168	21521	1.396198261320877	0.3221344906419416	AT1G33340, AT3G02250, AT4G33770, AT4G40080	True	0.5786203057518312		False		coat		AT1G33340, RRT2, ITPK2, AT4G40080
k:Nucleotide-binding	keyword	Nucleotide-binding	44	367	2395	21521	1.0773170717832905	0.32216782353120865	AT1G01140, AT1G08650, AT1G20930, AT1G51805, AT1G70250, AT2G25220, AT2G30040, AT3G04530, AT3G07350, AT3G08720, AT3G10420, AT3G20660, AT3G21230, AT3G27190, AT3G28360, AT3G47090, AT3G47460, AT3G52310, AT3G60160, AT3G63260, AT4G04710, AT4G13000, AT4G14580, AT4G18700, AT4G21470, AT4G25160, AT4G33770, AT4G33950, AT5G01810, AT5G01820, AT5G17060, AT5G19220, AT5G20320, AT5G44240, AT5G49780, AT5G54090, AT5G57610, AT5G59270, AT5G60270, AT5G60310, AT5G61550, AT5G63680, AT5G65500, AT5G67080	True	0.5786203057518312		False		Nucleotide-binding		CIPK9, PPCK1, CDKB2;2, SIF3, LTPG32, AT2G25220, MAPKKK14, PPCK2, AT3G07350, S6K2, SPD1, OCT4, 4CL5, UKL2, ABCB16, AT3G47090, ATSMC2, ABCG27, ABCC9, ATMRK1, CPK22, AT4G13000, CIPK4, CIPK12, FMN/FHY, PUB35, ITPK2, OST1, CIPK15, SR1, ARFB1B, APL1, DCL4, ALA2, AT5G49780, MJP23.7, MUA2.19, LECRK22, LECRK17, LECRK110, PUB52, MBK5.16, PUB50, MAPKKK19
p:salt stress	phrase	salt stress	9	367	434	21521	1.2160436469568932	0.32291218773383074	AT1G01140, AT1G27760, AT1G56600, AT3G06370, AT3G08720, AT4G19810, AT4G33950, AT5G01820, AT5G24660	True	0.5786203057518312		False		salt stress		CIPK9, SAT32, GolS2, NHX4, S6K2, ChiC, OST1, SR1, LSU2
w:ccch	word	ccch	2	367	68	21521	1.7247154992787304	0.3233046901489279	AT5G07500, AT5G18550	True	0.5786203057518312		False		ccch		PEI1, AT5G18550
p:auxin catabolism	phrase	auxin catabolism	2	367	68	21521	1.7247154992787304	0.3233046901489279	AT1G71695, AT4G26010	True	0.5786203057518312		False		auxin catabolism		PER12, PER44
w:neutral	word	neutral	2	367	68	21521	1.7247154992787304	0.3233046901489279	AT1G10010, AT4G01470	True	0.5786203057518312		False		neutral		AAP8, TIP1;3
w:activated	word	activated	13	367	653	21521	1.16741845433568	0.3238748623829127	AT1G13300, AT1G23140, AT2G26130, AT2G30040, AT2G41070, AT3G05490, AT3G21620, AT4G33770, AT4G33950, AT4G38740, AT5G01810, AT5G19220, AT5G67080	True	0.5787895851982449		False		activated		HRS1, CAR8, RSL1, MAPKKK14, EEL, RALFL22, OSCA1.5, ITPK2, OST1, ROC1, CIPK15, APL1, MAPKKK19
w:ubiquitinated	word	ubiquitinated	2	367	69	21521	1.6997196224775895	0.32956214295785685	AT3G21280, AT5G62430	True	0.5872285914783482		False		ubiquitinated		UBP7, CDF1
p:ankyrin repeat	phrase	ankyrin repeat	2	367	69	21521	1.6997196224775895	0.32956214295785685	AT3G03790, AT4G03450	True	0.5872285914783482		False		ankyrin repeat		AT3G03790, AT4G03450
w:glutamate	word	glutamate	3	367	119	21521	1.4783275708103405	0.33132972021774176	AT1G10010, AT3G03910, AT5G27100	True	0.5895150138961868		False		glutamate		AAP8, GDH3, GLR2.1
k:Acyltransferase	keyword	Acyltransferase	5	367	223	21521	1.3148055375667453	0.33215209083952774	AT2G26640, AT3G02980, AT3G13110, AT3G44830, AT5G39720	True	0.5901154664988398		False		Acyltransferase		KCS11, MCC1, SERAT2;2, PDAT2, AIG2L
w:cleavage	word	cleavage	4	367	171	21521	1.3717035549819143	0.33371429640453265	AT1G17710, AT1G73010, AT4G04955, AT4G28610	True	0.5914225180179304		False		cleavage		PEPC1, PS2, ALN, PHR1
w:pump	word	pump	2	367	70	21521	1.6754379135850523	0.33580358253935083	AT3G60160, AT5G09470	True	0.5914225180179304		False		pump		ABCC9, DIC3
p:meristem identity	phrase	meristem identity	2	367	70	21521	1.6754379135850523	0.33580358253935083	AT1G65480, AT5G20320	True	0.5914225180179304		False		meristem identity		FT, DCL4
k:Meiosis	keyword	Meiosis	2	367	70	21521	1.6754379135850523	0.33580358253935083	AT3G02980, AT3G47460	True	0.5914225180179304		False		Meiosis		MCC1, ATSMC2
w:opening	word	opening	2	367	70	21521	1.6754379135850523	0.33580358253935083	AT1G58300, AT4G33950	True	0.5914225180179304		False		opening		HO4, OST1
p:environmental stresse	phrase	environmental stresse	2	367	70	21521	1.6754379135850523	0.33580358253935083	AT1G71695, AT4G26010	True	0.5914225180179304		False		environmental stresse		PER12, PER44
w:regulation	word	regulation	70	367	3900	21521	1.0525186893034304	0.3370009622072177	AT1G01140, AT1G03445, AT1G08180, AT1G13300, AT1G19200, AT1G20930, AT1G22070, AT1G22150, AT1G23140, AT1G25550, AT1G30500, AT1G55580, AT1G65480, AT1G65840, AT1G66390, AT1G68670, AT1G69770, AT1G72890, AT2G26130, AT2G31730, AT2G33770, AT2G34210, AT2G41070, AT2G43140, AT2G43710, AT2G45130, AT3G03260, AT3G04670, AT3G05630, AT3G05640, AT3G06370, AT3G08720, AT3G13810, AT3G25790, AT3G27190, AT3G27960, AT3G52310, AT3G60290, AT3G60490, AT3G61880, AT4G02640, AT4G03960, AT4G10120, AT4G14770, AT4G15690, AT4G23700, AT4G28610, AT4G31780, AT4G33950, AT4G34590, AT4G38740, AT5G01810, AT5G02200, AT5G04340, AT5G07500, AT5G10740, AT5G16230, AT5G20150, AT5G20320, AT5G24660, AT5G27100, AT5G39640, AT5G39760, AT5G49160, AT5G49330, AT5G49780, AT5G54090, AT5G61430, AT5G62430, AT5G67440	True	0.592096901546417		False		regulation		CIPK9, BSU1, SMR2, HRS1, FLZ12, CDKB2;2, TGA3, SULTR1;3, CAR8, HHO3, NF-YA7, LAS, FT, PAO4, MYB90, HHO2, CMT3, AT1G72890, RSL1, BHLH154, PHO2, AT2G34210, EEL, BHLH129, SSI2, SPX3, HDG8, WRKY39, PLDP2, AT3G05640, NHX4, S6K2, IDD11, HHO1, UKL2, KLCR2, ABCG27, AT3G60290, ERF035, CYP78A9, BZO2H1, PFA-DSP4, ATSPS4F, TCX2, GRXS5, CHX17, PHR1, MGD1, OST1, GBF6, ROC1, CIPK15, FHL, ZAT6, PEI1, AT5G10740, S-ACP-DES3, SPX1, DCL4, LSU2, GLR2.1, MIJ24.14, HB23, MET1, MYB111, AT5G49780, MJP23.7, NAC100, CDF1, NPY3
k:Calcium	keyword	Calcium	9	367	440	21521	1.1994612335892991	0.337159533912627	AT1G23140, AT1G71695, AT2G16595, AT2G20800, AT3G21620, AT4G04710, AT4G26010, AT5G51050, AT5G64000	True	0.592096901546417		False		Calcium		CAR8, PER12, AT2G16595, NDB4, OSCA1.5, CPK22, PER44, APC2, SAL2
p:coated vesicle	phrase	coated vesicle	2	367	71	21521	1.6518401964923053	0.34202773725331365	AT1G33340, AT4G40080	True	0.5997806285839808		False		coated vesicle		AT1G33340, AT4G40080
k:Abscisic acid signaling pathway	keyword	Abscisic acid signaling pathway	4	367	174	21521	1.3480534936891226	0.3453132879005402	AT1G23140, AT2G26130, AT2G41070, AT4G33950	True	0.6034590578926126		False		Abscisic acid signaling pathway		CAR8, RSL1, EEL, OST1
w:release	word	release	3	367	122	21521	1.4419752534953318	0.34532548268979085	AT1G58300, AT2G29090, AT3G02040	True	0.6034590578926126		False		release		HO4, CYP707A2, SRG3
k:S-adenosyl-L-methionine	keyword	S-adenosyl-L-methionine	5	367	227	21521	1.2916371580501507	0.34561295263036235	AT1G09240, AT1G69770, AT4G26200, AT5G17240, AT5G49160	True	0.6034590578926126		False		S-adenosyl-L-methionine		NAS3, CMT3, ACS7, SDG40, MET1
w:reductant	word	reductant	2	367	72	21521	1.6288979715410232	0.34823338324213676	AT1G71695, AT4G26010	True	0.6071633630453874		False		reductant		PER12, PER44
w:tissue	word	tissue	7	367	336	21521	1.2216734786557675	0.3496489676399238	AT1G05760, AT1G19200, AT1G71695, AT4G14770, AT4G26010, AT4G30270, AT5G67440	True	0.6087593613988374		False		tissue		RTM1, FLZ12, PER12, TCX2, PER44, XTH24, NPY3
w:gibberellin	word	gibberellin	4	367	176	21521	1.33273470398811	0.35305127115188806	AT2G26130, AT2G31730, AT2G37320, AT5G39760	True	0.609754571472994		False		gibberellin		RSL1, BHLH154, PCMP-E50, HB23
w:facilitate	word	facilitate	4	367	176	21521	1.33273470398811	0.35305127115188806	AT1G19200, AT2G04160, AT2G34210, AT4G01470	True	0.609754571472994		False		facilitate		FLZ12, AIR3, AT2G34210, TIP1;3
k:Fatty acid biosynthesis	keyword	Fatty acid biosynthesis	2	367	73	21521	1.6065843006979956	0.35441934317857354	AT2G43710, AT5G16230	True	0.609754571472994		False		Fatty acid biosynthesis		SSI2, S-ACP-DES3
w:tomato	word	tomato	2	367	73	21521	1.6065843006979956	0.35441934317857354	AT4G03960, AT4G33950	True	0.609754571472994		False		tomato		PFA-DSP4, OST1
w:insertion	word	insertion	2	367	73	21521	1.6065843006979956	0.35441934317857354	AT4G19770, AT4G19810	True	0.609754571472994		False		insertion		AT4G19770, ChiC
w:mature	word	mature	2	367	73	21521	1.6065843006979956	0.35441934317857354	AT1G62710, AT1G65480	True	0.609754571472994		False		mature		BETA-VPE, FT
p:beta glucosidase	phrase	beta glucosidase	2	367	73	21521	1.6065843006979956	0.35441934317857354	AT2G44450, AT2G44460	True	0.609754571472994		False		beta glucosidase		BGLU15, BGLU28
w:nitrogen	word	nitrogen	3	367	124	21521	1.418717588116375	0.35464246643250547	AT1G06830, AT3G05630, AT4G04955	True	0.609754571472994		False		nitrogen		GRXS11, PLDP2, ALN
w:aba	word	aba	7	367	338	21521	1.2144446415039583	0.3551845784201405	AT1G09780, AT1G13300, AT1G23140, AT2G26130, AT2G29090, AT2G41070, AT4G33950	True	0.609754571472994		False		aba		iPGAM1, HRS1, CAR8, RSL1, CYP707A2, EEL, OST1
k:Flavoprotein	keyword	Flavoprotein	5	367	230	21521	1.274789716858192	0.35573191926526354	AT1G62540, AT1G65840, AT2G20800, AT4G21470, AT5G38710	True	0.609754571472994		False		Flavoprotein		FMOGS-OX2, PAO4, NDB4, FMN/FHY, POX2
w:metabolism	word	metabolism	5	367	230	21521	1.274789716858192	0.35573191926526354	AT2G17280, AT3G05630, AT3G17790, AT3G46970, AT4G34590	True	0.609754571472994		False		metabolism		PGM, PLDP2, PAP17, PHS2, GBF6
w:nucleotide	word	nucleotide	12	367	614	21521	1.1460650223220228	0.35631357303543154	AT1G51805, AT1G70250, AT2G19880, AT2G25220, AT2G28305, AT3G14790, AT3G52190, AT5G20320, AT5G44240, AT5G47740, AT5G49780, AT5G51050	True	0.6098925715669764		False		nucleotide		SIF3, LTPG32, GCS, AT2G25220, LOG1, RHM3, PHF1, DCL4, ALA2, MCA23.6, AT5G49780, APC2
k:Sugar transport	keyword	Sugar transport	3	367	125	21521	1.4073678474114442	0.35929500212738547	AT3G47420, AT4G02050, AT5G50790	True	0.6120381008318017		False		Sugar transport		G3Pp1, STP7, SWEET10
w:promoter	word	promoter	11	367	560	21521	1.1518635655897236	0.3595567227728161	AT1G22070, AT1G30500, AT2G34210, AT2G41070, AT3G60490, AT4G02640, AT4G34590, AT5G13820, AT5G49160, AT5G61430, AT5G62430	True	0.6120381008318017		False		promoter		TGA3, NF-YA7, AT2G34210, EEL, ERF035, BZO2H1, GBF6, TBP1, MET1, NAC100, CDF1
p:udp glucosyltransferase	phrase	udp glucosyltransferase	2	367	74	21521	1.5848737020399146	0.36058448504223645	AT4G10120, AT5G05870	True	0.6120381008318017		False		udp glucosyltransferase		ATSPS4F, UGT76C1
p:high light	phrase	high light	2	367	74	21521	1.5848737020399146	0.36058448504223645	AT1G55480, AT4G28610	True	0.6120381008318017		False		high light		ZKT, PHR1
p:peroxide catabolic	phrase	peroxide catabolic	2	367	74	21521	1.5848737020399146	0.36058448504223645	AT1G71695, AT4G26010	True	0.6120381008318017		False		peroxide catabolic		PER12, PER44
k:Hydrogen peroxide	keyword	Hydrogen peroxide	2	367	74	21521	1.5848737020399146	0.36058448504223645	AT1G71695, AT4G26010	True	0.6120381008318017		False		Hydrogen peroxide		PER12, PER44
w:outer	word	outer	4	367	179	21521	1.31039836816708	0.3646584565895785	AT2G11810, AT3G11670, AT4G00550, AT5G20410	True	0.618091005110748		False		outer		MGDC, DGD1, DGD2, MGD2
w:intermembrane	word	intermembrane	2	367	75	21521	1.5637420526793824	0.36672772092410166	AT2G20800, AT3G10420	True	0.620733847516873		False		intermembrane		NDB4, SPD1
w:abc	word	abc	3	367	127	21521	1.3852045742238621	0.3685851133639789	AT3G28360, AT3G52310, AT3G60160	True	0.6230112263388367		False		abc		ABCB16, ABCG27, ABCC9
w:exporter	word	exporter	2	367	76	21521	1.5431664993546537	0.37284800585843114	AT2G40900, AT3G28360	True	0.6291005140706527		False		exporter		UMAMIT11, ABCB16
w:inhibit	word	inhibit	3	367	128	21521	1.3743826634877383	0.37322150464996817	AT2G26660, AT4G32690, AT5G20150	True	0.6291005140706527		False		inhibit		SPX2, GLB3, SPX1
w:maintain	word	maintain	3	367	129	21521	1.3637285343134147	0.37785134947429927	AT1G69770, AT5G49160, AT5G67440	True	0.6360236408163515		False		maintain		CMT3, MET1, NPY3
w:timing	word	timing	2	367	77	21521	1.5231253759864114	0.378944336681523	AT5G20320, AT5G62430	True	0.63610380378126		False		timing		DCL4, CDF1
p:cadmium ion	phrase	cadmium ion	2	367	77	21521	1.5231253759864114	0.378944336681523	AT1G22990, AT2G44260	True	0.63610380378126		False		cadmium ion		HIPP22, AT2G44260
k:Cell wall	keyword	Cell wall	6	367	293	21521	1.2008258083715393	0.38339883953236703	AT1G55120, AT1G74210, AT2G04160, AT4G15980, AT4G30270, AT5G06870	True	0.6426947489130725		False		Cell wall		FRUCT5, GDPD5, AIR3, PME43, XTH24, PGIP2
w:structure	word	structure	4	367	184	21521	1.2747897168581923	0.38397936042654657	AT1G01190, AT1G71695, AT3G61880, AT5G20320	True	0.6427825056934073		False		structure		CYP78A8, PER12, CYP78A9, DCL4
w:phenylpropanoid	word	phenylpropanoid	2	367	78	21521	1.5035981275763293	0.38501575091672513	AT1G66390, AT3G21230	True	0.6436321000901848		False		phenylpropanoid		MYB90, 4CL5
w:enzyme	word	enzyme	19	367	1024	21521	1.088052941927793	0.38583938672752127	AT1G50110, AT1G62710, AT2G26130, AT2G26640, AT2G28305, AT2G33770, AT3G09560, AT3G11210, AT3G14790, AT3G21230, AT3G21280, AT3G46970, AT3G53620, AT4G15980, AT4G21470, AT4G26200, AT4G34350, AT5G16080, AT5G64000	True	0.6441241888167262		False		enzyme		BCAT6, BETA-VPE, RSL1, KCS11, LOG1, PHO2, PAH1, CPRD49, RHM3, 4CL5, UBP7, PHS2, PPa4, PME43, FMN/FHY, ACS7, HDR, CXE17, SAL2
w:reproductive	word	reproductive	5	367	240	21521	1.2216734786557675	0.38950973341562173	AT1G01190, AT3G61880, AT4G14770, AT5G20320, AT5G62430	True	0.6466326540201471		False		reproductive		CYP78A8, CYP78A9, TCX2, DCL4, CDF1
w:intracellular	word	intracellular	11	367	574	21521	1.1237693322826572	0.38988732170662505	AT1G60740, AT1G65840, AT2G19330, AT3G02040, AT3G05490, AT3G05630, AT3G05640, AT3G09560, AT3G17790, AT5G10740, AT5G27100	True	0.6466326540201471		False		intracellular		PRXIID, PAO4, PIRL6, SRG3, RALFL22, PLDP2, AT3G05640, PAH1, PAP17, AT5G10740, GLR2.1
w:xenobiotic	word	xenobiotic	2	367	79	21521	1.4845652398854894	0.3910613256851506	AT1G66760, AT3G60160	True	0.6466326540201471		False		xenobiotic		DTX9, ABCC9
w:condensation	word	condensation	2	367	79	21521	1.4845652398854894	0.3910613256851506	AT3G03790, AT3G47460	True	0.6466326540201471		False		condensation		AT3G03790, ATSMC2
p:seed coat	phrase	seed coat	2	367	79	21521	1.4845652398854894	0.3910613256851506	AT3G02250, AT4G33770	True	0.6466326540201471		False		seed coat		RRT2, ITPK2
w:ankyrin	word	ankyrin	2	367	79	21521	1.4845652398854894	0.3910613256851506	AT3G03790, AT4G03450	True	0.6466326540201471		False		ankyrin		AT3G03790, AT4G03450
p:cis‑acting element	phrase	cis-acting element	2	367	79	21521	1.4845652398854894	0.3910613256851506	AT1G22070, AT3G04670	True	0.6466326540201471		False		cis-acting element		TGA3, WRKY39
w:drought	word	drought	3	367	132	21521	1.33273470398811	0.3916960291627224	AT1G56600, AT1G76080, AT4G33950	True	0.6468033480203977		False		drought		GolS2, CDSP32, OST1
k:Lyase	keyword	Lyase	6	367	296	21521	1.1886552765299359	0.3925151858724401	AT1G08630, AT2G02990, AT3G14790, AT3G14940, AT3G52720, AT4G26200	True	0.6472777523126824		False		Lyase		THA1, RNS1, RHM3, PPC3, ACA1, ACS7
k:NADP	keyword	NADP	6	367	297	21521	1.1846530702116533	0.3955534883904494	AT1G62540, AT2G20800, AT2G26640, AT3G14790, AT3G56700, AT5G61510	True	0.651405406456261		False		NADP		FMOGS-OX2, NDB4, KCS11, RHM3, FAR6, AT5G61510
w:tir	word	tir	3	367	133	21521	1.3227141423039888	0.39629416901780584	AT1G17615, AT1G63750, AT1G72890	True	0.6517432482360401		False		tir		TN2, AT1G63750, AT1G72890
w:acylhydrolase	word	acylhydrolase	2	367	80	21521	1.4660081743869209	0.3970801766415369	AT2G31690, AT2G42690	True	0.6521546220954796		False		acylhydrolase		DALL5, AT2G42690
p:templated transcription	phrase	templated transcription	29	367	1604	21521	1.060205412898272	0.39904150177525094	AT1G13300, AT1G22070, AT1G25550, AT1G30500, AT1G55580, AT1G66390, AT1G68670, AT2G31730, AT2G34210, AT2G41070, AT2G43140, AT3G03260, AT3G04670, AT3G13810, AT3G25790, AT3G60490, AT4G02640, AT4G14770, AT4G28610, AT4G34590, AT5G02200, AT5G04340, AT5G07500, AT5G20320, AT5G24660, AT5G39760, AT5G49330, AT5G61430, AT5G62430	True	0.6544925979251758		False		templated transcription		HRS1, TGA3, HHO3, NF-YA7, LAS, MYB90, HHO2, BHLH154, AT2G34210, EEL, BHLH129, HDG8, WRKY39, IDD11, HHO1, ERF035, BZO2H1, TCX2, PHR1, GBF6, FHL, ZAT6, PEI1, DCL4, LSU2, HB23, MYB111, NAC100, CDF1
w:acetyltransferase	word	acetyltransferase	3	367	134	21521	1.3128431412420187	0.4008830595127471	AT3G02980, AT3G13110, AT4G34590	True	0.6557455422406092		False		acetyltransferase		MCC1, SERAT2;2, GBF6
w:removal	word	removal	3	367	134	21521	1.3128431412420187	0.4008830595127471	AT1G08630, AT1G71695, AT4G26010	True	0.6557455422406092		False		removal		THA1, PER12, PER44
w:remodeling	word	remodeling	5	367	244	21521	1.2016460445794435	0.40300167168451967	AT2G11810, AT3G02980, AT3G09560, AT4G28610, AT5G20410	True	0.6566773267597971		False		remodeling		MGDC, MCC1, PAH1, PHR1, MGD2
w:activate	word	activate	5	367	244	21521	1.2016460445794435	0.40300167168451967	AT1G65480, AT4G34590, AT4G38740, AT5G02200, AT5G49330	True	0.6566773267597971		False		activate		FT, GBF6, ROC1, FHL, MYB111
w:implicated	word	implicated	2	367	81	21521	1.4479093080364651	0.4030714569347316	AT3G12500, AT5G24660	True	0.6566773267597971		False		implicated		HCHIB, LSU2
w:salt	word	salt	10	367	525	21521	1.1169586090567016	0.40621473587546275	AT1G01140, AT1G14660, AT1G27760, AT1G56600, AT3G06370, AT3G08720, AT4G19810, AT4G33950, AT5G01820, AT5G24660	True	0.6606795766511446		False		salt		CIPK9, NHX8, SAT32, GolS2, NHX4, S6K2, ChiC, OST1, SR1, LSU2
w:cytokinin	word	cytokinin	4	367	190	21521	1.234533199483723	0.4070692598786846	AT1G19200, AT2G28305, AT2G37320, AT5G05870	True	0.6606795766511446		False		cytokinin		FLZ12, LOG1, PCMP-E50, UGT76C1
w:vacuole	word	vacuole	17	367	923	21521	1.080049359244969	0.40740801758151857	AT1G31480, AT1G55120, AT1G62710, AT1G71695, AT1G74210, AT2G22170, AT2G26130, AT2G38940, AT3G05630, AT3G06370, AT3G09560, AT3G12500, AT3G20660, AT3G49360, AT4G23700, AT5G01820, AT5G23210	True	0.6606795766511446		False		vacuole		SGR2, FRUCT5, BETA-VPE, PER12, GDPD5, PLAT2, RSL1, PHT1;4, PLDP2, NHX4, PAH1, HCHIB, OCT4, PGL2, CHX17, SR1, SCPL34
w:oxidation	word	oxidation	6	367	301	21521	1.1689101722686412	0.40769955798275237	AT1G58300, AT1G65840, AT1G71695, AT2G20800, AT4G26010, AT5G07460	True	0.6606795766511446		False		oxidation		HO4, PAO4, PER12, NDB4, PER44, PMSR2
k:Translocase	keyword	Translocase	2	367	82	21521	1.4302518774506545	0.40903435619225476	AT3G60160, AT5G44240	True	0.6618140845594647		False		Translocase		ABCC9, ALA2
k:Isopeptide bond	keyword	Isopeptide bond	3	367	136	21521	1.2935366244590478	0.41003107621843576	AT1G53930, AT4G07960, AT5G49160	True	0.6618140845594647		False		Isopeptide bond		AT1G53930, CSLC12, MET1
w:redox	word	redox	3	367	136	21521	1.2935366244590478	0.41003107621843576	AT1G60740, AT1G76080, AT4G31240	True	0.6618140845594647		False		redox		PRXIID, CDSP32, AT4G31240
p:dna templated	phrase	dna templated	29	367	1613	21521	1.0542898216297758	0.4110492990122868	AT1G13300, AT1G22070, AT1G25550, AT1G30500, AT1G55580, AT1G66390, AT1G68670, AT2G31730, AT2G34210, AT2G41070, AT2G43140, AT3G03260, AT3G04670, AT3G13810, AT3G25790, AT3G60490, AT4G02640, AT4G14770, AT4G28610, AT4G34590, AT5G02200, AT5G04340, AT5G07500, AT5G20320, AT5G24660, AT5G39760, AT5G49330, AT5G61430, AT5G62430	True	0.6625788038383484		False		dna templated		HRS1, TGA3, HHO3, NF-YA7, LAS, MYB90, HHO2, BHLH154, AT2G34210, EEL, BHLH129, HDG8, WRKY39, IDD11, HHO1, ERF035, BZO2H1, TCX2, PHR1, GBF6, FHL, ZAT6, PEI1, DCL4, LSU2, HB23, MYB111, NAC100, CDF1
w:nadp	word	nadp	4	367	192	21521	1.2216734786557673	0.41473108841294887	AT1G62540, AT3G03910, AT3G53620, AT3G56700	True	0.666747337646709		False		nadp		FMOGS-OX2, GDH3, PPa4, FAR6
w:glucan	word	glucan	4	367	192	21521	1.2216734786557673	0.41473108841294887	AT1G32900, AT3G46970, AT4G07960, AT4G30270	True	0.666747337646709		False		glucan		GBSS1, PHS2, CSLC12, XTH24
w:templated	word	templated	29	367	1619	21521	1.0503826326675902	0.41907850907630717	AT1G13300, AT1G22070, AT1G25550, AT1G30500, AT1G55580, AT1G66390, AT1G68670, AT2G31730, AT2G34210, AT2G41070, AT2G43140, AT3G03260, AT3G04670, AT3G13810, AT3G25790, AT3G60490, AT4G02640, AT4G14770, AT4G28610, AT4G34590, AT5G02200, AT5G04340, AT5G07500, AT5G20320, AT5G24660, AT5G39760, AT5G49330, AT5G61430, AT5G62430	True	0.6720536275862953		False		templated		HRS1, TGA3, HHO3, NF-YA7, LAS, MYB90, HHO2, BHLH154, AT2G34210, EEL, BHLH129, HDG8, WRKY39, IDD11, HHO1, ERF035, BZO2H1, TCX2, PHR1, GBF6, FHL, ZAT6, PEI1, DCL4, LSU2, HB23, MYB111, NAC100, CDF1
k:Amino-acid biosynthesis	keyword	Amino-acid biosynthesis	3	367	138	21521	1.2747897168581919	0.41913615722103376	AT1G22410, AT1G50110, AT3G13110	True	0.6720536275862953		False		Amino-acid biosynthesis		AT1G22410, BCAT6, SERAT2;2
w:pmei	word	pmei	2	367	84	21521	1.396198261320877	0.4208719465756605	AT4G12390, AT4G15980	True	0.6721799986648016		False		pmei		PME1, PME43
w:delta	word	delta	2	367	84	21521	1.396198261320877	0.4208719465756605	AT5G16230, AT5G38710	True	0.6721799986648016		False		delta		S-ACP-DES3, POX2
w:classical	word	classical	2	367	84	21521	1.396198261320877	0.4208719465756605	AT1G71695, AT4G26010	True	0.6721799986648016		False		classical		PER12, PER44
w:methionine	word	methionine	5	367	250	21521	1.1728065395095368	0.4231713491815659	AT1G09240, AT1G50110, AT1G76080, AT4G26200, AT5G07460	True	0.6749666211716457		False		methionine		NAS3, BCAT6, CDSP32, ACS7, PMSR2
k:Monooxygenase	keyword	Monooxygenase	5	367	251	21521	1.1681340034955545	0.4265220990978938	AT1G01190, AT1G33720, AT1G62540, AT2G29090, AT3G61880	True	0.6788874469082673		False		Monooxygenase		CYP78A8, CYP76C6, FMOGS-OX2, CYP707A2, CYP78A9
p:light intensity	phrase	light intensity	2	367	85	21521	1.3797723994229842	0.4267451905380645	AT1G55480, AT4G28610	True	0.6788874469082673		False		light intensity		ZKT, PHR1
w:inhibitor	word	inhibitor	7	367	365	21521	1.1246090104885968	0.4302792135603189	AT1G08180, AT2G43535, AT4G12390, AT4G15980, AT4G28610, AT4G33770, AT5G06870	True	0.6811830822851802		False		inhibitor		SMR2, ATTI4, PME1, PME43, PHR1, ITPK2, PGIP2
w:heat	word	heat	7	367	365	21521	1.1246090104885968	0.4302792135603189	AT1G76080, AT2G03020, AT3G08720, AT3G10680, AT5G01820, AT5G09470, AT5G37670	True	0.6811830822851802		False		heat		CDSP32, AT2G03020, S6K2, SLI1, SR1, DIC3, HSP15.7
w:precursor	word	precursor	7	367	365	21521	1.1246090104885968	0.4302792135603189	AT1G62710, AT3G14790, AT3G21280, AT3G52310, AT3G56040, AT4G26200, AT4G33030	True	0.6811830822851802		False		precursor		BETA-VPE, RHM3, UBP7, ABCG27, UGP3, ACS7, SQD1
w:bacterium	word	bacterium	9	367	479	21521	1.1018015506874563	0.43138545152180874	AT1G22070, AT1G51805, AT1G52940, AT1G76080, AT2G43710, AT4G03960, AT4G33950, AT5G24660, AT5G39720	True	0.6811830822851802		False		bacterium		TGA3, SIF3, PAP5, CDSP32, SSI2, PFA-DSP4, OST1, LSU2, AIG2L
p:pathogen attack	phrase	pathogen attack	2	367	86	21521	1.363728534313415	0.4325871572674892	AT1G71695, AT4G26010	True	0.6811830822851802		False		pathogen attack		PER12, PER44
p:oxidase kelch	phrase	oxidase kelch	2	367	86	21521	1.363728534313415	0.4325871572674892	AT2G22030, AT3G27150	True	0.6811830822851802		False		oxidase kelch		AT2G22030, AT3G27150
w:sensitive	word	sensitive	2	367	86	21521	1.363728534313415	0.4325871572674892	AT1G14660, AT1G75830	True	0.6811830822851802		False		sensitive		NHX8, LCR67
w:syringae	word	syringae	3	367	141	21521	1.2476665313931241	0.4327051240513939	AT4G03960, AT4G33950, AT4G38740	True	0.6811830822851802		False		syringae		PFA-DSP4, OST1, ROC1
w:monooxygenase	word	monooxygenase	4	367	197	21521	1.1906665375731338	0.4337854468126661	AT1G01190, AT1G62540, AT2G29090, AT3G61880	True	0.6811830822851802		False		monooxygenase		CYP78A8, FMOGS-OX2, CYP707A2, CYP78A9
k:Apoplast	keyword	Apoplast	4	367	197	21521	1.1906665375731338	0.4337854468126661	AT1G55120, AT2G44450, AT4G12390, AT4G30270	True	0.6811830822851802		False		Apoplast		FRUCT5, BGLU15, PME1, XTH24
w:abiotic	word	abiotic	3	367	142	21521	1.2388801473692288	0.43720269466250555	AT2G22170, AT2G44450, AT4G38320	True	0.6837450460163375		False		abiotic		PLAT2, BGLU15, HHP5
w:photosynthesis	word	photosynthesis	3	367	142	21521	1.2388801473692288	0.43720269466250555	AT1G55480, AT4G04040, AT4G28610	True	0.6837450460163375		False		photosynthesis		ZKT, MEE51, PHR1
k:FAD	keyword	FAD	4	367	198	21521	1.1846530702116533	0.43757672966114847	AT1G62540, AT1G65840, AT2G20800, AT5G38710	True	0.6837450460163375		False		FAD		FMOGS-OX2, PAO4, NDB4, POX2
p:peptide bond	phrase	peptide bond	2	367	87	21521	1.3480534936891226	0.43839720436091867	AT3G21280, AT4G38740	True	0.6837450460163375		False		peptide bond		UBP7, ROC1
w:hydroxy	word	hydroxy	2	367	87	21521	1.3480534936891226	0.43839720436091867	AT3G21230, AT4G34350	True	0.6837450460163375		False		hydroxy		4CL5, HDR
w:oxidoreductase	word	oxidoreductase	17	367	941	21521	1.0593895415335879	0.43878790545502017	AT1G01190, AT1G52790, AT1G52800, AT1G60740, AT1G65840, AT1G76080, AT2G20800, AT2G29090, AT2G43710, AT3G03910, AT3G56700, AT3G60290, AT3G61880, AT4G31240, AT5G16230, AT5G20400, AT5G61510	True	0.6837450460163375		False		oxidoreductase		CYP78A8, AT1G52790, AT1G52800, PRXIID, PAO4, CDSP32, NDB4, CYP707A2, SSI2, GDH3, FAR6, AT3G60290, CYP78A9, AT4G31240, S-ACP-DES3, AT5G20400, AT5G61510
w:induced	word	induced	9	367	483	21521	1.0926769001641647	0.44107528483318686	AT1G73010, AT1G76080, AT2G04160, AT3G47420, AT4G34590, AT5G04340, AT5G20320, AT5G38710, AT5G39720	True	0.6864304624577857		False		induced		PS2, CDSP32, AIR3, G3Pp1, GBF6, ZAT6, DCL4, POX2, AIG2L
p:methylesterase inhibitor	phrase	methylesterase inhibitor	2	367	88	21521	1.33273470398811	0.44417472027911803	AT4G12390, AT4G15980	True	0.6886122733499193		False		methylesterase inhibitor		PME1, PME43
w:coated	word	coated	2	367	88	21521	1.33273470398811	0.44417472027911803	AT1G33340, AT4G40080	True	0.6886122733499193		False		coated		AT1G33340, AT4G40080
p:galactose oxidase	phrase	galactose oxidase	2	367	88	21521	1.33273470398811	0.44417472027911803	AT2G22030, AT3G27150	True	0.6886122733499193		False		galactose oxidase		AT2G22030, AT3G27150
p:hydrogen peroxide	phrase	hydrogen peroxide	4	367	200	21521	1.1728065395095366	0.4451373905069619	AT1G60740, AT1G71695, AT3G17790, AT4G26010	True	0.689226722960525		False		hydrogen peroxide		PRXIID, PER12, PAP17, PER44
w:ribose	word	ribose	3	367	144	21521	1.2216734786557673	0.4461571692805446	AT1G63750, AT2G38740, AT3G27190	True	0.6899279225087964		False		ribose		AT1G63750, SGPP, UKL2
w:fungal	word	fungal	2	367	89	21521	1.3177601567522883	0.4499191234859493	AT3G12500, AT5G06870	True	0.6931032573194941		False		fungal		HCHIB, PGIP2
p:transferring group	phrase	transferring group	2	367	89	21521	1.3177601567522883	0.4499191234859493	AT2G26640, AT3G02980	True	0.6931032573194941		False		transferring group		KCS11, MCC1
p:amino acyl	phrase	amino acyl	2	367	89	21521	1.3177601567522883	0.4499191234859493	AT2G26640, AT3G02980	True	0.6931032573194941		False		amino acyl		KCS11, MCC1
w:mechanism	word	mechanism	4	367	202	21521	1.1611945935737988	0.45266699264354715	AT3G09560, AT3G21230, AT3G46970, AT5G20320	True	0.6954820728844723		False		mechanism		PAH1, 4CL5, PHS2, DCL4
w:peroxide	word	peroxide	4	367	202	21521	1.1611945935737988	0.45266699264354715	AT1G60740, AT1G71695, AT3G17790, AT4G26010	True	0.6954820728844723		False		peroxide		PRXIID, PER12, PAP17, PER44
k:Isomerase	keyword	Isomerase	5	367	259	21521	1.1320526443142247	0.45317771881461505	AT1G09780, AT1G22170, AT3G14790, AT4G38740, AT5G66530	True	0.6954820728844723		False		Isomerase		iPGAM1, gpmA1, RHM3, ROC1, AT5G66530
w:modulation	word	modulation	2	367	90	21521	1.3031183772328188	0.4556298616079439	AT1G13300, AT5G53760	True	0.6962697442468785		False		modulation		HRS1, MLO11
w:meiosis	word	meiosis	2	367	90	21521	1.3031183772328188	0.4556298616079439	AT3G02980, AT3G47460	True	0.6962697442468785		False		meiosis		MCC1, ATSMC2
p:box kelch	phrase	box kelch	2	367	90	21521	1.3031183772328188	0.4556298616079439	AT2G22030, AT3G27150	True	0.6962697442468785		False		box kelch		AT2G22030, AT3G27150
p:pollen tube	phrase	pollen tube	6	367	317	21521	1.1099115515863123	0.4559794463145129	AT1G09240, AT3G27960, AT4G02050, AT4G07960, AT4G15190, AT4G15200	True	0.6962697442468785		False		pollen tube		NAS3, KLCR2, STP7, CSLC12, FH3, FH3
k:Transcription regulation	keyword	Transcription regulation	33	367	1880	21521	1.0293248883993276	0.4575100703959256	AT1G13300, AT1G18710, AT1G22070, AT1G25550, AT1G30500, AT1G49900, AT1G55580, AT1G60280, AT1G66390, AT1G68670, AT1G69770, AT2G31730, AT2G34210, AT2G41070, AT2G42660, AT2G43140, AT3G03260, AT3G04670, AT3G13810, AT3G25790, AT3G49760, AT3G60490, AT4G02640, AT4G28610, AT4G34590, AT5G02200, AT5G04340, AT5G07500, AT5G13820, AT5G39760, AT5G49330, AT5G61430, AT5G62430	True	0.6977315233982976		False		Transcription regulation		HRS1, MYB47, TGA3, HHO3, NF-YA7, AT1G49900, LAS, NAC023, MYB90, HHO2, CMT3, BHLH154, AT2G34210, EEL, AT2G42660, BHLH129, HDG8, WRKY39, IDD11, HHO1, bZIP5, ERF035, BZO2H1, PHR1, GBF6, FHL, ZAT6, PEI1, TBP1, HB23, MYB111, NAC100, CDF1
w:nadph	word	nadph	3	367	147	21521	1.196741366846466	0.4594812155801852	AT3G53620, AT4G31240, AT5G61510	True	0.6989857992013567		False		nadph		PPa4, AT4G31240, AT5G61510
w:endomembrane	word	endomembrane	3	367	147	21521	1.196741366846466	0.4594812155801852	AT2G33770, AT2G48150, AT4G02050	True	0.6989857992013567		False		endomembrane		PHO2, GPX4, STP7
w:gravitropism	word	gravitropism	2	367	91	21521	1.288798395065425	0.4613064106136706	AT1G31480, AT5G67440	True	0.7000123462803455		False		gravitropism		SGR2, NPY3
w:isomerization	word	isomerization	2	367	91	21521	1.288798395065425	0.4613064106136706	AT2G29090, AT4G38740	True	0.7000123462803455		False		isomerization		CYP707A2, ROC1
w:movement	word	movement	5	367	262	21521	1.1190902094556647	0.46309121759732835	AT1G05760, AT1G09780, AT1G31480, AT1G65480, AT4G33950	True	0.7018455937932112		False		movement		RTM1, iPGAM1, SGR2, FT, OST1
w:proper	word	proper	3	367	148	21521	1.1886552765299359	0.4638923246484489	AT4G31780, AT5G01220, AT5G49160	True	0.7021852725089083		False		proper		MGD1, SQD2, MET1
w:cis‑acting	word	cis-acting	2	367	92	21521	1.2747897168581923	0.46694827401249545	AT1G22070, AT3G04670	True	0.7050571333414478		False		cis-acting		TGA3, WRKY39
k:Thiol protease	keyword	Thiol protease	2	367	92	21521	1.2747897168581923	0.46694827401249545	AT1G62710, AT3G21280	True	0.7050571333414478		False		Thiol protease		BETA-VPE, UBP7
p:heat shock	phrase	heat shock	3	367	149	21521	1.1806777243384596	0.468287705897434	AT2G03020, AT3G10680, AT5G37670	True	0.7053293788083875		False		heat shock		AT2G03020, SLI1, HSP15.7
w:heavy	word	heavy	3	367	149	21521	1.1806777243384596	0.468287705897434	AT1G22990, AT1G33340, AT4G40080	True	0.7053293788083875		False		heavy		HIPP22, AT1G33340, AT4G40080
k:Plastid	keyword	Plastid	25	367	1425	21521	1.0287776662364359	0.4713698005032661	AT1G22170, AT1G22410, AT1G32900, AT1G55480, AT1G58300, AT1G76080, AT2G11810, AT2G31690, AT2G43710, AT3G02040, AT3G10420, AT3G11670, AT3G27190, AT3G52720, AT3G56040, AT3G56700, AT4G00550, AT4G26720, AT4G31780, AT4G33030, AT4G34350, AT5G01220, AT5G16230, AT5G19220, AT5G20410	True	0.7066778258444071		False		Plastid		gpmA1, AT1G22410, GBSS1, ZKT, HO4, CDSP32, MGDC, DALL5, SSI2, SRG3, SPD1, DGD1, UKL2, ACA1, UGP3, FAR6, DGD2, PPX1, MGD1, SQD1, HDR, SQD2, S-ACP-DES3, APL1, MGD2
w:gated	word	gated	2	367	93	21521	1.261082300547889	0.47255498207229335	AT3G21620, AT5G27100	True	0.7066778258444071		False		gated		OSCA1.5, GLR2.1
w:inflorescence	word	inflorescence	2	367	93	21521	1.261082300547889	0.47255498207229335	AT5G49160, AT5G67440	True	0.7066778258444071		False		inflorescence		MET1, NPY3
w:post‑embryonic	word	post-embryonic	2	367	93	21521	1.261082300547889	0.47255498207229335	AT1G01190, AT3G61880	True	0.7066778258444071		False		post-embryonic		CYP78A8, CYP78A9
w:recombination	word	recombination	3	367	150	21521	1.1728065395095366	0.4726670092336462	AT3G02980, AT4G26720, AT5G54090	True	0.7066778258444071		False		recombination		MCC1, PPX1, MJP23.7
p:red light	phrase	red light	3	367	150	21521	1.1728065395095366	0.4726670092336462	AT2G29090, AT4G38740, AT5G02200	True	0.7066778258444071		False		red light		CYP707A2, ROC1, FHL
w:nucleoplasm	word	nucleoplasm	3	367	151	21521	1.165039608784308	0.47702989420455544	AT2G46860, AT3G53620, AT4G01480	True	0.7123256211618945		False		nucleoplasm		PPa3, PPa4, PPa5
p:transporting atpase	phrase	transporting atpase	2	367	94	21521	1.2476665313931241	0.47812609105571824	AT3G60160, AT5G44240	True	0.7130875647240307		False		transporting atpase		ABCC9, ALA2
w:participate	word	participate	5	367	267	21521	1.0981334639602405	0.479493315747683	AT1G76080, AT2G41070, AT4G30270, AT4G31240, AT5G20320	True	0.714251365073354		False		participate		CDSP32, EEL, XTH24, AT4G31240, DCL4
w:stabilization	word	stabilization	2	367	95	21521	1.234533199483723	0.48366118247461237	AT3G11670, AT5G61510	True	0.7195790453198083		False		stabilization		DGD1, AT5G61510
w:flavin	word	flavin	3	367	153	21521	1.149810332852487	0.48570509478584994	AT1G62540, AT1G65840, AT4G21470	True	0.7217376072703046		False		flavin		FMOGS-OX2, PAO4, FMN/FHY
w:nodulin	word	nodulin	2	367	96	21521	1.2216734786557673	0.4891598623621754	AT2G40900, AT5G50790	True	0.723726234524468		False		nodulin		UMAMIT11, SWEET10
w:cytokinesis	word	cytokinesis	2	367	96	21521	1.2216734786557673	0.4891598623621754	AT1G69770, AT5G49160	True	0.723726234524468		False		cytokinesis		CMT3, MET1
k:ANK repeat	keyword	ANK repeat	2	367	96	21521	1.2216734786557673	0.4891598623621754	AT3G03790, AT4G03450	True	0.723726234524468		False		ANK repeat		AT3G03790, AT4G03450
w:storage	word	storage	4	367	212	21521	1.1064212636882422	0.48977619483451923	AT1G62710, AT3G09560, AT4G02640, AT4G25150	True	0.723726234524468		False		storage		BETA-VPE, PAH1, BZO2H1, AT4G25150
w:shock	word	shock	3	367	154	21521	1.1423440319898086	0.4900167767035018	AT2G03020, AT3G10680, AT5G37670	True	0.723726234524468		False		shock		AT2G03020, SLI1, HSP15.7
w:ring	word	ring	11	367	621	21521	1.038717547069638	0.4920231745637838	AT1G58300, AT1G76410, AT2G26130, AT3G02870, AT3G13430, AT3G61410, AT4G04955, AT4G25160, AT5G19430, AT5G61550, AT5G65500	True	0.7258087314474241		False		ring		HO4, ATL8, RSL1, VTC4, BTL07, AT3G61410, ALN, PUB35, C3HC4, PUB52, PUB50
w:alcohol	word	alcohol	3	367	155	21521	1.1349740704931	0.49431077264619117	AT1G60740, AT3G56700, AT5G61510	True	0.7261214506689494		False		alcohol		PRXIID, FAR6, AT5G61510
w:coupled	word	coupled	3	367	155	21521	1.1349740704931	0.49431077264619117	AT1G76430, AT3G60160, AT5G44240	True	0.7261214506689494		False		coupled		PHT1;9, ABCC9, ALA2
w:invertase	word	invertase	2	367	97	21521	1.2090789067108627	0.4946217605624972	AT1G55120, AT4G15980	True	0.7261214506689494		False		invertase		FRUCT5, PME43
k:Serine protease	keyword	Serine protease	2	367	97	21521	1.2090789067108627	0.4946217605624972	AT2G04160, AT4G34980	True	0.7261214506689494		False		Serine protease		AIR3, SLP2
k:Nuclease	keyword	Nuclease	3	367	156	21521	1.127698595682247	0.49858678870132295	AT2G02990, AT5G20320, AT5G39640	True	0.731060387770494		False		Nuclease		RNS1, DCL4, MIJ24.14
w:surface	word	surface	3	367	157	21521	1.1205158020791752	0.5028445399254454	AT3G05490, AT3G17790, AT5G67440	True	0.7355310157322921		False		surface		RALFL22, PAP17, NPY3
w:red	word	red	3	367	157	21521	1.1205158020791752	0.5028445399254454	AT2G29090, AT4G38740, AT5G02200	True	0.7355310157322921		False		red		CYP707A2, ROC1, FHL
p:chloroplast envelope	phrase	chloroplast envelope	8	367	451	21521	1.040183183600476	0.5050318705248596	AT1G55480, AT1G76080, AT2G11810, AT3G10420, AT4G31780, AT5G01220, AT5G19220, AT5G20410	True	0.7366622644440518		False		chloroplast envelope		ZKT, CDSP32, MGDC, SPD1, MGD1, SQD2, APL1, MGD2
w:iii	word	iii	5	367	275	21521	1.0661877631904881	0.5053743776818326	AT1G71695, AT2G27190, AT2G40710, AT4G26010, AT5G20320	True	0.7366622644440518		False		iii		PER12, PAP12, AT2G40710, PER44, DCL4
w:asymmetric	word	asymmetric	2	367	99	21521	1.1846530702116533	0.5054338461879895	AT1G69770, AT5G49160	True	0.7366622644440518		False		asymmetric		CMT3, MET1
w:autophosphorylation	word	autophosphorylation	2	367	100	21521	1.1728065395095366	0.5107834061972384	AT1G20930, AT4G33950	True	0.7434374591478277		False		autophosphorylation		CDKB2;2, OST1
k:Peroxisome	keyword	Peroxisome	3	367	159	21521	1.1064212636882422	0.5113041522651863	AT1G65840, AT2G20800, AT5G37670	True	0.7434374591478277		False		Peroxisome		PAO4, NDB4, HSP15.7
w:leave	word	leave	3	367	160	21521	1.0995061307901906	0.5155054873069395	AT1G65480, AT4G10120, AT5G49330	True	0.7477232474297842		False		leave		FT, ATSPS4F, MYB111
w:intensity	word	intensity	2	367	101	21521	1.1611945935737988	0.5160949283821025	AT1G55480, AT4G28610	True	0.7477232474297842		False		intensity		ZKT, PHR1
w:cadmium	word	cadmium	2	367	101	21521	1.1611945935737988	0.5160949283821025	AT1G22990, AT2G44260	True	0.7477232474297842		False		cadmium		HIPP22, AT2G44260
w:regulatory	word	regulatory	8	367	456	21521	1.0287776662364359	0.5175216618402515	AT1G01140, AT3G46970, AT4G14580, AT4G18700, AT4G33770, AT5G01810, AT5G01820, AT5G02200	True	0.748881780995298		False		regulatory		CIPK9, PHS2, CIPK4, CIPK12, ITPK2, CIPK15, SR1, FHL
w:secretory	word	secretory	5	367	279	21521	1.050901917123241	0.5181252749367633	AT2G22170, AT2G43535, AT3G12500, AT4G19810, AT4G30270	True	0.748881780995298		False		secretory		PLAT2, ATTI4, HCHIB, ChiC, XTH24
w:attack	word	attack	2	367	102	21521	1.149810332852487	0.5213681515659647	AT1G71695, AT4G26010	True	0.7526750183342575		False		attack		PER12, PER44
p:leucine rich	phrase	leucine rich	5	367	281	21521	1.0434221881757444	0.5244490370691587	AT1G51805, AT2G19330, AT3G47090, AT5G49780, AT5G56570	True	0.7562256849682063		False		leucine rich		SIF3, PIRL6, AT3G47090, AT5G49780, AT5G56570
w:pathway	word	pathway	30	367	1757	21521	1.001257717281904	0.525119059385309	AT1G03445, AT1G13300, AT1G19200, AT1G20930, AT1G22070, AT1G23140, AT1G65480, AT1G68670, AT2G26130, AT2G28305, AT2G32260, AT2G41070, AT2G43710, AT3G08720, AT3G09560, AT3G11670, AT3G27190, AT3G60490, AT4G04710, AT4G13420, AT4G33770, AT4G33950, AT4G34350, AT4G34590, AT4G38740, AT5G01810, AT5G20320, AT5G39760, AT5G62430, AT5G64000	True	0.7562957340496107		False		pathway		BSU1, HRS1, FLZ12, CDKB2;2, TGA3, CAR8, FT, HHO2, RSL1, LOG1, CCT1, EEL, SSI2, S6K2, PAH1, DGD1, UKL2, ERF035, CPK22, HAK5, ITPK2, OST1, HDR, GBF6, ROC1, CIPK15, DCL4, HB23, CDF1, SAL2
w:seedling	word	seedling	4	367	222	21521	1.0565824680266096	0.5258164538575362	AT3G10420, AT4G13420, AT4G25150, AT4G31780	True	0.7563631985086231		False		seedling		SPD1, HAK5, AT4G25150, MGD1
w:stage	word	stage	2	367	103	21521	1.1386471257374144	0.5266028344643866	AT3G10420, AT5G07500	True	0.7563631985086231		False		stage		SPD1, PEI1
k:Cytoplasm	keyword	Cytoplasm	35	367	2053	21521	0.9997133191143155	0.527147272136796	AT1G01140, AT1G03020, AT1G05760, AT1G06830, AT1G09780, AT1G50110, AT1G56600, AT1G60740, AT1G65480, AT2G16430, AT2G28305, AT2G30540, AT2G42690, AT2G46860, AT2G47920, AT3G03540, AT3G09560, AT3G14940, AT3G46970, AT3G49360, AT3G53620, AT3G60290, AT3G63260, AT4G01480, AT4G02640, AT4G04040, AT4G15680, AT4G15690, AT4G38740, AT5G01820, AT5G02200, AT5G07460, AT5G57610, AT5G63680, AT5G67440	True	0.7563631985086231		False		Cytoplasm		CIPK9, GRXS1, RTM1, GRXS11, iPGAM1, BCAT6, GolS2, PRXIID, FT, PAP10, LOG1, GRXS9, AT2G42690, PPa3, NET3C, NPC5, PAH1, PPC3, PHS2, PGL2, PPa4, AT3G60290, ATMRK1, PPa5, BZO2H1, MEE51, GRXS4, GRXS5, ROC1, SR1, FHL, PMSR2, MUA2.19, MBK5.16, NPY3
k:Transcription	keyword	Transcription	33	367	1936	21521	0.9995510279910825	0.5280955523096852	AT1G13300, AT1G18710, AT1G22070, AT1G25550, AT1G30500, AT1G49900, AT1G55580, AT1G60280, AT1G66390, AT1G68670, AT1G69770, AT2G31730, AT2G34210, AT2G41070, AT2G42660, AT2G43140, AT3G03260, AT3G04670, AT3G13810, AT3G25790, AT3G49760, AT3G60490, AT4G02640, AT4G28610, AT4G34590, AT5G02200, AT5G04340, AT5G07500, AT5G13820, AT5G39760, AT5G49330, AT5G61430, AT5G62430	True	0.7563631985086231		False		Transcription		HRS1, MYB47, TGA3, HHO3, NF-YA7, AT1G49900, LAS, NAC023, MYB90, HHO2, CMT3, BHLH154, AT2G34210, EEL, AT2G42660, BHLH129, HDG8, WRKY39, IDD11, HHO1, bZIP5, ERF035, BZO2H1, PHR1, GBF6, FHL, ZAT6, PEI1, TBP1, HB23, MYB111, NAC100, CDF1
p:shoot apical	phrase	shoot apical	2	367	104	21521	1.127698595682247	0.5317987550860498	AT1G65480, AT5G20320	True	0.7563631985086231		False		shoot apical		FT, DCL4
w:length	word	length	2	367	104	21521	1.127698595682247	0.5317987550860498	AT1G62540, AT5G16080	True	0.7563631985086231		False		length		FMOGS-OX2, CXE17
k:Homeobox	keyword	Homeobox	2	367	104	21521	1.127698595682247	0.5317987550860498	AT3G03260, AT5G39760	True	0.7563631985086231		False		Homeobox		HDG8, HB23
p:stomatal closure	phrase	stomatal closure	2	367	104	21521	1.127698595682247	0.5317987550860498	AT2G41070, AT4G33950	True	0.7563631985086231		False		stomatal closure		EEL, OST1
p:systemic acquired	phrase	systemic acquired	2	367	104	21521	1.127698595682247	0.5317987550860498	AT1G05760, AT1G22070	True	0.7563631985086231		False		systemic acquired		RTM1, TGA3
p:acquired resistance	phrase	acquired resistance	2	367	104	21521	1.127698595682247	0.5317987550860498	AT1G05760, AT1G22070	True	0.7563631985086231		False		acquired resistance		RTM1, TGA3
w:toxic	word	toxic	3	367	164	21521	1.0726889080879909	0.5321152784073293	AT1G66760, AT1G71695, AT4G26010	True	0.7563631985086231		False		toxic		DTX9, PER12, PER44
k:Zinc	keyword	Zinc	26	367	1527	21521	0.9984600532825134	0.5328830249596199	AT1G13750, AT1G19200, AT1G49900, AT1G52940, AT1G76410, AT2G16430, AT2G26130, AT2G27190, AT2G40710, AT2G44370, AT2G46880, AT3G11230, AT3G13430, AT3G13810, AT3G17790, AT3G52720, AT4G04955, AT4G13700, AT4G14770, AT4G24890, AT5G04340, AT5G07500, AT5G18550, AT5G19430, AT5G39760, AT5G62430	True	0.7563631985086231		False		Zinc		PAP1, FLZ12, AT1G49900, PAP5, ATL8, PAP10, RSL1, PAP12, AT2G40710, AT2G44370, PAP14, AT3G11230, BTL07, IDD11, PAP17, ACA1, ALN, PAP23, TCX2, PAP24, ZAT6, PEI1, AT5G18550, C3HC4, HB23, CDF1
w:donor	word	donor	9	367	522	21521	1.011040120266842	0.533824188495878	AT1G01190, AT1G32900, AT1G76080, AT2G29090, AT3G03910, AT3G56700, AT3G61880, AT4G04040, AT5G19220	True	0.7563631985086231		False		donor		CYP78A8, GBSS1, CDSP32, CYP707A2, GDH3, FAR6, CYP78A9, MEE51, APL1
w:stomatal	word	stomatal	5	367	284	21521	1.032400122807691	0.5338668755290938	AT1G09780, AT1G65480, AT2G41070, AT4G14770, AT4G33950	True	0.7563631985086231		False		stomatal		iPGAM1, FT, EEL, TCX2, OST1
w:progression	word	progression	2	367	105	21521	1.1169586090567016	0.5369557101482585	AT4G14770, AT5G67440	True	0.7589722407089786		False		progression		TCX2, NPY3
k:Ion channel	keyword	Ion channel	2	367	105	21521	1.1169586090567016	0.5369557101482585	AT3G21620, AT5G27100	True	0.7589722407089786		False		Ion channel		OSCA1.5, GLR2.1
k:Chloroplast	keyword	Chloroplast	24	367	1413	21521	0.9960140462926003	0.5386966960842767	AT1G22170, AT1G22410, AT1G32900, AT1G55480, AT1G58300, AT1G76080, AT2G11810, AT2G31690, AT2G43710, AT3G02040, AT3G10420, AT3G11670, AT3G27190, AT3G52720, AT3G56040, AT3G56700, AT4G00550, AT4G31780, AT4G33030, AT4G34350, AT5G01220, AT5G16230, AT5G19220, AT5G20410	True	0.7605497437755971		False		Chloroplast		gpmA1, AT1G22410, GBSS1, ZKT, HO4, CDSP32, MGDC, DALL5, SSI2, SRG3, SPD1, DGD1, UKL2, ACA1, UGP3, FAR6, DGD2, MGD1, SQD1, HDR, SQD2, S-ACP-DES3, APL1, MGD2
w:generate	word	generate	2	367	106	21521	1.1064212636882422	0.542073514506668	AT3G05630, AT5G20320	True	0.7644304370273638		False		generate		PLDP2, DCL4
w:sam	word	sam	4	367	227	21521	1.0333097264401205	0.5433722676625028	AT1G69770, AT4G26200, AT5G17240, AT5G49160	True	0.7653750575755391		False		sam		CMT3, ACS7, SDG40, MET1
w:transferring	word	transferring	3	367	167	21521	1.0534190474636556	0.5443609814540554	AT2G26640, AT3G02980, AT3G56040	True	0.7658812883579023		False		transferring		KCS11, MCC1, UGP3
w:acetylation	word	acetylation	2	367	107	21521	1.096080878046296	0.5471520005989352	AT3G02980, AT4G34590	True	0.7689191509571641		False		acetylation		MCC1, GBF6
w:secondary	word	secondary	4	367	229	21521	1.0242851873445735	0.5503010169063817	AT1G22150, AT1G55580, AT1G65840, AT5G20320	True	0.7724525231546326		False		secondary		SULTR1;3, LAS, PAO4, DCL4
w:efflux	word	efflux	3	367	169	21521	1.0409525498605356	0.5524209181901035	AT1G66760, AT4G33950, AT5G50790	True	0.7736777304646112		False		efflux		DTX9, OST1, SWEET10
p:rich repeat	phrase	rich repeat	5	367	290	21521	1.0110401202668422	0.5524453145223888	AT1G51805, AT2G19330, AT3G47090, AT5G49780, AT5G56570	True	0.7736777304646112		False		rich repeat		SIF3, PIRL6, AT3G47090, AT5G49780, AT5G56570
w:chaperone	word	chaperone	5	367	291	21521	1.0075657555923856	0.5555069129198796	AT1G55480, AT1G72070, AT2G16595, AT3G10680, AT5G37670	True	0.776562072551982		False		chaperone		ZKT, AT1G72070, AT2G16595, SLI1, HSP15.7
w:damage	word	damage	3	367	170	21521	1.0348292995672381	0.5564191678433265	AT5G07460, AT5G09470, AT5G54090	True	0.776562072551982		False		damage		PMSR2, DIC3, MJP23.7
w:pathogenesis	word	pathogenesis	3	367	170	21521	1.0348292995672381	0.5564191678433265	AT1G22070, AT3G12500, AT3G60490	True	0.776562072551982		False		pathogenesis		TGA3, HCHIB, ERF035
w:endosperm	word	endosperm	2	367	109	21521	1.0759693023023273	0.557190432402563	AT5G16230, AT5G49160	True	0.7767477161900564		False		endosperm		S-ACP-DES3, MET1
p:tube growth	phrase	tube growth	3	367	171	21521	1.0287776662364356	0.5603960405475904	AT1G09240, AT3G27960, AT4G15200	True	0.7783125181347269		False		tube growth		NAS3, KLCR2, FH3
w:nac	word	nac	2	367	110	21521	1.066187763190488	0.5621501260808751	AT1G60280, AT5G61430	True	0.7783125181347269		False		nac		NAC023, NAC100
p:sugar transporter	phrase	sugar transporter	2	367	110	21521	1.066187763190488	0.5621501260808751	AT4G02050, AT5G50790	True	0.7783125181347269		False		sugar transporter		STP7, SWEET10
w:homeobox	word	homeobox	2	367	110	21521	1.066187763190488	0.5621501260808751	AT3G03260, AT5G39760	True	0.7783125181347269		False		homeobox		HDG8, HB23
w:endo	word	endo	2	367	110	21521	1.066187763190488	0.5621501260808751	AT1G02310, AT4G30270	True	0.7783125181347269		False		endo		MAN1, XTH24
p:acyl group	phrase	acyl group	2	367	110	21521	1.066187763190488	0.5621501260808751	AT2G26640, AT3G02980	True	0.7783125181347269		False		acyl group		KCS11, MCC1
p:paired donor	phrase	paired donor	3	367	172	21521	1.0227964007350612	0.5643513720187756	AT1G01190, AT2G29090, AT3G61880	True	0.7799708630121951		False		paired donor		CYP78A8, CYP707A2, CYP78A9
w:sugar	word	sugar	5	367	294	21521	0.997284472372055	0.56462968801458	AT2G19880, AT2G38740, AT3G14790, AT4G02050, AT5G50790	True	0.7799708630121951		False		sugar		GCS, SGPP, RHM3, STP7, SWEET10
w:tip	word	tip	2	367	111	21521	1.0565824680266096	0.5670699964068584	AT4G01470, AT5G67440	True	0.7823663951095695		False		tip		TIP1;3, NPY3
w:repressor	word	repressor	5	367	295	21521	0.9939038470419803	0.5676495701575595	AT1G13300, AT1G68670, AT3G09560, AT5G04340, AT5G62430	True	0.7823663951095695		False		repressor		HRS1, HHO2, PAH1, ZAT6, CDF1
p:pectin methylesterase	phrase	pectin methylesterase	2	367	112	21521	1.047148695990658	0.5719499558489844	AT4G12390, AT4G15980	True	0.7859633103241905		False		pectin methylesterase		PME1, PME43
p:zinc finger	phrase	zinc finger	10	367	599	21521	0.978970400258378	0.5720077031089237	AT1G19200, AT1G49900, AT1G76410, AT2G26130, AT4G31240, AT5G04340, AT5G07500, AT5G18550, AT5G39760, AT5G62430	True	0.7859633103241905		False		zinc finger		FLZ12, AT1G49900, ATL8, RSL1, AT4G31240, ZAT6, PEI1, AT5G18550, HB23, CDF1
w:proline	word	proline	3	367	174	21521	1.011040120266842	0.5721967896033137	AT1G70990, AT4G38740, AT5G38710	True	0.7859633103241905		False		proline		AT1G70990, ROC1, POX2
p:embryo sac	phrase	embryo sac	2	367	113	21521	1.0378818933712715	0.5767899313951822	AT1G69770, AT5G49160	True	0.7878264270571681		False		embryo sac		CMT3, MET1
w:closure	word	closure	2	367	113	21521	1.0378818933712715	0.5767899313951822	AT2G41070, AT4G33950	True	0.7878264270571681		False		closure		EEL, OST1
w:meiotic	word	meiotic	2	367	113	21521	1.0378818933712715	0.5767899313951822	AT3G02980, AT4G26720	True	0.7878264270571681		False		meiotic		MCC1, PPX1
w:catabolism	word	catabolism	2	367	113	21521	1.0378818933712715	0.5767899313951822	AT1G71695, AT4G26010	True	0.7878264270571681		False		catabolism		PER12, PER44
k:TPR repeat	keyword	TPR repeat	2	367	113	21521	1.0378818933712715	0.5767899313951822	AT1G55480, AT3G27960	True	0.7878264270571681		False		TPR repeat		ZKT, KLCR2
k:Chromatin regulator	keyword	Chromatin regulator	3	367	176	21521	0.9995510279910824	0.5799542466388072	AT1G69770, AT3G02980, AT5G49160	True	0.7890689683303086		False		Chromatin regulator		CMT3, MCC1, MET1
w:vesicle	word	vesicle	10	367	603	21521	0.9724764009200139	0.5804852184800525	AT1G33340, AT2G22170, AT2G43535, AT3G05630, AT3G12500, AT3G52190, AT4G19810, AT4G30270, AT4G40080, AT5G17060	True	0.7890689683303086		False		vesicle		AT1G33340, PLAT2, ATTI4, PLDP2, HCHIB, PHF1, ChiC, XTH24, AT4G40080, ARFB1B
w:non‑specific	word	non-specific	2	367	114	21521	1.0287776662364359	0.5815898640856917	AT3G03540, AT5G49780	True	0.7890689683303086		False		non-specific		NPC5, AT5G49780
w:environmental	word	environmental	2	367	114	21521	1.0287776662364359	0.5815898640856917	AT1G71695, AT4G26010	True	0.7890689683303086		False		environmental		PER12, PER44
p:seed storage	phrase	seed storage	2	367	114	21521	1.0287776662364359	0.5815898640856917	AT1G62710, AT4G02640	True	0.7890689683303086		False		seed storage		BETA-VPE, BZO2H1
w:acquired	word	acquired	2	367	114	21521	1.0287776662364359	0.5815898640856917	AT1G05760, AT1G22070	True	0.7890689683303086		False		acquired		RTM1, TGA3
w:represse	word	represse	2	367	115	21521	1.0198317734865536	0.5863497085575415	AT1G13300, AT3G25790	True	0.792834588296711		False		represse		HRS1, HHO1
p:cell surface	phrase	cell surface	2	367	115	21521	1.0198317734865536	0.5863497085575415	AT3G05490, AT3G17790	True	0.792834588296711		False		cell surface		RALFL22, PAP17
w:acyl	word	acyl	6	367	363	21521	0.9692616029004435	0.5875338191930297	AT2G26640, AT2G43710, AT3G02980, AT3G56700, AT5G16080, AT5G16230	True	0.792834588296711		False		acyl		KCS11, SSI2, MCC1, FAR6, CXE17, S-ACP-DES3
w:homeodomain	word	homeodomain	3	367	178	21521	0.9883201175642162	0.5876226776036428	AT2G42660, AT3G03260, AT5G39760	True	0.792834588296711		False		homeodomain		AT2G42660, HDG8, HB23
w:stresse	word	stresse	3	367	178	21521	0.9883201175642162	0.5876226776036428	AT1G71695, AT2G48150, AT4G26010	True	0.792834588296711		False		stresse		PER12, GPX4, PER44
p:lipolytic enzyme	phrase	lipolytic enzyme	2	367	116	21521	1.011040120266842	0.5910694326004003	AT3G11210, AT5G16080	True	0.7966018820317688		False		lipolytic enzyme		CPRD49, CXE17
w:heterodimerization	word	heterodimerization	2	367	117	21521	1.0023987517175528	0.5957490167235582	AT4G02640, AT4G34590	True	0.8011343130967628		False		heterodimerization		BZO2H1, GBF6
w:glucosidase	word	glucosidase	2	367	117	21521	1.0023987517175528	0.5957490167235582	AT2G44450, AT2G44460	True	0.8011343130967628		False		glucosidase		BGLU15, BGLU28
w:vegetative	word	vegetative	4	367	243	21521	0.96527287202431	0.5971932030175199	AT1G55580, AT1G65480, AT5G20320, AT5G62430	True	0.8020557060307485		False		vegetative		LAS, FT, DCL4, CDF1
w:able	word	able	2	367	118	21521	0.9939038470419802	0.6003884537337814	AT5G16230, AT5G64000	True	0.8020557060307485		False		able		S-ACP-DES3, SAL2
p:cysteine histidine	phrase	cysteine histidine	2	367	118	21521	0.9939038470419802	0.6003884537337814	AT2G44370, AT4G01740	True	0.8020557060307485		False		cysteine histidine		AT2G44370, AT4G01740
p:basic helix	phrase	basic helix	2	367	118	21521	0.9939038470419802	0.6003884537337814	AT2G31730, AT2G43140	True	0.8020557060307485		False		basic helix		BHLH154, BHLH129
p:loop helix	phrase	loop helix	2	367	118	21521	0.9939038470419802	0.6003884537337814	AT2G31730, AT2G43140	True	0.8020557060307485		False		loop helix		BHLH154, BHLH129
p:helix loop	phrase	helix loop	2	367	118	21521	0.9939038470419802	0.6003884537337814	AT2G31730, AT2G43140	True	0.8020557060307485		False		helix loop		BHLH154, BHLH129
p:kelch repeat	phrase	kelch repeat	2	367	119	21521	0.9855517138735603	0.6049877483237989	AT2G22030, AT3G27150	True	0.8073136948575255		False		kelch repeat		AT2G22030, AT3G27150
p:histidine rich	phrase	histidine rich	2	367	120	21521	0.977338782924614	0.6095469166711789	AT2G44370, AT4G01740	True	0.8107307077473493		False		histidine rich		AT2G44370, AT4G01740
w:kelch	word	kelch	2	367	120	21521	0.977338782924614	0.6095469166711789	AT2G22030, AT3G27150	True	0.8107307077473493		False		kelch		AT2G22030, AT3G27150
p:bhlh transcription	phrase	bhlh transcription	2	367	120	21521	0.977338782924614	0.6095469166711789	AT2G31730, AT2G43140	True	0.8107307077473493		False		bhlh transcription		BHLH154, BHLH129
w:signaling	word	signaling	24	367	1466	21521	0.9600053529409578	0.6128611810335087	AT1G03445, AT1G13300, AT1G20930, AT1G22070, AT1G23140, AT1G25550, AT1G60740, AT1G68670, AT2G26130, AT2G41070, AT2G43710, AT3G05490, AT3G08720, AT3G11670, AT3G25790, AT4G28610, AT4G33950, AT4G38740, AT5G01810, AT5G02200, AT5G24660, AT5G27100, AT5G39760, AT5G47240	True	0.814248970870939		False		signaling		BSU1, HRS1, CDKB2;2, TGA3, CAR8, HHO3, PRXIID, HHO2, RSL1, EEL, SSI2, RALFL22, S6K2, DGD1, HHO1, PHR1, OST1, ROC1, CIPK15, FHL, LSU2, GLR2.1, HB23, NUDT8
w:paired	word	paired	3	367	185	21521	0.9509242212239486	0.6137481401627003	AT1G01190, AT2G29090, AT3G61880	True	0.8145381533020788		False		paired		CYP78A8, CYP707A2, CYP78A9
k:Mitochondrion inner membrane	keyword	Mitochondrion inner membrane	3	367	186	21521	0.9458117254109166	0.6173884251893798	AT2G20800, AT5G09470, AT5G51050	True	0.8182274545971913		False		Mitochondrion inner membrane		NDB4, DIC3, APC2
w:structural	word	structural	9	367	560	21521	0.9424338263915921	0.6184031114546753	AT1G20930, AT1G22110, AT2G04160, AT2G11810, AT2G34210, AT3G46970, AT3G47460, AT4G31780, AT5G20410	True	0.8182274545971913		False		structural		CDKB2;2, AT1G22110, AIR3, MGDC, AT2G34210, PHS2, ATSMC2, MGD1, MGD2
w:bhlh	word	bhlh	2	367	122	21521	0.9613168356635546	0.6185449944366607	AT2G31730, AT2G43140	True	0.8182274545971913		False		bhlh		BHLH154, BHLH129
w:acyltransferase	word	acyltransferase	4	367	250	21521	0.9382452316076295	0.6195179097055918	AT2G26640, AT3G02980, AT3G03310, AT3G44830	True	0.8186246429008743		False		acyltransferase		KCS11, MCC1, LCAT3, PDAT2
w:group	word	group	3	367	187	21521	0.9407539086974893	0.6210054959388058	AT2G26640, AT3G02980, AT3G56040	True	0.8188122302898447		False		group		KCS11, MCC1, UGP3
w:downstream	word	downstream	3	367	187	21521	0.9407539086974893	0.6210054959388058	AT1G13300, AT3G08720, AT3G25790	True	0.8188122302898447		False		downstream		HRS1, S6K2, HHO1
w:sac	word	sac	2	367	123	21521	0.9535012516337698	0.62298399016488	AT1G69770, AT5G49160	True	0.8196448821953071		False		sac		CMT3, MET1
p:ubiquitin conjugating	phrase	ubiquitin conjugating	2	367	123	21521	0.9535012516337698	0.62298399016488	AT2G26130, AT2G33770	True	0.8196448821953071		False		ubiquitin conjugating		RSL1, PHO2
k:Fatty acid metabolism	keyword	Fatty acid metabolism	2	367	124	21521	0.9458117254109167	0.627383031537542	AT2G43710, AT5G16230	True	0.8236517253303006		False		Fatty acid metabolism		SSI2, S-ACP-DES3
w:stimulate	word	stimulate	2	367	124	21521	0.9458117254109167	0.627383031537542	AT1G23140, AT1G30500	True	0.8236517253303006		False		stimulate		CAR8, NF-YA7
w:accumulation	word	accumulation	6	367	379	21521	0.9283429072634855	0.6293232254727303	AT1G65480, AT3G03540, AT3G56700, AT4G02640, AT4G28610, AT5G02200	True	0.8253085834055095		False		accumulation		FT, NPC5, FAR6, BZO2H1, PHR1, FHL
w:lipolytic	word	lipolytic	2	367	125	21521	0.9382452316076295	0.6317421864873003	AT3G11210, AT5G16080	True	0.8275890645371846		False		lipolytic		CPRD49, CXE17
w:chromosome	word	chromosome	4	367	257	21521	0.9126899140152037	0.6410540106626681	AT3G02980, AT3G03790, AT3G47460, AT5G13820	True	0.8388846569639431		False		chromosome		MCC1, AT3G03790, ATSMC2, TBP1
w:promote	word	promote	11	367	695	21521	0.928120283065101	0.6420366313495562	AT1G08180, AT1G13300, AT1G56600, AT1G65480, AT1G66390, AT2G26130, AT4G02640, AT4G28610, AT4G32690, AT4G33950, AT4G34590	True	0.839268077714726		False		promote		SMR2, HRS1, GolS2, FT, MYB90, RSL1, BZO2H1, PHR1, GLB3, OST1, GBF6
w:electron	word	electron	4	367	258	21521	0.9091523562089432	0.6440649035893888	AT1G76080, AT3G56700, AT4G12980, AT4G31780	True	0.8407880587320207		False		electron		CDSP32, FAR6, AT4G12980, MGD1
k:Cytoplasmic vesicle	keyword	Cytoplasmic vesicle	2	367	128	21521	0.9162551089918256	0.6445811493812451	AT1G33340, AT4G40080	True	0.8407880587320207		False		Cytoplasmic vesicle		AT1G33340, AT4G40080
w:lateral	word	lateral	4	367	259	21521	0.9056421154513797	0.6470592123701703	AT1G55580, AT1G68670, AT2G04160, AT5G67440	True	0.8408013682947681		False		lateral		LAS, HHO2, AIR3, NPY3
w:identity	word	identity	2	367	129	21521	0.9091523562089432	0.648781618671118	AT1G65480, AT5G20320	True	0.8408013682947681		False		identity		FT, DCL4
p:stress granule	phrase	stress granule	2	367	129	21521	0.9091523562089432	0.648781618671118	AT1G09780, AT4G38740	True	0.8408013682947681		False		stress granule		iPGAM1, ROC1
p:endomembrane system	phrase	endomembrane system	2	367	129	21521	0.9091523562089432	0.648781618671118	AT2G48150, AT4G02050	True	0.8408013682947681		False		endomembrane system		GPX4, STP7
w:recogniz	word	recogniz	2	367	129	21521	0.9091523562089432	0.648781618671118	AT1G22070, AT3G21280	True	0.8408013682947681		False		recogniz		TGA3, UBP7
w:protease	word	protease	6	367	387	21521	0.9091523562089432	0.6492743409332888	AT2G04160, AT2G43535, AT3G21280, AT4G34980, AT4G38740, AT5G19120	True	0.8408013682947681		False		protease		AIR3, ATTI4, UBP7, SLP2, ROC1, AT5G19120
w:nad	word	nad	7	367	450	21521	0.912182864062973	0.6494275153632556	AT2G20800, AT3G03910, AT3G14790, AT3G53620, AT3G56700, AT4G31240, AT4G33030	True	0.8408013682947681		False		nad		NDB4, GDH3, RHM3, PPa4, FAR6, AT4G31240, SQD1
w:transferase	word	transferase	15	367	946	21521	0.9298149097591465	0.6507497970472018	AT1G76410, AT2G19880, AT2G26130, AT2G32260, AT3G13110, AT3G13430, AT3G56040, AT3G61410, AT4G25160, AT4G30270, AT5G01220, AT5G05870, AT5G19220, AT5G61550, AT5G65500	True	0.8416179628123748		False		transferase		ATL8, GCS, RSL1, CCT1, SERAT2;2, BTL07, UGP3, AT3G61410, PUB35, XTH24, SQD2, UGT76C1, APL1, PUB52, PUB50
w:endogenous	word	endogenous	2	367	131	21521	0.8952721675645319	0.6570644338295367	AT1G56600, AT5G20320	True	0.847084127087443		False		endogenous		GolS2, DCL4
k:Myristate	keyword	Myristate	2	367	131	21521	0.8952721675645319	0.6570644338295367	AT4G04710, AT5G17060	True	0.847084127087443		False		Myristate		CPK22, ARFB1B
p:cysteine rich	phrase	cysteine rich	2	367	131	21521	0.8952721675645319	0.6570644338295367	AT1G75830, AT4G30070	True	0.847084127087443		False		cysteine rich		LCR67, LCR59
p:phase transition	phrase	phase transition	2	367	132	21521	0.88848980265874	0.6611470246705644	AT1G20930, AT5G62430	True	0.8514454275387057		False		phase transition		CDKB2;2, CDF1
w:seed	word	seed	15	367	954	21521	0.922017719740202	0.6634218483851064	AT1G13300, AT1G62710, AT2G26130, AT2G29090, AT2G40900, AT2G41070, AT3G02250, AT3G10420, AT3G61880, AT4G02640, AT4G04040, AT4G31780, AT4G33770, AT5G07500, AT5G49160	True	0.8534718704911993		False		seed		HRS1, BETA-VPE, RSL1, CYP707A2, UMAMIT11, EEL, RRT2, SPD1, CYP78A9, BZO2H1, MEE51, MGD1, ITPK2, PEI1, MET1
p:mitochondrial inner	phrase	mitochondrial inner	3	367	200	21521	0.8796049046321525	0.6658929156376986	AT2G20800, AT5G09470, AT5G51050	True	0.8557462284383096		False		mitochondrial inner		NDB4, DIC3, APC2
w:methylesterase	word	methylesterase	2	367	134	21521	0.8752287608280126	0.669195239115758	AT4G12390, AT4G15980	True	0.8567442494951287		False		methylesterase		PME1, PME43
k:Differentiation	keyword	Differentiation	2	367	134	21521	0.8752287608280126	0.669195239115758	AT1G65480, AT5G07500	True	0.8567442494951287		False		Differentiation		FT, PEI1
w:nadh	word	nadh	2	367	134	21521	0.8752287608280126	0.669195239115758	AT2G20800, AT3G53620	True	0.8567442494951287		False		nadh		NDB4, PPa4
w:ubiquitination	word	ubiquitination	9	367	585	21521	0.9021588765457976	0.6694854406490283	AT1G76410, AT2G26130, AT2G33770, AT3G13430, AT4G25160, AT4G32690, AT5G61550, AT5G65500, AT5G67440	True	0.8567442494951287		False		ubiquitination		ATL8, RSL1, PHO2, BTL07, PUB35, GLB3, PUB52, PUB50, NPY3
w:finger	word	finger	10	367	648	21521	0.9049433175227907	0.6702070602264429	AT1G19200, AT1G49900, AT1G76410, AT2G26130, AT4G31240, AT5G04340, AT5G07500, AT5G18550, AT5G39760, AT5G62430	True	0.8567667986298121		False		finger		FLZ12, AT1G49900, ATL8, RSL1, AT4G31240, ZAT6, PEI1, AT5G18550, HB23, CDF1
w:phosphatidylinositol	word	phosphatidylinositol	3	367	202	21521	0.8708959451803491	0.6724446171140147	AT1G33340, AT3G02870, AT4G40080	True	0.8569425931257375		False		phosphatidylinositol		AT1G33340, VTC4, AT4G40080
w:inhibition	word	inhibition	2	367	135	21521	0.868745584821879	0.6731611495712448	AT5G02200, AT5G64000	True	0.8569425931257375		False		inhibition		FHL, SAL2
k:Calmodulin-binding	keyword	Calmodulin-binding	2	367	135	21521	0.868745584821879	0.6731611495712448	AT3G21280, AT5G53760	True	0.8569425931257375		False		Calmodulin-binding		UBP7, MLO11
p:ester bond	phrase	ester bond	2	367	135	21521	0.868745584821879	0.6731611495712448	AT3G03540, AT3G11210	True	0.8569425931257375		False		ester bond		NPC5, CPRD49
w:actin	word	actin	3	367	203	21521	0.8666058173715787	0.6756849943273774	AT2G47920, AT4G15190, AT4G15200	True	0.8592566751268738		False		actin		NET3C, FH3, FH3
p:auxin responsive	phrase	auxin responsive	2	367	137	21521	0.8560631675252093	0.6809773417602893	AT4G12980, AT4G34590	True	0.8650829070169855		False		auxin responsive		AT4G12980, GBF6
p:osmotic stress	phrase	osmotic stress	3	367	205	21521	0.8581511264703927	0.6820948527849202	AT4G33950, AT5G24660, AT5G38710	True	0.865598994618611		False		osmotic stress		OST1, LSU2, POX2
w:cellulose	word	cellulose	2	367	138	21521	0.8498598112387947	0.6848279474152787	AT3G27190, AT4G07960	True	0.8681620958379106		False		cellulose		UKL2, CSLC12
w:envelope	word	envelope	9	367	594	21521	0.8884898026587401	0.6868550894617321	AT1G09780, AT1G55480, AT1G76080, AT2G11810, AT3G10420, AT4G31780, AT5G01220, AT5G19220, AT5G20410	True	0.8698258521071051		False		envelope		iPGAM1, ZKT, CDSP32, MGDC, SPD1, MGD1, SQD2, APL1, MGD2
w:apoplast	word	apoplast	6	367	405	21521	0.8687455848218791	0.6917133006631682	AT1G55120, AT2G44450, AT3G05490, AT4G15980, AT4G30270, AT4G38740	True	0.8735704474724589		False		apoplast		FRUCT5, BGLU15, RALFL22, PME43, XTH24, ROC1
w:transporting	word	transporting	2	367	140	21521	0.8377189567925262	0.69241502968653	AT3G60160, AT5G44240	True	0.8735704474724589		False		transporting		ABCC9, ALA2
w:glycine	word	glycine	2	367	140	21521	0.8377189567925262	0.69241502968653	AT1G08630, AT3G04640	True	0.8735704474724589		False		glycine		THA1, AT3G04640
w:peroxisome	word	peroxisome	4	367	275	21521	0.8529502105523904	0.6926832225233549	AT1G65840, AT2G20800, AT5G37670, AT5G39640	True	0.8735704474724589		False		peroxisome		PAO4, NDB4, HSP15.7, MIJ24.14
w:lysine	word	lysine	3	367	209	21521	0.8417271814661746	0.6946315090223678	AT2G28305, AT3G02980, AT4G18530	True	0.874320760683181		False		lysine		LOG1, MCC1, AT4G18530
p:cell wall	phrase	cell wall	16	367	1037	21521	0.904768786506875	0.6952872043165632	AT1G55120, AT1G71695, AT2G02990, AT2G16430, AT2G44450, AT3G02250, AT3G12500, AT3G14790, AT4G07960, AT4G15980, AT4G17030, AT4G19810, AT4G24890, AT4G30270, AT4G34980, AT5G06870	True	0.874320760683181		False		cell wall		FRUCT5, PER12, RNS1, PAP10, BGLU15, RRT2, HCHIB, RHM3, CSLC12, PME43, EXLB1, ChiC, PAP24, XTH24, SLP2, PGIP2
w:phosphorylate	word	phosphorylate	2	367	141	21521	0.8317776875954161	0.6961518628611358	AT3G27190, AT4G33770	True	0.874320760683181		False		phosphorylate		UKL2, ITPK2
w:produce	word	produce	2	367	141	21521	0.8317776875954161	0.6961518628611358	AT1G58300, AT3G21230	True	0.874320760683181		False		produce		HO4, 4CL5
w:incorporation	word	incorporation	3	367	210	21521	0.8377189567925262	0.6977068530256624	AT1G01190, AT2G29090, AT3G61880	True	0.8753703506517846		False		incorporation		CYP78A8, CYP707A2, CYP78A9
w:sulfur	word	sulfur	3	367	211	21521	0.8337487247698128	0.7007587345196393	AT1G76080, AT5G24660, AT5G64000	True	0.8773903085497953		False		sulfur		CDSP32, LSU2, SAL2
w:stability	word	stability	3	367	211	21521	0.8337487247698128	0.7007587345196393	AT3G11670, AT5G61510, AT5G62430	True	0.8773903085497953		False		stability		DGD1, AT5G61510, CDF1
w:proteolysis	word	proteolysis	5	367	345	21521	0.8498598112387948	0.7033854701011004	AT1G62710, AT2G04160, AT2G33770, AT4G34980, AT5G23210	True	0.8797740155324144		False		proteolysis		BETA-VPE, AIR3, PHO2, SLP2, SCPL34
k:Endoplasmic reticulum	keyword	Endoplasmic reticulum	9	367	604	21521	0.8737797065882311	0.7054879019682528	AT1G65480, AT2G16595, AT2G22170, AT2G33770, AT2G47920, AT3G03310, AT3G52190, AT3G52720, AT5G44240	True	0.8814977173463693		False		Endoplasmic reticulum		FT, AT2G16595, PLAT2, PHO2, NET3C, LCAT3, PHF1, ACA1, ALA2
w:wall	word	wall	17	367	1107	21521	0.900528959876338	0.7063944049179642	AT1G55120, AT1G71695, AT2G02990, AT2G16430, AT2G44450, AT3G02250, AT3G12500, AT3G14790, AT3G21230, AT4G07960, AT4G15980, AT4G17030, AT4G19810, AT4G24890, AT4G30270, AT4G34980, AT5G06870	True	0.8817251187540128		False		wall		FRUCT5, PER12, RNS1, PAP10, BGLU15, RRT2, HCHIB, RHM3, 4CL5, CSLC12, PME43, EXLB1, ChiC, PAP24, XTH24, SLP2, PGIP2
w:glutathione	word	glutathione	2	367	144	21521	0.8144489857705116	0.707137772113398	AT2G48150, AT3G60160	True	0.8817486359241858		False		glutathione		GPX4, ABCC9
p:signaling pathway	phrase	signaling pathway	15	367	984	21521	0.8939074234066592	0.708665249022491	AT1G03445, AT1G13300, AT1G20930, AT1G22070, AT1G23140, AT1G68670, AT2G26130, AT2G41070, AT2G43710, AT3G08720, AT3G11670, AT4G33950, AT4G38740, AT5G01810, AT5G39760	True	0.8818556828256735		False		signaling pathway		BSU1, HRS1, CDKB2;2, TGA3, CAR8, HHO2, RSL1, EEL, SSI2, S6K2, DGD1, OST1, ROC1, CIPK15, HB23
p:salicylic acid	phrase	salicylic acid	4	367	281	21521	0.8347377505405955	0.7086728494687828	AT1G22070, AT2G43710, AT3G60290, AT5G47240	True	0.8818556828256735		False		salicylic acid		TGA3, SSI2, AT3G60290, NUDT8
w:box	word	box	19	367	1234	21521	0.9028899615348945	0.7102156049932711	AT1G55480, AT1G76410, AT2G22030, AT2G26130, AT3G04670, AT3G13430, AT3G13820, AT3G27150, AT3G60490, AT3G61410, AT3G62380, AT4G02640, AT4G22030, AT4G25160, AT4G34590, AT5G19430, AT5G56570, AT5G61550, AT5G65500	True	0.8823910607129478		False		box		ZKT, ATL8, AT2G22030, RSL1, WRKY39, BTL07, AT3G13820, AT3G27150, ERF035, AT3G61410, AT3G62380, BZO2H1, AT4G22030, PUB35, GBF6, C3HC4, AT5G56570, PUB52, PUB50
w:degradation	word	degradation	11	367	734	21521	0.8788059900957019	0.7107790080838463	AT1G08630, AT1G71695, AT2G04160, AT2G26130, AT2G29090, AT2G33770, AT2G44450, AT4G04955, AT4G26010, AT4G38740, AT5G67440	True	0.8823910607129478		False		degradation		THA1, PER12, AIR3, RSL1, CYP707A2, PHO2, BGLU15, ALN, PER44, ROC1, NPY3
w:salicylic	word	salicylic	4	367	282	21521	0.8317776875954161	0.7112782502542332	AT1G22070, AT2G43710, AT3G60290, AT5G47240	True	0.8823910607129478		False		salicylic		TGA3, SSI2, AT3G60290, NUDT8
p:apical meristem	phrase	apical meristem	2	367	146	21521	0.8032921503489978	0.7142765106624267	AT1G65480, AT5G20320	True	0.8834090584107452		False		apical meristem		FT, DCL4
w:acclimation	word	acclimation	2	367	146	21521	0.8032921503489978	0.7142765106624267	AT1G76080, AT4G37220	True	0.8834090584107452		False		acclimation		CDSP32, AT4G37220
p:conjugating enzyme	phrase	conjugating enzyme	2	367	146	21521	0.8032921503489978	0.7142765106624267	AT2G26130, AT2G33770	True	0.8834090584107452		False		conjugating enzyme		RSL1, PHO2
w:molecular	word	molecular	6	367	417	21521	0.8437457118773646	0.7180550354515656	AT1G01190, AT1G75830, AT2G29090, AT3G61880, AT4G30070, AT4G33950	True	0.8869284757564724		False		molecular		CYP78A8, LCR67, CYP707A2, CYP78A9, LCR59, OST1
w:folding	word	folding	3	367	217	21521	0.8106957646379287	0.7185796853704862	AT2G16595, AT4G38740, AT5G37670	True	0.8869284757564724		False		folding		AT2G16595, ROC1, HSP15.7
w:cysteine	word	cysteine	7	367	483	21521	0.8498598112387948	0.7197878270916982	AT1G62710, AT1G75830, AT2G44370, AT3G13110, AT3G21280, AT4G01740, AT4G30070	True	0.8875195395852044		False		cysteine		BETA-VPE, LCR67, AT2G44370, SERAT2;2, UBP7, AT4G01740, LCR59
w:auxin	word	auxin	12	367	804	21521	0.8752287608280125	0.7215187325683884	AT1G10010, AT1G22070, AT1G71695, AT2G04160, AT2G37320, AT3G05630, AT4G12980, AT4G26010, AT4G32690, AT4G34590, AT5G02180, AT5G67440	True	0.8885727405624236		False		auxin		AAP8, TGA3, PER12, AIR3, PCMP-E50, PLDP2, AT4G12980, PER44, GLB3, GBF6, AVT1D, NPY3
p:root development	phrase	root development	5	367	353	21521	0.8305995322305502	0.7221022517799811	AT1G13300, AT3G05630, AT3G25790, AT4G12980, AT5G04340	True	0.8885727405624236		False		root development		HRS1, PLDP2, HHO1, AT4G12980, ZAT6
w:chloroplastic	word	chloroplastic	20	367	1307	21521	0.8973271151564933	0.7240627140842149	AT1G32900, AT1G55480, AT1G58300, AT1G76080, AT2G11810, AT2G31690, AT2G43710, AT3G02040, AT3G11670, AT3G27190, AT3G52720, AT3G56040, AT3G56700, AT4G00550, AT4G31780, AT4G33030, AT4G34350, AT5G16230, AT5G19220, AT5G20410	True	0.8900851747883732		False		chloroplastic		GBSS1, ZKT, HO4, CDSP32, MGDC, DALL5, SSI2, SRG3, DGD1, UKL2, ACA1, UGP3, FAR6, DGD2, MGD1, SQD1, HDR, S-ACP-DES3, APL1, MGD2
w:cytochrome	word	cytochrome	5	367	355	21521	0.8259200982461526	0.7266476540772016	AT1G01190, AT1G33720, AT2G29090, AT3G61880, AT4G12980	True	0.8921115699722406		False		cytochrome		CYP78A8, CYP76C6, CYP707A2, CYP78A9, AT4G12980
w:osmotic	word	osmotic	3	367	220	21521	0.7996408223928659	0.7271772205525577	AT4G33950, AT5G24660, AT5G38710	True	0.8921115699722406		False		osmotic		OST1, LSU2, POX2
p:molecular oxygen	phrase	molecular oxygen	3	367	221	21521	0.7960225381286448	0.7299970928002433	AT1G01190, AT2G29090, AT3G61880	True	0.8946691459596134		False		molecular oxygen		CYP78A8, CYP707A2, CYP78A9
k:Flowering	keyword	Flowering	2	367	151	21521	0.776693072522872	0.7314872081061488	AT1G65480, AT5G62430	True	0.8946933992614905		False		Flowering		FT, CDF1
w:circadian	word	circadian	2	367	151	21521	0.776693072522872	0.7314872081061488	AT1G32900, AT4G28610	True	0.8946933992614905		False		circadian		GBSS1, PHR1
p:flower development	phrase	flower development	3	367	222	21521	0.7924368510199572	0.732794087854253	AT1G65480, AT5G49160, AT5G67440	True	0.8951865905865295		False		flower development		FT, MET1, NPY3
w:cyclic	word	cyclic	2	367	152	21521	0.7715832496773268	0.7348220238157119	AT1G63750, AT5G62430	True	0.8951865905865295		False		cyclic		AT1G63750, CDF1
w:conjugating	word	conjugating	2	367	152	21521	0.7715832496773268	0.7348220238157119	AT2G26130, AT2G33770	True	0.8951865905865295		False		conjugating		RSL1, PHO2
w:root	word	root	15	367	1003	21521	0.8769739826841002	0.7353506725155066	AT1G13300, AT1G25550, AT1G68670, AT1G68740, AT2G04160, AT2G11810, AT3G05630, AT3G25790, AT4G12980, AT4G13420, AT4G26010, AT4G32690, AT5G04340, AT5G20410, AT5G67440	True	0.8951865905865295		False		root		HRS1, HHO3, HHO2, PHO1;H1, AIR3, MGDC, PLDP2, HHO1, AT4G12980, HAK5, PER44, GLB3, ZAT6, MGD2, NPY3
w:dimerization	word	dimerization	3	367	223	21521	0.7888833225400471	0.7355682749273045	AT2G31730, AT2G43140, AT4G02640	True	0.8951865905865295		False		dimerization		BHLH154, BHLH129, BZO2H1
w:cytosol	word	cytosol	32	367	2059	21521	0.9113601084095476	0.7365882813197406	AT1G09780, AT1G20930, AT1G23140, AT1G50110, AT1G74210, AT2G28305, AT2G42690, AT2G46860, AT2G48150, AT3G02050, AT3G02870, AT3G03540, AT3G03910, AT3G09560, AT3G14790, AT3G14940, AT3G16190, AT3G46970, AT3G49360, AT3G53620, AT4G01480, AT4G10120, AT4G12980, AT4G15690, AT4G26720, AT4G33950, AT4G38740, AT5G07460, AT5G20320, AT5G47240, AT5G61510, AT5G67440	True	0.8955324059601643		False		cytosol		iPGAM1, CDKB2;2, CAR8, BCAT6, GDPD5, LOG1, AT2G42690, PPa3, GPX4, KUP3, VTC4, NPC5, GDH3, PAH1, RHM3, PPC3, AT3G16190, PHS2, PGL2, PPa4, PPa5, ATSPS4F, AT4G12980, GRXS5, PPX1, OST1, ROC1, PMSR2, DCL4, NUDT8, AT5G61510, NPY3
w:transition	word	transition	4	367	293	21521	0.8005505389143596	0.7388194623086837	AT1G20930, AT1G65480, AT5G07500, AT5G62430	True	0.8964539238580937		False		transition		CDKB2;2, FT, PEI1, CDF1
p:iron ion	phrase	iron ion	4	367	293	21521	0.8005505389143596	0.7388194623086837	AT1G01190, AT2G29090, AT3G61880, AT5G61430	True	0.8964539238580937		False		iron ion		CYP78A8, CYP707A2, CYP78A9, NAC100
p:oxygen species	phrase	oxygen species	2	367	154	21521	0.7615626879932057	0.7413861227512768	AT4G33950, AT5G37670	True	0.8986722224983106		False		oxygen species		OST1, HSP15.7
p:activated signaling	phrase	activated signaling	6	367	429	21521	0.8201444332234522	0.7428070340958671	AT1G13300, AT1G23140, AT2G26130, AT2G41070, AT4G33950, AT5G01810	True	0.8994986671588759		False		activated signaling		HRS1, CAR8, RSL1, EEL, OST1, CIPK15
w:epigenetic	word	epigenetic	2	367	155	21521	0.7566493803287334	0.7446158658899052	AT1G69770, AT5G49160	True	0.8998982212393394		False		epigenetic		CMT3, MET1
w:mitotic	word	mitotic	2	367	155	21521	0.7566493803287334	0.7446158658899052	AT1G20930, AT3G47460	True	0.8998982212393394		False		mitotic		CDKB2;2, ATSMC2
p:ubiquitin ligase	phrase	ubiquitin ligase	5	367	365	21521	0.8032921503489978	0.7485735264370632	AT3G11230, AT4G25160, AT5G61550, AT5G62430, AT5G65500	True	0.9037837119780813		False		ubiquitin ligase		AT3G11230, PUB35, PUB52, CDF1, PUB50
w:polysaccharide	word	polysaccharide	3	367	229	21521	0.7682138905084301	0.7517385948007065	AT1G02310, AT4G07960, AT4G30270	True	0.9067055201907431		False		polysaccharide		MAN1, CSLC12, XTH24
w:photoperiodism	word	photoperiodism	2	367	158	21521	0.7422826199427447	0.754098678127622	AT1G65480, AT5G50790	True	0.907752810367276		False		photoperiodism		FT, SWEET10
k:Growth regulation	keyword	Growth regulation	2	367	158	21521	0.7422826199427447	0.754098678127622	AT1G01190, AT3G61880	True	0.907752810367276		False		Growth regulation		CYP78A8, CYP78A9
w:active	word	active	5	367	368	21521	0.7967435730363701	0.7548919980741897	AT1G22150, AT2G26640, AT2G28305, AT3G20660, AT4G02050	True	0.9078098435338823		False		active		SULTR1;3, KCS11, LOG1, OCT4, STP7
w:biogenesis	word	biogenesis	6	367	436	21521	0.8069769767267454	0.7565102329255549	AT2G11810, AT4G30270, AT4G31780, AT4G34350, AT5G20320, AT5G20410	True	0.9078839208504017		False		biogenesis		MGDC, XTH24, MGD1, HDR, DCL4, MGD2
p:reactive oxygen	phrase	reactive oxygen	2	367	159	21521	0.7376141757921615	0.7571916020239586	AT4G33950, AT5G37670	True	0.9078839208504017		False		reactive oxygen		OST1, HSP15.7
w:free	word	free	2	367	159	21521	0.7376141757921615	0.7571916020239586	AT2G28305, AT3G53620	True	0.9078839208504017		False		free		LOG1, PPa4
w:effector	word	effector	2	367	160	21521	0.7330040871934604	0.7602509199317693	AT1G19200, AT3G08720	True	0.9097594587580758		False		effector		FLZ12, S6K2
w:photosystem	word	photosystem	2	367	160	21521	0.7330040871934604	0.7602509199317693	AT1G55480, AT3G11670	True	0.9097594587580758		False		photosystem		ZKT, DGD1
w:maintenance	word	maintenance	5	367	372	21521	0.7881764378424306	0.7631317721787173	AT2G26130, AT3G47460, AT5G02200, AT5G13820, AT5G20320	True	0.912309790512278		False		maintenance		RSL1, ATSMC2, FHL, TBP1, DCL4
w:specification	word	specification	2	367	162	21521	0.7239546540182326	0.7662697112210404	AT2G41070, AT5G20320	True	0.915162157562322		False		specification		EEL, DCL4
w:cis‑regulatory	word	cis-regulatory	10	367	706	21521	0.8305995322305502	0.7676799514448346	AT1G22070, AT1G68670, AT2G41070, AT3G60490, AT4G02640, AT4G14770, AT4G34590, AT5G04340, AT5G39760, AT5G62430	True	0.9159475499101605		False		cis-regulatory		TGA3, HHO2, EEL, ERF035, BZO2H1, TCX2, GBF6, ZAT6, HB23, CDF1
w:systemic	word	systemic	2	367	163	21521	0.7195132144230287	0.7692296749609802	AT1G05760, AT1G22070	True	0.9160005033537308		False		systemic		RTM1, TGA3
w:helix	word	helix	2	367	163	21521	0.7195132144230287	0.7692296749609802	AT2G31730, AT2G43140	True	0.9160005033537308		False		helix		BHLH154, BHLH129
w:export	word	export	3	367	237	21521	0.7422826199427447	0.7720560320416278	AT1G14660, AT1G66760, AT4G10120	True	0.9176905127463629		False		export		NHX8, DTX9, ATSPS4F
w:isomerase	word	isomerase	2	367	164	21521	0.7151259387253273	0.7721570131900375	AT3G49360, AT4G38740	True	0.9176905127463629		False		isomerase		PGL2, ROC1
p:atp hydrolysis	phrase	atp hydrolysis	6	367	445	21521	0.790656094051373	0.7733370063281325	AT3G28360, AT3G47460, AT3G52310, AT3G60160, AT5G44240, AT5G54090	True	0.9177837314046626		False		atp hydrolysis		ABCB16, ATSMC2, ABCG27, ABCC9, ALA2, MJP23.7
w:dna	word	dna	40	367	2592	21521	0.9049433175227907	0.7740425694780233	AT1G08180, AT1G10000, AT1G13300, AT1G22070, AT1G25550, AT1G30500, AT1G55580, AT1G66390, AT1G68670, AT1G69770, AT2G26130, AT2G26660, AT2G31730, AT2G34210, AT2G41070, AT2G43140, AT3G03260, AT3G04620, AT3G04670, AT3G13810, AT3G25790, AT3G47460, AT3G60490, AT4G02640, AT4G14770, AT4G28610, AT4G34590, AT5G02200, AT5G04340, AT5G07500, AT5G13820, AT5G20150, AT5G20320, AT5G24660, AT5G39760, AT5G49160, AT5G49330, AT5G54090, AT5G61430, AT5G62430	True	0.9177837314046626		False		dna		SMR2, AT1G10000, HRS1, TGA3, HHO3, NF-YA7, LAS, MYB90, HHO2, CMT3, RSL1, SPX2, BHLH154, AT2G34210, EEL, BHLH129, HDG8, DAN1, WRKY39, IDD11, HHO1, ATSMC2, ERF035, BZO2H1, TCX2, PHR1, GBF6, FHL, ZAT6, PEI1, TBP1, SPX1, DCL4, LSU2, HB23, MET1, MYB111, MJP23.7, NAC100, CDF1
w:homodimerization	word	homodimerization	3	367	238	21521	0.7391637854051702	0.7744978571508534	AT4G07960, AT5G02200, AT5G39760	True	0.9177837314046626		False		homodimerization		CSLC12, FHL, HB23
w:endopeptidase	word	endopeptidase	3	367	240	21521	0.7330040871934604	0.7793173403140924	AT1G62710, AT2G04160, AT4G34980	True	0.9219580726891827		False		endopeptidase		BETA-VPE, AIR3, SLP2
p:inner membrane	phrase	inner membrane	4	367	311	21521	0.7542164241218886	0.7795356259631627	AT2G20800, AT4G31780, AT5G09470, AT5G51050	True	0.9219580726891827		False		inner membrane		NDB4, MGD1, DIC3, APC2
w:oxidase	word	oxidase	5	367	382	21521	0.7675435467994352	0.7828161768016008	AT1G65840, AT2G22030, AT3G27150, AT4G22010, AT5G38710	True	0.9223815430407294		False		oxidase		PAO4, AT2G22030, AT3G27150, sks4, POX2
w:phase	word	phase	3	367	242	21521	0.7269462021753327	0.7840519469104144	AT1G20930, AT5G20320, AT5G62430	True	0.9223815430407294		False		phase		CDKB2;2, DCL4, CDF1
w:senescence	word	senescence	3	367	242	21521	0.7269462021753327	0.7840519469104144	AT2G31690, AT3G02040, AT3G45210	True	0.9223815430407294		False		senescence		DALL5, SRG3, AT3G45210
k:Protease	keyword	Protease	6	367	451	21521	0.780137387700357	0.7840645821776338	AT1G62710, AT2G04160, AT3G21280, AT4G34980, AT5G19120, AT5G23210	True	0.9223815430407294		False		Protease		BETA-VPE, AIR3, UBP7, SLP2, AT5G19120, SCPL34
w:leaf	word	leaf	8	367	586	21521	0.8005505389143596	0.7851979289719313	AT1G08180, AT1G31480, AT2G31690, AT4G10120, AT4G33950, AT5G20320, AT5G39760, AT5G53760	True	0.9223815430407294		False		leaf		SMR2, SGR2, DALL5, ATSPS4F, OST1, DCL4, HB23, MLO11
w:rich	word	rich	13	367	914	21521	0.8340527906796487	0.7860388115185419	AT1G51805, AT1G70990, AT1G75830, AT2G19330, AT2G44370, AT3G04640, AT3G47090, AT3G50570, AT4G01740, AT4G30070, AT5G49780, AT5G56570, AT5G61510	True	0.9223815430407294		False		rich		SIF3, AT1G70990, LCR67, PIRL6, AT2G44370, AT3G04640, AT3G47090, AT3G50570, AT4G01740, LCR59, AT5G49780, AT5G56570, AT5G61510
p:rna processing	phrase	rna processing	2	367	169	21521	0.6939683665736904	0.7863130458492744	AT5G20320, AT5G64000	True	0.9223815430407294		False		rna processing		DCL4, SAL2
w:cleave	word	cleave	2	367	169	21521	0.6939683665736904	0.7863130458492744	AT4G03960, AT4G30270	True	0.9223815430407294		False		cleave		PFA-DSP4, XTH24
w:embryo	word	embryo	8	367	587	21521	0.7991867390184237	0.7867427197509294	AT1G13300, AT1G69770, AT2G41070, AT3G10420, AT4G04040, AT4G31780, AT5G07500, AT5G49160	True	0.9223815430407294		False		embryo		HRS1, CMT3, EEL, SPD1, MEE51, MGD1, PEI1, MET1
w:transcription	word	transcription	36	367	2362	21521	0.8937560419632372	0.7874728210512061	AT1G03445, AT1G13300, AT1G20930, AT1G22070, AT1G25550, AT1G30500, AT1G32900, AT1G49900, AT1G55580, AT1G65480, AT1G66390, AT1G68670, AT2G31730, AT2G34210, AT2G41070, AT2G43140, AT3G03260, AT3G04670, AT3G13810, AT3G25790, AT3G45210, AT3G60490, AT4G02640, AT4G14770, AT4G15690, AT4G28610, AT4G34590, AT5G02200, AT5G04340, AT5G07500, AT5G20320, AT5G24660, AT5G39760, AT5G49330, AT5G61430, AT5G62430	True	0.9223815430407294		False		transcription		BSU1, HRS1, CDKB2;2, TGA3, HHO3, NF-YA7, GBSS1, AT1G49900, LAS, FT, MYB90, HHO2, BHLH154, AT2G34210, EEL, BHLH129, HDG8, WRKY39, IDD11, HHO1, AT3G45210, ERF035, BZO2H1, TCX2, GRXS5, PHR1, GBF6, FHL, ZAT6, PEI1, DCL4, LSU2, HB23, MYB111, NAC100, CDF1
k:Electron transport	keyword	Electron transport	2	367	170	21521	0.6898861997114921	0.7890498777302978	AT1G76080, AT4G12980	True	0.9233400973055504		False		Electron transport		CDSP32, AT4G12980
w:repression	word	repression	2	367	171	21521	0.6858517774909572	0.7917558403005072	AT2G43710, AT4G34590	True	0.9256165779497764		False		repression		SSI2, GBF6
p:disease resistance	phrase	disease resistance	3	367	246	21521	0.7151259387253273	0.7932698839517621	AT1G17615, AT1G63750, AT1G72890	True	0.9264965919091118		False		disease resistance		TN2, AT1G63750, AT1G72890
p:transcription cis‑regulatory	phrase	transcription cis-regulatory	9	367	660	21521	0.799640822392866	0.7963629207293955	AT1G22070, AT1G68670, AT2G41070, AT3G60490, AT4G02640, AT4G14770, AT4G34590, AT5G04340, AT5G39760	True	0.9292173293649802		False		transcription cis-regulatory		TGA3, HHO2, EEL, ERF035, BZO2H1, TCX2, GBF6, ZAT6, HB23
w:ester	word	ester	3	367	248	21521	0.7093587940581875	0.7977549379707845	AT3G03540, AT3G11210, AT5G16080	True	0.929949961216901		False		ester		NPC5, CPRD49, CXE17
k:Endosome	keyword	Endosome	2	367	174	21521	0.6740267468445613	0.7996910481042351	AT3G23870, AT4G13800	True	0.9306262793328794		False		Endosome		AT3G23870, AT4G13800
w:responsive	word	responsive	8	367	596	21521	0.7871184828923065	0.8002796446636015	AT2G41070, AT3G04670, AT3G21620, AT3G60490, AT4G12980, AT4G28610, AT4G34590, AT5G67440	True	0.9306262793328794		False		responsive		EEL, WRKY39, OSCA1.5, ERF035, AT4G12980, PHR1, GBF6, NPY3
p:seed dormancy	phrase	seed dormancy	4	367	322	21521	0.7284512667761098	0.8018476875079238	AT2G29090, AT4G04040, AT4G31780, AT5G07500	True	0.9306262793328794		False		seed dormancy		CYP707A2, MEE51, MGD1, PEI1
w:methylation	word	methylation	3	367	250	21521	0.7036839237057221	0.8021585595893101	AT1G69770, AT5G20320, AT5G49160	True	0.9306262793328794		False		methylation		CMT3, DCL4, MET1
w:disease	word	disease	3	367	250	21521	0.7036839237057221	0.8021585595893101	AT1G17615, AT1G63750, AT1G72890	True	0.9306262793328794		False		disease		TN2, AT1G63750, AT1G72890
w:development	word	development	35	367	2321	21521	0.884278950513438	0.8042911081900512	AT1G01190, AT1G08180, AT1G09240, AT1G09780, AT1G13300, AT1G55580, AT1G65480, AT2G35060, AT2G40900, AT2G41070, AT3G05490, AT3G05630, AT3G10420, AT3G25790, AT3G60290, AT3G61880, AT4G04040, AT4G07960, AT4G12980, AT4G14770, AT4G18530, AT4G19960, AT4G25150, AT4G30270, AT4G31780, AT4G33770, AT4G33950, AT4G34350, AT5G04340, AT5G07500, AT5G16230, AT5G20320, AT5G39760, AT5G49160, AT5G67440	True	0.9310645706426928		False		development		CYP78A8, SMR2, NAS3, iPGAM1, HRS1, LAS, FT, KUP11, UMAMIT11, EEL, RALFL22, PLDP2, SPD1, HHO1, AT3G60290, CYP78A9, MEE51, CSLC12, AT4G12980, TCX2, AT4G18530, KUP9, AT4G25150, XTH24, MGD1, ITPK2, OST1, HDR, ZAT6, PEI1, S-ACP-DES3, DCL4, HB23, MET1, NPY3
w:element	word	element	6	367	463	21521	0.7599178441746458	0.8043619666565772	AT1G22070, AT2G41070, AT3G04670, AT3G60490, AT4G02640, AT5G61510	True	0.9310645706426928		False		element		TGA3, EEL, WRKY39, ERF035, BZO2H1, AT5G61510
w:trigger	word	trigger	2	367	176	21521	0.666367351994055	0.8048314940970525	AT3G56700, AT4G38740	True	0.9310645706426928		False		trigger		FAR6, ROC1
w:reactive	word	reactive	2	367	177	21521	0.6626025646946536	0.8073575722828702	AT4G33950, AT5G37670	True	0.9311189045007863		False		reactive		OST1, HSP15.7
w:adenosyl	word	adenosyl	2	367	177	21521	0.6626025646946536	0.8073575722828702	AT1G09240, AT4G26200	True	0.9311189045007863		False		adenosyl		NAS3, ACS7
w:organization	word	organization	12	367	867	21521	0.8116308231899908	0.8083035767936111	AT1G20730, AT1G20930, AT1G31480, AT2G31690, AT3G10420, AT3G47460, AT4G07960, AT4G15200, AT4G30270, AT4G31780, AT5G24660, AT5G62430	True	0.9311189045007863		False		organization		AT1G20730, CDKB2;2, SGR2, DALL5, SPD1, ATSMC2, CSLC12, FH3, XTH24, MGD1, LSU2, CDF1
w:calmodulin	word	calmodulin	3	367	253	21521	0.6953398455590138	0.8086132830820035	AT1G22070, AT3G04670, AT5G53760	True	0.9311189045007863		False		calmodulin		TGA3, WRKY39, MLO11
w:brassinosteroid	word	brassinosteroid	2	367	178	21521	0.6588800783761442	0.8098545597224066	AT1G03445, AT4G38740	True	0.9311189045007863		False		brassinosteroid		BSU1, ROC1
w:ligase	word	ligase	13	367	934	21521	0.8161929878813693	0.8101622757643947	AT1G69770, AT1G76410, AT2G26130, AT2G33770, AT3G11230, AT3G13430, AT3G21230, AT3G61410, AT4G25160, AT5G61550, AT5G62430, AT5G65500, AT5G67440	True	0.9311189045007863		False		ligase		CMT3, ATL8, RSL1, PHO2, AT3G11230, BTL07, 4CL5, AT3G61410, PUB35, PUB52, CDF1, PUB50, NPY3
w:inner	word	inner	4	367	327	21521	0.7173128682015515	0.8113699761651425	AT2G20800, AT4G31780, AT5G09470, AT5G51050	True	0.9311189045007863		False		inner		NDB4, MGD1, DIC3, APC2
p:calcium ion	phrase	calcium ion	4	367	327	21521	0.7173128682015515	0.8113699761651425	AT2G20800, AT4G04710, AT5G27100, AT5G51050	True	0.9311189045007863		False		calcium ion		NDB4, CPK22, GLR2.1, APC2
w:activator	word	activator	8	367	604	21521	0.776693072522872	0.8117643037595187	AT1G22070, AT1G23140, AT1G66390, AT2G41070, AT3G49350, AT3G60490, AT4G33950, AT5G49330	True	0.9311189045007863		False		activator		TGA3, CAR8, MYB90, EEL, AT3G49350, ERF035, OST1, MYB111
k:Ubl conjugation pathway	keyword	Ubl conjugation pathway	10	367	739	21521	0.7935091606965742	0.8132360371755577	AT1G76410, AT2G26130, AT2G33770, AT3G13430, AT3G21280, AT3G61410, AT4G25160, AT5G61550, AT5G65500, AT5G67440	True	0.9311639100810153		False		Ubl conjugation pathway		ATL8, RSL1, PHO2, BTL07, UBP7, AT3G61410, PUB35, PUB52, PUB50, NPY3
w:receptor	word	receptor	14	367	1002	21521	0.8193259258050656	0.813333801492292	AT1G23140, AT1G47890, AT1G58190, AT1G70250, AT1G74200, AT2G16595, AT2G26130, AT2G32660, AT3G05490, AT4G13900, AT5G27100, AT5G59270, AT5G60270, AT5G60310	True	0.9311639100810153		False		receptor		CAR8, RLP7, RLP9, LTPG32, RLP16, AT2G16595, RSL1, RLP22, RALFL22, RLP49, GLR2.1, LECRK22, LECRK17, LECRK110
w:responsible	word	responsible	2	367	180	21521	0.6515591886164094	0.8147622790471186	AT3G11670, AT4G31780	True	0.931922644361225		False		responsible		DGD1, MGD1
w:vitro	word	vitro	6	367	472	21521	0.7454278852814852	0.8185930429375773	AT1G75830, AT3G02040, AT3G12500, AT3G16190, AT4G32690, AT5G61510	True	0.9345475921716995		False		vitro		LCR67, SRG3, HCHIB, AT3G16190, GLB3, AT5G61510
k:Activator	keyword	Activator	6	367	472	21521	0.7454278852814852	0.8185930429375773	AT1G22070, AT1G30500, AT1G66390, AT2G34210, AT2G41070, AT3G60490	True	0.9345475921716995		False		Activator		TGA3, NF-YA7, MYB90, AT2G34210, EEL, ERF035
p:lateral root	phrase	lateral root	2	367	182	21521	0.6443991975327125	0.8195566831727887	AT1G68670, AT2G04160	True	0.9347708373207909		False		lateral root		HHO2, AIR3
w:fold	word	fold	2	367	183	21521	0.6408778904423699	0.8219120254195673	AT2G46940, AT5G63690	True	0.9365494099872615		False		fold		AT2G46940, MBK5.17
k:Cell cycle	keyword	Cell cycle	3	367	260	21521	0.6766191574093481	0.8229871990073936	AT1G08180, AT3G47460, AT5G61650	True	0.9365494099872615		False		Cell cycle		SMR2, ATSMC2, CYCP4;2
w:normal	word	normal	2	367	184	21521	0.6373948584290962	0.8242397981153231	AT3G03540, AT3G05630	True	0.9365494099872615		False		normal		NPC5, PLDP2
w:jasmonic	word	jasmonic	3	367	261	21521	0.6740267468445612	0.8249638188219757	AT2G43710, AT3G11670, AT4G19810	True	0.9365494099872615		False		jasmonic		SSI2, DGD1, ChiC
p:jasmonic acid	phrase	jasmonic acid	3	367	261	21521	0.6740267468445612	0.8249638188219757	AT2G43710, AT3G11670, AT4G19810	True	0.9365494099872615		False		jasmonic acid		SSI2, DGD1, ChiC
w:gamma	word	gamma	2	367	185	21521	0.6339494808159658	0.8265402533934938	AT4G01470, AT5G39720	True	0.9365917024021247		False		gamma		TIP1;3, AIG2L
w:toward	word	toward	2	367	185	21521	0.6339494808159658	0.8265402533934938	AT2G31690, AT2G42690	True	0.9365917024021247		False		toward		DALL5, AT2G42690
w:dormancy	word	dormancy	4	367	337	21521	0.6960276198869655	0.8292949652638526	AT2G29090, AT4G04040, AT4G31780, AT5G07500	True	0.9388390443963801		False		dormancy		CYP707A2, MEE51, MGD1, PEI1
w:cytoplasmic	word	cytoplasmic	5	367	410	21521	0.7151259387253274	0.8312219232642131	AT1G09780, AT3G05490, AT4G15200, AT4G38740, AT5G20320	True	0.9398536021493948		False		cytoplasmic		iPGAM1, RALFL22, FH3, ROC1, DCL4
w:stroma	word	stroma	8	367	619	21521	0.7578717541257103	0.8319361601726004	AT1G55480, AT1G76080, AT2G31690, AT2G43710, AT3G52720, AT4G26720, AT4G34350, AT5G19220	True	0.9398536021493948		False		stroma		ZKT, CDSP32, DALL5, SSI2, ACA1, PPX1, HDR, APL1
w:tpr	word	tpr	3	367	265	21521	0.6638527582129452	0.8326831057833917	AT1G55480, AT2G37320, AT3G27960	True	0.9398536021493948		False		tpr		ZKT, PCMP-E50, KLCR2
w:targeting	word	targeting	2	367	188	21521	0.6238332656965621	0.8332802273781406	AT2G33770, AT4G23700	True	0.9398536021493948		False		targeting		PHO2, CHX17
w:import	word	import	3	367	266	21521	0.6613570711519944	0.8345667365327522	AT3G07350, AT4G13420, AT5G51050	True	0.9402636483461931		False		import		AT3G07350, HAK5, APC2
p:immune response	phrase	immune response	2	367	189	21521	0.6205325605870564	0.8354739223783627	AT5G20320, AT5G49780	True	0.9402636483461931		False		immune response		DCL4, AT5G49780
w:methyltransferase	word	methyltransferase	4	367	341	21521	0.6878630730261213	0.8360593296579956	AT1G69770, AT5G17240, AT5G49160, AT5G66440	True	0.9402636483461931		False		methyltransferase		CMT3, SDG40, MET1, AT5G66440
p:root hair	phrase	root hair	2	367	190	21521	0.6172665997418615	0.8376415512179058	AT1G13300, AT4G26010	True	0.9402636483461931		False		root hair		HRS1, PER44
w:trafficking	word	trafficking	4	367	342	21521	0.6858517774909572	0.8377151066779002	AT2G26130, AT3G05630, AT3G52190, AT5G17060	True	0.9402636483461931		False		trafficking		RSL1, PLDP2, PHF1, ARFB1B
p:development ending	phrase	development ending	3	367	268	21521	0.6564215706210094	0.8382794235461131	AT4G04040, AT4G31780, AT5G07500	True	0.9402636483461931		False		development ending		MEE51, MGD1, PEI1
w:golgi	word	golgi	14	367	1028	21521	0.7986036747633033	0.8405084043248534	AT1G20730, AT1G33340, AT2G33770, AT2G38940, AT2G44450, AT3G02250, AT3G09560, AT3G52190, AT4G07960, AT4G17790, AT4G30270, AT4G40080, AT5G17060, AT5G44240	True	0.9418956980325476		False		golgi		AT1G20730, AT1G33340, PHO2, PHT1;4, BGLU15, RRT2, PAH1, PHF1, CSLC12, DL4930W, XTH24, AT4G40080, ARFB1B, ALA2
w:ending	word	ending	3	367	270	21521	0.6515591886164093	0.8419201627976052	AT4G04040, AT4G31780, AT5G07500	True	0.9426097866832434		False		ending		MEE51, MGD1, PEI1
k:Cell division	keyword	Cell division	2	367	193	21521	0.6076717821292936	0.843990516633025	AT3G47460, AT5G61650	True	0.9432773558605663		False		Cell division		ATSMC2, CYCP4;2
w:regulate	word	regulate	16	367	1163	21521	0.8067456849592686	0.8440665904126184	AT1G03445, AT1G23140, AT2G16595, AT2G33770, AT2G34210, AT3G02980, AT3G05490, AT3G05630, AT4G10120, AT4G28610, AT4G33950, AT4G34590, AT5G04340, AT5G62430, AT5G64000, AT5G67440	True	0.9432773558605663		False		regulate		BSU1, CAR8, AT2G16595, PHO2, AT2G34210, MCC1, RALFL22, PLDP2, ATSPS4F, PHR1, OST1, GBF6, ZAT6, CDF1, SAL2, NPY3
w:reaction	word	reaction	4	367	347	21521	0.6759691870371969	0.8457858254016737	AT3G21230, AT4G04040, AT4G31240, AT4G33770	True	0.9442321014015593		False		reaction		4CL5, MEE51, AT4G31240, ITPK2
w:target	word	target	7	367	562	21521	0.7303955317230212	0.8471203986103417	AT1G68670, AT2G26130, AT4G28610, AT4G34590, AT5G20320, AT5G61510, AT5G67440	True	0.9442321014015593		False		target		HHO2, RSL1, PHR1, GBF6, DCL4, AT5G61510, NPY3
w:polypeptide	word	polypeptide	3	367	273	21521	0.6443991975327125	0.8472485248401831	AT1G01190, AT1G33720, AT2G29090	True	0.9442321014015593		False		polypeptide		CYP78A8, CYP76C6, CYP707A2
w:hair	word	hair	2	367	197	21521	0.5953332687865669	0.8521058212237153	AT1G13300, AT4G26010	True	0.9487765639791963		False		hair		HRS1, PER44
w:meristem	word	meristem	6	367	497	21521	0.7079315127824165	0.853864589427576	AT1G20930, AT1G55580, AT1G65480, AT4G30270, AT5G20320, AT5G62430	True	0.9498658184034371		False		meristem		CDKB2;2, LAS, FT, XTH24, DCL4, CDF1
w:zinc	word	zinc	16	367	1176	21521	0.797827577897644	0.8556507924019713	AT1G19200, AT1G49900, AT1G76410, AT2G26130, AT3G11230, AT3G13110, AT3G52720, AT4G04955, AT4G31240, AT4G33030, AT5G04340, AT5G07500, AT5G18550, AT5G39760, AT5G61510, AT5G62430	True	0.95098357475178		False		zinc		FLZ12, AT1G49900, ATL8, RSL1, AT3G11230, SERAT2;2, ACA1, ALN, AT4G31240, SQD1, ZAT6, PEI1, AT5G18550, HB23, AT5G61510, CDF1
w:pollen	word	pollen	9	367	709	21521	0.7443765060356721	0.8573652097865498	AT1G09240, AT1G09780, AT2G35060, AT3G27960, AT4G02050, AT4G07960, AT4G15190, AT4G15200, AT4G18530	True	0.9517875321455329		False		pollen		NAS3, iPGAM1, KUP11, KLCR2, STP7, CSLC12, FH3, FH3, AT4G18530
w:polar	word	polar	2	367	200	21521	0.5864032697547683	0.8579383095839356	AT3G56040, AT5G67440	True	0.9517875321455329		False		polar		UGP3, NPY3
w:flower	word	flower	3	367	282	21521	0.6238332656965621	0.862308989912891	AT1G65480, AT5G49160, AT5G67440	True	0.9548953964731467		False		flower		FT, MET1, NPY3
w:maturation	word	maturation	3	367	282	21521	0.6238332656965621	0.862308989912891	AT2G26130, AT3G10420, AT4G02640	True	0.9548953964731467		False		maturation		RSL1, SPD1, BZO2H1
w:proteasome	word	proteasome	2	367	203	21521	0.5777372115810525	0.8635602675250447	AT3G21280, AT5G62430	True	0.9549243615942764		False		proteasome		UBP7, CDF1
k:Transit peptide	keyword	Transit peptide	26	367	1836	21521	0.8304185737267963	0.8646545485218325	AT1G10060, AT1G22170, AT1G22410, AT1G32900, AT1G55480, AT1G58300, AT1G76080, AT2G11810, AT2G20800, AT2G31690, AT2G43710, AT3G02040, AT3G10420, AT3G11670, AT3G13110, AT3G27190, AT3G56040, AT3G56700, AT4G31780, AT4G33030, AT4G34350, AT5G01220, AT5G16230, AT5G19220, AT5G20410, AT5G38710	True	0.9549243615942764		False		Transit peptide		BCAT-1, gpmA1, AT1G22410, GBSS1, ZKT, HO4, CDSP32, MGDC, NDB4, DALL5, SSI2, SRG3, SPD1, DGD1, SERAT2;2, UKL2, UGP3, FAR6, MGD1, SQD1, HDR, SQD2, S-ACP-DES3, APL1, MGD2, POX2
w:histidine	word	histidine	2	367	204	21521	0.5749051664262435	0.8653885698286391	AT2G44370, AT4G01740	True	0.9549243615942764		False		histidine		AT2G44370, AT4G01740
w:developmental	word	developmental	3	367	284	21521	0.6194400736846144	0.8654737640414847	AT1G27760, AT1G68670, AT5G20320	True	0.9549243615942764		False		developmental		SAT32, HHO2, DCL4
w:silencing	word	silencing	2	367	207	21521	0.5665732074925298	0.8707396838318617	AT1G69770, AT5G20320	True	0.9598643072675505		False		silencing		CMT3, DCL4
w:apical	word	apical	2	367	213	21521	0.5506133988307684	0.8808603952559435	AT1G65480, AT5G20320	True	0.9693802364086845		False		apical		FT, DCL4
w:peptide	word	peptide	5	367	447	21521	0.6559320690769221	0.8813550228556035	AT3G05490, AT3G21280, AT4G04955, AT4G38740, AT5G07460	True	0.9693802364086845		False		peptide		RALFL22, UBP7, ALN, ROC1, PMSR2
w:coa	word	coa	3	367	295	21521	0.5963423082251881	0.8817616447858783	AT2G26640, AT3G21230, AT3G56700	True	0.9693802364086845		False		coa		KCS11, 4CL5, FAR6
w:peptidase	word	peptidase	6	367	525	21521	0.670175165434021	0.8865040742635493	AT1G62710, AT2G04160, AT3G21280, AT4G34980, AT5G19120, AT5G23210	True	0.9736394851604512		False		peptidase		BETA-VPE, AIR3, UBP7, SLP2, AT5G19120, SCPL34
k:Methyltransferase	keyword	Methyltransferase	3	367	299	21521	0.5883644847037809	0.887235981136352	AT1G69770, AT5G17240, AT5G49160	True	0.9736394851604512		False		Methyltransferase		CMT3, SDG40, MET1
w:eukaryotic	word	eukaryotic	4	367	379	21521	0.6188952715089904	0.8898001383627658	AT2G11810, AT4G31780, AT5G19120, AT5G20410	True	0.9751837785469907		False		eukaryotic		MGDC, MGD1, AT5G19120, MGD2
k:Ligase	keyword	Ligase	2	367	219	21521	0.5355281002326652	0.8902458323465132	AT2G33770, AT3G21230	True	0.9751837785469907		False		Ligase		PHO2, 4CL5
w:double	word	double	3	367	303	21521	0.5805972967868993	0.892483290990796	AT2G43710, AT5G13820, AT5G16230	True	0.9758056715203173		False		double		SSI2, TBP1, S-ACP-DES3
p:embryo development	phrase	embryo development	3	367	303	21521	0.5805972967868993	0.892483290990796	AT4G04040, AT4G31780, AT5G07500	True	0.9758056715203173		False		embryo development		MEE51, MGD1, PEI1
w:identical	word	identical	2	367	221	21521	0.5306816920857632	0.8932189959520407	AT4G26200, AT4G33950	True	0.9758056715203173		False		identical		ACS7, OST1
w:immune	word	immune	2	367	222	21521	0.5282912340133048	0.8946774042074751	AT5G20320, AT5G49780	True	0.9759498922697668		False		immune		DCL4, AT5G49780
p:chloroplast stroma	phrase	chloroplast stroma	7	367	606	21521	0.6773635129180493	0.8949548724511585	AT1G55480, AT1G76080, AT2G31690, AT2G43710, AT3G52720, AT4G34350, AT5G19220	True	0.9759498922697668		False		chloroplast stroma		ZKT, CDSP32, DALL5, SSI2, ACA1, HDR, APL1
w:endosome	word	endosome	4	367	387	21521	0.6061015708059622	0.8989271165366596	AT3G23870, AT4G13800, AT4G23700, AT5G44240	True	0.9789151947276294		False		endosome		AT3G23870, AT4G13800, CHX17, ALA2
w:kda	word	kda	3	367	309	21521	0.5693235628687071	0.8999450890668509	AT1G76080, AT4G38740, AT5G37670	True	0.9789151947276294		False		kda		CDSP32, ROC1, HSP15.7
w:translocation	word	translocation	2	367	226	21521	0.5189409466856357	0.9003280113134167	AT2G16595, AT5G55930	True	0.9789151947276294		False		translocation		AT2G16595, OPT1
w:pectin	word	pectin	3	367	310	21521	0.56748703524655	0.9011424778465306	AT3G02250, AT4G12390, AT4G15980	True	0.9789151947276294		False		pectin		RRT2, PME1, PME43
k:Chaperone	keyword	Chaperone	2	367	227	21521	0.5166548632200603	0.9016959188904458	AT1G55480, AT4G38740	True	0.9789151947276294		False		Chaperone		ZKT, ROC1
w:oxygen	word	oxygen	6	367	543	21521	0.6479594140936668	0.9040611865876741	AT1G01190, AT2G29090, AT3G61880, AT4G32690, AT4G33950, AT5G37670	True	0.9806082567532972		False		oxygen		CYP78A8, CYP707A2, CYP78A9, GLB3, OST1, HSP15.7
w:early	word	early	5	367	473	21521	0.6198766065060977	0.9084787651289234	AT3G10420, AT3G21620, AT3G23870, AT4G13800, AT4G25150	True	0.9845224017470168		False		early		SPD1, OSCA1.5, AT3G23870, AT4G13800, AT4G25150
w:localization	word	localization	2	367	233	21521	0.5033504461414321	0.9095427337979638	AT1G03445, AT5G67440	True	0.9847984938008203		False		localization		BSU1, NPY3
w:step	word	step	5	367	477	21521	0.6146784798268012	0.9121329507347596	AT3G21230, AT3G56040, AT4G04040, AT4G04955, AT4G10120	True	0.9867251564837356		False		step		4CL5, UGP3, MEE51, ALN, ATSPS4F
w:growth	word	growth	17	367	1328	21521	0.7506668362824594	0.9154957584188005	AT1G09240, AT1G13300, AT1G65480, AT2G11810, AT2G31690, AT3G05490, AT3G05640, AT3G10420, AT3G27960, AT3G61880, AT4G10120, AT4G13420, AT4G15190, AT4G15200, AT5G01220, AT5G04340, AT5G20410	True	0.9894834262839077		False		growth		NAS3, HRS1, FT, MGDC, DALL5, RALFL22, AT3G05640, SPD1, KLCR2, CYP78A9, ATSPS4F, HAK5, FH3, FH3, SQD2, ZAT6, MGD2
w:ubiquitin	word	ubiquitin	14	367	1128	21521	0.7278054766459892	0.917812687129106	AT1G53930, AT1G69770, AT1G76410, AT2G26130, AT2G33770, AT3G11230, AT3G13430, AT3G21280, AT3G61410, AT4G25160, AT5G61550, AT5G62430, AT5G65500, AT5G67440	True	0.990618618669593		False		ubiquitin		AT1G53930, CMT3, ATL8, RSL1, PHO2, AT3G11230, BTL07, UBP7, AT3G61410, PUB35, PUB52, CDF1, PUB50, NPY3
w:apparatus	word	apparatus	10	367	850	21521	0.6898861997114922	0.9181740360388668	AT1G33340, AT2G16595, AT2G33770, AT2G38940, AT2G44450, AT4G07960, AT4G30270, AT4G40080, AT5G17060, AT5G44240	True	0.990618618669593		False		apparatus		AT1G33340, AT2G16595, PHO2, PHT1;4, BGLU15, CSLC12, XTH24, AT4G40080, ARFB1B, ALA2
k:Golgi apparatus	keyword	Golgi apparatus	6	367	562	21521	0.6260533129054466	0.9200140366454677	AT1G33340, AT2G33770, AT3G02250, AT4G07960, AT4G40080, AT5G17060	True	0.9917246081466201		False		Golgi apparatus		AT1G33340, PHO2, RRT2, CSLC12, AT4G40080, ARFB1B
k:Cell wall biogenesis/degradation	keyword	Cell wall biogenesis/degradation	4	367	410	21521	0.5721007509802618	0.921565778564173	AT3G02250, AT4G07960, AT4G15980, AT4G30270	True	0.9925181880642465		False		Cell wall biogenesis/degradation		RRT2, CSLC12, PME43, XTH24
w:glycoprotein	word	glycoprotein	2	367	245	21521	0.4786965467385864	0.9235105802545449	AT3G28360, AT3G50570	True	0.993125843329864		False		glycoprotein		ABCB16, AT3G50570
w:prevent	word	prevent	2	367	246	21521	0.4767506258168849	0.9245781269455513	AT5G07460, AT5G64000	True	0.993125843329864		False		prevent		PMSR2, SAL2
w:pattern	word	pattern	2	367	246	21521	0.4767506258168849	0.9245781269455513	AT4G33950, AT5G49160	True	0.993125843329864		False		pattern		OST1, MET1
w:acceptor	word	acceptor	3	367	334	21521	0.5267095237318278	0.9262623886591711	AT1G76080, AT3G03910, AT3G56700	True	0.9936202280159669		False		acceptor		CDSP32, GDH3, FAR6
p:cell death	phrase	cell death	2	367	248	21521	0.47290586270545837	0.9266712890699444	AT4G02640, AT5G53760	True	0.9936202280159669		False		cell death		BZO2H1, MLO11
w:adenine	word	adenine	2	367	252	21521	0.46539942044029237	0.9306944930242107	AT1G62540, AT5G47740	True	0.9970556320514651		False		adenine		FMOGS-OX2, MCA23.6
w:possesse	word	possesse	2	367	253	21521	0.4635598970393426	0.9316672516691686	AT1G75830, AT5G37670	True	0.9972199166942641		False		possesse		LCR67, HSP15.7
w:triphosphate	word	triphosphate	2	367	255	21521	0.4599241331409948	0.9335742229281135	AT3G10420, AT4G33770	True	0.9982082597213231		False		triphosphate		SPD1, ITPK2
k:GTP-binding	keyword	GTP-binding	2	367	257	21521	0.45634495700760186	0.9354308285459444	AT3G27190, AT5G17060	True	0.9982082597213231		False		GTP-binding		UKL2, ARFB1B
w:transfer	word	transfer	5	367	507	21521	0.578306972144742	0.9356898588436469	AT2G26130, AT3G02250, AT4G12980, AT4G35750, AT5G01220	True	0.9982082597213231		False		transfer		RSL1, RRT2, AT4G12980, AT4G35750, SQD2
w:atpase	word	atpase	4	367	429	21521	0.5467629554823015	0.936725517477057	AT1G23140, AT1G76430, AT3G60160, AT5G44240	True	0.9982082597213231		False		atpase		CAR8, PHT1;9, ABCC9, ALA2
w:death	word	death	2	367	261	21521	0.44935116456304086	0.9389977727594421	AT4G02640, AT5G53760	True	0.9982082597213231		False		death		BZO2H1, MLO11
w:nucleoside	word	nucleoside	2	367	261	21521	0.44935116456304086	0.9389977727594421	AT3G10420, AT5G47240	True	0.9982082597213231		False		nucleoside		SPD1, NUDT8
w:reticulum	word	reticulum	12	367	1029	21521	0.683852209626552	0.939152388973636	AT1G65480, AT1G73010, AT2G16595, AT2G22170, AT2G26640, AT2G33770, AT2G47920, AT3G09560, AT3G52190, AT3G52720, AT4G04955, AT5G44240	True	0.9982082597213231		False		reticulum		FT, PS2, AT2G16595, PLAT2, KCS11, PHO2, NET3C, PAH1, PHF1, ACA1, ALN, ALA2
p:endoplasmic reticulum	phrase	endoplasmic reticulum	12	367	1029	21521	0.683852209626552	0.939152388973636	AT1G65480, AT1G73010, AT2G16595, AT2G22170, AT2G26640, AT2G33770, AT2G47920, AT3G09560, AT3G52190, AT3G52720, AT4G04955, AT5G44240	True	0.9982082597213231		False		endoplasmic reticulum		FT, PS2, AT2G16595, PLAT2, KCS11, PHO2, NET3C, PAH1, PHF1, ACA1, ALN, ALA2
w:endoplasmic	word	endoplasmic	12	367	1031	21521	0.6825256292005063	0.9401002112980272	AT1G65480, AT1G73010, AT2G16595, AT2G22170, AT2G26640, AT2G33770, AT2G47920, AT3G09560, AT3G52190, AT3G52720, AT4G04955, AT5G44240	True	0.9983437671463342		False		endoplasmic		FT, PS2, AT2G16595, PLAT2, KCS11, PHO2, NET3C, PAH1, PHF1, ACA1, ALN, ALA2
w:central	word	central	2	367	264	21521	0.44424490132937	0.9415496213668634	AT1G22150, AT3G47460	True	0.9988213745653269		False		central		SULTR1;3, ATSMC2
p:tetratricopeptide repeat	phrase	tetratricopeptide repeat	2	367	265	21521	0.44256850547529686	0.9423775036146463	AT2G37320, AT3G27960	True	0.9988213745653269		False		tetratricopeptide repeat		PCMP-E50, KLCR2
w:tetratricopeptide	word	tetratricopeptide	2	367	267	21521	0.43925338558409616	0.9440000036758717	AT2G37320, AT3G27960	True	0.9988213745653269		False		tetratricopeptide		PCMP-E50, KLCR2
p:rna polymerase	phrase	rna polymerase	5	367	520	21521	0.5638492978411235	0.9440162770635058	AT1G20930, AT2G34210, AT4G15690, AT5G04340, AT5G62430	True	0.9988213745653269		False		rna polymerase		CDKB2;2, AT2G34210, GRXS5, ZAT6, CDF1
p:golgi apparatus	phrase	golgi apparatus	9	367	825	21521	0.6397126579142928	0.9449350277507538	AT1G33340, AT2G33770, AT2G38940, AT2G44450, AT4G07960, AT4G30270, AT4G40080, AT5G17060, AT5G44240	True	0.9988213745653269		False		golgi apparatus		AT1G33340, PHO2, PHT1;4, BGLU15, CSLC12, XTH24, AT4G40080, ARFB1B, ALA2
w:residue	word	residue	2	367	269	21521	0.4359875611559616	0.945579061323937	AT2G04160, AT3G02250	True	0.9988213745653269		False		residue		AIR3, RRT2
p:transcriptional activator	phrase	transcriptional activator	2	367	270	21521	0.4343727924109395	0.9463526351935365	AT1G22070, AT3G60490	True	0.9988213745653269		False		transcriptional activator		TGA3, ERF035
w:lyase	word	lyase	2	367	271	21521	0.43276994077842684	0.9471157487661359	AT1G08630, AT4G26200	True	0.9988213745653269		False		lyase		THA1, ACS7
w:gtpase	word	gtpase	3	367	362	21521	0.48596956057025	0.9481151273775229	AT1G23140, AT3G49350, AT5G17060	True	0.9990096190635891		False		gtpase		CAR8, AT3G49350, ARFB1B
w:assembly	word	assembly	7	367	686	21521	0.5983706834232331	0.9499728809363499	AT1G33340, AT1G55480, AT1G58300, AT2G34210, AT3G11670, AT4G15200, AT4G40080	True	0.99978631463525		False		assembly		AT1G33340, ZKT, HO4, AT2G34210, DGD1, FH3, AT4G40080
w:lrr	word	lrr	3	367	366	21521	0.4806584178317773	0.9506938348237459	AT1G63750, AT2G19330, AT5G56570	True	0.99978631463525		False		lrr		AT1G63750, PIRL6, AT5G56570
k:Nucleus	keyword	Nucleus	53	367	3769	21521	0.8246052877952434	0.9513168055444696	AT1G01140, AT1G03445, AT1G08180, AT1G13300, AT1G18710, AT1G22070, AT1G23140, AT1G25550, AT1G30500, AT1G49900, AT1G55580, AT1G60280, AT1G65480, AT1G66390, AT1G68670, AT1G69770, AT2G26660, AT2G28305, AT2G31730, AT2G34210, AT2G41070, AT2G42660, AT2G43140, AT3G03260, AT3G04670, AT3G13810, AT3G25790, AT3G47460, AT3G49760, AT3G57250, AT3G60290, AT3G60490, AT4G02640, AT4G14770, AT4G15680, AT4G15690, AT4G28610, AT4G33950, AT4G34590, AT5G01820, AT5G02200, AT5G04340, AT5G07500, AT5G13820, AT5G18550, AT5G20150, AT5G20320, AT5G39760, AT5G49160, AT5G49330, AT5G53420, AT5G61430, AT5G62430	True	0.99978631463525		False		Nucleus		CIPK9, BSU1, SMR2, HRS1, MYB47, TGA3, CAR8, HHO3, NF-YA7, AT1G49900, LAS, NAC023, FT, MYB90, HHO2, CMT3, SPX2, LOG1, BHLH154, AT2G34210, EEL, AT2G42660, BHLH129, HDG8, WRKY39, IDD11, HHO1, ATSMC2, bZIP5, AT3G57250, AT3G60290, ERF035, BZO2H1, TCX2, GRXS4, GRXS5, PHR1, OST1, GBF6, SR1, FHL, ZAT6, PEI1, TBP1, AT5G18550, SPX1, DCL4, HB23, MET1, MYB111, CCT101, NAC100, CDF1
k:Repeat	keyword	Repeat	45	367	3264	21521	0.808460390286905	0.9524981020520835	AT1G03445, AT1G18710, AT1G47890, AT1G49900, AT1G51805, AT1G55480, AT1G58190, AT1G63750, AT1G66390, AT1G74200, AT2G19330, AT2G22030, AT2G26130, AT2G32660, AT2G34210, AT2G37320, AT2G37890, AT2G40900, AT2G44370, AT3G03790, AT3G05630, AT3G11210, AT3G13810, AT3G27150, AT3G27960, AT3G28360, AT3G47090, AT3G52190, AT3G60160, AT4G01470, AT4G01740, AT4G03450, AT4G04710, AT4G13900, AT4G31240, AT5G04340, AT5G06870, AT5G09470, AT5G18550, AT5G20320, AT5G49160, AT5G49780, AT5G50790, AT5G51050, AT5G56570	True	0.9999999993975884		False		Repeat		BSU1, MYB47, RLP7, AT1G49900, SIF3, ZKT, RLP9, AT1G63750, MYB90, RLP16, PIRL6, AT2G22030, RSL1, RLP22, AT2G34210, PCMP-E50, AT2G37890, UMAMIT11, AT2G44370, AT3G03790, PLDP2, CPRD49, IDD11, AT3G27150, KLCR2, ABCB16, AT3G47090, PHF1, ABCC9, TIP1;3, AT4G01740, AT4G03450, CPK22, RLP49, AT4G31240, ZAT6, PGIP2, DIC3, AT5G18550, DCL4, MET1, AT5G49780, SWEET10, APC2, AT5G56570
w:chromatin	word	chromatin	4	367	457	21521	0.5132632558028607	0.9542627320794097	AT1G69770, AT3G02980, AT3G47460, AT5G49160	True	0.9999999993975884		False		chromatin		CMT3, MCC1, ATSMC2, MET1
k:Zinc-finger	keyword	Zinc-finger	13	367	1140	21521	0.6687054830536833	0.9556005864456892	AT1G19200, AT1G49900, AT1G76410, AT2G26130, AT2G44370, AT3G13430, AT3G13810, AT5G04340, AT5G07500, AT5G18550, AT5G19430, AT5G39760, AT5G62430	True	0.9999999993975884		False		Zinc-finger		FLZ12, AT1G49900, ATL8, RSL1, AT2G44370, BTL07, IDD11, ZAT6, PEI1, AT5G18550, C3HC4, HB23, CDF1
w:control	word	control	6	367	621	21521	0.5665732074925298	0.9557384688035868	AT2G29090, AT3G02980, AT4G23700, AT5G04340, AT5G49330, AT5G67440	True	0.9999999993975884		False		control		CYP707A2, MCC1, CHX17, ZAT6, MYB111, NPY3
w:loop	word	loop	3	367	376	21521	0.4678749492724215	0.9566279991187865	AT2G31730, AT2G43140, AT3G10420	True	0.9999999993975884		False		loop		BHLH154, BHLH129, SPD1
p:chloroplast thylakoid	phrase	chloroplast thylakoid	3	367	378	21521	0.4653994204402923	0.9577318169435106	AT1G55480, AT2G43710, AT3G20660	True	0.9999999993975884		False		chloroplast thylakoid		ZKT, SSI2, OCT4
w:dehydrogenase	word	dehydrogenase	4	367	464	21521	0.505520060133421	0.9578868268218235	AT2G20800, AT3G03910, AT5G38710, AT5G61510	True	0.9999999993975884		False		dehydrogenase		NDB4, GDH3, POX2, AT5G61510
k:Signal-anchor	keyword	Signal-anchor	2	367	291	21521	0.4030263022369542	0.9603723887475284	AT3G02250, AT3G52190	True	0.9999999993975884		False		Signal-anchor		RRT2, PHF1
w:molecule	word	molecule	2	367	294	21521	0.398913788948822	0.9620633559268685	AT4G02640, AT4G33770	True	0.9999999993975884		False		molecule		BZO2H1, ITPK2
p:cell cycle	phrase	cell cycle	2	367	296	21521	0.39621842550997866	0.963152031701709	AT1G20930, AT3G02980	True	0.9999999993975884		False		cell cycle		CDKB2;2, MCC1
w:mitochondrion	word	mitochondrion	29	367	2271	21521	0.7488196751602062	0.964490062873877	AT1G10060, AT1G25550, AT1G48370, AT1G71695, AT1G76080, AT2G19330, AT2G20800, AT2G25220, AT2G29090, AT2G37320, AT2G37890, AT2G47920, AT3G03910, AT3G05640, AT3G11660, AT3G11670, AT3G13110, AT3G28360, AT4G26010, AT4G37220, AT4G38320, AT4G40080, AT5G09470, AT5G14880, AT5G23210, AT5G24660, AT5G38710, AT5G51050, AT5G60350	True	0.9999999993975884		False		mitochondrion		BCAT-1, HHO3, YSL8, PER12, CDSP32, PIRL6, NDB4, AT2G25220, CYP707A2, PCMP-E50, AT2G37890, NET3C, GDH3, AT3G05640, NHL1, DGD1, SERAT2;2, ABCB16, PER44, AT4G37220, HHP5, AT4G40080, DIC3, POT8, SCPL34, LSU2, POX2, APC2, AT5G60350
w:site	word	site	3	367	399	21521	0.44090471410132953	0.9678375797734144	AT2G04160, AT2G34210, AT5G39760	True	0.9999999993975884		False		site		AIR3, AT2G34210, HB23
p:zinc ion	phrase	zinc ion	5	367	571	21521	0.513487977018186	0.9680917600503836	AT2G26130, AT3G13110, AT3G52720, AT4G04955, AT4G33030	True	0.9999999993975884		False		zinc ion		RSL1, SERAT2;2, ACA1, ALN, SQD1
w:matrix	word	matrix	2	367	306	21521	0.38327011095082897	0.9681609511252234	AT2G04160, AT5G37670	True	0.9999999993975884		False		matrix		AIR3, HSP15.7
w:small	word	small	6	367	657	21521	0.5355281002326652	0.9697126122369047	AT2G03020, AT3G10680, AT4G01470, AT5G17060, AT5G20320, AT5G37670	True	0.9999999993975884		False		small		AT2G03020, SLI1, TIP1;3, ARFB1B, DCL4, HSP15.7
k:Developmental protein	keyword	Developmental protein	5	367	577	21521	0.5081484139989327	0.9701874315635275	AT1G01190, AT1G65480, AT3G10420, AT3G61880, AT4G14770	True	0.9999999993975884		False		Developmental protein		CYP78A8, FT, SPD1, CYP78A9, TCX2
w:tolerance	word	tolerance	2	367	318	21521	0.36880708789608074	0.9733107273798767	AT1G56600, AT5G49330	True	0.9999999993975884		False		tolerance		GolS2, MYB111
k:Lipoprotein	keyword	Lipoprotein	4	367	503	21521	0.4663246677970325	0.9736654088349621	AT1G22990, AT4G04710, AT5G17060, AT5G17340	True	0.9999999993975884		False		Lipoprotein		HIPP22, CPK22, ARFB1B, MKP11.1
k:Coiled coil	keyword	Coiled coil	17	367	1494	21521	0.6672594100288529	0.9741927995467975	AT1G02540, AT1G22070, AT1G31480, AT1G32900, AT1G80940, AT2G47920, AT3G03260, AT3G47460, AT3G49350, AT3G57780, AT4G22030, AT4G25160, AT4G28610, AT5G24660, AT5G54090, AT5G61550, AT5G65500	True	0.9999999993975884		False		Coiled coil		AT1G02540, TGA3, SGR2, GBSS1, AT1G80940, NET3C, HDG8, ATSMC2, AT3G49350, AT3G57780, AT4G22030, PUB35, PHR1, LSU2, MJP23.7, PUB52, PUB50
w:gtp	word	gtp	2	367	322	21521	0.3642256333880549	0.9748415274348495	AT3G56040, AT5G17060	True	0.9999999993975884		False		gtp		UGP3, ARFB1B
w:histone	word	histone	3	367	418	21521	0.4208635907330873	0.9749773603329049	AT1G22070, AT3G02980, AT4G34590	True	0.9999999993975884		False		histone		TGA3, MCC1, GBF6
w:polymerase	word	polymerase	5	367	602	21521	0.4870459051119339	0.9776217494246592	AT1G20930, AT2G34210, AT4G15690, AT5G04340, AT5G62430	True	0.9999999993975884		False		polymerase		CDKB2;2, AT2G34210, GRXS5, ZAT6, CDF1
w:nucleic	word	nucleic	4	367	519	21521	0.45194857013854983	0.9783741810659361	AT1G10000, AT2G26130, AT5G20320, AT5G63690	True	0.9999999993975884		False		nucleic		AT1G10000, RSL1, DCL4, MBK5.17
p:nucleic acid	phrase	nucleic acid	4	367	519	21521	0.45194857013854983	0.9783741810659361	AT1G10000, AT2G26130, AT5G20320, AT5G63690	True	0.9999999993975884		False		nucleic acid		AT1G10000, RSL1, DCL4, MBK5.17
w:fungus	word	fungus	2	367	335	21521	0.350091504331205	0.9792534259212882	AT1G52940, AT3G12500	True	0.9999999993975884		False		fungus		PAP5, HCHIB
w:elongation	word	elongation	4	367	527	21521	0.4450878707816079	0.9804203329959171	AT2G34210, AT3G05630, AT4G10120, AT5G02200	True	0.9999999993975884		False		elongation		AT2G34210, PLDP2, ATSPS4F, FHL
w:subsequent	word	subsequent	2	367	339	21521	0.3459606311237572	0.9804533905394841	AT5G02200, AT5G67440	True	0.9999999993975884		False		subsequent		FHL, NPY3
w:plastid	word	plastid	9	367	940	21521	0.561449939126906	0.9811655587559638	AT1G55480, AT2G43710, AT3G02040, AT3G10420, AT4G26720, AT4G31780, AT4G34350, AT5G01220, AT5G49780	True	0.9999999993975884		False		plastid		ZKT, SSI2, SRG3, SPD1, PPX1, MGD1, HDR, SQD2, AT5G49780
w:flowering	word	flowering	2	367	345	21521	0.3399439244955179	0.9821283064009997	AT1G65480, AT5G62430	True	0.9999999993975884		False		flowering		FT, CDF1
w:constituent	word	constituent	3	367	444	21521	0.3962184255099786	0.9823473404307114	AT1G22110, AT2G34210, AT4G30270	True	0.9999999993975884		False		constituent		AT1G22110, AT2G34210, XTH24
w:ethylene	word	ethylene	2	367	352	21521	0.3331836759970275	0.983906975246035	AT3G60490, AT4G26200	True	0.9999999993975884		False		ethylene		ERF035, ACS7
w:cycle	word	cycle	3	367	460	21521	0.38243691505745764	0.985799194864105	AT1G20930, AT3G02980, AT3G14940	True	0.9999999993975884		False		cycle		CDKB2;2, MCC1, PPC3
w:repair	word	repair	2	367	361	21521	0.3248771577588745	0.9859430848375912	AT1G55480, AT5G54090	True	0.9999999993975884		False		repair		ZKT, MJP23.7
w:repeat	word	repeat	16	367	1506	21521	0.6230048018642957	0.9869157687167385	AT1G20930, AT1G51805, AT2G19330, AT2G22030, AT2G37320, AT3G03790, AT3G13110, AT3G27150, AT3G27960, AT3G47090, AT3G59300, AT4G03450, AT5G13820, AT5G20320, AT5G49780, AT5G56570	True	0.9999999993975884		False		repeat		CDKB2;2, SIF3, PIRL6, AT2G22030, PCMP-E50, AT3G03790, SERAT2;2, AT3G27150, KLCR2, AT3G47090, AT3G59300, AT4G03450, TBP1, DCL4, AT5G49780, AT5G56570
w:initiation	word	initiation	2	367	367	21521	0.31956581458025524	0.987159063784969	AT1G55580, AT3G45210	True	0.9999999993975884		False		initiation		LAS, AT3G45210
w:terminal	word	terminal	3	367	477	21521	0.36880708789608074	0.9887557090377775	AT3G02980, AT3G05630, AT3G21280	True	0.9999999993975884		False		terminal		MCC1, PLDP2, UBP7
p:structural constituent	phrase	structural constituent	2	367	388	21521	0.3022697266777157	0.9906609944571596	AT1G22110, AT2G34210	True	0.9999999993975884		False		structural constituent		AT1G22110, AT2G34210
w:organ	word	organ	2	367	391	21521	0.29995052161369223	0.9910782477992401	AT4G07960, AT5G67440	True	0.9999999993975884		False		organ		CSLC12, NPY3
w:processing	word	processing	4	367	596	21521	0.39355924144615323	0.9918794017386865	AT1G62710, AT3G21280, AT5G20320, AT5G64000	True	0.9999999993975884		False		processing		BETA-VPE, UBP7, DCL4, SAL2
w:mitochondrial	word	mitochondrial	8	367	943	21521	0.49747891389587984	0.9919870309700126	AT1G09780, AT1G10060, AT2G20800, AT2G37890, AT3G13110, AT5G09470, AT5G38710, AT5G51050	True	0.9999999993975884		False		mitochondrial		iPGAM1, BCAT-1, NDB4, AT2G37890, SERAT2;2, DIC3, POX2, APC2
w:transcriptional	word	transcriptional	6	367	789	21521	0.4459340454408885	0.993184665428063	AT1G22070, AT2G34210, AT3G60490, AT4G31780, AT5G39760, AT5G62430	True	0.9999999993975884		False		transcriptional		TGA3, AT2G34210, ERF035, MGD1, HB23, CDF1
p:pentatricopeptide repeat	phrase	pentatricopeptide repeat	2	367	412	21521	0.2846617814343536	0.9935304190226032	AT2G37320, AT3G59300	True	0.9999999993975884		False		pentatricopeptide repeat		PCMP-E50, AT3G59300
w:germination	word	germination	2	367	412	21521	0.2846617814343536	0.9935304190226032	AT1G13300, AT2G29090	True	0.9999999993975884		False		germination		HRS1, CYP707A2
w:pentatricopeptide	word	pentatricopeptide	2	367	413	21521	0.28397252772628007	0.9936290602019342	AT2G37320, AT3G59300	True	0.9999999993975884		False		pentatricopeptide		PCMP-E50, AT3G59300
w:ppr	word	ppr	2	367	425	21521	0.27595447988459687	0.9947039404607146	AT2G37320, AT3G59300	True	0.9999999993975884		False		ppr		PCMP-E50, AT3G59300
w:translation	word	translation	3	367	539	21521	0.32638400913994525	0.995285191107772	AT2G34210, AT3G08720, AT4G34590	True	0.9999999993975884		False		translation		AT2G34210, S6K2, GBF6
w:cytosolic	word	cytosolic	2	367	435	21521	0.2696106987378245	0.9954623418078505	AT3G46970, AT4G35750	True	0.9999999993975884		False		cytosolic		PHS2, AT4G35750
w:regulating	word	regulating	2	367	443	21521	0.26474188250779607	0.9959915211735092	AT1G65480, AT5G67440	True	0.9999999993975884		False		regulating		FT, NPY3
k:Mitochondrion	keyword	Mitochondrion	6	367	836	21521	0.4208635907330873	0.9961224068639473	AT1G10060, AT2G20800, AT3G13110, AT5G09470, AT5G38710, AT5G51050	True	0.9999999993975884		False		Mitochondrion		BCAT-1, NDB4, SERAT2;2, DIC3, POX2, APC2
k:Protein transport	keyword	Protein transport	3	367	563	21521	0.31247065883913056	0.9966549000400635	AT3G52190, AT5G17060, AT5G55930	True	0.9999999993975884		False		Protein transport		PHF1, ARFB1B, OPT1
w:regulator	word	regulator	8	367	1024	21521	0.4581275544959128	0.9967406791932787	AT1G03445, AT1G27760, AT2G26130, AT3G03790, AT3G45210, AT4G03960, AT4G33950, AT5G47240	True	0.9999999993975884		False		regulator		BSU1, SAT32, RSL1, AT3G03790, AT3G45210, PFA-DSP4, OST1, NUDT8
w:modification	word	modification	3	367	568	21521	0.3097200368423072	0.9968870887725422	AT2G37320, AT4G15980, AT4G34980	True	0.9999999993975884		False		modification		PCMP-E50, PME43, SLP2
w:system	word	system	2	367	469	21521	0.250065360236575	0.9973266787035967	AT2G48150, AT4G02050	True	0.9999999993975884		False		system		GPX4, STP7
w:cell	word	cell	33	367	2935	21521	0.6593290596901995	0.9976612219819306	AT1G08180, AT1G09780, AT1G20930, AT1G55120, AT1G60740, AT1G71695, AT1G76080, AT2G02990, AT2G04160, AT2G16430, AT2G44450, AT3G02250, AT3G02980, AT3G05490, AT3G05630, AT3G12500, AT3G14790, AT3G17790, AT4G01470, AT4G02640, AT4G07960, AT4G15980, AT4G17030, AT4G19810, AT4G24890, AT4G30270, AT4G34980, AT5G06870, AT5G09470, AT5G27100, AT5G49160, AT5G53760, AT5G67440	True	0.9999999993975884		False		cell		SMR2, iPGAM1, CDKB2;2, FRUCT5, PRXIID, PER12, CDSP32, RNS1, AIR3, PAP10, BGLU15, RRT2, MCC1, RALFL22, PLDP2, HCHIB, RHM3, PAP17, TIP1;3, BZO2H1, CSLC12, PME43, EXLB1, ChiC, PAP24, XTH24, SLP2, PGIP2, DIC3, GLR2.1, MET1, MLO11, NPY3
w:ribosome	word	ribosome	2	367	501	21521	0.23409312165859014	0.9983828823097467	AT1G22110, AT2G34210	True	0.9999999993975884		False		ribosome		AT1G22110, AT2G34210
w:nuclear	word	nuclear	3	367	704	21521	0.2498877569977706	0.9995816612379316	AT1G30500, AT3G47460, AT5G02200	True	0.9999999993975884		False		nuclear		NF-YA7, ATSMC2, FHL
w:rna	word	rna	14	367	1821	21521	0.4508317285319472	0.999879834972669	AT1G10000, AT1G20930, AT1G69770, AT2G02990, AT2G26130, AT2G34210, AT2G37320, AT3G04620, AT4G15690, AT4G28610, AT5G04340, AT5G20320, AT5G62430, AT5G64000	True	0.9999999993975884		False		rna		AT1G10000, CDKB2;2, CMT3, RNS1, RSL1, AT2G34210, PCMP-E50, DAN1, GRXS5, PHR1, ZAT6, DCL4, CDF1, SAL2
w:mrna	word	mrna	4	367	1225	21521	0.19147861869543456	0.9999991820462703	AT1G58300, AT2G34210, AT5G18550, AT5G61510	True	0.9999999993975884		False		mrna		HO4, AT2G34210, AT5G18550, AT5G61510
w:complex	word	complex	15	367	2854	21521	0.3082007374324291	0.9999999993975884	AT1G19200, AT2G16595, AT2G26130, AT2G34210, AT2G47920, AT3G11230, AT3G11670, AT3G47460, AT3G52310, AT3G53620, AT4G02640, AT4G14770, AT4G34590, AT5G62430, AT5G67440	True	0.9999999993975884		False		complex		FLZ12, AT2G16595, RSL1, AT2G34210, NET3C, AT3G11230, DGD1, ATSMC2, ABCG27, PPa4, BZO2H1, TCX2, GBF6, CDF1, NPY3
w:tgt	word	tgt	1	367	1	21521	58.64032697547684	0.01705311091492031	AT5G62430	False	1.0		False		tgt		CDF1
w:phenanthrenequinone	word	phenanthrenequinone	1	367	1	21521	58.64032697547684	0.01705311091492031	AT5G61510	False	1.0		False		phenanthrenequinone		AT5G61510
w:orthoquinone	word	orthoquinone	1	367	1	21521	58.64032697547684	0.01705311091492031	AT5G61510	False	1.0		False		orthoquinone		AT5G61510
w:endowed	word	endowed	1	367	1	21521	58.64032697547684	0.01705311091492031	AT5G61510	False	1.0		False		endowed		AT5G61510
w:athi	word	athi	1	367	1	21521	58.64032697547684	0.01705311091492031	AT5G49160	False	1.0		False		athi		MET1
w:metase	word	metase	1	367	1	21521	58.64032697547684	0.01705311091492031	AT5G49160	False	1.0		False		metase		MET1
w:tttaggg	word	tttaggg	1	367	1	21521	58.64032697547684	0.01705311091492031	AT5G13820	False	1.0		False		tttaggg		TBP1
w:sulfoquinovosyl	word	sulfoquinovosyl	1	367	1	21521	58.64032697547684	0.01705311091492031	AT5G01220	False	1.0		False		sulfoquinovosyl		SQD2
w:sulfoquinovosyltransferase	word	sulfoquinovosyltransferase	1	367	1	21521	58.64032697547684	0.01705311091492031	AT5G01220	False	1.0		False		sulfoquinovosyltransferase		SQD2
w:isph	word	isph	1	367	1	21521	58.64032697547684	0.01705311091492031	AT4G34350	False	1.0		False		isph		HDR
w:reopened	word	reopened	1	367	1	21521	58.64032697547684	0.01705311091492031	AT4G33950	False	1.0		False		reopened		OST1
w:invader	word	invader	1	367	1	21521	58.64032697547684	0.01705311091492031	AT4G33950	False	1.0		False		invader		OST1
w:reopening	word	reopening	1	367	1	21521	58.64032697547684	0.01705311091492031	AT4G33950	False	1.0		False		reopening		OST1
w:polyester	word	polyester	1	367	1	21521	58.64032697547684	0.01705311091492031	AT4G33770	False	1.0		False		polyester		ITPK2
w:udpsulfoquinovose	word	udpsulfoquinovose	1	367	1	21521	58.64032697547684	0.01705311091492031	AT4G33030	False	1.0		False		udpsulfoquinovose		SQD1
k:Oxygen transport	keyword	Oxygen transport	1	367	1	21521	58.64032697547684	0.01705311091492031	AT4G32690	False	1.0		False		Oxygen transport		GLB3
w:meri	word	meri	1	367	1	21521	58.64032697547684	0.01705311091492031	AT4G30270	False	1.0		False		meri		XTH24
w:coregulation	word	coregulation	1	367	1	21521	58.64032697547684	0.01705311091492031	AT4G28610	False	1.0		False		coregulation		PHR1
w:imperfect	word	imperfect	1	367	1	21521	58.64032697547684	0.01705311091492031	AT4G28610	False	1.0		False		imperfect		PHR1
w:gnatatnc	word	gnatatnc	1	367	1	21521	58.64032697547684	0.01705311091492031	AT4G28610	False	1.0		False		gnatatnc		PHR1
w:flavokinase	word	flavokinase	1	367	1	21521	58.64032697547684	0.01705311091492031	AT4G21470	False	1.0		False		flavokinase		FMN/FHY
w:exochitinase	word	exochitinase	1	367	1	21521	58.64032697547684	0.01705311091492031	AT4G19810	False	1.0		False		exochitinase		ChiC
w:atchic	word	atchic	1	367	1	21521	58.64032697547684	0.01705311091492031	AT4G19810	False	1.0		False		atchic		ChiC
w:allantoinase	word	allantoinase	1	367	1	21521	58.64032697547684	0.01705311091492031	AT4G04955	False	1.0		False		allantoinase		ALN
w:hydantoin	word	hydantoin	1	367	1	21521	58.64032697547684	0.01705311091492031	AT4G04955	False	1.0		False		hydantoin		ALN
w:ataln	word	ataln	1	367	1	21521	58.64032697547684	0.01705311091492031	AT4G04955	False	1.0		False		ataln		ALN
w:ureidohydantoin	word	ureidohydantoin	1	367	1	21521	58.64032697547684	0.01705311091492031	AT4G04955	False	1.0		False		ureidohydantoin		ALN
w:digalactosyl	word	digalactosyl	1	367	1	21521	58.64032697547684	0.01705311091492031	AT4G00550	False	1.0		False		digalactosyl		DGD2
w:atchib	word	atchib	1	367	1	21521	58.64032697547684	0.01705311091492031	AT3G12500	False	1.0		False		atchib		HCHIB
w:megasperma	word	megasperma	1	367	1	21521	58.64032697547684	0.01705311091492031	AT3G12500	False	1.0		False		megasperma		HCHIB
w:reesei	word	reesei	1	367	1	21521	58.64032697547684	0.01705311091492031	AT3G12500	False	1.0		False		reesei		HCHIB
w:solani	word	solani	1	367	1	21521	58.64032697547684	0.01705311091492031	AT3G12500	False	1.0		False		solani		HCHIB
w:phf	word	phf	1	367	1	21521	58.64032697547684	0.01705311091492031	AT3G52190	False	1.0		False		phf		PHF1
w:glycerophosphate	word	glycerophosphate	1	367	1	21521	58.64032697547684	0.01705311091492031	AT3G02870	False	1.0		False		glycerophosphate		VTC4
w:bisp	word	bisp	1	367	1	21521	58.64032697547684	0.01705311091492031	AT3G02870	False	1.0		False		bisp		VTC4
w:tripalmitoylglycerol	word	tripalmitoylglycerol	1	367	1	21521	58.64032697547684	0.01705311091492031	AT3G03310	False	1.0		False		tripalmitoylglycerol		LCAT3
w:cholesteryl	word	cholesteryl	1	367	1	21521	58.64032697547684	0.01705311091492031	AT3G03310	False	1.0		False		cholesteryl		LCAT3
w:acylester	word	acylester	1	367	1	21521	58.64032697547684	0.01705311091492031	AT3G03310	False	1.0		False		acylester		LCAT3
w:assume	word	assume	1	367	1	21521	58.64032697547684	0.01705311091492031	AT3G03540	False	1.0		False		assume		NPC5
w:gbss	word	gbss	1	367	1	21521	58.64032697547684	0.01705311091492031	AT1G32900	False	1.0		False		gbss		GBSS1
w:ifrd	word	ifrd	1	367	1	21521	58.64032697547684	0.01705311091492031	AT1G27760	False	1.0		False		ifrd		SAT32
w:sulfenic	word	sulfenic	1	367	1	21521	58.64032697547684	0.01705311091492031	AT1G76080	False	1.0		False		sulfenic		CDSP32
w:iidelta	word	iidelta	1	367	1	21521	58.64032697547684	0.01705311091492031	AT2G42690	False	1.0		False		iidelta		AT2G42690
w:deesterifying	word	deesterifying	1	367	1	21521	58.64032697547684	0.01705311091492031	AT2G42690	False	1.0		False		deesterifying		AT2G42690
w:florigen	word	florigen	1	367	1	21521	58.64032697547684	0.01705311091492031	AT1G65480	False	1.0		False		florigen		FT
w:translated	word	translated	1	367	1	21521	58.64032697547684	0.01705311091492031	AT1G65480	False	1.0		False		translated		FT
w:atpgm	word	atpgm	1	367	1	21521	58.64032697547684	0.01705311091492031	AT2G17280	False	1.0		False		atpgm		PGM
w:sgpp	word	sgpp	1	367	1	21521	58.64032697547684	0.01705311091492031	AT2G38740	False	1.0		False		sgpp		SGPP
w:atsgpp	word	atsgpp	1	367	1	21521	58.64032697547684	0.01705311091492031	AT2G38740	False	1.0		False		atsgpp		SGPP
w:phosphosugar	word	phosphosugar	1	367	1	21521	58.64032697547684	0.01705311091492031	AT2G38740	False	1.0		False		phosphosugar		SGPP
w:subclass	word	subclass	1	367	1	21521	58.64032697547684	0.01705311091492031	AT2G38740	False	1.0		False		subclass		SGPP
w:ubiquitynation	word	ubiquitynation	1	367	1	21521	58.64032697547684	0.01705311091492031	AT2G26130	False	1.0		False		ubiquitynation		RSL1
w:osmoprotective	word	osmoprotective	1	367	2	21521	29.32016348773842	0.03381619215535824	AT1G56600	False	1.0		False		osmoprotective		GolS2
w:methylviologen	word	methylviologen	1	367	2	21521	29.32016348773842	0.03381619215535824	AT1G56600	False	1.0		False		methylviologen		GolS2
w:palmitoleoyl	word	palmitoleoyl	1	367	2	21521	29.32016348773842	0.03381619215535824	AT5G16230	False	1.0		False		palmitoleoyl		S-ACP-DES3
w:bisphosphonucleoside	word	bisphosphonucleoside	1	367	2	21521	29.32016348773842	0.03381619215535824	AT5G64000	False	1.0		False		bisphosphonucleoside		SAL2
w:lysolipid	word	lysolipid	1	367	2	21521	29.32016348773842	0.03381619215535824	AT5G44240	False	1.0		False		lysolipid		ALA2
k:Proline metabolism	keyword	Proline metabolism	1	367	2	21521	29.32016348773842	0.03381619215535824	AT5G38710	False	1.0		False		Proline metabolism		POX2
w:pgip	word	pgip	1	367	2	21521	29.32016348773842	0.03381619215535824	AT5G06870	False	1.0		False		pgip		PGIP2
w:anionic	word	anionic	1	367	2	21521	29.32016348773842	0.03381619215535824	AT5G01220	False	1.0		False		anionic		SQD2
w:substitute	word	substitute	1	367	2	21521	29.32016348773842	0.03381619215535824	AT5G01220	False	1.0		False		substitute		SQD2
w:uridyltransferase	word	uridyltransferase	1	367	2	21521	29.32016348773842	0.03381619215535824	AT3G56040	False	1.0		False		uridyltransferase		UGP3
w:mgppi	word	mgppi	1	367	2	21521	29.32016348773842	0.03381619215535824	AT3G53620	False	1.0		False		mgppi		PPa4
w:oligoglucan	word	oligoglucan	1	367	2	21521	29.32016348773842	0.03381619215535824	AT3G46970	False	1.0		False		oligoglucan		PHS2
w:somehow	word	somehow	1	367	2	21521	29.32016348773842	0.03381619215535824	AT4G38740	False	1.0		False		somehow		ROC1
w:dephosphorylated	word	dephosphorylated	1	367	2	21521	29.32016348773842	0.03381619215535824	AT4G38740	False	1.0		False		dephosphorylated		ROC1
w:methylbut	word	methylbut	1	367	2	21521	29.32016348773842	0.03381619215535824	AT4G34350	False	1.0		False		methylbut		HDR
w:actcat	word	actcat	1	367	2	21521	29.32016348773842	0.03381619215535824	AT4G34590	False	1.0		False		actcat		GBF6
w:atmospheric	word	atmospheric	1	367	2	21521	29.32016348773842	0.03381619215535824	AT4G33950	False	1.0		False		atmospheric		OST1
w:hour	word	hour	1	367	2	21521	29.32016348773842	0.03381619215535824	AT4G33950	False	1.0		False		hour		OST1
w:nucleoredoxin	word	nucleoredoxin	1	367	2	21521	29.32016348773842	0.03381619215535824	AT4G31240	False	1.0		False		nucleoredoxin		AT4G31240
w:palindromic	word	palindromic	1	367	2	21521	29.32016348773842	0.03381619215535824	AT4G28610	False	1.0		False		palindromic		PHR1
w:glycol	word	glycol	1	367	2	21521	29.32016348773842	0.03381619215535824	AT4G19810	False	1.0		False		glycol		ChiC
w:rubidium	word	rubidium	1	367	2	21521	29.32016348773842	0.03381619215535824	AT4G13420	False	1.0		False		rubidium		HAK5
w:pfks	word	pfks	1	367	2	21521	29.32016348773842	0.03381619215535824	AT4G04040	False	1.0		False		pfks		MEE51
w:dpgm	word	dpgm	1	367	2	21521	29.32016348773842	0.03381619215535824	AT1G22170	False	1.0		False		dpgm		gpmA1
w:feh	word	feh	1	367	2	21521	29.32016348773842	0.03381619215535824	AT1G55120	False	1.0		False		feh		FRUCT5
w:fructan	word	fructan	1	367	2	21521	29.32016348773842	0.03381619215535824	AT1G55120	False	1.0		False		fructan		FRUCT5
w:phlein	word	phlein	1	367	2	21521	29.32016348773842	0.03381619215535824	AT1G55120	False	1.0		False		phlein		FRUCT5
w:exohydrolase	word	exohydrolase	1	367	2	21521	29.32016348773842	0.03381619215535824	AT1G55120	False	1.0		False		exohydrolase		FRUCT5
w:levanbiose	word	levanbiose	1	367	2	21521	29.32016348773842	0.03381619215535824	AT1G55120	False	1.0		False		levanbiose		FRUCT5
w:lipin	word	lipin	1	367	2	21521	29.32016348773842	0.03381619215535824	AT3G09560	False	1.0		False		lipin		PAH1
w:glycerolphosphoglycerol	word	glycerolphosphoglycerol	1	367	2	21521	29.32016348773842	0.03381619215535824	AT3G02040	False	1.0		False		glycerolphosphoglycerol		SRG3
w:glycerophosphoethanolamine	word	glycerophosphoethanolamine	1	367	2	21521	29.32016348773842	0.03381619215535824	AT3G02040	False	1.0		False		glycerophosphoethanolamine		SRG3
w:organophosphorus	word	organophosphorus	1	367	2	21521	29.32016348773842	0.03381619215535824	AT3G05630	False	1.0		False		organophosphorus		PLDP2
w:pxph	word	pxph	1	367	2	21521	29.32016348773842	0.03381619215535824	AT3G05630	False	1.0		False		pxph		PLDP2
w:eoplast	word	eoplast	1	367	2	21521	29.32016348773842	0.03381619215535824	AT3G10420	False	1.0		False		eoplast		SPD1
w:timely	word	timely	1	367	2	21521	29.32016348773842	0.03381619215535824	AT1G13300	False	1.0		False		timely		HRS1
w:deprived	word	deprived	1	367	2	21521	29.32016348773842	0.03381619215535824	AT1G13300	False	1.0		False		deprived		HRS1
w:hypersensitivity	word	hypersensitivity	1	367	2	21521	29.32016348773842	0.03381619215535824	AT1G13300	False	1.0		False		hypersensitivity		HRS1
w:amylose	word	amylose	1	367	2	21521	29.32016348773842	0.03381619215535824	AT1G32900	False	1.0		False		amylose		GBSS1
w:destroyed	word	destroyed	1	367	2	21521	29.32016348773842	0.03381619215535824	AT1G32900	False	1.0		False		destroyed		GBSS1
w:interpreted	word	interpreted	1	367	2	21521	29.32016348773842	0.03381619215535824	AT1G71695	False	1.0		False		interpreted		PER12
w:revoluta	word	revoluta	1	367	2	21521	29.32016348773842	0.03381619215535824	AT1G55580	False	1.0		False		revoluta		LAS
w:phosphorylcholine	word	phosphorylcholine	1	367	2	21521	29.32016348773842	0.03381619215535824	AT2G32260	False	1.0		False		phosphorylcholine		CCT1
w:deoxyglucose	word	deoxyglucose	1	367	2	21521	29.32016348773842	0.03381619215535824	AT2G38740	False	1.0		False		deoxyglucose		SGPP
w:rutin	word	rutin	1	367	2	21521	29.32016348773842	0.03381619215535824	AT2G44450	False	1.0		False		rutin		BGLU15
w:rhamnoside	word	rhamnoside	1	367	2	21521	29.32016348773842	0.03381619215535824	AT2G44450	False	1.0		False		rhamnoside		BGLU15
w:nla	word	nla	1	367	2	21521	29.32016348773842	0.03381619215535824	AT2G33770	False	1.0		False		nla		PHO2
w:transitive	word	transitive	1	367	3	21521	19.546775658492276	0.050294163133516305	AT5G20320	False	1.0		False		transitive		DCL4
w:lsirna	word	lsirna	1	367	3	21521	19.546775658492276	0.050294163133516305	AT5G20320	False	1.0		False		lsirna		DCL4
w:incipient	word	incipient	1	367	3	21521	19.546775658492276	0.050294163133516305	AT5G67440	False	1.0		False		incipient		NPY3
w:enp	word	enp	1	367	3	21521	19.546775658492276	0.050294163133516305	AT5G67440	False	1.0		False		enp		NPY3
w:papase	word	papase	1	367	3	21521	19.546775658492276	0.050294163133516305	AT5G64000	False	1.0		False		papase		SAL2
w:co‑transported	word	co-transported	1	367	3	21521	19.546775658492276	0.050294163133516305	AT5G51050	False	1.0		False		co-transported		APC2
w:uspa	word	uspa	1	367	3	21521	19.546775658492276	0.050294163133516305	AT5G47740	False	1.0		False		uspa		MCA23.6
w:flipping	word	flipping	1	367	3	21521	19.546775658492276	0.050294163133516305	AT5G44240	False	1.0		False		flipping		ALA2
w:peptidemethionine	word	peptidemethionine	1	367	3	21521	19.546775658492276	0.050294163133516305	AT5G07460	False	1.0		False		peptidemethionine		PMSR2
w:phytopathogenic	word	phytopathogenic	1	367	3	21521	19.546775658492276	0.050294163133516305	AT5G06870	False	1.0		False		phytopathogenic		PGIP2
w:requirement	word	requirement	1	367	3	21521	19.546775658492276	0.050294163133516305	AT5G01220	False	1.0		False		requirement		SQD2
w:cyclosporin	word	cyclosporin	1	367	3	21521	19.546775658492276	0.050294163133516305	AT4G38740	False	1.0		False		cyclosporin		ROC1
w:enyl	word	enyl	1	367	3	21521	19.546775658492276	0.050294163133516305	AT4G34350	False	1.0		False		enyl		HDR
w:avoiding	word	avoiding	1	367	3	21521	19.546775658492276	0.050294163133516305	AT4G33950	False	1.0		False		avoiding		OST1
w:racemic	word	racemic	1	367	3	21521	19.546775658492276	0.050294163133516305	AT4G33770	False	1.0		False		racemic		ITPK2
w:hemoglobin	word	hemoglobin	1	367	3	21521	19.546775658492276	0.050294163133516305	AT4G32690	False	1.0		False		hemoglobin		GLB3
w:monogalactosyl	word	monogalactosyl	1	367	3	21521	19.546775658492276	0.050294163133516305	AT4G31780	False	1.0		False		monogalactosyl		MGD1
w:mimics	word	mimics	1	367	3	21521	19.546775658492276	0.050294163133516305	AT4G28610	False	1.0		False		mimics		PHR1
w:yieh	word	yieh	1	367	3	21521	19.546775658492276	0.050294163133516305	AT4G21470	False	1.0		False		yieh		FMN/FHY
w:cbbz	word	cbbz	1	367	3	21521	19.546775658492276	0.050294163133516305	AT4G21470	False	1.0		False		cbbz		FMN/FHY
w:phosphothreonine	word	phosphothreonine	1	367	3	21521	19.546775658492276	0.050294163133516305	AT4G13700	False	1.0		False		phosphothreonine		PAP23
w:tgctgacgtca	word	tgctgacgtca	1	367	3	21521	19.546775658492276	0.050294163133516305	AT4G02640	False	1.0		False		tgctgacgtca		BZO2H1
w:ssp	word	ssp	1	367	3	21521	19.546775658492276	0.050294163133516305	AT4G02640	False	1.0		False		ssp		BZO2H1
w:shortage	word	shortage	1	367	3	21521	19.546775658492276	0.050294163133516305	AT4G00550	False	1.0		False		shortage		DGD2
w:neokestose	word	neokestose	1	367	3	21521	19.546775658492276	0.050294163133516305	AT1G55120	False	1.0		False		neokestose		FRUCT5
w:kestose	word	kestose	1	367	3	21521	19.546775658492276	0.050294163133516305	AT1G55120	False	1.0		False		kestose		FRUCT5
w:levan	word	levan	1	367	3	21521	19.546775658492276	0.050294163133516305	AT1G55120	False	1.0		False		levan		FRUCT5
w:sclerotiorum	word	sclerotiorum	1	367	3	21521	19.546775658492276	0.050294163133516305	AT3G12500	False	1.0		False		sclerotiorum		HCHIB
w:bulb	word	bulb	1	367	3	21521	19.546775658492276	0.050294163133516305	AT1G31480	False	1.0		False		bulb		SGR2
w:sedimentation	word	sedimentation	1	367	3	21521	19.546775658492276	0.050294163133516305	AT1G31480	False	1.0		False		sedimentation		SGR2
w:trifunctional	word	trifunctional	1	367	3	21521	19.546775658492276	0.050294163133516305	AT3G14790	False	1.0		False		trifunctional		RHM3
w:mrfs	word	mrfs	1	367	3	21521	19.546775658492276	0.050294163133516305	AT3G08720	False	1.0		False		mrfs		S6K2
w:glycerophosphocholine	word	glycerophosphocholine	1	367	3	21521	19.546775658492276	0.050294163133516305	AT3G02040	False	1.0		False		glycerophosphocholine		SRG3
w:degreening	word	degreening	1	367	3	21521	19.546775658492276	0.050294163133516305	AT3G10420	False	1.0		False		degreening		SPD1
w:redifferentiation	word	redifferentiation	1	367	3	21521	19.546775658492276	0.050294163133516305	AT3G10420	False	1.0		False		redifferentiation		SPD1
w:psah	word	psah	1	367	3	21521	19.546775658492276	0.050294163133516305	AT3G11670	False	1.0		False		psah		DGD1
w:psal	word	psal	1	367	3	21521	19.546775658492276	0.050294163133516305	AT3G11670	False	1.0		False		psal		DGD1
w:cpxpg	word	cpxpg	1	367	3	21521	19.546775658492276	0.050294163133516305	AT1G69770	False	1.0		False		cpxpg		CMT3
w:regenerate	word	regenerate	1	367	3	21521	19.546775658492276	0.050294163133516305	AT1G76080	False	1.0		False		regenerate		CDSP32
w:phosphoheptulonate	word	phosphoheptulonate	1	367	3	21521	19.546775658492276	0.050294163133516305	AT1G22410	False	1.0		False		phosphoheptulonate		AT1G22410
w:deoxyheptonate	word	deoxyheptonate	1	367	3	21521	19.546775658492276	0.050294163133516305	AT1G22410	False	1.0		False		deoxyheptonate		AT1G22410
w:detected	word	detected	1	367	3	21521	19.546775658492276	0.050294163133516305	AT1G65840	False	1.0		False		detected		PAO4
w:lipooxygenase	word	lipooxygenase	1	367	3	21521	19.546775658492276	0.050294163133516305	AT2G22170	False	1.0		False		lipooxygenase		PLAT2
w:fruitfull	word	fruitfull	1	367	3	21521	19.546775658492276	0.050294163133516305	AT1G65480	False	1.0		False		fruitfull		FT
w:pga	word	pga	1	367	3	21521	19.546775658492276	0.050294163133516305	AT1G09780	False	1.0		False		pga		iPGAM1
w:allo	word	allo	1	367	3	21521	19.546775658492276	0.050294163133516305	AT1G08630	False	1.0		False		allo		THA1
w:bsu	word	bsu	1	367	3	21521	19.546775658492276	0.050294163133516305	AT1G03445	False	1.0		False		bsu		BSU1
w:psbb	word	psbb	1	367	3	21521	19.546775658492276	0.050294163133516305	AT1G55480	False	1.0		False		psbb		ZKT
w:psbc	word	psbc	1	367	3	21521	19.546775658492276	0.050294163133516305	AT1G55480	False	1.0		False		psbc		ZKT
p:hemolysin iii	phrase	hemolysin iii	1	367	3	21521	19.546775658492276	0.050294163133516305	AT2G40710	False	1.0		False		hemolysin iii		AT2G40710
w:hydroxyabscisic	word	hydroxyabscisic	1	367	3	21521	19.546775658492276	0.050294163133516305	AT2G29090	False	1.0		False		hydroxyabscisic		CYP707A2
w:phaseic	word	phaseic	1	367	3	21521	19.546775658492276	0.050294163133516305	AT2G29090	False	1.0		False		phaseic		CYP707A2
w:derive	word	derive	1	367	4	21521	14.66008174386921	0.06649186004447455	AT5G20320	False	1.0		False		derive		DCL4
p:naked pins	phrase	naked pins	1	367	4	21521	14.66008174386921	0.06649186004447455	AT5G67440	False	1.0		False		naked pins		NPY3
p:pins phosphorylation	phrase	pins phosphorylation	1	367	4	21521	14.66008174386921	0.06649186004447455	AT5G67440	False	1.0		False		pins phosphorylation		NPY3
p:yuc mutant	phrase	yuc mutant	1	367	4	21521	14.66008174386921	0.06649186004447455	AT5G67440	False	1.0		False		yuc mutant		NPY3
w:naked	word	naked	1	367	4	21521	14.66008174386921	0.06649186004447455	AT5G67440	False	1.0		False		naked		NPY3
w:ippase	word	ippase	1	367	4	21521	14.66008174386921	0.06649186004447455	AT5G64000	False	1.0		False		ippase		SAL2
w:flanking	word	flanking	1	367	4	21521	14.66008174386921	0.06649186004447455	AT5G62430	False	1.0		False		flanking		CDF1
p:red elongated	phrase	red elongated	1	367	4	21521	14.66008174386921	0.06649186004447455	AT5G02200	False	1.0		False		red elongated		FHL
w:allosteric	word	allosteric	1	367	4	21521	14.66008174386921	0.06649186004447455	AT3G46970	False	1.0		False		allosteric		PHS2
w:differ	word	differ	1	367	4	21521	14.66008174386921	0.06649186004447455	AT3G46970	False	1.0		False		differ		PHS2
w:virulence	word	virulence	1	367	4	21521	14.66008174386921	0.06649186004447455	AT4G38740	False	1.0		False		virulence		ROC1
w:cyp	word	cyp	1	367	4	21521	14.66008174386921	0.06649186004447455	AT4G38740	False	1.0		False		cyp		ROC1
w:paqr	word	paqr	1	367	4	21521	14.66008174386921	0.06649186004447455	AT4G38320	False	1.0		False		paqr		HHP5
w:actively	word	actively	1	367	4	21521	14.66008174386921	0.06649186004447455	AT4G33950	False	1.0		False		actively		OST1
p:phosphorylate ins	phrase	phosphorylate ins	1	367	4	21521	14.66008174386921	0.06649186004447455	AT4G33770	False	1.0		False		phosphorylate ins		ITPK2
w:atitpk	word	atitpk	1	367	4	21521	14.66008174386921	0.06649186004447455	AT4G33770	False	1.0		False		atitpk		ITPK2
w:cbby	word	cbby	1	367	4	21521	14.66008174386921	0.06649186004447455	AT4G21470	False	1.0		False		cbby		FMN/FHY
w:allantoate	word	allantoate	1	367	4	21521	14.66008174386921	0.06649186004447455	AT4G04955	False	1.0		False		allantoate		ALN
w:uglyah	word	uglyah	1	367	4	21521	14.66008174386921	0.06649186004447455	AT4G04955	False	1.0		False		uglyah		ALN
w:uah	word	uah	1	367	4	21521	14.66008174386921	0.06649186004447455	AT4G04955	False	1.0		False		uah		ALN
w:atpfa	word	atpfa	1	367	4	21521	14.66008174386921	0.06649186004447455	AT4G03960	False	1.0		False		atpfa		PFA-DSP4
p:fungi atypical	phrase	fungi atypical	1	367	4	21521	14.66008174386921	0.06649186004447455	AT4G03960	False	1.0		False		fungi atypical		PFA-DSP4
p:pentakisphosphate diphosphatase	phrase	pentakisphosphate diphosphatase	1	367	4	21521	14.66008174386921	0.06649186004447455	AT4G03960	False	1.0		False		pentakisphosphate diphosphatase		PFA-DSP4
w:bisdiphosphate	word	bisdiphosphate	1	367	4	21521	14.66008174386921	0.06649186004447455	AT4G03960	False	1.0		False		bisdiphosphate		PFA-DSP4
p:inositol diphosphatase	phrase	inositol diphosphatase	1	367	4	21521	14.66008174386921	0.06649186004447455	AT4G03960	False	1.0		False		inositol diphosphatase		PFA-DSP4
p:atypical dual	phrase	atypical dual	1	367	4	21521	14.66008174386921	0.06649186004447455	AT4G03960	False	1.0		False		atypical dual		PFA-DSP4
w:pfp	word	pfp	1	367	4	21521	14.66008174386921	0.06649186004447455	AT4G04040	False	1.0		False		pfp		MEE51
w:phosphofructose	word	phosphofructose	1	367	4	21521	14.66008174386921	0.06649186004447455	AT4G04040	False	1.0		False		phosphofructose		MEE51
w:render	word	render	1	367	4	21521	14.66008174386921	0.06649186004447455	AT4G04040	False	1.0		False		render		MEE51
w:opaque	word	opaque	1	367	4	21521	14.66008174386921	0.06649186004447455	AT4G02640	False	1.0		False		opaque		BZO2H1
w:ccacgtggcc	word	ccacgtggcc	1	367	4	21521	14.66008174386921	0.06649186004447455	AT4G02640	False	1.0		False		ccacgtggcc		BZO2H1
w:sumoylated	word	sumoylated	1	367	4	21521	14.66008174386921	0.06649186004447455	AT1G22070	False	1.0		False		sumoylated		TGA3
w:dehydrorhamnose	word	dehydrorhamnose	1	367	4	21521	14.66008174386921	0.06649186004447455	AT3G14790	False	1.0		False		dehydrorhamnose		RHM3
p:cytidine monophosphate	phrase	cytidine monophosphate	1	367	4	21521	14.66008174386921	0.06649186004447455	AT3G27190	False	1.0		False		cytidine monophosphate		UKL2
w:atsat	word	atsat	1	367	4	21521	14.66008174386921	0.06649186004447455	AT3G13110	False	1.0		False		atsat		SERAT2;2
w:pepc	word	pepc	1	367	4	21521	14.66008174386921	0.06649186004447455	AT3G14940	False	1.0		False		pepc		PPC3
w:pepcase	word	pepcase	1	367	4	21521	14.66008174386921	0.06649186004447455	AT3G14940	False	1.0		False		pepcase		PPC3
w:trans‑feruloyl	word	trans-feruloyl	1	367	4	21521	14.66008174386921	0.06649186004447455	AT3G21230	False	1.0		False		trans-feruloyl		4CL5
w:isoflavonoid	word	isoflavonoid	1	367	4	21521	14.66008174386921	0.06649186004447455	AT3G21230	False	1.0		False		isoflavonoid		4CL5
w:nicotinamidase	word	nicotinamidase	1	367	4	21521	14.66008174386921	0.06649186004447455	AT3G16190	False	1.0		False		nicotinamidase		AT3G16190
w:isochorismatase	word	isochorismatase	1	367	4	21521	14.66008174386921	0.06649186004447455	AT3G16190	False	1.0		False		isochorismatase		AT3G16190
w:fru	word	fru	1	367	4	21521	14.66008174386921	0.06649186004447455	AT3G02870	False	1.0		False		fru		VTC4
w:psab	word	psab	1	367	4	21521	14.66008174386921	0.06649186004447455	AT3G11670	False	1.0		False		psab		DGD1
w:gdh	word	gdh	1	367	4	21521	14.66008174386921	0.06649186004447455	AT3G03910	False	1.0		False		gdh		GDH3
p:maintain non‑cpg	phrase	maintain non-cpg	1	367	4	21521	14.66008174386921	0.06649186004447455	AT1G69770	False	1.0		False		maintain non-cpg		CMT3
w:chromomethylase	word	chromomethylase	1	367	4	21521	14.66008174386921	0.06649186004447455	AT1G69770	False	1.0		False		chromomethylase		CMT3
w:etch	word	etch	1	367	4	21521	14.66008174386921	0.06649186004447455	AT1G05760	False	1.0		False		etch		RTM1
w:tev	word	tev	1	367	4	21521	14.66008174386921	0.06649186004447455	AT1G05760	False	1.0		False		tev		RTM1
w:interferon	word	interferon	1	367	4	21521	14.66008174386921	0.06649186004447455	AT1G27760	False	1.0		False		interferon		SAT32
w:vpe	word	vpe	1	367	4	21521	14.66008174386921	0.06649186004447455	AT1G62710	False	1.0		False		vpe		BETA-VPE
p:synthesiz nicotianamine	phrase	synthesiz nicotianamine	1	367	4	21521	14.66008174386921	0.06649186004447455	AT1G09240	False	1.0		False		synthesiz nicotianamine		NAS3
w:pdz	word	pdz	1	367	4	21521	14.66008174386921	0.06649186004447455	AT1G55480	False	1.0		False		pdz		ZKT
w:trap	word	trap	1	367	4	21521	14.66008174386921	0.06649186004447455	AT2G16595	False	1.0		False		trap		AT2G16595
w:resident	word	resident	1	367	4	21521	14.66008174386921	0.06649186004447455	AT2G16595	False	1.0		False		resident		AT2G16595
w:hemolysin	word	hemolysin	1	367	4	21521	14.66008174386921	0.06649186004447455	AT2G40710	False	1.0		False		hemolysin		AT2G40710
w:dsif	word	dsif	1	367	4	21521	14.66008174386921	0.06649186004447455	AT2G34210	False	1.0		False		dsif		AT2G34210
w:mono‑unsaturated	word	mono-unsaturated	1	367	4	21521	14.66008174386921	0.06649186004447455	AT2G26640	False	1.0		False		mono-unsaturated		KCS11
w:dsrnas	word	dsrnas	1	367	5	21521	11.728065395095367	0.08241403727009511	AT5G20320	False	1.0		False		dsrnas		DCL4
p:viral sirnas	phrase	viral sirnas	1	367	5	21521	11.728065395095367	0.08241403727009511	AT5G20320	False	1.0		False		viral sirnas		DCL4
w:pad	word	pad	1	367	5	21521	11.728065395095367	0.08241403727009511	AT5G16230	False	1.0		False		pad		S-ACP-DES3
w:provascular	word	provascular	1	367	5	21521	11.728065395095367	0.08241403727009511	AT5G67440	False	1.0		False		provascular		NPY3
p:cyclic dof	phrase	cyclic dof	1	367	5	21521	11.728065395095367	0.08241403727009511	AT5G62430	False	1.0		False		cyclic dof		CDF1
w:morning	word	morning	1	367	5	21521	11.728065395095367	0.08241403727009511	AT5G62430	False	1.0		False		morning		CDF1
w:xenobiotics	word	xenobiotics	1	367	5	21521	11.728065395095367	0.08241403727009511	AT5G61510	False	1.0		False		xenobiotics		AT5G61510
w:pao	word	pao	1	367	5	21521	11.728065395095367	0.08241403727009511	AT5G61430	False	1.0		False		pao		NAC100
w:chi	word	chi	1	367	5	21521	11.728065395095367	0.08241403727009511	AT5G49330	False	1.0		False		chi		MYB111
w:alis	word	alis	1	367	5	21521	11.728065395095367	0.08241403727009511	AT5G44240	False	1.0		False		alis		ALA2
w:heart	word	heart	1	367	5	21521	11.728065395095367	0.08241403727009511	AT5G07500	False	1.0		False		heart		PEI1
w:msra	word	msra	1	367	5	21521	11.728065395095367	0.08241403727009511	AT5G07460	False	1.0		False		msra		PMSR2
p:msra met	phrase	msra met	1	367	5	21521	11.728065395095367	0.08241403727009511	AT5G07460	False	1.0		False		msra met		PMSR2
w:sos	word	sos	1	367	5	21521	11.728065395095367	0.08241403727009511	AT5G01810	False	1.0		False		sos		CIPK15
w:udpgp	word	udpgp	1	367	5	21521	11.728065395095367	0.08241403727009511	AT3G56040	False	1.0		False		udpgp		UGP3
w:phosphogluconolactonase	word	phosphogluconolactonase	1	367	5	21521	11.728065395095367	0.08241403727009511	AT3G49360	False	1.0		False		phosphogluconolactonase		PGL2
p:glucosamine galactosamine	phrase	glucosamine galactosamine	1	367	5	21521	11.728065395095367	0.08241403727009511	AT3G49360	False	1.0		False		glucosamine galactosamine		PGL2
w:phosphogluconolactone	word	phosphogluconolactone	1	367	5	21521	11.728065395095367	0.08241403727009511	AT3G49360	False	1.0		False		phosphogluconolactone		PGL2
w:opa	word	opa	1	367	5	21521	11.728065395095367	0.08241403727009511	AT3G47420	False	1.0		False		opa		G3Pp1
p:condense chromosome	phrase	condense chromosome	1	367	5	21521	11.728065395095367	0.08241403727009511	AT3G47460	False	1.0		False		condense chromosome		ATSMC2
p:convert nicked	phrase	convert nicked	1	367	5	21521	11.728065395095367	0.08241403727009511	AT3G47460	False	1.0		False		convert nicked		ATSMC2
w:relaxed	word	relaxed	1	367	5	21521	11.728065395095367	0.08241403727009511	AT3G47460	False	1.0		False		relaxed		ATSMC2
w:share	word	share	1	367	5	21521	11.728065395095367	0.08241403727009511	AT3G46970	False	1.0		False		share		PHS2
w:heptahelical	word	heptahelical	1	367	5	21521	11.728065395095367	0.08241403727009511	AT4G38320	False	1.0		False		heptahelical		HHP5
p:phosphoglyceride transfer	phrase	phosphoglyceride transfer	1	367	5	21521	11.728065395095367	0.08241403727009511	AT4G35750	False	1.0		False		phosphoglyceride transfer		AT4G35750
w:butenyl	word	butenyl	1	367	5	21521	11.728065395095367	0.08241403727009511	AT4G34350	False	1.0		False		butenyl		HDR
w:importance	word	importance	1	367	5	21521	11.728065395095367	0.08241403727009511	AT4G33770	False	1.0		False		importance		ITPK2
p:inositol tetrakisphosphate	phrase	inositol tetrakisphosphate	1	367	5	21521	11.728065395095367	0.08241403727009511	AT4G33770	False	1.0		False		inositol tetrakisphosphate		ITPK2
p:young seedling	phrase	young seedling	1	367	5	21521	11.728065395095367	0.08241403727009511	AT4G31780	False	1.0		False		young seedling		MGD1
w:discriminate	word	discriminate	1	367	5	21521	11.728065395095367	0.08241403727009511	AT4G31780	False	1.0		False		discriminate		MGD1
p:reductase trans‑splicing	phrase	reductase trans-splicing	1	367	5	21521	11.728065395095367	0.08241403727009511	AT4G18530	False	1.0		False		reductase trans-splicing		AT4G18530
w:datp	word	datp	1	367	5	21521	11.728065395095367	0.08241403727009511	AT4G13700	False	1.0		False		datp		PAP23
w:phytate	word	phytate	1	367	5	21521	11.728065395095367	0.08241403727009511	AT4G13700	False	1.0		False		phytate		PAP23
w:cesium	word	cesium	1	367	5	21521	11.728065395095367	0.08241403727009511	AT4G13420	False	1.0		False		cesium		HAK5
w:photoassimilate	word	photoassimilate	1	367	5	21521	11.728065395095367	0.08241403727009511	AT4G10120	False	1.0		False		photoassimilate		ATSPS4F
p:work simultaneously	phrase	work simultaneously	1	367	5	21521	11.728065395095367	0.08241403727009511	AT4G07960	False	1.0		False		work simultaneously		CSLC12
p:backbone substituted	phrase	backbone substituted	1	367	5	21521	11.728065395095367	0.08241403727009511	AT4G07960	False	1.0		False		backbone substituted		CSLC12
p:xyloglucan backbone	phrase	xyloglucan backbone	1	367	5	21521	11.728065395095367	0.08241403727009511	AT4G07960	False	1.0		False		xyloglucan backbone		CSLC12
w:aah	word	aah	1	367	5	21521	11.728065395095367	0.08241403727009511	AT4G04955	False	1.0		False		aah		ALN
p:bis diphosphoinositol	phrase	bis diphosphoinositol	1	367	5	21521	11.728065395095367	0.08241403727009511	AT4G03960	False	1.0		False		bis diphosphoinositol		PFA-DSP4
p:phosphoryl donor	phrase	phosphoryl donor	1	367	5	21521	11.728065395095367	0.08241403727009511	AT4G04040	False	1.0		False		phosphoryl donor		MEE51
w:acgt	word	acgt	1	367	5	21521	11.728065395095367	0.08241403727009511	AT4G02640	False	1.0		False		acgt		BZO2H1
w:tgacgtgg	word	tgacgtgg	1	367	5	21521	11.728065395095367	0.08241403727009511	AT1G22070	False	1.0		False		tgacgtgg		TGA3
w:biliverdin	word	biliverdin	1	367	5	21521	11.728065395095367	0.08241403727009511	AT1G58300	False	1.0		False		biliverdin		HO4
w:yippee	word	yippee	1	367	5	21521	11.728065395095367	0.08241403727009511	AT3G11230	False	1.0		False		yippee		AT3G11230
w:dtdp	word	dtdp	1	367	5	21521	11.728065395095367	0.08241403727009511	AT3G14790	False	1.0		False		dtdp		RHM3
k:Ammonia transport	keyword	Ammonia transport	1	367	5	21521	11.728065395095367	0.08241403727009511	AT3G24290	False	1.0		False		Ammonia transport		AMT1;5
p:ammonium channel	phrase	ammonium channel	1	367	5	21521	11.728065395095367	0.08241403727009511	AT3G24290	False	1.0		False		ammonium channel		AMT1;5
p:ctp salvage	phrase	ctp salvage	1	367	5	21521	11.728065395095367	0.08241403727009511	AT3G27190	False	1.0		False		ctp salvage		UKL2
p:carbon fixation	phrase	carbon fixation	1	367	5	21521	11.728065395095367	0.08241403727009511	AT3G14940	False	1.0		False		carbon fixation		PPC3
p:caffeate coa	phrase	caffeate coa	1	367	5	21521	11.728065395095367	0.08241403727009511	AT3G21230	False	1.0		False		caffeate coa		4CL5
w:vanadium	word	vanadium	1	367	5	21521	11.728065395095367	0.08241403727009511	AT1G67600	False	1.0		False		vanadium		AT1G67600
p:phosphatase vanadium	phrase	phosphatase vanadium	1	367	5	21521	11.728065395095367	0.08241403727009511	AT1G67600	False	1.0		False		phosphatase vanadium		AT1G67600
w:haloperoxidase	word	haloperoxidase	1	367	5	21521	11.728065395095367	0.08241403727009511	AT1G67600	False	1.0		False		haloperoxidase		AT1G67600
w:chg	word	chg	1	367	5	21521	11.728065395095367	0.08241403727009511	AT1G69770	False	1.0		False		chg		CMT3
p:non‑cpg methylation	phrase	non-cpg methylation	1	367	5	21521	11.728065395095367	0.08241403727009511	AT1G69770	False	1.0		False		non-cpg methylation		CMT3
p:dahp synthase	phrase	dahp synthase	1	367	5	21521	11.728065395095367	0.08241403727009511	AT1G22410	False	1.0		False		dahp synthase		AT1G22410
w:dahp	word	dahp	1	367	5	21521	11.728065395095367	0.08241403727009511	AT1G22410	False	1.0		False		dahp		AT1G22410
w:acetylspermine	word	acetylspermine	1	367	5	21521	11.728065395095367	0.08241403727009511	AT1G65840	False	1.0		False		acetylspermine		PAO4
p:spermine oxidase	phrase	spermine oxidase	1	367	5	21521	11.728065395095367	0.08241403727009511	AT1G65840	False	1.0		False		spermine oxidase		PAO4
w:flavoenzyme	word	flavoenzyme	1	367	5	21521	11.728065395095367	0.08241403727009511	AT1G65840	False	1.0		False		flavoenzyme		PAO4
p:polyamine back	phrase	polyamine back	1	367	5	21521	11.728065395095367	0.08241403727009511	AT1G65840	False	1.0		False		polyamine back		PAO4
p:back conversion	phrase	back conversion	1	367	5	21521	11.728065395095367	0.08241403727009511	AT1G65840	False	1.0		False		back conversion		PAO4
w:culture	word	culture	1	367	5	21521	11.728065395095367	0.08241403727009511	AT2G04160	False	1.0		False		culture		AIR3
w:brs	word	brs	1	367	5	21521	11.728065395095367	0.08241403727009511	AT1G03445	False	1.0		False		brs		BSU1
p:become limiting	phrase	become limiting	1	367	5	21521	11.728065395095367	0.08241403727009511	AT2G02990	False	1.0		False		become limiting		RNS1
w:senesce	word	senesce	1	367	5	21521	11.728065395095367	0.08241403727009511	AT2G02990	False	1.0		False		senesce		RNS1
w:remobilize	word	remobilize	1	367	5	21521	11.728065395095367	0.08241403727009511	AT2G02990	False	1.0		False		remobilize		RNS1
p:remobilize phosphate	phrase	remobilize phosphate	1	367	5	21521	11.728065395095367	0.08241403727009511	AT2G02990	False	1.0		False		remobilize phosphate		RNS1
w:lin	word	lin	1	367	6	21521	9.773387829246138	0.0980653687593066	AT4G14770	False	1.0		False		lin		TCX2
p:create proton	phrase	create proton	1	367	6	21521	9.773387829246138	0.0980653687593066	AT5G09470	False	1.0		False		create proton		DIC3
p:mitochondrial uncoupling	phrase	mitochondrial uncoupling	1	367	6	21521	9.773387829246138	0.0980653687593066	AT5G09470	False	1.0		False		mitochondrial uncoupling		DIC3
p:proton leak	phrase	proton leak	1	367	6	21521	9.773387829246138	0.0980653687593066	AT5G09470	False	1.0		False		proton leak		DIC3
w:uncoupling	word	uncoupling	1	367	6	21521	9.773387829246138	0.0980653687593066	AT5G09470	False	1.0		False		uncoupling		DIC3
p:uncoupling oxidative	phrase	uncoupling oxidative	1	367	6	21521	9.773387829246138	0.0980653687593066	AT5G09470	False	1.0		False		uncoupling oxidative		DIC3
w:leak	word	leak	1	367	6	21521	9.773387829246138	0.0980653687593066	AT5G09470	False	1.0		False		leak		DIC3
p:secondary sirnas	phrase	secondary sirnas	1	367	6	21521	9.773387829246138	0.0980653687593066	AT5G20320	False	1.0		False		secondary sirnas		DCL4
w:carboxyesterase	word	carboxyesterase	1	367	6	21521	9.773387829246138	0.0980653687593066	AT5G16080	False	1.0		False		carboxyesterase		CXE17
w:pins	word	pins	1	367	6	21521	9.773387829246138	0.0980653687593066	AT5G67440	False	1.0		False		pins		NPY3
w:dpnpase	word	dpnpase	1	367	6	21521	9.773387829246138	0.0980653687593066	AT5G64000	False	1.0		False		dpnpase		SAL2
p:bisphosphate nucleotidase	phrase	bisphosphate nucleotidase	1	367	6	21521	9.773387829246138	0.0980653687593066	AT5G64000	False	1.0		False		bisphosphate nucleotidase		SAL2
w:unrelated	word	unrelated	1	367	6	21521	9.773387829246138	0.0980653687593066	AT5G61510	False	1.0		False		unrelated		AT5G61510
w:beside	word	beside	1	367	6	21521	9.773387829246138	0.0980653687593066	AT5G61510	False	1.0		False		beside		AT5G61510
w:mea	word	mea	1	367	6	21521	9.773387829246138	0.0980653687593066	AT5G49160	False	1.0		False		mea		MET1
w:zfn	word	zfn	1	367	6	21521	9.773387829246138	0.0980653687593066	AT5G18550	False	1.0		False		zfn		AT5G18550
p:polygalacturonase inhibiting	phrase	polygalacturonase inhibiting	1	367	6	21521	9.773387829246138	0.0980653687593066	AT5G06870	False	1.0		False		polygalacturonase inhibiting		PGIP2
w:nitrophenylphosphate	word	nitrophenylphosphate	1	367	6	21521	9.773387829246138	0.0980653687593066	AT3G53620	False	1.0		False		nitrophenylphosphate		PPa4
w:phosphoglyceride	word	phosphoglyceride	1	367	6	21521	9.773387829246138	0.0980653687593066	AT4G35750	False	1.0		False		phosphoglyceride		AT4G35750
p:plastid non‑mevalonate	phrase	plastid non-mevalonate	1	367	6	21521	9.773387829246138	0.0980653687593066	AT4G34350	False	1.0		False		plastid non-mevalonate		HDR
w:non‑mevalonate	word	non-mevalonate	1	367	6	21521	9.773387829246138	0.0980653687593066	AT4G34350	False	1.0		False		non-mevalonate		HDR
w:lps	word	lps	1	367	6	21521	9.773387829246138	0.0980653687593066	AT4G33950	False	1.0		False		lps		OST1
w:truncated	word	truncated	1	367	6	21521	9.773387829246138	0.0980653687593066	AT4G32690	False	1.0		False		truncated		GLB3
w:explant	word	explant	1	367	6	21521	9.773387829246138	0.0980653687593066	AT4G32690	False	1.0		False		explant		GLB3
w:cyclopropane	word	cyclopropane	1	367	6	21521	9.773387829246138	0.0980653687593066	AT4G26200	False	1.0		False		cyclopropane		ACS7
w:oligomer	word	oligomer	1	367	6	21521	9.773387829246138	0.0980653687593066	AT4G19810	False	1.0		False		oligomer		ChiC
p:ketoglutarate reductase	phrase	ketoglutarate reductase	1	367	6	21521	9.773387829246138	0.0980653687593066	AT4G18530	False	1.0		False		ketoglutarate reductase		AT4G18530
p:lysine ketoglutarate	phrase	lysine ketoglutarate	1	367	6	21521	9.773387829246138	0.0980653687593066	AT4G18530	False	1.0		False		lysine ketoglutarate		AT4G18530
p:carbon partitioning	phrase	carbon partitioning	1	367	6	21521	9.773387829246138	0.0980653687593066	AT4G10120	False	1.0		False		carbon partitioning		ATSPS4F
w:simultaneously	word	simultaneously	1	367	6	21521	9.773387829246138	0.0980653687593066	AT4G07960	False	1.0		False		simultaneously		CSLC12
k:Purine metabolism	keyword	Purine metabolism	1	367	6	21521	9.773387829246138	0.0980653687593066	AT4G04955	False	1.0		False		Purine metabolism		ALN
k:Gluconeogenesis	keyword	Gluconeogenesis	1	367	6	21521	9.773387829246138	0.0980653687593066	AT1G22170	False	1.0		False		Gluconeogenesis		gpmA1
w:monoxide	word	monoxide	1	367	6	21521	9.773387829246138	0.0980653687593066	AT1G58300	False	1.0		False		monoxide		HO4
w:decyclizing	word	decyclizing	1	367	6	21521	9.773387829246138	0.0980653687593066	AT1G58300	False	1.0		False		decyclizing		HO4
p:carbon monoxide	phrase	carbon monoxide	1	367	6	21521	9.773387829246138	0.0980653687593066	AT1G58300	False	1.0		False		carbon monoxide		HO4
p:beta fructosidase	phrase	beta fructosidase	1	367	6	21521	9.773387829246138	0.0980653687593066	AT1G55120	False	1.0		False		beta fructosidase		FRUCT5
p:insoluble isoenzyme	phrase	insoluble isoenzyme	1	367	6	21521	9.773387829246138	0.0980653687593066	AT1G55120	False	1.0		False		insoluble isoenzyme		FRUCT5
w:statolith	word	statolith	1	367	6	21521	9.773387829246138	0.0980653687593066	AT1G31480	False	1.0		False		statolith		SGR2
p:novo pyrimidine	phrase	novo pyrimidine	1	367	6	21521	9.773387829246138	0.0980653687593066	AT3G27190	False	1.0		False		novo pyrimidine		UKL2
p:ump salvage	phrase	ump salvage	1	367	6	21521	9.773387829246138	0.0980653687593066	AT3G27190	False	1.0		False		ump salvage		UKL2
p:uridine monophosphate	phrase	uridine monophosphate	1	367	6	21521	9.773387829246138	0.0980653687593066	AT3G27190	False	1.0		False		uridine monophosphate		UKL2
p:pyrimidine salvage	phrase	pyrimidine salvage	1	367	6	21521	9.773387829246138	0.0980653687593066	AT3G27190	False	1.0		False		pyrimidine salvage		UKL2
w:uprtase	word	uprtase	1	367	6	21521	9.773387829246138	0.0980653687593066	AT3G27190	False	1.0		False		uprtase		UKL2
p:uracil phosphoribosyltransferase	phrase	uracil phosphoribosyltransferase	1	367	6	21521	9.773387829246138	0.0980653687593066	AT3G27190	False	1.0		False		uracil phosphoribosyltransferase		UKL2
w:fixation	word	fixation	1	367	6	21521	9.773387829246138	0.0980653687593066	AT3G14940	False	1.0		False		fixation		PPC3
w:six	word	six	1	367	6	21521	9.773387829246138	0.0980653687593066	AT3G02870	False	1.0		False		six		VTC4
w:alba	word	alba	1	367	6	21521	9.773387829246138	0.0980653687593066	AT3G04620	False	1.0		False		alba		DAN1
w:psac	word	psac	1	367	6	21521	9.773387829246138	0.0980653687593066	AT3G11670	False	1.0		False		psac		DGD1
w:psaa	word	psaa	1	367	6	21521	9.773387829246138	0.0980653687593066	AT3G11670	False	1.0		False		psaa		DGD1
w:rhamnosyltransferase	word	rhamnosyltransferase	1	367	6	21521	9.773387829246138	0.0980653687593066	AT3G02250	False	1.0		False		rhamnosyltransferase		RRT2
w:scorpion	word	scorpion	1	367	6	21521	9.773387829246138	0.0980653687593066	AT2G43535	False	1.0		False		scorpion		ATTI4
w:rti	word	rti	1	367	6	21521	9.773387829246138	0.0980653687593066	AT2G43535	False	1.0		False		rti		ATTI4
p:rti mti	phrase	rti mti	1	367	6	21521	9.773387829246138	0.0980653687593066	AT2G43535	False	1.0		False		rti mti		ATTI4
w:knottin	word	knottin	1	367	6	21521	9.773387829246138	0.0980653687593066	AT2G43535	False	1.0		False		knottin		ATTI4
p:inhibitor atti	phrase	inhibitor atti	1	367	6	21521	9.773387829246138	0.0980653687593066	AT2G43535	False	1.0		False		inhibitor atti		ATTI4
p:scorpion toxin	phrase	scorpion toxin	1	367	6	21521	9.773387829246138	0.0980653687593066	AT2G43535	False	1.0		False		scorpion toxin		ATTI4
w:atti	word	atti	1	367	6	21521	9.773387829246138	0.0980653687593066	AT2G43535	False	1.0		False		atti		ATTI4
w:mti	word	mti	1	367	6	21521	9.773387829246138	0.0980653687593066	AT2G43535	False	1.0		False		mti		ATTI4
p:aminoacid aminotransferase	phrase	aminoacid aminotransferase	1	367	6	21521	9.773387829246138	0.0980653687593066	AT1G50110	False	1.0		False		aminoacid aminotransferase		BCAT6
w:aminoacid	word	aminoacid	1	367	6	21521	9.773387829246138	0.0980653687593066	AT1G50110	False	1.0		False		aminoacid		BCAT6
w:sim	word	sim	1	367	6	21521	9.773387829246138	0.0980653687593066	AT1G08180	False	1.0		False		sim		SMR2
w:emergence	word	emergence	1	367	6	21521	9.773387829246138	0.0980653687593066	AT2G04160	False	1.0		False		emergence		AIR3
w:plat	word	plat	1	367	6	21521	9.773387829246138	0.0980653687593066	AT2G22170	False	1.0		False		plat		PLAT2
w:carboxypropyltransferase	word	carboxypropyltransferase	1	367	6	21521	9.773387829246138	0.0980653687593066	AT1G09240	False	1.0		False		carboxypropyltransferase		NAS3
w:pebp	word	pebp	1	367	6	21521	9.773387829246138	0.0980653687593066	AT1G65480	False	1.0		False		pebp		FT
p:alpha crystallin	phrase	alpha crystallin	1	367	6	21521	9.773387829246138	0.0980653687593066	AT2G03020	False	1.0		False		alpha crystallin		AT2G03020
p:transcriptional pausing	phrase	transcriptional pausing	1	367	6	21521	9.773387829246138	0.0980653687593066	AT2G34210	False	1.0		False		transcriptional pausing		AT2G34210
w:tesmin	word	tesmin	1	367	7	21521	8.377189567925264	0.11345044938516462	AT4G14770	False	1.0		False		tesmin		TCX2
w:cxc	word	cxc	1	367	7	21521	8.377189567925264	0.11345044938516462	AT4G14770	False	1.0		False		cxc		TCX2
w:rfos	word	rfos	1	367	7	21521	8.377189567925264	0.11345044938516462	AT1G56600	False	1.0		False		rfos		GolS2
w:recombinant	word	recombinant	1	367	7	21521	8.377189567925264	0.11345044938516462	AT5G09470	False	1.0		False		recombinant		DIC3
w:amplify	word	amplify	1	367	7	21521	8.377189567925264	0.11345044938516462	AT5G20320	False	1.0		False		amplify		DCL4
w:dicer	word	dicer	1	367	7	21521	8.377189567925264	0.11345044938516462	AT5G20320	False	1.0		False		dicer		DCL4
p:monounsaturated fatty	phrase	monounsaturated fatty	1	367	7	21521	8.377189567925264	0.11345044938516462	AT5G16230	False	1.0		False		monounsaturated fatty		S-ACP-DES3
w:gigantea	word	gigantea	1	367	7	21521	8.377189567925264	0.11345044938516462	AT5G62430	False	1.0		False		gigantea		CDF1
w:modulated	word	modulated	1	367	7	21521	8.377189567925264	0.11345044938516462	AT5G62430	False	1.0		False		modulated		CDF1
w:naphthoquinone	word	naphthoquinone	1	367	7	21521	8.377189567925264	0.11345044938516462	AT5G61510	False	1.0		False		naphthoquinone		AT5G61510
w:chs	word	chs	1	367	7	21521	8.377189567925264	0.11345044938516462	AT5G49330	False	1.0		False		chs		MYB111
p:cpg methylation	phrase	cpg methylation	1	367	7	21521	8.377189567925264	0.11345044938516462	AT5G49160	False	1.0		False		cpg methylation		MET1
w:imprinting	word	imprinting	1	367	7	21521	8.377189567925264	0.11345044938516462	AT5G49160	False	1.0		False		imprinting		MET1
w:agpase	word	agpase	1	367	7	21521	8.377189567925264	0.11345044938516462	AT5G19220	False	1.0		False		agpase		APL1
w:globular	word	globular	1	367	7	21521	8.377189567925264	0.11345044938516462	AT5G07500	False	1.0		False		globular		PEI1
w:tandem	word	tandem	1	367	7	21521	8.377189567925264	0.11345044938516462	AT5G07500	False	1.0		False		tandem		PEI1
w:emsy	word	emsy	1	367	7	21521	8.377189567925264	0.11345044938516462	AT3G57250	False	1.0		False		emsy		AT3G57250
w:prolamin	word	prolamin	1	367	7	21521	8.377189567925264	0.11345044938516462	AT3G50570	False	1.0		False		prolamin		AT3G50570
w:galactosamine	word	galactosamine	1	367	7	21521	8.377189567925264	0.11345044938516462	AT3G49360	False	1.0		False		galactosamine		PGL2
w:condense	word	condense	1	367	7	21521	8.377189567925264	0.11345044938516462	AT3G47460	False	1.0		False		condense		ATSMC2
w:atcap	word	atcap	1	367	7	21521	8.377189567925264	0.11345044938516462	AT3G47460	False	1.0		False		atcap		ATSMC2
p:rotamase cyclophilin	phrase	rotamase cyclophilin	1	367	7	21521	8.377189567925264	0.11345044938516462	AT4G38740	False	1.0		False		rotamase cyclophilin		ROC1
p:anion efflux	phrase	anion efflux	1	367	7	21521	8.377189567925264	0.11345044938516462	AT4G33950	False	1.0		False		anion efflux		OST1
w:mixture	word	mixture	1	367	7	21521	8.377189567925264	0.11345044938516462	AT4G33770	False	1.0		False		mixture		ITPK2
p:competitive inhibitor	phrase	competitive inhibitor	1	367	7	21521	8.377189567925264	0.11345044938516462	AT4G28610	False	1.0		False		competitive inhibitor		PHR1
p:flavin mononucleotide	phrase	flavin mononucleotide	1	367	7	21521	8.377189567925264	0.11345044938516462	AT4G21470	False	1.0		False		flavin mononucleotide		FMN/FHY
w:non‑reducing	word	non-reducing	1	367	7	21521	8.377189567925264	0.11345044938516462	AT4G19810	False	1.0		False		non-reducing		ChiC
w:trans‑splicing	word	trans-splicing	1	367	7	21521	8.377189567925264	0.11345044938516462	AT4G18530	False	1.0		False		trans-splicing		AT4G18530
p:sodium symporter	phrase	sodium symporter	1	367	7	21521	8.377189567925264	0.11345044938516462	AT4G13420	False	1.0		False		sodium symporter		HAK5
w:insp	word	insp	1	367	7	21521	8.377189567925264	0.11345044938516462	AT4G03960	False	1.0		False		insp		PFA-DSP4
p:polyphosphate diphosphatase	phrase	polyphosphate diphosphatase	1	367	7	21521	8.377189567925264	0.11345044938516462	AT4G03960	False	1.0		False		polyphosphate diphosphatase		PFA-DSP4
p:diphosphoinositol polyphosphate	phrase	diphosphoinositol polyphosphate	1	367	7	21521	8.377189567925264	0.11345044938516462	AT4G03960	False	1.0		False		diphosphoinositol polyphosphate		PFA-DSP4
p:tomato strain	phrase	tomato strain	1	367	7	21521	8.377189567925264	0.11345044938516462	AT4G03960	False	1.0		False		tomato strain		PFA-DSP4
p:oomycete origin	phrase	oomycete origin	1	367	7	21521	8.377189567925264	0.11345044938516462	AT4G02640	False	1.0		False		oomycete origin		BZO2H1
p:intramolecular phosphotransferase	phrase	intramolecular phosphotransferase	1	367	7	21521	8.377189567925264	0.11345044938516462	AT1G22170	False	1.0		False		intramolecular phosphotransferase		gpmA1
w:fantastic	word	fantastic	1	367	7	21521	8.377189567925264	0.11345044938516462	AT1G22110	False	1.0		False		fantastic		AT1G22110
p:recogniz ocs	phrase	recogniz ocs	1	367	7	21521	8.377189567925264	0.11345044938516462	AT1G22070	False	1.0		False		recogniz ocs		TGA3
w:isoenzyme	word	isoenzyme	1	367	7	21521	8.377189567925264	0.11345044938516462	AT1G55120	False	1.0		False		isoenzyme		FRUCT5
p:carnitine transporter	phrase	carnitine transporter	1	367	7	21521	8.377189567925264	0.11345044938516462	AT3G20660	False	1.0		False		carnitine transporter		OCT4
p:affinity carnitine	phrase	affinity carnitine	1	367	7	21521	8.377189567925264	0.11345044938516462	AT3G20660	False	1.0		False		affinity carnitine		OCT4
p:cation carnitine	phrase	cation carnitine	1	367	7	21521	8.377189567925264	0.11345044938516462	AT3G20660	False	1.0		False		cation carnitine		OCT4
w:prpp	word	prpp	1	367	7	21521	8.377189567925264	0.11345044938516462	AT3G27190	False	1.0		False		prpp		UKL2
w:sat	word	sat	1	367	7	21521	8.377189567925264	0.11345044938516462	AT3G13110	False	1.0		False		sat		SERAT2;2
k:Carbon dioxide fixation	keyword	Carbon dioxide fixation	1	367	7	21521	8.377189567925264	0.11345044938516462	AT3G14940	False	1.0		False		Carbon dioxide fixation		PPC3
w:myoinositol	word	myoinositol	1	367	7	21521	8.377189567925264	0.11345044938516462	AT3G02870	False	1.0		False		myoinositol		VTC4
p:inositol monophosphate	phrase	inositol monophosphate	1	367	7	21521	8.377189567925264	0.11345044938516462	AT3G02870	False	1.0		False		inositol monophosphate		VTC4
p:beta mannanase	phrase	beta mannanase	1	367	7	21521	8.377189567925264	0.11345044938516462	AT1G02310	False	1.0		False		beta mannanase		MAN1
w:mannanase	word	mannanase	1	367	7	21521	8.377189567925264	0.11345044938516462	AT1G02310	False	1.0		False		mannanase		MAN1
p:mannan endo	phrase	mannan endo	1	367	7	21521	8.377189567925264	0.11345044938516462	AT1G02310	False	1.0		False		mannan endo		MAN1
w:non‑cpg	word	non-cpg	1	367	7	21521	8.377189567925264	0.11345044938516462	AT1G69770	False	1.0		False		non-cpg		CMT3
w:insensitivity	word	insensitivity	1	367	7	21521	8.377189567925264	0.11345044938516462	AT2G43710	False	1.0		False		insensitivity		SSI2
p:starch grain	phrase	starch grain	1	367	7	21521	8.377189567925264	0.11345044938516462	AT1G32900	False	1.0		False		starch grain		GBSS1
w:ndp	word	ndp	1	367	7	21521	8.377189567925264	0.11345044938516462	AT1G32900	False	1.0		False		ndp		GBSS1
p:chelated metal	phrase	chelated metal	1	367	7	21521	8.377189567925264	0.11345044938516462	AT1G48370	False	1.0		False		chelated metal		YSL8
w:chelated	word	chelated	1	367	7	21521	8.377189567925264	0.11345044938516462	AT1G48370	False	1.0		False		chelated		YSL8
p:nicotianamine chelated	phrase	nicotianamine chelated	1	367	7	21521	8.377189567925264	0.11345044938516462	AT1G48370	False	1.0		False		nicotianamine chelated		YSL8
p:salt overly	phrase	salt overly	1	367	7	21521	8.377189567925264	0.11345044938516462	AT1G14660	False	1.0		False		salt overly		NHX8
w:nas	word	nas	1	367	7	21521	8.377189567925264	0.11345044938516462	AT1G09240	False	1.0		False		nas		NAS3
w:transported	word	transported	1	367	7	21521	8.377189567925264	0.11345044938516462	AT1G65480	False	1.0		False		transported		FT
w:methylthiopropyl	word	methylthiopropyl	1	367	7	21521	8.377189567925264	0.11345044938516462	AT1G62540	False	1.0		False		methylthiopropyl		FMOGS-OX2
p:methylthiopropyl glucosinolate	phrase	methylthiopropyl glucosinolate	1	367	7	21521	8.377189567925264	0.11345044938516462	AT1G62540	False	1.0		False		methylthiopropyl glucosinolate		FMOGS-OX2
p:mizu kussei	phrase	mizu kussei	1	367	7	21521	8.377189567925264	0.11345044938516462	AT2G37880	False	1.0		False		mizu kussei		AT2G37880
w:kussei	word	kussei	1	367	7	21521	8.377189567925264	0.11345044938516462	AT2G37880	False	1.0		False		kussei		AT2G37880
w:pausing	word	pausing	1	367	7	21521	8.377189567925264	0.11345044938516462	AT2G34210	False	1.0		False		pausing		AT2G34210
w:osmoprotectant	word	osmoprotectant	1	367	8	21521	7.330040871934605	0.1285737962790776	AT1G56600	False	1.0		False		osmoprotectant		GolS2
w:significance	word	significance	1	367	8	21521	7.330040871934605	0.1285737962790776	AT5G09470	False	1.0		False		significance		DIC3
w:trv	word	trv	1	367	8	21521	7.330040871934605	0.1285737962790776	AT5G20320	False	1.0		False		trv		DCL4
p:sirnas derived	phrase	sirnas derived	1	367	8	21521	7.330040871934605	0.1285737962790776	AT5G20320	False	1.0		False		sirnas derived		DCL4
w:monounsaturated	word	monounsaturated	1	367	8	21521	7.330040871934605	0.1285737962790776	AT5G16230	False	1.0		False		monounsaturated		S-ACP-DES3
w:hapless	word	hapless	1	367	8	21521	7.330040871934605	0.1285737962790776	AT5G56250	False	1.0		False		hapless		HAP8
p:epigenetic programming	phrase	epigenetic programming	1	367	8	21521	7.330040871934605	0.1285737962790776	AT5G49160	False	1.0		False		epigenetic programming		MET1
w:programming	word	programming	1	367	8	21521	7.330040871934605	0.1285737962790776	AT5G49160	False	1.0		False		programming		MET1
p:site selection	phrase	site selection	1	367	8	21521	7.330040871934605	0.1285737962790776	AT5G39760	False	1.0		False		site selection		HB23
p:elongated hypocotyl	phrase	elongated hypocotyl	1	367	8	21521	7.330040871934605	0.1285737962790776	AT5G02200	False	1.0		False		elongated hypocotyl		FHL
p:phosphate uridylyltransferase	phrase	phosphate uridylyltransferase	1	367	8	21521	7.330040871934605	0.1285737962790776	AT3G56040	False	1.0		False		phosphate uridylyltransferase		UGP3
k:DNA condensation	keyword	DNA condensation	1	367	8	21521	7.330040871934605	0.1285737962790776	AT3G47460	False	1.0		False		DNA condensation		ATSMC2
w:humidity	word	humidity	1	367	8	21521	7.330040871934605	0.1285737962790776	AT4G33950	False	1.0		False		humidity		OST1
p:stomata closure	phrase	stomata closure	1	367	8	21521	7.330040871934605	0.1285737962790776	AT4G33950	False	1.0		False		stomata closure		OST1
p:inositol trisphosphate	phrase	inositol trisphosphate	1	367	8	21521	7.330040871934605	0.1285737962790776	AT4G33770	False	1.0		False		inositol trisphosphate		ITPK2
w:sulfite	word	sulfite	1	367	8	21521	7.330040871934605	0.1285737962790776	AT4G33030	False	1.0		False		sulfite		SQD1
w:unusual	word	unusual	1	367	8	21521	7.330040871934605	0.1285737962790776	AT4G32690	False	1.0		False		unusual		GLB3
p:thioredoxin disulfide	phrase	thioredoxin disulfide	1	367	8	21521	7.330040871934605	0.1285737962790776	AT4G31240	False	1.0		False		thioredoxin disulfide		AT4G31240
w:retaining	word	retaining	1	367	8	21521	7.330040871934605	0.1285737962790776	AT4G28610	False	1.0		False		retaining		PHR1
p:methylthioadenosine lyase	phrase	methylthioadenosine lyase	1	367	8	21521	7.330040871934605	0.1285737962790776	AT4G26200	False	1.0		False		methylthioadenosine lyase		ACS7
p:methionine methylthioadenosine	phrase	methionine methylthioadenosine	1	367	8	21521	7.330040871934605	0.1285737962790776	AT4G26200	False	1.0		False		methionine methylthioadenosine		ACS7
w:phosphoserine	word	phosphoserine	1	367	8	21521	7.330040871934605	0.1285737962790776	AT4G13700	False	1.0		False		phosphoserine		PAP23
w:tgacg	word	tgacg	1	367	8	21521	7.330040871934605	0.1285737962790776	AT1G22070	False	1.0		False		tgacg		TGA3
w:fructosidase	word	fructosidase	1	367	8	21521	7.330040871934605	0.1285737962790776	AT1G55120	False	1.0		False		fructosidase		FRUCT5
w:carnitine	word	carnitine	1	367	8	21521	7.330040871934605	0.1285737962790776	AT3G20660	False	1.0		False		carnitine		OCT4
p:organic cation	phrase	organic cation	1	367	8	21521	7.330040871934605	0.1285737962790776	AT3G20660	False	1.0		False		organic cation		OCT4
w:synthesize	word	synthesize	1	367	8	21521	7.330040871934605	0.1285737962790776	AT3G21230	False	1.0		False		synthesize		4CL5
p:phosphatidate phosphatase	phrase	phosphatidate phosphatase	1	367	8	21521	7.330040871934605	0.1285737962790776	AT3G09560	False	1.0		False		phosphatidate phosphatase		PAH1
w:causing	word	causing	1	367	8	21521	7.330040871934605	0.1285737962790776	AT1G05760	False	1.0		False		causing		RTM1
w:endoreplication	word	endoreplication	1	367	8	21521	7.330040871934605	0.1285737962790776	AT1G08180	False	1.0		False		endoreplication		SMR2
p:yellow stripe	phrase	yellow stripe	1	367	8	21521	7.330040871934605	0.1285737962790776	AT1G48370	False	1.0		False		yellow stripe		YSL8
w:stripe	word	stripe	1	367	8	21521	7.330040871934605	0.1285737962790776	AT1G48370	False	1.0		False		stripe		YSL8
p:nicotianamine transporter	phrase	nicotianamine transporter	1	367	8	21521	7.330040871934605	0.1285737962790776	AT1G48370	False	1.0		False		nicotianamine transporter		YSL8
w:ysl	word	ysl	1	367	8	21521	7.330040871934605	0.1285737962790776	AT1G48370	False	1.0		False		ysl		YSL8
p:metal nicotianamine	phrase	metal nicotianamine	1	367	8	21521	7.330040871934605	0.1285737962790776	AT1G48370	False	1.0		False		metal nicotianamine		YSL8
w:lithium	word	lithium	1	367	8	21521	7.330040871934605	0.1285737962790776	AT1G14660	False	1.0		False		lithium		NHX8
k:Branched-chain amino acid catabolism	keyword	Branched-chain amino acid catabolism	1	367	8	21521	7.330040871934605	0.1285737962790776	AT1G10060	False	1.0		False		Branched-chain amino acid catabolism		BCAT-1
w:farnesylated	word	farnesylated	1	367	8	21521	7.330040871934605	0.1285737962790776	AT1G22990	False	1.0		False		farnesylated		HIPP22
p:thioredoxin peroxidase	phrase	thioredoxin peroxidase	1	367	8	21521	7.330040871934605	0.1285737962790776	AT1G60740	False	1.0		False		thioredoxin peroxidase		PRXIID
p:detoxifying peroxide	phrase	detoxifying peroxide	1	367	8	21521	7.330040871934605	0.1285737962790776	AT1G60740	False	1.0		False		detoxifying peroxide		PRXIID
w:chromoplast	word	chromoplast	1	367	8	21521	7.330040871934605	0.1285737962790776	AT1G55480	False	1.0		False		chromoplast		ZKT
w:mizu	word	mizu	1	367	8	21521	7.330040871934605	0.1285737962790776	AT2G37880	False	1.0		False		mizu		AT2G37880
p:dog gpp	phrase	dog gpp	1	367	8	21521	7.330040871934605	0.1285737962790776	AT2G38740	False	1.0		False		dog gpp		SGPP
w:expbeta	word	expbeta	1	367	9	21521	6.515591886164093	0.14343985014258237	AT4G17030	False	1.0		False		expbeta		EXLB1
p:ath expbeta	phrase	ath expbeta	1	367	9	21521	6.515591886164093	0.14343985014258237	AT4G17030	False	1.0		False		ath expbeta		EXLB1
w:gols	word	gols	1	367	9	21521	6.515591886164093	0.14343985014258237	AT1G56600	False	1.0		False		gols		GolS2
p:galactinol synthase	phrase	galactinol synthase	1	367	9	21521	6.515591886164093	0.14343985014258237	AT1G56600	False	1.0		False		galactinol synthase		GolS2
w:reconstituted	word	reconstituted	1	367	9	21521	6.515591886164093	0.14343985014258237	AT5G09470	False	1.0		False		reconstituted		DIC3
w:rattle	word	rattle	1	367	9	21521	6.515591886164093	0.14343985014258237	AT5G20320	False	1.0		False		rattle		DCL4
p:rattle virus	phrase	rattle virus	1	367	9	21521	6.515591886164093	0.14343985014258237	AT5G20320	False	1.0		False		rattle virus		DCL4
p:tobacco rattle	phrase	tobacco rattle	1	367	9	21521	6.515591886164093	0.14343985014258237	AT5G20320	False	1.0		False		tobacco rattle		DCL4
w:cmv	word	cmv	1	367	9	21521	6.515591886164093	0.14343985014258237	AT5G20320	False	1.0		False		cmv		DCL4
w:tcv	word	tcv	1	367	9	21521	6.515591886164093	0.14343985014258237	AT5G20320	False	1.0		False		tcv		DCL4
w:phosphomonoester	word	phosphomonoester	1	367	9	21521	6.515591886164093	0.14343985014258237	AT5G20320	False	1.0		False		phosphomonoester		DCL4
p:sulfate conjugation	phrase	sulfate conjugation	1	367	9	21521	6.515591886164093	0.14343985014258237	AT5G64000	False	1.0		False		sulfate conjugation		SAL2
p:oligopeptide opt	phrase	oligopeptide opt	1	367	9	21521	6.515591886164093	0.14343985014258237	AT5G55930	False	1.0		False		oligopeptide opt		OPT1
w:opt	word	opt	1	367	9	21521	6.515591886164093	0.14343985014258237	AT5G55930	False	1.0		False		opt		OPT1
p:opt transporter	phrase	opt transporter	1	367	9	21521	6.515591886164093	0.14343985014258237	AT5G55930	False	1.0		False		opt transporter		OPT1
w:mismatched	word	mismatched	1	367	9	21521	6.515591886164093	0.14343985014258237	AT5G54090	False	1.0		False		mismatched		MJP23.7
w:methylenetetrahydrofolate	word	methylenetetrahydrofolate	1	367	9	21521	6.515591886164093	0.14343985014258237	AT5G38710	False	1.0		False		methylenetetrahydrofolate		POX2
w:monitoring	word	monitoring	1	367	9	21521	6.515591886164093	0.14343985014258237	AT5G24660	False	1.0		False		monitoring		LSU2
w:glucosylation	word	glucosylation	1	367	9	21521	6.515591886164093	0.14343985014258237	AT5G05870	False	1.0		False		glucosylation		UGT76C1
p:phosphoribosyl pyrophosphate	phrase	phosphoribosyl pyrophosphate	1	367	9	21521	6.515591886164093	0.14343985014258237	AT3G53620	False	1.0		False		phosphoribosyl pyrophosphate		PPa4
w:nicked	word	nicked	1	367	9	21521	6.515591886164093	0.14343985014258237	AT3G47460	False	1.0		False		nicked		ATSMC2
w:arsenite	word	arsenite	1	367	9	21521	6.515591886164093	0.14343985014258237	AT4G28610	False	1.0		False		arsenite		PHR1
w:competitive	word	competitive	1	367	9	21521	6.515591886164093	0.14343985014258237	AT4G28610	False	1.0		False		competitive		PHR1
k:Fruit ripening	keyword	Fruit ripening	1	367	9	21521	6.515591886164093	0.14343985014258237	AT4G26200	False	1.0		False		Fruit ripening		ACS7
w:vsp	word	vsp	1	367	9	21521	6.515591886164093	0.14343985014258237	AT4G25150	False	1.0		False		vsp		AT4G25150
w:postgermination	word	postgermination	1	367	9	21521	6.515591886164093	0.14343985014258237	AT4G13420	False	1.0		False		postgermination		HAK5
p:catecholamine responsive	phrase	catecholamine responsive	1	367	9	21521	6.515591886164093	0.14343985014258237	AT4G12980	False	1.0		False		catecholamine responsive		AT4G12980
w:catecholamine	word	catecholamine	1	367	9	21521	6.515591886164093	0.14343985014258237	AT4G12980	False	1.0		False		catecholamine		AT4G12980
p:trans‑membrane electron	phrase	trans-membrane electron	1	367	9	21521	6.515591886164093	0.14343985014258237	AT4G12980	False	1.0		False		trans-membrane electron		AT4G12980
p:responsive trans‑membrane	phrase	responsive trans-membrane	1	367	9	21521	6.515591886164093	0.14343985014258237	AT4G12980	False	1.0		False		responsive trans-membrane		AT4G12980
p:chelate reductase	phrase	chelate reductase	1	367	9	21521	6.515591886164093	0.14343985014258237	AT4G12980	False	1.0		False		chelate reductase		AT4G12980
w:allantoin	word	allantoin	1	367	9	21521	6.515591886164093	0.14343985014258237	AT4G04955	False	1.0		False		allantoin		ALN
w:diphosphoinositol	word	diphosphoinositol	1	367	9	21521	6.515591886164093	0.14343985014258237	AT4G03960	False	1.0		False		diphosphoinositol		PFA-DSP4
p:committing step	phrase	committing step	1	367	9	21521	6.515591886164093	0.14343985014258237	AT4G04040	False	1.0		False		committing step		MEE51
w:committing	word	committing	1	367	9	21521	6.515591886164093	0.14343985014258237	AT4G04040	False	1.0		False		committing		MEE51
p:pathogen hyaloperonospora	phrase	pathogen hyaloperonospora	1	367	9	21521	6.515591886164093	0.14343985014258237	AT4G02640	False	1.0		False		pathogen hyaloperonospora		BZO2H1
p:biotrophic pathogen	phrase	biotrophic pathogen	1	367	9	21521	6.515591886164093	0.14343985014258237	AT4G02640	False	1.0		False		biotrophic pathogen		BZO2H1
w:rescue	word	rescue	1	367	9	21521	6.515591886164093	0.14343985014258237	AT4G00550	False	1.0		False		rescue		DGD2
p:cauliflower mosaic	phrase	cauliflower mosaic	1	367	9	21521	6.515591886164093	0.14343985014258237	AT1G22070	False	1.0		False		cauliflower mosaic		TGA3
w:oxysporum	word	oxysporum	1	367	9	21521	6.515591886164093	0.14343985014258237	AT3G12500	False	1.0		False		oxysporum		HCHIB
w:phenolics	word	phenolics	1	367	9	21521	6.515591886164093	0.14343985014258237	AT3G21230	False	1.0		False		phenolics		4CL5
w:erd	word	erd	1	367	9	21521	6.515591886164093	0.14343985014258237	AT3G21620	False	1.0		False		erd		OSCA1.5
w:elicited	word	elicited	1	367	9	21521	6.515591886164093	0.14343985014258237	AT1G13300	False	1.0		False		elicited		HRS1
w:amyloplastic	word	amyloplastic	1	367	9	21521	6.515591886164093	0.14343985014258237	AT1G32900	False	1.0		False		amyloplastic		GBSS1
p:chloroplastic amyloplastic	phrase	chloroplastic amyloplastic	1	367	9	21521	6.515591886164093	0.14343985014258237	AT1G32900	False	1.0		False		chloroplastic amyloplastic		GBSS1
w:asparaginyl	word	asparaginyl	1	367	9	21521	6.515591886164093	0.14343985014258237	AT1G62710	False	1.0		False		asparaginyl		BETA-VPE
p:overly sensitive	phrase	overly sensitive	1	367	9	21521	6.515591886164093	0.14343985014258237	AT1G14660	False	1.0		False		overly sensitive		NHX8
w:car	word	car	1	367	9	21521	6.515591886164093	0.14343985014258237	AT1G23140	False	1.0		False		car		CAR8
w:completion	word	completion	1	367	9	21521	6.515591886164093	0.14343985014258237	AT2G16595	False	1.0		False		completion		AT2G16595
w:log	word	log	1	367	9	21521	6.515591886164093	0.14343985014258237	AT2G28305	False	1.0		False		log		LOG1
w:guy	word	guy	1	367	9	21521	6.515591886164093	0.14343985014258237	AT2G28305	False	1.0		False		guy		LOG1
p:enzyme working	phrase	enzyme working	1	367	9	21521	6.515591886164093	0.14343985014258237	AT2G28305	False	1.0		False		enzyme working		LOG1
p:lonely guy	phrase	lonely guy	1	367	9	21521	6.515591886164093	0.14343985014258237	AT2G28305	False	1.0		False		lonely guy		LOG1
p:monophosphate phosphoribohydrolase	phrase	monophosphate phosphoribohydrolase	1	367	9	21521	6.515591886164093	0.14343985014258237	AT2G28305	False	1.0		False		monophosphate phosphoribohydrolase		LOG1
w:phosphoribohydrolase	word	phosphoribohydrolase	1	367	9	21521	6.515591886164093	0.14343985014258237	AT2G28305	False	1.0		False		phosphoribohydrolase		LOG1
w:lonely	word	lonely	1	367	9	21521	6.515591886164093	0.14343985014258237	AT2G28305	False	1.0		False		lonely		LOG1
p:cdp choline	phrase	cdp choline	1	367	9	21521	6.515591886164093	0.14343985014258237	AT2G32260	False	1.0		False		cdp choline		CCT1
p:broad range	phrase	broad range	1	367	9	21521	6.515591886164093	0.14343985014258237	AT2G38740	False	1.0		False		broad range		SGPP
w:glucosylceramide	word	glucosylceramide	1	367	9	21521	6.515591886164093	0.14343985014258237	AT2G19880	False	1.0		False		glucosylceramide		GCS
w:dicarboxylate	word	dicarboxylate	1	367	10	21521	5.8640326975476835	0.1580529765370446	AT5G09470	False	1.0		False		dicarboxylate		DIC3
p:cucumber mosaic	phrase	cucumber mosaic	1	367	10	21521	5.8640326975476835	0.1580529765370446	AT5G20320	False	1.0		False		cucumber mosaic		DCL4
w:dsrna	word	dsrna	1	367	10	21521	5.8640326975476835	0.1580529765370446	AT5G20320	False	1.0		False		dsrna		DCL4
w:vsr	word	vsr	1	367	10	21521	5.8640326975476835	0.1580529765370446	AT5G20320	False	1.0		False		vsr		DCL4
w:cucumber	word	cucumber	1	367	10	21521	5.8640326975476835	0.1580529765370446	AT5G20320	False	1.0		False		cucumber		DCL4
w:uncoating	word	uncoating	1	367	10	21521	5.8640326975476835	0.1580529765370446	AT5G17060	False	1.0		False		uncoating		ARFB1B
w:endodermal	word	endodermal	1	367	10	21521	5.8640326975476835	0.1580529765370446	AT5G67440	False	1.0		False		endodermal		NPY3
w:yuc	word	yuc	1	367	10	21521	5.8640326975476835	0.1580529765370446	AT5G67440	False	1.0		False		yuc		NPY3
w:mutarotase	word	mutarotase	1	367	10	21521	5.8640326975476835	0.1580529765370446	AT5G66530	False	1.0		False		mutarotase		AT5G66530
p:galactose mutarotase	phrase	galactose mutarotase	1	367	10	21521	5.8640326975476835	0.1580529765370446	AT5G66530	False	1.0		False		galactose mutarotase		AT5G66530
w:phosphoadenosine	word	phosphoadenosine	1	367	10	21521	5.8640326975476835	0.1580529765370446	AT5G64000	False	1.0		False		phosphoadenosine		SAL2
w:pyrroline	word	pyrroline	1	367	10	21521	5.8640326975476835	0.1580529765370446	AT5G38710	False	1.0		False		pyrroline		POX2
w:adenyl	word	adenyl	1	367	10	21521	5.8640326975476835	0.1580529765370446	AT5G19220	False	1.0		False		adenyl		APL1
w:limited	word	limited	1	367	10	21521	5.8640326975476835	0.1580529765370446	AT5G01220	False	1.0		False		limited		SQD2
w:irreversible	word	irreversible	1	367	10	21521	5.8640326975476835	0.1580529765370446	AT3G53620	False	1.0		False		irreversible		PPa4
w:organophosphate	word	organophosphate	1	367	10	21521	5.8640326975476835	0.1580529765370446	AT3G47420	False	1.0		False		organophosphate		G3Pp1
w:smc	word	smc	1	367	10	21521	5.8640326975476835	0.1580529765370446	AT3G47460	False	1.0		False		smc		ATSMC2
w:expressing	word	expressing	1	367	10	21521	5.8640326975476835	0.1580529765370446	AT4G38740	False	1.0		False		expressing		ROC1
w:methylthioadenosine	word	methylthioadenosine	1	367	10	21521	5.8640326975476835	0.1580529765370446	AT4G26200	False	1.0		False		methylthioadenosine		ACS7
p:acc synthase	phrase	acc synthase	1	367	10	21521	5.8640326975476835	0.1580529765370446	AT4G26200	False	1.0		False		acc synthase		ACS7
w:iiib	word	iiib	1	367	10	21521	5.8640326975476835	0.1580529765370446	AT4G25150	False	1.0		False		iiib		AT4G25150
w:domon	word	domon	1	367	10	21521	5.8640326975476835	0.1580529765370446	AT4G12980	False	1.0		False		domon		AT4G12980
p:hyaloperonospora parasitica	phrase	hyaloperonospora parasitica	1	367	10	21521	5.8640326975476835	0.1580529765370446	AT4G02640	False	1.0		False		hyaloperonospora parasitica		BZO2H1
w:epimerization	word	epimerization	1	367	10	21521	5.8640326975476835	0.1580529765370446	AT3G14790	False	1.0		False		epimerization		RHM3
w:osmosensitive	word	osmosensitive	1	367	10	21521	5.8640326975476835	0.1580529765370446	AT3G21620	False	1.0		False		osmosensitive		OSCA1.5
p:osmosensitive calcium	phrase	osmosensitive calcium	1	367	10	21521	5.8640326975476835	0.1580529765370446	AT3G21620	False	1.0		False		osmosensitive calcium		OSCA1.5
p:permeable cation	phrase	permeable cation	1	367	10	21521	5.8640326975476835	0.1580529765370446	AT3G21620	False	1.0		False		permeable cation		OSCA1.5
w:sorbitol	word	sorbitol	1	367	10	21521	5.8640326975476835	0.1580529765370446	AT3G02870	False	1.0		False		sorbitol		VTC4
w:lysophosphatidylcholine	word	lysophosphatidylcholine	1	367	10	21521	5.8640326975476835	0.1580529765370446	AT3G03310	False	1.0		False		lysophosphatidylcholine		LCAT3
w:restricted	word	restricted	1	367	10	21521	5.8640326975476835	0.1580529765370446	AT1G05760	False	1.0		False		restricted		RTM1
w:nfya	word	nfya	1	367	10	21521	5.8640326975476835	0.1580529765370446	AT1G30500	False	1.0		False		nfya		NF-YA7
w:exs	word	exs	1	367	10	21521	5.8640326975476835	0.1580529765370446	AT1G68740	False	1.0		False		exs		PHO1;H1
p:flavin monoamine	phrase	flavin monoamine	1	367	10	21521	5.8640326975476835	0.1580529765370446	AT1G65840	False	1.0		False		flavin monoamine		PAO4
w:galactolipase	word	galactolipase	1	367	10	21521	5.8640326975476835	0.1580529765370446	AT2G31690	False	1.0		False		galactolipase		DALL5
p:axillary shoot	phrase	axillary shoot	1	367	10	21521	5.8640326975476835	0.1580529765370446	AT1G55580	False	1.0		False		axillary shoot		LAS
p:stromal side	phrase	stromal side	1	367	10	21521	5.8640326975476835	0.1580529765370446	AT1G55480	False	1.0		False		stromal side		ZKT
p:cytokinin riboside	phrase	cytokinin riboside	1	367	10	21521	5.8640326975476835	0.1580529765370446	AT2G28305	False	1.0		False		cytokinin riboside		LOG1
w:dog	word	dog	1	367	10	21521	5.8640326975476835	0.1580529765370446	AT2G38740	False	1.0		False		dog		SGPP
w:competent	word	competent	1	367	10	21521	5.8640326975476835	0.1580529765370446	AT2G34210	False	1.0		False		competent		AT2G34210
p:lineage progression	phrase	lineage progression	1	367	11	21521	5.33093881595244	0.17241746715165607	AT4G14770	False	1.0		False		lineage progression		TCX2
p:antiviral immune	phrase	antiviral immune	1	367	11	21521	5.33093881595244	0.17241746715165607	AT5G20320	False	1.0		False		antiviral immune		DCL4
p:crinkle virus	phrase	crinkle virus	1	367	11	21521	5.33093881595244	0.17241746715165607	AT5G20320	False	1.0		False		crinkle virus		DCL4
w:crinkle	word	crinkle	1	367	11	21521	5.33093881595244	0.17241746715165607	AT5G20320	False	1.0		False		crinkle		DCL4
p:turnip crinkle	phrase	turnip crinkle	1	367	11	21521	5.33093881595244	0.17241746715165607	AT5G20320	False	1.0		False		turnip crinkle		DCL4
p:diacylglycerol acyltransferase	phrase	diacylglycerol acyltransferase	1	367	11	21521	5.33093881595244	0.17241746715165607	AT3G44830	False	1.0		False		diacylglycerol acyltransferase		PDAT2
w:muts	word	muts	1	367	11	21521	5.33093881595244	0.17241746715165607	AT5G54090	False	1.0		False		muts		MJP23.7
w:decreased	word	decreased	1	367	11	21521	5.33093881595244	0.17241746715165607	AT5G49160	False	1.0		False		decreased		MET1
p:gamma glutamylcyclotransferase	phrase	gamma glutamylcyclotransferase	1	367	11	21521	5.33093881595244	0.17241746715165607	AT5G39720	False	1.0		False		gamma glutamylcyclotransferase		AIG2L
w:glutamylcyclotransferase	word	glutamylcyclotransferase	1	367	11	21521	5.33093881595244	0.17241746715165607	AT5G39720	False	1.0		False		glutamylcyclotransferase		AIG2L
w:trp	word	trp	1	367	11	21521	5.33093881595244	0.17241746715165607	AT5G24600	False	1.0		False		trp		AT5G24600
w:uridylyltransferase	word	uridylyltransferase	1	367	11	21521	5.33093881595244	0.17241746715165607	AT3G56040	False	1.0		False		uridylyltransferase		UGP3
w:supercoil	word	supercoil	1	367	11	21521	5.33093881595244	0.17241746715165607	AT3G47460	False	1.0		False		supercoil		ATSMC2
w:condensin	word	condensin	1	367	11	21521	5.33093881595244	0.17241746715165607	AT3G47460	False	1.0		False		condensin		ATSMC2
p:deficient condition	phrase	deficient condition	1	367	11	21521	5.33093881595244	0.17241746715165607	AT4G28610	False	1.0		False		deficient condition		PHR1
w:mononucleotide	word	mononucleotide	1	367	11	21521	5.33093881595244	0.17241746715165607	AT4G21470	False	1.0		False		mononucleotide		FMN/FHY
w:ureide	word	ureide	1	367	11	21521	5.33093881595244	0.17241746715165607	AT4G04955	False	1.0		False		ureide		ALN
w:phosphofructokinase	word	phosphofructokinase	1	367	11	21521	5.33093881595244	0.17241746715165607	AT4G04040	False	1.0		False		phosphofructokinase		MEE51
w:pfka	word	pfka	1	367	11	21521	5.33093881595244	0.17241746715165607	AT4G04040	False	1.0		False		pfka		MEE51
w:instead	word	instead	1	367	11	21521	5.33093881595244	0.17241746715165607	AT4G04040	False	1.0		False		instead		MEE51
p:tonoplast intrinsic	phrase	tonoplast intrinsic	1	367	11	21521	5.33093881595244	0.17241746715165607	AT4G01470	False	1.0		False		tonoplast intrinsic		TIP1;3
w:hex	word	hex	1	367	11	21521	5.33093881595244	0.17241746715165607	AT1G22070	False	1.0		False		hex		TGA3
p:ocs element	phrase	ocs element	1	367	11	21521	5.33093881595244	0.17241746715165607	AT1G22070	False	1.0		False		ocs element		TGA3
w:ocs	word	ocs	1	367	11	21521	5.33093881595244	0.17241746715165607	AT1G22070	False	1.0		False		ocs		TGA3
w:graminis	word	graminis	1	367	11	21521	5.33093881595244	0.17241746715165607	AT3G12500	False	1.0		False		graminis		HCHIB
w:hexapeptide	word	hexapeptide	1	367	11	21521	5.33093881595244	0.17241746715165607	AT3G13110	False	1.0		False		hexapeptide		SERAT2;2
p:transferase hexapeptide	phrase	transferase hexapeptide	1	367	11	21521	5.33093881595244	0.17241746715165607	AT3G13110	False	1.0		False		transferase hexapeptide		SERAT2;2
p:hexapeptide repeat	phrase	hexapeptide repeat	1	367	11	21521	5.33093881595244	0.17241746715165607	AT3G13110	False	1.0		False		hexapeptide repeat		SERAT2;2
p:coumaroyl coa	phrase	coumaroyl coa	1	367	11	21521	5.33093881595244	0.17241746715165607	AT3G21230	False	1.0		False		coumaroyl coa		4CL5
p:downstream effector	phrase	downstream effector	1	367	11	21521	5.33093881595244	0.17241746715165607	AT3G08720	False	1.0		False		downstream effector		S6K2
p:coat mucilage	phrase	coat mucilage	1	367	11	21521	5.33093881595244	0.17241746715165607	AT3G02250	False	1.0		False		coat mucilage		RRT2
k:Cobalt	keyword	Cobalt	1	367	11	21521	5.33093881595244	0.17241746715165607	AT1G22410	False	1.0		False		Cobalt		AT1G22410
p:organic hydroperoxide	phrase	organic hydroperoxide	1	367	11	21521	5.33093881595244	0.17241746715165607	AT1G60740	False	1.0		False		organic hydroperoxide		PRXIID
p:translocate proton	phrase	translocate proton	1	367	11	21521	5.33093881595244	0.17241746715165607	AT2G20800	False	1.0		False		translocate proton		NDB4
k:Ubiquinone	keyword	Ubiquinone	1	367	11	21521	5.33093881595244	0.17241746715165607	AT2G20800	False	1.0		False		Ubiquinone		NDB4
w:working	word	working	1	367	11	21521	5.33093881595244	0.17241746715165607	AT2G28305	False	1.0		False		working		LOG1
w:networked	word	networked	1	367	11	21521	5.33093881595244	0.17241746715165607	AT2G47920	False	1.0		False		networked		NET3C
w:become	word	become	1	367	11	21521	5.33093881595244	0.17241746715165607	AT2G02990	False	1.0		False		become		RNS1
w:create	word	create	1	367	12	21521	4.886693914623069	0.18653754105009124	AT5G09470	False	1.0		False		create		DIC3
w:pid	word	pid	1	367	12	21521	4.886693914623069	0.18653754105009124	AT5G67440	False	1.0		False		pid		NPY3
w:tetra	word	tetra	1	367	12	21521	4.886693914623069	0.18653754105009124	AT5G55930	False	1.0		False		tetra		OPT1
k:Peptide transport	keyword	Peptide transport	1	367	12	21521	4.886693914623069	0.18653754105009124	AT5G55930	False	1.0		False		Peptide transport		OPT1
w:aminophospholipid	word	aminophospholipid	1	367	12	21521	4.886693914623069	0.18653754105009124	AT5G44240	False	1.0		False		aminophospholipid		ALA2
p:coupled intramembrane	phrase	coupled intramembrane	1	367	12	21521	4.886693914623069	0.18653754105009124	AT5G44240	False	1.0		False		coupled intramembrane		ALA2
p:aminophospholipid flippase	phrase	aminophospholipid flippase	1	367	12	21521	4.886693914623069	0.18653754105009124	AT5G44240	False	1.0		False		aminophospholipid flippase		ALA2
p:met sulfoxide	phrase	met sulfoxide	1	367	12	21521	4.886693914623069	0.18653754105009124	AT5G07460	False	1.0		False		met sulfoxide		PMSR2
p:oxide reductase	phrase	oxide reductase	1	367	12	21521	4.886693914623069	0.18653754105009124	AT5G07460	False	1.0		False		oxide reductase		PMSR2
w:metso	word	metso	1	367	12	21521	4.886693914623069	0.18653754105009124	AT5G07460	False	1.0		False		metso		PMSR2
w:location	word	location	1	367	12	21521	4.886693914623069	0.18653754105009124	AT5G02200	False	1.0		False		location		FHL
p:conjugate pump	phrase	conjugate pump	1	367	12	21521	4.886693914623069	0.18653754105009124	AT3G60160	False	1.0		False		conjugate pump		ABCC9
p:conjugate transporting	phrase	conjugate transporting	1	367	12	21521	4.886693914623069	0.18653754105009124	AT3G60160	False	1.0		False		conjugate transporting		ABCC9
p:transporter abcc	phrase	transporter abcc	1	367	12	21521	4.886693914623069	0.18653754105009124	AT3G60160	False	1.0		False		transporter abcc		ABCC9
p:energized glutathione	phrase	energized glutathione	1	367	12	21521	4.886693914623069	0.18653754105009124	AT3G60160	False	1.0		False		energized glutathione		ABCC9
w:abcc	word	abcc	1	367	12	21521	4.886693914623069	0.18653754105009124	AT3G60160	False	1.0		False		abcc		ABCC9
w:insertase	word	insertase	1	367	12	21521	4.886693914623069	0.18653754105009124	AT3G50350	False	1.0		False		insertase		AT3G50350
p:condensed chromosome	phrase	condensed chromosome	1	367	12	21521	4.886693914623069	0.18653754105009124	AT3G47460	False	1.0		False		condensed chromosome		ATSMC2
w:gph	word	gph	1	367	12	21521	4.886693914623069	0.18653754105009124	AT4G21470	False	1.0		False		gph		FMN/FHY
p:ferric chelate	phrase	ferric chelate	1	367	12	21521	4.886693914623069	0.18653754105009124	AT4G12980	False	1.0		False		ferric chelate		AT4G12980
w:trans‑membrane	word	trans-membrane	1	367	12	21521	4.886693914623069	0.18653754105009124	AT4G12980	False	1.0		False		trans-membrane		AT4G12980
w:highest	word	highest	1	367	12	21521	4.886693914623069	0.18653754105009124	AT4G03960	False	1.0		False		highest		PFA-DSP4
w:clade	word	clade	1	367	12	21521	4.886693914623069	0.18653754105009124	AT4G04040	False	1.0		False		clade		MEE51
w:pfk	word	pfk	1	367	12	21521	4.886693914623069	0.18653754105009124	AT4G04040	False	1.0		False		pfk		MEE51
p:sulfate cotransporter	phrase	sulfate cotransporter	1	367	12	21521	4.886693914623069	0.18653754105009124	AT1G22150	False	1.0		False		sulfate cotransporter		SULTR1;3
w:insoluble	word	insoluble	1	367	12	21521	4.886693914623069	0.18653754105009124	AT1G55120	False	1.0		False		insoluble		FRUCT5
p:udp rhamnose	phrase	udp rhamnose	1	367	12	21521	4.886693914623069	0.18653754105009124	AT3G14790	False	1.0		False		udp rhamnose		RHM3
p:nitrate starvation	phrase	nitrate starvation	1	367	12	21521	4.886693914623069	0.18653754105009124	AT3G25790	False	1.0		False		nitrate starvation		HHO1
w:sinapate	word	sinapate	1	367	12	21521	4.886693914623069	0.18653754105009124	AT3G21230	False	1.0		False		sinapate		4CL5
w:cope	word	cope	1	367	12	21521	4.886693914623069	0.18653754105009124	AT3G09560	False	1.0		False		cope		PAH1
p:homeodomain glabrous	phrase	homeodomain glabrous	1	367	12	21521	4.886693914623069	0.18653754105009124	AT3G03260	False	1.0		False		homeodomain glabrous		HDG8
p:homeodomain glabra	phrase	homeodomain glabra	1	367	12	21521	4.886693914623069	0.18653754105009124	AT3G03260	False	1.0		False		homeodomain glabra		HDG8
p:hydrolyz glycerol	phrase	hydrolyz glycerol	1	367	12	21521	4.886693914623069	0.18653754105009124	AT3G05630	False	1.0		False		hydrolyz glycerol		PLDP2
p:glycerol phospholipid	phrase	glycerol phospholipid	1	367	12	21521	4.886693914623069	0.18653754105009124	AT3G05630	False	1.0		False		glycerol phospholipid		PLDP2
p:terminal phosphodiesteric	phrase	terminal phosphodiesteric	1	367	12	21521	4.886693914623069	0.18653754105009124	AT3G05630	False	1.0		False		terminal phosphodiesteric		PLDP2
p:phosphodiesteric bond	phrase	phosphodiesteric bond	1	367	12	21521	4.886693914623069	0.18653754105009124	AT3G05630	False	1.0		False		phosphodiesteric bond		PLDP2
w:phosphodiesteric	word	phosphodiesteric	1	367	12	21521	4.886693914623069	0.18653754105009124	AT3G05630	False	1.0		False		phosphodiesteric		PLDP2
w:oleate	word	oleate	1	367	12	21521	4.886693914623069	0.18653754105009124	AT3G03310	False	1.0		False		oleate		LCAT3
w:phosphoethanolamine	word	phosphoethanolamine	1	367	12	21521	4.886693914623069	0.18653754105009124	AT1G17710	False	1.0		False		phosphoethanolamine		PEPC1
w:restriction	word	restriction	1	367	12	21521	4.886693914623069	0.18653754105009124	AT1G05760	False	1.0		False		restriction		RTM1
w:ful	word	ful	1	367	12	21521	4.886693914623069	0.18653754105009124	AT1G65480	False	1.0		False		ful		FT
w:non‑electrogenic	word	non-electrogenic	1	367	12	21521	4.886693914623069	0.18653754105009124	AT2G20800	False	1.0		False		non-electrogenic		NDB4
p:free base	phrase	free base	1	367	12	21521	4.886693914623069	0.18653754105009124	AT2G28305	False	1.0		False		free base		LOG1
p:cytoskeletal adapter	phrase	cytoskeletal adapter	1	367	12	21521	4.886693914623069	0.18653754105009124	AT2G47920	False	1.0		False		cytoskeletal adapter		NET3C
w:net	word	net	1	367	12	21521	4.886693914623069	0.18653754105009124	AT2G47920	False	1.0		False		net		NET3C
w:streaming	word	streaming	1	367	13	21521	4.510794382728988	0.20041734589618432	AT4G15200	False	1.0		False		streaming		FH3
p:cytoplasmic streaming	phrase	cytoplasmic streaming	1	367	13	21521	4.510794382728988	0.20041734589618432	AT4G15200	False	1.0		False		cytoplasmic streaming		FH3
w:chilling	word	chilling	1	367	13	21521	4.510794382728988	0.20041734589618432	AT1G56600	False	1.0		False		chilling		GolS2
p:wide range	phrase	wide range	1	367	13	21521	4.510794382728988	0.20041734589618432	AT5G09470	False	1.0		False		wide range		DIC3
w:liposome	word	liposome	1	367	13	21521	4.510794382728988	0.20041734589618432	AT5G09470	False	1.0		False		liposome		DIC3
w:concert	word	concert	1	367	13	21521	4.510794382728988	0.20041734589618432	AT5G67440	False	1.0		False		concert		NPY3
p:lateral diffusion	phrase	lateral diffusion	1	367	13	21521	4.510794382728988	0.20041734589618432	AT5G67440	False	1.0		False		lateral diffusion		NPY3
w:pentapeptide	word	pentapeptide	1	367	13	21521	4.510794382728988	0.20041734589618432	AT5G55930	False	1.0		False		pentapeptide		OPT1
w:desigual	word	desigual	1	367	13	21521	4.510794382728988	0.20041734589618432	AT5G49320	False	1.0		False		desigual		AT5G49320
w:elongated	word	elongated	1	367	13	21521	4.510794382728988	0.20041734589618432	AT5G02200	False	1.0		False		elongated		FHL
w:knotted	word	knotted	1	367	13	21521	4.510794382728988	0.20041734589618432	AT3G47460	False	1.0		False		knotted		ATSMC2
p:methylerythritol phosphate	phrase	methylerythritol phosphate	1	367	13	21521	4.510794382728988	0.20041734589618432	AT4G34350	False	1.0		False		methylerythritol phosphate		HDR
w:methylerythritol	word	methylerythritol	1	367	13	21521	4.510794382728988	0.20041734589618432	AT4G34350	False	1.0		False		methylerythritol		HDR
p:water loss	phrase	water loss	1	367	13	21521	4.510794382728988	0.20041734589618432	AT4G33950	False	1.0		False		water loss		OST1
w:avirulent	word	avirulent	1	367	13	21521	4.510794382728988	0.20041734589618432	AT4G33950	False	1.0		False		avirulent		OST1
w:greening	word	greening	1	367	13	21521	4.510794382728988	0.20041734589618432	AT4G31780	False	1.0		False		greening		MGD1
w:pentakisphosphate	word	pentakisphosphate	1	367	13	21521	4.510794382728988	0.20041734589618432	AT4G03960	False	1.0		False		pentakisphosphate		PFA-DSP4
w:phosphoryl	word	phosphoryl	1	367	13	21521	4.510794382728988	0.20041734589618432	AT4G04040	False	1.0		False		phosphoryl		MEE51
p:hydrogen symport	phrase	hydrogen symport	1	367	13	21521	4.510794382728988	0.20041734589618432	AT4G02050	False	1.0		False		hydrogen symport		STP7
p:neutral solute	phrase	neutral solute	1	367	13	21521	4.510794382728988	0.20041734589618432	AT4G01470	False	1.0		False		neutral solute		TIP1;3
w:cauliflower	word	cauliflower	1	367	13	21521	4.510794382728988	0.20041734589618432	AT1G22070	False	1.0		False		cauliflower		TGA3
k:Sulfate transport	keyword	Sulfate transport	1	367	13	21521	4.510794382728988	0.20041734589618432	AT1G22150	False	1.0		False		Sulfate transport		SULTR1;3
k:Chitin-binding	keyword	Chitin-binding	1	367	13	21521	4.510794382728988	0.20041734589618432	AT3G12500	False	1.0		False		Chitin-binding		HCHIB
w:caffeate	word	caffeate	1	367	13	21521	4.510794382728988	0.20041734589618432	AT3G21230	False	1.0		False		caffeate		4CL5
p:final coa	phrase	final coa	1	367	13	21521	4.510794382728988	0.20041734589618432	AT3G21230	False	1.0		False		final coa		4CL5
w:ferulate	word	ferulate	1	367	13	21521	4.510794382728988	0.20041734589618432	AT3G21230	False	1.0		False		ferulate		4CL5
w:pld	word	pld	1	367	13	21521	4.510794382728988	0.20041734589618432	AT3G05630	False	1.0		False		pld		PLDP2
w:germinating	word	germinating	1	367	13	21521	4.510794382728988	0.20041734589618432	AT1G13300	False	1.0		False		germinating		HRS1
w:cpn	word	cpn	1	367	13	21521	4.510794382728988	0.20041734589618432	AT1G69770	False	1.0		False		cpn		CMT3
p:trypsin inhibitor	phrase	trypsin inhibitor	1	367	13	21521	4.510794382728988	0.20041734589618432	AT2G43535	False	1.0		False		trypsin inhibitor		ATTI4
w:siamese	word	siamese	1	367	13	21521	4.510794382728988	0.20041734589618432	AT1G08180	False	1.0		False		siamese		SMR2
w:overly	word	overly	1	367	13	21521	4.510794382728988	0.20041734589618432	AT1G14660	False	1.0		False		overly		NHX8
p:pollen grain	phrase	pollen grain	1	367	13	21521	4.510794382728988	0.20041734589618432	AT1G09780	False	1.0		False		pollen grain		iPGAM1
k:Antioxidant	keyword	Antioxidant	1	367	13	21521	4.510794382728988	0.20041734589618432	AT1G60740	False	1.0		False		Antioxidant		PRXIID
w:detoxifying	word	detoxifying	1	367	13	21521	4.510794382728988	0.20041734589618432	AT1G60740	False	1.0		False		detoxifying		PRXIID
p:monooxygenase fmo	phrase	monooxygenase fmo	1	367	13	21521	4.510794382728988	0.20041734589618432	AT1G62540	False	1.0		False		monooxygenase fmo		FMOGS-OX2
p:monooxygenase glucosinolate	phrase	monooxygenase glucosinolate	1	367	13	21521	4.510794382728988	0.20041734589618432	AT1G62540	False	1.0		False		monooxygenase glucosinolate		FMOGS-OX2
p:methylthioalkyl glucosinolate	phrase	methylthioalkyl glucosinolate	1	367	13	21521	4.510794382728988	0.20041734589618432	AT1G62540	False	1.0		False		methylthioalkyl glucosinolate		FMOGS-OX2
p:flavin monooxygenase	phrase	flavin monooxygenase	1	367	13	21521	4.510794382728988	0.20041734589618432	AT1G62540	False	1.0		False		flavin monooxygenase		FMOGS-OX2
w:methylthioalkyl	word	methylthioalkyl	1	367	13	21521	4.510794382728988	0.20041734589618432	AT1G62540	False	1.0		False		methylthioalkyl		FMOGS-OX2
w:gpp	word	gpp	1	367	13	21521	4.510794382728988	0.20041734589618432	AT2G38740	False	1.0		False		gpp		SGPP
p:seed longevity	phrase	seed longevity	1	367	13	21521	4.510794382728988	0.20041734589618432	AT2G26130	False	1.0		False		seed longevity		RSL1
k:Galactose metabolism	keyword	Galactose metabolism	1	367	14	21521	4.188594783962632	0.21406095915897488	AT1G56600	False	1.0		False		Galactose metabolism		GolS2
p:phase change	phrase	phase change	1	367	14	21521	4.188594783962632	0.21406095915897488	AT5G20320	False	1.0		False		phase change		DCL4
p:varying acyl	phrase	varying acyl	1	367	14	21521	4.188594783962632	0.21406095915897488	AT5G16080	False	1.0		False		varying acyl		CXE17
w:aps	word	aps	1	367	14	21521	4.188594783962632	0.21406095915897488	AT5G64000	False	1.0		False		aps		SAL2
w:nucleotidase	word	nucleotidase	1	367	14	21521	4.188594783962632	0.21406095915897488	AT5G64000	False	1.0		False		nucleotidase		SAL2
w:toxicity	word	toxicity	1	367	14	21521	4.188594783962632	0.21406095915897488	AT5G64000	False	1.0		False		toxicity		SAL2
p:avirulence induced	phrase	avirulence induced	1	367	14	21521	4.188594783962632	0.21406095915897488	AT5G39720	False	1.0		False		avirulence induced		AIG2L
w:flooding	word	flooding	1	367	14	21521	4.188594783962632	0.21406095915897488	AT5G01810	False	1.0		False		flooding		CIPK15
w:glucosamine	word	glucosamine	1	367	14	21521	4.188594783962632	0.21406095915897488	AT3G49360	False	1.0		False		glucosamine		PGL2
w:lacking	word	lacking	1	367	14	21521	4.188594783962632	0.21406095915897488	AT4G38740	False	1.0		False		lacking		ROC1
w:young	word	young	1	367	14	21521	4.188594783962632	0.21406095915897488	AT4G31780	False	1.0		False		young		MGD1
w:hypoxic	word	hypoxic	1	367	14	21521	4.188594783962632	0.21406095915897488	AT4G28610	False	1.0		False		hypoxic		PHR1
w:chelate	word	chelate	1	367	14	21521	4.188594783962632	0.21406095915897488	AT4G12980	False	1.0		False		chelate		AT4G12980
p:glucan backbone	phrase	glucan backbone	1	367	14	21521	4.188594783962632	0.21406095915897488	AT4G07960	False	1.0		False		glucan backbone		CSLC12
w:sulp	word	sulp	1	367	14	21521	4.188594783962632	0.21406095915897488	AT1G22150	False	1.0		False		sulp		SULTR1;3
p:sulp transporter	phrase	sulp transporter	1	367	14	21521	4.188594783962632	0.21406095915897488	AT1G22150	False	1.0		False		sulp transporter		SULTR1;3
p:sgnh hydrolase	phrase	sgnh hydrolase	1	367	14	21521	4.188594783962632	0.21406095915897488	AT3G11210	False	1.0		False		sgnh hydrolase		CPRD49
w:cinnamic	word	cinnamic	1	367	14	21521	4.188594783962632	0.21406095915897488	AT3G21230	False	1.0		False		cinnamic		4CL5
w:thioesterification	word	thioesterification	1	367	14	21521	4.188594783962632	0.21406095915897488	AT3G21230	False	1.0		False		thioesterification		4CL5
w:wherein	word	wherein	1	367	14	21521	4.188594783962632	0.21406095915897488	AT3G21230	False	1.0		False		wherein		4CL5
p:undergoe adenylation	phrase	undergoe adenylation	1	367	14	21521	4.188594783962632	0.21406095915897488	AT3G21230	False	1.0		False		undergoe adenylation		4CL5
p:hyperosmolality gated	phrase	hyperosmolality gated	1	367	14	21521	4.188594783962632	0.21406095915897488	AT3G21620	False	1.0		False		hyperosmolality gated		OSCA1.5
w:hyperosmolality	word	hyperosmolality	1	367	14	21521	4.188594783962632	0.21406095915897488	AT3G21620	False	1.0		False		hyperosmolality		OSCA1.5
p:starch granule	phrase	starch granule	1	367	14	21521	4.188594783962632	0.21406095915897488	AT1G32900	False	1.0		False		starch granule		GBSS1
w:leafy	word	leafy	1	367	14	21521	4.188594783962632	0.21406095915897488	AT1G65480	False	1.0		False		leafy		FT
w:supercomplex	word	supercomplex	1	367	14	21521	4.188594783962632	0.21406095915897488	AT1G55480	False	1.0		False		supercomplex		ZKT
p:methylsulfinylalkyl glucosinolate	phrase	methylsulfinylalkyl glucosinolate	1	367	14	21521	4.188594783962632	0.21406095915897488	AT1G62540	False	1.0		False		methylsulfinylalkyl glucosinolate		FMOGS-OX2
w:methylsulfinylalkyl	word	methylsulfinylalkyl	1	367	14	21521	4.188594783962632	0.21406095915897488	AT1G62540	False	1.0		False		methylsulfinylalkyl		FMOGS-OX2
p:subcellular compartment	phrase	subcellular compartment	1	367	14	21521	4.188594783962632	0.21406095915897488	AT2G33770	False	1.0		False		subcellular compartment		PHO2
w:galactinol	word	galactinol	1	367	15	21521	3.909355131698456	0.22747238929747182	AT1G56600	False	1.0		False		galactinol		GolS2
p:superoxide radical	phrase	superoxide radical	1	367	15	21521	3.909355131698456	0.22747238929747182	AT1G56600	False	1.0		False		superoxide radical		GolS2
w:micrornas	word	micrornas	1	367	15	21521	3.909355131698456	0.22747238929747182	AT5G20320	False	1.0		False		micrornas		DCL4
w:varying	word	varying	1	367	15	21521	3.909355131698456	0.22747238929747182	AT5G16080	False	1.0		False		varying		CXE17
w:escape	word	escape	1	367	15	21521	3.909355131698456	0.22747238929747182	AT5G67440	False	1.0		False		escape		NPY3
p:phytophthora infestan	phrase	phytophthora infestan	1	367	15	21521	3.909355131698456	0.22747238929747182	AT5G60270	False	1.0		False		phytophthora infestan		LECRK17
w:infestan	word	infestan	1	367	15	21521	3.909355131698456	0.22747238929747182	AT5G60270	False	1.0		False		infestan		LECRK17
p:pathogenic oomycete	phrase	pathogenic oomycete	1	367	15	21521	3.909355131698456	0.22747238929747182	AT5G60270	False	1.0		False		pathogenic oomycete		LECRK17
w:mlo	word	mlo	1	367	15	21521	3.909355131698456	0.22747238929747182	AT5G53760	False	1.0		False		mlo		MLO11
p:transmembrane mlo	phrase	transmembrane mlo	1	367	15	21521	3.909355131698456	0.22747238929747182	AT5G53760	False	1.0		False		transmembrane mlo		MLO11
p:stranded telomeric	phrase	stranded telomeric	1	367	15	21521	3.909355131698456	0.22747238929747182	AT5G13820	False	1.0		False		stranded telomeric		TBP1
w:enantiomer	word	enantiomer	1	367	15	21521	3.909355131698456	0.22747238929747182	AT5G07460	False	1.0		False		enantiomer		PMSR2
w:inactivated	word	inactivated	1	367	15	21521	3.909355131698456	0.22747238929747182	AT5G07460	False	1.0		False		inactivated		PMSR2
w:phosphogluconate	word	phosphogluconate	1	367	15	21521	3.909355131698456	0.22747238929747182	AT3G49360	False	1.0		False		phosphogluconate		PGL2
w:introduce	word	introduce	1	367	15	21521	3.909355131698456	0.22747238929747182	AT3G47460	False	1.0		False		introduce		ATSMC2
p:dimethylallyl diphosphate	phrase	dimethylallyl diphosphate	1	367	15	21521	3.909355131698456	0.22747238929747182	AT4G34350	False	1.0		False		dimethylallyl diphosphate		HDR
w:pst	word	pst	1	367	15	21521	3.909355131698456	0.22747238929747182	AT4G33950	False	1.0		False		pst		OST1
w:riboflavin	word	riboflavin	1	367	15	21521	3.909355131698456	0.22747238929747182	AT4G21470	False	1.0		False		riboflavin		FMN/FHY
w:endodermis	word	endodermis	1	367	15	21521	3.909355131698456	0.22747238929747182	AT1G31480	False	1.0		False		endodermis		SGR2
w:carboxylation	word	carboxylation	1	367	15	21521	3.909355131698456	0.22747238929747182	AT3G14940	False	1.0		False		carboxylation		PPC3
k:Phenylpropanoid metabolism	keyword	Phenylpropanoid metabolism	1	367	15	21521	3.909355131698456	0.22747238929747182	AT3G21230	False	1.0		False		Phenylpropanoid metabolism		4CL5
w:coumarin	word	coumarin	1	367	15	21521	3.909355131698456	0.22747238929747182	AT3G21230	False	1.0		False		coumarin		4CL5
p:calcium permeable	phrase	calcium permeable	1	367	15	21521	3.909355131698456	0.22747238929747182	AT3G21620	False	1.0		False		calcium permeable		OSCA1.5
p:constitutive heterochromatin	phrase	constitutive heterochromatin	1	367	15	21521	3.909355131698456	0.22747238929747182	AT1G69770	False	1.0		False		constitutive heterochromatin		CMT3
p:glutathione peroxidase	phrase	glutathione peroxidase	1	367	15	21521	3.909355131698456	0.22747238929747182	AT2G48150	False	1.0		False		glutathione peroxidase		GPX4
w:spermine	word	spermine	1	367	15	21521	3.909355131698456	0.22747238929747182	AT1G65840	False	1.0		False		spermine		PAO4
p:amine oxidase	phrase	amine oxidase	1	367	15	21521	3.909355131698456	0.22747238929747182	AT1G65840	False	1.0		False		amine oxidase		PAO4
p:monoamine oxidase	phrase	monoamine oxidase	1	367	15	21521	3.909355131698456	0.22747238929747182	AT1G65840	False	1.0		False		monoamine oxidase		PAO4
w:monoamine	word	monoamine	1	367	15	21521	3.909355131698456	0.22747238929747182	AT1G65840	False	1.0		False		monoamine		PAO4
p:triacylglycerol lipase	phrase	triacylglycerol lipase	1	367	15	21521	3.909355131698456	0.22747238929747182	AT2G31690	False	1.0		False		triacylglycerol lipase		DALL5
w:riboside	word	riboside	1	367	15	21521	3.909355131698456	0.22747238929747182	AT2G28305	False	1.0		False		riboside		LOG1
w:exert	word	exert	1	367	15	21521	3.909355131698456	0.22747238929747182	AT2G45130	False	1.0		False		exert		SPX3
w:cytidylyltransferase	word	cytidylyltransferase	1	367	15	21521	3.909355131698456	0.22747238929747182	AT2G32260	False	1.0		False		cytidylyltransferase		CCT1
p:interfering rnas	phrase	interfering rnas	1	367	16	21521	3.6650204359673024	0.24065557692547465	AT5G20320	False	1.0		False		interfering rnas		DCL4
w:capsici	word	capsici	1	367	16	21521	3.6650204359673024	0.24065557692547465	AT5G60270	False	1.0		False		capsici		LECRK17
p:oomycete phytophthora	phrase	oomycete phytophthora	1	367	16	21521	3.6650204359673024	0.24065557692547465	AT5G60270	False	1.0		False		oomycete phytophthora		LECRK17
p:phytophthora capsici	phrase	phytophthora capsici	1	367	16	21521	3.6650204359673024	0.24065557692547465	AT5G60270	False	1.0		False		phytophthora capsici		LECRK17
p:mismatch repair	phrase	mismatch repair	1	367	16	21521	3.6650204359673024	0.24065557692547465	AT5G54090	False	1.0		False		mismatch repair		MJP23.7
w:restoring	word	restoring	1	367	16	21521	3.6650204359673024	0.24065557692547465	AT5G07460	False	1.0		False		restoring		PMSR2
w:energized	word	energized	1	367	16	21521	3.6650204359673024	0.24065557692547465	AT3G60160	False	1.0		False		energized		ABCC9
p:reversible hydration	phrase	reversible hydration	1	367	16	21521	3.6650204359673024	0.24065557692547465	AT3G52720	False	1.0		False		reversible hydration		ACA1
w:interphase	word	interphase	1	367	16	21521	3.6650204359673024	0.24065557692547465	AT3G47460	False	1.0		False		interphase		ATSMC2
w:saga	word	saga	1	367	16	21521	3.6650204359673024	0.24065557692547465	AT4G34590	False	1.0		False		saga		GBF6
w:acs	word	acs	1	367	16	21521	3.6650204359673024	0.24065557692547465	AT4G26200	False	1.0		False		acs		ACS7
k:Ethylene biosynthesis	keyword	Ethylene biosynthesis	1	367	16	21521	3.6650204359673024	0.24065557692547465	AT4G26200	False	1.0		False		Ethylene biosynthesis		ACS7
k:Seed storage protein	keyword	Seed storage protein	1	367	16	21521	3.6650204359673024	0.24065557692547465	AT4G02640	False	1.0		False		Seed storage protein		BZO2H1
w:fcs	word	fcs	1	367	16	21521	3.6650204359673024	0.24065557692547465	AT1G19200	False	1.0		False		fcs		FLZ12
p:conferring tissue	phrase	conferring tissue	1	367	16	21521	3.6650204359673024	0.24065557692547465	AT1G19200	False	1.0		False		conferring tissue		FLZ12
w:flz	word	flz	1	367	16	21521	3.6650204359673024	0.24065557692547465	AT1G19200	False	1.0		False		flz		FLZ12
p:pyrimidine nucleobase	phrase	pyrimidine nucleobase	1	367	16	21521	3.6650204359673024	0.24065557692547465	AT3G27190	False	1.0		False		pyrimidine nucleobase		UKL2
p:coumarate coa	phrase	coumarate coa	1	367	16	21521	3.6650204359673024	0.24065557692547465	AT3G21230	False	1.0		False		coumarate coa		4CL5
w:coumaroyl	word	coumaroyl	1	367	16	21521	3.6650204359673024	0.24065557692547465	AT3G21230	False	1.0		False		coumaroyl		4CL5
w:gal	word	gal	1	367	16	21521	3.6650204359673024	0.24065557692547465	AT3G02870	False	1.0		False		gal		VTC4
w:tor	word	tor	1	367	16	21521	3.6650204359673024	0.24065557692547465	AT3G08720	False	1.0		False		tor		S6K2
w:glabrous	word	glabrous	1	367	16	21521	3.6650204359673024	0.24065557692547465	AT3G03260	False	1.0		False		glabrous		HDG8
k:Microsome	keyword	Microsome	1	367	16	21521	3.6650204359673024	0.24065557692547465	AT3G03310	False	1.0		False		Microsome		LCAT3
p:stomatal lineage	phrase	stomatal lineage	1	367	17	21521	3.4494309985574607	0.2536143959567861	AT4G14770	False	1.0		False		stomatal lineage		TCX2
w:establish	word	establish	1	367	17	21521	3.4494309985574607	0.2536143959567861	AT5G67440	False	1.0		False		establish		NPY3
p:exported transporter	phrase	exported transporter	1	367	17	21521	3.4494309985574607	0.2536143959567861	AT5G50790	False	1.0		False		exported transporter		SWEET10
p:bidirectional sugar	phrase	bidirectional sugar	1	367	17	21521	3.4494309985574607	0.2536143959567861	AT5G50790	False	1.0		False		bidirectional sugar		SWEET10
p:sweet sugar	phrase	sweet sugar	1	367	17	21521	3.4494309985574607	0.2536143959567861	AT5G50790	False	1.0		False		sweet sugar		SWEET10
p:telomere maintenance	phrase	telomere maintenance	1	367	17	21521	3.4494309985574607	0.2536143959567861	AT5G13820	False	1.0		False		telomere maintenance		TBP1
p:carbonate dehydratase	phrase	carbonate dehydratase	1	367	17	21521	3.4494309985574607	0.2536143959567861	AT3G52720	False	1.0		False		carbonate dehydratase		ACA1
p:rab gap	phrase	rab gap	1	367	17	21521	3.4494309985574607	0.2536143959567861	AT3G49350	False	1.0		False		rab gap		AT3G49350
w:modify	word	modify	1	367	17	21521	3.4494309985574607	0.2536143959567861	AT4G30270	False	1.0		False		modify		XTH24
p:hexose transporter	phrase	hexose transporter	1	367	17	21521	3.4494309985574607	0.2536143959567861	AT4G02050	False	1.0		False		hexose transporter		STP7
p:beta fructofuranosidase	phrase	beta fructofuranosidase	1	367	17	21521	3.4494309985574607	0.2536143959567861	AT1G55120	False	1.0		False		beta fructofuranosidase		FRUCT5
w:fructofuranosidase	word	fructofuranosidase	1	367	17	21521	3.4494309985574607	0.2536143959567861	AT1G55120	False	1.0		False		fructofuranosidase		FRUCT5
w:sgnh	word	sgnh	1	367	17	21521	3.4494309985574607	0.2536143959567861	AT3G11210	False	1.0		False		sgnh		CPRD49
w:phosphatidate	word	phosphatidate	1	367	17	21521	3.4494309985574607	0.2536143959567861	AT3G09560	False	1.0		False		phosphatidate		PAH1
w:glabra	word	glabra	1	367	17	21521	3.4494309985574607	0.2536143959567861	AT3G03260	False	1.0		False		glabra		HDG8
w:suppressing	word	suppressing	1	367	17	21521	3.4494309985574607	0.2536143959567861	AT1G13300	False	1.0		False		suppressing		HRS1
w:obg	word	obg	1	367	17	21521	3.4494309985574607	0.2536143959567861	AT1G23140	False	1.0		False		obg		CAR8
w:preferential	word	preferential	1	367	17	21521	3.4494309985574607	0.2536143959567861	AT2G38740	False	1.0		False		preferential		SGPP
p:hydrolytic mechanism	phrase	hydrolytic mechanism	1	367	18	21521	3.2577959430820465	0.26635265473114716	AT5G20320	False	1.0		False		hydrolytic mechanism		DCL4
w:antiviral	word	antiviral	1	367	18	21521	3.2577959430820465	0.26635265473114716	AT5G20320	False	1.0		False		antiviral		DCL4
w:groe	word	groe	1	367	18	21521	3.2577959430820465	0.26635265473114716	AT5G61510	False	1.0		False		groe		AT5G61510
w:phytophthora	word	phytophthora	1	367	18	21521	3.2577959430820465	0.26635265473114716	AT5G60270	False	1.0		False		phytophthora		LECRK17
p:octicosapeptide phox	phrase	octicosapeptide phox	1	367	18	21521	3.2577959430820465	0.26635265473114716	AT5G57610	False	1.0		False		octicosapeptide phox		MUA2.19
w:octicosapeptide	word	octicosapeptide	1	367	18	21521	3.2577959430820465	0.26635265473114716	AT5G57610	False	1.0		False		octicosapeptide		MUA2.19
w:primarily	word	primarily	1	367	18	21521	3.2577959430820465	0.26635265473114716	AT5G49330	False	1.0		False		primarily		MYB111
w:ent	word	ent	1	367	18	21521	3.2577959430820465	0.26635265473114716	AT3G57250	False	1.0		False		ent		AT3G57250
w:carbonic	word	carbonic	1	367	18	21521	3.2577959430820465	0.26635265473114716	AT3G52720	False	1.0		False		carbonic		ACA1
p:carbonic anhydrase	phrase	carbonic anhydrase	1	367	18	21521	3.2577959430820465	0.26635265473114716	AT3G52720	False	1.0		False		carbonic anhydrase		ACA1
w:anhydrase	word	anhydrase	1	367	18	21521	3.2577959430820465	0.26635265473114716	AT3G52720	False	1.0		False		anhydrase		ACA1
w:carbonate	word	carbonate	1	367	18	21521	3.2577959430820465	0.26635265473114716	AT3G52720	False	1.0		False		carbonate		ACA1
w:ypt	word	ypt	1	367	18	21521	3.2577959430820465	0.26635265473114716	AT3G49350	False	1.0		False		ypt		AT3G49350
p:ypt rab	phrase	ypt rab	1	367	18	21521	3.2577959430820465	0.26635265473114716	AT3G49350	False	1.0		False		ypt rab		AT3G49350
w:barrier	word	barrier	1	367	18	21521	3.2577959430820465	0.26635265473114716	AT4G33770	False	1.0		False		barrier		ITPK2
p:permeable channel	phrase	permeable channel	1	367	18	21521	3.2577959430820465	0.26635265473114716	AT3G21620	False	1.0		False		permeable channel		OSCA1.5
p:concomitant activation	phrase	concomitant activation	1	367	18	21521	3.2577959430820465	0.26635265473114716	AT3G05490	False	1.0		False		concomitant activation		RALFL22
p:transient increase	phrase	transient increase	1	367	18	21521	3.2577959430820465	0.26635265473114716	AT3G05490	False	1.0		False		transient increase		RALFL22
p:intracellular mitogen	phrase	intracellular mitogen	1	367	18	21521	3.2577959430820465	0.26635265473114716	AT3G05490	False	1.0		False		intracellular mitogen		RALFL22
w:mannosidase	word	mannosidase	1	367	18	21521	3.2577959430820465	0.26635265473114716	AT1G02310	False	1.0		False		mannosidase		MAN1
k:Protein kinase inhibitor	keyword	Protein kinase inhibitor	1	367	18	21521	3.2577959430820465	0.26635265473114716	AT1G08180	False	1.0		False		Protein kinase inhibitor		SMR2
p:xylem vessel	phrase	xylem vessel	1	367	18	21521	3.2577959430820465	0.26635265473114716	AT1G68740	False	1.0		False		xylem vessel		PHO1;H1
w:back	word	back	1	367	18	21521	3.2577959430820465	0.26635265473114716	AT1G65840	False	1.0		False		back		PAO4
w:rosette	word	rosette	1	367	18	21521	3.2577959430820465	0.26635265473114716	AT1G65480	False	1.0		False		rosette		FT
p:meristem determinacy	phrase	meristem determinacy	1	367	18	21521	3.2577959430820465	0.26635265473114716	AT1G65480	False	1.0		False		meristem determinacy		FT
w:pyl	word	pyl	1	367	18	21521	3.2577959430820465	0.26635265473114716	AT1G23140	False	1.0		False		pyl		CAR8
w:pyr	word	pyr	1	367	18	21521	3.2577959430820465	0.26635265473114716	AT1G23140	False	1.0		False		pyr		CAR8
p:pyl rcar	phrase	pyl rcar	1	367	18	21521	3.2577959430820465	0.26635265473114716	AT1G23140	False	1.0		False		pyl rcar		CAR8
p:pyr pyl	phrase	pyr pyl	1	367	18	21521	3.2577959430820465	0.26635265473114716	AT1G23140	False	1.0		False		pyr pyl		CAR8
w:rcar	word	rcar	1	367	18	21521	3.2577959430820465	0.26635265473114716	AT1G23140	False	1.0		False		rcar		CAR8
p:rcar abscisic	phrase	rcar abscisic	1	367	18	21521	3.2577959430820465	0.26635265473114716	AT1G23140	False	1.0		False		rcar abscisic		CAR8
w:recovery	word	recovery	1	367	18	21521	3.2577959430820465	0.26635265473114716	AT2G44450	False	1.0		False		recovery		BGLU15
w:transgene	word	transgene	1	367	19	21521	3.0863329987093073	0.2788740971212166	AT5G20320	False	1.0		False		transgene		DCL4
w:gdxg	word	gdxg	1	367	19	21521	3.0863329987093073	0.2788740971212166	AT5G16080	False	1.0		False		gdxg		CXE17
p:gdxg lipolytic	phrase	gdxg lipolytic	1	367	19	21521	3.0863329987093073	0.2788740971212166	AT5G16080	False	1.0		False		gdxg lipolytic		CXE17
k:Serine esterase	keyword	Serine esterase	1	367	19	21521	3.0863329987093073	0.2788740971212166	AT5G16080	False	1.0		False		Serine esterase		CXE17
p:glutamate gated	phrase	glutamate gated	1	367	19	21521	3.0863329987093073	0.2788740971212166	AT5G27100	False	1.0		False		glutamate gated		GLR2.1
p:photoperiodic flowering	phrase	photoperiodic flowering	1	367	19	21521	3.0863329987093073	0.2788740971212166	AT5G62430	False	1.0		False		photoperiodic flowering		CDF1
w:multifunctional	word	multifunctional	1	367	19	21521	3.0863329987093073	0.2788740971212166	AT5G61510	False	1.0		False		multifunctional		AT5G61510
w:genomic	word	genomic	1	367	19	21521	3.0863329987093073	0.2788740971212166	AT5G49160	False	1.0		False		genomic		MET1
p:start site	phrase	start site	1	367	19	21521	3.0863329987093073	0.2788740971212166	AT5G39760	False	1.0		False		start site		HB23
w:lipoprotein	word	lipoprotein	1	367	19	21521	3.0863329987093073	0.2788740971212166	AT5G17340	False	1.0		False		lipoprotein		MKP11.1
w:interface	word	interface	1	367	19	21521	3.0863329987093073	0.2788740971212166	AT5G01220	False	1.0		False		interface		SQD2
w:condensed	word	condensed	1	367	19	21521	3.0863329987093073	0.2788740971212166	AT3G47460	False	1.0		False		condensed		ATSMC2
w:phosphorylase	word	phosphorylase	1	367	19	21521	3.0863329987093073	0.2788740971212166	AT3G46970	False	1.0		False		phosphorylase		PHS2
w:phototransduction	word	phototransduction	1	367	19	21521	3.0863329987093073	0.2788740971212166	AT4G38740	False	1.0		False		phototransduction		ROC1
p:light phototransduction	phrase	light phototransduction	1	367	19	21521	3.0863329987093073	0.2788740971212166	AT4G38740	False	1.0		False		light phototransduction		ROC1
p:triglyceride biosynthetic	phrase	triglyceride biosynthetic	1	367	19	21521	3.0863329987093073	0.2788740971212166	AT4G33950	False	1.0		False		triglyceride biosynthetic		OST1
w:closed	word	closed	1	367	19	21521	3.0863329987093073	0.2788740971212166	AT4G33950	False	1.0		False		closed		OST1
w:camp	word	camp	1	367	19	21521	3.0863329987093073	0.2788740971212166	AT4G13000	False	1.0		False		camp		AT4G13000
w:work	word	work	1	367	19	21521	3.0863329987093073	0.2788740971212166	AT4G07960	False	1.0		False		work		CSLC12
p:pathogen pseudomonas	phrase	pathogen pseudomonas	1	367	19	21521	3.0863329987093073	0.2788740971212166	AT4G03960	False	1.0		False		pathogen pseudomonas		PFA-DSP4
w:biotrophic	word	biotrophic	1	367	19	21521	3.0863329987093073	0.2788740971212166	AT4G02640	False	1.0		False		biotrophic		BZO2H1
w:methoxy	word	methoxy	1	367	19	21521	3.0863329987093073	0.2788740971212166	AT3G21230	False	1.0		False		methoxy		4CL5
p:coa thioester	phrase	coa thioester	1	367	19	21521	3.0863329987093073	0.2788740971212166	AT3G21230	False	1.0		False		coa thioester		4CL5
w:follow	word	follow	1	367	19	21521	3.0863329987093073	0.2788740971212166	AT3G21230	False	1.0		False		follow		4CL5
p:generate phosphatidic	phrase	generate phosphatidic	1	367	19	21521	3.0863329987093073	0.2788740971212166	AT3G05630	False	1.0		False		generate phosphatidic		PLDP2
w:ralf	word	ralf	1	367	19	21521	3.0863329987093073	0.2788740971212166	AT3G05490	False	1.0		False		ralf		RALFL22
p:rapid alkalinization	phrase	rapid alkalinization	1	367	19	21521	3.0863329987093073	0.2788740971212166	AT3G05490	False	1.0		False		rapid alkalinization		RALFL22
w:environment	word	environment	1	367	19	21521	3.0863329987093073	0.2788740971212166	AT1G13300	False	1.0		False		environment		HRS1
w:trypsin	word	trypsin	1	367	19	21521	3.0863329987093073	0.2788740971212166	AT2G43535	False	1.0		False		trypsin		ATTI4
k:Branched-chain amino acid biosynthesis	keyword	Branched-chain amino acid biosynthesis	1	367	19	21521	3.0863329987093073	0.2788740971212166	AT1G50110	False	1.0		False		Branched-chain amino acid biosynthesis		BCAT6
w:amine	word	amine	1	367	19	21521	3.0863329987093073	0.2788740971212166	AT1G65840	False	1.0		False		amine		PAO4
p:bundle assembly	phrase	bundle assembly	1	367	20	21521	2.9320163487738418	0.29118240362091513	AT4G15200	False	1.0		False		bundle assembly		FH3
w:inward	word	inward	1	367	20	21521	2.9320163487738418	0.29118240362091513	AT5G67440	False	1.0		False		inward		NPY3
p:fbd lrr	phrase	fbd lrr	1	367	20	21521	2.9320163487738418	0.29118240362091513	AT5G56570	False	1.0		False		fbd lrr		AT5G56570
w:dividing	word	dividing	1	367	20	21521	2.9320163487738418	0.29118240362091513	AT5G49160	False	1.0		False		dividing		MET1
w:establishing	word	establishing	1	367	20	21521	2.9320163487738418	0.29118240362091513	AT5G39760	False	1.0		False		establishing		HB23
w:phosphoribosyl	word	phosphoribosyl	1	367	20	21521	2.9320163487738418	0.29118240362091513	AT3G53620	False	1.0		False		phosphoribosyl		PPa4
w:treatment	word	treatment	1	367	20	21521	2.9320163487738418	0.29118240362091513	AT4G33950	False	1.0		False		treatment		OST1
w:transiently	word	transiently	1	367	20	21521	2.9320163487738418	0.29118240362091513	AT4G33950	False	1.0		False		transiently		OST1
w:coli	word	coli	1	367	20	21521	2.9320163487738418	0.29118240362091513	AT4G33950	False	1.0		False		coli		OST1
w:ketoglutarate	word	ketoglutarate	1	367	20	21521	2.9320163487738418	0.29118240362091513	AT4G18530	False	1.0		False		ketoglutarate		AT4G18530
w:indeterminate	word	indeterminate	1	367	20	21521	2.9320163487738418	0.29118240362091513	AT3G13810	False	1.0		False		indeterminate		IDD11
w:adenylation	word	adenylation	1	367	20	21521	2.9320163487738418	0.29118240362091513	AT3G21230	False	1.0		False		adenylation		4CL5
p:metallo phosphoesterase	phrase	metallo phosphoesterase	1	367	20	21521	2.9320163487738418	0.29118240362091513	AT3G17790	False	1.0		False		metallo phosphoesterase		PAP17
p:vacuolar sorting	phrase	vacuolar sorting	1	367	20	21521	2.9320163487738418	0.29118240362091513	AT3G04350	False	1.0		False		vacuolar sorting		AT3G04350
w:alkalinization	word	alkalinization	1	367	20	21521	2.9320163487738418	0.29118240362091513	AT3G05490	False	1.0		False		alkalinization		RALFL22
p:broad specificity	phrase	broad specificity	1	367	20	21521	2.9320163487738418	0.29118240362091513	AT1G10010	False	1.0		False		broad specificity		AAP8
w:parallel	word	parallel	1	367	20	21521	2.9320163487738418	0.29118240362091513	AT1G65480	False	1.0		False		parallel		FT
w:iid	word	iid	1	367	20	21521	2.9320163487738418	0.29118240362091513	AT1G60740	False	1.0		False		iid		PRXIID
w:retention	word	retention	1	367	20	21521	2.9320163487738418	0.29118240362091513	AT2G16595	False	1.0		False		retention		AT2G16595
w:galactoside	word	galactoside	1	367	20	21521	2.9320163487738418	0.29118240362091513	AT2G44450	False	1.0		False		galactoside		BGLU15
w:kcs	word	kcs	1	367	20	21521	2.9320163487738418	0.29118240362091513	AT2G26640	False	1.0		False		kcs		KCS11
p:non‑selective cation	phrase	non-selective cation	1	367	21	21521	2.792396522641754	0.303281192415442	AT5G27100	False	1.0		False		non-selective cation		GLR2.1
p:calcium influx	phrase	calcium influx	1	367	21	21521	2.792396522641754	0.303281192415442	AT5G27100	False	1.0		False		calcium influx		GLR2.1
p:damage sensor	phrase	damage sensor	1	367	21	21521	2.792396522641754	0.303281192415442	AT5G54090	False	1.0		False		damage sensor		MJP23.7
w:mismatch	word	mismatch	1	367	21	21521	2.792396522641754	0.303281192415442	AT5G54090	False	1.0		False		mismatch		MJP23.7
w:sweet	word	sweet	1	367	21	21521	2.792396522641754	0.303281192415442	AT5G50790	False	1.0		False		sweet		SWEET10
p:diphosphate derivative	phrase	diphosphate derivative	1	367	21	21521	2.792396522641754	0.303281192415442	AT5G47240	False	1.0		False		diphosphate derivative		NUDT8
w:transducer	word	transducer	1	367	21	21521	2.792396522641754	0.303281192415442	AT5G02200	False	1.0		False		transducer		FHL
w:phya	word	phya	1	367	21	21521	2.792396522641754	0.303281192415442	AT5G02200	False	1.0		False		phya		FHL
w:dimethylallyl	word	dimethylallyl	1	367	21	21521	2.792396522641754	0.303281192415442	AT4G34350	False	1.0		False		dimethylallyl		HDR
w:dmapp	word	dmapp	1	367	21	21521	2.792396522641754	0.303281192415442	AT4G34350	False	1.0		False		dmapp		HDR
w:block	word	block	1	367	21	21521	2.792396522641754	0.303281192415442	AT4G28610	False	1.0		False		block		PHR1
w:xylosyltransferase	word	xylosyltransferase	1	367	21	21521	2.792396522641754	0.303281192415442	AT4G07960	False	1.0		False		xylosyltransferase		CSLC12
w:amyloplast	word	amyloplast	1	367	21	21521	2.792396522641754	0.303281192415442	AT1G31480	False	1.0		False		amyloplast		SGR2
w:cmp	word	cmp	1	367	21	21521	2.792396522641754	0.303281192415442	AT3G27190	False	1.0		False		cmp		UKL2
p:lysine acetyltransferase	phrase	lysine acetyltransferase	1	367	21	21521	2.792396522641754	0.303281192415442	AT3G02980	False	1.0		False		lysine acetyltransferase		MCC1
p:oxylipin biosynthetic	phrase	oxylipin biosynthetic	1	367	21	21521	2.792396522641754	0.303281192415442	AT3G11670	False	1.0		False		oxylipin biosynthetic		DGD1
w:val	word	val	1	367	21	21521	2.792396522641754	0.303281192415442	AT3G03910	False	1.0		False		val		GDH3
w:pectic	word	pectic	1	367	21	21521	2.792396522641754	0.303281192415442	AT1G71695	False	1.0		False		pectic		PER12
w:putrescine	word	putrescine	1	367	21	21521	2.792396522641754	0.303281192415442	AT1G65840	False	1.0		False		putrescine		PAO4
k:Cytokinin biosynthesis	keyword	Cytokinin biosynthesis	1	367	21	21521	2.792396522641754	0.303281192415442	AT2G28305	False	1.0		False		Cytokinin biosynthesis		LOG1
w:longevity	word	longevity	1	367	21	21521	2.792396522641754	0.303281192415442	AT2G26130	False	1.0		False		longevity		RSL1
p:vlcfa condensing	phrase	vlcfa condensing	1	367	21	21521	2.792396522641754	0.303281192415442	AT2G26640	False	1.0		False		vlcfa condensing		KCS11
w:eventually	word	eventually	1	367	22	21521	2.66546940797622	0.31517402043328074	AT5G50790	False	1.0		False		eventually		SWEET10
w:flippase	word	flippase	1	367	22	21521	2.66546940797622	0.31517402043328074	AT5G44240	False	1.0		False		flippase		ALA2
p:transferring phosphorus	phrase	transferring phosphorus	1	367	22	21521	2.66546940797622	0.31517402043328074	AT3G56040	False	1.0		False		transferring phosphorus		UGP3
w:hydration	word	hydration	1	367	22	21521	2.66546940797622	0.31517402043328074	AT3G52720	False	1.0		False		hydration		ACA1
p:phosphate shunt	phrase	phosphate shunt	1	367	22	21521	2.66546940797622	0.31517402043328074	AT3G49360	False	1.0		False		phosphate shunt		PGL2
w:decreasing	word	decreasing	1	367	22	21521	2.66546940797622	0.31517402043328074	AT4G38740	False	1.0		False		decreasing		ROC1
w:hexakisphosphate	word	hexakisphosphate	1	367	22	21521	2.66546940797622	0.31517402043328074	AT4G33770	False	1.0		False		hexakisphosphate		ITPK2
w:cgmp	word	cgmp	1	367	22	21521	2.66546940797622	0.31517402043328074	AT4G13000	False	1.0		False		cgmp		AT4G13000
w:bis	word	bis	1	367	22	21521	2.66546940797622	0.31517402043328074	AT4G03960	False	1.0		False		bis		PFA-DSP4
p:resistance exporter	phrase	resistance exporter	1	367	22	21521	2.66546940797622	0.31517402043328074	AT3G28360	False	1.0		False		resistance exporter		ABCB16
w:chorismate	word	chorismate	1	367	22	21521	2.66546940797622	0.31517402043328074	AT1G22410	False	1.0		False		chorismate		AT1G22410
w:strong	word	strong	1	367	22	21521	2.66546940797622	0.31517402043328074	AT2G31690	False	1.0		False		strong		DALL5
w:autonomous	word	autonomous	1	367	22	21521	2.66546940797622	0.31517402043328074	AT1G65480	False	1.0		False		autonomous		FT
p:phosphoprotein phosphatase	phrase	phosphoprotein phosphatase	1	367	22	21521	2.66546940797622	0.31517402043328074	AT1G03445	False	1.0		False		phosphoprotein phosphatase		BSU1
p:condensing enzyme	phrase	condensing enzyme	1	367	22	21521	2.66546940797622	0.31517402043328074	AT2G26640	False	1.0		False		condensing enzyme		KCS11
w:condensing	word	condensing	1	367	22	21521	2.66546940797622	0.31517402043328074	AT2G26640	False	1.0		False		condensing		KCS11
p:filament bundle	phrase	filament bundle	1	367	23	21521	2.5495794337163846	0.32686438438048704	AT4G15200	False	1.0		False		filament bundle		FH3
p:polarity specification	phrase	polarity specification	1	367	23	21521	2.5495794337163846	0.32686438438048704	AT5G20320	False	1.0		False		polarity specification		DCL4
w:non‑selective	word	non-selective	1	367	23	21521	2.5495794337163846	0.32686438438048704	AT5G27100	False	1.0		False		non-selective		GLR2.1
p:ligand gated	phrase	ligand gated	1	367	23	21521	2.5495794337163846	0.32686438438048704	AT5G27100	False	1.0		False		ligand gated		GLR2.1
w:phosphatidylserine	word	phosphatidylserine	1	367	23	21521	2.5495794337163846	0.32686438438048704	AT5G44240	False	1.0		False		phosphatidylserine		ALA2
w:sulfotransferase	word	sulfotransferase	1	367	23	21521	2.5495794337163846	0.32686438438048704	AT4G33030	False	1.0		False		sulfotransferase		SQD1
w:acc	word	acc	1	367	23	21521	2.5495794337163846	0.32686438438048704	AT4G26200	False	1.0		False		acc		ACS7
w:sieve	word	sieve	1	367	23	21521	2.5495794337163846	0.32686438438048704	AT1G22150	False	1.0		False		sieve		SULTR1;3
w:difference	word	difference	1	367	23	21521	2.5495794337163846	0.32686438438048704	AT1G19200	False	1.0		False		difference		FLZ12
w:gravity	word	gravity	1	367	23	21521	2.5495794337163846	0.32686438438048704	AT1G31480	False	1.0		False		gravity		SGR2
k:Chromosome partition	keyword	Chromosome partition	1	367	23	21521	2.5495794337163846	0.32686438438048704	AT3G02980	False	1.0		False		Chromosome partition		MCC1
w:zeta	word	zeta	1	367	23	21521	2.5495794337163846	0.32686438438048704	AT3G05630	False	1.0		False		zeta		PLDP2
w:shortening	word	shortening	1	367	23	21521	2.5495794337163846	0.32686438438048704	AT1G13300	False	1.0		False		shortening		HRS1
w:lhy	word	lhy	1	367	23	21521	2.5495794337163846	0.32686438438048704	AT1G32900	False	1.0		False		lhy		GBSS1
w:vessel	word	vessel	1	367	23	21521	2.5495794337163846	0.32686438438048704	AT1G68740	False	1.0		False		vessel		PHO1;H1
w:translocated	word	translocated	1	367	23	21521	2.5495794337163846	0.32686438438048704	AT2G16595	False	1.0		False		translocated		AT2G16595
p:nadh ubiquinone	phrase	nadh ubiquinone	1	367	23	21521	2.5495794337163846	0.32686438438048704	AT2G20800	False	1.0		False		nadh ubiquinone		NDB4
w:proximal	word	proximal	1	367	23	21521	2.5495794337163846	0.32686438438048704	AT2G34210	False	1.0		False		proximal		AT2G34210
p:ketoacyl coa	phrase	ketoacyl coa	1	367	23	21521	2.5495794337163846	0.32686438438048704	AT2G26640	False	1.0		False		ketoacyl coa		KCS11
w:turnip	word	turnip	1	367	24	21521	2.4433469573115345	0.33835572175756223	AT5G20320	False	1.0		False		turnip		DCL4
w:polarization	word	polarization	1	367	24	21521	2.4433469573115345	0.33835572175756223	AT5G67440	False	1.0		False		polarization		NPY3
w:bidirectional	word	bidirectional	1	367	24	21521	2.4433469573115345	0.33835572175756223	AT5G50790	False	1.0		False		bidirectional		SWEET10
w:propeller	word	propeller	1	367	24	21521	2.4433469573115345	0.33835572175756223	AT5G46140	False	1.0		False		propeller		ATDOA13
p:beta propeller	phrase	beta propeller	1	367	24	21521	2.4433469573115345	0.33835572175756223	AT5G46140	False	1.0		False		beta propeller		ATDOA13
w:selection	word	selection	1	367	24	21521	2.4433469573115345	0.33835572175756223	AT5G39760	False	1.0		False		selection		HB23
w:shunt	word	shunt	1	367	24	21521	2.4433469573115345	0.33835572175756223	AT3G49360	False	1.0		False		shunt		PGL2
w:ipp	word	ipp	1	367	24	21521	2.4433469573115345	0.33835572175756223	AT4G34350	False	1.0		False		ipp		HDR
w:virulent	word	virulent	1	367	24	21521	2.4433469573115345	0.33835572175756223	AT4G33950	False	1.0		False		virulent		OST1
w:isomer	word	isomer	1	367	24	21521	2.4433469573115345	0.33835572175756223	AT1G58300	False	1.0		False		isomer		HO4
p:transporter abcb	phrase	transporter abcb	1	367	24	21521	2.4433469573115345	0.33835572175756223	AT3G28360	False	1.0		False		transporter abcb		ABCB16
w:determinacy	word	determinacy	1	367	24	21521	2.4433469573115345	0.33835572175756223	AT1G65480	False	1.0		False		determinacy		FT
w:thaumatin	word	thaumatin	1	367	24	21521	2.4433469573115345	0.33835572175756223	AT1G70250	False	1.0		False		thaumatin		LTPG32
p:dimethylaniline monooxygenase	phrase	dimethylaniline monooxygenase	1	367	24	21521	2.4433469573115345	0.33835572175756223	AT1G62540	False	1.0		False		dimethylaniline monooxygenase		FMOGS-OX2
w:dimethylaniline	word	dimethylaniline	1	367	24	21521	2.4433469573115345	0.33835572175756223	AT1G62540	False	1.0		False		dimethylaniline		FMOGS-OX2
w:context	word	context	1	367	24	21521	2.4433469573115345	0.33835572175756223	AT2G19330	False	1.0		False		context		PIRL6
p:chalcone stilbene	phrase	chalcone stilbene	1	367	24	21521	2.4433469573115345	0.33835572175756223	AT2G26640	False	1.0		False		chalcone stilbene		KCS11
p:stilbene synthase	phrase	stilbene synthase	1	367	24	21521	2.4433469573115345	0.33835572175756223	AT2G26640	False	1.0		False		stilbene synthase		KCS11
w:stilbene	word	stilbene	1	367	24	21521	2.4433469573115345	0.33835572175756223	AT2G26640	False	1.0		False		stilbene		KCS11
w:lineage	word	lineage	1	367	25	21521	2.3456130790190732	0.349651411859203	AT4G14770	False	1.0		False		lineage		TCX2
w:mirnas	word	mirnas	1	367	25	21521	2.3456130790190732	0.349651411859203	AT5G20320	False	1.0		False		mirnas		DCL4
w:non‑catalytic	word	non-catalytic	1	367	25	21521	2.3456130790190732	0.349651411859203	AT5G66440	False	1.0		False		non-catalytic		AT5G66440
w:glycoside	word	glycoside	1	367	25	21521	2.3456130790190732	0.349651411859203	AT5G49330	False	1.0		False		glycoside		MYB111
w:bending	word	bending	1	367	25	21521	2.3456130790190732	0.349651411859203	AT5G13820	False	1.0		False		bending		TBP1
w:chx	word	chx	1	367	25	21521	2.3456130790190732	0.349651411859203	AT4G23700	False	1.0		False		chx		CHX17
p:rate limiting	phrase	rate limiting	1	367	25	21521	2.3456130790190732	0.349651411859203	AT4G10120	False	1.0		False		rate limiting		ATSPS4F
p:carbon nitrogen	phrase	carbon nitrogen	1	367	25	21521	2.3456130790190732	0.349651411859203	AT4G04955	False	1.0		False		carbon nitrogen		ALN
w:abcb	word	abcb	1	367	25	21521	2.3456130790190732	0.349651411859203	AT3G28360	False	1.0		False		abcb		ABCB16
w:coumarate	word	coumarate	1	367	25	21521	2.3456130790190732	0.349651411859203	AT3G21230	False	1.0		False		coumarate		4CL5
p:poly‑ubiquitin precursor	phrase	poly-ubiquitin precursor	1	367	25	21521	2.3456130790190732	0.349651411859203	AT3G21280	False	1.0		False		poly-ubiquitin precursor		UBP7
w:mannan	word	mannan	1	367	25	21521	2.3456130790190732	0.349651411859203	AT1G02310	False	1.0		False		mannan		MAN1
p:nucleotide diphospho	phrase	nucleotide diphospho	1	367	25	21521	2.3456130790190732	0.349651411859203	AT2G19880	False	1.0		False		nucleotide diphospho		GCS
p:diphospho sugar	phrase	diphospho sugar	1	367	25	21521	2.3456130790190732	0.349651411859203	AT2G19880	False	1.0		False		diphospho sugar		GCS
w:paps	word	paps	1	367	26	21521	2.255397191364494	0.36075477675721535	AT5G64000	False	1.0		False		paps		SAL2
w:heterotrimeric	word	heterotrimeric	1	367	26	21521	2.255397191364494	0.36075477675721535	AT5G53760	False	1.0		False		heterotrimeric		MLO11
p:nucleoside diphosphate	phrase	nucleoside diphosphate	1	367	26	21521	2.255397191364494	0.36075477675721535	AT5G47240	False	1.0		False		nucleoside diphosphate		NUDT8
w:charged	word	charged	1	367	26	21521	2.255397191364494	0.36075477675721535	AT5G01220	False	1.0		False		charged		SQD2
p:isopentenyl diphosphate	phrase	isopentenyl diphosphate	1	367	26	21521	2.255397191364494	0.36075477675721535	AT4G34350	False	1.0		False		isopentenyl diphosphate		HDR
p:pathogenic bacteria	phrase	pathogenic bacteria	1	367	26	21521	2.255397191364494	0.36075477675721535	AT4G33950	False	1.0		False		pathogenic bacteria		OST1
w:partitioning	word	partitioning	1	367	26	21521	2.255397191364494	0.36075477675721535	AT4G10120	False	1.0		False		partitioning		ATSPS4F
w:gluconeogenesis	word	gluconeogenesis	1	367	26	21521	2.255397191364494	0.36075477675721535	AT4G04040	False	1.0		False		gluconeogenesis		MEE51
w:sub‑subfamily	word	sub-subfamily	1	367	26	21521	2.255397191364494	0.36075477675721535	AT4G04040	False	1.0		False		sub-subfamily		MEE51
w:arabinose	word	arabinose	1	367	26	21521	2.255397191364494	0.36075477675721535	AT4G02050	False	1.0		False		arabinose		STP7
p:sulfate assimilation	phrase	sulfate assimilation	1	367	26	21521	2.255397191364494	0.36075477675721535	AT1G22150	False	1.0		False		sulfate assimilation		SULTR1;3
w:brassicicola	word	brassicicola	1	367	26	21521	2.255397191364494	0.36075477675721535	AT3G12500	False	1.0		False		brassicicola		HCHIB
w:ammonium	word	ammonium	1	367	26	21521	2.255397191364494	0.36075477675721535	AT3G24290	False	1.0		False		ammonium		AMT1;5
p:terminal gly	phrase	terminal gly	1	367	26	21521	2.255397191364494	0.36075477675721535	AT3G21280	False	1.0		False		terminal gly		UBP7
k:Pyrrolidone carboxylic acid	keyword	Pyrrolidone carboxylic acid	1	367	26	21521	2.255397191364494	0.36075477675721535	AT1G75830	False	1.0		False		Pyrrolidone carboxylic acid		LCR67
w:synthesiz	word	synthesiz	1	367	26	21521	2.255397191364494	0.36075477675721535	AT1G09240	False	1.0		False		synthesiz		NAS3
p:secondary shoot	phrase	secondary shoot	1	367	26	21521	2.255397191364494	0.36075477675721535	AT1G55580	False	1.0		False		secondary shoot		LAS
w:fmo	word	fmo	1	367	26	21521	2.255397191364494	0.36075477675721535	AT1G62540	False	1.0		False		fmo		FMOGS-OX2
p:biologically active	phrase	biologically active	1	367	26	21521	2.255397191364494	0.36075477675721535	AT2G28305	False	1.0		False		biologically active		LOG1
w:ceramide	word	ceramide	1	367	26	21521	2.255397191364494	0.36075477675721535	AT2G19880	False	1.0		False		ceramide		GCS
w:diphospho	word	diphospho	1	367	26	21521	2.255397191364494	0.36075477675721535	AT2G19880	False	1.0		False		diphospho		GCS
w:cooperatively	word	cooperatively	1	367	26	21521	2.255397191364494	0.36075477675721535	AT2G33770	False	1.0		False		cooperatively		PHO2
w:elongase	word	elongase	1	367	26	21521	2.255397191364494	0.36075477675721535	AT2G26640	False	1.0		False		elongase		KCS11
p:acid elongase	phrase	acid elongase	1	367	26	21521	2.255397191364494	0.36075477675721535	AT2G26640	False	1.0		False		acid elongase		KCS11
w:photoperiodic	word	photoperiodic	1	367	27	21521	2.171863962054698	0.37166908226687356	AT5G62430	False	1.0		False		photoperiodic		CDF1
p:nudix hydrolase	phrase	nudix hydrolase	1	367	27	21521	2.171863962054698	0.37166908226687356	AT5G47240	False	1.0		False		nudix hydrolase		NUDT8
w:nudix	word	nudix	1	367	27	21521	2.171863962054698	0.37166908226687356	AT5G47240	False	1.0		False		nudix		NUDT8
w:relative	word	relative	1	367	27	21521	2.171863962054698	0.37166908226687356	AT4G33950	False	1.0		False		relative		OST1
w:ferric	word	ferric	1	367	27	21521	2.171863962054698	0.37166908226687356	AT4G12980	False	1.0		False		ferric		AT4G12980
w:parasitica	word	parasitica	1	367	27	21521	2.171863962054698	0.37166908226687356	AT4G02640	False	1.0		False		parasitica		BZO2H1
w:permeable	word	permeable	1	367	27	21521	2.171863962054698	0.37166908226687356	AT3G21620	False	1.0		False		permeable		OSCA1.5
w:pectate	word	pectate	1	367	27	21521	2.171863962054698	0.37166908226687356	AT1G71695	False	1.0		False		pectate		PER12
w:mobilization	word	mobilization	1	367	27	21521	2.171863962054698	0.37166908226687356	AT1G68670	False	1.0		False		mobilization		HHO2
w:cdkx	word	cdkx	1	367	27	21521	2.171863962054698	0.37166908226687356	AT1G20930	False	1.0		False		cdkx		CDKB2;2
w:stereospecific	word	stereospecific	1	367	27	21521	2.171863962054698	0.37166908226687356	AT1G10010	False	1.0		False		stereospecific		AAP8
w:protecting	word	protecting	1	367	28	21521	2.094297391981316	0.3823975388970054	AT5G09470	False	1.0		False		protecting		DIC3
w:biological	word	biological	1	367	28	21521	2.094297391981316	0.3823975388970054	AT5G09470	False	1.0		False		biological		DIC3
p:sirna processing	phrase	sirna processing	1	367	28	21521	2.094297391981316	0.3823975388970054	AT5G20320	False	1.0		False		sirna processing		DCL4
p:lower extent	phrase	lower extent	1	367	28	21521	2.094297391981316	0.3823975388970054	AT3G56700	False	1.0		False		lower extent		FAR6
w:gravitropic	word	gravitropic	1	367	28	21521	2.094297391981316	0.3823975388970054	AT5G67440	False	1.0		False		gravitropic		NPY3
p:phototropic responsive	phrase	phototropic responsive	1	367	28	21521	2.094297391981316	0.3823975388970054	AT5G67440	False	1.0		False		phototropic responsive		NPY3
w:exported	word	exported	1	367	28	21521	2.094297391981316	0.3823975388970054	AT5G50790	False	1.0		False		exported		SWEET10
p:disulfide reductase	phrase	disulfide reductase	1	367	28	21521	2.094297391981316	0.3823975388970054	AT4G31240	False	1.0		False		disulfide reductase		AT4G31240
w:fucose	word	fucose	1	367	28	21521	2.094297391981316	0.3823975388970054	AT4G07960	False	1.0		False		fucose		CSLC12
w:noncellulosic	word	noncellulosic	1	367	28	21521	2.094297391981316	0.3823975388970054	AT4G07960	False	1.0		False		noncellulosic		CSLC12
p:noncellulosic polysaccharide	phrase	noncellulosic polysaccharide	1	367	28	21521	2.094297391981316	0.3823975388970054	AT4G07960	False	1.0		False		noncellulosic polysaccharide		CSLC12
p:purine nucleobase	phrase	purine nucleobase	1	367	28	21521	2.094297391981316	0.3823975388970054	AT4G04955	False	1.0		False		purine nucleobase		ALN
w:sequential	word	sequential	1	367	28	21521	2.094297391981316	0.3823975388970054	AT4G04955	False	1.0		False		sequential		ALN
w:tonoplast	word	tonoplast	1	367	28	21521	2.094297391981316	0.3823975388970054	AT4G01470	False	1.0		False		tonoplast		TIP1;3
w:conferring	word	conferring	1	367	28	21521	2.094297391981316	0.3823975388970054	AT1G19200	False	1.0		False		conferring		FLZ12
w:observed	word	observed	1	367	28	21521	2.094297391981316	0.3823975388970054	AT1G31480	False	1.0		False		observed		SGR2
p:ubiquitin thioesterase	phrase	ubiquitin thioesterase	1	367	28	21521	2.094297391981316	0.3823975388970054	AT3G21280	False	1.0		False		ubiquitin thioesterase		UBP7
k:Hormone	keyword	Hormone	1	367	28	21521	2.094297391981316	0.3823975388970054	AT3G05490	False	1.0		False		Hormone		RALFL22
w:plp	word	plp	1	367	28	21521	2.094297391981316	0.3823975388970054	AT1G50110	False	1.0		False		plp		BCAT6
w:mobile	word	mobile	1	367	28	21521	2.094297391981316	0.3823975388970054	AT1G65480	False	1.0		False		mobile		FT
w:trans‑acting	word	trans-acting	1	367	29	21521	2.022080240533684	0.3929433027840755	AT5G20320	False	1.0		False		trans-acting		DCL4
w:oil	word	oil	1	367	29	21521	2.022080240533684	0.3929433027840755	AT5G16230	False	1.0		False		oil		S-ACP-DES3
w:avirulence	word	avirulence	1	367	29	21521	2.022080240533684	0.3929433027840755	AT5G39720	False	1.0		False		avirulence		AIG2L
w:topoisomerase	word	topoisomerase	1	367	29	21521	2.022080240533684	0.3929433027840755	AT3G47460	False	1.0		False		topoisomerase		ATSMC2
w:tfiid	word	tfiid	1	367	29	21521	2.022080240533684	0.3929433027840755	AT3G45210	False	1.0		False		tfiid		AT3G45210
w:trehalose	word	trehalose	1	367	29	21521	2.022080240533684	0.3929433027840755	AT4G34590	False	1.0		False		trehalose		GBF6
w:glycolysis	word	glycolysis	1	367	29	21521	2.022080240533684	0.3929433027840755	AT4G04040	False	1.0		False		glycolysis		MEE51
p:white brown	phrase	white brown	1	367	29	21521	2.022080240533684	0.3929433027840755	AT3G52310	False	1.0		False		white brown		ABCG27
w:undergoe	word	undergoe	1	367	29	21521	2.022080240533684	0.3929433027840755	AT3G21230	False	1.0		False		undergoe		4CL5
w:phosphoesterase	word	phosphoesterase	1	367	29	21521	2.022080240533684	0.3929433027840755	AT3G17790	False	1.0		False		phosphoesterase		PAP17
w:crossover	word	crossover	1	367	29	21521	2.022080240533684	0.3929433027840755	AT3G02980	False	1.0		False		crossover		MCC1
w:spermidine	word	spermidine	1	367	29	21521	2.022080240533684	0.3929433027840755	AT1G65840	False	1.0		False		spermidine		PAO4
w:axillary	word	axillary	1	367	29	21521	2.022080240533684	0.3929433027840755	AT1G55580	False	1.0		False		axillary		LAS
w:translocate	word	translocate	1	367	29	21521	2.022080240533684	0.3929433027840755	AT2G20800	False	1.0		False		translocate		NDB4
w:vlcfa	word	vlcfa	1	367	29	21521	2.022080240533684	0.3929433027840755	AT2G26640	False	1.0		False		vlcfa		KCS11
w:rnai	word	rnai	1	367	30	21521	1.954677565849228	0.40330947661053396	AT5G20320	False	1.0		False		rnai		DCL4
p:abaxial axis	phrase	abaxial axis	1	367	30	21521	1.954677565849228	0.40330947661053396	AT5G20320	False	1.0		False		abaxial axis		DCL4
w:basipetal	word	basipetal	1	367	30	21521	1.954677565849228	0.40330947661053396	AT5G67440	False	1.0		False		basipetal		NPY3
w:converting	word	converting	1	367	30	21521	1.954677565849228	0.40330947661053396	AT5G64000	False	1.0		False		converting		SAL2
w:viability	word	viability	1	367	30	21521	1.954677565849228	0.40330947661053396	AT5G49160	False	1.0		False		viability		MET1
w:telomeric	word	telomeric	1	367	30	21521	1.954677565849228	0.40330947661053396	AT5G13820	False	1.0		False		telomeric		TBP1
w:continuous	word	continuous	1	367	30	21521	1.954677565849228	0.40330947661053396	AT5G02200	False	1.0		False		continuous		FHL
w:property	word	property	1	367	30	21521	1.954677565849228	0.40330947661053396	AT3G46970	False	1.0		False		property		PHS2
w:cyclophilin	word	cyclophilin	1	367	30	21521	1.954677565849228	0.40330947661053396	AT4G38740	False	1.0		False		cyclophilin		ROC1
w:calcineurin	word	calcineurin	1	367	30	21521	1.954677565849228	0.40330947661053396	AT4G13420	False	1.0		False		calcineurin		HAK5
w:common	word	common	1	367	30	21521	1.954677565849228	0.40330947661053396	AT4G04040	False	1.0		False		common		MEE51
p:eye pigment	phrase	eye pigment	1	367	30	21521	1.954677565849228	0.40330947661053396	AT3G52310	False	1.0		False		eye pigment		ABCG27
w:eye	word	eye	1	367	30	21521	1.954677565849228	0.40330947661053396	AT3G52310	False	1.0		False		eye		ABCG27
p:precursor importer	phrase	precursor importer	1	367	30	21521	1.954677565849228	0.40330947661053396	AT3G52310	False	1.0		False		precursor importer		ABCG27
p:pigment precursor	phrase	pigment precursor	1	367	30	21521	1.954677565849228	0.40330947661053396	AT3G52310	False	1.0		False		pigment precursor		ABCG27
w:poly‑ubiquitin	word	poly-ubiquitin	1	367	30	21521	1.954677565849228	0.40330947661053396	AT3G21280	False	1.0		False		poly-ubiquitin		UBP7
w:oxylipin	word	oxylipin	1	367	30	21521	1.954677565849228	0.40330947661053396	AT3G11670	False	1.0		False		oxylipin		DGD1
w:atnf	word	atnf	1	367	30	21521	1.954677565849228	0.40330947661053396	AT1G30500	False	1.0		False		atnf		NF-YA7
p:heptapeptide repeat	phrase	heptapeptide repeat	1	367	30	21521	1.954677565849228	0.40330947661053396	AT1G20930	False	1.0		False		heptapeptide repeat		CDKB2;2
w:heptapeptide	word	heptapeptide	1	367	30	21521	1.954677565849228	0.40330947661053396	AT1G20930	False	1.0		False		heptapeptide		CDKB2;2
p:ctd heptapeptide	phrase	ctd heptapeptide	1	367	30	21521	1.954677565849228	0.40330947661053396	AT1G20930	False	1.0		False		ctd heptapeptide		CDKB2;2
w:located	word	located	1	367	30	21521	1.954677565849228	0.40330947661053396	AT2G04160	False	1.0		False		located		AIR3
w:scarecrow	word	scarecrow	1	367	30	21521	1.954677565849228	0.40330947661053396	AT1G55580	False	1.0		False		scarecrow		LAS
w:biologically	word	biologically	1	367	30	21521	1.954677565849228	0.40330947661053396	AT2G28305	False	1.0		False		biologically		LOG1
w:ketoacyl	word	ketoacyl	1	367	30	21521	1.954677565849228	0.40330947661053396	AT2G26640	False	1.0		False		ketoacyl		KCS11
w:sirnas	word	sirnas	1	367	31	21521	1.8916234508218335	0.4134991105076973	AT5G20320	False	1.0		False		sirnas		DCL4
w:carboxylesterase	word	carboxylesterase	1	367	31	21521	1.8916234508218335	0.4134991105076973	AT5G16080	False	1.0		False		carboxylesterase		CXE17
w:flux	word	flux	1	367	31	21521	1.8916234508218335	0.4134991105076973	AT5G64000	False	1.0		False		flux		SAL2
w:constan	word	constan	1	367	31	21521	1.8916234508218335	0.4134991105076973	AT5G62430	False	1.0		False		constan		CDF1
w:utp	word	utp	1	367	31	21521	1.8916234508218335	0.4134991105076973	AT3G56040	False	1.0		False		utp		UGP3
w:loss	word	loss	1	367	31	21521	1.8916234508218335	0.4134991105076973	AT4G33950	False	1.0		False		loss		OST1
w:stomata	word	stomata	1	367	31	21521	1.8916234508218335	0.4134991105076973	AT4G33950	False	1.0		False		stomata		OST1
w:coordinated	word	coordinated	1	367	31	21521	1.8916234508218335	0.4134991105076973	AT4G31780	False	1.0		False		coordinated		MGD1
w:endotransglycosylation	word	endotransglycosylation	1	367	31	21521	1.8916234508218335	0.4134991105076973	AT4G30270	False	1.0		False		endotransglycosylation		XTH24
w:mechanical	word	mechanical	1	367	31	21521	1.8916234508218335	0.4134991105076973	AT4G30270	False	1.0		False		mechanical		XTH24
w:linking	word	linking	1	367	31	21521	1.8916234508218335	0.4134991105076973	AT4G28610	False	1.0		False		linking		PHR1
p:tyrosine phosphatase	phrase	tyrosine phosphatase	1	367	31	21521	1.8916234508218335	0.4134991105076973	AT4G03960	False	1.0		False		tyrosine phosphatase		PFA-DSP4
w:brown	word	brown	1	367	31	21521	1.8916234508218335	0.4134991105076973	AT3G52310	False	1.0		False		brown		ABCG27
w:gram	word	gram	1	367	31	21521	1.8916234508218335	0.4134991105076973	AT1G52940	False	1.0		False		gram		PAP5
w:cdk	word	cdk	1	367	31	21521	1.8916234508218335	0.4134991105076973	AT1G08180	False	1.0		False		cdk		SMR2
p:dof zinc	phrase	dof zinc	1	367	32	21521	1.8325102179836512	0.4235152029434197	AT5G62430	False	1.0		False		dof zinc		CDF1
k:Tyrosine-protein kinase	keyword	Tyrosine-protein kinase	1	367	32	21521	1.8325102179836512	0.4235152029434197	AT3G63260	False	1.0		False		Tyrosine-protein kinase		ATMRK1
w:xet	word	xet	1	367	32	21521	1.8325102179836512	0.4235152029434197	AT4G30270	False	1.0		False		xet		XTH24
w:hyaloperonospora	word	hyaloperonospora	1	367	32	21521	1.8325102179836512	0.4235152029434197	AT4G02640	False	1.0		False		hyaloperonospora		BZO2H1
p:mip aquaporin	phrase	mip aquaporin	1	367	32	21521	1.8325102179836512	0.4235152029434197	AT4G01470	False	1.0		False		mip aquaporin		TIP1;3
w:importer	word	importer	1	367	32	21521	1.8325102179836512	0.4235152029434197	AT3G52310	False	1.0		False		importer		ABCG27
w:ccaat	word	ccaat	1	367	32	21521	1.8325102179836512	0.4235152029434197	AT1G30500	False	1.0		False		ccaat		NF-YA7
p:flowering locus	phrase	flowering locus	1	367	32	21521	1.8325102179836512	0.4235152029434197	AT1G65480	False	1.0		False		flowering locus		FT
w:atgras	word	atgras	1	367	32	21521	1.8325102179836512	0.4235152029434197	AT1G55580	False	1.0		False		atgras		LAS
w:stromal	word	stromal	1	367	32	21521	1.8325102179836512	0.4235152029434197	AT1G55480	False	1.0		False		stromal		ZKT
w:chalcone	word	chalcone	1	367	32	21521	1.8325102179836512	0.4235152029434197	AT2G26640	False	1.0		False		chalcone		KCS11
w:dof	word	dof	1	367	33	21521	1.77697960531748	0.4333607015948117	AT5G62430	False	1.0		False		dof		CDF1
w:cct	word	cct	1	367	33	21521	1.77697960531748	0.4333607015948117	AT5G53420	False	1.0		False		cct		CCT101
p:committed step	phrase	committed step	1	367	33	21521	1.77697960531748	0.4333607015948117	AT3G56040	False	1.0		False		committed step		UGP3
k:Isoprene biosynthesis	keyword	Isoprene biosynthesis	1	367	33	21521	1.77697960531748	0.4333607015948117	AT4G34350	False	1.0		False		Isoprene biosynthesis		HDR
p:xyloglucan polymer	phrase	xyloglucan polymer	1	367	33	21521	1.77697960531748	0.4333607015948117	AT4G30270	False	1.0		False		xyloglucan polymer		XTH24
p:xyloglucosyl transferase	phrase	xyloglucosyl transferase	1	367	33	21521	1.77697960531748	0.4333607015948117	AT4G30270	False	1.0		False		xyloglucosyl transferase		XTH24
w:xth	word	xth	1	367	33	21521	1.77697960531748	0.4333607015948117	AT4G30270	False	1.0		False		xth		XTH24
w:xyloglucosyl	word	xyloglucosyl	1	367	33	21521	1.77697960531748	0.4333607015948117	AT4G30270	False	1.0		False		xyloglucosyl		XTH24
w:xeh	word	xeh	1	367	33	21521	1.77697960531748	0.4333607015948117	AT4G30270	False	1.0		False		xeh		XTH24
w:endotransglucosylase	word	endotransglucosylase	1	367	33	21521	1.77697960531748	0.4333607015948117	AT4G30270	False	1.0		False		endotransglucosylase		XTH24
p:xyloglucan endotransglucosylase	phrase	xyloglucan endotransglucosylase	1	367	33	21521	1.77697960531748	0.4333607015948117	AT4G30270	False	1.0		False		xyloglucan endotransglucosylase		XTH24
p:xyloglucan endohydrolysis	phrase	xyloglucan endohydrolysis	1	367	33	21521	1.77697960531748	0.4333607015948117	AT4G30270	False	1.0		False		xyloglucan endohydrolysis		XTH24
p:wall construction	phrase	wall construction	1	367	33	21521	1.77697960531748	0.4333607015948117	AT4G30270	False	1.0		False		wall construction		XTH24
w:endohydrolysis	word	endohydrolysis	1	367	33	21521	1.77697960531748	0.4333607015948117	AT4G30270	False	1.0		False		endohydrolysis		XTH24
w:religate	word	religate	1	367	33	21521	1.77697960531748	0.4333607015948117	AT4G30270	False	1.0		False		religate		XTH24
p:endotransglucosylase hydrolase	phrase	endotransglucosylase hydrolase	1	367	33	21521	1.77697960531748	0.4333607015948117	AT4G30270	False	1.0		False		endotransglucosylase hydrolase		XTH24
p:religate xyloglucan	phrase	religate xyloglucan	1	367	33	21521	1.77697960531748	0.4333607015948117	AT4G30270	False	1.0		False		religate xyloglucan		XTH24
w:acetylglucosamine	word	acetylglucosamine	1	367	33	21521	1.77697960531748	0.4333607015948117	AT4G19810	False	1.0		False		acetylglucosamine		ChiC
p:dual specificity	phrase	dual specificity	1	367	33	21521	1.77697960531748	0.4333607015948117	AT4G03960	False	1.0		False		dual specificity		PFA-DSP4
p:embryo arrest	phrase	embryo arrest	1	367	33	21521	1.77697960531748	0.4333607015948117	AT4G04040	False	1.0		False		embryo arrest		MEE51
p:maternal effect	phrase	maternal effect	1	367	33	21521	1.77697960531748	0.4333607015948117	AT4G04040	False	1.0		False		maternal effect		MEE51
p:effect embryo	phrase	effect embryo	1	367	33	21521	1.77697960531748	0.4333607015948117	AT4G04040	False	1.0		False		effect embryo		MEE51
w:tetrapyrrole	word	tetrapyrrole	1	367	33	21521	1.77697960531748	0.4333607015948117	AT1G58300	False	1.0		False		tetrapyrrole		HO4
w:traffic	word	traffic	1	367	33	21521	1.77697960531748	0.4333607015948117	AT3G52190	False	1.0		False		traffic		PHF1
w:uracil	word	uracil	1	367	33	21521	1.77697960531748	0.4333607015948117	AT3G27190	False	1.0		False		uracil		UKL2
w:supply	word	supply	1	367	33	21521	1.77697960531748	0.4333607015948117	AT3G05630	False	1.0		False		supply		PLDP2
w:gras	word	gras	1	367	33	21521	1.77697960531748	0.4333607015948117	AT1G55580	False	1.0		False		gras		LAS
p:ubiquinone oxidoreductase	phrase	ubiquinone oxidoreductase	1	367	33	21521	1.77697960531748	0.4333607015948117	AT2G20800	False	1.0		False		ubiquinone oxidoreductase		NDB4
w:saturated	word	saturated	1	367	33	21521	1.77697960531748	0.4333607015948117	AT2G26640	False	1.0		False		saturated		KCS11
w:cleaving	word	cleaving	1	367	34	21521	1.7247154992787304	0.44303850420625557	AT5G20320	False	1.0		False		cleaving		DCL4
w:diffusion	word	diffusion	1	367	34	21521	1.7247154992787304	0.44303850420625557	AT5G67440	False	1.0		False		diffusion		NPY3
p:consensus core	phrase	consensus core	1	367	34	21521	1.7247154992787304	0.44303850420625557	AT5G62430	False	1.0		False		consensus core		CDF1
p:early stage	phrase	early stage	1	367	34	21521	1.7247154992787304	0.44303850420625557	AT3G10420	False	1.0		False		early stage		SPD1
w:fuct	word	fuct	1	367	34	21521	1.7247154992787304	0.44303850420625557	AT3G02250	False	1.0		False		fuct		RRT2
k:Fucose metabolism	keyword	Fucose metabolism	1	367	34	21521	1.7247154992787304	0.44303850420625557	AT3G02250	False	1.0		False		Fucose metabolism		RRT2
k:Aromatic amino acid biosynthesis	keyword	Aromatic amino acid biosynthesis	1	367	34	21521	1.7247154992787304	0.44303850420625557	AT1G22410	False	1.0		False		Aromatic amino acid biosynthesis		AT1G22410
w:yellow	word	yellow	1	367	34	21521	1.7247154992787304	0.44303850420625557	AT1G48370	False	1.0		False		yellow		YSL8
w:radiation	word	radiation	1	367	34	21521	1.7247154992787304	0.44303850420625557	AT2G42690	False	1.0		False		radiation		AT2G42690
w:isoprenylated	word	isoprenylated	1	367	34	21521	1.7247154992787304	0.44303850420625557	AT1G22990	False	1.0		False		isoprenylated		HIPP22
w:choline	word	choline	1	367	34	21521	1.7247154992787304	0.44303850420625557	AT2G32260	False	1.0		False		choline		CCT1
w:rbr	word	rbr	1	367	34	21521	1.7247154992787304	0.44303850420625557	AT2G26130	False	1.0		False		rbr		RSL1
w:ptgs	word	ptgs	1	367	35	21521	1.6754379135850523	0.4525514594329648	AT5G20320	False	1.0		False		ptgs		DCL4
p:adp ribosylation	phrase	adp ribosylation	1	367	35	21521	1.6754379135850523	0.4525514594329648	AT5G17060	False	1.0		False		adp ribosylation		ARFB1B
p:gated monoatomic	phrase	gated monoatomic	1	367	35	21521	1.6754379135850523	0.4525514594329648	AT5G27100	False	1.0		False		gated monoatomic		GLR2.1
w:committed	word	committed	1	367	35	21521	1.6754379135850523	0.4525514594329648	AT3G56040	False	1.0		False		committed		UGP3
w:construction	word	construction	1	367	35	21521	1.6754379135850523	0.4525514594329648	AT4G30270	False	1.0		False		construction		XTH24
w:diphosphatase	word	diphosphatase	1	367	35	21521	1.6754379135850523	0.4525514594329648	AT4G03960	False	1.0		False		diphosphatase		PFA-DSP4
w:atypical	word	atypical	1	367	35	21521	1.6754379135850523	0.4525514594329648	AT4G03960	False	1.0		False		atypical		PFA-DSP4
w:symport	word	symport	1	367	35	21521	1.6754379135850523	0.4525514594329648	AT4G02050	False	1.0		False		symport		STP7
w:mip	word	mip	1	367	35	21521	1.6754379135850523	0.4525514594329648	AT4G01470	False	1.0		False		mip		TIP1;3
w:specialized	word	specialized	1	367	35	21521	1.6754379135850523	0.4525514594329648	AT3G02250	False	1.0		False		specialized		RRT2
w:interactor	word	interactor	1	367	35	21521	1.6754379135850523	0.4525514594329648	AT1G80940	False	1.0		False		interactor		AT1G80940
w:hipp	word	hipp	1	367	35	21521	1.6754379135850523	0.4525514594329648	AT1G22990	False	1.0		False		hipp		HIPP22
w:thiolase	word	thiolase	1	367	35	21521	1.6754379135850523	0.4525514594329648	AT2G26640	False	1.0		False		thiolase		KCS11
w:expansin	word	expansin	1	367	36	21521	1.6288979715410232	0.4619023676703331	AT4G17030	False	1.0		False		expansin		EXLB1
w:ribosylation	word	ribosylation	1	367	36	21521	1.6288979715410232	0.4619023676703331	AT5G17060	False	1.0		False		ribosylation		ARFB1B
w:telomere	word	telomere	1	367	36	21521	1.6288979715410232	0.4619023676703331	AT5G13820	False	1.0		False		telomere		TBP1
p:reciprocal meiotic	phrase	reciprocal meiotic	1	367	36	21521	1.6288979715410232	0.4619023676703331	AT4G26720	False	1.0		False		reciprocal meiotic		PPX1
p:early seedling	phrase	early seedling	1	367	36	21521	1.6288979715410232	0.4619023676703331	AT4G25150	False	1.0		False		early seedling		AT4G25150
w:concomitant	word	concomitant	1	367	36	21521	1.6288979715410232	0.4619023676703331	AT3G05490	False	1.0		False		concomitant		RALFL22
w:restrict	word	restrict	1	367	36	21521	1.6288979715410232	0.4619023676703331	AT1G08180	False	1.0		False		restrict		SMR2
k:Photosystem II	keyword	Photosystem II	1	367	36	21521	1.6288979715410232	0.4619023676703331	AT1G55480	False	1.0		False		Photosystem II		ZKT
w:subcellular	word	subcellular	1	367	36	21521	1.6288979715410232	0.4619023676703331	AT2G33770	False	1.0		False		subcellular		PHO2
w:primordia	word	primordia	1	367	37	21521	1.5848737020399146	0.4710939818693092	AT5G67440	False	1.0		False		primordia		NPY3
w:start	word	start	1	367	37	21521	1.5848737020399146	0.4710939818693092	AT5G39760	False	1.0		False		start		HB23
w:consist	word	consist	1	367	37	21521	1.5848737020399146	0.4710939818693092	AT4G07960	False	1.0		False		consist		CSLC12
w:breakdown	word	breakdown	1	367	37	21521	1.5848737020399146	0.4710939818693092	AT4G04955	False	1.0		False		breakdown		ALN
w:monosaccharide	word	monosaccharide	1	367	37	21521	1.5848737020399146	0.4710939818693092	AT4G02050	False	1.0		False		monosaccharide		STP7
w:ump	word	ump	1	367	37	21521	1.5848737020399146	0.4710939818693092	AT3G27190	False	1.0		False		ump		UKL2
w:recognizing	word	recognizing	1	367	37	21521	1.5848737020399146	0.4710939818693092	AT1G30500	False	1.0		False		recognizing		NF-YA7
w:cdp	word	cdp	1	367	37	21521	1.5848737020399146	0.4710939818693092	AT2G32260	False	1.0		False		cdp		CCT1
k:Ligand-gated ion channel	keyword	Ligand-gated ion channel	1	367	38	21521	1.5431664993546537	0.4801290083380286	AT5G27100	False	1.0		False		Ligand-gated ion channel		GLR2.1
w:layer	word	layer	1	367	38	21521	1.5431664993546537	0.4801290083380286	AT5G67440	False	1.0		False		layer		NPY3
w:transformation	word	transformation	1	367	38	21521	1.5431664993546537	0.4801290083380286	AT5G49160	False	1.0		False		transformation		MET1
w:oxide	word	oxide	1	367	38	21521	1.5431664993546537	0.4801290083380286	AT5G07460	False	1.0		False		oxide		PMSR2
w:order	word	order	1	367	38	21521	1.5431664993546537	0.4801290083380286	AT4G33950	False	1.0		False		order		OST1
w:aquaporin	word	aquaporin	1	367	38	21521	1.5431664993546537	0.4801290083380286	AT4G01470	False	1.0		False		aquaporin		TIP1;3
w:intramolecular	word	intramolecular	1	367	38	21521	1.5431664993546537	0.4801290083380286	AT1G22170	False	1.0		False		intramolecular		gpmA1
p:deubiquitinating enzyme	phrase	deubiquitinating enzyme	1	367	38	21521	1.5431664993546537	0.4801290083380286	AT3G21280	False	1.0		False		deubiquitinating enzyme		UBP7
w:deubiquitinating	word	deubiquitinating	1	367	38	21521	1.5431664993546537	0.4801290083380286	AT3G21280	False	1.0		False		deubiquitinating		UBP7
w:constitute	word	constitute	1	367	38	21521	1.5431664993546537	0.4801290083380286	AT2G48150	False	1.0		False		constitute		GPX4
w:dephosphorylate	word	dephosphorylate	1	367	38	21521	1.5431664993546537	0.4801290083380286	AT1G03445	False	1.0		False		dephosphorylate		BSU1
p:small interfering	phrase	small interfering	1	367	39	21521	1.5035981275763293	0.4890101075299445	AT5G20320	False	1.0		False		small interfering		DCL4
w:periphery	word	periphery	1	367	39	21521	1.5035981275763293	0.4890101075299445	AT5G67440	False	1.0		False		periphery		NPY3
w:dag	word	dag	1	367	39	21521	1.5035981275763293	0.4890101075299445	AT5G01220	False	1.0		False		dag		SQD2
p:growing tissue	phrase	growing tissue	1	367	39	21521	1.5035981275763293	0.4890101075299445	AT4G30270	False	1.0		False		growing tissue		XTH24
p:chaperone dnaj	phrase	chaperone dnaj	1	367	39	21521	1.5035981275763293	0.4890101075299445	AT1G72070	False	1.0		False		chaperone dnaj		AT1G72070
w:suberin	word	suberin	1	367	39	21521	1.5035981275763293	0.4890101075299445	AT3G21230	False	1.0		False		suberin		4CL5
p:temperature stimulus	phrase	temperature stimulus	1	367	39	21521	1.5035981275763293	0.4890101075299445	AT3G11670	False	1.0		False		temperature stimulus		DGD1
w:host	word	host	1	367	39	21521	1.5035981275763293	0.4890101075299445	AT1G05760	False	1.0		False		host		RTM1
w:escrt	word	escrt	1	367	39	21521	1.5035981275763293	0.4890101075299445	AT2G26130	False	1.0		False		escrt		RSL1
w:dmt	word	dmt	1	367	40	21521	1.4660081743869209	0.4977398948186746	AT2G40900	False	1.0		False		dmt		UMAMIT11
p:metabolite exporter	phrase	metabolite exporter	1	367	40	21521	1.4660081743869209	0.4977398948186746	AT2G40900	False	1.0		False		metabolite exporter		UMAMIT11
w:superoxide	word	superoxide	1	367	40	21521	1.4660081743869209	0.4977398948186746	AT1G56600	False	1.0		False		superoxide		GolS2
p:adaxial abaxial	phrase	adaxial abaxial	1	367	40	21521	1.4660081743869209	0.4977398948186746	AT5G20320	False	1.0		False		adaxial abaxial		DCL4
w:seven	word	seven	1	367	40	21521	1.4660081743869209	0.4977398948186746	AT5G53760	False	1.0		False		seven		MLO11
w:athb	word	athb	1	367	40	21521	1.4660081743869209	0.4977398948186746	AT5G39760	False	1.0		False		athb		HB23
w:rotamase	word	rotamase	1	367	40	21521	1.4660081743869209	0.4977398948186746	AT4G38740	False	1.0		False		rotamase		ROC1
w:reciprocal	word	reciprocal	1	367	40	21521	1.4660081743869209	0.4977398948186746	AT4G26720	False	1.0		False		reciprocal		PPX1
w:aminocyclopropane	word	aminocyclopropane	1	367	40	21521	1.4660081743869209	0.4977398948186746	AT4G26200	False	1.0		False		aminocyclopropane		ACS7
p:multicopper oxidase	phrase	multicopper oxidase	1	367	40	21521	1.4660081743869209	0.4977398948186746	AT4G22010	False	1.0		False		multicopper oxidase		sks4
w:multicopper	word	multicopper	1	367	40	21521	1.4660081743869209	0.4977398948186746	AT4G22010	False	1.0		False		multicopper		sks4
p:transporter abcg	phrase	transporter abcg	1	367	40	21521	1.4660081743869209	0.4977398948186746	AT3G52310	False	1.0		False		transporter abcg		ABCG27
w:weak	word	weak	1	367	40	21521	1.4660081743869209	0.4977398948186746	AT3G03310	False	1.0		False		weak		LCAT3
w:ath	word	ath	1	367	41	21521	1.4302518774506545	0.5063209412597879	AT4G17030	False	1.0		False		ath		EXLB1
w:polygalacturonase	word	polygalacturonase	1	367	41	21521	1.4302518774506545	0.5063209412597879	AT5G06870	False	1.0		False		polygalacturonase		PGIP2
p:stomatal opening	phrase	stomatal opening	1	367	41	21521	1.4302518774506545	0.5063209412597879	AT4G33950	False	1.0		False		stomatal opening		OST1
w:non‑coding	word	non-coding	1	367	41	21521	1.4302518774506545	0.5063209412597879	AT4G28610	False	1.0		False		non-coding		PHR1
k:FMN	keyword	FMN	1	367	41	21521	1.4302518774506545	0.5063209412597879	AT4G21470	False	1.0		False		FMN		FMN/FHY
w:cooperate	word	cooperate	1	367	41	21521	1.4302518774506545	0.5063209412597879	AT1G08180	False	1.0		False		cooperate		SMR2
w:ctd	word	ctd	1	367	41	21521	1.4302518774506545	0.5063209412597879	AT1G20930	False	1.0		False		ctd		CDKB2;2
p:drug metabolite	phrase	drug metabolite	1	367	42	21521	1.396198261320877	0.5147557743397537	AT2G40900	False	1.0		False		drug metabolite		UMAMIT11
w:omega	word	omega	1	367	42	21521	1.396198261320877	0.5147557743397537	AT5G16230	False	1.0		False		omega		S-ACP-DES3
p:udp glucosyl	phrase	udp glucosyl	1	367	42	21521	1.396198261320877	0.5147557743397537	AT5G05870	False	1.0		False		udp glucosyl		UGT76C1
w:natural	word	natural	1	367	42	21521	1.396198261320877	0.5147557743397537	AT3G46970	False	1.0		False		natural		PHS2
p:xyloglucan metabolic	phrase	xyloglucan metabolic	1	367	42	21521	1.396198261320877	0.5147557743397537	AT4G30270	False	1.0		False		xyloglucan metabolic		XTH24
w:cdpk	word	cdpk	1	367	42	21521	1.396198261320877	0.5147557743397537	AT4G04710	False	1.0		False		cdpk		CPK22
w:abcg	word	abcg	1	367	42	21521	1.396198261320877	0.5147557743397537	AT3G52310	False	1.0		False		abcg		ABCG27
w:phosphoribosyltransferase	word	phosphoribosyltransferase	1	367	42	21521	1.396198261320877	0.5147557743397537	AT3G27190	False	1.0		False		phosphoribosyltransferase		UKL2
w:alkyl	word	alkyl	1	367	42	21521	1.396198261320877	0.5147557743397537	AT1G76080	False	1.0		False		alkyl		CDSP32
w:aspartate	word	aspartate	1	367	42	21521	1.396198261320877	0.5147557743397537	AT1G10010	False	1.0		False		aspartate		AAP8
p:fungal pathogen	phrase	fungal pathogen	1	367	43	21521	1.363728534313415	0.5230468787122711	AT3G12500	False	1.0		False		fungal pathogen		HCHIB
w:macromolecule	word	macromolecule	1	367	43	21521	1.363728534313415	0.5230468787122711	AT3G12500	False	1.0		False		macromolecule		HCHIB
p:tricarboxylic acid	phrase	tricarboxylic acid	1	367	43	21521	1.363728534313415	0.5230468787122711	AT3G14940	False	1.0		False		tricarboxylic acid		PPC3
w:tricarboxylic	word	tricarboxylic	1	367	43	21521	1.363728534313415	0.5230468787122711	AT3G14940	False	1.0		False		tricarboxylic		PPC3
p:phenylpropanoid biosynthetic	phrase	phenylpropanoid biosynthetic	1	367	43	21521	1.363728534313415	0.5230468787122711	AT3G21230	False	1.0		False		phenylpropanoid biosynthetic		4CL5
w:catalysis	word	catalysis	1	367	43	21521	1.363728534313415	0.5230468787122711	AT3G02870	False	1.0		False		catalysis		VTC4
p:functionally redundant	phrase	functionally redundant	1	367	43	21521	1.363728534313415	0.5230468787122711	AT1G69770	False	1.0		False		functionally redundant		CMT3
w:turn	word	turn	1	367	43	21521	1.363728534313415	0.5230468787122711	AT2G34210	False	1.0		False		turn		AT2G34210
w:dme	word	dme	1	367	44	21521	1.33273470398811	0.5311966969221881	AT2G40900	False	1.0		False		dme		UMAMIT11
k:Cyclin	keyword	Cyclin	1	367	44	21521	1.33273470398811	0.5311966969221881	AT5G61650	False	1.0		False		Cyclin		CYCP4;2
p:glucosyl transferase	phrase	glucosyl transferase	1	367	44	21521	1.33273470398811	0.5311966969221881	AT5G05870	False	1.0		False		glucosyl transferase		UGT76C1
p:pentose phosphate	phrase	pentose phosphate	1	367	44	21521	1.33273470398811	0.5311966969221881	AT3G49360	False	1.0		False		pentose phosphate		PGL2
w:gap	word	gap	1	367	44	21521	1.33273470398811	0.5311966969221881	AT3G49350	False	1.0		False		gap		AT3G49350
w:isopentenyl	word	isopentenyl	1	367	44	21521	1.33273470398811	0.5311966969221881	AT4G34350	False	1.0		False		isopentenyl		HDR
w:quercetin	word	quercetin	1	367	44	21521	1.33273470398811	0.5311966969221881	AT2G44450	False	1.0		False		quercetin		BGLU15
w:eama	word	eama	1	367	45	21521	1.3031183772328188	0.5392076301172137	AT2G40900	False	1.0		False		eama		UMAMIT11
p:fatty acyl	phrase	fatty acyl	1	367	45	21521	1.3031183772328188	0.5392076301172137	AT3G56700	False	1.0		False		fatty acyl		FAR6
w:utr	word	utr	1	367	45	21521	1.3031183772328188	0.5392076301172137	AT5G61510	False	1.0		False		utr		AT5G61510
p:day photoperiodism	phrase	day photoperiodism	1	367	45	21521	1.3031183772328188	0.5392076301172137	AT5G50790	False	1.0		False		day photoperiodism		SWEET10
w:limit	word	limit	1	367	45	21521	1.3031183772328188	0.5392076301172137	AT4G33950	False	1.0		False		limit		OST1
w:sar	word	sar	1	367	45	21521	1.3031183772328188	0.5392076301172137	AT1G22070	False	1.0		False		sar		TGA3
w:white	word	white	1	367	45	21521	1.3031183772328188	0.5392076301172137	AT3G52310	False	1.0		False		white		ABCG27
p:redox homeostasis	phrase	redox homeostasis	1	367	45	21521	1.3031183772328188	0.5392076301172137	AT1G76080	False	1.0		False		redox homeostasis		CDSP32
p:floral meristem	phrase	floral meristem	1	367	45	21521	1.3031183772328188	0.5392076301172137	AT1G65480	False	1.0		False		floral meristem		FT
w:epidermis	word	epidermis	1	367	46	21521	1.2747897168581923	0.5470820387476375	AT5G67440	False	1.0		False		epidermis		NPY3
w:terminus	word	terminus	1	367	46	21521	1.2747897168581923	0.5470820387476375	AT3G57250	False	1.0		False		terminus		AT3G57250
w:pentose	word	pentose	1	367	46	21521	1.2747897168581923	0.5470820387476375	AT3G49360	False	1.0		False		pentose		PGL2
w:trisphosphate	word	trisphosphate	1	367	46	21521	1.2747897168581923	0.5470820387476375	AT4G33770	False	1.0		False		trisphosphate		ITPK2
w:glucanase	word	glucanase	1	367	46	21521	1.2747897168581923	0.5470820387476375	AT4G30270	False	1.0		False		glucanase		XTH24
w:glcnac	word	glcnac	1	367	46	21521	1.2747897168581923	0.5470820387476375	AT4G19810	False	1.0		False		glcnac		ChiC
p:bacterial pathogen	phrase	bacterial pathogen	1	367	46	21521	1.2747897168581923	0.5470820387476375	AT4G03960	False	1.0		False		bacterial pathogen		PFA-DSP4
p:xenobiotic detoxification	phrase	xenobiotic detoxification	1	367	46	21521	1.2747897168581923	0.5470820387476375	AT1G66760	False	1.0		False		xenobiotic detoxification		DTX9
p:ubiquitin carboxyl	phrase	ubiquitin carboxyl	1	367	46	21521	1.2747897168581923	0.5470820387476375	AT3G21280	False	1.0		False		ubiquitin carboxyl		UBP7
w:deubiquitination	word	deubiquitination	1	367	46	21521	1.2747897168581923	0.5470820387476375	AT3G21280	False	1.0		False		deubiquitination		UBP7
p:ascorbic acid	phrase	ascorbic acid	1	367	46	21521	1.2747897168581923	0.5470820387476375	AT3G02870	False	1.0		False		ascorbic acid		VTC4
w:ascorbic	word	ascorbic	1	367	46	21521	1.2747897168581923	0.5470820387476375	AT3G02870	False	1.0		False		ascorbic		VTC4
w:cellulase	word	cellulase	1	367	46	21521	1.2747897168581923	0.5470820387476375	AT1G02310	False	1.0		False		cellulase		MAN1
w:methylate	word	methylate	1	367	46	21521	1.2747897168581923	0.5470820387476375	AT1G69770	False	1.0		False		methylate		CMT3
w:asparagine	word	asparagine	1	367	46	21521	1.2747897168581923	0.5470820387476375	AT1G62710	False	1.0		False		asparagine		BETA-VPE
w:asp	word	asp	1	367	46	21521	1.2747897168581923	0.5470820387476375	AT2G04160	False	1.0		False		asp		AIR3
w:fertility	word	fertility	1	367	46	21521	1.2747897168581923	0.5470820387476375	AT1G09780	False	1.0		False		fertility		iPGAM1
p:metabolite transporter	phrase	metabolite transporter	1	367	47	21521	1.2476665313931241	0.5548222432542554	AT2G40900	False	1.0		False		metabolite transporter		UMAMIT11
w:viral	word	viral	1	367	47	21521	1.2476665313931241	0.5548222432542554	AT5G20320	False	1.0		False		viral		DCL4
w:adaxial	word	adaxial	1	367	47	21521	1.2476665313931241	0.5548222432542554	AT5G20320	False	1.0		False		adaxial		DCL4
w:influx	word	influx	1	367	47	21521	1.2476665313931241	0.5548222432542554	AT5G27100	False	1.0		False		influx		GLR2.1
w:inhibiting	word	inhibiting	1	367	47	21521	1.2476665313931241	0.5548222432542554	AT5G06870	False	1.0		False		inhibiting		PGIP2
p:redox reaction	phrase	redox reaction	1	367	47	21521	1.2476665313931241	0.5548222432542554	AT4G31240	False	1.0		False		redox reaction		AT4G31240
p:cobalt ion	phrase	cobalt ion	1	367	47	21521	1.2476665313931241	0.5548222432542554	AT4G04955	False	1.0		False		cobalt ion		ALN
w:keto	word	keto	1	367	47	21521	1.2476665313931241	0.5548222432542554	AT3G14790	False	1.0		False		keto		RHM3
k:GTPase activation	keyword	GTPase activation	1	367	47	21521	1.2476665313931241	0.5548222432542554	AT1G23140	False	1.0		False		GTPase activation		CAR8
w:succinate	word	succinate	1	367	48	21521	1.2216734786557673	0.5624305247446945	AT5G09470	False	1.0		False		succinate		DIC3
w:corresponding	word	corresponding	1	367	48	21521	1.2216734786557673	0.5624305247446945	AT3G56700	False	1.0		False		corresponding		FAR6
k:Carboxypeptidase	keyword	Carboxypeptidase	1	367	48	21521	1.2216734786557673	0.5624305247446945	AT5G23210	False	1.0		False		Carboxypeptidase		SCPL34
w:glucosyl	word	glucosyl	1	367	48	21521	1.2216734786557673	0.5624305247446945	AT5G05870	False	1.0		False		glucosyl		UGT76C1
w:allow	word	allow	1	367	48	21521	1.2216734786557673	0.5624305247446945	AT4G04955	False	1.0		False		allow		ALN
p:zip homeobox	phrase	zip homeobox	1	367	48	21521	1.2216734786557673	0.5624305247446945	AT3G03260	False	1.0		False		zip homeobox		HDG8
p:cyclase cyclic	phrase	cyclase cyclic	1	367	48	21521	1.2216734786557673	0.5624305247446945	AT1G63750	False	1.0		False		cyclase cyclic		AT1G63750
p:ribosyl cyclase	phrase	ribosyl cyclase	1	367	48	21521	1.2216734786557673	0.5624305247446945	AT1G63750	False	1.0		False		ribosyl cyclase		AT1G63750
p:proton symporter	phrase	proton symporter	1	367	48	21521	1.2216734786557673	0.5624305247446945	AT1G10010	False	1.0		False		proton symporter		AAP8
w:cytoskeletal	word	cytoskeletal	1	367	48	21521	1.2216734786557673	0.5624305247446945	AT2G47920	False	1.0		False		cytoskeletal		NET3C
w:interfering	word	interfering	1	367	49	21521	1.196741366846466	0.5699091256583391	AT5G20320	False	1.0		False		interfering		DCL4
p:ppiase accelerate	phrase	ppiase accelerate	1	367	49	21521	1.196741366846466	0.5699091256583391	AT4G38740	False	1.0		False		ppiase accelerate		ROC1
p:photosynthetic electron	phrase	photosynthetic electron	1	367	49	21521	1.196741366846466	0.5699091256583391	AT4G31780	False	1.0		False		photosynthetic electron		MGD1
w:xylose	word	xylose	1	367	49	21521	1.196741366846466	0.5699091256583391	AT4G07960	False	1.0		False		xylose		CSLC12
w:cobalt	word	cobalt	1	367	49	21521	1.196741366846466	0.5699091256583391	AT4G04955	False	1.0		False		cobalt		ALN
w:uses	word	uses	1	367	49	21521	1.196741366846466	0.5699091256583391	AT4G04040	False	1.0		False		uses		MEE51
w:ammonia	word	ammonia	1	367	49	21521	1.196741366846466	0.5699091256583391	AT3G24290	False	1.0		False		ammonia		AMT1;5
w:variety	word	variety	1	367	49	21521	1.196741366846466	0.5699091256583391	AT3G21230	False	1.0		False		variety		4CL5
w:thioester	word	thioester	1	367	49	21521	1.196741366846466	0.5699091256583391	AT3G21230	False	1.0		False		thioester		4CL5
p:homeobox leucine	phrase	homeobox leucine	1	367	49	21521	1.196741366846466	0.5699091256583391	AT3G03260	False	1.0		False		homeobox leucine		HDG8
w:fucosyltransferase	word	fucosyltransferase	1	367	49	21521	1.196741366846466	0.5699091256583391	AT3G02250	False	1.0		False		fucosyltransferase		RRT2
w:translocon	word	translocon	1	367	49	21521	1.196741366846466	0.5699091256583391	AT2G16595	False	1.0		False		translocon		AT2G16595
w:integral	word	integral	1	367	49	21521	1.196741366846466	0.5699091256583391	AT2G40710	False	1.0		False		integral		AT2G40710
w:nuclease	word	nuclease	1	367	49	21521	1.196741366846466	0.5699091256583391	AT2G02990	False	1.0		False		nuclease		RNS1
p:accept ubiquitin	phrase	accept ubiquitin	1	367	49	21521	1.196741366846466	0.5699091256583391	AT2G26130	False	1.0		False		accept ubiquitin		RSL1
w:providing	word	providing	1	367	50	21521	1.1728065395095366	0.5772602504200472	AT5G20320	False	1.0		False		providing		DCL4
p:pot ptr	phrase	pot ptr	1	367	50	21521	1.1728065395095366	0.5772602504200472	AT5G62730	False	1.0		False		pot ptr		NPF4.7
w:pot	word	pot	1	367	50	21521	1.1728065395095366	0.5772602504200472	AT5G62730	False	1.0		False		pot		NPF4.7
w:ptr	word	ptr	1	367	50	21521	1.1728065395095366	0.5772602504200472	AT5G62730	False	1.0		False		ptr		NPF4.7
p:imidic peptide	phrase	imidic peptide	1	367	50	21521	1.1728065395095366	0.5772602504200472	AT4G38740	False	1.0		False		imidic peptide		ROC1
p:proline imidic	phrase	proline imidic	1	367	50	21521	1.1728065395095366	0.5772602504200472	AT4G38740	False	1.0		False		proline imidic		ROC1
p:cis‑tran isomerization	phrase	cis-tran isomerization	1	367	50	21521	1.1728065395095366	0.5772602504200472	AT4G38740	False	1.0		False		cis-tran isomerization		ROC1
w:imidic	word	imidic	1	367	50	21521	1.1728065395095366	0.5772602504200472	AT4G38740	False	1.0		False		imidic		ROC1
w:isoprenoid	word	isoprenoid	1	367	50	21521	1.1728065395095366	0.5772602504200472	AT4G34350	False	1.0		False		isoprenoid		HDR
w:vitamin	word	vitamin	1	367	50	21521	1.1728065395095366	0.5772602504200472	AT4G21470	False	1.0		False		vitamin		FMN/FHY
w:fiber	word	fiber	1	367	50	21521	1.1728065395095366	0.5772602504200472	AT4G10120	False	1.0		False		fiber		ATSPS4F
w:intrinsic	word	intrinsic	1	367	50	21521	1.1728065395095366	0.5772602504200472	AT4G01470	False	1.0		False		intrinsic		TIP1;3
p:mate efflux	phrase	mate efflux	1	367	50	21521	1.1728065395095366	0.5772602504200472	AT1G66760	False	1.0		False		mate efflux		DTX9
w:psi	word	psi	1	367	50	21521	1.1728065395095366	0.5772602504200472	AT3G11670	False	1.0		False		psi		DGD1
w:ala	word	ala	1	367	50	21521	1.1728065395095366	0.5772602504200472	AT2G04160	False	1.0		False		ala		AIR3
w:abaxial	word	abaxial	1	367	51	21521	1.149810332852487	0.5844860660828407	AT5G20320	False	1.0		False		abaxial		DCL4
p:cellulose synthase	phrase	cellulose synthase	1	367	51	21521	1.149810332852487	0.5844860660828407	AT4G07960	False	1.0		False		cellulose synthase		CSLC12
p:guanyl nucleotide	phrase	guanyl nucleotide	1	367	51	21521	1.149810332852487	0.5844860660828407	AT3G52190	False	1.0		False		guanyl nucleotide		PHF1
w:guanyl	word	guanyl	1	367	51	21521	1.149810332852487	0.5844860660828407	AT3G52190	False	1.0		False		guanyl		PHF1
w:produced	word	produced	1	367	51	21521	1.149810332852487	0.5844860660828407	AT2G29090	False	1.0		False		produced		CYP707A2
w:bundle	word	bundle	1	367	52	21521	1.127698595682247	0.5915887029597666	AT4G15200	False	1.0		False		bundle		FH3
w:recruitment	word	recruitment	1	367	52	21521	1.127698595682247	0.5915887029597666	AT4G34590	False	1.0		False		recruitment		GBF6
w:solute	word	solute	1	367	52	21521	1.127698595682247	0.5915887029597666	AT4G01470	False	1.0		False		solute		TIP1;3
p:compound extrusion	phrase	compound extrusion	1	367	52	21521	1.127698595682247	0.5915887029597666	AT1G66760	False	1.0		False		compound extrusion		DTX9
p:multi antimicrobial	phrase	multi antimicrobial	1	367	52	21521	1.127698595682247	0.5915887029597666	AT1G66760	False	1.0		False		multi antimicrobial		DTX9
w:multi	word	multi	1	367	52	21521	1.127698595682247	0.5915887029597666	AT1G66760	False	1.0		False		multi		DTX9
p:antimicrobial extrusion	phrase	antimicrobial extrusion	1	367	52	21521	1.127698595682247	0.5915887029597666	AT1G66760	False	1.0		False		antimicrobial extrusion		DTX9
p:adp ribosyl	phrase	adp ribosyl	1	367	52	21521	1.127698595682247	0.5915887029597666	AT1G63750	False	1.0		False		adp ribosyl		AT1G63750
p:meiotic recombination	phrase	meiotic recombination	1	367	53	21521	1.1064212636882422	0.598570255245097	AT4G26720	False	1.0		False		meiotic recombination		PPX1
w:fmn	word	fmn	1	367	53	21521	1.1064212636882422	0.598570255245097	AT4G21470	False	1.0		False		fmn		FMN/FHY
w:maternal	word	maternal	1	367	53	21521	1.1064212636882422	0.598570255245097	AT4G04040	False	1.0		False		maternal		MEE51
p:xenobiotic transmembrane	phrase	xenobiotic transmembrane	1	367	53	21521	1.1064212636882422	0.598570255245097	AT1G66760	False	1.0		False		xenobiotic transmembrane		DTX9
p:toxic compound	phrase	toxic compound	1	367	53	21521	1.1064212636882422	0.598570255245097	AT1G66760	False	1.0		False		toxic compound		DTX9
w:thioesterase	word	thioesterase	1	367	53	21521	1.1064212636882422	0.598570255245097	AT3G21280	False	1.0		False		thioesterase		UBP7
p:heat acclimation	phrase	heat acclimation	1	367	53	21521	1.1064212636882422	0.598570255245097	AT1G76080	False	1.0		False		heat acclimation		CDSP32
p:serine carboxypeptidase	phrase	serine carboxypeptidase	1	367	54	21521	1.085931981027349	0.6054327816250604	AT5G23210	False	1.0		False		serine carboxypeptidase		SCPL34
k:Rotamase	keyword	Rotamase	1	367	54	21521	1.085931981027349	0.6054327816250604	AT4G38740	False	1.0		False		Rotamase		ROC1
w:mate	word	mate	1	367	54	21521	1.085931981027349	0.6054327816250604	AT1G66760	False	1.0		False		mate		DTX9
w:ribosyl	word	ribosyl	1	367	54	21521	1.085931981027349	0.6054327816250604	AT1G63750	False	1.0		False		ribosyl		AT1G63750
w:sensing	word	sensing	1	367	54	21521	1.085931981027349	0.6054327816250604	AT1G68670	False	1.0		False		sensing		HHO2
w:multivesicular	word	multivesicular	1	367	54	21521	1.085931981027349	0.6054327816250604	AT2G33770	False	1.0		False		multivesicular		PHO2
p:multivesicular body	phrase	multivesicular body	1	367	54	21521	1.085931981027349	0.6054327816250604	AT2G33770	False	1.0		False		multivesicular body		PHO2
w:radical	word	radical	1	367	55	21521	1.066187763190488	0.6121783058782682	AT1G56600	False	1.0		False		radical		GolS2
w:mutant	word	mutant	1	367	55	21521	1.066187763190488	0.6121783058782682	AT5G67440	False	1.0		False		mutant		NPY3
p:alcohol dehydrogenase	phrase	alcohol dehydrogenase	1	367	55	21521	1.066187763190488	0.6121783058782682	AT5G61510	False	1.0		False		alcohol dehydrogenase		AT5G61510
k:Plastid inner membrane	keyword	Plastid inner membrane	1	367	55	21521	1.066187763190488	0.6121783058782682	AT4G31780	False	1.0		False		Plastid inner membrane		MGD1
w:mucilage	word	mucilage	1	367	55	21521	1.066187763190488	0.6121783058782682	AT3G02250	False	1.0		False		mucilage		RRT2
w:haloacid	word	haloacid	1	367	55	21521	1.066187763190488	0.6121783058782682	AT2G38740	False	1.0		False		haloacid		SGPP
w:dehalogenase	word	dehalogenase	1	367	55	21521	1.066187763190488	0.6121783058782682	AT2G38740	False	1.0		False		dehalogenase		SGPP
p:haloacid dehalogenase	phrase	haloacid dehalogenase	1	367	55	21521	1.066187763190488	0.6121783058782682	AT2G38740	False	1.0		False		haloacid dehalogenase		SGPP
w:malate	word	malate	1	367	56	21521	1.047148695990658	0.6188088174660192	AT5G09470	False	1.0		False		malate		DIC3
w:recruited	word	recruited	1	367	56	21521	1.047148695990658	0.6188088174660192	AT5G67440	False	1.0		False		recruited		NPY3
w:intramembrane	word	intramembrane	1	367	56	21521	1.047148695990658	0.6188088174660192	AT5G44240	False	1.0		False		intramembrane		ALA2
w:accelerate	word	accelerate	1	367	56	21521	1.047148695990658	0.6188088174660192	AT4G38740	False	1.0		False		accelerate		ROC1
w:ppiase	word	ppiase	1	367	56	21521	1.047148695990658	0.6188088174660192	AT4G38740	False	1.0		False		ppiase		ROC1
w:ferredoxin	word	ferredoxin	1	367	56	21521	1.047148695990658	0.6188088174660192	AT4G34350	False	1.0		False		ferredoxin		HDR
w:pep	word	pep	1	367	56	21521	1.047148695990658	0.6188088174660192	AT3G14940	False	1.0		False		pep		PPC3
w:tyr	word	tyr	1	367	56	21521	1.047148695990658	0.6188088174660192	AT1G03445	False	1.0		False		tyr		BSU1
p:nadh dehydrogenase	phrase	nadh dehydrogenase	1	367	56	21521	1.047148695990658	0.6188088174660192	AT2G20800	False	1.0		False		nadh dehydrogenase		NDB4
p:actin cytoskeleton	phrase	actin cytoskeleton	1	367	57	21521	1.0287776662364359	0.6253262721126517	AT4G15200	False	1.0		False		actin cytoskeleton		FH3
p:hypocotyl elongation	phrase	hypocotyl elongation	1	367	57	21521	1.0287776662364359	0.6253262721126517	AT5G02200	False	1.0		False		hypocotyl elongation		FHL
w:anion	word	anion	1	367	57	21521	1.0287776662364359	0.6253262721126517	AT4G33950	False	1.0		False		anion		OST1
w:developing	word	developing	1	367	57	21521	1.0287776662364359	0.6253262721126517	AT1G62710	False	1.0		False		developing		BETA-VPE
w:medium	word	medium	1	367	57	21521	1.0287776662364359	0.6253262721126517	AT2G42690	False	1.0		False		medium		AT2G42690
k:4Fe-4S	keyword	4Fe-4S	1	367	58	21521	1.011040120266842	0.631732592376101	AT4G34350	False	1.0		False		4Fe-4S		HDR
w:bacteria	word	bacteria	1	367	58	21521	1.011040120266842	0.631732592376101	AT4G33950	False	1.0		False		bacteria		OST1
w:dual	word	dual	1	367	58	21521	1.011040120266842	0.631732592376101	AT4G03960	False	1.0		False		dual		PFA-DSP4
w:selective	word	selective	1	367	58	21521	1.011040120266842	0.631732592376101	AT3G05630	False	1.0		False		selective		PLDP2
w:plastoglobule	word	plastoglobule	1	367	58	21521	1.011040120266842	0.631732592376101	AT2G31690	False	1.0		False		plastoglobule		DALL5
p:eukaryotic aspartyl	phrase	eukaryotic aspartyl	1	367	59	21521	0.9939038470419802	0.6380296682088354	AT5G19120	False	1.0		False		eukaryotic aspartyl		AT5G19120
w:ncrna	word	ncrna	1	367	59	21521	0.9939038470419802	0.6380296682088354	AT5G02200	False	1.0		False		ncrna		FHL
w:fruit	word	fruit	1	367	59	21521	0.9939038470419802	0.6380296682088354	AT3G61880	False	1.0		False		fruit		CYP78A9
p:nucleotide exchange	phrase	nucleotide exchange	1	367	59	21521	0.9939038470419802	0.6380296682088354	AT3G52190	False	1.0		False		nucleotide exchange		PHF1
w:cytidine	word	cytidine	1	367	59	21521	0.9939038470419802	0.6380296682088354	AT3G27190	False	1.0		False		cytidine		UKL2
k:Phospholipid biosynthesis	keyword	Phospholipid biosynthesis	1	367	59	21521	0.9939038470419802	0.6380296682088354	AT2G32260	False	1.0		False		Phospholipid biosynthesis		CCT1
p:transcriptional repressor	phrase	transcriptional repressor	1	367	60	21521	0.977338782924614	0.6442193575093365	AT5G62430	False	1.0		False		transcriptional repressor		CDF1
p:prolyl cis‑tran	phrase	prolyl cis-tran	1	367	60	21521	0.977338782924614	0.6442193575093365	AT4G38740	False	1.0		False		prolyl cis-tran		ROC1
w:cis‑tran	word	cis-tran	1	367	60	21521	0.977338782924614	0.6442193575093365	AT4G38740	False	1.0		False		cis-tran		ROC1
p:cis‑tran isomerase	phrase	cis-tran isomerase	1	367	60	21521	0.977338782924614	0.6442193575093365	AT4G38740	False	1.0		False		cis-tran isomerase		ROC1
p:carboxyl terminal	phrase	carboxyl terminal	1	367	60	21521	0.977338782924614	0.6442193575093365	AT3G21280	False	1.0		False		carboxyl terminal		UBP7
w:released	word	released	1	367	60	21521	0.977338782924614	0.6442193575093365	AT1G32900	False	1.0		False		released		GBSS1
w:demethylesterification	word	demethylesterification	1	367	61	21521	0.9613168356635546	0.6503034866642716	AT4G15980	False	1.0		False		demethylesterification		PME43
w:fbd	word	fbd	1	367	61	21521	0.9613168356635546	0.6503034866642716	AT5G56570	False	1.0		False		fbd		AT5G56570
p:aspartyl protease	phrase	aspartyl protease	1	367	61	21521	0.9613168356635546	0.6503034866642716	AT5G19120	False	1.0		False		aspartyl protease		AT5G19120
p:peptidyl prolyl	phrase	peptidyl prolyl	1	367	61	21521	0.9613168356635546	0.6503034866642716	AT4G38740	False	1.0		False		peptidyl prolyl		ROC1
w:pamp	word	pamp	1	367	61	21521	0.9613168356635546	0.6503034866642716	AT4G33950	False	1.0		False		pamp		OST1
p:late endosome	phrase	late endosome	1	367	61	21521	0.9613168356635546	0.6503034866642716	AT4G23700	False	1.0		False		late endosome		CHX17
w:catalyzing	word	catalyzing	1	367	61	21521	0.9613168356635546	0.6503034866642716	AT4G10120	False	1.0		False		catalyzing		ATSPS4F
w:detection	word	detection	1	367	61	21521	0.9613168356635546	0.6503034866642716	AT1G31480	False	1.0		False		detection		SGR2
p:nucleotide sugar	phrase	nucleotide sugar	1	367	61	21521	0.9613168356635546	0.6503034866642716	AT3G14790	False	1.0		False		nucleotide sugar		RHM3
p:cmgc ser	phrase	cmgc ser	1	367	61	21521	0.9613168356635546	0.6503034866642716	AT1G20930	False	1.0		False		cmgc ser		CDKB2;2
w:cmgc	word	cmgc	1	367	61	21521	0.9613168356635546	0.6503034866642716	AT1G20930	False	1.0		False		cmgc		CDKB2;2
w:feedback	word	feedback	1	367	61	21521	0.9613168356635546	0.6503034866642716	AT2G45130	False	1.0		False		feedback		SPX3
p:pectinesterase inhibitor	phrase	pectinesterase inhibitor	1	367	62	21521	0.9458117254109167	0.6562838510815232	AT4G15980	False	1.0		False		pectinesterase inhibitor		PME43
w:corepressor	word	corepressor	1	367	62	21521	0.9458117254109167	0.6562838510815232	AT5G04340	False	1.0		False		corepressor		ZAT6
w:termination	word	termination	1	367	62	21521	0.9458117254109167	0.6562838510815232	AT5G20320	False	1.0		False		termination		DCL4
w:ligand	word	ligand	1	367	62	21521	0.9458117254109167	0.6562838510815232	AT5G27100	False	1.0		False		ligand		GLR2.1
w:ions	word	ions	1	367	62	21521	0.9458117254109167	0.6562838510815232	AT5G51050	False	1.0		False		ions		APC2
p:adenine nucleotide	phrase	adenine nucleotide	1	367	62	21521	0.9458117254109167	0.6562838510815232	AT5G47740	False	1.0		False		adenine nucleotide		MCA23.6
w:met	word	met	1	367	62	21521	0.9458117254109167	0.6562838510815232	AT5G07460	False	1.0		False		met		PMSR2
p:occurring elicitor	phrase	occurring elicitor	1	367	62	21521	0.9458117254109167	0.6562838510815232	AT3G04670	False	1.0		False		occurring elicitor		WRKY39
k:Phospholipid metabolism	keyword	Phospholipid metabolism	1	367	62	21521	0.9458117254109167	0.6562838510815232	AT2G32260	False	1.0		False		Phospholipid metabolism		CCT1
k:Aspartyl esterase	keyword	Aspartyl esterase	1	367	63	21521	0.9307988408805847	0.6621622157142217	AT4G15980	False	1.0		False		Aspartyl esterase		PME43
w:carboxypeptidase	word	carboxypeptidase	1	367	63	21521	0.9307988408805847	0.6621622157142217	AT5G23210	False	1.0		False		carboxypeptidase		SCPL34
p:calcium sensor	phrase	calcium sensor	1	367	63	21521	0.9307988408805847	0.6621622157142217	AT4G13420	False	1.0		False		calcium sensor		HAK5
p:responsive cis‑acting	phrase	responsive cis-acting	1	367	63	21521	0.9307988408805847	0.6621622157142217	AT3G04670	False	1.0		False		responsive cis-acting		WRKY39
w:frequently	word	frequently	1	367	63	21521	0.9307988408805847	0.6621622157142217	AT3G04670	False	1.0		False		frequently		WRKY39
p:frequently occurring	phrase	frequently occurring	1	367	63	21521	0.9307988408805847	0.6621622157142217	AT3G04670	False	1.0		False		frequently occurring		WRKY39
w:subset	word	subset	1	367	63	21521	0.9307988408805847	0.6621622157142217	AT1G68670	False	1.0		False		subset		HHO2
w:conjugate	word	conjugate	1	367	64	21521	0.9162551089918256	0.667940315575946	AT3G60160	False	1.0		False		conjugate		ABCC9
w:gly	word	gly	1	367	64	21521	0.9162551089918256	0.667940315575946	AT3G21280	False	1.0		False		gly		UBP7
p:wrky dna	phrase	wrky dna	1	367	64	21521	0.9162551089918256	0.667940315575946	AT3G04670	False	1.0		False		wrky dna		WRKY39
p:elicitor responsive	phrase	elicitor responsive	1	367	64	21521	0.9162551089918256	0.667940315575946	AT3G04670	False	1.0		False		elicitor responsive		WRKY39
w:tgac	word	tgac	1	367	64	21521	0.9162551089918256	0.667940315575946	AT3G04670	False	1.0		False		tgac		WRKY39
w:functionally	word	functionally	1	367	64	21521	0.9162551089918256	0.667940315575946	AT1G69770	False	1.0		False		functionally		CMT3
p:molecular pattern	phrase	molecular pattern	1	367	65	21521	0.9021588765457975	0.6736198562472249	AT4G33950	False	1.0		False		molecular pattern		OST1
w:glu	word	glu	1	367	65	21521	0.9021588765457975	0.6736198562472249	AT3G03910	False	1.0		False		glu		GDH3
w:bridge	word	bridge	1	367	65	21521	0.9021588765457975	0.6736198562472249	AT2G47920	False	1.0		False		bridge		NET3C
w:antimicrobial	word	antimicrobial	1	367	66	21521	0.88848980265874	0.6792025143734957	AT1G66760	False	1.0		False		antimicrobial		DTX9
w:upstream	word	upstream	1	367	66	21521	0.88848980265874	0.6792025143734957	AT1G55580	False	1.0		False		upstream		LAS
p:cold acclimation	phrase	cold acclimation	1	367	67	21521	0.8752287608280126	0.6846899381546621	AT4G37220	False	1.0		False		cold acclimation		AT4G37220
w:extrusion	word	extrusion	1	367	67	21521	0.8752287608280126	0.6846899381546621	AT1G66760	False	1.0		False		extrusion		DTX9
w:atl	word	atl	1	367	67	21521	0.8752287608280126	0.6846899381546621	AT1G76410	False	1.0		False		atl		ATL8
w:coenzyme	word	coenzyme	1	367	68	21521	0.8623577496393652	0.6900837478263898	AT4G21470	False	1.0		False		coenzyme		FMN/FHY
w:assimilation	word	assimilation	1	367	68	21521	0.8623577496393652	0.6900837478263898	AT1G22150	False	1.0		False		assimilation		SULTR1;3
w:phytochrome	word	phytochrome	1	367	68	21521	0.8623577496393652	0.6900837478263898	AT1G58300	False	1.0		False		phytochrome		HO4
w:deubiquitinase	word	deubiquitinase	1	367	68	21521	0.8623577496393652	0.6900837478263898	AT3G21280	False	1.0		False		deubiquitinase		UBP7
w:occurring	word	occurring	1	367	68	21521	0.8623577496393652	0.6900837478263898	AT3G04670	False	1.0		False		occurring		WRKY39
w:provide	word	provide	1	367	68	21521	0.8623577496393652	0.6900837478263898	AT3G11670	False	1.0		False		provide		DGD1
w:wide	word	wide	1	367	69	21521	0.8498598112387947	0.6953855361332798	AT5G09470	False	1.0		False		wide		DIC3
w:nucleolar	word	nucleolar	1	367	69	21521	0.8498598112387947	0.6953855361332798	AT3G57780	False	1.0		False		nucleolar		AT3G57780
w:link	word	link	1	367	69	21521	0.8498598112387947	0.6953855361332798	AT4G31780	False	1.0		False		link		MGD1
w:growing	word	growing	1	367	69	21521	0.8498598112387947	0.6953855361332798	AT4G30270	False	1.0		False		growing		XTH24
w:origin	word	origin	1	367	69	21521	0.8498598112387947	0.6953855361332798	AT4G02640	False	1.0		False		origin		BZO2H1
w:pyrimidine	word	pyrimidine	1	367	69	21521	0.8498598112387947	0.6953855361332798	AT3G27190	False	1.0		False		pyrimidine		UKL2
w:constitutive	word	constitutive	1	367	69	21521	0.8498598112387947	0.6953855361332798	AT1G69770	False	1.0		False		constitutive		CMT3
w:hydrophobic	word	hydrophobic	1	367	69	21521	0.8498598112387947	0.6953855361332798	AT2G04160	False	1.0		False		hydrophobic		AIR3
p:manganese ion	phrase	manganese ion	1	367	69	21521	0.8498598112387947	0.6953855361332798	AT1G09780	False	1.0		False		manganese ion		iPGAM1
w:generating	word	generating	1	367	70	21521	0.8377189567925262	0.7005968687940611	AT1G56600	False	1.0		False		generating		GolS2
w:endoreduplication	word	endoreduplication	1	367	70	21521	0.8377189567925262	0.7005968687940611	AT1G08180	False	1.0		False		endoreduplication		SMR2
k:RNA-mediated gene silencing	keyword	RNA-mediated gene silencing	1	367	71	21521	0.8259200982461526	0.7057192849589289	AT5G20320	False	1.0		False		RNA-mediated gene silencing		DCL4
w:distribution	word	distribution	1	367	71	21521	0.8259200982461526	0.7057192849589289	AT5G67440	False	1.0		False		distribution		NPY3
w:backbone	word	backbone	1	367	71	21521	0.8259200982461526	0.7057192849589289	AT4G07960	False	1.0		False		backbone		CSLC12
w:zip	word	zip	1	367	71	21521	0.8259200982461526	0.7057192849589289	AT3G03260	False	1.0		False		zip		HDG8
p:surface receptor	phrase	surface receptor	1	367	71	21521	0.8259200982461526	0.7057192849589289	AT3G05490	False	1.0		False		surface receptor		RALFL22
w:toxin	word	toxin	1	367	71	21521	0.8259200982461526	0.7057192849589289	AT2G43535	False	1.0		False		toxin		ATTI4
p:heavy metal	phrase	heavy metal	1	367	72	21521	0.8144489857705116	0.7107542976591656	AT1G22990	False	1.0		False		heavy metal		HIPP22
w:targeted	word	targeted	1	367	73	21521	0.8032921503489978	0.7157033942491737	AT5G20320	False	1.0		False		targeted		DCL4
w:aspartyl	word	aspartyl	1	367	73	21521	0.8032921503489978	0.7157033942491737	AT5G19120	False	1.0		False		aspartyl		AT5G19120
p:guard cell	phrase	guard cell	1	367	73	21521	0.8032921503489978	0.7157033942491737	AT1G09780	False	1.0		False		guard cell		iPGAM1
w:enzymatic	word	enzymatic	1	367	74	21521	0.7924368510199573	0.7205680368410494	AT5G61510	False	1.0		False		enzymatic		AT5G61510
w:btb	word	btb	1	367	75	21521	0.7818710263396912	0.7253496627318192	AT5G67440	False	1.0		False		btb		NPY3
w:integrase	word	integrase	1	367	75	21521	0.7818710263396912	0.7253496627318192	AT3G60490	False	1.0		False		integrase		ERF035
w:purine	word	purine	1	367	75	21521	0.7818710263396912	0.7253496627318192	AT4G04955	False	1.0		False		purine		ALN
w:alternative	word	alternative	1	367	75	21521	0.7818710263396912	0.7253496627318192	AT2G20800	False	1.0		False		alternative		NDB4
w:efficiency	word	efficiency	1	367	76	21521	0.7715832496773268	0.7300496848234643	AT5G09470	False	1.0		False		efficiency		DIC3
w:ubiquinone	word	ubiquinone	1	367	76	21521	0.7715832496773268	0.7300496848234643	AT2G20800	False	1.0		False		ubiquinone		NDB4
p:invertase pectin	phrase	invertase pectin	1	367	77	21521	0.7615626879932057	0.7346694920358583	AT4G15980	False	1.0		False		invertase pectin		PME43
p:plant invertase	phrase	plant invertase	1	367	77	21521	0.7615626879932057	0.7346694920358583	AT4G15980	False	1.0		False		plant invertase		PME43
w:salinity	word	salinity	1	367	77	21521	0.7615626879932057	0.7346694920358583	AT1G56600	False	1.0		False		salinity		GolS2
w:change	word	change	1	367	77	21521	0.7615626879932057	0.7346694920358583	AT5G20320	False	1.0		False		change		DCL4
p:wrky transcription	phrase	wrky transcription	1	367	77	21521	0.7615626879932057	0.7346694920358583	AT3G04670	False	1.0		False		wrky transcription		WRKY39
w:insect	word	insect	1	367	78	21521	0.7517990637881646	0.7392104497127301	AT2G43710	False	1.0		False		insect		SSI2
w:glutamine	word	glutamine	1	367	79	21521	0.7422826199427447	0.743673900020776	AT2G40900	False	1.0		False		glutamine		UMAMIT11
p:cyclic adp	phrase	cyclic adp	1	367	79	21521	0.7422826199427447	0.743673900020776	AT1G63750	False	1.0		False		cyclic adp		AT1G63750
w:wrky	word	wrky	1	367	80	21521	0.7330040871934604	0.7480611623420321	AT3G04670	False	1.0		False		wrky		WRKY39
p:gibberellic acid	phrase	gibberellic acid	1	367	81	21521	0.7239546540182326	0.7523735336596237	AT5G39760	False	1.0		False		gibberellic acid		HB23
w:gibberellic	word	gibberellic	1	367	81	21521	0.7239546540182326	0.7523735336596237	AT5G39760	False	1.0		False		gibberellic		HB23
w:decarboxylase	word	decarboxylase	1	367	81	21521	0.7239546540182326	0.7523735336596237	AT2G28305	False	1.0		False		decarboxylase		LOG1
w:region	word	region	1	367	82	21521	0.7151259387253273	0.7566122889369984	AT5G61430	False	1.0		False		region		NAC100
w:messenger	word	messenger	1	367	82	21521	0.7151259387253273	0.7566122889369984	AT4G04710	False	1.0		False		messenger		CPK22
w:uridine	word	uridine	1	367	82	21521	0.7151259387253273	0.7566122889369984	AT3G27190	False	1.0		False		uridine		UKL2
w:novo	word	novo	1	367	82	21521	0.7151259387253273	0.7566122889369984	AT3G27190	False	1.0		False		novo		UKL2
w:pyruvate	word	pyruvate	1	367	83	21521	0.7065099635599619	0.7607786814907614	AT5G63680	False	1.0		False		pyruvate		MBK5.16
p:glycine rich	phrase	glycine rich	1	367	83	21521	0.7065099635599619	0.7607786814907614	AT3G04640	False	1.0		False		glycine rich		AT3G04640
w:certain	word	certain	1	367	83	21521	0.7065099635599619	0.7607786814907614	AT2G43710	False	1.0		False		certain		SSI2
w:somatic	word	somatic	1	367	84	21521	0.6980991306604385	0.7648739433572083	AT4G25150	False	1.0		False		somatic		AT4G25150
w:arrest	word	arrest	1	367	84	21521	0.6980991306604385	0.7648739433572083	AT4G04040	False	1.0		False		arrest		MEE51
p:proline rich	phrase	proline rich	1	367	84	21521	0.6980991306604385	0.7648739433572083	AT1G70990	False	1.0		False		proline rich		AT1G70990
w:manganese	word	manganese	1	367	84	21521	0.6980991306604385	0.7648739433572083	AT1G09780	False	1.0		False		manganese		iPGAM1
w:recycling	word	recycling	1	367	84	21521	0.6980991306604385	0.7648739433572083	AT2G16595	False	1.0		False		recycling		AT2G16595
w:using	word	using	1	367	85	21521	0.6898861997114921	0.7688992856526744	AT5G20320	False	1.0		False		using		DCL4
w:carboxyl	word	carboxyl	1	367	85	21521	0.6898861997114921	0.7688992856526744	AT3G21280	False	1.0		False		carboxyl		UBP7
w:conjugation	word	conjugation	1	367	86	21521	0.6818642671567074	0.7728558989277942	AT5G64000	False	1.0		False		conjugation		SAL2
p:pseudomonas syringae	phrase	pseudomonas syringae	1	367	86	21521	0.6818642671567074	0.7728558989277942	AT4G03960	False	1.0		False		pseudomonas syringae		PFA-DSP4
w:consensus	word	consensus	1	367	87	21521	0.6740267468445613	0.776744953515781	AT5G62430	False	1.0		False		consensus		CDF1
w:prolyl	word	prolyl	1	367	87	21521	0.6740267468445613	0.776744953515781	AT4G38740	False	1.0		False		prolyl		ROC1
p:electron transfer	phrase	electron transfer	1	367	87	21521	0.6740267468445613	0.776744953515781	AT4G12980	False	1.0		False		electron transfer		AT4G12980
w:preferentially	word	preferentially	1	367	87	21521	0.6740267468445613	0.776744953515781	AT1G69770	False	1.0		False		preferentially		CMT3
w:ras	word	ras	1	367	87	21521	0.6740267468445613	0.776744953515781	AT2G19330	False	1.0		False		ras		PIRL6
w:metabolite	word	metabolite	1	367	88	21521	0.666367351994055	0.780567599874823	AT2G40900	False	1.0		False		metabolite		UMAMIT11
w:aldehyde	word	aldehyde	1	367	89	21521	0.6588800783761442	0.7843249689246966	AT3G56700	False	1.0		False		aldehyde		FAR6
w:absence	word	absence	1	367	89	21521	0.6588800783761442	0.7843249689246966	AT4G33950	False	1.0		False		absence		OST1
w:catalyze	word	catalyze	1	367	89	21521	0.6588800783761442	0.7843249689246966	AT4G26200	False	1.0		False		catalyze		ACS7
w:pseudomonas	word	pseudomonas	1	367	89	21521	0.6588800783761442	0.7843249689246966	AT4G03960	False	1.0		False		pseudomonas		PFA-DSP4
p:cortical microtubule	phrase	cortical microtubule	1	367	89	21521	0.6588800783761442	0.7843249689246966	AT3G27960	False	1.0		False		cortical microtubule		KLCR2
w:post‑translational	word	post-translational	1	367	89	21521	0.6588800783761442	0.7843249689246966	AT1G62710	False	1.0		False		post-translational		BETA-VPE
w:pectinesterase	word	pectinesterase	1	367	90	21521	0.6515591886164094	0.788018172377694	AT4G15980	False	1.0		False		pectinesterase		PME43
w:kinesin	word	kinesin	1	367	90	21521	0.6515591886164094	0.788018172377694	AT3G27960	False	1.0		False		kinesin		KLCR2
p:pectin catabolic	phrase	pectin catabolic	1	367	91	21521	0.6443991975327125	0.7916483030639611	AT4G15980	False	1.0		False		pectin catabolic		PME43
w:speck	word	speck	1	367	91	21521	0.6443991975327125	0.7916483030639611	AT5G02200	False	1.0		False		speck		FHL
p:nuclear speck	phrase	nuclear speck	1	367	91	21521	0.6443991975327125	0.7916483030639611	AT5G02200	False	1.0		False		nuclear speck		FHL
w:abundant	word	abundant	1	367	91	21521	0.6443991975327125	0.7916483030639611	AT3G02250	False	1.0		False		abundant		RRT2
w:rate	word	rate	1	367	93	21521	0.6305411502739445	0.7987236249598073	AT4G10120	False	1.0		False		rate		ATSPS4F
k:Lipid-binding	keyword	Lipid-binding	1	367	93	21521	0.6305411502739445	0.7987236249598073	AT1G23140	False	1.0		False		Lipid-binding		CAR8
w:ros	word	ros	1	367	94	21521	0.6238332656965621	0.802170910270604	AT4G33950	False	1.0		False		ros		OST1
w:elicitor	word	elicitor	1	367	94	21521	0.6238332656965621	0.802170910270604	AT3G04670	False	1.0		False		elicitor		WRKY39
p:vesicle trafficking	phrase	vesicle trafficking	1	367	94	21521	0.6238332656965621	0.802170910270604	AT3G05630	False	1.0		False		vesicle trafficking		PLDP2
w:anther	word	anther	1	367	94	21521	0.6238332656965621	0.802170910270604	AT1G75830	False	1.0		False		anther		LCR67
w:guard	word	guard	1	367	95	21521	0.6172665997418615	0.8055593116301358	AT1G09780	False	1.0		False		guard		iPGAM1
w:hydroxylase	word	hydroxylase	1	367	95	21521	0.6172665997418615	0.8055593116301358	AT2G29090	False	1.0		False		hydroxylase		CYP707A2
w:insensitive	word	insensitive	1	367	95	21521	0.6172665997418615	0.8055593116301358	AT2G41070	False	1.0		False		insensitive		EEL
p:auxin polar	phrase	auxin polar	1	367	96	21521	0.6108367393278836	0.8088898321487458	AT5G67440	False	1.0		False		auxin polar		NPY3
p:gdsl esterase	phrase	gdsl esterase	1	367	96	21521	0.6108367393278836	0.8088898321487458	AT3G11210	False	1.0		False		gdsl esterase		CPRD49
w:energy	word	energy	1	367	97	21521	0.6045394533554314	0.8121634578944361	AT5G55930	False	1.0		False		energy		OPT1
w:derivative	word	derivative	1	367	97	21521	0.6045394533554314	0.8121634578944361	AT5G47240	False	1.0		False		derivative		NUDT8
k:Mitosis	keyword	Mitosis	1	367	97	21521	0.6045394533554314	0.8121634578944361	AT3G47460	False	1.0		False		Mitosis		ATSMC2
p:gdsl lipolytic	phrase	gdsl lipolytic	1	367	97	21521	0.6045394533554314	0.8121634578944361	AT3G11210	False	1.0		False		gdsl lipolytic		CPRD49
w:redundant	word	redundant	1	367	97	21521	0.6045394533554314	0.8121634578944361	AT1G69770	False	1.0		False		redundant		CMT3
w:arf	word	arf	1	367	98	21521	0.598370683423233	0.8153811581816254	AT5G17060	False	1.0		False		arf		ARFB1B
w:nematode	word	nematode	1	367	99	21521	0.5923265351058267	0.8185438858550296	AT3G60160	False	1.0		False		nematode		ABCC9
w:event	word	event	1	367	99	21521	0.5923265351058267	0.8185438858550296	AT3G05490	False	1.0		False		event		RALFL22
p:adp ribose	phrase	adp ribose	1	367	99	21521	0.5923265351058267	0.8185438858550296	AT1G63750	False	1.0		False		adp ribose		AT1G63750
p:esterase lipase	phrase	esterase lipase	1	367	100	21521	0.5864032697547683	0.8216525775687448	AT3G11210	False	1.0		False		esterase lipase		CPRD49
w:repress	word	repress	1	367	100	21521	0.5864032697547683	0.8216525775687448	AT3G09560	False	1.0		False		repress		PAH1
w:polymer	word	polymer	1	367	101	21521	0.5805972967868994	0.8247081540606112	AT4G30270	False	1.0		False		polymer		XTH24
w:jasmonate	word	jasmonate	1	367	101	21521	0.5805972967868994	0.8247081540606112	AT3G12500	False	1.0		False		jasmonate		HCHIB
p:actin filament	phrase	actin filament	1	367	102	21521	0.5749051664262435	0.8277115204219445	AT4G15200	False	1.0		False		actin filament		FH3
w:sirna	word	sirna	1	367	102	21521	0.5749051664262435	0.8277115204219445	AT5G20320	False	1.0		False		sirna		DCL4
w:gdsl	word	gdsl	1	367	102	21521	0.5749051664262435	0.8277115204219445	AT3G11210	False	1.0		False		gdsl		CPRD49
p:nbs lrr	phrase	nbs lrr	1	367	102	21521	0.5749051664262435	0.8277115204219445	AT1G63750	False	1.0		False		nbs lrr		AT1G63750
k:ER-Golgi transport	keyword	ER-Golgi transport	1	367	103	21521	0.5693235628687072	0.8306635663627048	AT5G17060	False	1.0		False		ER-Golgi transport		ARFB1B
w:addition	word	addition	1	367	103	21521	0.5693235628687072	0.8306635663627048	AT3G56040	False	1.0		False		addition		UGP3
p:box pathogenesis	phrase	box pathogenesis	1	367	104	21521	0.5638492978411235	0.8335651664721868	AT3G60490	False	1.0		False		box pathogenesis		ERF035
w:rab	word	rab	1	367	104	21521	0.5638492978411235	0.8335651664721868	AT3G49350	False	1.0		False		rab		AT3G49350
w:reduced	word	reduced	1	367	104	21521	0.5638492978411235	0.8335651664721868	AT3G10420	False	1.0		False		reduced		SPD1
p:gcc box	phrase	gcc box	1	367	106	21521	0.5532106318441211	0.8392204534845267	AT3G60490	False	1.0		False		gcc box		ERF035
w:accept	word	accept	1	367	106	21521	0.5532106318441211	0.8392204534845267	AT2G26130	False	1.0		False		accept		RSL1
p:acyl coa	phrase	acyl coa	1	367	107	21521	0.548040439023148	0.8419758162475981	AT3G56700	False	1.0		False		acyl coa		FAR6
w:gcc	word	gcc	1	367	107	21521	0.548040439023148	0.8419758162475981	AT3G60490	False	1.0		False		gcc		ERF035
w:organelle	word	organelle	1	367	107	21521	0.548040439023148	0.8419758162475981	AT4G31780	False	1.0		False		organelle		MGD1
w:base	word	base	1	367	107	21521	0.548040439023148	0.8419758162475981	AT2G28305	False	1.0		False		base		LOG1
w:ability	word	ability	1	367	109	21521	0.5379846511511637	0.8473460636594269	AT5G62430	False	1.0		False		ability		CDF1
w:miscrna	word	miscrna	1	367	109	21521	0.5379846511511637	0.8473460636594269	AT4G13900	False	1.0		False		miscrna		RLP49
w:inducible	word	inducible	1	367	109	21521	0.5379846511511637	0.8473460636594269	AT1G22070	False	1.0		False		inducible		TGA3
w:serve	word	serve	1	367	109	21521	0.5379846511511637	0.8473460636594269	AT1G09240	False	1.0		False		serve		NAS3
w:effect	word	effect	1	367	110	21521	0.533093881595244	0.8499625401509734	AT4G04040	False	1.0		False		effect		MEE51
w:dnaj	word	dnaj	1	367	110	21521	0.533093881595244	0.8499625401509734	AT1G72070	False	1.0		False		dnaj		AT1G72070
w:cortical	word	cortical	1	367	111	21521	0.5282912340133048	0.8525342905486469	AT3G27960	False	1.0		False		cortical		KLCR2
w:locus	word	locus	1	367	112	21521	0.523574347995329	0.855062077347743	AT1G65480	False	1.0		False		locus		FT
p:hydroxyproline rich	phrase	hydroxyproline rich	1	367	113	21521	0.5189409466856357	0.8575466500794622	AT3G50570	False	1.0		False		hydroxyproline rich		AT3G50570
w:peroxisomal	word	peroxisomal	1	367	114	21521	0.5143888331182179	0.8599887455307347	AT5G37670	False	1.0		False		peroxisomal		HSP15.7
k:Prenylation	keyword	Prenylation	1	367	114	21521	0.5143888331182179	0.8599887455307347	AT1G22990	False	1.0		False		Prenylation		HIPP22
p:rich glycoprotein	phrase	rich glycoprotein	1	367	115	21521	0.5099158867432768	0.862389087960324	AT3G50570	False	1.0		False		rich glycoprotein		AT3G50570
w:temperature	word	temperature	1	367	115	21521	0.5099158867432768	0.862389087960324	AT3G11670	False	1.0		False		temperature		DGD1
w:set	word	set	1	367	116	21521	0.505520060133421	0.8647483893112797	AT5G17240	False	1.0		False		set		SDG40
w:infection	word	infection	1	367	117	21521	0.5011993758587764	0.8670673494197947	AT4G38740	False	1.0		False		infection		ROC1
p:cytoskeleton organization	phrase	cytoskeleton organization	1	367	118	21521	0.4969519235209901	0.86934665622053	AT4G15200	False	1.0		False		cytoskeleton organization		FH3
p:innate immune	phrase	innate immune	1	367	118	21521	0.4969519235209901	0.86934665622053	AT5G49780	False	1.0		False		innate immune		AT5G49780
w:peptidyl	word	peptidyl	1	367	118	21521	0.4969519235209901	0.86934665622053	AT4G38740	False	1.0		False		peptidyl		ROC1
p:flavin adenine	phrase	flavin adenine	1	367	118	21521	0.4969519235209901	0.86934665622053	AT1G62540	False	1.0		False		flavin adenine		FMOGS-OX2
w:translational	word	translational	1	367	119	21521	0.49277585693678017	0.8715869859484682	AT4G34590	False	1.0		False		translational		GBF6
w:side	word	side	1	367	119	21521	0.49277585693678017	0.8715869859484682	AT1G55480	False	1.0		False		side		ZKT
w:sorting	word	sorting	1	367	120	21521	0.488669391462307	0.873789003337353	AT3G04350	False	1.0		False		sorting		AT3G04350
w:hydroxyproline	word	hydroxyproline	1	367	122	21521	0.4806584178317773	0.8780807036939274	AT3G50570	False	1.0		False		hydroxyproline		AT3G50570
w:photomorphogenesis	word	photomorphogenesis	1	367	122	21521	0.4806584178317773	0.8780807036939274	AT1G58300	False	1.0		False		photomorphogenesis		HO4
w:female	word	female	1	367	124	21521	0.47290586270545837	0.882226852466464	AT4G14770	False	1.0		False		female		TCX2
p:adenine dinucleotide	phrase	adenine dinucleotide	1	367	124	21521	0.47290586270545837	0.882226852466464	AT1G62540	False	1.0		False		adenine dinucleotide		FMOGS-OX2
w:establishment	word	establishment	1	367	125	21521	0.46912261580381476	0.8842468900953282	AT4G13420	False	1.0		False		establishment		HAK5
w:transcript	word	transcript	1	367	126	21521	0.46539942044029237	0.8862323729582471	AT5G20320	False	1.0		False		transcript		DCL4
p:ethylene responsive	phrase	ethylene responsive	1	367	126	21521	0.46539942044029237	0.8862323729582471	AT3G60490	False	1.0		False		ethylene responsive		ERF035
p:circadian rhythm	phrase	circadian rhythm	1	367	126	21521	0.46539942044029237	0.8862323729582471	AT4G28610	False	1.0		False		circadian rhythm		PHR1
w:bifunctional	word	bifunctional	1	367	126	21521	0.46539942044029237	0.8862323729582471	AT4G21470	False	1.0		False		bifunctional		FMN/FHY
p:cell proliferation	phrase	cell proliferation	1	367	126	21521	0.46539942044029237	0.8862323729582471	AT1G08180	False	1.0		False		cell proliferation		SMR2
w:post‑transcriptional	word	post-transcriptional	1	367	127	21521	0.4617348580746207	0.8881838905616276	AT5G20320	False	1.0		False		post-transcriptional		DCL4
p:double stranded	phrase	double stranded	1	367	127	21521	0.4617348580746207	0.8881838905616276	AT5G13820	False	1.0		False		double stranded		TBP1
w:rhythm	word	rhythm	1	367	127	21521	0.4617348580746207	0.8881838905616276	AT4G28610	False	1.0		False		rhythm		PHR1
w:dinucleotide	word	dinucleotide	1	367	128	21521	0.4581275544959128	0.8901020223819454	AT1G62540	False	1.0		False		dinucleotide		FMOGS-OX2
p:reproductive phase	phrase	reproductive phase	1	367	129	21521	0.4545761781044716	0.8919873380359363	AT5G62430	False	1.0		False		reproductive phase		CDF1
p:dna damage	phrase	dna damage	1	367	129	21521	0.4545761781044716	0.8919873380359363	AT5G54090	False	1.0		False		dna damage		MJP23.7
p:stranded dna	phrase	stranded dna	1	367	130	21521	0.45107943827289876	0.893840397447904	AT5G13820	False	1.0		False		stranded dna		TBP1
p:erf transcription	phrase	erf transcription	1	367	130	21521	0.45107943827289876	0.893840397447904	AT3G60490	False	1.0		False		erf transcription		ERF035
k:Methylation	keyword	Methylation	1	367	130	21521	0.45107943827289876	0.893840397447904	AT1G22990	False	1.0		False		Methylation		HIPP22
w:compartment	word	compartment	1	367	130	21521	0.45107943827289876	0.893840397447904	AT2G33770	False	1.0		False		compartment		PHO2
p:small gtpase	phrase	small gtpase	1	367	131	21521	0.44763608378226594	0.895661751014199	AT5G17060	False	1.0		False		small gtpase		ARFB1B
p:electron transport	phrase	electron transport	1	367	132	21521	0.44424490132937	0.8974519397649139	AT4G31780	False	1.0		False		electron transport		MGD1
w:male	word	male	1	367	133	21521	0.4409047141013296	0.8992114955228397	AT4G14770	False	1.0		False		male		TCX2
w:rnas	word	rnas	1	367	134	21521	0.4376143804140063	0.9009409410597351	AT5G20320	False	1.0		False		rnas		DCL4
w:erf	word	erf	1	367	137	21521	0.42803158376260464	0.9059537115042394	AT3G60490	False	1.0		False		erf		ERF035
w:subunit	word	subunit	1	367	138	21521	0.42492990561939736	0.9075677681764217	AT3G11670	False	1.0		False		subunit		DGD1
w:redundantly	word	redundantly	1	367	140	21521	0.4188594783962631	0.9107134725997988	AT3G09560	False	1.0		False		redundantly		PAH1
w:filament	word	filament	1	367	143	21521	0.41007221661172616	0.9152329613485184	AT4G15200	False	1.0		False		filament		FH3
w:patterning	word	patterning	1	367	144	21521	0.4072244928852558	0.9166881724620508	AT4G14770	False	1.0		False		patterning		TCX2
w:innate	word	innate	1	367	144	21521	0.4072244928852558	0.9166881724620508	AT5G49780	False	1.0		False		innate		AT5G49780
w:potential	word	potential	1	367	144	21521	0.4072244928852558	0.9166881724620508	AT4G01470	False	1.0		False		potential		TIP1;3
w:ribonucleoprotein	word	ribonucleoprotein	1	367	145	21521	0.4044160481067368	0.9181184686077414	AT5G20320	False	1.0		False		ribonucleoprotein		DCL4
w:methyl	word	methyl	1	367	148	21521	0.39621842550997866	0.9222640854238733	AT4G34350	False	1.0		False		methyl		HDR
w:maintaining	word	maintaining	1	367	152	21521	0.3857916248386634	0.92746776102988	AT5G01220	False	1.0		False		maintaining		SQD2
w:intermediate	word	intermediate	1	367	152	21521	0.3857916248386634	0.92746776102988	AT4G04955	False	1.0		False		intermediate		ALN
w:cyclase	word	cyclase	1	367	154	21521	0.38078134399660285	0.9299378212296284	AT1G63750	False	1.0		False		cyclase		AT1G63750
w:scf	word	scf	1	367	155	21521	0.3783246901643667	0.9311412105500163	AT5G62430	False	1.0		False		scf		CDF1
w:hypocotyl	word	hypocotyl	1	367	159	21521	0.36880708789608074	0.93575211881807	AT5G02200	False	1.0		False		hypocotyl		FHL
w:synthetase	word	synthetase	1	367	159	21521	0.36880708789608074	0.93575211881807	AT1G22410	False	1.0		False		synthetase		AT1G22410
w:tyrosine	word	tyrosine	1	367	160	21521	0.3665020435967302	0.9368558999431411	AT4G03960	False	1.0		False		tyrosine		PFA-DSP4
w:chlorophyll	word	chlorophyll	1	367	161	21521	0.3642256333880549	0.937940768850068	AT5G61430	False	1.0		False		chlorophyll		NAC100
k:Ethylene signaling pathway	keyword	Ethylene signaling pathway	1	367	162	21521	0.3619773270091163	0.9390070487111181	AT3G60490	False	1.0		False		Ethylene signaling pathway		ERF035
p:wall biogenesis	phrase	wall biogenesis	1	367	162	21521	0.3619773270091163	0.9390070487111181	AT4G30270	False	1.0		False		wall biogenesis		XTH24
p:chromatin remodeling	phrase	chromatin remodeling	1	367	162	21521	0.3619773270091163	0.9390070487111181	AT3G02980	False	1.0		False		chromatin remodeling		MCC1
p:leaf senescence	phrase	leaf senescence	1	367	164	21521	0.35756296936266363	0.9410851065407566	AT2G31690	False	1.0		False		leaf senescence		DALL5
w:xylem	word	xylem	1	367	166	21521	0.35325498177998094	0.9430925503339975	AT1G68740	False	1.0		False		xylem		PHO1;H1
k:Auxin signaling pathway	keyword	Auxin signaling pathway	1	367	168	21521	0.34904956533021925	0.945031773277832	AT5G57610	False	1.0		False		Auxin signaling pathway		MUA2.19
w:esterase	word	esterase	1	367	169	21521	0.3469841832868452	0.945976527607764	AT3G11210	False	1.0		False		esterase		CPRD49
w:lumen	word	lumen	1	367	172	21521	0.3409321335783537	0.9487147276270811	AT3G47460	False	1.0		False		lumen		ATSMC2
p:promoter element	phrase	promoter element	1	367	173	21521	0.3389614276039124	0.9495963471390423	AT3G60490	False	1.0		False		promoter element		ERF035
p:triphosphate hydrolase	phrase	triphosphate hydrolase	1	367	175	21521	0.3350875827170105	0.9513144999239892	AT3G10420	False	1.0		False		triphosphate hydrolase		SPD1
p:embryo defective	phrase	embryo defective	1	367	176	21521	0.3331836759970275	0.9521515456715717	AT4G31780	False	1.0		False		embryo defective		MGD1
w:phloem	word	phloem	1	367	176	21521	0.3331836759970275	0.9521515456715717	AT1G09240	False	1.0		False		phloem		NAS3
w:directed	word	directed	1	367	178	21521	0.3294400391880721	0.9537828244591372	AT1G69770	False	1.0		False		directed		CMT3
k:Helicase	keyword	Helicase	1	367	180	21521	0.3257795943082047	0.9553586350665056	AT5G20320	False	1.0		False		Helicase		DCL4
p:subsequent proteasomal	phrase	subsequent proteasomal	1	367	184	21521	0.3186974292145481	0.9583513125151294	AT5G67440	False	1.0		False		subsequent proteasomal		NPY3
w:machinery	word	machinery	1	367	186	21521	0.31527057513697226	0.959771752827074	AT4G34590	False	1.0		False		machinery		GBF6
w:activating	word	activating	1	367	187	21521	0.3135846362324965	0.960463750329416	AT2G28305	False	1.0		False		activating		LOG1
w:late	word	late	1	367	189	21521	0.3102662802935282	0.9618123333213559	AT4G23700	False	1.0		False		late		CHX17
p:nucleoside triphosphate	phrase	nucleoside triphosphate	1	367	190	21521	0.30863329987093074	0.9624693215864535	AT3G10420	False	1.0		False		nucleoside triphosphate		SPD1
w:pcmp	word	pcmp	1	367	190	21521	0.30863329987093074	0.9624693215864535	AT2G37320	False	1.0		False		pcmp		PCMP-E50
w:helicase	word	helicase	1	367	192	21521	0.3054183696639418	0.9637496729518132	AT5G20320	False	1.0		False		helicase		DCL4
w:floral	word	floral	1	367	196	21521	0.2991853417116165	0.9661811621389893	AT1G65480	False	1.0		False		floral		FT
w:forming	word	forming	1	367	197	21521	0.29766663439328345	0.9667631791844755	AT3G56700	False	1.0		False		forming		FAR6
w:end	word	end	1	367	201	21521	0.2917429202760042	0.9689930468026425	AT4G19810	False	1.0		False		end		ChiC
p:proteasomal degradation	phrase	proteasomal degradation	1	367	203	21521	0.28886860579052626	0.9700513836671947	AT5G67440	False	1.0		False		proteasomal degradation		NPY3
p:rna modification	phrase	rna modification	1	367	208	21521	0.28192464892056174	0.9725422663446389	AT2G37320	False	1.0		False		rna modification		PCMP-E50
w:stranded	word	stranded	1	367	211	21521	0.2779162415899376	0.9739364745549264	AT5G13820	False	1.0		False		stranded		TBP1
w:proliferation	word	proliferation	1	367	211	21521	0.2779162415899376	0.9739364745549264	AT1G08180	False	1.0		False		proliferation		SMR2
k:WD repeat	keyword	WD repeat	1	367	214	21521	0.274020219511574	0.9752600728121474	AT3G52190	False	1.0		False		WD repeat		PHF1
w:body	word	body	1	367	221	21521	0.2653408460428816	0.9780935747519137	AT2G33770	False	1.0		False		body		PHO2
k:Repressor	keyword	Repressor	1	367	227	21521	0.25832743161003013	0.9802631713358908	AT2G34210	False	1.0		False		Repressor		AT2G34210
k:Thylakoid	keyword	Thylakoid	1	367	237	21521	0.24742753998091493	0.9834133562594464	AT1G55480	False	1.0		False		Thylakoid		ZKT
w:proteasomal	word	proteasomal	1	367	247	21521	0.2374102306699467	0.9860618907970122	AT5G67440	False	1.0		False		proteasomal		NPY3
w:trna	word	trna	1	367	250	21521	0.23456130790190738	0.9867708944758196	AT5G66440	False	1.0		False		trna		AT5G66440
w:trans‑golgi	word	trans-golgi	1	367	251	21521	0.2336268006991109	0.9869991433464591	AT5G44240	False	1.0		False		trans-golgi		ALA2
p:trans‑golgi network	phrase	trans-golgi network	1	367	251	21521	0.2336268006991109	0.9869991433464591	AT5G44240	False	1.0		False		trans-golgi network		ALA2
w:promoting	word	promoting	1	367	261	21521	0.22467558228152043	0.9890763660239095	AT1G65480	False	1.0		False		promoting		FT
w:cytoskeleton	word	cytoskeleton	1	367	270	21521	0.21718639620546976	0.9906611776288144	AT4G15200	False	1.0		False		cytoskeleton		FH3
w:embryogenesis	word	embryogenesis	1	367	278	21521	0.21093642796934114	0.9918762497600416	AT5G49160	False	1.0		False		embryogenesis		MET1
w:defective	word	defective	1	367	289	21521	0.2029077057974977	0.9932937055377573	AT4G31780	False	1.0		False		defective		MGD1
w:core	word	core	1	367	317	21521	0.18498525859771872	0.9958855097195998	AT5G62430	False	1.0		False		core		CDF1
w:microtubule	word	microtubule	1	367	321	21521	0.18268014634104934	0.9961630736698066	AT3G27960	False	1.0		False		microtubule		KLCR2
w:modulate	word	modulate	1	367	331	21521	0.1771611086872412	0.9967779910272364	AT5G17060	False	1.0		False		modulate		ARFB1B
w:large	word	large	1	367	336	21521	0.17452478266510962	0.9970475344095273	AT5G19220	False	1.0		False		large		APL1
w:network	word	network	1	367	341	21521	0.17196576825653032	0.9972945848999806	AT5G44240	False	1.0		False		network		ALA2
w:morphogenesis	word	morphogenesis	1	367	364	21521	0.16109979938317812	0.9981905644357708	AT2G04160	False	1.0		False		morphogenesis		AIR3
w:differentiation	word	differentiation	1	367	382	21521	0.15350870935988703	0.9986796322477389	AT3G10420	False	1.0		False		differentiation		SPD1
w:division	word	division	1	367	394	21521	0.14883331719664172	0.9989299663259376	AT3G47460	False	1.0		False		division		ATSMC2
w:ribosomal	word	ribosomal	1	367	511	21521	0.11475602147842826	0.9998630709168421	AT3G08720	False	1.0		False		ribosomal		S6K2
k:RNA-binding	keyword	RNA-binding	1	367	704	21521	0.08329591899925687	0.9999955066607497	AT5G20320	False	1.0		False		RNA-binding		DCL4
w:pseudo	word	pseudo	1	367	955	21521	0.06140348374395481	0.9999999496738077	AT2G04460	False	1.0		False		pseudo		AT2G04460
